condition,arm,min_std,wandb_id,wandb_name,state,delay_k,git_commit,action_noise,spec_id,dataset,have_artifact
encdec,encdec,0.1,9htwlukh,RodentEncDec_delay0_eff0-20260811-075304,failed,0,ef060b73,0.0,eval3ds-n00-04ceda93,new_eval,False
encdec,encdec,0.1,9htwlukh,RodentEncDec_delay0_eff0-20260811-075304,failed,0,ef060b73,0.0,eval3ds-n00-04ceda93,old_eval,False
encdec,encdec,0.1,9htwlukh,RodentEncDec_delay0_eff0-20260811-075304,failed,0,ef060b73,0.0,eval3ds-n00-04ceda93,train,False
encdec,encdec,0.1,9htwlukh,RodentEncDec_delay0_eff0-20260811-075304,failed,0,ef060b73,0.02,eval3ds-n02-5bcf9203,new_eval,False
encdec,encdec,0.1,9htwlukh,RodentEncDec_delay0_eff0-20260811-075304,failed,0,ef060b73,0.02,eval3ds-n02-5bcf9203,old_eval,False
encdec,encdec,0.1,9htwlukh,RodentEncDec_delay0_eff0-20260811-075304,failed,0,ef060b73,0.02,eval3ds-n02-5bcf9203,train,False
encdec,encdec,0.1,9htwlukh,RodentEncDec_delay0_eff0-20260811-075304,failed,0,ef060b73,0.05,eval3ds-n05-ead26b7d,new_eval,False
encdec,encdec,0.1,9htwlukh,RodentEncDec_delay0_eff0-20260811-075304,failed,0,ef060b73,0.05,eval3ds-n05-ead26b7d,old_eval,False
encdec,encdec,0.1,9htwlukh,RodentEncDec_delay0_eff0-20260811-075304,failed,0,ef060b73,0.05,eval3ds-n05-ead26b7d,train,False
encdec,encdec,0.1,9htwlukh,RodentEncDec_delay0_eff0-20260811-075304,failed,0,ef060b73,0.1,eval3ds-n10-2d7c9136,new_eval,False
encdec,encdec,0.1,9htwlukh,RodentEncDec_delay0_eff0-20260811-075304,failed,0,ef060b73,0.1,eval3ds-n10-2d7c9136,old_eval,False
encdec,encdec,0.1,9htwlukh,RodentEncDec_delay0_eff0-20260811-075304,failed,0,ef060b73,0.1,eval3ds-n10-2d7c9136,train,False
encdec,encdec,0.1,9htwlukh,RodentEncDec_delay0_eff0-20260811-075304,failed,0,ef060b73,0.25,eval3ds-n25-9443d2fe,new_eval,False
encdec,encdec,0.1,9htwlukh,RodentEncDec_delay0_eff0-20260811-075304,failed,0,ef060b73,0.25,eval3ds-n25-9443d2fe,old_eval,False
encdec,encdec,0.1,9htwlukh,RodentEncDec_delay0_eff0-20260811-075304,failed,0,ef060b73,0.25,eval3ds-n25-9443d2fe,train,False
encdec,encdec,0.1,17p127fn,RodentEncDec_delay1_eff1-20260811-075237,failed,1,ef060b73,0.0,eval3ds-n00-04ceda93,new_eval,False
encdec,encdec,0.1,17p127fn,RodentEncDec_delay1_eff1-20260811-075237,failed,1,ef060b73,0.0,eval3ds-n00-04ceda93,old_eval,False
encdec,encdec,0.1,17p127fn,RodentEncDec_delay1_eff1-20260811-075237,failed,1,ef060b73,0.0,eval3ds-n00-04ceda93,train,False
encdec,encdec,0.1,17p127fn,RodentEncDec_delay1_eff1-20260811-075237,failed,1,ef060b73,0.02,eval3ds-n02-5bcf9203,new_eval,False
encdec,encdec,0.1,17p127fn,RodentEncDec_delay1_eff1-20260811-075237,failed,1,ef060b73,0.02,eval3ds-n02-5bcf9203,old_eval,False
encdec,encdec,0.1,17p127fn,RodentEncDec_delay1_eff1-20260811-075237,failed,1,ef060b73,0.02,eval3ds-n02-5bcf9203,train,False
encdec,encdec,0.1,17p127fn,RodentEncDec_delay1_eff1-20260811-075237,failed,1,ef060b73,0.05,eval3ds-n05-ead26b7d,new_eval,False
encdec,encdec,0.1,17p127fn,RodentEncDec_delay1_eff1-20260811-075237,failed,1,ef060b73,0.05,eval3ds-n05-ead26b7d,old_eval,False
encdec,encdec,0.1,17p127fn,RodentEncDec_delay1_eff1-20260811-075237,failed,1,ef060b73,0.05,eval3ds-n05-ead26b7d,train,False
encdec,encdec,0.1,17p127fn,RodentEncDec_delay1_eff1-20260811-075237,failed,1,ef060b73,0.1,eval3ds-n10-2d7c9136,new_eval,False
encdec,encdec,0.1,17p127fn,RodentEncDec_delay1_eff1-20260811-075237,failed,1,ef060b73,0.1,eval3ds-n10-2d7c9136,old_eval,False
encdec,encdec,0.1,17p127fn,RodentEncDec_delay1_eff1-20260811-075237,failed,1,ef060b73,0.1,eval3ds-n10-2d7c9136,train,False
encdec,encdec,0.1,17p127fn,RodentEncDec_delay1_eff1-20260811-075237,failed,1,ef060b73,0.25,eval3ds-n25-9443d2fe,new_eval,False
encdec,encdec,0.1,17p127fn,RodentEncDec_delay1_eff1-20260811-075237,failed,1,ef060b73,0.25,eval3ds-n25-9443d2fe,old_eval,False
encdec,encdec,0.1,17p127fn,RodentEncDec_delay1_eff1-20260811-075237,failed,1,ef060b73,0.25,eval3ds-n25-9443d2fe,train,False
encdec,encdec,0.1,zq5dvwvf,RodentEncDec_delay2_eff2-20260811-080832,failed,2,ef060b73,0.0,eval3ds-n00-04ceda93,new_eval,False
encdec,encdec,0.1,zq5dvwvf,RodentEncDec_delay2_eff2-20260811-080832,failed,2,ef060b73,0.0,eval3ds-n00-04ceda93,old_eval,False
encdec,encdec,0.1,zq5dvwvf,RodentEncDec_delay2_eff2-20260811-080832,failed,2,ef060b73,0.0,eval3ds-n00-04ceda93,train,False
encdec,encdec,0.1,zq5dvwvf,RodentEncDec_delay2_eff2-20260811-080832,failed,2,ef060b73,0.02,eval3ds-n02-5bcf9203,new_eval,False
encdec,encdec,0.1,zq5dvwvf,RodentEncDec_delay2_eff2-20260811-080832,failed,2,ef060b73,0.02,eval3ds-n02-5bcf9203,old_eval,False
encdec,encdec,0.1,zq5dvwvf,RodentEncDec_delay2_eff2-20260811-080832,failed,2,ef060b73,0.02,eval3ds-n02-5bcf9203,train,False
encdec,encdec,0.1,zq5dvwvf,RodentEncDec_delay2_eff2-20260811-080832,failed,2,ef060b73,0.05,eval3ds-n05-ead26b7d,new_eval,False
encdec,encdec,0.1,zq5dvwvf,RodentEncDec_delay2_eff2-20260811-080832,failed,2,ef060b73,0.05,eval3ds-n05-ead26b7d,old_eval,False
encdec,encdec,0.1,zq5dvwvf,RodentEncDec_delay2_eff2-20260811-080832,failed,2,ef060b73,0.05,eval3ds-n05-ead26b7d,train,False
encdec,encdec,0.1,zq5dvwvf,RodentEncDec_delay2_eff2-20260811-080832,failed,2,ef060b73,0.1,eval3ds-n10-2d7c9136,new_eval,False
encdec,encdec,0.1,zq5dvwvf,RodentEncDec_delay2_eff2-20260811-080832,failed,2,ef060b73,0.1,eval3ds-n10-2d7c9136,old_eval,False
encdec,encdec,0.1,zq5dvwvf,RodentEncDec_delay2_eff2-20260811-080832,failed,2,ef060b73,0.1,eval3ds-n10-2d7c9136,train,False
encdec,encdec,0.1,zq5dvwvf,RodentEncDec_delay2_eff2-20260811-080832,failed,2,ef060b73,0.25,eval3ds-n25-9443d2fe,new_eval,False
encdec,encdec,0.1,zq5dvwvf,RodentEncDec_delay2_eff2-20260811-080832,failed,2,ef060b73,0.25,eval3ds-n25-9443d2fe,old_eval,False
encdec,encdec,0.1,zq5dvwvf,RodentEncDec_delay2_eff2-20260811-080832,failed,2,ef060b73,0.25,eval3ds-n25-9443d2fe,train,False
encdec,encdec,0.1,qpsikl6i,RodentEncDec_delay3_eff3-20260811-081204,failed,3,ef060b73,0.0,eval3ds-n00-04ceda93,new_eval,False
encdec,encdec,0.1,qpsikl6i,RodentEncDec_delay3_eff3-20260811-081204,failed,3,ef060b73,0.0,eval3ds-n00-04ceda93,old_eval,False
encdec,encdec,0.1,qpsikl6i,RodentEncDec_delay3_eff3-20260811-081204,failed,3,ef060b73,0.0,eval3ds-n00-04ceda93,train,False
encdec,encdec,0.1,qpsikl6i,RodentEncDec_delay3_eff3-20260811-081204,failed,3,ef060b73,0.02,eval3ds-n02-5bcf9203,new_eval,False
encdec,encdec,0.1,qpsikl6i,RodentEncDec_delay3_eff3-20260811-081204,failed,3,ef060b73,0.02,eval3ds-n02-5bcf9203,old_eval,False
encdec,encdec,0.1,qpsikl6i,RodentEncDec_delay3_eff3-20260811-081204,failed,3,ef060b73,0.02,eval3ds-n02-5bcf9203,train,False
encdec,encdec,0.1,qpsikl6i,RodentEncDec_delay3_eff3-20260811-081204,failed,3,ef060b73,0.05,eval3ds-n05-ead26b7d,new_eval,False
encdec,encdec,0.1,qpsikl6i,RodentEncDec_delay3_eff3-20260811-081204,failed,3,ef060b73,0.05,eval3ds-n05-ead26b7d,old_eval,False
encdec,encdec,0.1,qpsikl6i,RodentEncDec_delay3_eff3-20260811-081204,failed,3,ef060b73,0.05,eval3ds-n05-ead26b7d,train,False
encdec,encdec,0.1,qpsikl6i,RodentEncDec_delay3_eff3-20260811-081204,failed,3,ef060b73,0.1,eval3ds-n10-2d7c9136,new_eval,False
encdec,encdec,0.1,qpsikl6i,RodentEncDec_delay3_eff3-20260811-081204,failed,3,ef060b73,0.1,eval3ds-n10-2d7c9136,old_eval,False
encdec,encdec,0.1,qpsikl6i,RodentEncDec_delay3_eff3-20260811-081204,failed,3,ef060b73,0.1,eval3ds-n10-2d7c9136,train,False
encdec,encdec,0.1,qpsikl6i,RodentEncDec_delay3_eff3-20260811-081204,failed,3,ef060b73,0.25,eval3ds-n25-9443d2fe,new_eval,False
encdec,encdec,0.1,qpsikl6i,RodentEncDec_delay3_eff3-20260811-081204,failed,3,ef060b73,0.25,eval3ds-n25-9443d2fe,old_eval,False
encdec,encdec,0.1,qpsikl6i,RodentEncDec_delay3_eff3-20260811-081204,failed,3,ef060b73,0.25,eval3ds-n25-9443d2fe,train,False
encdec,encdec,0.1,ax6foqgd,RodentEncDec_delay4_eff4-20260811-081204,failed,4,ef060b73,0.0,eval3ds-n00-04ceda93,new_eval,False
encdec,encdec,0.1,ax6foqgd,RodentEncDec_delay4_eff4-20260811-081204,failed,4,ef060b73,0.0,eval3ds-n00-04ceda93,old_eval,False
encdec,encdec,0.1,ax6foqgd,RodentEncDec_delay4_eff4-20260811-081204,failed,4,ef060b73,0.0,eval3ds-n00-04ceda93,train,False
encdec,encdec,0.1,ax6foqgd,RodentEncDec_delay4_eff4-20260811-081204,failed,4,ef060b73,0.02,eval3ds-n02-5bcf9203,new_eval,False
encdec,encdec,0.1,ax6foqgd,RodentEncDec_delay4_eff4-20260811-081204,failed,4,ef060b73,0.02,eval3ds-n02-5bcf9203,old_eval,False
encdec,encdec,0.1,ax6foqgd,RodentEncDec_delay4_eff4-20260811-081204,failed,4,ef060b73,0.02,eval3ds-n02-5bcf9203,train,False
encdec,encdec,0.1,ax6foqgd,RodentEncDec_delay4_eff4-20260811-081204,failed,4,ef060b73,0.05,eval3ds-n05-ead26b7d,new_eval,False
encdec,encdec,0.1,ax6foqgd,RodentEncDec_delay4_eff4-20260811-081204,failed,4,ef060b73,0.05,eval3ds-n05-ead26b7d,old_eval,False
encdec,encdec,0.1,ax6foqgd,RodentEncDec_delay4_eff4-20260811-081204,failed,4,ef060b73,0.05,eval3ds-n05-ead26b7d,train,False
encdec,encdec,0.1,ax6foqgd,RodentEncDec_delay4_eff4-20260811-081204,failed,4,ef060b73,0.1,eval3ds-n10-2d7c9136,new_eval,False
encdec,encdec,0.1,ax6foqgd,RodentEncDec_delay4_eff4-20260811-081204,failed,4,ef060b73,0.1,eval3ds-n10-2d7c9136,old_eval,False
encdec,encdec,0.1,ax6foqgd,RodentEncDec_delay4_eff4-20260811-081204,failed,4,ef060b73,0.1,eval3ds-n10-2d7c9136,train,False
encdec,encdec,0.1,ax6foqgd,RodentEncDec_delay4_eff4-20260811-081204,failed,4,ef060b73,0.25,eval3ds-n25-9443d2fe,new_eval,False
encdec,encdec,0.1,ax6foqgd,RodentEncDec_delay4_eff4-20260811-081204,failed,4,ef060b73,0.25,eval3ds-n25-9443d2fe,old_eval,False
encdec,encdec,0.1,ax6foqgd,RodentEncDec_delay4_eff4-20260811-081204,failed,4,ef060b73,0.25,eval3ds-n25-9443d2fe,train,False
encdec,encdec,0.1,7ur99xil,RodentEncDec_delay5_eff5-20260811-081204,failed,5,ef060b73,0.0,eval3ds-n00-04ceda93,new_eval,False
encdec,encdec,0.1,7ur99xil,RodentEncDec_delay5_eff5-20260811-081204,failed,5,ef060b73,0.0,eval3ds-n00-04ceda93,old_eval,False
encdec,encdec,0.1,7ur99xil,RodentEncDec_delay5_eff5-20260811-081204,failed,5,ef060b73,0.0,eval3ds-n00-04ceda93,train,False
encdec,encdec,0.1,7ur99xil,RodentEncDec_delay5_eff5-20260811-081204,failed,5,ef060b73,0.02,eval3ds-n02-5bcf9203,new_eval,False
encdec,encdec,0.1,7ur99xil,RodentEncDec_delay5_eff5-20260811-081204,failed,5,ef060b73,0.02,eval3ds-n02-5bcf9203,old_eval,False
encdec,encdec,0.1,7ur99xil,RodentEncDec_delay5_eff5-20260811-081204,failed,5,ef060b73,0.02,eval3ds-n02-5bcf9203,train,False
encdec,encdec,0.1,7ur99xil,RodentEncDec_delay5_eff5-20260811-081204,failed,5,ef060b73,0.05,eval3ds-n05-ead26b7d,new_eval,False
encdec,encdec,0.1,7ur99xil,RodentEncDec_delay5_eff5-20260811-081204,failed,5,ef060b73,0.05,eval3ds-n05-ead26b7d,old_eval,False
encdec,encdec,0.1,7ur99xil,RodentEncDec_delay5_eff5-20260811-081204,failed,5,ef060b73,0.05,eval3ds-n05-ead26b7d,train,False
encdec,encdec,0.1,7ur99xil,RodentEncDec_delay5_eff5-20260811-081204,failed,5,ef060b73,0.1,eval3ds-n10-2d7c9136,new_eval,False
encdec,encdec,0.1,7ur99xil,RodentEncDec_delay5_eff5-20260811-081204,failed,5,ef060b73,0.1,eval3ds-n10-2d7c9136,old_eval,False
encdec,encdec,0.1,7ur99xil,RodentEncDec_delay5_eff5-20260811-081204,failed,5,ef060b73,0.1,eval3ds-n10-2d7c9136,train,False
encdec,encdec,0.1,7ur99xil,RodentEncDec_delay5_eff5-20260811-081204,failed,5,ef060b73,0.25,eval3ds-n25-9443d2fe,new_eval,False
encdec,encdec,0.1,7ur99xil,RodentEncDec_delay5_eff5-20260811-081204,failed,5,ef060b73,0.25,eval3ds-n25-9443d2fe,old_eval,False
encdec,encdec,0.1,7ur99xil,RodentEncDec_delay5_eff5-20260811-081204,failed,5,ef060b73,0.25,eval3ds-n25-9443d2fe,train,False
encdec,encdec,0.1,c1v5gmie,RodentEncDec_delay6_eff6-20260811-081205,failed,6,ef060b73,0.0,eval3ds-n00-04ceda93,new_eval,False
encdec,encdec,0.1,c1v5gmie,RodentEncDec_delay6_eff6-20260811-081205,failed,6,ef060b73,0.0,eval3ds-n00-04ceda93,old_eval,False
encdec,encdec,0.1,c1v5gmie,RodentEncDec_delay6_eff6-20260811-081205,failed,6,ef060b73,0.0,eval3ds-n00-04ceda93,train,False
encdec,encdec,0.1,c1v5gmie,RodentEncDec_delay6_eff6-20260811-081205,failed,6,ef060b73,0.02,eval3ds-n02-5bcf9203,new_eval,False
encdec,encdec,0.1,c1v5gmie,RodentEncDec_delay6_eff6-20260811-081205,failed,6,ef060b73,0.02,eval3ds-n02-5bcf9203,old_eval,False
encdec,encdec,0.1,c1v5gmie,RodentEncDec_delay6_eff6-20260811-081205,failed,6,ef060b73,0.02,eval3ds-n02-5bcf9203,train,False
encdec,encdec,0.1,c1v5gmie,RodentEncDec_delay6_eff6-20260811-081205,failed,6,ef060b73,0.05,eval3ds-n05-ead26b7d,new_eval,False
encdec,encdec,0.1,c1v5gmie,RodentEncDec_delay6_eff6-20260811-081205,failed,6,ef060b73,0.05,eval3ds-n05-ead26b7d,old_eval,False
encdec,encdec,0.1,c1v5gmie,RodentEncDec_delay6_eff6-20260811-081205,failed,6,ef060b73,0.05,eval3ds-n05-ead26b7d,train,False
encdec,encdec,0.1,c1v5gmie,RodentEncDec_delay6_eff6-20260811-081205,failed,6,ef060b73,0.1,eval3ds-n10-2d7c9136,new_eval,False
encdec,encdec,0.1,c1v5gmie,RodentEncDec_delay6_eff6-20260811-081205,failed,6,ef060b73,0.1,eval3ds-n10-2d7c9136,old_eval,False
encdec,encdec,0.1,c1v5gmie,RodentEncDec_delay6_eff6-20260811-081205,failed,6,ef060b73,0.1,eval3ds-n10-2d7c9136,train,False
encdec,encdec,0.1,c1v5gmie,RodentEncDec_delay6_eff6-20260811-081205,failed,6,ef060b73,0.25,eval3ds-n25-9443d2fe,new_eval,False
encdec,encdec,0.1,c1v5gmie,RodentEncDec_delay6_eff6-20260811-081205,failed,6,ef060b73,0.25,eval3ds-n25-9443d2fe,old_eval,False
encdec,encdec,0.1,c1v5gmie,RodentEncDec_delay6_eff6-20260811-081205,failed,6,ef060b73,0.25,eval3ds-n25-9443d2fe,train,False
encdec,encdec,0.1,904oncgf,RodentEncDec_delay7_eff7-20260811-081755,failed,7,ef060b73,0.0,eval3ds-n00-04ceda93,new_eval,False
encdec,encdec,0.1,904oncgf,RodentEncDec_delay7_eff7-20260811-081755,failed,7,ef060b73,0.0,eval3ds-n00-04ceda93,old_eval,False
encdec,encdec,0.1,904oncgf,RodentEncDec_delay7_eff7-20260811-081755,failed,7,ef060b73,0.0,eval3ds-n00-04ceda93,train,False
encdec,encdec,0.1,904oncgf,RodentEncDec_delay7_eff7-20260811-081755,failed,7,ef060b73,0.02,eval3ds-n02-5bcf9203,new_eval,False
encdec,encdec,0.1,904oncgf,RodentEncDec_delay7_eff7-20260811-081755,failed,7,ef060b73,0.02,eval3ds-n02-5bcf9203,old_eval,False
encdec,encdec,0.1,904oncgf,RodentEncDec_delay7_eff7-20260811-081755,failed,7,ef060b73,0.02,eval3ds-n02-5bcf9203,train,False
encdec,encdec,0.1,904oncgf,RodentEncDec_delay7_eff7-20260811-081755,failed,7,ef060b73,0.05,eval3ds-n05-ead26b7d,new_eval,False
encdec,encdec,0.1,904oncgf,RodentEncDec_delay7_eff7-20260811-081755,failed,7,ef060b73,0.05,eval3ds-n05-ead26b7d,old_eval,False
encdec,encdec,0.1,904oncgf,RodentEncDec_delay7_eff7-20260811-081755,failed,7,ef060b73,0.05,eval3ds-n05-ead26b7d,train,False
encdec,encdec,0.1,904oncgf,RodentEncDec_delay7_eff7-20260811-081755,failed,7,ef060b73,0.1,eval3ds-n10-2d7c9136,new_eval,False
encdec,encdec,0.1,904oncgf,RodentEncDec_delay7_eff7-20260811-081755,failed,7,ef060b73,0.1,eval3ds-n10-2d7c9136,old_eval,False
encdec,encdec,0.1,904oncgf,RodentEncDec_delay7_eff7-20260811-081755,failed,7,ef060b73,0.1,eval3ds-n10-2d7c9136,train,False
encdec,encdec,0.1,904oncgf,RodentEncDec_delay7_eff7-20260811-081755,failed,7,ef060b73,0.25,eval3ds-n25-9443d2fe,new_eval,False
encdec,encdec,0.1,904oncgf,RodentEncDec_delay7_eff7-20260811-081755,failed,7,ef060b73,0.25,eval3ds-n25-9443d2fe,old_eval,False
encdec,encdec,0.1,904oncgf,RodentEncDec_delay7_eff7-20260811-081755,failed,7,ef060b73,0.25,eval3ds-n25-9443d2fe,train,False
encdec,encdec,0.1,dqjh25pb,RodentEncDec_delay8_eff8-20260811-081952,failed,8,ef060b73,0.0,eval3ds-n00-04ceda93,new_eval,False
encdec,encdec,0.1,dqjh25pb,RodentEncDec_delay8_eff8-20260811-081952,failed,8,ef060b73,0.0,eval3ds-n00-04ceda93,old_eval,False
encdec,encdec,0.1,dqjh25pb,RodentEncDec_delay8_eff8-20260811-081952,failed,8,ef060b73,0.0,eval3ds-n00-04ceda93,train,False
encdec,encdec,0.1,dqjh25pb,RodentEncDec_delay8_eff8-20260811-081952,failed,8,ef060b73,0.02,eval3ds-n02-5bcf9203,new_eval,False
encdec,encdec,0.1,dqjh25pb,RodentEncDec_delay8_eff8-20260811-081952,failed,8,ef060b73,0.02,eval3ds-n02-5bcf9203,old_eval,False
encdec,encdec,0.1,dqjh25pb,RodentEncDec_delay8_eff8-20260811-081952,failed,8,ef060b73,0.02,eval3ds-n02-5bcf9203,train,False
encdec,encdec,0.1,dqjh25pb,RodentEncDec_delay8_eff8-20260811-081952,failed,8,ef060b73,0.05,eval3ds-n05-ead26b7d,new_eval,False
encdec,encdec,0.1,dqjh25pb,RodentEncDec_delay8_eff8-20260811-081952,failed,8,ef060b73,0.05,eval3ds-n05-ead26b7d,old_eval,False
encdec,encdec,0.1,dqjh25pb,RodentEncDec_delay8_eff8-20260811-081952,failed,8,ef060b73,0.05,eval3ds-n05-ead26b7d,train,False
encdec,encdec,0.1,dqjh25pb,RodentEncDec_delay8_eff8-20260811-081952,failed,8,ef060b73,0.1,eval3ds-n10-2d7c9136,new_eval,False
encdec,encdec,0.1,dqjh25pb,RodentEncDec_delay8_eff8-20260811-081952,failed,8,ef060b73,0.1,eval3ds-n10-2d7c9136,old_eval,False
encdec,encdec,0.1,dqjh25pb,RodentEncDec_delay8_eff8-20260811-081952,failed,8,ef060b73,0.1,eval3ds-n10-2d7c9136,train,False
encdec,encdec,0.1,dqjh25pb,RodentEncDec_delay8_eff8-20260811-081952,failed,8,ef060b73,0.25,eval3ds-n25-9443d2fe,new_eval,False
encdec,encdec,0.1,dqjh25pb,RodentEncDec_delay8_eff8-20260811-081952,failed,8,ef060b73,0.25,eval3ds-n25-9443d2fe,old_eval,False
encdec,encdec,0.1,dqjh25pb,RodentEncDec_delay8_eff8-20260811-081952,failed,8,ef060b73,0.25,eval3ds-n25-9443d2fe,train,False
encdec,encdec,0.1,xgrebrix,RodentEncDec_delay9_eff9-20260811-081952,failed,9,ef060b73,0.0,eval3ds-n00-04ceda93,new_eval,False
encdec,encdec,0.1,xgrebrix,RodentEncDec_delay9_eff9-20260811-081952,failed,9,ef060b73,0.0,eval3ds-n00-04ceda93,old_eval,False
encdec,encdec,0.1,xgrebrix,RodentEncDec_delay9_eff9-20260811-081952,failed,9,ef060b73,0.0,eval3ds-n00-04ceda93,train,False
encdec,encdec,0.1,xgrebrix,RodentEncDec_delay9_eff9-20260811-081952,failed,9,ef060b73,0.02,eval3ds-n02-5bcf9203,new_eval,False
encdec,encdec,0.1,xgrebrix,RodentEncDec_delay9_eff9-20260811-081952,failed,9,ef060b73,0.02,eval3ds-n02-5bcf9203,old_eval,False
encdec,encdec,0.1,xgrebrix,RodentEncDec_delay9_eff9-20260811-081952,failed,9,ef060b73,0.02,eval3ds-n02-5bcf9203,train,False
encdec,encdec,0.1,xgrebrix,RodentEncDec_delay9_eff9-20260811-081952,failed,9,ef060b73,0.05,eval3ds-n05-ead26b7d,new_eval,False
encdec,encdec,0.1,xgrebrix,RodentEncDec_delay9_eff9-20260811-081952,failed,9,ef060b73,0.05,eval3ds-n05-ead26b7d,old_eval,False
encdec,encdec,0.1,xgrebrix,RodentEncDec_delay9_eff9-20260811-081952,failed,9,ef060b73,0.05,eval3ds-n05-ead26b7d,train,False
encdec,encdec,0.1,xgrebrix,RodentEncDec_delay9_eff9-20260811-081952,failed,9,ef060b73,0.1,eval3ds-n10-2d7c9136,new_eval,False
encdec,encdec,0.1,xgrebrix,RodentEncDec_delay9_eff9-20260811-081952,failed,9,ef060b73,0.1,eval3ds-n10-2d7c9136,old_eval,False
encdec,encdec,0.1,xgrebrix,RodentEncDec_delay9_eff9-20260811-081952,failed,9,ef060b73,0.1,eval3ds-n10-2d7c9136,train,False
encdec,encdec,0.1,xgrebrix,RodentEncDec_delay9_eff9-20260811-081952,failed,9,ef060b73,0.25,eval3ds-n25-9443d2fe,new_eval,False
encdec,encdec,0.1,xgrebrix,RodentEncDec_delay9_eff9-20260811-081952,failed,9,ef060b73,0.25,eval3ds-n25-9443d2fe,old_eval,False
encdec,encdec,0.1,xgrebrix,RodentEncDec_delay9_eff9-20260811-081952,failed,9,ef060b73,0.25,eval3ds-n25-9443d2fe,train,False
encdec,encdec,0.1,vo7jiiwr,RodentEncDec_delay10_eff10-20260811-083832,failed,10,ef060b73,0.0,eval3ds-n00-04ceda93,new_eval,False
encdec,encdec,0.1,vo7jiiwr,RodentEncDec_delay10_eff10-20260811-083832,failed,10,ef060b73,0.0,eval3ds-n00-04ceda93,old_eval,False
encdec,encdec,0.1,vo7jiiwr,RodentEncDec_delay10_eff10-20260811-083832,failed,10,ef060b73,0.0,eval3ds-n00-04ceda93,train,False
encdec,encdec,0.1,vo7jiiwr,RodentEncDec_delay10_eff10-20260811-083832,failed,10,ef060b73,0.02,eval3ds-n02-5bcf9203,new_eval,False
encdec,encdec,0.1,vo7jiiwr,RodentEncDec_delay10_eff10-20260811-083832,failed,10,ef060b73,0.02,eval3ds-n02-5bcf9203,old_eval,False
encdec,encdec,0.1,vo7jiiwr,RodentEncDec_delay10_eff10-20260811-083832,failed,10,ef060b73,0.02,eval3ds-n02-5bcf9203,train,False
encdec,encdec,0.1,vo7jiiwr,RodentEncDec_delay10_eff10-20260811-083832,failed,10,ef060b73,0.05,eval3ds-n05-ead26b7d,new_eval,False
encdec,encdec,0.1,vo7jiiwr,RodentEncDec_delay10_eff10-20260811-083832,failed,10,ef060b73,0.05,eval3ds-n05-ead26b7d,old_eval,False
encdec,encdec,0.1,vo7jiiwr,RodentEncDec_delay10_eff10-20260811-083832,failed,10,ef060b73,0.05,eval3ds-n05-ead26b7d,train,False
encdec,encdec,0.1,vo7jiiwr,RodentEncDec_delay10_eff10-20260811-083832,failed,10,ef060b73,0.1,eval3ds-n10-2d7c9136,new_eval,False
encdec,encdec,0.1,vo7jiiwr,RodentEncDec_delay10_eff10-20260811-083832,failed,10,ef060b73,0.1,eval3ds-n10-2d7c9136,old_eval,False
encdec,encdec,0.1,vo7jiiwr,RodentEncDec_delay10_eff10-20260811-083832,failed,10,ef060b73,0.1,eval3ds-n10-2d7c9136,train,False
encdec,encdec,0.1,vo7jiiwr,RodentEncDec_delay10_eff10-20260811-083832,failed,10,ef060b73,0.25,eval3ds-n25-9443d2fe,new_eval,False
encdec,encdec,0.1,vo7jiiwr,RodentEncDec_delay10_eff10-20260811-083832,failed,10,ef060b73,0.25,eval3ds-n25-9443d2fe,old_eval,False
encdec,encdec,0.1,vo7jiiwr,RodentEncDec_delay10_eff10-20260811-083832,failed,10,ef060b73,0.25,eval3ds-n25-9443d2fe,train,False
encdec,encdec,0.1,op8eyyba,RodentEncDec_delay12_eff12-20260811-083832,failed,12,ef060b73,0.0,eval3ds-n00-04ceda93,new_eval,False
encdec,encdec,0.1,op8eyyba,RodentEncDec_delay12_eff12-20260811-083832,failed,12,ef060b73,0.0,eval3ds-n00-04ceda93,old_eval,False
encdec,encdec,0.1,op8eyyba,RodentEncDec_delay12_eff12-20260811-083832,failed,12,ef060b73,0.0,eval3ds-n00-04ceda93,train,False
encdec,encdec,0.1,op8eyyba,RodentEncDec_delay12_eff12-20260811-083832,failed,12,ef060b73,0.02,eval3ds-n02-5bcf9203,new_eval,False
encdec,encdec,0.1,op8eyyba,RodentEncDec_delay12_eff12-20260811-083832,failed,12,ef060b73,0.02,eval3ds-n02-5bcf9203,old_eval,False
encdec,encdec,0.1,op8eyyba,RodentEncDec_delay12_eff12-20260811-083832,failed,12,ef060b73,0.02,eval3ds-n02-5bcf9203,train,False
encdec,encdec,0.1,op8eyyba,RodentEncDec_delay12_eff12-20260811-083832,failed,12,ef060b73,0.05,eval3ds-n05-ead26b7d,new_eval,False
encdec,encdec,0.1,op8eyyba,RodentEncDec_delay12_eff12-20260811-083832,failed,12,ef060b73,0.05,eval3ds-n05-ead26b7d,old_eval,False
encdec,encdec,0.1,op8eyyba,RodentEncDec_delay12_eff12-20260811-083832,failed,12,ef060b73,0.05,eval3ds-n05-ead26b7d,train,False
encdec,encdec,0.1,op8eyyba,RodentEncDec_delay12_eff12-20260811-083832,failed,12,ef060b73,0.1,eval3ds-n10-2d7c9136,new_eval,False
encdec,encdec,0.1,op8eyyba,RodentEncDec_delay12_eff12-20260811-083832,failed,12,ef060b73,0.1,eval3ds-n10-2d7c9136,old_eval,False
encdec,encdec,0.1,op8eyyba,RodentEncDec_delay12_eff12-20260811-083832,failed,12,ef060b73,0.1,eval3ds-n10-2d7c9136,train,False
encdec,encdec,0.1,op8eyyba,RodentEncDec_delay12_eff12-20260811-083832,failed,12,ef060b73,0.25,eval3ds-n25-9443d2fe,new_eval,False
encdec,encdec,0.1,op8eyyba,RodentEncDec_delay12_eff12-20260811-083832,failed,12,ef060b73,0.25,eval3ds-n25-9443d2fe,old_eval,False
encdec,encdec,0.1,op8eyyba,RodentEncDec_delay12_eff12-20260811-083832,failed,12,ef060b73,0.25,eval3ds-n25-9443d2fe,train,False
encdec,encdec,0.1,mpmlfb9i,RodentEncDec_delay15_eff15-20260811-083832,failed,15,ef060b73,0.0,eval3ds-n00-04ceda93,new_eval,False
encdec,encdec,0.1,mpmlfb9i,RodentEncDec_delay15_eff15-20260811-083832,failed,15,ef060b73,0.0,eval3ds-n00-04ceda93,old_eval,False
encdec,encdec,0.1,mpmlfb9i,RodentEncDec_delay15_eff15-20260811-083832,failed,15,ef060b73,0.0,eval3ds-n00-04ceda93,train,False
encdec,encdec,0.1,mpmlfb9i,RodentEncDec_delay15_eff15-20260811-083832,failed,15,ef060b73,0.02,eval3ds-n02-5bcf9203,new_eval,False
encdec,encdec,0.1,mpmlfb9i,RodentEncDec_delay15_eff15-20260811-083832,failed,15,ef060b73,0.02,eval3ds-n02-5bcf9203,old_eval,False
encdec,encdec,0.1,mpmlfb9i,RodentEncDec_delay15_eff15-20260811-083832,failed,15,ef060b73,0.02,eval3ds-n02-5bcf9203,train,False
encdec,encdec,0.1,mpmlfb9i,RodentEncDec_delay15_eff15-20260811-083832,failed,15,ef060b73,0.05,eval3ds-n05-ead26b7d,new_eval,False
encdec,encdec,0.1,mpmlfb9i,RodentEncDec_delay15_eff15-20260811-083832,failed,15,ef060b73,0.05,eval3ds-n05-ead26b7d,old_eval,False
encdec,encdec,0.1,mpmlfb9i,RodentEncDec_delay15_eff15-20260811-083832,failed,15,ef060b73,0.05,eval3ds-n05-ead26b7d,train,False
encdec,encdec,0.1,mpmlfb9i,RodentEncDec_delay15_eff15-20260811-083832,failed,15,ef060b73,0.1,eval3ds-n10-2d7c9136,new_eval,False
encdec,encdec,0.1,mpmlfb9i,RodentEncDec_delay15_eff15-20260811-083832,failed,15,ef060b73,0.1,eval3ds-n10-2d7c9136,old_eval,False
encdec,encdec,0.1,mpmlfb9i,RodentEncDec_delay15_eff15-20260811-083832,failed,15,ef060b73,0.1,eval3ds-n10-2d7c9136,train,False
encdec,encdec,0.1,mpmlfb9i,RodentEncDec_delay15_eff15-20260811-083832,failed,15,ef060b73,0.25,eval3ds-n25-9443d2fe,new_eval,False
encdec,encdec,0.1,mpmlfb9i,RodentEncDec_delay15_eff15-20260811-083832,failed,15,ef060b73,0.25,eval3ds-n25-9443d2fe,old_eval,False
encdec,encdec,0.1,mpmlfb9i,RodentEncDec_delay15_eff15-20260811-083832,failed,15,ef060b73,0.25,eval3ds-n25-9443d2fe,train,False
encdec,encdec,0.1,7qbsx2pa,RodentEncDec_delay20_eff20-20260811-083832,failed,20,ef060b73,0.0,eval3ds-n00-04ceda93,new_eval,False
encdec,encdec,0.1,7qbsx2pa,RodentEncDec_delay20_eff20-20260811-083832,failed,20,ef060b73,0.0,eval3ds-n00-04ceda93,old_eval,False
encdec,encdec,0.1,7qbsx2pa,RodentEncDec_delay20_eff20-20260811-083832,failed,20,ef060b73,0.0,eval3ds-n00-04ceda93,train,False
encdec,encdec,0.1,7qbsx2pa,RodentEncDec_delay20_eff20-20260811-083832,failed,20,ef060b73,0.02,eval3ds-n02-5bcf9203,new_eval,False
encdec,encdec,0.1,7qbsx2pa,RodentEncDec_delay20_eff20-20260811-083832,failed,20,ef060b73,0.02,eval3ds-n02-5bcf9203,old_eval,False
encdec,encdec,0.1,7qbsx2pa,RodentEncDec_delay20_eff20-20260811-083832,failed,20,ef060b73,0.02,eval3ds-n02-5bcf9203,train,False
encdec,encdec,0.1,7qbsx2pa,RodentEncDec_delay20_eff20-20260811-083832,failed,20,ef060b73,0.05,eval3ds-n05-ead26b7d,new_eval,False
encdec,encdec,0.1,7qbsx2pa,RodentEncDec_delay20_eff20-20260811-083832,failed,20,ef060b73,0.05,eval3ds-n05-ead26b7d,old_eval,False
encdec,encdec,0.1,7qbsx2pa,RodentEncDec_delay20_eff20-20260811-083832,failed,20,ef060b73,0.05,eval3ds-n05-ead26b7d,train,False
encdec,encdec,0.1,7qbsx2pa,RodentEncDec_delay20_eff20-20260811-083832,failed,20,ef060b73,0.1,eval3ds-n10-2d7c9136,new_eval,False
encdec,encdec,0.1,7qbsx2pa,RodentEncDec_delay20_eff20-20260811-083832,failed,20,ef060b73,0.1,eval3ds-n10-2d7c9136,old_eval,False
encdec,encdec,0.1,7qbsx2pa,RodentEncDec_delay20_eff20-20260811-083832,failed,20,ef060b73,0.1,eval3ds-n10-2d7c9136,train,False
encdec,encdec,0.1,7qbsx2pa,RodentEncDec_delay20_eff20-20260811-083832,failed,20,ef060b73,0.25,eval3ds-n25-9443d2fe,new_eval,False
encdec,encdec,0.1,7qbsx2pa,RodentEncDec_delay20_eff20-20260811-083832,failed,20,ef060b73,0.25,eval3ds-n25-9443d2fe,old_eval,False
encdec,encdec,0.1,7qbsx2pa,RodentEncDec_delay20_eff20-20260811-083832,failed,20,ef060b73,0.25,eval3ds-n25-9443d2fe,train,False
encdec,encdec,0.1,8j703ofi,RodentEncDec_delay25_eff25-20260811-083832,failed,25,ef060b73,0.0,eval3ds-n00-04ceda93,new_eval,False
encdec,encdec,0.1,8j703ofi,RodentEncDec_delay25_eff25-20260811-083832,failed,25,ef060b73,0.0,eval3ds-n00-04ceda93,old_eval,False
encdec,encdec,0.1,8j703ofi,RodentEncDec_delay25_eff25-20260811-083832,failed,25,ef060b73,0.0,eval3ds-n00-04ceda93,train,False
encdec,encdec,0.1,8j703ofi,RodentEncDec_delay25_eff25-20260811-083832,failed,25,ef060b73,0.02,eval3ds-n02-5bcf9203,new_eval,False
encdec,encdec,0.1,8j703ofi,RodentEncDec_delay25_eff25-20260811-083832,failed,25,ef060b73,0.02,eval3ds-n02-5bcf9203,old_eval,False
encdec,encdec,0.1,8j703ofi,RodentEncDec_delay25_eff25-20260811-083832,failed,25,ef060b73,0.02,eval3ds-n02-5bcf9203,train,False
encdec,encdec,0.1,8j703ofi,RodentEncDec_delay25_eff25-20260811-083832,failed,25,ef060b73,0.05,eval3ds-n05-ead26b7d,new_eval,False
encdec,encdec,0.1,8j703ofi,RodentEncDec_delay25_eff25-20260811-083832,failed,25,ef060b73,0.05,eval3ds-n05-ead26b7d,old_eval,False
encdec,encdec,0.1,8j703ofi,RodentEncDec_delay25_eff25-20260811-083832,failed,25,ef060b73,0.05,eval3ds-n05-ead26b7d,train,False
encdec,encdec,0.1,8j703ofi,RodentEncDec_delay25_eff25-20260811-083832,failed,25,ef060b73,0.1,eval3ds-n10-2d7c9136,new_eval,False
encdec,encdec,0.1,8j703ofi,RodentEncDec_delay25_eff25-20260811-083832,failed,25,ef060b73,0.1,eval3ds-n10-2d7c9136,old_eval,False
encdec,encdec,0.1,8j703ofi,RodentEncDec_delay25_eff25-20260811-083832,failed,25,ef060b73,0.1,eval3ds-n10-2d7c9136,train,False
encdec,encdec,0.1,8j703ofi,RodentEncDec_delay25_eff25-20260811-083832,failed,25,ef060b73,0.25,eval3ds-n25-9443d2fe,new_eval,False
encdec,encdec,0.1,8j703ofi,RodentEncDec_delay25_eff25-20260811-083832,failed,25,ef060b73,0.25,eval3ds-n25-9443d2fe,old_eval,False
encdec,encdec,0.1,8j703ofi,RodentEncDec_delay25_eff25-20260811-083832,failed,25,ef060b73,0.25,eval3ds-n25-9443d2fe,train,False
encdec,encdec,0.1,2fiwhyiz,RodentEncDec_delay30_eff30-20260811-084029,failed,30,ef060b73,0.0,eval3ds-n00-04ceda93,new_eval,False
encdec,encdec,0.1,2fiwhyiz,RodentEncDec_delay30_eff30-20260811-084029,failed,30,ef060b73,0.0,eval3ds-n00-04ceda93,old_eval,False
encdec,encdec,0.1,2fiwhyiz,RodentEncDec_delay30_eff30-20260811-084029,failed,30,ef060b73,0.0,eval3ds-n00-04ceda93,train,False
encdec,encdec,0.1,2fiwhyiz,RodentEncDec_delay30_eff30-20260811-084029,failed,30,ef060b73,0.02,eval3ds-n02-5bcf9203,new_eval,False
encdec,encdec,0.1,2fiwhyiz,RodentEncDec_delay30_eff30-20260811-084029,failed,30,ef060b73,0.02,eval3ds-n02-5bcf9203,old_eval,False
encdec,encdec,0.1,2fiwhyiz,RodentEncDec_delay30_eff30-20260811-084029,failed,30,ef060b73,0.02,eval3ds-n02-5bcf9203,train,False
encdec,encdec,0.1,2fiwhyiz,RodentEncDec_delay30_eff30-20260811-084029,failed,30,ef060b73,0.05,eval3ds-n05-ead26b7d,new_eval,False
encdec,encdec,0.1,2fiwhyiz,RodentEncDec_delay30_eff30-20260811-084029,failed,30,ef060b73,0.05,eval3ds-n05-ead26b7d,old_eval,False
encdec,encdec,0.1,2fiwhyiz,RodentEncDec_delay30_eff30-20260811-084029,failed,30,ef060b73,0.05,eval3ds-n05-ead26b7d,train,False
encdec,encdec,0.1,2fiwhyiz,RodentEncDec_delay30_eff30-20260811-084029,failed,30,ef060b73,0.1,eval3ds-n10-2d7c9136,new_eval,False
encdec,encdec,0.1,2fiwhyiz,RodentEncDec_delay30_eff30-20260811-084029,failed,30,ef060b73,0.1,eval3ds-n10-2d7c9136,old_eval,False
encdec,encdec,0.1,2fiwhyiz,RodentEncDec_delay30_eff30-20260811-084029,failed,30,ef060b73,0.1,eval3ds-n10-2d7c9136,train,False
encdec,encdec,0.1,2fiwhyiz,RodentEncDec_delay30_eff30-20260811-084029,failed,30,ef060b73,0.25,eval3ds-n25-9443d2fe,new_eval,False
encdec,encdec,0.1,2fiwhyiz,RodentEncDec_delay30_eff30-20260811-084029,failed,30,ef060b73,0.25,eval3ds-n25-9443d2fe,old_eval,False
encdec,encdec,0.1,2fiwhyiz,RodentEncDec_delay30_eff30-20260811-084029,failed,30,ef060b73,0.25,eval3ds-n25-9443d2fe,train,False
encdec,encdec,0.1,g1eehkgv,RodentEncDec_delay40_eff40-20260811-084704,failed,40,ef060b73,0.0,eval3ds-n00-04ceda93,new_eval,False
encdec,encdec,0.1,g1eehkgv,RodentEncDec_delay40_eff40-20260811-084704,failed,40,ef060b73,0.0,eval3ds-n00-04ceda93,old_eval,False
encdec,encdec,0.1,g1eehkgv,RodentEncDec_delay40_eff40-20260811-084704,failed,40,ef060b73,0.0,eval3ds-n00-04ceda93,train,False
encdec,encdec,0.1,g1eehkgv,RodentEncDec_delay40_eff40-20260811-084704,failed,40,ef060b73,0.02,eval3ds-n02-5bcf9203,new_eval,False
encdec,encdec,0.1,g1eehkgv,RodentEncDec_delay40_eff40-20260811-084704,failed,40,ef060b73,0.02,eval3ds-n02-5bcf9203,old_eval,False
encdec,encdec,0.1,g1eehkgv,RodentEncDec_delay40_eff40-20260811-084704,failed,40,ef060b73,0.02,eval3ds-n02-5bcf9203,train,False
encdec,encdec,0.1,g1eehkgv,RodentEncDec_delay40_eff40-20260811-084704,failed,40,ef060b73,0.05,eval3ds-n05-ead26b7d,new_eval,False
encdec,encdec,0.1,g1eehkgv,RodentEncDec_delay40_eff40-20260811-084704,failed,40,ef060b73,0.05,eval3ds-n05-ead26b7d,old_eval,False
encdec,encdec,0.1,g1eehkgv,RodentEncDec_delay40_eff40-20260811-084704,failed,40,ef060b73,0.05,eval3ds-n05-ead26b7d,train,False
encdec,encdec,0.1,g1eehkgv,RodentEncDec_delay40_eff40-20260811-084704,failed,40,ef060b73,0.1,eval3ds-n10-2d7c9136,new_eval,False
encdec,encdec,0.1,g1eehkgv,RodentEncDec_delay40_eff40-20260811-084704,failed,40,ef060b73,0.1,eval3ds-n10-2d7c9136,old_eval,False
encdec,encdec,0.1,g1eehkgv,RodentEncDec_delay40_eff40-20260811-084704,failed,40,ef060b73,0.1,eval3ds-n10-2d7c9136,train,False
encdec,encdec,0.1,g1eehkgv,RodentEncDec_delay40_eff40-20260811-084704,failed,40,ef060b73,0.25,eval3ds-n25-9443d2fe,new_eval,False
encdec,encdec,0.1,g1eehkgv,RodentEncDec_delay40_eff40-20260811-084704,failed,40,ef060b73,0.25,eval3ds-n25-9443d2fe,old_eval,False
encdec,encdec,0.1,g1eehkgv,RodentEncDec_delay40_eff40-20260811-084704,failed,40,ef060b73,0.25,eval3ds-n25-9443d2fe,train,False
encdec,encdec,0.1,d4dtnb5x,RodentEncDec_delay50_eff50-20260811-084722,failed,50,ef060b73,0.0,eval3ds-n00-04ceda93,new_eval,False
encdec,encdec,0.1,d4dtnb5x,RodentEncDec_delay50_eff50-20260811-084722,failed,50,ef060b73,0.0,eval3ds-n00-04ceda93,old_eval,False
encdec,encdec,0.1,d4dtnb5x,RodentEncDec_delay50_eff50-20260811-084722,failed,50,ef060b73,0.0,eval3ds-n00-04ceda93,train,False
encdec,encdec,0.1,d4dtnb5x,RodentEncDec_delay50_eff50-20260811-084722,failed,50,ef060b73,0.02,eval3ds-n02-5bcf9203,new_eval,False
encdec,encdec,0.1,d4dtnb5x,RodentEncDec_delay50_eff50-20260811-084722,failed,50,ef060b73,0.02,eval3ds-n02-5bcf9203,old_eval,False
encdec,encdec,0.1,d4dtnb5x,RodentEncDec_delay50_eff50-20260811-084722,failed,50,ef060b73,0.02,eval3ds-n02-5bcf9203,train,False
encdec,encdec,0.1,d4dtnb5x,RodentEncDec_delay50_eff50-20260811-084722,failed,50,ef060b73,0.05,eval3ds-n05-ead26b7d,new_eval,False
encdec,encdec,0.1,d4dtnb5x,RodentEncDec_delay50_eff50-20260811-084722,failed,50,ef060b73,0.05,eval3ds-n05-ead26b7d,old_eval,False
encdec,encdec,0.1,d4dtnb5x,RodentEncDec_delay50_eff50-20260811-084722,failed,50,ef060b73,0.05,eval3ds-n05-ead26b7d,train,False
encdec,encdec,0.1,d4dtnb5x,RodentEncDec_delay50_eff50-20260811-084722,failed,50,ef060b73,0.1,eval3ds-n10-2d7c9136,new_eval,False
encdec,encdec,0.1,d4dtnb5x,RodentEncDec_delay50_eff50-20260811-084722,failed,50,ef060b73,0.1,eval3ds-n10-2d7c9136,old_eval,False
encdec,encdec,0.1,d4dtnb5x,RodentEncDec_delay50_eff50-20260811-084722,failed,50,ef060b73,0.1,eval3ds-n10-2d7c9136,train,False
encdec,encdec,0.1,d4dtnb5x,RodentEncDec_delay50_eff50-20260811-084722,failed,50,ef060b73,0.25,eval3ds-n25-9443d2fe,new_eval,False
encdec,encdec,0.1,d4dtnb5x,RodentEncDec_delay50_eff50-20260811-084722,failed,50,ef060b73,0.25,eval3ds-n25-9443d2fe,old_eval,False
encdec,encdec,0.1,d4dtnb5x,RodentEncDec_delay50_eff50-20260811-084722,failed,50,ef060b73,0.25,eval3ds-n25-9443d2fe,train,False
encdec,encdec,0.1,n1igz0o8,RodentEncDec_delay60_eff60-20260811-084722,failed,60,ef060b73,0.0,eval3ds-n00-04ceda93,new_eval,False
encdec,encdec,0.1,n1igz0o8,RodentEncDec_delay60_eff60-20260811-084722,failed,60,ef060b73,0.0,eval3ds-n00-04ceda93,old_eval,False
encdec,encdec,0.1,n1igz0o8,RodentEncDec_delay60_eff60-20260811-084722,failed,60,ef060b73,0.0,eval3ds-n00-04ceda93,train,False
encdec,encdec,0.1,n1igz0o8,RodentEncDec_delay60_eff60-20260811-084722,failed,60,ef060b73,0.02,eval3ds-n02-5bcf9203,new_eval,False
encdec,encdec,0.1,n1igz0o8,RodentEncDec_delay60_eff60-20260811-084722,failed,60,ef060b73,0.02,eval3ds-n02-5bcf9203,old_eval,False
encdec,encdec,0.1,n1igz0o8,RodentEncDec_delay60_eff60-20260811-084722,failed,60,ef060b73,0.02,eval3ds-n02-5bcf9203,train,False
encdec,encdec,0.1,n1igz0o8,RodentEncDec_delay60_eff60-20260811-084722,failed,60,ef060b73,0.05,eval3ds-n05-ead26b7d,new_eval,False
encdec,encdec,0.1,n1igz0o8,RodentEncDec_delay60_eff60-20260811-084722,failed,60,ef060b73,0.05,eval3ds-n05-ead26b7d,old_eval,False
encdec,encdec,0.1,n1igz0o8,RodentEncDec_delay60_eff60-20260811-084722,failed,60,ef060b73,0.05,eval3ds-n05-ead26b7d,train,False
encdec,encdec,0.1,n1igz0o8,RodentEncDec_delay60_eff60-20260811-084722,failed,60,ef060b73,0.1,eval3ds-n10-2d7c9136,new_eval,False
encdec,encdec,0.1,n1igz0o8,RodentEncDec_delay60_eff60-20260811-084722,failed,60,ef060b73,0.1,eval3ds-n10-2d7c9136,old_eval,False
encdec,encdec,0.1,n1igz0o8,RodentEncDec_delay60_eff60-20260811-084722,failed,60,ef060b73,0.1,eval3ds-n10-2d7c9136,train,False
encdec,encdec,0.1,n1igz0o8,RodentEncDec_delay60_eff60-20260811-084722,failed,60,ef060b73,0.25,eval3ds-n25-9443d2fe,new_eval,False
encdec,encdec,0.1,n1igz0o8,RodentEncDec_delay60_eff60-20260811-084722,failed,60,ef060b73,0.25,eval3ds-n25-9443d2fe,old_eval,False
encdec,encdec,0.1,n1igz0o8,RodentEncDec_delay60_eff60-20260811-084722,failed,60,ef060b73,0.25,eval3ds-n25-9443d2fe,train,False
encdec,encdec,0.1,cfq1srhp,RodentEncDec_delay70_eff70-20260811-094225,failed,70,ef060b73,0.0,eval3ds-n00-04ceda93,new_eval,False
encdec,encdec,0.1,cfq1srhp,RodentEncDec_delay70_eff70-20260811-094225,failed,70,ef060b73,0.0,eval3ds-n00-04ceda93,old_eval,False
encdec,encdec,0.1,cfq1srhp,RodentEncDec_delay70_eff70-20260811-094225,failed,70,ef060b73,0.0,eval3ds-n00-04ceda93,train,False
encdec,encdec,0.1,cfq1srhp,RodentEncDec_delay70_eff70-20260811-094225,failed,70,ef060b73,0.02,eval3ds-n02-5bcf9203,new_eval,False
encdec,encdec,0.1,cfq1srhp,RodentEncDec_delay70_eff70-20260811-094225,failed,70,ef060b73,0.02,eval3ds-n02-5bcf9203,old_eval,False
encdec,encdec,0.1,cfq1srhp,RodentEncDec_delay70_eff70-20260811-094225,failed,70,ef060b73,0.02,eval3ds-n02-5bcf9203,train,False
encdec,encdec,0.1,cfq1srhp,RodentEncDec_delay70_eff70-20260811-094225,failed,70,ef060b73,0.05,eval3ds-n05-ead26b7d,new_eval,False
encdec,encdec,0.1,cfq1srhp,RodentEncDec_delay70_eff70-20260811-094225,failed,70,ef060b73,0.05,eval3ds-n05-ead26b7d,old_eval,False
encdec,encdec,0.1,cfq1srhp,RodentEncDec_delay70_eff70-20260811-094225,failed,70,ef060b73,0.05,eval3ds-n05-ead26b7d,train,False
encdec,encdec,0.1,cfq1srhp,RodentEncDec_delay70_eff70-20260811-094225,failed,70,ef060b73,0.1,eval3ds-n10-2d7c9136,new_eval,False
encdec,encdec,0.1,cfq1srhp,RodentEncDec_delay70_eff70-20260811-094225,failed,70,ef060b73,0.1,eval3ds-n10-2d7c9136,old_eval,False
encdec,encdec,0.1,cfq1srhp,RodentEncDec_delay70_eff70-20260811-094225,failed,70,ef060b73,0.1,eval3ds-n10-2d7c9136,train,False
encdec,encdec,0.1,cfq1srhp,RodentEncDec_delay70_eff70-20260811-094225,failed,70,ef060b73,0.25,eval3ds-n25-9443d2fe,new_eval,False
encdec,encdec,0.1,cfq1srhp,RodentEncDec_delay70_eff70-20260811-094225,failed,70,ef060b73,0.25,eval3ds-n25-9443d2fe,old_eval,False
encdec,encdec,0.1,cfq1srhp,RodentEncDec_delay70_eff70-20260811-094225,failed,70,ef060b73,0.25,eval3ds-n25-9443d2fe,train,False
encdec,encdec,0.1,qynq5js2,RodentEncDec_delay80_eff80-20260811-094225,failed,80,ef060b73,0.0,eval3ds-n00-04ceda93,new_eval,False
encdec,encdec,0.1,qynq5js2,RodentEncDec_delay80_eff80-20260811-094225,failed,80,ef060b73,0.0,eval3ds-n00-04ceda93,old_eval,False
encdec,encdec,0.1,qynq5js2,RodentEncDec_delay80_eff80-20260811-094225,failed,80,ef060b73,0.0,eval3ds-n00-04ceda93,train,False
encdec,encdec,0.1,qynq5js2,RodentEncDec_delay80_eff80-20260811-094225,failed,80,ef060b73,0.02,eval3ds-n02-5bcf9203,new_eval,False
encdec,encdec,0.1,qynq5js2,RodentEncDec_delay80_eff80-20260811-094225,failed,80,ef060b73,0.02,eval3ds-n02-5bcf9203,old_eval,False
encdec,encdec,0.1,qynq5js2,RodentEncDec_delay80_eff80-20260811-094225,failed,80,ef060b73,0.02,eval3ds-n02-5bcf9203,train,False
encdec,encdec,0.1,qynq5js2,RodentEncDec_delay80_eff80-20260811-094225,failed,80,ef060b73,0.05,eval3ds-n05-ead26b7d,new_eval,False
encdec,encdec,0.1,qynq5js2,RodentEncDec_delay80_eff80-20260811-094225,failed,80,ef060b73,0.05,eval3ds-n05-ead26b7d,old_eval,False
encdec,encdec,0.1,qynq5js2,RodentEncDec_delay80_eff80-20260811-094225,failed,80,ef060b73,0.05,eval3ds-n05-ead26b7d,train,False
encdec,encdec,0.1,qynq5js2,RodentEncDec_delay80_eff80-20260811-094225,failed,80,ef060b73,0.1,eval3ds-n10-2d7c9136,new_eval,False
encdec,encdec,0.1,qynq5js2,RodentEncDec_delay80_eff80-20260811-094225,failed,80,ef060b73,0.1,eval3ds-n10-2d7c9136,old_eval,False
encdec,encdec,0.1,qynq5js2,RodentEncDec_delay80_eff80-20260811-094225,failed,80,ef060b73,0.1,eval3ds-n10-2d7c9136,train,False
encdec,encdec,0.1,qynq5js2,RodentEncDec_delay80_eff80-20260811-094225,failed,80,ef060b73,0.25,eval3ds-n25-9443d2fe,new_eval,False
encdec,encdec,0.1,qynq5js2,RodentEncDec_delay80_eff80-20260811-094225,failed,80,ef060b73,0.25,eval3ds-n25-9443d2fe,old_eval,False
encdec,encdec,0.1,qynq5js2,RodentEncDec_delay80_eff80-20260811-094225,failed,80,ef060b73,0.25,eval3ds-n25-9443d2fe,train,False
encdec,encdec,0.1,ekl3fbju,RodentEncDec_delay90_eff90-20260811-094225,failed,90,ef060b73,0.0,eval3ds-n00-04ceda93,new_eval,False
encdec,encdec,0.1,ekl3fbju,RodentEncDec_delay90_eff90-20260811-094225,failed,90,ef060b73,0.0,eval3ds-n00-04ceda93,old_eval,False
encdec,encdec,0.1,ekl3fbju,RodentEncDec_delay90_eff90-20260811-094225,failed,90,ef060b73,0.0,eval3ds-n00-04ceda93,train,False
encdec,encdec,0.1,ekl3fbju,RodentEncDec_delay90_eff90-20260811-094225,failed,90,ef060b73,0.02,eval3ds-n02-5bcf9203,new_eval,False
encdec,encdec,0.1,ekl3fbju,RodentEncDec_delay90_eff90-20260811-094225,failed,90,ef060b73,0.02,eval3ds-n02-5bcf9203,old_eval,False
encdec,encdec,0.1,ekl3fbju,RodentEncDec_delay90_eff90-20260811-094225,failed,90,ef060b73,0.02,eval3ds-n02-5bcf9203,train,False
encdec,encdec,0.1,ekl3fbju,RodentEncDec_delay90_eff90-20260811-094225,failed,90,ef060b73,0.05,eval3ds-n05-ead26b7d,new_eval,False
encdec,encdec,0.1,ekl3fbju,RodentEncDec_delay90_eff90-20260811-094225,failed,90,ef060b73,0.05,eval3ds-n05-ead26b7d,old_eval,False
encdec,encdec,0.1,ekl3fbju,RodentEncDec_delay90_eff90-20260811-094225,failed,90,ef060b73,0.05,eval3ds-n05-ead26b7d,train,False
encdec,encdec,0.1,ekl3fbju,RodentEncDec_delay90_eff90-20260811-094225,failed,90,ef060b73,0.1,eval3ds-n10-2d7c9136,new_eval,False
encdec,encdec,0.1,ekl3fbju,RodentEncDec_delay90_eff90-20260811-094225,failed,90,ef060b73,0.1,eval3ds-n10-2d7c9136,old_eval,False
encdec,encdec,0.1,ekl3fbju,RodentEncDec_delay90_eff90-20260811-094225,failed,90,ef060b73,0.1,eval3ds-n10-2d7c9136,train,False
encdec,encdec,0.1,ekl3fbju,RodentEncDec_delay90_eff90-20260811-094225,failed,90,ef060b73,0.25,eval3ds-n25-9443d2fe,new_eval,False
encdec,encdec,0.1,ekl3fbju,RodentEncDec_delay90_eff90-20260811-094225,failed,90,ef060b73,0.25,eval3ds-n25-9443d2fe,old_eval,False
encdec,encdec,0.1,ekl3fbju,RodentEncDec_delay90_eff90-20260811-094225,failed,90,ef060b73,0.25,eval3ds-n25-9443d2fe,train,False
encdec,encdec,0.1,48llced7,RodentEncDec_delay100_eff100-20260811-094548,failed,100,ef060b73,0.0,eval3ds-n00-04ceda93,new_eval,False
encdec,encdec,0.1,48llced7,RodentEncDec_delay100_eff100-20260811-094548,failed,100,ef060b73,0.0,eval3ds-n00-04ceda93,old_eval,False
encdec,encdec,0.1,48llced7,RodentEncDec_delay100_eff100-20260811-094548,failed,100,ef060b73,0.0,eval3ds-n00-04ceda93,train,False
encdec,encdec,0.1,48llced7,RodentEncDec_delay100_eff100-20260811-094548,failed,100,ef060b73,0.02,eval3ds-n02-5bcf9203,new_eval,False
encdec,encdec,0.1,48llced7,RodentEncDec_delay100_eff100-20260811-094548,failed,100,ef060b73,0.02,eval3ds-n02-5bcf9203,old_eval,False
encdec,encdec,0.1,48llced7,RodentEncDec_delay100_eff100-20260811-094548,failed,100,ef060b73,0.02,eval3ds-n02-5bcf9203,train,False
encdec,encdec,0.1,48llced7,RodentEncDec_delay100_eff100-20260811-094548,failed,100,ef060b73,0.05,eval3ds-n05-ead26b7d,new_eval,False
encdec,encdec,0.1,48llced7,RodentEncDec_delay100_eff100-20260811-094548,failed,100,ef060b73,0.05,eval3ds-n05-ead26b7d,old_eval,False
encdec,encdec,0.1,48llced7,RodentEncDec_delay100_eff100-20260811-094548,failed,100,ef060b73,0.05,eval3ds-n05-ead26b7d,train,False
encdec,encdec,0.1,48llced7,RodentEncDec_delay100_eff100-20260811-094548,failed,100,ef060b73,0.1,eval3ds-n10-2d7c9136,new_eval,False
encdec,encdec,0.1,48llced7,RodentEncDec_delay100_eff100-20260811-094548,failed,100,ef060b73,0.1,eval3ds-n10-2d7c9136,old_eval,False
encdec,encdec,0.1,48llced7,RodentEncDec_delay100_eff100-20260811-094548,failed,100,ef060b73,0.1,eval3ds-n10-2d7c9136,train,False
encdec,encdec,0.1,48llced7,RodentEncDec_delay100_eff100-20260811-094548,failed,100,ef060b73,0.25,eval3ds-n25-9443d2fe,new_eval,False
encdec,encdec,0.1,48llced7,RodentEncDec_delay100_eff100-20260811-094548,failed,100,ef060b73,0.25,eval3ds-n25-9443d2fe,old_eval,False
encdec,encdec,0.1,48llced7,RodentEncDec_delay100_eff100-20260811-094548,failed,100,ef060b73,0.25,eval3ds-n25-9443d2fe,train,False
expfm,explicit,0.1,q7e7028r,RodentForwardModel_delay0_eff0-20260811-162018,failed,0,ef060b73,0.0,eval3ds-n00-04ceda93,new_eval,False
expfm,explicit,0.1,q7e7028r,RodentForwardModel_delay0_eff0-20260811-162018,failed,0,ef060b73,0.0,eval3ds-n00-04ceda93,old_eval,False
expfm,explicit,0.1,q7e7028r,RodentForwardModel_delay0_eff0-20260811-162018,failed,0,ef060b73,0.0,eval3ds-n00-04ceda93,train,False
expfm,explicit,0.1,q7e7028r,RodentForwardModel_delay0_eff0-20260811-162018,failed,0,ef060b73,0.02,eval3ds-n02-5bcf9203,new_eval,False
expfm,explicit,0.1,q7e7028r,RodentForwardModel_delay0_eff0-20260811-162018,failed,0,ef060b73,0.02,eval3ds-n02-5bcf9203,old_eval,False
expfm,explicit,0.1,q7e7028r,RodentForwardModel_delay0_eff0-20260811-162018,failed,0,ef060b73,0.02,eval3ds-n02-5bcf9203,train,False
expfm,explicit,0.1,q7e7028r,RodentForwardModel_delay0_eff0-20260811-162018,failed,0,ef060b73,0.05,eval3ds-n05-ead26b7d,new_eval,False
expfm,explicit,0.1,q7e7028r,RodentForwardModel_delay0_eff0-20260811-162018,failed,0,ef060b73,0.05,eval3ds-n05-ead26b7d,old_eval,False
expfm,explicit,0.1,q7e7028r,RodentForwardModel_delay0_eff0-20260811-162018,failed,0,ef060b73,0.05,eval3ds-n05-ead26b7d,train,False
expfm,explicit,0.1,q7e7028r,RodentForwardModel_delay0_eff0-20260811-162018,failed,0,ef060b73,0.1,eval3ds-n10-2d7c9136,new_eval,False
expfm,explicit,0.1,q7e7028r,RodentForwardModel_delay0_eff0-20260811-162018,failed,0,ef060b73,0.1,eval3ds-n10-2d7c9136,old_eval,False
expfm,explicit,0.1,q7e7028r,RodentForwardModel_delay0_eff0-20260811-162018,failed,0,ef060b73,0.1,eval3ds-n10-2d7c9136,train,False
expfm,explicit,0.1,q7e7028r,RodentForwardModel_delay0_eff0-20260811-162018,failed,0,ef060b73,0.25,eval3ds-n25-9443d2fe,new_eval,False
expfm,explicit,0.1,q7e7028r,RodentForwardModel_delay0_eff0-20260811-162018,failed,0,ef060b73,0.25,eval3ds-n25-9443d2fe,old_eval,False
expfm,explicit,0.1,q7e7028r,RodentForwardModel_delay0_eff0-20260811-162018,failed,0,ef060b73,0.25,eval3ds-n25-9443d2fe,train,False
expfm,explicit,0.1,wdnsv6wt,RodentForwardModel_delay1_eff1-20260811-163030,failed,1,ef060b73,0.0,eval3ds-n00-04ceda93,new_eval,False
expfm,explicit,0.1,wdnsv6wt,RodentForwardModel_delay1_eff1-20260811-163030,failed,1,ef060b73,0.0,eval3ds-n00-04ceda93,old_eval,False
expfm,explicit,0.1,wdnsv6wt,RodentForwardModel_delay1_eff1-20260811-163030,failed,1,ef060b73,0.0,eval3ds-n00-04ceda93,train,False
expfm,explicit,0.1,wdnsv6wt,RodentForwardModel_delay1_eff1-20260811-163030,failed,1,ef060b73,0.02,eval3ds-n02-5bcf9203,new_eval,False
expfm,explicit,0.1,wdnsv6wt,RodentForwardModel_delay1_eff1-20260811-163030,failed,1,ef060b73,0.02,eval3ds-n02-5bcf9203,old_eval,False
expfm,explicit,0.1,wdnsv6wt,RodentForwardModel_delay1_eff1-20260811-163030,failed,1,ef060b73,0.02,eval3ds-n02-5bcf9203,train,False
expfm,explicit,0.1,wdnsv6wt,RodentForwardModel_delay1_eff1-20260811-163030,failed,1,ef060b73,0.05,eval3ds-n05-ead26b7d,new_eval,False
expfm,explicit,0.1,wdnsv6wt,RodentForwardModel_delay1_eff1-20260811-163030,failed,1,ef060b73,0.05,eval3ds-n05-ead26b7d,old_eval,False
expfm,explicit,0.1,wdnsv6wt,RodentForwardModel_delay1_eff1-20260811-163030,failed,1,ef060b73,0.05,eval3ds-n05-ead26b7d,train,False
expfm,explicit,0.1,wdnsv6wt,RodentForwardModel_delay1_eff1-20260811-163030,failed,1,ef060b73,0.1,eval3ds-n10-2d7c9136,new_eval,False
expfm,explicit,0.1,wdnsv6wt,RodentForwardModel_delay1_eff1-20260811-163030,failed,1,ef060b73,0.1,eval3ds-n10-2d7c9136,old_eval,False
expfm,explicit,0.1,wdnsv6wt,RodentForwardModel_delay1_eff1-20260811-163030,failed,1,ef060b73,0.1,eval3ds-n10-2d7c9136,train,False
expfm,explicit,0.1,wdnsv6wt,RodentForwardModel_delay1_eff1-20260811-163030,failed,1,ef060b73,0.25,eval3ds-n25-9443d2fe,new_eval,False
expfm,explicit,0.1,wdnsv6wt,RodentForwardModel_delay1_eff1-20260811-163030,failed,1,ef060b73,0.25,eval3ds-n25-9443d2fe,old_eval,False
expfm,explicit,0.1,wdnsv6wt,RodentForwardModel_delay1_eff1-20260811-163030,failed,1,ef060b73,0.25,eval3ds-n25-9443d2fe,train,False
expfm,explicit,0.1,zgwma7ta,RodentForwardModel_delay2_eff2-20260811-163022,failed,2,ef060b73,0.0,eval3ds-n00-04ceda93,new_eval,False
expfm,explicit,0.1,zgwma7ta,RodentForwardModel_delay2_eff2-20260811-163022,failed,2,ef060b73,0.0,eval3ds-n00-04ceda93,old_eval,False
expfm,explicit,0.1,zgwma7ta,RodentForwardModel_delay2_eff2-20260811-163022,failed,2,ef060b73,0.0,eval3ds-n00-04ceda93,train,False
expfm,explicit,0.1,zgwma7ta,RodentForwardModel_delay2_eff2-20260811-163022,failed,2,ef060b73,0.02,eval3ds-n02-5bcf9203,new_eval,False
expfm,explicit,0.1,zgwma7ta,RodentForwardModel_delay2_eff2-20260811-163022,failed,2,ef060b73,0.02,eval3ds-n02-5bcf9203,old_eval,False
expfm,explicit,0.1,zgwma7ta,RodentForwardModel_delay2_eff2-20260811-163022,failed,2,ef060b73,0.02,eval3ds-n02-5bcf9203,train,False
expfm,explicit,0.1,zgwma7ta,RodentForwardModel_delay2_eff2-20260811-163022,failed,2,ef060b73,0.05,eval3ds-n05-ead26b7d,new_eval,False
expfm,explicit,0.1,zgwma7ta,RodentForwardModel_delay2_eff2-20260811-163022,failed,2,ef060b73,0.05,eval3ds-n05-ead26b7d,old_eval,False
expfm,explicit,0.1,zgwma7ta,RodentForwardModel_delay2_eff2-20260811-163022,failed,2,ef060b73,0.05,eval3ds-n05-ead26b7d,train,False
expfm,explicit,0.1,zgwma7ta,RodentForwardModel_delay2_eff2-20260811-163022,failed,2,ef060b73,0.1,eval3ds-n10-2d7c9136,new_eval,False
expfm,explicit,0.1,zgwma7ta,RodentForwardModel_delay2_eff2-20260811-163022,failed,2,ef060b73,0.1,eval3ds-n10-2d7c9136,old_eval,False
expfm,explicit,0.1,zgwma7ta,RodentForwardModel_delay2_eff2-20260811-163022,failed,2,ef060b73,0.1,eval3ds-n10-2d7c9136,train,False
expfm,explicit,0.1,zgwma7ta,RodentForwardModel_delay2_eff2-20260811-163022,failed,2,ef060b73,0.25,eval3ds-n25-9443d2fe,new_eval,False
expfm,explicit,0.1,zgwma7ta,RodentForwardModel_delay2_eff2-20260811-163022,failed,2,ef060b73,0.25,eval3ds-n25-9443d2fe,old_eval,False
expfm,explicit,0.1,zgwma7ta,RodentForwardModel_delay2_eff2-20260811-163022,failed,2,ef060b73,0.25,eval3ds-n25-9443d2fe,train,False
expfm,explicit,0.1,co9cu5aw,RodentForwardModel_delay3_eff3-20260811-163204,failed,3,ef060b73,0.0,eval3ds-n00-04ceda93,new_eval,False
expfm,explicit,0.1,co9cu5aw,RodentForwardModel_delay3_eff3-20260811-163204,failed,3,ef060b73,0.0,eval3ds-n00-04ceda93,old_eval,False
expfm,explicit,0.1,co9cu5aw,RodentForwardModel_delay3_eff3-20260811-163204,failed,3,ef060b73,0.0,eval3ds-n00-04ceda93,train,False
expfm,explicit,0.1,co9cu5aw,RodentForwardModel_delay3_eff3-20260811-163204,failed,3,ef060b73,0.02,eval3ds-n02-5bcf9203,new_eval,False
expfm,explicit,0.1,co9cu5aw,RodentForwardModel_delay3_eff3-20260811-163204,failed,3,ef060b73,0.02,eval3ds-n02-5bcf9203,old_eval,False
expfm,explicit,0.1,co9cu5aw,RodentForwardModel_delay3_eff3-20260811-163204,failed,3,ef060b73,0.02,eval3ds-n02-5bcf9203,train,False
expfm,explicit,0.1,co9cu5aw,RodentForwardModel_delay3_eff3-20260811-163204,failed,3,ef060b73,0.05,eval3ds-n05-ead26b7d,new_eval,False
expfm,explicit,0.1,co9cu5aw,RodentForwardModel_delay3_eff3-20260811-163204,failed,3,ef060b73,0.05,eval3ds-n05-ead26b7d,old_eval,False
expfm,explicit,0.1,co9cu5aw,RodentForwardModel_delay3_eff3-20260811-163204,failed,3,ef060b73,0.05,eval3ds-n05-ead26b7d,train,False
expfm,explicit,0.1,co9cu5aw,RodentForwardModel_delay3_eff3-20260811-163204,failed,3,ef060b73,0.1,eval3ds-n10-2d7c9136,new_eval,False
expfm,explicit,0.1,co9cu5aw,RodentForwardModel_delay3_eff3-20260811-163204,failed,3,ef060b73,0.1,eval3ds-n10-2d7c9136,old_eval,False
expfm,explicit,0.1,co9cu5aw,RodentForwardModel_delay3_eff3-20260811-163204,failed,3,ef060b73,0.1,eval3ds-n10-2d7c9136,train,False
expfm,explicit,0.1,co9cu5aw,RodentForwardModel_delay3_eff3-20260811-163204,failed,3,ef060b73,0.25,eval3ds-n25-9443d2fe,new_eval,False
expfm,explicit,0.1,co9cu5aw,RodentForwardModel_delay3_eff3-20260811-163204,failed,3,ef060b73,0.25,eval3ds-n25-9443d2fe,old_eval,False
expfm,explicit,0.1,co9cu5aw,RodentForwardModel_delay3_eff3-20260811-163204,failed,3,ef060b73,0.25,eval3ds-n25-9443d2fe,train,False
expfm,explicit,0.1,eq25n7dm,RodentForwardModel_delay4_eff4-20260811-173716,failed,4,ef060b73,0.0,eval3ds-n00-04ceda93,new_eval,False
expfm,explicit,0.1,eq25n7dm,RodentForwardModel_delay4_eff4-20260811-173716,failed,4,ef060b73,0.0,eval3ds-n00-04ceda93,old_eval,False
expfm,explicit,0.1,eq25n7dm,RodentForwardModel_delay4_eff4-20260811-173716,failed,4,ef060b73,0.0,eval3ds-n00-04ceda93,train,False
expfm,explicit,0.1,eq25n7dm,RodentForwardModel_delay4_eff4-20260811-173716,failed,4,ef060b73,0.02,eval3ds-n02-5bcf9203,new_eval,False
expfm,explicit,0.1,eq25n7dm,RodentForwardModel_delay4_eff4-20260811-173716,failed,4,ef060b73,0.02,eval3ds-n02-5bcf9203,old_eval,False
expfm,explicit,0.1,eq25n7dm,RodentForwardModel_delay4_eff4-20260811-173716,failed,4,ef060b73,0.02,eval3ds-n02-5bcf9203,train,False
expfm,explicit,0.1,eq25n7dm,RodentForwardModel_delay4_eff4-20260811-173716,failed,4,ef060b73,0.05,eval3ds-n05-ead26b7d,new_eval,False
expfm,explicit,0.1,eq25n7dm,RodentForwardModel_delay4_eff4-20260811-173716,failed,4,ef060b73,0.05,eval3ds-n05-ead26b7d,old_eval,False
expfm,explicit,0.1,eq25n7dm,RodentForwardModel_delay4_eff4-20260811-173716,failed,4,ef060b73,0.05,eval3ds-n05-ead26b7d,train,False
expfm,explicit,0.1,eq25n7dm,RodentForwardModel_delay4_eff4-20260811-173716,failed,4,ef060b73,0.1,eval3ds-n10-2d7c9136,new_eval,False
expfm,explicit,0.1,eq25n7dm,RodentForwardModel_delay4_eff4-20260811-173716,failed,4,ef060b73,0.1,eval3ds-n10-2d7c9136,old_eval,False
expfm,explicit,0.1,eq25n7dm,RodentForwardModel_delay4_eff4-20260811-173716,failed,4,ef060b73,0.1,eval3ds-n10-2d7c9136,train,False
expfm,explicit,0.1,eq25n7dm,RodentForwardModel_delay4_eff4-20260811-173716,failed,4,ef060b73,0.25,eval3ds-n25-9443d2fe,new_eval,False
expfm,explicit,0.1,eq25n7dm,RodentForwardModel_delay4_eff4-20260811-173716,failed,4,ef060b73,0.25,eval3ds-n25-9443d2fe,old_eval,False
expfm,explicit,0.1,eq25n7dm,RodentForwardModel_delay4_eff4-20260811-173716,failed,4,ef060b73,0.25,eval3ds-n25-9443d2fe,train,False
expfm,explicit,0.1,j2bmags2,RodentForwardModel_delay5_eff5-20260811-173716,failed,5,ef060b73,0.0,eval3ds-n00-04ceda93,new_eval,False
expfm,explicit,0.1,j2bmags2,RodentForwardModel_delay5_eff5-20260811-173716,failed,5,ef060b73,0.0,eval3ds-n00-04ceda93,old_eval,False
expfm,explicit,0.1,j2bmags2,RodentForwardModel_delay5_eff5-20260811-173716,failed,5,ef060b73,0.0,eval3ds-n00-04ceda93,train,False
expfm,explicit,0.1,j2bmags2,RodentForwardModel_delay5_eff5-20260811-173716,failed,5,ef060b73,0.02,eval3ds-n02-5bcf9203,new_eval,False
expfm,explicit,0.1,j2bmags2,RodentForwardModel_delay5_eff5-20260811-173716,failed,5,ef060b73,0.02,eval3ds-n02-5bcf9203,old_eval,False
expfm,explicit,0.1,j2bmags2,RodentForwardModel_delay5_eff5-20260811-173716,failed,5,ef060b73,0.02,eval3ds-n02-5bcf9203,train,False
expfm,explicit,0.1,j2bmags2,RodentForwardModel_delay5_eff5-20260811-173716,failed,5,ef060b73,0.05,eval3ds-n05-ead26b7d,new_eval,False
expfm,explicit,0.1,j2bmags2,RodentForwardModel_delay5_eff5-20260811-173716,failed,5,ef060b73,0.05,eval3ds-n05-ead26b7d,old_eval,False
expfm,explicit,0.1,j2bmags2,RodentForwardModel_delay5_eff5-20260811-173716,failed,5,ef060b73,0.05,eval3ds-n05-ead26b7d,train,False
expfm,explicit,0.1,j2bmags2,RodentForwardModel_delay5_eff5-20260811-173716,failed,5,ef060b73,0.1,eval3ds-n10-2d7c9136,new_eval,False
expfm,explicit,0.1,j2bmags2,RodentForwardModel_delay5_eff5-20260811-173716,failed,5,ef060b73,0.1,eval3ds-n10-2d7c9136,old_eval,False
expfm,explicit,0.1,j2bmags2,RodentForwardModel_delay5_eff5-20260811-173716,failed,5,ef060b73,0.1,eval3ds-n10-2d7c9136,train,False
expfm,explicit,0.1,j2bmags2,RodentForwardModel_delay5_eff5-20260811-173716,failed,5,ef060b73,0.25,eval3ds-n25-9443d2fe,new_eval,False
expfm,explicit,0.1,j2bmags2,RodentForwardModel_delay5_eff5-20260811-173716,failed,5,ef060b73,0.25,eval3ds-n25-9443d2fe,old_eval,False
expfm,explicit,0.1,j2bmags2,RodentForwardModel_delay5_eff5-20260811-173716,failed,5,ef060b73,0.25,eval3ds-n25-9443d2fe,train,False
expfm,explicit,0.1,m5fbx6tq,RodentForwardModel_delay6_eff6-20260811-173748,failed,6,ef060b73,0.0,eval3ds-n00-04ceda93,new_eval,False
expfm,explicit,0.1,m5fbx6tq,RodentForwardModel_delay6_eff6-20260811-173748,failed,6,ef060b73,0.0,eval3ds-n00-04ceda93,old_eval,False
expfm,explicit,0.1,m5fbx6tq,RodentForwardModel_delay6_eff6-20260811-173748,failed,6,ef060b73,0.0,eval3ds-n00-04ceda93,train,False
expfm,explicit,0.1,m5fbx6tq,RodentForwardModel_delay6_eff6-20260811-173748,failed,6,ef060b73,0.02,eval3ds-n02-5bcf9203,new_eval,False
expfm,explicit,0.1,m5fbx6tq,RodentForwardModel_delay6_eff6-20260811-173748,failed,6,ef060b73,0.02,eval3ds-n02-5bcf9203,old_eval,False
expfm,explicit,0.1,m5fbx6tq,RodentForwardModel_delay6_eff6-20260811-173748,failed,6,ef060b73,0.02,eval3ds-n02-5bcf9203,train,False
expfm,explicit,0.1,m5fbx6tq,RodentForwardModel_delay6_eff6-20260811-173748,failed,6,ef060b73,0.05,eval3ds-n05-ead26b7d,new_eval,False
expfm,explicit,0.1,m5fbx6tq,RodentForwardModel_delay6_eff6-20260811-173748,failed,6,ef060b73,0.05,eval3ds-n05-ead26b7d,old_eval,False
expfm,explicit,0.1,m5fbx6tq,RodentForwardModel_delay6_eff6-20260811-173748,failed,6,ef060b73,0.05,eval3ds-n05-ead26b7d,train,False
expfm,explicit,0.1,m5fbx6tq,RodentForwardModel_delay6_eff6-20260811-173748,failed,6,ef060b73,0.1,eval3ds-n10-2d7c9136,new_eval,False
expfm,explicit,0.1,m5fbx6tq,RodentForwardModel_delay6_eff6-20260811-173748,failed,6,ef060b73,0.1,eval3ds-n10-2d7c9136,old_eval,False
expfm,explicit,0.1,m5fbx6tq,RodentForwardModel_delay6_eff6-20260811-173748,failed,6,ef060b73,0.1,eval3ds-n10-2d7c9136,train,False
expfm,explicit,0.1,m5fbx6tq,RodentForwardModel_delay6_eff6-20260811-173748,failed,6,ef060b73,0.25,eval3ds-n25-9443d2fe,new_eval,False
expfm,explicit,0.1,m5fbx6tq,RodentForwardModel_delay6_eff6-20260811-173748,failed,6,ef060b73,0.25,eval3ds-n25-9443d2fe,old_eval,False
expfm,explicit,0.1,m5fbx6tq,RodentForwardModel_delay6_eff6-20260811-173748,failed,6,ef060b73,0.25,eval3ds-n25-9443d2fe,train,False
expfm,explicit,0.1,2696la26,RodentForwardModel_delay7_eff7-20260811-173808,failed,7,ef060b73,0.0,eval3ds-n00-04ceda93,new_eval,False
expfm,explicit,0.1,2696la26,RodentForwardModel_delay7_eff7-20260811-173808,failed,7,ef060b73,0.0,eval3ds-n00-04ceda93,old_eval,False
expfm,explicit,0.1,2696la26,RodentForwardModel_delay7_eff7-20260811-173808,failed,7,ef060b73,0.0,eval3ds-n00-04ceda93,train,False
expfm,explicit,0.1,2696la26,RodentForwardModel_delay7_eff7-20260811-173808,failed,7,ef060b73,0.02,eval3ds-n02-5bcf9203,new_eval,False
expfm,explicit,0.1,2696la26,RodentForwardModel_delay7_eff7-20260811-173808,failed,7,ef060b73,0.02,eval3ds-n02-5bcf9203,old_eval,False
expfm,explicit,0.1,2696la26,RodentForwardModel_delay7_eff7-20260811-173808,failed,7,ef060b73,0.02,eval3ds-n02-5bcf9203,train,False
expfm,explicit,0.1,2696la26,RodentForwardModel_delay7_eff7-20260811-173808,failed,7,ef060b73,0.05,eval3ds-n05-ead26b7d,new_eval,False
expfm,explicit,0.1,2696la26,RodentForwardModel_delay7_eff7-20260811-173808,failed,7,ef060b73,0.05,eval3ds-n05-ead26b7d,old_eval,False
expfm,explicit,0.1,2696la26,RodentForwardModel_delay7_eff7-20260811-173808,failed,7,ef060b73,0.05,eval3ds-n05-ead26b7d,train,False
expfm,explicit,0.1,2696la26,RodentForwardModel_delay7_eff7-20260811-173808,failed,7,ef060b73,0.1,eval3ds-n10-2d7c9136,new_eval,False
expfm,explicit,0.1,2696la26,RodentForwardModel_delay7_eff7-20260811-173808,failed,7,ef060b73,0.1,eval3ds-n10-2d7c9136,old_eval,False
expfm,explicit,0.1,2696la26,RodentForwardModel_delay7_eff7-20260811-173808,failed,7,ef060b73,0.1,eval3ds-n10-2d7c9136,train,False
expfm,explicit,0.1,2696la26,RodentForwardModel_delay7_eff7-20260811-173808,failed,7,ef060b73,0.25,eval3ds-n25-9443d2fe,new_eval,False
expfm,explicit,0.1,2696la26,RodentForwardModel_delay7_eff7-20260811-173808,failed,7,ef060b73,0.25,eval3ds-n25-9443d2fe,old_eval,False
expfm,explicit,0.1,2696la26,RodentForwardModel_delay7_eff7-20260811-173808,failed,7,ef060b73,0.25,eval3ds-n25-9443d2fe,train,False
expfm,explicit,0.1,t4lisyr9,RodentForwardModel_delay8_eff8-20260811-173834,failed,8,ef060b73,0.0,eval3ds-n00-04ceda93,new_eval,False
expfm,explicit,0.1,t4lisyr9,RodentForwardModel_delay8_eff8-20260811-173834,failed,8,ef060b73,0.0,eval3ds-n00-04ceda93,old_eval,False
expfm,explicit,0.1,t4lisyr9,RodentForwardModel_delay8_eff8-20260811-173834,failed,8,ef060b73,0.0,eval3ds-n00-04ceda93,train,False
expfm,explicit,0.1,t4lisyr9,RodentForwardModel_delay8_eff8-20260811-173834,failed,8,ef060b73,0.02,eval3ds-n02-5bcf9203,new_eval,False
expfm,explicit,0.1,t4lisyr9,RodentForwardModel_delay8_eff8-20260811-173834,failed,8,ef060b73,0.02,eval3ds-n02-5bcf9203,old_eval,False
expfm,explicit,0.1,t4lisyr9,RodentForwardModel_delay8_eff8-20260811-173834,failed,8,ef060b73,0.02,eval3ds-n02-5bcf9203,train,False
expfm,explicit,0.1,t4lisyr9,RodentForwardModel_delay8_eff8-20260811-173834,failed,8,ef060b73,0.05,eval3ds-n05-ead26b7d,new_eval,False
expfm,explicit,0.1,t4lisyr9,RodentForwardModel_delay8_eff8-20260811-173834,failed,8,ef060b73,0.05,eval3ds-n05-ead26b7d,old_eval,False
expfm,explicit,0.1,t4lisyr9,RodentForwardModel_delay8_eff8-20260811-173834,failed,8,ef060b73,0.05,eval3ds-n05-ead26b7d,train,False
expfm,explicit,0.1,t4lisyr9,RodentForwardModel_delay8_eff8-20260811-173834,failed,8,ef060b73,0.1,eval3ds-n10-2d7c9136,new_eval,False
expfm,explicit,0.1,t4lisyr9,RodentForwardModel_delay8_eff8-20260811-173834,failed,8,ef060b73,0.1,eval3ds-n10-2d7c9136,old_eval,False
expfm,explicit,0.1,t4lisyr9,RodentForwardModel_delay8_eff8-20260811-173834,failed,8,ef060b73,0.1,eval3ds-n10-2d7c9136,train,False
expfm,explicit,0.1,t4lisyr9,RodentForwardModel_delay8_eff8-20260811-173834,failed,8,ef060b73,0.25,eval3ds-n25-9443d2fe,new_eval,False
expfm,explicit,0.1,t4lisyr9,RodentForwardModel_delay8_eff8-20260811-173834,failed,8,ef060b73,0.25,eval3ds-n25-9443d2fe,old_eval,False
expfm,explicit,0.1,t4lisyr9,RodentForwardModel_delay8_eff8-20260811-173834,failed,8,ef060b73,0.25,eval3ds-n25-9443d2fe,train,False
expfm,explicit,0.1,7c6xmp09,RodentForwardModel_delay9_eff9-20260811-173842,failed,9,ef060b73,0.0,eval3ds-n00-04ceda93,new_eval,False
expfm,explicit,0.1,7c6xmp09,RodentForwardModel_delay9_eff9-20260811-173842,failed,9,ef060b73,0.0,eval3ds-n00-04ceda93,old_eval,False
expfm,explicit,0.1,7c6xmp09,RodentForwardModel_delay9_eff9-20260811-173842,failed,9,ef060b73,0.0,eval3ds-n00-04ceda93,train,False
expfm,explicit,0.1,7c6xmp09,RodentForwardModel_delay9_eff9-20260811-173842,failed,9,ef060b73,0.02,eval3ds-n02-5bcf9203,new_eval,False
expfm,explicit,0.1,7c6xmp09,RodentForwardModel_delay9_eff9-20260811-173842,failed,9,ef060b73,0.02,eval3ds-n02-5bcf9203,old_eval,False
expfm,explicit,0.1,7c6xmp09,RodentForwardModel_delay9_eff9-20260811-173842,failed,9,ef060b73,0.02,eval3ds-n02-5bcf9203,train,False
expfm,explicit,0.1,7c6xmp09,RodentForwardModel_delay9_eff9-20260811-173842,failed,9,ef060b73,0.05,eval3ds-n05-ead26b7d,new_eval,False
expfm,explicit,0.1,7c6xmp09,RodentForwardModel_delay9_eff9-20260811-173842,failed,9,ef060b73,0.05,eval3ds-n05-ead26b7d,old_eval,False
expfm,explicit,0.1,7c6xmp09,RodentForwardModel_delay9_eff9-20260811-173842,failed,9,ef060b73,0.05,eval3ds-n05-ead26b7d,train,False
expfm,explicit,0.1,7c6xmp09,RodentForwardModel_delay9_eff9-20260811-173842,failed,9,ef060b73,0.1,eval3ds-n10-2d7c9136,new_eval,False
expfm,explicit,0.1,7c6xmp09,RodentForwardModel_delay9_eff9-20260811-173842,failed,9,ef060b73,0.1,eval3ds-n10-2d7c9136,old_eval,False
expfm,explicit,0.1,7c6xmp09,RodentForwardModel_delay9_eff9-20260811-173842,failed,9,ef060b73,0.1,eval3ds-n10-2d7c9136,train,False
expfm,explicit,0.1,7c6xmp09,RodentForwardModel_delay9_eff9-20260811-173842,failed,9,ef060b73,0.25,eval3ds-n25-9443d2fe,new_eval,False
expfm,explicit,0.1,7c6xmp09,RodentForwardModel_delay9_eff9-20260811-173842,failed,9,ef060b73,0.25,eval3ds-n25-9443d2fe,old_eval,False
expfm,explicit,0.1,7c6xmp09,RodentForwardModel_delay9_eff9-20260811-173842,failed,9,ef060b73,0.25,eval3ds-n25-9443d2fe,train,False
expfm,explicit,0.1,25io6a70,RodentForwardModel_delay10_eff10-20260811-174250,failed,10,ef060b73,0.0,eval3ds-n00-04ceda93,new_eval,False
expfm,explicit,0.1,25io6a70,RodentForwardModel_delay10_eff10-20260811-174250,failed,10,ef060b73,0.0,eval3ds-n00-04ceda93,old_eval,False
expfm,explicit,0.1,25io6a70,RodentForwardModel_delay10_eff10-20260811-174250,failed,10,ef060b73,0.0,eval3ds-n00-04ceda93,train,False
expfm,explicit,0.1,25io6a70,RodentForwardModel_delay10_eff10-20260811-174250,failed,10,ef060b73,0.02,eval3ds-n02-5bcf9203,new_eval,False
expfm,explicit,0.1,25io6a70,RodentForwardModel_delay10_eff10-20260811-174250,failed,10,ef060b73,0.02,eval3ds-n02-5bcf9203,old_eval,False
expfm,explicit,0.1,25io6a70,RodentForwardModel_delay10_eff10-20260811-174250,failed,10,ef060b73,0.02,eval3ds-n02-5bcf9203,train,False
expfm,explicit,0.1,25io6a70,RodentForwardModel_delay10_eff10-20260811-174250,failed,10,ef060b73,0.05,eval3ds-n05-ead26b7d,new_eval,False
expfm,explicit,0.1,25io6a70,RodentForwardModel_delay10_eff10-20260811-174250,failed,10,ef060b73,0.05,eval3ds-n05-ead26b7d,old_eval,False
expfm,explicit,0.1,25io6a70,RodentForwardModel_delay10_eff10-20260811-174250,failed,10,ef060b73,0.05,eval3ds-n05-ead26b7d,train,False
expfm,explicit,0.1,25io6a70,RodentForwardModel_delay10_eff10-20260811-174250,failed,10,ef060b73,0.1,eval3ds-n10-2d7c9136,new_eval,False
expfm,explicit,0.1,25io6a70,RodentForwardModel_delay10_eff10-20260811-174250,failed,10,ef060b73,0.1,eval3ds-n10-2d7c9136,old_eval,False
expfm,explicit,0.1,25io6a70,RodentForwardModel_delay10_eff10-20260811-174250,failed,10,ef060b73,0.1,eval3ds-n10-2d7c9136,train,False
expfm,explicit,0.1,25io6a70,RodentForwardModel_delay10_eff10-20260811-174250,failed,10,ef060b73,0.25,eval3ds-n25-9443d2fe,new_eval,False
expfm,explicit,0.1,25io6a70,RodentForwardModel_delay10_eff10-20260811-174250,failed,10,ef060b73,0.25,eval3ds-n25-9443d2fe,old_eval,False
expfm,explicit,0.1,25io6a70,RodentForwardModel_delay10_eff10-20260811-174250,failed,10,ef060b73,0.25,eval3ds-n25-9443d2fe,train,False
expfm,explicit,0.1,zq4rpcds,RodentForwardModel_delay12_eff12-20260811-174307,failed,12,ef060b73,0.0,eval3ds-n00-04ceda93,new_eval,False
expfm,explicit,0.1,zq4rpcds,RodentForwardModel_delay12_eff12-20260811-174307,failed,12,ef060b73,0.0,eval3ds-n00-04ceda93,old_eval,False
expfm,explicit,0.1,zq4rpcds,RodentForwardModel_delay12_eff12-20260811-174307,failed,12,ef060b73,0.0,eval3ds-n00-04ceda93,train,False
expfm,explicit,0.1,zq4rpcds,RodentForwardModel_delay12_eff12-20260811-174307,failed,12,ef060b73,0.02,eval3ds-n02-5bcf9203,new_eval,False
expfm,explicit,0.1,zq4rpcds,RodentForwardModel_delay12_eff12-20260811-174307,failed,12,ef060b73,0.02,eval3ds-n02-5bcf9203,old_eval,False
expfm,explicit,0.1,zq4rpcds,RodentForwardModel_delay12_eff12-20260811-174307,failed,12,ef060b73,0.02,eval3ds-n02-5bcf9203,train,False
expfm,explicit,0.1,zq4rpcds,RodentForwardModel_delay12_eff12-20260811-174307,failed,12,ef060b73,0.05,eval3ds-n05-ead26b7d,new_eval,False
expfm,explicit,0.1,zq4rpcds,RodentForwardModel_delay12_eff12-20260811-174307,failed,12,ef060b73,0.05,eval3ds-n05-ead26b7d,old_eval,False
expfm,explicit,0.1,zq4rpcds,RodentForwardModel_delay12_eff12-20260811-174307,failed,12,ef060b73,0.05,eval3ds-n05-ead26b7d,train,False
expfm,explicit,0.1,zq4rpcds,RodentForwardModel_delay12_eff12-20260811-174307,failed,12,ef060b73,0.1,eval3ds-n10-2d7c9136,new_eval,False
expfm,explicit,0.1,zq4rpcds,RodentForwardModel_delay12_eff12-20260811-174307,failed,12,ef060b73,0.1,eval3ds-n10-2d7c9136,old_eval,False
expfm,explicit,0.1,zq4rpcds,RodentForwardModel_delay12_eff12-20260811-174307,failed,12,ef060b73,0.1,eval3ds-n10-2d7c9136,train,False
expfm,explicit,0.1,zq4rpcds,RodentForwardModel_delay12_eff12-20260811-174307,failed,12,ef060b73,0.25,eval3ds-n25-9443d2fe,new_eval,False
expfm,explicit,0.1,zq4rpcds,RodentForwardModel_delay12_eff12-20260811-174307,failed,12,ef060b73,0.25,eval3ds-n25-9443d2fe,old_eval,False
expfm,explicit,0.1,zq4rpcds,RodentForwardModel_delay12_eff12-20260811-174307,failed,12,ef060b73,0.25,eval3ds-n25-9443d2fe,train,False
expfm,explicit,0.1,yws4x1hj,RodentForwardModel_delay15_eff15-20260811-174441,failed,15,ef060b73,0.0,eval3ds-n00-04ceda93,new_eval,False
expfm,explicit,0.1,yws4x1hj,RodentForwardModel_delay15_eff15-20260811-174441,failed,15,ef060b73,0.0,eval3ds-n00-04ceda93,old_eval,False
expfm,explicit,0.1,yws4x1hj,RodentForwardModel_delay15_eff15-20260811-174441,failed,15,ef060b73,0.0,eval3ds-n00-04ceda93,train,False
expfm,explicit,0.1,yws4x1hj,RodentForwardModel_delay15_eff15-20260811-174441,failed,15,ef060b73,0.02,eval3ds-n02-5bcf9203,new_eval,False
expfm,explicit,0.1,yws4x1hj,RodentForwardModel_delay15_eff15-20260811-174441,failed,15,ef060b73,0.02,eval3ds-n02-5bcf9203,old_eval,False
expfm,explicit,0.1,yws4x1hj,RodentForwardModel_delay15_eff15-20260811-174441,failed,15,ef060b73,0.02,eval3ds-n02-5bcf9203,train,False
expfm,explicit,0.1,yws4x1hj,RodentForwardModel_delay15_eff15-20260811-174441,failed,15,ef060b73,0.05,eval3ds-n05-ead26b7d,new_eval,False
expfm,explicit,0.1,yws4x1hj,RodentForwardModel_delay15_eff15-20260811-174441,failed,15,ef060b73,0.05,eval3ds-n05-ead26b7d,old_eval,False
expfm,explicit,0.1,yws4x1hj,RodentForwardModel_delay15_eff15-20260811-174441,failed,15,ef060b73,0.05,eval3ds-n05-ead26b7d,train,False
expfm,explicit,0.1,yws4x1hj,RodentForwardModel_delay15_eff15-20260811-174441,failed,15,ef060b73,0.1,eval3ds-n10-2d7c9136,new_eval,False
expfm,explicit,0.1,yws4x1hj,RodentForwardModel_delay15_eff15-20260811-174441,failed,15,ef060b73,0.1,eval3ds-n10-2d7c9136,old_eval,False
expfm,explicit,0.1,yws4x1hj,RodentForwardModel_delay15_eff15-20260811-174441,failed,15,ef060b73,0.1,eval3ds-n10-2d7c9136,train,False
expfm,explicit,0.1,yws4x1hj,RodentForwardModel_delay15_eff15-20260811-174441,failed,15,ef060b73,0.25,eval3ds-n25-9443d2fe,new_eval,False
expfm,explicit,0.1,yws4x1hj,RodentForwardModel_delay15_eff15-20260811-174441,failed,15,ef060b73,0.25,eval3ds-n25-9443d2fe,old_eval,False
expfm,explicit,0.1,yws4x1hj,RodentForwardModel_delay15_eff15-20260811-174441,failed,15,ef060b73,0.25,eval3ds-n25-9443d2fe,train,False
expfm,explicit,0.1,48icppj0,RodentForwardModel_delay20_eff20-20260811-174441,failed,20,ef060b73,0.0,eval3ds-n00-04ceda93,new_eval,False
expfm,explicit,0.1,48icppj0,RodentForwardModel_delay20_eff20-20260811-174441,failed,20,ef060b73,0.0,eval3ds-n00-04ceda93,old_eval,False
expfm,explicit,0.1,48icppj0,RodentForwardModel_delay20_eff20-20260811-174441,failed,20,ef060b73,0.0,eval3ds-n00-04ceda93,train,False
expfm,explicit,0.1,48icppj0,RodentForwardModel_delay20_eff20-20260811-174441,failed,20,ef060b73,0.02,eval3ds-n02-5bcf9203,new_eval,False
expfm,explicit,0.1,48icppj0,RodentForwardModel_delay20_eff20-20260811-174441,failed,20,ef060b73,0.02,eval3ds-n02-5bcf9203,old_eval,False
expfm,explicit,0.1,48icppj0,RodentForwardModel_delay20_eff20-20260811-174441,failed,20,ef060b73,0.02,eval3ds-n02-5bcf9203,train,False
expfm,explicit,0.1,48icppj0,RodentForwardModel_delay20_eff20-20260811-174441,failed,20,ef060b73,0.05,eval3ds-n05-ead26b7d,new_eval,False
expfm,explicit,0.1,48icppj0,RodentForwardModel_delay20_eff20-20260811-174441,failed,20,ef060b73,0.05,eval3ds-n05-ead26b7d,old_eval,False
expfm,explicit,0.1,48icppj0,RodentForwardModel_delay20_eff20-20260811-174441,failed,20,ef060b73,0.05,eval3ds-n05-ead26b7d,train,False
expfm,explicit,0.1,48icppj0,RodentForwardModel_delay20_eff20-20260811-174441,failed,20,ef060b73,0.1,eval3ds-n10-2d7c9136,new_eval,False
expfm,explicit,0.1,48icppj0,RodentForwardModel_delay20_eff20-20260811-174441,failed,20,ef060b73,0.1,eval3ds-n10-2d7c9136,old_eval,False
expfm,explicit,0.1,48icppj0,RodentForwardModel_delay20_eff20-20260811-174441,failed,20,ef060b73,0.1,eval3ds-n10-2d7c9136,train,False
expfm,explicit,0.1,48icppj0,RodentForwardModel_delay20_eff20-20260811-174441,failed,20,ef060b73,0.25,eval3ds-n25-9443d2fe,new_eval,False
expfm,explicit,0.1,48icppj0,RodentForwardModel_delay20_eff20-20260811-174441,failed,20,ef060b73,0.25,eval3ds-n25-9443d2fe,old_eval,False
expfm,explicit,0.1,48icppj0,RodentForwardModel_delay20_eff20-20260811-174441,failed,20,ef060b73,0.25,eval3ds-n25-9443d2fe,train,False
expfm,explicit,0.1,3osnm0o6,RodentForwardModel_delay25_eff25-20260811-175025,failed,25,ef060b73,0.0,eval3ds-n00-04ceda93,new_eval,False
expfm,explicit,0.1,3osnm0o6,RodentForwardModel_delay25_eff25-20260811-175025,failed,25,ef060b73,0.0,eval3ds-n00-04ceda93,old_eval,False
expfm,explicit,0.1,3osnm0o6,RodentForwardModel_delay25_eff25-20260811-175025,failed,25,ef060b73,0.0,eval3ds-n00-04ceda93,train,False
expfm,explicit,0.1,3osnm0o6,RodentForwardModel_delay25_eff25-20260811-175025,failed,25,ef060b73,0.02,eval3ds-n02-5bcf9203,new_eval,False
expfm,explicit,0.1,3osnm0o6,RodentForwardModel_delay25_eff25-20260811-175025,failed,25,ef060b73,0.02,eval3ds-n02-5bcf9203,old_eval,False
expfm,explicit,0.1,3osnm0o6,RodentForwardModel_delay25_eff25-20260811-175025,failed,25,ef060b73,0.02,eval3ds-n02-5bcf9203,train,False
expfm,explicit,0.1,3osnm0o6,RodentForwardModel_delay25_eff25-20260811-175025,failed,25,ef060b73,0.05,eval3ds-n05-ead26b7d,new_eval,False
expfm,explicit,0.1,3osnm0o6,RodentForwardModel_delay25_eff25-20260811-175025,failed,25,ef060b73,0.05,eval3ds-n05-ead26b7d,old_eval,False
expfm,explicit,0.1,3osnm0o6,RodentForwardModel_delay25_eff25-20260811-175025,failed,25,ef060b73,0.05,eval3ds-n05-ead26b7d,train,False
expfm,explicit,0.1,3osnm0o6,RodentForwardModel_delay25_eff25-20260811-175025,failed,25,ef060b73,0.1,eval3ds-n10-2d7c9136,new_eval,False
expfm,explicit,0.1,3osnm0o6,RodentForwardModel_delay25_eff25-20260811-175025,failed,25,ef060b73,0.1,eval3ds-n10-2d7c9136,old_eval,False
expfm,explicit,0.1,3osnm0o6,RodentForwardModel_delay25_eff25-20260811-175025,failed,25,ef060b73,0.1,eval3ds-n10-2d7c9136,train,False
expfm,explicit,0.1,3osnm0o6,RodentForwardModel_delay25_eff25-20260811-175025,failed,25,ef060b73,0.25,eval3ds-n25-9443d2fe,new_eval,False
expfm,explicit,0.1,3osnm0o6,RodentForwardModel_delay25_eff25-20260811-175025,failed,25,ef060b73,0.25,eval3ds-n25-9443d2fe,old_eval,False
expfm,explicit,0.1,3osnm0o6,RodentForwardModel_delay25_eff25-20260811-175025,failed,25,ef060b73,0.25,eval3ds-n25-9443d2fe,train,False
expfm,explicit,0.1,6ugicoso,RodentForwardModel_delay30_eff30-20260811-175615,failed,30,ef060b73,0.0,eval3ds-n00-04ceda93,new_eval,False
expfm,explicit,0.1,6ugicoso,RodentForwardModel_delay30_eff30-20260811-175615,failed,30,ef060b73,0.0,eval3ds-n00-04ceda93,old_eval,False
expfm,explicit,0.1,6ugicoso,RodentForwardModel_delay30_eff30-20260811-175615,failed,30,ef060b73,0.0,eval3ds-n00-04ceda93,train,False
expfm,explicit,0.1,6ugicoso,RodentForwardModel_delay30_eff30-20260811-175615,failed,30,ef060b73,0.02,eval3ds-n02-5bcf9203,new_eval,False
expfm,explicit,0.1,6ugicoso,RodentForwardModel_delay30_eff30-20260811-175615,failed,30,ef060b73,0.02,eval3ds-n02-5bcf9203,old_eval,False
expfm,explicit,0.1,6ugicoso,RodentForwardModel_delay30_eff30-20260811-175615,failed,30,ef060b73,0.02,eval3ds-n02-5bcf9203,train,False
expfm,explicit,0.1,6ugicoso,RodentForwardModel_delay30_eff30-20260811-175615,failed,30,ef060b73,0.05,eval3ds-n05-ead26b7d,new_eval,False
expfm,explicit,0.1,6ugicoso,RodentForwardModel_delay30_eff30-20260811-175615,failed,30,ef060b73,0.05,eval3ds-n05-ead26b7d,old_eval,False
expfm,explicit,0.1,6ugicoso,RodentForwardModel_delay30_eff30-20260811-175615,failed,30,ef060b73,0.05,eval3ds-n05-ead26b7d,train,False
expfm,explicit,0.1,6ugicoso,RodentForwardModel_delay30_eff30-20260811-175615,failed,30,ef060b73,0.1,eval3ds-n10-2d7c9136,new_eval,False
expfm,explicit,0.1,6ugicoso,RodentForwardModel_delay30_eff30-20260811-175615,failed,30,ef060b73,0.1,eval3ds-n10-2d7c9136,old_eval,False
expfm,explicit,0.1,6ugicoso,RodentForwardModel_delay30_eff30-20260811-175615,failed,30,ef060b73,0.1,eval3ds-n10-2d7c9136,train,False
expfm,explicit,0.1,6ugicoso,RodentForwardModel_delay30_eff30-20260811-175615,failed,30,ef060b73,0.25,eval3ds-n25-9443d2fe,new_eval,False
expfm,explicit,0.1,6ugicoso,RodentForwardModel_delay30_eff30-20260811-175615,failed,30,ef060b73,0.25,eval3ds-n25-9443d2fe,old_eval,False
expfm,explicit,0.1,6ugicoso,RodentForwardModel_delay30_eff30-20260811-175615,failed,30,ef060b73,0.25,eval3ds-n25-9443d2fe,train,False
expfm,explicit,0.1,qqzdghe9,RodentForwardModel_delay40_eff40-20260811-175614,failed,40,ef060b73,0.0,eval3ds-n00-04ceda93,new_eval,False
expfm,explicit,0.1,qqzdghe9,RodentForwardModel_delay40_eff40-20260811-175614,failed,40,ef060b73,0.0,eval3ds-n00-04ceda93,old_eval,False
expfm,explicit,0.1,qqzdghe9,RodentForwardModel_delay40_eff40-20260811-175614,failed,40,ef060b73,0.0,eval3ds-n00-04ceda93,train,False
expfm,explicit,0.1,qqzdghe9,RodentForwardModel_delay40_eff40-20260811-175614,failed,40,ef060b73,0.02,eval3ds-n02-5bcf9203,new_eval,False
expfm,explicit,0.1,qqzdghe9,RodentForwardModel_delay40_eff40-20260811-175614,failed,40,ef060b73,0.02,eval3ds-n02-5bcf9203,old_eval,False
expfm,explicit,0.1,qqzdghe9,RodentForwardModel_delay40_eff40-20260811-175614,failed,40,ef060b73,0.02,eval3ds-n02-5bcf9203,train,False
expfm,explicit,0.1,qqzdghe9,RodentForwardModel_delay40_eff40-20260811-175614,failed,40,ef060b73,0.05,eval3ds-n05-ead26b7d,new_eval,False
expfm,explicit,0.1,qqzdghe9,RodentForwardModel_delay40_eff40-20260811-175614,failed,40,ef060b73,0.05,eval3ds-n05-ead26b7d,old_eval,False
expfm,explicit,0.1,qqzdghe9,RodentForwardModel_delay40_eff40-20260811-175614,failed,40,ef060b73,0.05,eval3ds-n05-ead26b7d,train,False
expfm,explicit,0.1,qqzdghe9,RodentForwardModel_delay40_eff40-20260811-175614,failed,40,ef060b73,0.1,eval3ds-n10-2d7c9136,new_eval,False
expfm,explicit,0.1,qqzdghe9,RodentForwardModel_delay40_eff40-20260811-175614,failed,40,ef060b73,0.1,eval3ds-n10-2d7c9136,old_eval,False
expfm,explicit,0.1,qqzdghe9,RodentForwardModel_delay40_eff40-20260811-175614,failed,40,ef060b73,0.1,eval3ds-n10-2d7c9136,train,False
expfm,explicit,0.1,qqzdghe9,RodentForwardModel_delay40_eff40-20260811-175614,failed,40,ef060b73,0.25,eval3ds-n25-9443d2fe,new_eval,False
expfm,explicit,0.1,qqzdghe9,RodentForwardModel_delay40_eff40-20260811-175614,failed,40,ef060b73,0.25,eval3ds-n25-9443d2fe,old_eval,False
expfm,explicit,0.1,qqzdghe9,RodentForwardModel_delay40_eff40-20260811-175614,failed,40,ef060b73,0.25,eval3ds-n25-9443d2fe,train,False
expfm,explicit,0.1,6cbzq5on,RodentForwardModel_delay50_eff50-20260811-180113,failed,50,ef060b73,0.0,eval3ds-n00-04ceda93,new_eval,False
expfm,explicit,0.1,6cbzq5on,RodentForwardModel_delay50_eff50-20260811-180113,failed,50,ef060b73,0.0,eval3ds-n00-04ceda93,old_eval,False
expfm,explicit,0.1,6cbzq5on,RodentForwardModel_delay50_eff50-20260811-180113,failed,50,ef060b73,0.0,eval3ds-n00-04ceda93,train,False
expfm,explicit,0.1,6cbzq5on,RodentForwardModel_delay50_eff50-20260811-180113,failed,50,ef060b73,0.02,eval3ds-n02-5bcf9203,new_eval,False
expfm,explicit,0.1,6cbzq5on,RodentForwardModel_delay50_eff50-20260811-180113,failed,50,ef060b73,0.02,eval3ds-n02-5bcf9203,old_eval,False
expfm,explicit,0.1,6cbzq5on,RodentForwardModel_delay50_eff50-20260811-180113,failed,50,ef060b73,0.02,eval3ds-n02-5bcf9203,train,False
expfm,explicit,0.1,6cbzq5on,RodentForwardModel_delay50_eff50-20260811-180113,failed,50,ef060b73,0.05,eval3ds-n05-ead26b7d,new_eval,False
expfm,explicit,0.1,6cbzq5on,RodentForwardModel_delay50_eff50-20260811-180113,failed,50,ef060b73,0.05,eval3ds-n05-ead26b7d,old_eval,False
expfm,explicit,0.1,6cbzq5on,RodentForwardModel_delay50_eff50-20260811-180113,failed,50,ef060b73,0.05,eval3ds-n05-ead26b7d,train,False
expfm,explicit,0.1,6cbzq5on,RodentForwardModel_delay50_eff50-20260811-180113,failed,50,ef060b73,0.1,eval3ds-n10-2d7c9136,new_eval,False
expfm,explicit,0.1,6cbzq5on,RodentForwardModel_delay50_eff50-20260811-180113,failed,50,ef060b73,0.1,eval3ds-n10-2d7c9136,old_eval,False
expfm,explicit,0.1,6cbzq5on,RodentForwardModel_delay50_eff50-20260811-180113,failed,50,ef060b73,0.1,eval3ds-n10-2d7c9136,train,False
expfm,explicit,0.1,6cbzq5on,RodentForwardModel_delay50_eff50-20260811-180113,failed,50,ef060b73,0.25,eval3ds-n25-9443d2fe,new_eval,False
expfm,explicit,0.1,6cbzq5on,RodentForwardModel_delay50_eff50-20260811-180113,failed,50,ef060b73,0.25,eval3ds-n25-9443d2fe,old_eval,False
expfm,explicit,0.1,6cbzq5on,RodentForwardModel_delay50_eff50-20260811-180113,failed,50,ef060b73,0.25,eval3ds-n25-9443d2fe,train,False
expfm,explicit,0.1,tuakxoap,RodentForwardModel_delay60_eff60-20260811-180332,failed,60,ef060b73,0.0,eval3ds-n00-04ceda93,new_eval,False
expfm,explicit,0.1,tuakxoap,RodentForwardModel_delay60_eff60-20260811-180332,failed,60,ef060b73,0.0,eval3ds-n00-04ceda93,old_eval,False
expfm,explicit,0.1,tuakxoap,RodentForwardModel_delay60_eff60-20260811-180332,failed,60,ef060b73,0.0,eval3ds-n00-04ceda93,train,False
expfm,explicit,0.1,tuakxoap,RodentForwardModel_delay60_eff60-20260811-180332,failed,60,ef060b73,0.02,eval3ds-n02-5bcf9203,new_eval,False
expfm,explicit,0.1,tuakxoap,RodentForwardModel_delay60_eff60-20260811-180332,failed,60,ef060b73,0.02,eval3ds-n02-5bcf9203,old_eval,False
expfm,explicit,0.1,tuakxoap,RodentForwardModel_delay60_eff60-20260811-180332,failed,60,ef060b73,0.02,eval3ds-n02-5bcf9203,train,False
expfm,explicit,0.1,tuakxoap,RodentForwardModel_delay60_eff60-20260811-180332,failed,60,ef060b73,0.05,eval3ds-n05-ead26b7d,new_eval,False
expfm,explicit,0.1,tuakxoap,RodentForwardModel_delay60_eff60-20260811-180332,failed,60,ef060b73,0.05,eval3ds-n05-ead26b7d,old_eval,False
expfm,explicit,0.1,tuakxoap,RodentForwardModel_delay60_eff60-20260811-180332,failed,60,ef060b73,0.05,eval3ds-n05-ead26b7d,train,False
expfm,explicit,0.1,tuakxoap,RodentForwardModel_delay60_eff60-20260811-180332,failed,60,ef060b73,0.1,eval3ds-n10-2d7c9136,new_eval,False
expfm,explicit,0.1,tuakxoap,RodentForwardModel_delay60_eff60-20260811-180332,failed,60,ef060b73,0.1,eval3ds-n10-2d7c9136,old_eval,False
expfm,explicit,0.1,tuakxoap,RodentForwardModel_delay60_eff60-20260811-180332,failed,60,ef060b73,0.1,eval3ds-n10-2d7c9136,train,False
expfm,explicit,0.1,tuakxoap,RodentForwardModel_delay60_eff60-20260811-180332,failed,60,ef060b73,0.25,eval3ds-n25-9443d2fe,new_eval,False
expfm,explicit,0.1,tuakxoap,RodentForwardModel_delay60_eff60-20260811-180332,failed,60,ef060b73,0.25,eval3ds-n25-9443d2fe,old_eval,False
expfm,explicit,0.1,tuakxoap,RodentForwardModel_delay60_eff60-20260811-180332,failed,60,ef060b73,0.25,eval3ds-n25-9443d2fe,train,False
expfm,explicit,0.1,czsyqfjy,RodentForwardModel_delay70_eff70-20260811-180332,failed,70,ef060b73,0.0,eval3ds-n00-04ceda93,new_eval,False
expfm,explicit,0.1,czsyqfjy,RodentForwardModel_delay70_eff70-20260811-180332,failed,70,ef060b73,0.0,eval3ds-n00-04ceda93,old_eval,False
expfm,explicit,0.1,czsyqfjy,RodentForwardModel_delay70_eff70-20260811-180332,failed,70,ef060b73,0.0,eval3ds-n00-04ceda93,train,False
expfm,explicit,0.1,czsyqfjy,RodentForwardModel_delay70_eff70-20260811-180332,failed,70,ef060b73,0.02,eval3ds-n02-5bcf9203,new_eval,False
expfm,explicit,0.1,czsyqfjy,RodentForwardModel_delay70_eff70-20260811-180332,failed,70,ef060b73,0.02,eval3ds-n02-5bcf9203,old_eval,False
expfm,explicit,0.1,czsyqfjy,RodentForwardModel_delay70_eff70-20260811-180332,failed,70,ef060b73,0.02,eval3ds-n02-5bcf9203,train,False
expfm,explicit,0.1,czsyqfjy,RodentForwardModel_delay70_eff70-20260811-180332,failed,70,ef060b73,0.05,eval3ds-n05-ead26b7d,new_eval,False
expfm,explicit,0.1,czsyqfjy,RodentForwardModel_delay70_eff70-20260811-180332,failed,70,ef060b73,0.05,eval3ds-n05-ead26b7d,old_eval,False
expfm,explicit,0.1,czsyqfjy,RodentForwardModel_delay70_eff70-20260811-180332,failed,70,ef060b73,0.05,eval3ds-n05-ead26b7d,train,False
expfm,explicit,0.1,czsyqfjy,RodentForwardModel_delay70_eff70-20260811-180332,failed,70,ef060b73,0.1,eval3ds-n10-2d7c9136,new_eval,False
expfm,explicit,0.1,czsyqfjy,RodentForwardModel_delay70_eff70-20260811-180332,failed,70,ef060b73,0.1,eval3ds-n10-2d7c9136,old_eval,False
expfm,explicit,0.1,czsyqfjy,RodentForwardModel_delay70_eff70-20260811-180332,failed,70,ef060b73,0.1,eval3ds-n10-2d7c9136,train,False
expfm,explicit,0.1,czsyqfjy,RodentForwardModel_delay70_eff70-20260811-180332,failed,70,ef060b73,0.25,eval3ds-n25-9443d2fe,new_eval,False
expfm,explicit,0.1,czsyqfjy,RodentForwardModel_delay70_eff70-20260811-180332,failed,70,ef060b73,0.25,eval3ds-n25-9443d2fe,old_eval,False
expfm,explicit,0.1,czsyqfjy,RodentForwardModel_delay70_eff70-20260811-180332,failed,70,ef060b73,0.25,eval3ds-n25-9443d2fe,train,False
expfm,explicit,0.1,qubjc67b,RodentForwardModel_delay80_eff80-20260811-181325,failed,80,ef060b73,0.0,eval3ds-n00-04ceda93,new_eval,False
expfm,explicit,0.1,qubjc67b,RodentForwardModel_delay80_eff80-20260811-181325,failed,80,ef060b73,0.0,eval3ds-n00-04ceda93,old_eval,False
expfm,explicit,0.1,qubjc67b,RodentForwardModel_delay80_eff80-20260811-181325,failed,80,ef060b73,0.0,eval3ds-n00-04ceda93,train,False
expfm,explicit,0.1,qubjc67b,RodentForwardModel_delay80_eff80-20260811-181325,failed,80,ef060b73,0.02,eval3ds-n02-5bcf9203,new_eval,False
expfm,explicit,0.1,qubjc67b,RodentForwardModel_delay80_eff80-20260811-181325,failed,80,ef060b73,0.02,eval3ds-n02-5bcf9203,old_eval,False
expfm,explicit,0.1,qubjc67b,RodentForwardModel_delay80_eff80-20260811-181325,failed,80,ef060b73,0.02,eval3ds-n02-5bcf9203,train,False
expfm,explicit,0.1,qubjc67b,RodentForwardModel_delay80_eff80-20260811-181325,failed,80,ef060b73,0.05,eval3ds-n05-ead26b7d,new_eval,False
expfm,explicit,0.1,qubjc67b,RodentForwardModel_delay80_eff80-20260811-181325,failed,80,ef060b73,0.05,eval3ds-n05-ead26b7d,old_eval,False
expfm,explicit,0.1,qubjc67b,RodentForwardModel_delay80_eff80-20260811-181325,failed,80,ef060b73,0.05,eval3ds-n05-ead26b7d,train,False
expfm,explicit,0.1,qubjc67b,RodentForwardModel_delay80_eff80-20260811-181325,failed,80,ef060b73,0.1,eval3ds-n10-2d7c9136,new_eval,False
expfm,explicit,0.1,qubjc67b,RodentForwardModel_delay80_eff80-20260811-181325,failed,80,ef060b73,0.1,eval3ds-n10-2d7c9136,old_eval,False
expfm,explicit,0.1,qubjc67b,RodentForwardModel_delay80_eff80-20260811-181325,failed,80,ef060b73,0.1,eval3ds-n10-2d7c9136,train,False
expfm,explicit,0.1,qubjc67b,RodentForwardModel_delay80_eff80-20260811-181325,failed,80,ef060b73,0.25,eval3ds-n25-9443d2fe,new_eval,False
expfm,explicit,0.1,qubjc67b,RodentForwardModel_delay80_eff80-20260811-181325,failed,80,ef060b73,0.25,eval3ds-n25-9443d2fe,old_eval,False
expfm,explicit,0.1,qubjc67b,RodentForwardModel_delay80_eff80-20260811-181325,failed,80,ef060b73,0.25,eval3ds-n25-9443d2fe,train,False
expfm,explicit,0.1,vxo6rooq,RodentForwardModel_delay90_eff90-20260811-181317,failed,90,ef060b73,0.0,eval3ds-n00-04ceda93,new_eval,False
expfm,explicit,0.1,vxo6rooq,RodentForwardModel_delay90_eff90-20260811-181317,failed,90,ef060b73,0.0,eval3ds-n00-04ceda93,old_eval,False
expfm,explicit,0.1,vxo6rooq,RodentForwardModel_delay90_eff90-20260811-181317,failed,90,ef060b73,0.0,eval3ds-n00-04ceda93,train,False
expfm,explicit,0.1,vxo6rooq,RodentForwardModel_delay90_eff90-20260811-181317,failed,90,ef060b73,0.02,eval3ds-n02-5bcf9203,new_eval,False
expfm,explicit,0.1,vxo6rooq,RodentForwardModel_delay90_eff90-20260811-181317,failed,90,ef060b73,0.02,eval3ds-n02-5bcf9203,old_eval,False
expfm,explicit,0.1,vxo6rooq,RodentForwardModel_delay90_eff90-20260811-181317,failed,90,ef060b73,0.02,eval3ds-n02-5bcf9203,train,False
expfm,explicit,0.1,vxo6rooq,RodentForwardModel_delay90_eff90-20260811-181317,failed,90,ef060b73,0.05,eval3ds-n05-ead26b7d,new_eval,False
expfm,explicit,0.1,vxo6rooq,RodentForwardModel_delay90_eff90-20260811-181317,failed,90,ef060b73,0.05,eval3ds-n05-ead26b7d,old_eval,False
expfm,explicit,0.1,vxo6rooq,RodentForwardModel_delay90_eff90-20260811-181317,failed,90,ef060b73,0.05,eval3ds-n05-ead26b7d,train,False
expfm,explicit,0.1,vxo6rooq,RodentForwardModel_delay90_eff90-20260811-181317,failed,90,ef060b73,0.1,eval3ds-n10-2d7c9136,new_eval,False
expfm,explicit,0.1,vxo6rooq,RodentForwardModel_delay90_eff90-20260811-181317,failed,90,ef060b73,0.1,eval3ds-n10-2d7c9136,old_eval,False
expfm,explicit,0.1,vxo6rooq,RodentForwardModel_delay90_eff90-20260811-181317,failed,90,ef060b73,0.1,eval3ds-n10-2d7c9136,train,False
expfm,explicit,0.1,vxo6rooq,RodentForwardModel_delay90_eff90-20260811-181317,failed,90,ef060b73,0.25,eval3ds-n25-9443d2fe,new_eval,False
expfm,explicit,0.1,vxo6rooq,RodentForwardModel_delay90_eff90-20260811-181317,failed,90,ef060b73,0.25,eval3ds-n25-9443d2fe,old_eval,False
expfm,explicit,0.1,vxo6rooq,RodentForwardModel_delay90_eff90-20260811-181317,failed,90,ef060b73,0.25,eval3ds-n25-9443d2fe,train,False
expfm,explicit,0.1,f0a0360u,RodentForwardModel_delay100_eff100-20260811-181425,failed,100,ef060b73,0.0,eval3ds-n00-04ceda93,new_eval,False
expfm,explicit,0.1,f0a0360u,RodentForwardModel_delay100_eff100-20260811-181425,failed,100,ef060b73,0.0,eval3ds-n00-04ceda93,old_eval,False
expfm,explicit,0.1,f0a0360u,RodentForwardModel_delay100_eff100-20260811-181425,failed,100,ef060b73,0.0,eval3ds-n00-04ceda93,train,False
expfm,explicit,0.1,f0a0360u,RodentForwardModel_delay100_eff100-20260811-181425,failed,100,ef060b73,0.02,eval3ds-n02-5bcf9203,new_eval,False
expfm,explicit,0.1,f0a0360u,RodentForwardModel_delay100_eff100-20260811-181425,failed,100,ef060b73,0.02,eval3ds-n02-5bcf9203,old_eval,False
expfm,explicit,0.1,f0a0360u,RodentForwardModel_delay100_eff100-20260811-181425,failed,100,ef060b73,0.02,eval3ds-n02-5bcf9203,train,False
expfm,explicit,0.1,f0a0360u,RodentForwardModel_delay100_eff100-20260811-181425,failed,100,ef060b73,0.05,eval3ds-n05-ead26b7d,new_eval,False
expfm,explicit,0.1,f0a0360u,RodentForwardModel_delay100_eff100-20260811-181425,failed,100,ef060b73,0.05,eval3ds-n05-ead26b7d,old_eval,False
expfm,explicit,0.1,f0a0360u,RodentForwardModel_delay100_eff100-20260811-181425,failed,100,ef060b73,0.05,eval3ds-n05-ead26b7d,train,False
expfm,explicit,0.1,f0a0360u,RodentForwardModel_delay100_eff100-20260811-181425,failed,100,ef060b73,0.1,eval3ds-n10-2d7c9136,new_eval,False
expfm,explicit,0.1,f0a0360u,RodentForwardModel_delay100_eff100-20260811-181425,failed,100,ef060b73,0.1,eval3ds-n10-2d7c9136,old_eval,False
expfm,explicit,0.1,f0a0360u,RodentForwardModel_delay100_eff100-20260811-181425,failed,100,ef060b73,0.1,eval3ds-n10-2d7c9136,train,False
expfm,explicit,0.1,f0a0360u,RodentForwardModel_delay100_eff100-20260811-181425,failed,100,ef060b73,0.25,eval3ds-n25-9443d2fe,new_eval,False
expfm,explicit,0.1,f0a0360u,RodentForwardModel_delay100_eff100-20260811-181425,failed,100,ef060b73,0.25,eval3ds-n25-9443d2fe,old_eval,False
expfm,explicit,0.1,f0a0360u,RodentForwardModel_delay100_eff100-20260811-181425,failed,100,ef060b73,0.25,eval3ds-n25-9443d2fe,train,False
expfm_std25,explicit,0.25,i8v14poe,RodentForwardModel_delay0_eff0-20260813-091900,finished,0,d02b854a,0.0,eval3ds-n00-04ceda93,new_eval,False
expfm_std25,explicit,0.25,i8v14poe,RodentForwardModel_delay0_eff0-20260813-091900,finished,0,d02b854a,0.0,eval3ds-n00-04ceda93,old_eval,False
expfm_std25,explicit,0.25,i8v14poe,RodentForwardModel_delay0_eff0-20260813-091900,finished,0,d02b854a,0.0,eval3ds-n00-04ceda93,train,False
expfm_std25,explicit,0.25,i8v14poe,RodentForwardModel_delay0_eff0-20260813-091900,finished,0,d02b854a,0.02,eval3ds-n02-5bcf9203,new_eval,False
expfm_std25,explicit,0.25,i8v14poe,RodentForwardModel_delay0_eff0-20260813-091900,finished,0,d02b854a,0.02,eval3ds-n02-5bcf9203,old_eval,False
expfm_std25,explicit,0.25,i8v14poe,RodentForwardModel_delay0_eff0-20260813-091900,finished,0,d02b854a,0.02,eval3ds-n02-5bcf9203,train,False
expfm_std25,explicit,0.25,i8v14poe,RodentForwardModel_delay0_eff0-20260813-091900,finished,0,d02b854a,0.05,eval3ds-n05-ead26b7d,new_eval,False
expfm_std25,explicit,0.25,i8v14poe,RodentForwardModel_delay0_eff0-20260813-091900,finished,0,d02b854a,0.05,eval3ds-n05-ead26b7d,old_eval,False
expfm_std25,explicit,0.25,i8v14poe,RodentForwardModel_delay0_eff0-20260813-091900,finished,0,d02b854a,0.05,eval3ds-n05-ead26b7d,train,False
expfm_std25,explicit,0.25,i8v14poe,RodentForwardModel_delay0_eff0-20260813-091900,finished,0,d02b854a,0.1,eval3ds-n10-2d7c9136,new_eval,False
expfm_std25,explicit,0.25,i8v14poe,RodentForwardModel_delay0_eff0-20260813-091900,finished,0,d02b854a,0.1,eval3ds-n10-2d7c9136,old_eval,False
expfm_std25,explicit,0.25,i8v14poe,RodentForwardModel_delay0_eff0-20260813-091900,finished,0,d02b854a,0.1,eval3ds-n10-2d7c9136,train,False
expfm_std25,explicit,0.25,i8v14poe,RodentForwardModel_delay0_eff0-20260813-091900,finished,0,d02b854a,0.25,eval3ds-n25-9443d2fe,new_eval,False
expfm_std25,explicit,0.25,i8v14poe,RodentForwardModel_delay0_eff0-20260813-091900,finished,0,d02b854a,0.25,eval3ds-n25-9443d2fe,old_eval,False
expfm_std25,explicit,0.25,i8v14poe,RodentForwardModel_delay0_eff0-20260813-091900,finished,0,d02b854a,0.25,eval3ds-n25-9443d2fe,train,False
expfm_std25,explicit,0.25,6njfz25l,RodentForwardModel_delay5_eff5-20260813-095258,finished,5,d02b854a,0.0,eval3ds-n00-04ceda93,new_eval,False
expfm_std25,explicit,0.25,6njfz25l,RodentForwardModel_delay5_eff5-20260813-095258,finished,5,d02b854a,0.0,eval3ds-n00-04ceda93,old_eval,False
expfm_std25,explicit,0.25,6njfz25l,RodentForwardModel_delay5_eff5-20260813-095258,finished,5,d02b854a,0.0,eval3ds-n00-04ceda93,train,False
expfm_std25,explicit,0.25,6njfz25l,RodentForwardModel_delay5_eff5-20260813-095258,finished,5,d02b854a,0.02,eval3ds-n02-5bcf9203,new_eval,False
expfm_std25,explicit,0.25,6njfz25l,RodentForwardModel_delay5_eff5-20260813-095258,finished,5,d02b854a,0.02,eval3ds-n02-5bcf9203,old_eval,False
expfm_std25,explicit,0.25,6njfz25l,RodentForwardModel_delay5_eff5-20260813-095258,finished,5,d02b854a,0.02,eval3ds-n02-5bcf9203,train,False
expfm_std25,explicit,0.25,6njfz25l,RodentForwardModel_delay5_eff5-20260813-095258,finished,5,d02b854a,0.05,eval3ds-n05-ead26b7d,new_eval,False
expfm_std25,explicit,0.25,6njfz25l,RodentForwardModel_delay5_eff5-20260813-095258,finished,5,d02b854a,0.05,eval3ds-n05-ead26b7d,old_eval,False
expfm_std25,explicit,0.25,6njfz25l,RodentForwardModel_delay5_eff5-20260813-095258,finished,5,d02b854a,0.05,eval3ds-n05-ead26b7d,train,False
expfm_std25,explicit,0.25,6njfz25l,RodentForwardModel_delay5_eff5-20260813-095258,finished,5,d02b854a,0.1,eval3ds-n10-2d7c9136,new_eval,False
expfm_std25,explicit,0.25,6njfz25l,RodentForwardModel_delay5_eff5-20260813-095258,finished,5,d02b854a,0.1,eval3ds-n10-2d7c9136,old_eval,False
expfm_std25,explicit,0.25,6njfz25l,RodentForwardModel_delay5_eff5-20260813-095258,finished,5,d02b854a,0.1,eval3ds-n10-2d7c9136,train,False
expfm_std25,explicit,0.25,6njfz25l,RodentForwardModel_delay5_eff5-20260813-095258,finished,5,d02b854a,0.25,eval3ds-n25-9443d2fe,new_eval,False
expfm_std25,explicit,0.25,6njfz25l,RodentForwardModel_delay5_eff5-20260813-095258,finished,5,d02b854a,0.25,eval3ds-n25-9443d2fe,old_eval,False
expfm_std25,explicit,0.25,6njfz25l,RodentForwardModel_delay5_eff5-20260813-095258,finished,5,d02b854a,0.25,eval3ds-n25-9443d2fe,train,False
expfm_std25,explicit,0.25,xuud5t3n,RodentForwardModel_delay10_eff10-20260813-095355,finished,10,d02b854a,0.0,eval3ds-n00-04ceda93,new_eval,False
expfm_std25,explicit,0.25,xuud5t3n,RodentForwardModel_delay10_eff10-20260813-095355,finished,10,d02b854a,0.0,eval3ds-n00-04ceda93,old_eval,False
expfm_std25,explicit,0.25,xuud5t3n,RodentForwardModel_delay10_eff10-20260813-095355,finished,10,d02b854a,0.0,eval3ds-n00-04ceda93,train,False
expfm_std25,explicit,0.25,xuud5t3n,RodentForwardModel_delay10_eff10-20260813-095355,finished,10,d02b854a,0.02,eval3ds-n02-5bcf9203,new_eval,False
expfm_std25,explicit,0.25,xuud5t3n,RodentForwardModel_delay10_eff10-20260813-095355,finished,10,d02b854a,0.02,eval3ds-n02-5bcf9203,old_eval,False
expfm_std25,explicit,0.25,xuud5t3n,RodentForwardModel_delay10_eff10-20260813-095355,finished,10,d02b854a,0.02,eval3ds-n02-5bcf9203,train,False
expfm_std25,explicit,0.25,xuud5t3n,RodentForwardModel_delay10_eff10-20260813-095355,finished,10,d02b854a,0.05,eval3ds-n05-ead26b7d,new_eval,False
expfm_std25,explicit,0.25,xuud5t3n,RodentForwardModel_delay10_eff10-20260813-095355,finished,10,d02b854a,0.05,eval3ds-n05-ead26b7d,old_eval,False
expfm_std25,explicit,0.25,xuud5t3n,RodentForwardModel_delay10_eff10-20260813-095355,finished,10,d02b854a,0.05,eval3ds-n05-ead26b7d,train,False
expfm_std25,explicit,0.25,xuud5t3n,RodentForwardModel_delay10_eff10-20260813-095355,finished,10,d02b854a,0.1,eval3ds-n10-2d7c9136,new_eval,False
expfm_std25,explicit,0.25,xuud5t3n,RodentForwardModel_delay10_eff10-20260813-095355,finished,10,d02b854a,0.1,eval3ds-n10-2d7c9136,old_eval,False
expfm_std25,explicit,0.25,xuud5t3n,RodentForwardModel_delay10_eff10-20260813-095355,finished,10,d02b854a,0.1,eval3ds-n10-2d7c9136,train,False
expfm_std25,explicit,0.25,xuud5t3n,RodentForwardModel_delay10_eff10-20260813-095355,finished,10,d02b854a,0.25,eval3ds-n25-9443d2fe,new_eval,False
expfm_std25,explicit,0.25,xuud5t3n,RodentForwardModel_delay10_eff10-20260813-095355,finished,10,d02b854a,0.25,eval3ds-n25-9443d2fe,old_eval,False
expfm_std25,explicit,0.25,xuud5t3n,RodentForwardModel_delay10_eff10-20260813-095355,finished,10,d02b854a,0.25,eval3ds-n25-9443d2fe,train,False
expfm_std25,explicit,0.25,p0t2piro,RodentForwardModel_delay20_eff20-20260813-095854,finished,20,d02b854a,0.0,eval3ds-n00-04ceda93,new_eval,False
expfm_std25,explicit,0.25,p0t2piro,RodentForwardModel_delay20_eff20-20260813-095854,finished,20,d02b854a,0.0,eval3ds-n00-04ceda93,old_eval,False
expfm_std25,explicit,0.25,p0t2piro,RodentForwardModel_delay20_eff20-20260813-095854,finished,20,d02b854a,0.0,eval3ds-n00-04ceda93,train,False
expfm_std25,explicit,0.25,p0t2piro,RodentForwardModel_delay20_eff20-20260813-095854,finished,20,d02b854a,0.02,eval3ds-n02-5bcf9203,new_eval,False
expfm_std25,explicit,0.25,p0t2piro,RodentForwardModel_delay20_eff20-20260813-095854,finished,20,d02b854a,0.02,eval3ds-n02-5bcf9203,old_eval,False
expfm_std25,explicit,0.25,p0t2piro,RodentForwardModel_delay20_eff20-20260813-095854,finished,20,d02b854a,0.02,eval3ds-n02-5bcf9203,train,False
expfm_std25,explicit,0.25,p0t2piro,RodentForwardModel_delay20_eff20-20260813-095854,finished,20,d02b854a,0.05,eval3ds-n05-ead26b7d,new_eval,False
expfm_std25,explicit,0.25,p0t2piro,RodentForwardModel_delay20_eff20-20260813-095854,finished,20,d02b854a,0.05,eval3ds-n05-ead26b7d,old_eval,False
expfm_std25,explicit,0.25,p0t2piro,RodentForwardModel_delay20_eff20-20260813-095854,finished,20,d02b854a,0.05,eval3ds-n05-ead26b7d,train,False
expfm_std25,explicit,0.25,p0t2piro,RodentForwardModel_delay20_eff20-20260813-095854,finished,20,d02b854a,0.1,eval3ds-n10-2d7c9136,new_eval,False
expfm_std25,explicit,0.25,p0t2piro,RodentForwardModel_delay20_eff20-20260813-095854,finished,20,d02b854a,0.1,eval3ds-n10-2d7c9136,old_eval,False
expfm_std25,explicit,0.25,p0t2piro,RodentForwardModel_delay20_eff20-20260813-095854,finished,20,d02b854a,0.1,eval3ds-n10-2d7c9136,train,False
expfm_std25,explicit,0.25,p0t2piro,RodentForwardModel_delay20_eff20-20260813-095854,finished,20,d02b854a,0.25,eval3ds-n25-9443d2fe,new_eval,False
expfm_std25,explicit,0.25,p0t2piro,RodentForwardModel_delay20_eff20-20260813-095854,finished,20,d02b854a,0.25,eval3ds-n25-9443d2fe,old_eval,False
expfm_std25,explicit,0.25,p0t2piro,RodentForwardModel_delay20_eff20-20260813-095854,finished,20,d02b854a,0.25,eval3ds-n25-9443d2fe,train,False
expfm_std25,explicit,0.25,xldnai6j,RodentForwardModel_delay50_eff50-20260813-100429,finished,50,d02b854a,0.0,eval3ds-n00-04ceda93,new_eval,False
expfm_std25,explicit,0.25,xldnai6j,RodentForwardModel_delay50_eff50-20260813-100429,finished,50,d02b854a,0.0,eval3ds-n00-04ceda93,old_eval,False
expfm_std25,explicit,0.25,xldnai6j,RodentForwardModel_delay50_eff50-20260813-100429,finished,50,d02b854a,0.0,eval3ds-n00-04ceda93,train,False
expfm_std25,explicit,0.25,xldnai6j,RodentForwardModel_delay50_eff50-20260813-100429,finished,50,d02b854a,0.02,eval3ds-n02-5bcf9203,new_eval,False
expfm_std25,explicit,0.25,xldnai6j,RodentForwardModel_delay50_eff50-20260813-100429,finished,50,d02b854a,0.02,eval3ds-n02-5bcf9203,old_eval,False
expfm_std25,explicit,0.25,xldnai6j,RodentForwardModel_delay50_eff50-20260813-100429,finished,50,d02b854a,0.02,eval3ds-n02-5bcf9203,train,False
expfm_std25,explicit,0.25,xldnai6j,RodentForwardModel_delay50_eff50-20260813-100429,finished,50,d02b854a,0.05,eval3ds-n05-ead26b7d,new_eval,False
expfm_std25,explicit,0.25,xldnai6j,RodentForwardModel_delay50_eff50-20260813-100429,finished,50,d02b854a,0.05,eval3ds-n05-ead26b7d,old_eval,False
expfm_std25,explicit,0.25,xldnai6j,RodentForwardModel_delay50_eff50-20260813-100429,finished,50,d02b854a,0.05,eval3ds-n05-ead26b7d,train,False
expfm_std25,explicit,0.25,xldnai6j,RodentForwardModel_delay50_eff50-20260813-100429,finished,50,d02b854a,0.1,eval3ds-n10-2d7c9136,new_eval,False
expfm_std25,explicit,0.25,xldnai6j,RodentForwardModel_delay50_eff50-20260813-100429,finished,50,d02b854a,0.1,eval3ds-n10-2d7c9136,old_eval,False
expfm_std25,explicit,0.25,xldnai6j,RodentForwardModel_delay50_eff50-20260813-100429,finished,50,d02b854a,0.1,eval3ds-n10-2d7c9136,train,False
expfm_std25,explicit,0.25,xldnai6j,RodentForwardModel_delay50_eff50-20260813-100429,finished,50,d02b854a,0.25,eval3ds-n25-9443d2fe,new_eval,False
expfm_std25,explicit,0.25,xldnai6j,RodentForwardModel_delay50_eff50-20260813-100429,finished,50,d02b854a,0.25,eval3ds-n25-9443d2fe,old_eval,False
expfm_std25,explicit,0.25,xldnai6j,RodentForwardModel_delay50_eff50-20260813-100429,finished,50,d02b854a,0.25,eval3ds-n25-9443d2fe,train,False
pgfm_std25,implicit,0.25,10sfkazz,RodentForwardModel_delay0_eff0_nodetach-20260813-100613,finished,0,d02b854a,0.0,eval3ds-n00-04ceda93,new_eval,False
pgfm_std25,implicit,0.25,10sfkazz,RodentForwardModel_delay0_eff0_nodetach-20260813-100613,finished,0,d02b854a,0.0,eval3ds-n00-04ceda93,old_eval,False
pgfm_std25,implicit,0.25,10sfkazz,RodentForwardModel_delay0_eff0_nodetach-20260813-100613,finished,0,d02b854a,0.0,eval3ds-n00-04ceda93,train,False
pgfm_std25,implicit,0.25,10sfkazz,RodentForwardModel_delay0_eff0_nodetach-20260813-100613,finished,0,d02b854a,0.02,eval3ds-n02-5bcf9203,new_eval,False
pgfm_std25,implicit,0.25,10sfkazz,RodentForwardModel_delay0_eff0_nodetach-20260813-100613,finished,0,d02b854a,0.02,eval3ds-n02-5bcf9203,old_eval,False
pgfm_std25,implicit,0.25,10sfkazz,RodentForwardModel_delay0_eff0_nodetach-20260813-100613,finished,0,d02b854a,0.02,eval3ds-n02-5bcf9203,train,False
pgfm_std25,implicit,0.25,10sfkazz,RodentForwardModel_delay0_eff0_nodetach-20260813-100613,finished,0,d02b854a,0.05,eval3ds-n05-ead26b7d,new_eval,False
pgfm_std25,implicit,0.25,10sfkazz,RodentForwardModel_delay0_eff0_nodetach-20260813-100613,finished,0,d02b854a,0.05,eval3ds-n05-ead26b7d,old_eval,False
pgfm_std25,implicit,0.25,10sfkazz,RodentForwardModel_delay0_eff0_nodetach-20260813-100613,finished,0,d02b854a,0.05,eval3ds-n05-ead26b7d,train,False
pgfm_std25,implicit,0.25,10sfkazz,RodentForwardModel_delay0_eff0_nodetach-20260813-100613,finished,0,d02b854a,0.1,eval3ds-n10-2d7c9136,new_eval,False
pgfm_std25,implicit,0.25,10sfkazz,RodentForwardModel_delay0_eff0_nodetach-20260813-100613,finished,0,d02b854a,0.1,eval3ds-n10-2d7c9136,old_eval,False
pgfm_std25,implicit,0.25,10sfkazz,RodentForwardModel_delay0_eff0_nodetach-20260813-100613,finished,0,d02b854a,0.1,eval3ds-n10-2d7c9136,train,False
pgfm_std25,implicit,0.25,10sfkazz,RodentForwardModel_delay0_eff0_nodetach-20260813-100613,finished,0,d02b854a,0.25,eval3ds-n25-9443d2fe,new_eval,False
pgfm_std25,implicit,0.25,10sfkazz,RodentForwardModel_delay0_eff0_nodetach-20260813-100613,finished,0,d02b854a,0.25,eval3ds-n25-9443d2fe,old_eval,False
pgfm_std25,implicit,0.25,10sfkazz,RodentForwardModel_delay0_eff0_nodetach-20260813-100613,finished,0,d02b854a,0.25,eval3ds-n25-9443d2fe,train,False
pgfm_std25,implicit,0.25,ztll5l67,RodentForwardModel_delay5_eff5_nodetach-20260813-103229,finished,5,d02b854a,0.0,eval3ds-n00-04ceda93,new_eval,False
pgfm_std25,implicit,0.25,ztll5l67,RodentForwardModel_delay5_eff5_nodetach-20260813-103229,finished,5,d02b854a,0.0,eval3ds-n00-04ceda93,old_eval,False
pgfm_std25,implicit,0.25,ztll5l67,RodentForwardModel_delay5_eff5_nodetach-20260813-103229,finished,5,d02b854a,0.0,eval3ds-n00-04ceda93,train,False
pgfm_std25,implicit,0.25,ztll5l67,RodentForwardModel_delay5_eff5_nodetach-20260813-103229,finished,5,d02b854a,0.02,eval3ds-n02-5bcf9203,new_eval,False
pgfm_std25,implicit,0.25,ztll5l67,RodentForwardModel_delay5_eff5_nodetach-20260813-103229,finished,5,d02b854a,0.02,eval3ds-n02-5bcf9203,old_eval,False
pgfm_std25,implicit,0.25,ztll5l67,RodentForwardModel_delay5_eff5_nodetach-20260813-103229,finished,5,d02b854a,0.02,eval3ds-n02-5bcf9203,train,False
pgfm_std25,implicit,0.25,ztll5l67,RodentForwardModel_delay5_eff5_nodetach-20260813-103229,finished,5,d02b854a,0.05,eval3ds-n05-ead26b7d,new_eval,False
pgfm_std25,implicit,0.25,ztll5l67,RodentForwardModel_delay5_eff5_nodetach-20260813-103229,finished,5,d02b854a,0.05,eval3ds-n05-ead26b7d,old_eval,False
pgfm_std25,implicit,0.25,ztll5l67,RodentForwardModel_delay5_eff5_nodetach-20260813-103229,finished,5,d02b854a,0.05,eval3ds-n05-ead26b7d,train,False
pgfm_std25,implicit,0.25,ztll5l67,RodentForwardModel_delay5_eff5_nodetach-20260813-103229,finished,5,d02b854a,0.1,eval3ds-n10-2d7c9136,new_eval,False
pgfm_std25,implicit,0.25,ztll5l67,RodentForwardModel_delay5_eff5_nodetach-20260813-103229,finished,5,d02b854a,0.1,eval3ds-n10-2d7c9136,old_eval,False
pgfm_std25,implicit,0.25,ztll5l67,RodentForwardModel_delay5_eff5_nodetach-20260813-103229,finished,5,d02b854a,0.1,eval3ds-n10-2d7c9136,train,False
pgfm_std25,implicit,0.25,ztll5l67,RodentForwardModel_delay5_eff5_nodetach-20260813-103229,finished,5,d02b854a,0.25,eval3ds-n25-9443d2fe,new_eval,False
pgfm_std25,implicit,0.25,ztll5l67,RodentForwardModel_delay5_eff5_nodetach-20260813-103229,finished,5,d02b854a,0.25,eval3ds-n25-9443d2fe,old_eval,False
pgfm_std25,implicit,0.25,ztll5l67,RodentForwardModel_delay5_eff5_nodetach-20260813-103229,finished,5,d02b854a,0.25,eval3ds-n25-9443d2fe,train,False
pgfm_std25,implicit,0.25,qxgcldya,RodentForwardModel_delay10_eff10_nodetach-20260813-103236,finished,10,d02b854a,0.0,eval3ds-n00-04ceda93,new_eval,False
pgfm_std25,implicit,0.25,qxgcldya,RodentForwardModel_delay10_eff10_nodetach-20260813-103236,finished,10,d02b854a,0.0,eval3ds-n00-04ceda93,old_eval,False
pgfm_std25,implicit,0.25,qxgcldya,RodentForwardModel_delay10_eff10_nodetach-20260813-103236,finished,10,d02b854a,0.0,eval3ds-n00-04ceda93,train,False
pgfm_std25,implicit,0.25,qxgcldya,RodentForwardModel_delay10_eff10_nodetach-20260813-103236,finished,10,d02b854a,0.02,eval3ds-n02-5bcf9203,new_eval,False
pgfm_std25,implicit,0.25,qxgcldya,RodentForwardModel_delay10_eff10_nodetach-20260813-103236,finished,10,d02b854a,0.02,eval3ds-n02-5bcf9203,old_eval,False
pgfm_std25,implicit,0.25,qxgcldya,RodentForwardModel_delay10_eff10_nodetach-20260813-103236,finished,10,d02b854a,0.02,eval3ds-n02-5bcf9203,train,False
pgfm_std25,implicit,0.25,qxgcldya,RodentForwardModel_delay10_eff10_nodetach-20260813-103236,finished,10,d02b854a,0.05,eval3ds-n05-ead26b7d,new_eval,False
pgfm_std25,implicit,0.25,qxgcldya,RodentForwardModel_delay10_eff10_nodetach-20260813-103236,finished,10,d02b854a,0.05,eval3ds-n05-ead26b7d,old_eval,False
pgfm_std25,implicit,0.25,qxgcldya,RodentForwardModel_delay10_eff10_nodetach-20260813-103236,finished,10,d02b854a,0.05,eval3ds-n05-ead26b7d,train,False
pgfm_std25,implicit,0.25,qxgcldya,RodentForwardModel_delay10_eff10_nodetach-20260813-103236,finished,10,d02b854a,0.1,eval3ds-n10-2d7c9136,new_eval,False
pgfm_std25,implicit,0.25,qxgcldya,RodentForwardModel_delay10_eff10_nodetach-20260813-103236,finished,10,d02b854a,0.1,eval3ds-n10-2d7c9136,old_eval,False
pgfm_std25,implicit,0.25,qxgcldya,RodentForwardModel_delay10_eff10_nodetach-20260813-103236,finished,10,d02b854a,0.1,eval3ds-n10-2d7c9136,train,False
pgfm_std25,implicit,0.25,qxgcldya,RodentForwardModel_delay10_eff10_nodetach-20260813-103236,finished,10,d02b854a,0.25,eval3ds-n25-9443d2fe,new_eval,False
pgfm_std25,implicit,0.25,qxgcldya,RodentForwardModel_delay10_eff10_nodetach-20260813-103236,finished,10,d02b854a,0.25,eval3ds-n25-9443d2fe,old_eval,False
pgfm_std25,implicit,0.25,qxgcldya,RodentForwardModel_delay10_eff10_nodetach-20260813-103236,finished,10,d02b854a,0.25,eval3ds-n25-9443d2fe,train,False
pgfm_std25,implicit,0.25,kbdzvm34,RodentForwardModel_delay20_eff20_nodetach-20260813-110541,finished,20,d02b854a,0.0,eval3ds-n00-04ceda93,new_eval,False
pgfm_std25,implicit,0.25,kbdzvm34,RodentForwardModel_delay20_eff20_nodetach-20260813-110541,finished,20,d02b854a,0.0,eval3ds-n00-04ceda93,old_eval,False
pgfm_std25,implicit,0.25,kbdzvm34,RodentForwardModel_delay20_eff20_nodetach-20260813-110541,finished,20,d02b854a,0.0,eval3ds-n00-04ceda93,train,False
pgfm_std25,implicit,0.25,kbdzvm34,RodentForwardModel_delay20_eff20_nodetach-20260813-110541,finished,20,d02b854a,0.02,eval3ds-n02-5bcf9203,new_eval,False
pgfm_std25,implicit,0.25,kbdzvm34,RodentForwardModel_delay20_eff20_nodetach-20260813-110541,finished,20,d02b854a,0.02,eval3ds-n02-5bcf9203,old_eval,False
pgfm_std25,implicit,0.25,kbdzvm34,RodentForwardModel_delay20_eff20_nodetach-20260813-110541,finished,20,d02b854a,0.02,eval3ds-n02-5bcf9203,train,False
pgfm_std25,implicit,0.25,kbdzvm34,RodentForwardModel_delay20_eff20_nodetach-20260813-110541,finished,20,d02b854a,0.05,eval3ds-n05-ead26b7d,new_eval,False
pgfm_std25,implicit,0.25,kbdzvm34,RodentForwardModel_delay20_eff20_nodetach-20260813-110541,finished,20,d02b854a,0.05,eval3ds-n05-ead26b7d,old_eval,False
pgfm_std25,implicit,0.25,kbdzvm34,RodentForwardModel_delay20_eff20_nodetach-20260813-110541,finished,20,d02b854a,0.05,eval3ds-n05-ead26b7d,train,False
pgfm_std25,implicit,0.25,kbdzvm34,RodentForwardModel_delay20_eff20_nodetach-20260813-110541,finished,20,d02b854a,0.1,eval3ds-n10-2d7c9136,new_eval,False
pgfm_std25,implicit,0.25,kbdzvm34,RodentForwardModel_delay20_eff20_nodetach-20260813-110541,finished,20,d02b854a,0.1,eval3ds-n10-2d7c9136,old_eval,False
pgfm_std25,implicit,0.25,kbdzvm34,RodentForwardModel_delay20_eff20_nodetach-20260813-110541,finished,20,d02b854a,0.1,eval3ds-n10-2d7c9136,train,False
pgfm_std25,implicit,0.25,kbdzvm34,RodentForwardModel_delay20_eff20_nodetach-20260813-110541,finished,20,d02b854a,0.25,eval3ds-n25-9443d2fe,new_eval,False
pgfm_std25,implicit,0.25,kbdzvm34,RodentForwardModel_delay20_eff20_nodetach-20260813-110541,finished,20,d02b854a,0.25,eval3ds-n25-9443d2fe,old_eval,False
pgfm_std25,implicit,0.25,kbdzvm34,RodentForwardModel_delay20_eff20_nodetach-20260813-110541,finished,20,d02b854a,0.25,eval3ds-n25-9443d2fe,train,False
pgfm_std25,implicit,0.25,c4fy29dd,RodentForwardModel_delay50_eff50_nodetach-20260813-121401,finished,50,d02b854a,0.0,eval3ds-n00-04ceda93,new_eval,False
pgfm_std25,implicit,0.25,c4fy29dd,RodentForwardModel_delay50_eff50_nodetach-20260813-121401,finished,50,d02b854a,0.0,eval3ds-n00-04ceda93,old_eval,False
pgfm_std25,implicit,0.25,c4fy29dd,RodentForwardModel_delay50_eff50_nodetach-20260813-121401,finished,50,d02b854a,0.0,eval3ds-n00-04ceda93,train,False
pgfm_std25,implicit,0.25,c4fy29dd,RodentForwardModel_delay50_eff50_nodetach-20260813-121401,finished,50,d02b854a,0.02,eval3ds-n02-5bcf9203,new_eval,False
pgfm_std25,implicit,0.25,c4fy29dd,RodentForwardModel_delay50_eff50_nodetach-20260813-121401,finished,50,d02b854a,0.02,eval3ds-n02-5bcf9203,old_eval,False
pgfm_std25,implicit,0.25,c4fy29dd,RodentForwardModel_delay50_eff50_nodetach-20260813-121401,finished,50,d02b854a,0.02,eval3ds-n02-5bcf9203,train,False
pgfm_std25,implicit,0.25,c4fy29dd,RodentForwardModel_delay50_eff50_nodetach-20260813-121401,finished,50,d02b854a,0.05,eval3ds-n05-ead26b7d,new_eval,False
pgfm_std25,implicit,0.25,c4fy29dd,RodentForwardModel_delay50_eff50_nodetach-20260813-121401,finished,50,d02b854a,0.05,eval3ds-n05-ead26b7d,old_eval,False
pgfm_std25,implicit,0.25,c4fy29dd,RodentForwardModel_delay50_eff50_nodetach-20260813-121401,finished,50,d02b854a,0.05,eval3ds-n05-ead26b7d,train,False
pgfm_std25,implicit,0.25,c4fy29dd,RodentForwardModel_delay50_eff50_nodetach-20260813-121401,finished,50,d02b854a,0.1,eval3ds-n10-2d7c9136,new_eval,False
pgfm_std25,implicit,0.25,c4fy29dd,RodentForwardModel_delay50_eff50_nodetach-20260813-121401,finished,50,d02b854a,0.1,eval3ds-n10-2d7c9136,old_eval,False
pgfm_std25,implicit,0.25,c4fy29dd,RodentForwardModel_delay50_eff50_nodetach-20260813-121401,finished,50,d02b854a,0.1,eval3ds-n10-2d7c9136,train,False
pgfm_std25,implicit,0.25,c4fy29dd,RodentForwardModel_delay50_eff50_nodetach-20260813-121401,finished,50,d02b854a,0.25,eval3ds-n25-9443d2fe,new_eval,False
pgfm_std25,implicit,0.25,c4fy29dd,RodentForwardModel_delay50_eff50_nodetach-20260813-121401,finished,50,d02b854a,0.25,eval3ds-n25-9443d2fe,old_eval,False
pgfm_std25,implicit,0.25,c4fy29dd,RodentForwardModel_delay50_eff50_nodetach-20260813-121401,finished,50,d02b854a,0.25,eval3ds-n25-9443d2fe,train,False
