condition,arm,wandb_id,wandb_name,state,delay_k,efference_length,seed,budget,trained_step,git_commit,walker_xml,body_target_frame,gpu,action_noise,eval_spec_id,dataset,have_eval,artifact_walker_xml,record_action_noise,n_clips,n_steps,episode_reward,episode_reward_std,reward_per_step,lifespan_steps,lifespan_s,survived,hazard_rate,joint_l2_error,joint_vel_l2_error,root_pos_distance,root_angular_error,body_errors_total,end_eff_error,fm_pred_mse
encdec,encdec,17p127fn,RodentEncDec_delay1_eff1-20260811-075237,failed,1,1,42,600000000,600064000.0,ef060b73,rodent_no_tail_collisions.xml,reference_root,NVIDIA H200,0.0,eval3ds-n00-6a6b8d4e,train,True,rodent_no_tail_collisions.xml,0.0,673,502,2154.1520522459123,152.8924765003867,4.291139546306598,486.30609212481426,4.863060921248143,0.9881129271916791,0.002444360249813609,1.2165346901930318,36.85474973474708,0.006955521091809759,2.6073026936166706,0.043242570242617955,0.020684283084693778,
encdec,encdec,17p127fn,RodentEncDec_delay1_eff1-20260811-075237,failed,1,1,42,600000000,600064000.0,ef060b73,rodent_no_tail_collisions.xml,reference_root,NVIDIA H200,0.0,eval3ds-n00-6a6b8d4e,old_eval,True,rodent_no_tail_collisions.xml,0.0,169,502,2138.64156978088,133.1682112229253,4.260242170878247,486.3491124260355,4.863491124260355,0.9822485207100592,0.003649945859136419,1.2438579597575037,37.61513500398618,0.007082444405747317,2.715751617448301,0.0449701451488696,0.021725272219874976,
encdec,encdec,17p127fn,RodentEncDec_delay1_eff1-20260811-075237,failed,1,1,42,600000000,600064000.0,ef060b73,rodent_no_tail_collisions.xml,reference_root,NVIDIA H200,0.0,eval3ds-n00-6a6b8d4e,new_eval,True,rodent_no_tail_collisions.xml,0.0,32,3002,9846.615762710571,3849.631685822148,3.2800185751867326,2325.46875,23.254687500000003,0.59375,0.01746959618356514,1.306919525753388,12.91208236723697,0.008974694237445634,4.248393710156595,0.06058488557972273,0.03093919587728247,
encdec,encdec,17p127fn,RodentEncDec_delay1_eff1-20260811-075237,failed,1,1,42,600000000,600064000.0,ef060b73,rodent_no_tail_collisions.xml,reference_root,NVIDIA H200,0.02,eval3ds-n02-a4e0be11,train,True,rodent_no_tail_collisions.xml,0.02,673,502,2155.1161064612743,152.326731933511,4.293059973030427,486.518573551263,4.865185735512629,0.9910846953937593,0.0018324695275588085,1.2084211516549965,37.380422565582485,0.007324991965040101,2.7966236733385763,0.04241157164139358,0.020205270994869063,
encdec,encdec,17p127fn,RodentEncDec_delay1_eff1-20260811-075237,failed,1,1,42,600000000,600064000.0,ef060b73,rodent_no_tail_collisions.xml,reference_root,NVIDIA H200,0.02,eval3ds-n02-a4e0be11,old_eval,True,rodent_no_tail_collisions.xml,0.02,169,502,2142.174771461261,101.27604657377125,4.267280421237572,488.0059171597633,4.880059171597633,0.9940828402366864,0.0012125180362057948,1.2384100016688555,38.119574914498735,0.007528096164637163,2.967716956732981,0.044681327631645555,0.021489674423823265,
encdec,encdec,17p127fn,RodentEncDec_delay1_eff1-20260811-075237,failed,1,1,42,600000000,600064000.0,ef060b73,rodent_no_tail_collisions.xml,reference_root,NVIDIA H200,0.02,eval3ds-n02-a4e0be11,new_eval,True,rodent_no_tail_collisions.xml,0.02,32,3002,10708.129899978638,3696.0616870509607,3.5669986342367213,2521.21875,25.2121875,0.6875,0.0123947991422799,1.2985100162199479,13.995086113395004,0.00905473268358491,4.214600246815831,0.05802642633814108,0.029591812600321503,
encdec,encdec,17p127fn,RodentEncDec_delay1_eff1-20260811-075237,failed,1,1,42,600000000,600064000.0,ef060b73,rodent_no_tail_collisions.xml,reference_root,NVIDIA H200,0.05,eval3ds-n05-7c60cd50,train,True,rodent_no_tail_collisions.xml,0.05,673,502,2087.0752350012226,198.92084735372953,4.157520388448651,484.28083209509657,4.842808320950966,0.9806835066864784,0.003988696647347065,1.210939817465603,39.85408823438889,0.009771640251022494,4.151914495221222,0.04751947547930802,0.023310626851021327,
encdec,encdec,17p127fn,RodentEncDec_delay1_eff1-20260811-075237,failed,1,1,42,600000000,600064000.0,ef060b73,rodent_no_tail_collisions.xml,reference_root,NVIDIA H200,0.05,eval3ds-n05-7c60cd50,old_eval,True,rodent_no_tail_collisions.xml,0.05,169,502,2047.5962074776373,270.1793482630282,4.078876907325971,480.1834319526627,4.801834319526627,0.9704142011834319,0.006161353526142632,1.2492871502083207,40.52033087801212,0.010522549491830104,4.429259758080175,0.053509662775672845,0.02680325126086849,
encdec,encdec,17p127fn,RodentEncDec_delay1_eff1-20260811-075237,failed,1,1,42,600000000,600064000.0,ef060b73,rodent_no_tail_collisions.xml,reference_root,NVIDIA H200,0.05,eval3ds-n05-7c60cd50,new_eval,True,rodent_no_tail_collisions.xml,0.05,32,3002,10645.024950027466,3357.218190555603,3.5459776648992225,2556.96875,25.5696875,0.6875,0.012221502511518765,1.306423869419992,19.03138592284636,0.01132458379792715,5.098612989891306,0.060086987707129516,0.031245901844268845,
encdec,encdec,17p127fn,RodentEncDec_delay1_eff1-20260811-075237,failed,1,1,42,600000000,600064000.0,ef060b73,rodent_no_tail_collisions.xml,reference_root,NVIDIA H200,0.1,eval3ds-n10-2726ab9c,train,True,rodent_no_tail_collisions.xml,0.1,673,502,867.5538714835407,603.1970373821644,1.7281949631146227,265.19762258543835,2.6519762258543835,0.24368499257057952,0.2851892109951927,1.4880422688335695,47.937316569196874,0.028353531000183233,14.802698209704051,0.1454914575160268,0.07681934996583356,
encdec,encdec,17p127fn,RodentEncDec_delay1_eff1-20260811-075237,failed,1,1,42,600000000,600064000.0,ef060b73,rodent_no_tail_collisions.xml,reference_root,NVIDIA H200,0.1,eval3ds-n10-2726ab9c,old_eval,True,rodent_no_tail_collisions.xml,0.1,169,502,849.6905815305089,578.2402010158017,1.6926107201802967,262.9822485207101,2.6298224852071,0.242603550295858,0.2880028800288003,1.5079027478149012,47.44505192473684,0.02846130531326513,14.799215027241702,0.14510625736042607,0.07657319389665797,
encdec,encdec,17p127fn,RodentEncDec_delay1_eff1-20260811-075237,failed,1,1,42,600000000,600064000.0,ef060b73,rodent_no_tail_collisions.xml,reference_root,NVIDIA H200,0.1,eval3ds-n10-2726ab9c,new_eval,True,rodent_no_tail_collisions.xml,0.1,32,3002,2714.6703996658325,2474.4413759781605,0.9042872750385851,773.40625,7.7340625,0.0,0.12929815346074588,1.4084365275298216,29.46819790853703,0.02442599043545502,12.263747108095362,0.11954212371779252,0.06422586639983145,
encdec,encdec,17p127fn,RodentEncDec_delay1_eff1-20260811-075237,failed,1,1,42,600000000,600064000.0,ef060b73,rodent_no_tail_collisions.xml,reference_root,NVIDIA H200,0.25,eval3ds-n25-da25f356,train,True,rodent_no_tail_collisions.xml,0.25,673,502,57.222745089084576,20.964136258366953,0.11398953204996927,28.438335809806834,0.2843833580980683,0.0,3.516380166152882,1.5252877895323513,73.57365945595264,0.04812775236944,26.592649900533846,0.19016943574865416,0.10706901120531423,
encdec,encdec,17p127fn,RodentEncDec_delay1_eff1-20260811-075237,failed,1,1,42,600000000,600064000.0,ef060b73,rodent_no_tail_collisions.xml,reference_root,NVIDIA H200,0.25,eval3ds-n25-da25f356,old_eval,True,rodent_no_tail_collisions.xml,0.25,169,502,54.00877796827689,18.86265118812815,0.1075872071081213,25.86390532544379,0.2586390532544378,0.0,3.866392129947381,1.4643567311678773,74.95072093275074,0.04806989080025791,26.635629750246476,0.18512089225557457,0.10305413944138357,
encdec,encdec,17p127fn,RodentEncDec_delay1_eff1-20260811-075237,failed,1,1,42,600000000,600064000.0,ef060b73,rodent_no_tail_collisions.xml,reference_root,NVIDIA H200,0.25,eval3ds-n25-da25f356,new_eval,True,rodent_no_tail_collisions.xml,0.25,32,3002,58.79428035020828,24.990748508137106,0.01958503675889683,25.96875,0.2596875,0.0,3.8507821901323704,1.3595876061613525,54.78041505777603,0.04546329248101911,24.541965255893246,0.15303596176171175,0.08547471649733338,
encdec,encdec,2fiwhyiz,RodentEncDec_delay30_eff30-20260811-084029,failed,30,30,42,600000000,600064000.0,ef060b73,rodent_no_tail_collisions.xml,reference_root,NVIDIA H200,0.0,eval3ds-n00-6a6b8d4e,train,True,rodent_no_tail_collisions.xml,0.0,673,502,1161.0757149842307,613.0172623296212,2.3128998306458777,344.554234769688,3.4455423476968803,0.5022288261515602,0.14446816309808738,1.9420109005566986,39.15422079521863,0.024611599164807454,10.325204712852136,0.16275532085025884,0.07967117780712264,
encdec,encdec,2fiwhyiz,RodentEncDec_delay30_eff30-20260811-084029,failed,30,30,42,600000000,600064000.0,ef060b73,rodent_no_tail_collisions.xml,reference_root,NVIDIA H200,0.0,eval3ds-n00-6a6b8d4e,old_eval,True,rodent_no_tail_collisions.xml,0.0,169,502,1056.8954420371874,614.8201517033219,2.1053694064485806,320.4556213017751,3.2045562130177516,0.40828402366863903,0.18464833724172314,1.9169588430369682,39.64149246509724,0.02716577698869033,12.159288761110819,0.17728986165955352,0.08681744095188297,
encdec,encdec,2fiwhyiz,RodentEncDec_delay30_eff30-20260811-084029,failed,30,30,42,600000000,600064000.0,ef060b73,rodent_no_tail_collisions.xml,reference_root,NVIDIA H200,0.0,eval3ds-n00-6a6b8d4e,new_eval,True,rodent_no_tail_collisions.xml,0.0,32,3002,2690.941180706024,2387.0951603094113,0.8963828050319868,835.96875,8.3596875,0.0,0.11962169638518187,1.9336397447614853,14.615478387898563,0.02406730725235481,10.204520553097804,0.1575428001320156,0.07850106184507638,
encdec,encdec,2fiwhyiz,RodentEncDec_delay30_eff30-20260811-084029,failed,30,30,42,600000000,600064000.0,ef060b73,rodent_no_tail_collisions.xml,reference_root,NVIDIA H200,0.02,eval3ds-n02-a4e0be11,train,True,rodent_no_tail_collisions.xml,0.02,673,502,1020.4229355878674,569.1732144456178,2.03271501113121,323.61961367013373,3.2361961367013374,0.44725111441307575,0.170802034931771,1.9062821108245838,39.67495199574942,0.027240148283012515,13.419743714831132,0.17933229401179202,0.08924246473809892,
encdec,encdec,2fiwhyiz,RodentEncDec_delay30_eff30-20260811-084029,failed,30,30,42,600000000,600064000.0,ef060b73,rodent_no_tail_collisions.xml,reference_root,NVIDIA H200,0.02,eval3ds-n02-a4e0be11,old_eval,True,rodent_no_tail_collisions.xml,0.02,169,502,929.4354085075785,557.0626633691367,1.8514649571864112,304.1834319526627,3.0418343195266266,0.3727810650887574,0.20619759954869962,1.89483014349291,40.358381614731925,0.028693163123758875,15.558806978157186,0.18680259302295626,0.0922513424712365,
encdec,encdec,2fiwhyiz,RodentEncDec_delay30_eff30-20260811-084029,failed,30,30,42,600000000,600064000.0,ef060b73,rodent_no_tail_collisions.xml,reference_root,NVIDIA H200,0.02,eval3ds-n02-a4e0be11,new_eval,True,rodent_no_tail_collisions.xml,0.02,32,3002,1718.5106449127197,1517.1369862107058,0.5724552448077015,538.78125,5.3878125,0.0,0.18560408328983238,1.8082676062202139,15.977124851604342,0.024345726094313246,13.728013533159455,0.1570253950005658,0.07959708339100285,
encdec,encdec,2fiwhyiz,RodentEncDec_delay30_eff30-20260811-084029,failed,30,30,42,600000000,600064000.0,ef060b73,rodent_no_tail_collisions.xml,reference_root,NVIDIA H200,0.05,eval3ds-n05-7c60cd50,train,True,rodent_no_tail_collisions.xml,0.05,673,502,453.3545459673628,351.380982044509,0.9030967051142685,182.67161961367015,1.8267161961367016,0.16493313521545316,0.45714099790138113,1.785263317397467,42.55948644636841,0.034837442077608964,21.56471919923116,0.21756311768564074,0.11413278361429649,
encdec,encdec,2fiwhyiz,RodentEncDec_delay30_eff30-20260811-084029,failed,30,30,42,600000000,600064000.0,ef060b73,rodent_no_tail_collisions.xml,reference_root,NVIDIA H200,0.05,eval3ds-n05-7c60cd50,old_eval,True,rodent_no_tail_collisions.xml,0.05,169,502,441.041074154645,342.00796021202643,0.8785678768020817,177.72189349112426,1.7772189349112428,0.14201183431952658,0.4827701015481937,1.7900387116062855,43.44849929360619,0.03521766989856691,22.073709404350456,0.21913951016824346,0.1145956164123597,
encdec,encdec,2fiwhyiz,RodentEncDec_delay30_eff30-20260811-084029,failed,30,30,42,600000000,600064000.0,ef060b73,rodent_no_tail_collisions.xml,reference_root,NVIDIA H200,0.05,eval3ds-n05-7c60cd50,new_eval,True,rodent_no_tail_collisions.xml,0.05,32,3002,595.4917185306549,473.5165169956781,0.198364996179432,221.96875,2.2196875,0.0,0.4505138673799803,1.688613073005648,20.32582247463171,0.029032909470430496,20.5481102118233,0.1843628475403209,0.09704467097180897,
encdec,encdec,2fiwhyiz,RodentEncDec_delay30_eff30-20260811-084029,failed,30,30,42,600000000,600064000.0,ef060b73,rodent_no_tail_collisions.xml,reference_root,NVIDIA H200,0.1,eval3ds-n10-2726ab9c,train,True,rodent_no_tail_collisions.xml,0.1,673,502,135.83440810681097,135.10481804221925,0.27058647033229277,57.704309063893014,0.5770430906389302,0.0208023774145617,1.6969228788464013,1.6505911946015372,53.58873624274232,0.04214049028632007,24.58935133703719,0.1965454460646638,0.10551528136098585,
encdec,encdec,2fiwhyiz,RodentEncDec_delay30_eff30-20260811-084029,failed,30,30,42,600000000,600064000.0,ef060b73,rodent_no_tail_collisions.xml,reference_root,NVIDIA H200,0.1,eval3ds-n10-2726ab9c,old_eval,True,rodent_no_tail_collisions.xml,0.1,169,502,146.04295197887532,164.7242234247913,0.2909222150973612,63.40828402366864,0.6340828402366864,0.029585798816568087,1.530421799178798,1.6362033601071588,53.93666241299173,0.04181855838477133,24.58653777869931,0.19647725797439175,0.10441802383837225,
encdec,encdec,2fiwhyiz,RodentEncDec_delay30_eff30-20260811-084029,failed,30,30,42,600000000,600064000.0,ef060b73,rodent_no_tail_collisions.xml,reference_root,NVIDIA H200,0.1,eval3ds-n10-2726ab9c,new_eval,True,rodent_no_tail_collisions.xml,0.1,32,3002,127.51075673103333,67.24079314356221,0.04247526873119031,53.21875,0.5321875,0.0,1.8790369935408102,1.5058457142668646,27.19940559926522,0.040093438749903745,26.09586369411085,0.16683287545694792,0.08792688144997855,
encdec,encdec,2fiwhyiz,RodentEncDec_delay30_eff30-20260811-084029,failed,30,30,42,600000000,600064000.0,ef060b73,rodent_no_tail_collisions.xml,reference_root,NVIDIA H200,0.25,eval3ds-n25-da25f356,train,True,rodent_no_tail_collisions.xml,0.25,673,502,37.329139975877965,18.849609287822666,0.07436083660533459,17.567607726597327,0.17567607726597326,0.0,5.692294679861287,1.629390335911721,77.77824315958675,0.05392708406228085,28.239993808713265,0.16654136991760937,0.09259171604563757,
encdec,encdec,2fiwhyiz,RodentEncDec_delay30_eff30-20260811-084029,failed,30,30,42,600000000,600064000.0,ef060b73,rodent_no_tail_collisions.xml,reference_root,NVIDIA H200,0.25,eval3ds-n25-da25f356,old_eval,True,rodent_no_tail_collisions.xml,0.25,169,502,36.495693472010146,15.920789300946328,0.0727005846055979,16.579881656804734,0.16579881656804735,0.0,6.031406138472519,1.5967881018867736,79.15432568538773,0.05249977444431953,27.34319752856003,0.1626519198107804,0.08982238793863616,
encdec,encdec,2fiwhyiz,RodentEncDec_delay30_eff30-20260811-084029,failed,30,30,42,600000000,600064000.0,ef060b73,rodent_no_tail_collisions.xml,reference_root,NVIDIA H200,0.25,eval3ds-n25-da25f356,new_eval,True,rodent_no_tail_collisions.xml,0.25,32,3002,41.949487924575806,17.156724728571792,0.013973846743696137,20.25,0.2025,0.0,4.938271604938271,1.5650866197406164,46.85055490449322,0.050881251235751906,28.389028229119887,0.15395756733877736,0.08633063972190369,
encdec,encdec,48llced7,RodentEncDec_delay100_eff100-20260811-094548,failed,100,100,42,600000000,600064000.0,ef060b73,rodent_no_tail_collisions.xml,reference_root,NVIDIA H200,0.0,eval3ds-n00-6a6b8d4e,train,True,rodent_no_tail_collisions.xml,0.0,673,502,747.6642392457505,391.7067724671414,1.4893709945134472,266.3625557206538,2.663625557206538,0.2109955423476969,0.29621447936539813,2.4984064302390356,39.22269003530041,0.027774032851178798,14.21127441878962,0.19057443248646566,0.09392531724290597,
encdec,encdec,48llced7,RodentEncDec_delay100_eff100-20260811-094548,failed,100,100,42,600000000,600064000.0,ef060b73,rodent_no_tail_collisions.xml,reference_root,NVIDIA H200,0.0,eval3ds-n00-6a6b8d4e,old_eval,True,rodent_no_tail_collisions.xml,0.0,169,502,677.4251046716814,375.1705466930675,1.3494523997443852,248.23668639053255,2.4823668639053253,0.16568047337278102,0.3360983981693364,2.5129701810355796,39.501527119595075,0.030047617234504147,15.286344474210994,0.20409499040060133,0.10076128915760695,
encdec,encdec,48llced7,RodentEncDec_delay100_eff100-20260811-094548,failed,100,100,42,600000000,600064000.0,ef060b73,rodent_no_tail_collisions.xml,reference_root,NVIDIA H200,0.0,eval3ds-n00-6a6b8d4e,new_eval,True,rodent_no_tail_collisions.xml,0.0,32,3002,1030.2333879470825,617.0445534536465,0.343182341088302,354.8125,3.548125,0.0,0.2818389994715519,2.4113291366836522,14.880732514565343,0.023856210901212083,15.748802898600974,0.18232981383044825,0.09195089038611534,
encdec,encdec,48llced7,RodentEncDec_delay100_eff100-20260811-094548,failed,100,100,42,600000000,600064000.0,ef060b73,rodent_no_tail_collisions.xml,reference_root,NVIDIA H200,0.02,eval3ds-n02-a4e0be11,train,True,rodent_no_tail_collisions.xml,0.02,673,502,684.1783843926122,356.0972433611311,1.3629051481924546,254.79791976225854,2.547979197622585,0.18573551263001487,0.31957265904279825,2.4895021366069012,39.50573803968821,0.02889646791828877,15.9016402258943,0.19513255475089752,0.09757465825906479,
encdec,encdec,48llced7,RodentEncDec_delay100_eff100-20260811-094548,failed,100,100,42,600000000,600064000.0,ef060b73,rodent_no_tail_collisions.xml,reference_root,NVIDIA H200,0.02,eval3ds-n02-a4e0be11,old_eval,True,rodent_no_tail_collisions.xml,0.02,169,502,600.8022192780082,333.81718533007256,1.1968171698765104,230.4378698224852,2.304378698224852,0.1301775147928994,0.37746507806080526,2.4549878972957804,40.43316664472505,0.030430966085580883,17.424176328094607,0.20506125129513347,0.10308571536679245,
encdec,encdec,48llced7,RodentEncDec_delay100_eff100-20260811-094548,failed,100,100,42,600000000,600064000.0,ef060b73,rodent_no_tail_collisions.xml,reference_root,NVIDIA H200,0.02,eval3ds-n02-a4e0be11,new_eval,True,rodent_no_tail_collisions.xml,0.02,32,3002,969.2125940322876,734.7072623624271,0.32285562759236763,371.65625,3.7165625,0.0,0.26906583704700243,2.4461058019384145,16.221630689426917,0.025135610571177996,17.35433314029015,0.19402537650556362,0.09846623940501503,
encdec,encdec,48llced7,RodentEncDec_delay100_eff100-20260811-094548,failed,100,100,42,600000000,600064000.0,ef060b73,rodent_no_tail_collisions.xml,reference_root,NVIDIA H200,0.05,eval3ds-n05-7c60cd50,train,True,rodent_no_tail_collisions.xml,0.05,673,502,350.0876541251059,235.71094596954703,0.697385765189454,143.54383358098067,1.4354383358098068,0.06240713224368499,0.6531753014854303,2.135143654417132,43.342369922257106,0.03383003036898704,20.578898398967176,0.2116909806321308,0.11083602635071266,
encdec,encdec,48llced7,RodentEncDec_delay100_eff100-20260811-094548,failed,100,100,42,600000000,600064000.0,ef060b73,rodent_no_tail_collisions.xml,reference_root,NVIDIA H200,0.05,eval3ds-n05-7c60cd50,old_eval,True,rodent_no_tail_collisions.xml,0.05,169,502,337.210489893806,237.2300708831584,0.6717340436131595,142.09467455621302,1.4209467455621303,0.041420118343195256,0.6746064795535937,2.2032783645667453,43.40821698246181,0.035230368465085,21.05267341093337,0.22116639957727624,0.11659883921341392,
encdec,encdec,48llced7,RodentEncDec_delay100_eff100-20260811-094548,failed,100,100,42,600000000,600064000.0,ef060b73,rodent_no_tail_collisions.xml,reference_root,NVIDIA H200,0.05,eval3ds-n05-7c60cd50,new_eval,True,rodent_no_tail_collisions.xml,0.05,32,3002,532.8169436454773,417.21634002530965,0.1774873229998259,231.96875,2.3196875,0.0,0.43109255018186715,2.2402958747656707,18.972295993481602,0.03514440508881171,23.458292792587873,0.2366915952048314,0.12509614447804202,
encdec,encdec,48llced7,RodentEncDec_delay100_eff100-20260811-094548,failed,100,100,42,600000000,600064000.0,ef060b73,rodent_no_tail_collisions.xml,reference_root,NVIDIA H200,0.1,eval3ds-n10-2726ab9c,train,True,rodent_no_tail_collisions.xml,0.1,673,502,119.85570740664342,82.77715177751159,0.2387563892562618,49.32838038632987,0.4932838038632987,0.004457652303120341,2.0181938671004276,1.692592136098279,53.363105594161,0.04098672974127745,23.34741324485592,0.18782724378912224,0.10167852953348258,
encdec,encdec,48llced7,RodentEncDec_delay100_eff100-20260811-094548,failed,100,100,42,600000000,600064000.0,ef060b73,rodent_no_tail_collisions.xml,reference_root,NVIDIA H200,0.1,eval3ds-n10-2726ab9c,old_eval,True,rodent_no_tail_collisions.xml,0.1,169,502,111.0684236492631,64.31681612885612,0.2212518399387711,45.22485207100592,0.4522485207100592,0.0,2.211173622922936,1.651332767034096,54.0933252569718,0.04112811645349237,23.595830967887007,0.19052024644698304,0.10234005550734523,
encdec,encdec,48llced7,RodentEncDec_delay100_eff100-20260811-094548,failed,100,100,42,600000000,600064000.0,ef060b73,rodent_no_tail_collisions.xml,reference_root,NVIDIA H200,0.1,eval3ds-n10-2726ab9c,new_eval,True,rodent_no_tail_collisions.xml,0.1,32,3002,147.248419880867,57.4324668817262,0.04905010655591839,62.25,0.6225,0.0,1.6064257028112447,1.7261019345533104,26.767877292941105,0.04205772743043238,23.207152001924392,0.18481029637344132,0.0991139470702409,
encdec,encdec,48llced7,RodentEncDec_delay100_eff100-20260811-094548,failed,100,100,42,600000000,600064000.0,ef060b73,rodent_no_tail_collisions.xml,reference_root,NVIDIA H200,0.25,eval3ds-n25-da25f356,train,True,rodent_no_tail_collisions.xml,0.25,673,502,37.017345889007885,17.199199008801052,0.07373973284662926,17.092124814264487,0.17092124814264487,0.0,5.850647657132922,1.6185153887471024,77.23543476970451,0.052981050065554904,27.574257469507984,0.16339774652120148,0.09191563973367023,
encdec,encdec,48llced7,RodentEncDec_delay100_eff100-20260811-094548,failed,100,100,42,600000000,600064000.0,ef060b73,rodent_no_tail_collisions.xml,reference_root,NVIDIA H200,0.25,eval3ds-n25-da25f356,old_eval,True,rodent_no_tail_collisions.xml,0.25,169,502,35.50263771079701,15.085917720786322,0.07072238587808169,16.041420118343197,0.16041420118343194,0.0,6.233862043526375,1.5890256591536143,78.68613629767661,0.05234614013887987,26.931854138522844,0.16106185995962743,0.08985148688868708,
encdec,encdec,48llced7,RodentEncDec_delay100_eff100-20260811-094548,failed,100,100,42,600000000,600064000.0,ef060b73,rodent_no_tail_collisions.xml,reference_root,NVIDIA H200,0.25,eval3ds-n25-da25f356,new_eval,True,rodent_no_tail_collisions.xml,0.25,32,3002,40.401427030563354,15.223702698322525,0.01345817023003443,19.4375,0.194375,0.0,5.144694533762058,1.6006361176850434,46.68589858347754,0.0525412002361551,27.518069057900085,0.15307683685604848,0.08651646833340168,
encdec,encdec,7qbsx2pa,RodentEncDec_delay20_eff20-20260811-083832,failed,20,20,42,600000000,600064000.0,ef060b73,rodent_no_tail_collisions.xml,reference_root,NVIDIA H200,0.0,eval3ds-n00-6a6b8d4e,train,True,rodent_no_tail_collisions.xml,0.0,673,502,1468.9592799601903,633.0909361175144,2.926213705099981,395.0832095096583,3.9508320950965823,0.6641901931649332,0.08499723570936961,1.6176566865144768,38.91299423557914,0.01915398364813501,8.04189941360501,0.12716555507595823,0.06289445617567126,
encdec,encdec,7qbsx2pa,RodentEncDec_delay20_eff20-20260811-083832,failed,20,20,42,600000000,600064000.0,ef060b73,rodent_no_tail_collisions.xml,reference_root,NVIDIA H200,0.0,eval3ds-n00-6a6b8d4e,old_eval,True,rodent_no_tail_collisions.xml,0.0,169,502,1279.841878089679,680.3715091329964,2.5494858129276476,352.56804733727813,3.5256804733727805,0.5088757396449703,0.1392991407089152,1.6296538309871564,39.44164438470543,0.02228758886409852,10.025854178162891,0.1470482983774323,0.07214697920197918,
encdec,encdec,7qbsx2pa,RodentEncDec_delay20_eff20-20260811-083832,failed,20,20,42,600000000,600064000.0,ef060b73,rodent_no_tail_collisions.xml,reference_root,NVIDIA H200,0.0,eval3ds-n00-6a6b8d4e,new_eval,True,rodent_no_tail_collisions.xml,0.0,32,3002,3620.543797969818,3348.3289995899772,1.2060439033876809,970.8125,9.708125,0.0625,0.09656859589261571,1.5529161499906516,14.236152931218342,0.018045399224817817,8.791168881001463,0.11829698210034906,0.06124059083901577,
encdec,encdec,7qbsx2pa,RodentEncDec_delay20_eff20-20260811-083832,failed,20,20,42,600000000,600064000.0,ef060b73,rodent_no_tail_collisions.xml,reference_root,NVIDIA H200,0.02,eval3ds-n02-a4e0be11,train,True,rodent_no_tail_collisions.xml,0.02,673,502,1271.9297193099273,655.2487998134499,2.5337245404580226,360.2184249628529,3.602184249628529,0.5646359583952452,0.12086112520470081,1.6109939429332643,39.639298998717095,0.02289157847123158,10.84789201581285,0.14686289525592125,0.07350347930260717,
encdec,encdec,7qbsx2pa,RodentEncDec_delay20_eff20-20260811-083832,failed,20,20,42,600000000,600064000.0,ef060b73,rodent_no_tail_collisions.xml,reference_root,NVIDIA H200,0.02,eval3ds-n02-a4e0be11,old_eval,True,rodent_no_tail_collisions.xml,0.02,169,502,1129.6570177247538,649.1940155551841,2.250312784312259,337.4437869822485,3.374437869822485,0.4497041420118343,0.16307778635056466,1.625051751983239,40.1170807143135,0.02667077650571202,13.461134146344952,0.16998019561148336,0.0843758840284473,
encdec,encdec,7qbsx2pa,RodentEncDec_delay20_eff20-20260811-083832,failed,20,20,42,600000000,600064000.0,ef060b73,rodent_no_tail_collisions.xml,reference_root,NVIDIA H200,0.02,eval3ds-n02-a4e0be11,new_eval,True,rodent_no_tail_collisions.xml,0.02,32,3002,2733.505147457123,2613.2417373433636,0.9105613415913134,801.96875,8.0196875,0.03125,0.12079647741885205,1.568207187981303,15.182825535982808,0.022977152166366015,13.66428732785111,0.14821350464665412,0.07625479769281673,
encdec,encdec,7qbsx2pa,RodentEncDec_delay20_eff20-20260811-083832,failed,20,20,42,600000000,600064000.0,ef060b73,rodent_no_tail_collisions.xml,reference_root,NVIDIA H200,0.05,eval3ds-n05-7c60cd50,train,True,rodent_no_tail_collisions.xml,0.05,673,502,444.22257605633445,333.69334144407065,0.8849055299926981,168.3046062407132,1.6830460624071324,0.10995542347696885,0.528829600331953,1.574590532152685,43.016307911400204,0.03486604471183601,21.01423050587385,0.2112029195000483,0.10942850437522648,
encdec,encdec,7qbsx2pa,RodentEncDec_delay20_eff20-20260811-083832,failed,20,20,42,600000000,600064000.0,ef060b73,rodent_no_tail_collisions.xml,reference_root,NVIDIA H200,0.05,eval3ds-n05-7c60cd50,old_eval,True,rodent_no_tail_collisions.xml,0.05,169,502,419.4296833918645,309.80618379912465,0.8355172975933556,162.20710059171597,1.6220710059171597,0.08875739644970415,0.5617772589647247,1.5869409810677593,42.71316396542623,0.03638469078832543,21.44746520153799,0.2191211762286184,0.11434730851550495,
encdec,encdec,7qbsx2pa,RodentEncDec_delay20_eff20-20260811-083832,failed,20,20,42,600000000,600064000.0,ef060b73,rodent_no_tail_collisions.xml,reference_root,NVIDIA H200,0.05,eval3ds-n05-7c60cd50,new_eval,True,rodent_no_tail_collisions.xml,0.05,32,3002,692.249146938324,632.839842245894,0.23059598498944836,259.6875,2.5968750000000003,0.0,0.385078219013237,1.5376804454744586,20.696152616632297,0.029747930129924285,20.01763578747268,0.18337345819114798,0.09752753854760908,
encdec,encdec,7qbsx2pa,RodentEncDec_delay20_eff20-20260811-083832,failed,20,20,42,600000000,600064000.0,ef060b73,rodent_no_tail_collisions.xml,reference_root,NVIDIA H200,0.1,eval3ds-n10-2726ab9c,train,True,rodent_no_tail_collisions.xml,0.1,673,502,122.89354736985636,89.55086360546134,0.24480786328656645,49.50668647845468,0.4950668647845468,0.004457652303120341,2.0109250255117352,1.4985620020007155,53.3174486034153,0.042757180746662446,24.585513390952272,0.19256240327185142,0.10308036096379605,
encdec,encdec,7qbsx2pa,RodentEncDec_delay20_eff20-20260811-083832,failed,20,20,42,600000000,600064000.0,ef060b73,rodent_no_tail_collisions.xml,reference_root,NVIDIA H200,0.1,eval3ds-n10-2726ab9c,old_eval,True,rodent_no_tail_collisions.xml,0.1,169,502,125.31318026886889,111.72180279667126,0.24962784914117309,50.437869822485204,0.5043786982248522,0.011834319526627168,1.9591740966682307,1.488184850812373,54.048253121031166,0.041310658913025884,23.157548175277576,0.18530070209885383,0.09853028537511851,
encdec,encdec,7qbsx2pa,RodentEncDec_delay20_eff20-20260811-083832,failed,20,20,42,600000000,600064000.0,ef060b73,rodent_no_tail_collisions.xml,reference_root,NVIDIA H200,0.1,eval3ds-n10-2726ab9c,new_eval,True,rodent_no_tail_collisions.xml,0.1,32,3002,272.9069981575012,723.5922690034957,0.09090839378997376,119.96875,1.1996875,0.0,0.8335504037509768,1.5120853569032238,27.45682013131965,0.0394545862625307,25.143703604356418,0.16897023163850217,0.09144596599718918,
encdec,encdec,7qbsx2pa,RodentEncDec_delay20_eff20-20260811-083832,failed,20,20,42,600000000,600064000.0,ef060b73,rodent_no_tail_collisions.xml,reference_root,NVIDIA H200,0.25,eval3ds-n25-da25f356,train,True,rodent_no_tail_collisions.xml,0.25,673,502,37.32702625665764,18.928952691146467,0.07435662600927817,17.335809806835066,0.17335809806835067,0.0,5.7684066169538015,1.5963770135629678,77.07759096199135,0.054163704299454885,28.05208737423148,0.16374633552717993,0.09129286568083617,
encdec,encdec,7qbsx2pa,RodentEncDec_delay20_eff20-20260811-083832,failed,20,20,42,600000000,600064000.0,ef060b73,rodent_no_tail_collisions.xml,reference_root,NVIDIA H200,0.25,eval3ds-n25-da25f356,old_eval,True,rodent_no_tail_collisions.xml,0.25,169,502,36.14297500023475,15.304565823039427,0.0719979581677983,16.254437869822485,0.16254437869822486,0.0,6.152165999271933,1.5764857200760418,78.46550431233969,0.053370502340410644,27.188970535031324,0.16360517408237477,0.09072833685408462,
encdec,encdec,7qbsx2pa,RodentEncDec_delay20_eff20-20260811-083832,failed,20,20,42,600000000,600064000.0,ef060b73,rodent_no_tail_collisions.xml,reference_root,NVIDIA H200,0.25,eval3ds-n25-da25f356,new_eval,True,rodent_no_tail_collisions.xml,0.25,32,3002,43.81979525089264,16.269453679525547,0.014596867172182757,21.5625,0.21562499999999998,0.0,4.63768115942029,1.6287243982318795,46.471064933943964,0.05162737664847347,28.235051402501533,0.16007674042819753,0.0898854597529811,
encdec,encdec,7ur99xil,RodentEncDec_delay5_eff5-20260811-081204,failed,5,5,42,600000000,600064000.0,ef060b73,rodent_no_tail_collisions.xml,reference_root,NVIDIA H200,0.0,eval3ds-n00-6a6b8d4e,train,True,rodent_no_tail_collisions.xml,0.0,673,502,2046.07620427442,304.254839048134,4.0758490124988445,476.8410104011887,4.7684101040118865,0.9524517087667161,0.009971518849286737,1.3125145622625012,37.40356643038493,0.008636932121328102,3.2949426690315846,0.05566331748073823,0.02741440912789833,
encdec,encdec,7ur99xil,RodentEncDec_delay5_eff5-20260811-081204,failed,5,5,42,600000000,600064000.0,ef060b73,rodent_no_tail_collisions.xml,reference_root,NVIDIA H200,0.0,eval3ds-n00-6a6b8d4e,old_eval,True,rodent_no_tail_collisions.xml,0.0,169,502,1948.682545091979,473.75121113316607,3.8818377392270498,458.5207100591716,4.585207100591717,0.8994082840236687,0.021938314621241437,1.3426674705659496,38.33469315619735,0.010111897436241152,4.061560545007175,0.06429191675805325,0.03174431539166782,
encdec,encdec,7ur99xil,RodentEncDec_delay5_eff5-20260811-081204,failed,5,5,42,600000000,600064000.0,ef060b73,rodent_no_tail_collisions.xml,reference_root,NVIDIA H200,0.0,eval3ds-n00-6a6b8d4e,new_eval,True,rodent_no_tail_collisions.xml,0.0,32,3002,7279.885705471039,4530.125460679818,2.4250118938944167,1767.15625,17.6715625,0.34375,0.037135935206634954,1.3844118937205332,14.594223881469818,0.011682927824494302,6.883571325031865,0.07649211303981185,0.03894617831223281,
encdec,encdec,7ur99xil,RodentEncDec_delay5_eff5-20260811-081204,failed,5,5,42,600000000,600064000.0,ef060b73,rodent_no_tail_collisions.xml,reference_root,NVIDIA H200,0.02,eval3ds-n02-a4e0be11,train,True,rodent_no_tail_collisions.xml,0.02,673,502,2003.564327347686,340.25838488759865,3.9911639987005696,473.53046062407134,4.735304606240713,0.937592867756315,0.01317911674814708,1.3143761217978829,38.23686424207503,0.010731313599021713,4.489403449849513,0.06073652780610101,0.0305350240056286,
encdec,encdec,7ur99xil,RodentEncDec_delay5_eff5-20260811-081204,failed,5,5,42,600000000,600064000.0,ef060b73,rodent_no_tail_collisions.xml,reference_root,NVIDIA H200,0.02,eval3ds-n02-a4e0be11,old_eval,True,rodent_no_tail_collisions.xml,0.02,169,502,1904.59690414519,481.4780369777606,3.7940177373410156,455.5266272189349,4.555266272189349,0.8698224852071006,0.028577366725553364,1.3517771602088076,39.1121265507246,0.012096894518153139,5.2710986643212525,0.06986702696592775,0.03526752181591804,
encdec,encdec,7ur99xil,RodentEncDec_delay5_eff5-20260811-081204,failed,5,5,42,600000000,600064000.0,ef060b73,rodent_no_tail_collisions.xml,reference_root,NVIDIA H200,0.02,eval3ds-n02-a4e0be11,new_eval,True,rodent_no_tail_collisions.xml,0.02,32,3002,7476.663055419922,4315.848736887414,2.4905606447101674,1822.96875,18.2296875,0.34375,0.03599897145795834,1.3672643978201893,15.835774729049756,0.012088871595316075,6.345917834327535,0.07217102253238043,0.036515315664969614,
encdec,encdec,7ur99xil,RodentEncDec_delay5_eff5-20260811-081204,failed,5,5,42,600000000,600064000.0,ef060b73,rodent_no_tail_collisions.xml,reference_root,NVIDIA H200,0.05,eval3ds-n05-7c60cd50,train,True,rodent_no_tail_collisions.xml,0.05,673,502,924.8799386669233,564.5368600451209,1.8423903160695683,287.23179791976224,2.8723179791976223,0.28826151560178304,0.2477923717195963,1.5146764375796524,43.37110696543297,0.029725444298388665,15.428025336100932,0.15303209487577918,0.07925585730269433,
encdec,encdec,7ur99xil,RodentEncDec_delay5_eff5-20260811-081204,failed,5,5,42,600000000,600064000.0,ef060b73,rodent_no_tail_collisions.xml,reference_root,NVIDIA H200,0.05,eval3ds-n05-7c60cd50,old_eval,True,rodent_no_tail_collisions.xml,0.05,169,502,898.3716717782105,548.8903754603059,1.789585003542252,287.8757396449704,2.878757396449704,0.3076923076923077,0.24048837639514092,1.5745916137034368,42.8942318897297,0.031423307164493666,15.761856996985689,0.1640436072150741,0.08530629919489972,
encdec,encdec,7ur99xil,RodentEncDec_delay5_eff5-20260811-081204,failed,5,5,42,600000000,600064000.0,ef060b73,rodent_no_tail_collisions.xml,reference_root,NVIDIA H200,0.05,eval3ds-n05-7c60cd50,new_eval,True,rodent_no_tail_collisions.xml,0.05,32,3002,1248.583613395691,853.8738607701042,0.41591725962548,369.75,3.6975,0.0,0.2704530087897228,1.3745533482162289,22.717011756282485,0.02856282320765856,15.547998762395306,0.13606886222256642,0.07211816110712112,
encdec,encdec,7ur99xil,RodentEncDec_delay5_eff5-20260811-081204,failed,5,5,42,600000000,600064000.0,ef060b73,rodent_no_tail_collisions.xml,reference_root,NVIDIA H200,0.1,eval3ds-n10-2726ab9c,train,True,rodent_no_tail_collisions.xml,0.1,673,502,128.96617892805216,90.12920843733096,0.2569047389005023,51.86329866270431,0.5186329866270432,0.0014858841010401136,1.9252807701123078,1.431579872427349,54.79377470850642,0.04498197084080902,23.904317955840078,0.17854975564319497,0.09675501204080784,
encdec,encdec,7ur99xil,RodentEncDec_delay5_eff5-20260811-081204,failed,5,5,42,600000000,600064000.0,ef060b73,rodent_no_tail_collisions.xml,reference_root,NVIDIA H200,0.1,eval3ds-n10-2726ab9c,old_eval,True,rodent_no_tail_collisions.xml,0.1,169,502,123.65298091730422,82.75205731721269,0.2463206791181359,50.112426035502956,0.5011242603550295,0.0,1.9955130475853113,1.4495131101119907,55.138653633883955,0.044995400699272714,24.009278085908225,0.18126196318287643,0.09681057264798432,
encdec,encdec,7ur99xil,RodentEncDec_delay5_eff5-20260811-081204,failed,5,5,42,600000000,600064000.0,ef060b73,rodent_no_tail_collisions.xml,reference_root,NVIDIA H200,0.1,eval3ds-n10-2726ab9c,new_eval,True,rodent_no_tail_collisions.xml,0.1,32,3002,138.80780684947968,66.43001293781876,0.04623844332094593,51.71875,0.5171874999999999,0.0,1.9335347432024172,1.3309473899051032,32.467382085904724,0.04012474172849859,22.355533554304827,0.1463892084650807,0.07971774546516083,
encdec,encdec,7ur99xil,RodentEncDec_delay5_eff5-20260811-081204,failed,5,5,42,600000000,600064000.0,ef060b73,rodent_no_tail_collisions.xml,reference_root,NVIDIA H200,0.25,eval3ds-n25-da25f356,train,True,rodent_no_tail_collisions.xml,0.25,673,502,34.410182027547535,15.751038795627514,0.0685461793377441,16.157503714710252,0.16157503714710253,0.0,6.189074857458157,1.5247703657041056,80.12219620603894,0.05509496972506029,28.118936828187632,0.15998661207056333,0.09019312003231018,
encdec,encdec,7ur99xil,RodentEncDec_delay5_eff5-20260811-081204,failed,5,5,42,600000000,600064000.0,ef060b73,rodent_no_tail_collisions.xml,reference_root,NVIDIA H200,0.25,eval3ds-n25-da25f356,old_eval,True,rodent_no_tail_collisions.xml,0.25,169,502,33.622480375526926,14.866755206059104,0.06697705254089029,15.2603550295858,0.15260355029585798,0.0,6.552927491275689,1.4999904642725774,81.68636352932272,0.05409711353503406,27.027134240636855,0.15668994727540284,0.0876525543511802,
encdec,encdec,7ur99xil,RodentEncDec_delay5_eff5-20260811-081204,failed,5,5,42,600000000,600064000.0,ef060b73,rodent_no_tail_collisions.xml,reference_root,NVIDIA H200,0.25,eval3ds-n25-da25f356,new_eval,True,rodent_no_tail_collisions.xml,0.25,32,3002,43.576180040836334,21.994456762335382,0.014515716202810239,21.375,0.21375,0.0,4.678362573099415,1.569998211903482,52.88445916721542,0.05030419132416627,27.61773685909884,0.15063057870596036,0.08693073932237708,
encdec,encdec,8j703ofi,RodentEncDec_delay25_eff25-20260811-083832,failed,25,25,42,600000000,600064000.0,ef060b73,rodent_no_tail_collisions.xml,reference_root,NVIDIA A100-SXM4-80GB,0.0,eval3ds-n00-6a6b8d4e,train,True,rodent_no_tail_collisions.xml,0.0,673,502,1242.8523623167493,636.802074502291,2.4758015185592614,355.9851411589896,3.5598514115898965,0.5364041604754829,0.13022898596699195,1.7755851312910664,39.20961065913225,0.023577535668869512,10.039471937907024,0.15418429344686024,0.07526344188383478,
encdec,encdec,8j703ofi,RodentEncDec_delay25_eff25-20260811-083832,failed,25,25,42,600000000,600064000.0,ef060b73,rodent_no_tail_collisions.xml,reference_root,NVIDIA A100-SXM4-80GB,0.0,eval3ds-n00-6a6b8d4e,old_eval,True,rodent_no_tail_collisions.xml,0.0,169,502,1142.1241159382657,663.690791302055,2.2751476413112863,335.27810650887574,3.3527810650887573,0.4674556213017751,0.1588366100737708,1.7616591702200968,39.94511461634403,0.026341351781164528,11.762186666987708,0.16996007618474407,0.08267179171012926,
encdec,encdec,8j703ofi,RodentEncDec_delay25_eff25-20260811-083832,failed,25,25,42,600000000,600064000.0,ef060b73,rodent_no_tail_collisions.xml,reference_root,NVIDIA A100-SXM4-80GB,0.0,eval3ds-n00-6a6b8d4e,new_eval,True,rodent_no_tail_collisions.xml,0.0,32,3002,3222.6357703208923,2876.2964687230474,1.0734962592674524,965.40625,9.6540625,0.0625,0.09710937752889004,1.6805554823242852,14.246133289420595,0.019463971159197697,11.321997598481769,0.13896267313419403,0.06896681466854257,
encdec,encdec,8j703ofi,RodentEncDec_delay25_eff25-20260811-083832,failed,25,25,42,600000000,600064000.0,ef060b73,rodent_no_tail_collisions.xml,reference_root,NVIDIA A100-SXM4-80GB,0.02,eval3ds-n02-a4e0be11,train,True,rodent_no_tail_collisions.xml,0.02,673,502,1080.5065555657532,613.3975978905074,2.1524034971429344,327.33432392273403,3.2733432392273403,0.4442793462109955,0.16977158005592477,1.7419234110127386,39.85387535054502,0.025789945397576647,13.409731484263222,0.17174824799997196,0.08525680557207871,
encdec,encdec,8j703ofi,RodentEncDec_delay25_eff25-20260811-083832,failed,25,25,42,600000000,600064000.0,ef060b73,rodent_no_tail_collisions.xml,reference_root,NVIDIA A100-SXM4-80GB,0.02,eval3ds-n02-a4e0be11,old_eval,True,rodent_no_tail_collisions.xml,0.02,169,502,1008.8793329543616,640.5438764004829,2.0097197867616767,307.8284023668639,3.078284023668639,0.4201183431952663,0.18837821732695154,1.720745065521839,40.279515436327515,0.02749046678227483,13.596581954796576,0.1763369542271623,0.0871491849171025,
encdec,encdec,8j703ofi,RodentEncDec_delay25_eff25-20260811-083832,failed,25,25,42,600000000,600064000.0,ef060b73,rodent_no_tail_collisions.xml,reference_root,NVIDIA A100-SXM4-80GB,0.02,eval3ds-n02-a4e0be11,new_eval,True,rodent_no_tail_collisions.xml,0.02,32,3002,2022.8406682014465,1914.376740969204,0.6738310020657716,654.3125,6.543125,0.03125,0.14805616582290573,1.7005425000973498,15.354356646759433,0.023894451920077643,16.025290624055295,0.17102976225102007,0.08776445213553372,
encdec,encdec,8j703ofi,RodentEncDec_delay25_eff25-20260811-083832,failed,25,25,42,600000000,600064000.0,ef060b73,rodent_no_tail_collisions.xml,reference_root,NVIDIA A100-SXM4-80GB,0.05,eval3ds-n05-7c60cd50,train,True,rodent_no_tail_collisions.xml,0.05,673,502,433.2432297965924,319.94198924874155,0.8630343223039689,167.2184249628529,1.6721842496285289,0.09806835066864783,0.5393733672181841,1.6477308680619787,42.79881624709077,0.03488656439275816,21.455014712485475,0.21696182627490973,0.11247346179953287,
encdec,encdec,8j703ofi,RodentEncDec_delay25_eff25-20260811-083832,failed,25,25,42,600000000,600064000.0,ef060b73,rodent_no_tail_collisions.xml,reference_root,NVIDIA A100-SXM4-80GB,0.05,eval3ds-n05-7c60cd50,old_eval,True,rodent_no_tail_collisions.xml,0.05,169,502,438.1857892098511,325.5843381603468,0.8728800581869545,172.62721893491124,1.7262721893491124,0.09467455621301779,0.5244395694796736,1.6760121753234276,43.12676607832045,0.03646247678512181,21.6833393956881,0.2260090358229833,0.11802920607210314,
encdec,encdec,8j703ofi,RodentEncDec_delay25_eff25-20260811-083832,failed,25,25,42,600000000,600064000.0,ef060b73,rodent_no_tail_collisions.xml,reference_root,NVIDIA A100-SXM4-80GB,0.05,eval3ds-n05-7c60cd50,new_eval,True,rodent_no_tail_collisions.xml,0.05,32,3002,572.4279735088348,470.6503934284191,0.19068220303425545,210.09375,2.1009375,0.0,0.4759779860181466,1.5676960737292975,20.104817602180475,0.03049666755519185,21.22614564247204,0.19605868794005787,0.10033719370524485,
encdec,encdec,8j703ofi,RodentEncDec_delay25_eff25-20260811-083832,failed,25,25,42,600000000,600064000.0,ef060b73,rodent_no_tail_collisions.xml,reference_root,NVIDIA A100-SXM4-80GB,0.1,eval3ds-n10-2726ab9c,train,True,rodent_no_tail_collisions.xml,0.1,673,502,132.41414691363897,102.83750620493811,0.2637732010231852,54.23774145616642,0.5423774145616642,0.007429420505200568,1.8300367103172428,1.5619390634368655,52.45573144143487,0.041576748471939796,24.813871128710787,0.19560553955963778,0.10406337596096327,
encdec,encdec,8j703ofi,RodentEncDec_delay25_eff25-20260811-083832,failed,25,25,42,600000000,600064000.0,ef060b73,rodent_no_tail_collisions.xml,reference_root,NVIDIA A100-SXM4-80GB,0.1,eval3ds-n10-2726ab9c,old_eval,True,rodent_no_tail_collisions.xml,0.1,169,502,142.97933151877137,137.7734495856217,0.2848193854955605,60.21301775147929,0.6021301775147928,0.017751479289940808,1.6312893081761008,1.5786942036473572,53.126828854115665,0.041923717920161294,24.725054216209443,0.1988211677063272,0.10536646584017798,
encdec,encdec,8j703ofi,RodentEncDec_delay25_eff25-20260811-083832,failed,25,25,42,600000000,600064000.0,ef060b73,rodent_no_tail_collisions.xml,reference_root,NVIDIA A100-SXM4-80GB,0.1,eval3ds-n10-2726ab9c,new_eval,True,rodent_no_tail_collisions.xml,0.1,32,3002,202.3835415840149,248.7451224063751,0.06741623637042468,94.25,0.9425,0.0,1.0610079575596818,1.6076873821296247,25.891030420470244,0.03858653892490525,27.317364249129888,0.19590690057017365,0.10335269977320284,
encdec,encdec,8j703ofi,RodentEncDec_delay25_eff25-20260811-083832,failed,25,25,42,600000000,600064000.0,ef060b73,rodent_no_tail_collisions.xml,reference_root,NVIDIA A100-SXM4-80GB,0.25,eval3ds-n25-da25f356,train,True,rodent_no_tail_collisions.xml,0.25,673,502,37.824192300771,18.006594291080532,0.07534699661508168,17.58692421991085,0.1758692421991085,0.0,5.686042581953362,1.609423240119873,76.7585590889064,0.05385358144306419,28.234858844043835,0.1662986573821338,0.09237846243868399,
encdec,encdec,8j703ofi,RodentEncDec_delay25_eff25-20260811-083832,failed,25,25,42,600000000,600064000.0,ef060b73,rodent_no_tail_collisions.xml,reference_root,NVIDIA A100-SXM4-80GB,0.25,eval3ds-n25-da25f356,old_eval,True,rodent_no_tail_collisions.xml,0.25,169,502,37.99804351738924,17.3129053101846,0.07569331377965985,17.5207100591716,0.175207100591716,0.0,5.707531239446133,1.5975092828282251,77.59450319967353,0.05329946611884988,27.602661469788472,0.1664657871170007,0.09262210433087945,
encdec,encdec,8j703ofi,RodentEncDec_delay25_eff25-20260811-083832,failed,25,25,42,600000000,600064000.0,ef060b73,rodent_no_tail_collisions.xml,reference_root,NVIDIA A100-SXM4-80GB,0.25,eval3ds-n25-da25f356,new_eval,True,rodent_no_tail_collisions.xml,0.25,32,3002,44.753671288490295,17.54652341355002,0.014907951794966788,21.28125,0.21281250000000002,0.0,4.698972099853156,1.5781385615006176,46.67976711946791,0.050100024294672224,27.653617767613802,0.15455221901287922,0.08632117769842632,
encdec,encdec,904oncgf,RodentEncDec_delay7_eff7-20260811-081755,failed,7,7,42,600000000,600064000.0,ef060b73,rodent_no_tail_collisions.xml,reference_root,NVIDIA H200,0.0,eval3ds-n00-6a6b8d4e,train,True,rodent_no_tail_collisions.xml,0.0,673,502,2001.7687461252199,346.9650673982782,3.9875871436757366,472.1634472511144,4.721634472511144,0.937592867756315,0.013217273087743812,1.3410745582139763,37.59507557881618,0.00965800144532592,3.5310172265379816,0.06114787577468098,0.030094519246599977,
encdec,encdec,904oncgf,RodentEncDec_delay7_eff7-20260811-081755,failed,7,7,42,600000000,600064000.0,ef060b73,rodent_no_tail_collisions.xml,reference_root,NVIDIA H200,0.0,eval3ds-n00-6a6b8d4e,old_eval,True,rodent_no_tail_collisions.xml,0.0,169,502,1945.8291903614293,457.2327047878575,3.876153765660218,459.4733727810651,4.594733727810651,0.9053254437869822,0.02060501474546369,1.353045784995043,38.37422349499288,0.010383397124361397,3.700846844087062,0.06465029429831848,0.03207579618140848,
encdec,encdec,904oncgf,RodentEncDec_delay7_eff7-20260811-081755,failed,7,7,42,600000000,600064000.0,ef060b73,rodent_no_tail_collisions.xml,reference_root,NVIDIA H200,0.0,eval3ds-n00-6a6b8d4e,new_eval,True,rodent_no_tail_collisions.xml,0.0,32,3002,7421.785608291626,3892.4030983645184,2.4722803491977436,1843.09375,18.4309375,0.21875,0.04238796859899287,1.4502353047016272,14.168435021614956,0.012617970872523558,7.272258566446338,0.08307967868490612,0.04210259569024115,
encdec,encdec,904oncgf,RodentEncDec_delay7_eff7-20260811-081755,failed,7,7,42,600000000,600064000.0,ef060b73,rodent_no_tail_collisions.xml,reference_root,NVIDIA H200,0.02,eval3ds-n02-a4e0be11,train,True,rodent_no_tail_collisions.xml,0.02,673,502,1896.2645280619788,449.1736271653578,3.7774193786095194,457.035661218425,4.5703566121842485,0.8736998514115899,0.02763463757985598,1.3465856065214217,38.84836793575481,0.012340875428893115,5.067841954039352,0.07083944085752955,0.035838995329716364,
encdec,encdec,904oncgf,RodentEncDec_delay7_eff7-20260811-081755,failed,7,7,42,600000000,600064000.0,ef060b73,rodent_no_tail_collisions.xml,reference_root,NVIDIA H200,0.02,eval3ds-n02-a4e0be11,old_eval,True,rodent_no_tail_collisions.xml,0.02,169,502,1846.7392887363771,514.2503458013387,3.6787635233792373,450.2603550295858,4.502603550295858,0.8698224852071006,0.02891160932530817,1.3758811660267316,39.03603500062441,0.013634895622758035,5.650381119117645,0.07880893832037297,0.03994573171939021,
encdec,encdec,904oncgf,RodentEncDec_delay7_eff7-20260811-081755,failed,7,7,42,600000000,600064000.0,ef060b73,rodent_no_tail_collisions.xml,reference_root,NVIDIA H200,0.02,eval3ds-n02-a4e0be11,new_eval,True,rodent_no_tail_collisions.xml,0.02,32,3002,7249.148738861084,3771.3995352369357,2.4147730642441987,1790.15625,17.901562499999997,0.15625,0.047132757266300083,1.3823729416170922,15.408023741528735,0.012203709094091096,6.551319196784668,0.07647840551091431,0.03929082513846174,
encdec,encdec,904oncgf,RodentEncDec_delay7_eff7-20260811-081755,failed,7,7,42,600000000,600064000.0,ef060b73,rodent_no_tail_collisions.xml,reference_root,NVIDIA H200,0.05,eval3ds-n05-7c60cd50,train,True,rodent_no_tail_collisions.xml,0.05,673,502,628.2048327033623,427.79219516801453,1.251404049209885,214.15304606240713,2.1415304606240713,0.15007429420505203,0.396877710320902,1.536872095219029,43.362419059043184,0.03346170473361391,17.868276139208223,0.1801793567288188,0.09386460098370634,
encdec,encdec,904oncgf,RodentEncDec_delay7_eff7-20260811-081755,failed,7,7,42,600000000,600064000.0,ef060b73,rodent_no_tail_collisions.xml,reference_root,NVIDIA H200,0.05,eval3ds-n05-7c60cd50,old_eval,True,rodent_no_tail_collisions.xml,0.05,169,502,664.2413788744684,460.3314165175792,1.3231899977579051,227.19526627218934,2.2719526627218936,0.16568047337278102,0.3672257526825711,1.5703537522776405,42.794202729012916,0.03410380774984759,17.808455626642477,0.18568660267242396,0.09646690948395979,
encdec,encdec,904oncgf,RodentEncDec_delay7_eff7-20260811-081755,failed,7,7,42,600000000,600064000.0,ef060b73,rodent_no_tail_collisions.xml,reference_root,NVIDIA H200,0.05,eval3ds-n05-7c60cd50,new_eval,True,rodent_no_tail_collisions.xml,0.05,32,3002,1277.2917802333832,1085.1162649622001,0.4254802732289751,430.0625,4.300625,0.0,0.23252434239209416,1.4437312889619813,22.174338175300246,0.03001522247587326,16.09312630771782,0.15156588305723415,0.08112534523241725,
encdec,encdec,904oncgf,RodentEncDec_delay7_eff7-20260811-081755,failed,7,7,42,600000000,600064000.0,ef060b73,rodent_no_tail_collisions.xml,reference_root,NVIDIA H200,0.1,eval3ds-n10-2726ab9c,train,True,rodent_no_tail_collisions.xml,0.1,673,502,133.13275119843846,100.71218776699047,0.265204683662228,55.0,0.5499999999999999,0.005943536404160454,1.8073753883560721,1.4767065181976837,53.914592808522876,0.045051629115206715,24.354631772001984,0.188244780331215,0.10161545839804834,
encdec,encdec,904oncgf,RodentEncDec_delay7_eff7-20260811-081755,failed,7,7,42,600000000,600064000.0,ef060b73,rodent_no_tail_collisions.xml,reference_root,NVIDIA H200,0.1,eval3ds-n10-2726ab9c,old_eval,True,rodent_no_tail_collisions.xml,0.1,169,502,121.10861905792056,66.0749431072081,0.24125222919904496,49.142011834319526,0.49142011834319527,0.0,2.0349187236604456,1.4693915767828734,54.43739613155331,0.04540030850778554,24.43903221879217,0.18983881172591124,0.10143976766615176,
encdec,encdec,904oncgf,RodentEncDec_delay7_eff7-20260811-081755,failed,7,7,42,600000000,600064000.0,ef060b73,rodent_no_tail_collisions.xml,reference_root,NVIDIA H200,0.1,eval3ds-n10-2726ab9c,new_eval,True,rodent_no_tail_collisions.xml,0.1,32,3002,140.3406881093979,75.58381596152567,0.04674906332758091,53.59375,0.5359375,0.0,1.8658892128279885,1.3712044085338193,30.67212016940824,0.04178990736257003,24.19158275913399,0.14673183076545393,0.07715049717789378,
encdec,encdec,904oncgf,RodentEncDec_delay7_eff7-20260811-081755,failed,7,7,42,600000000,600064000.0,ef060b73,rodent_no_tail_collisions.xml,reference_root,NVIDIA H200,0.25,eval3ds-n25-da25f356,train,True,rodent_no_tail_collisions.xml,0.25,673,502,36.41538766092921,17.60504322447416,0.07254061287037691,17.417533432392272,0.17417533432392274,0.0,5.74134106807712,1.571279955763426,77.72597035570026,0.055483888754265014,28.44868356967986,0.16514895371144558,0.0926778089314124,
encdec,encdec,904oncgf,RodentEncDec_delay7_eff7-20260811-081755,failed,7,7,42,600000000,600064000.0,ef060b73,rodent_no_tail_collisions.xml,reference_root,NVIDIA H200,0.25,eval3ds-n25-da25f356,old_eval,True,rodent_no_tail_collisions.xml,0.25,169,502,35.41150559193989,16.16769565802264,0.07054084779270894,16.242603550295858,0.1624260355029586,0.0,6.156648451730419,1.5457954007290866,79.49177451109944,0.053906686109821106,27.28533069045929,0.1602341500662197,0.08965387622377162,
encdec,encdec,904oncgf,RodentEncDec_delay7_eff7-20260811-081755,failed,7,7,42,600000000,600064000.0,ef060b73,rodent_no_tail_collisions.xml,reference_root,NVIDIA H200,0.25,eval3ds-n25-da25f356,new_eval,True,rodent_no_tail_collisions.xml,0.25,32,3002,42.04539328813553,18.277707362509062,0.014005793900111769,20.65625,0.20656249999999998,0.0,4.841149773071105,1.5816057783425506,49.847250608254875,0.05162239597270481,27.978556903974642,0.15357619806186992,0.08728472008005467,
encdec,encdec,9htwlukh,RodentEncDec_delay0_eff0-20260811-075304,failed,0,0,42,600000000,600064000.0,ef060b73,rodent_no_tail_collisions.xml,reference_root,NVIDIA H200,0.0,eval3ds-n00-6a6b8d4e,train,True,rodent_no_tail_collisions.xml,0.0,673,502,2179.3645832124116,114.86288072826854,4.341363711578509,487.8915304606241,4.878915304606241,0.9970282317979198,0.0006091042816985461,1.1885536369808722,36.64834044737957,0.006647532610433641,2.4697258669536555,0.04003856869201723,0.01897299435060754,
encdec,encdec,9htwlukh,RodentEncDec_delay0_eff0-20260811-075304,failed,0,0,42,600000000,600064000.0,ef060b73,rodent_no_tail_collisions.xml,reference_root,NVIDIA H200,0.0,eval3ds-n00-6a6b8d4e,old_eval,True,rodent_no_tail_collisions.xml,0.0,169,502,2144.981657490928,193.03784876430984,4.272871827671171,484.72189349112426,4.847218934911243,0.9881656804733728,0.0024414658560999915,1.22120384929468,37.543845704489655,0.007016208956822206,2.658285730431933,0.04319682250106583,0.02088574454782975,
encdec,encdec,9htwlukh,RodentEncDec_delay0_eff0-20260811-075304,failed,0,0,42,600000000,600064000.0,ef060b73,rodent_no_tail_collisions.xml,reference_root,NVIDIA H200,0.0,eval3ds-n00-6a6b8d4e,new_eval,True,rodent_no_tail_collisions.xml,0.0,32,3002,11338.058582305908,3365.301380119385,3.776834970788111,2644.15625,26.4415625,0.78125,0.008272960419793649,1.2764384932673014,12.509588423044685,0.008140637394196829,3.4604716897415297,0.053408408073936736,0.027650879802356983,
encdec,encdec,9htwlukh,RodentEncDec_delay0_eff0-20260811-075304,failed,0,0,42,600000000,600064000.0,ef060b73,rodent_no_tail_collisions.xml,reference_root,NVIDIA H200,0.02,eval3ds-n02-a4e0be11,train,True,rodent_no_tail_collisions.xml,0.02,673,502,2171.21869136816,150.02480766228913,4.325136835394741,486.4101040118871,4.864101040118871,0.9910846953937593,0.0018328781685881274,1.1873042895819905,36.82776682215776,0.006799805499437376,2.536023632326898,0.04019263031845107,0.019020472682947983,
encdec,encdec,9htwlukh,RodentEncDec_delay0_eff0-20260811-075304,failed,0,0,42,600000000,600064000.0,ef060b73,rodent_no_tail_collisions.xml,reference_root,NVIDIA H200,0.02,eval3ds-n02-a4e0be11,old_eval,True,rodent_no_tail_collisions.xml,0.02,169,502,2153.3400886129343,158.02357124429298,4.289522088870387,486.5917159763314,4.865917159763313,0.9940828402366864,0.0012160420264124392,1.2192215243121751,37.65615374793935,0.007078731089469063,2.671203591097495,0.04292206436512901,0.020721993701809757,
encdec,encdec,9htwlukh,RodentEncDec_delay0_eff0-20260811-075304,failed,0,0,42,600000000,600064000.0,ef060b73,rodent_no_tail_collisions.xml,reference_root,NVIDIA H200,0.02,eval3ds-n02-a4e0be11,new_eval,True,rodent_no_tail_collisions.xml,0.02,32,3002,10935.639205932617,3702.401268897468,3.6427845456137966,2549.34375,25.4934375,0.71875,0.011032250946934873,1.2850583325429672,12.94755209812013,0.008828203731077788,3.8781643695511785,0.05624045380007128,0.028949312429503517,
encdec,encdec,9htwlukh,RodentEncDec_delay0_eff0-20260811-075304,failed,0,0,42,600000000,600064000.0,ef060b73,rodent_no_tail_collisions.xml,reference_root,NVIDIA H200,0.05,eval3ds-n05-7c60cd50,train,True,rodent_no_tail_collisions.xml,0.05,673,502,2163.743321729096,140.3750038530792,4.310245660814932,486.7845468053492,4.867845468053493,0.9895988112927192,0.0021367130028143483,1.180130832411663,37.71018984419194,0.007255931194760393,2.7756226072179744,0.03999828165563619,0.01885511413488346,
encdec,encdec,9htwlukh,RodentEncDec_delay0_eff0-20260811-075304,failed,0,0,42,600000000,600064000.0,ef060b73,rodent_no_tail_collisions.xml,reference_root,NVIDIA H200,0.05,eval3ds-n05-7c60cd50,old_eval,True,rodent_no_tail_collisions.xml,0.05,169,502,2136.9396968141814,173.53429768872357,4.25685198568562,485.8639053254438,4.8586390532544375,0.9881656804733728,0.0024357272472628412,1.2170254353678185,38.49946130932116,0.007622255109700948,2.9775663835202715,0.0431714769340324,0.02080761856493557,
encdec,encdec,9htwlukh,RodentEncDec_delay0_eff0-20260811-075304,failed,0,0,42,600000000,600064000.0,ef060b73,rodent_no_tail_collisions.xml,reference_root,NVIDIA H200,0.05,eval3ds-n05-7c60cd50,new_eval,True,rodent_no_tail_collisions.xml,0.05,32,3002,11384.454183578491,3327.9378797077425,3.792289867947532,2656.875,26.56875,0.78125,0.008233356857210068,1.2659649713927021,15.068118321935126,0.00843948397063159,3.7537250512558216,0.052347132289359,0.026826740976682504,
encdec,encdec,9htwlukh,RodentEncDec_delay0_eff0-20260811-075304,failed,0,0,42,600000000,600064000.0,ef060b73,rodent_no_tail_collisions.xml,reference_root,NVIDIA H200,0.1,eval3ds-n10-2726ab9c,train,True,rodent_no_tail_collisions.xml,0.1,673,502,2104.8759258207915,131.74796069961894,4.192979931913928,487.3774145616642,4.873774145616642,0.9940564635958395,0.001219493605280403,1.183369922200086,40.45004926604984,0.008813889601809002,3.6606305579717517,0.04327390173915385,0.02095529602827704,
encdec,encdec,9htwlukh,RodentEncDec_delay0_eff0-20260811-075304,failed,0,0,42,600000000,600064000.0,ef060b73,rodent_no_tail_collisions.xml,reference_root,NVIDIA H200,0.1,eval3ds-n10-2726ab9c,old_eval,True,rodent_no_tail_collisions.xml,0.1,169,502,2073.897257697653,175.31782835757755,4.131269437644727,485.71597633136093,4.857159763313609,0.9881656804733728,0.0024364690690251586,1.2192340116627751,41.15636615751692,0.00928257314139099,3.8502975309564906,0.04678706254546636,0.023222741155631495,
encdec,encdec,9htwlukh,RodentEncDec_delay0_eff0-20260811-075304,failed,0,0,42,600000000,600064000.0,ef060b73,rodent_no_tail_collisions.xml,reference_root,NVIDIA H200,0.1,eval3ds-n10-2726ab9c,new_eval,True,rodent_no_tail_collisions.xml,0.1,32,3002,11057.841148376465,3223.1251398083896,3.683491388533133,2657.40625,26.5740625,0.78125,0.008231710902313111,1.2776971602603036,20.269451803822115,0.009851602280975619,4.536643361459841,0.05416895248790911,0.02863944640243289,
encdec,encdec,9htwlukh,RodentEncDec_delay0_eff0-20260811-075304,failed,0,0,42,600000000,600064000.0,ef060b73,rodent_no_tail_collisions.xml,reference_root,NVIDIA H200,0.25,eval3ds-n25-da25f356,train,True,rodent_no_tail_collisions.xml,0.25,673,502,281.10282593566984,239.89596467207045,0.5599657887164737,109.50965824665676,1.0950965824665677,0.013372956909361022,0.9009497964721845,1.5040811909395897,55.16925628121753,0.0346454877441125,19.37243463433952,0.17657191484185986,0.09693151847921573,
encdec,encdec,9htwlukh,RodentEncDec_delay0_eff0-20260811-075304,failed,0,0,42,600000000,600064000.0,ef060b73,rodent_no_tail_collisions.xml,reference_root,NVIDIA H200,0.25,eval3ds-n25-da25f356,old_eval,True,rodent_no_tail_collisions.xml,0.25,169,502,270.2458736487394,223.65103739490834,0.5383383937225884,105.70414201183432,1.0570414201183431,0.011834319526627168,0.9348410210479177,1.5015461573062818,54.983020174248,0.03539904662854294,19.656534983263995,0.17734563707883358,0.09763271583399334,
encdec,encdec,9htwlukh,RodentEncDec_delay0_eff0-20260811-075304,failed,0,0,42,600000000,600064000.0,ef060b73,rodent_no_tail_collisions.xml,reference_root,NVIDIA H200,0.25,eval3ds-n25-da25f356,new_eval,True,rodent_no_tail_collisions.xml,0.25,32,3002,560.1699719429016,409.28984473064264,0.18659892469783532,199.65625,1.9965625,0.0,0.5008608545938331,1.4682497775555838,38.62443579889958,0.029566647175993256,16.30150008489486,0.1540075252459785,0.084673551969587,
encdec,encdec,ax6foqgd,RodentEncDec_delay4_eff4-20260811-081204,failed,4,4,42,600000000,600064000.0,ef060b73,rodent_no_tail_collisions.xml,reference_root,NVIDIA H200,0.0,eval3ds-n00-6a6b8d4e,train,True,rodent_no_tail_collisions.xml,0.0,673,502,2104.2665495397787,190.43993117826298,4.191766034939798,485.0416047548291,4.850416047548291,0.9821693907875185,0.00367609892382205,1.2925753681980154,37.1383623265288,0.007532241817286325,2.9743556054700453,0.05050545168388289,0.024252304338840257,
encdec,encdec,ax6foqgd,RodentEncDec_delay4_eff4-20260811-081204,failed,4,4,42,600000000,600064000.0,ef060b73,rodent_no_tail_collisions.xml,reference_root,NVIDIA H200,0.0,eval3ds-n00-6a6b8d4e,old_eval,True,rodent_no_tail_collisions.xml,0.0,169,502,2052.0899076743945,292.4984436647199,4.087828501343416,478.0473372781065,4.780473372781065,0.9526627218934911,0.009902215620745145,1.3235573562511929,37.89884482852967,0.008362616159400331,3.4721502497567056,0.056482590384541904,0.027550318461181233,
encdec,encdec,ax6foqgd,RodentEncDec_delay4_eff4-20260811-081204,failed,4,4,42,600000000,600064000.0,ef060b73,rodent_no_tail_collisions.xml,reference_root,NVIDIA H200,0.0,eval3ds-n00-6a6b8d4e,new_eval,True,rodent_no_tail_collisions.xml,0.0,32,3002,8682.460566520691,4198.19570034252,2.8922253719256132,2104.0,21.04,0.4375,0.026734790874524714,1.3648743694225787,13.928487241446202,0.009253958524282537,4.875676594471862,0.06914643833349374,0.035114480617608135,
encdec,encdec,ax6foqgd,RodentEncDec_delay4_eff4-20260811-081204,failed,4,4,42,600000000,600064000.0,ef060b73,rodent_no_tail_collisions.xml,reference_root,NVIDIA H200,0.02,eval3ds-n02-a4e0be11,train,True,rodent_no_tail_collisions.xml,0.02,673,502,2070.886685466341,236.8110428311905,4.125272281805461,481.7369985141159,4.817369985141159,0.9702823179791976,0.0061688602105432,1.2838148996914238,37.92278878556422,0.009183684538344275,3.8628368054750704,0.05200446901001395,0.025543920989677185,
encdec,encdec,ax6foqgd,RodentEncDec_delay4_eff4-20260811-081204,failed,4,4,42,600000000,600064000.0,ef060b73,rodent_no_tail_collisions.xml,reference_root,NVIDIA H200,0.02,eval3ds-n02-a4e0be11,old_eval,True,rodent_no_tail_collisions.xml,0.02,169,502,2006.5756948346923,352.41461748245786,3.9971627387145263,472.68639053254435,4.726863905325443,0.9408284023668639,0.012518151319413145,1.3217622603963224,38.80131517326881,0.010533283309398718,4.352251942909462,0.06056023610115456,0.030277524291281194,
encdec,encdec,ax6foqgd,RodentEncDec_delay4_eff4-20260811-081204,failed,4,4,42,600000000,600064000.0,ef060b73,rodent_no_tail_collisions.xml,reference_root,NVIDIA H200,0.02,eval3ds-n02-a4e0be11,new_eval,True,rodent_no_tail_collisions.xml,0.02,32,3002,9301.304462432861,3862.832163276832,3.0983692413167425,2268.59375,22.6859375,0.5,0.022040085405330943,1.3934555181445623,15.636175398643722,0.011011780705849766,5.9161792440191086,0.07233274105666096,0.0372299826121365,
encdec,encdec,ax6foqgd,RodentEncDec_delay4_eff4-20260811-081204,failed,4,4,42,600000000,600064000.0,ef060b73,rodent_no_tail_collisions.xml,reference_root,NVIDIA H200,0.05,eval3ds-n05-7c60cd50,train,True,rodent_no_tail_collisions.xml,0.05,673,502,1121.3629601579187,583.5637348226669,2.2337907572866906,338.64933135215455,3.386493313521545,0.41753343239227336,0.17199696372706894,1.5184237329826078,42.69005189809751,0.02826905858110538,14.30404436589949,0.14143084358820082,0.07392468837966847,
encdec,encdec,ax6foqgd,RodentEncDec_delay4_eff4-20260811-081204,failed,4,4,42,600000000,600064000.0,ef060b73,rodent_no_tail_collisions.xml,reference_root,NVIDIA H200,0.05,eval3ds-n05-7c60cd50,old_eval,True,rodent_no_tail_collisions.xml,0.05,169,502,1010.050219834909,577.2851111329445,2.0120522307468307,318.6686390532544,3.186686390532544,0.37869822485207105,0.19496796954786,1.5717554849277624,43.10288031054729,0.031091777472814372,15.276967162057996,0.15730479911665865,0.0824043716153333,
encdec,encdec,ax6foqgd,RodentEncDec_delay4_eff4-20260811-081204,failed,4,4,42,600000000,600064000.0,ef060b73,rodent_no_tail_collisions.xml,reference_root,NVIDIA H200,0.05,eval3ds-n05-7c60cd50,new_eval,True,rodent_no_tail_collisions.xml,0.05,32,3002,2431.205093383789,1752.4347493575726,0.80986178993464,680.71875,6.8071874999999995,0.0,0.14690354863884683,1.3741113555226827,22.429578732042287,0.023538343369683086,12.102046244869207,0.10795732145360698,0.05797854522022604,
encdec,encdec,ax6foqgd,RodentEncDec_delay4_eff4-20260811-081204,failed,4,4,42,600000000,600064000.0,ef060b73,rodent_no_tail_collisions.xml,reference_root,NVIDIA H200,0.1,eval3ds-n10-2726ab9c,train,True,rodent_no_tail_collisions.xml,0.1,673,502,147.04774272176167,83.90752418143967,0.29292379028239374,61.062407132243685,0.6106240713224369,0.0,1.6376688161576833,1.511103267117311,53.6631124574235,0.045224177288304246,24.519122792594032,0.18921288328224936,0.10284281847709878,
encdec,encdec,ax6foqgd,RodentEncDec_delay4_eff4-20260811-081204,failed,4,4,42,600000000,600064000.0,ef060b73,rodent_no_tail_collisions.xml,reference_root,NVIDIA H200,0.1,eval3ds-n10-2726ab9c,old_eval,True,rodent_no_tail_collisions.xml,0.1,169,502,144.85878796549238,89.30563288538663,0.28856332264042306,60.005917159763314,0.6000591715976331,0.0,1.6665023173257076,1.4898861012985902,53.72229539074881,0.045315034740782786,23.809727067812013,0.18693492508929918,0.10100374617704372,
encdec,encdec,ax6foqgd,RodentEncDec_delay4_eff4-20260811-081204,failed,4,4,42,600000000,600064000.0,ef060b73,rodent_no_tail_collisions.xml,reference_root,NVIDIA H200,0.1,eval3ds-n10-2726ab9c,new_eval,True,rodent_no_tail_collisions.xml,0.1,32,3002,156.82150447368622,75.07543855153959,0.05223900881868295,62.3125,0.6231249999999999,0.0,1.6048144433299902,1.3921306191188116,32.752706073260434,0.04494364346695616,23.36731756918151,0.16971736971670195,0.09200244527523892,
encdec,encdec,ax6foqgd,RodentEncDec_delay4_eff4-20260811-081204,failed,4,4,42,600000000,600064000.0,ef060b73,rodent_no_tail_collisions.xml,reference_root,NVIDIA H200,0.25,eval3ds-n25-da25f356,train,True,rodent_no_tail_collisions.xml,0.25,673,502,34.47661022764436,15.582020102464767,0.06867850642957044,16.524517087667164,0.16524517087667162,0.0,6.0516140634835,1.5293141062256803,81.32863313656861,0.055172298406568746,28.324533082209097,0.1634380237676811,0.09228210702941607,
encdec,encdec,ax6foqgd,RodentEncDec_delay4_eff4-20260811-081204,failed,4,4,42,600000000,600064000.0,ef060b73,rodent_no_tail_collisions.xml,reference_root,NVIDIA H200,0.25,eval3ds-n25-da25f356,old_eval,True,rodent_no_tail_collisions.xml,0.25,169,502,33.28785394070417,13.791017648599611,0.06631046601733898,15.349112426035504,0.15349112426035502,0.0,6.515034695451041,1.5003590542377117,83.20619373897566,0.05423347194582437,27.12371319131665,0.1582461691468321,0.08841957001601244,
encdec,encdec,ax6foqgd,RodentEncDec_delay4_eff4-20260811-081204,failed,4,4,42,600000000,600064000.0,ef060b73,rodent_no_tail_collisions.xml,reference_root,NVIDIA H200,0.25,eval3ds-n25-da25f356,new_eval,True,rodent_no_tail_collisions.xml,0.25,32,3002,40.91603809595108,13.778696493332053,0.013629592970003691,20.40625,0.20406249999999998,0.0,4.900459418070445,1.5814777660016734,55.54472736214336,0.049102986301874735,28.440264786634955,0.16038734947112615,0.09112377002847802,
encdec,encdec,c1v5gmie,RodentEncDec_delay6_eff6-20260811-081205,failed,6,6,42,600000000,600064000.0,ef060b73,rodent_no_tail_collisions.xml,reference_root,NVIDIA H200,0.0,eval3ds-n00-6a6b8d4e,train,True,rodent_no_tail_collisions.xml,0.0,673,502,2009.708168483241,365.97416610802196,4.003402726062233,469.8187221396731,4.698187221396731,0.9257057949479941,0.01581337685174642,1.3225576663221363,37.5341912194022,0.00927915063704284,3.4773777652835283,0.05965482513238862,0.02913293269083039,
encdec,encdec,c1v5gmie,RodentEncDec_delay6_eff6-20260811-081205,failed,6,6,42,600000000,600064000.0,ef060b73,rodent_no_tail_collisions.xml,reference_root,NVIDIA H200,0.0,eval3ds-n00-6a6b8d4e,old_eval,True,rodent_no_tail_collisions.xml,0.0,169,502,1935.3015495616303,461.02085748648796,3.8551823696446816,457.89940828402365,4.578994082840236,0.8875739644970414,0.02455256186599471,1.355913641149427,38.39218727206103,0.010592846677094515,3.9728524328357886,0.06661531530180335,0.03316278875565262,
encdec,encdec,c1v5gmie,RodentEncDec_delay6_eff6-20260811-081205,failed,6,6,42,600000000,600064000.0,ef060b73,rodent_no_tail_collisions.xml,reference_root,NVIDIA H200,0.0,eval3ds-n00-6a6b8d4e,new_eval,True,rodent_no_tail_collisions.xml,0.0,32,3002,7692.589979171753,3918.505744202973,2.562488334167806,1911.1875,19.111874999999998,0.25,0.0392426174825861,1.4002189411919876,13.830628825452944,0.012266099942606567,6.686087094623529,0.08246113155966074,0.0415437453652465,
encdec,encdec,c1v5gmie,RodentEncDec_delay6_eff6-20260811-081205,failed,6,6,42,600000000,600064000.0,ef060b73,rodent_no_tail_collisions.xml,reference_root,NVIDIA H200,0.02,eval3ds-n02-a4e0be11,train,True,rodent_no_tail_collisions.xml,0.02,673,502,1941.856821499466,415.29575858459447,3.8682406802778204,463.8395245170877,4.638395245170877,0.9063893016344725,0.02018169936315526,1.3371983175631195,38.508366676581154,0.011560825849653032,4.829301570851878,0.06667884582296701,0.033633377784768326,
encdec,encdec,c1v5gmie,RodentEncDec_delay6_eff6-20260811-081205,failed,6,6,42,600000000,600064000.0,ef060b73,rodent_no_tail_collisions.xml,reference_root,NVIDIA H200,0.02,eval3ds-n02-a4e0be11,old_eval,True,rodent_no_tail_collisions.xml,0.02,169,502,1864.855270476031,483.64443655815825,3.7148511364064363,451.37278106508876,4.513727810650887,0.8579881656804733,0.03146220602501247,1.3654076129392299,39.06544261008413,0.012603688478662573,5.466112000057673,0.07327110307261776,0.037059338087337544,
encdec,encdec,c1v5gmie,RodentEncDec_delay6_eff6-20260811-081205,failed,6,6,42,600000000,600064000.0,ef060b73,rodent_no_tail_collisions.xml,reference_root,NVIDIA H200,0.02,eval3ds-n02-a4e0be11,new_eval,True,rodent_no_tail_collisions.xml,0.02,32,3002,6560.1479597091675,4338.192320656891,2.185259147138297,1598.78125,15.9878125,0.1875,0.050819960516799906,1.3300134978345497,15.786499176745975,0.013975238319723082,7.630652566096754,0.08258026806776328,0.04235190773974066,
encdec,encdec,c1v5gmie,RodentEncDec_delay6_eff6-20260811-081205,failed,6,6,42,600000000,600064000.0,ef060b73,rodent_no_tail_collisions.xml,reference_root,NVIDIA H200,0.05,eval3ds-n05-7c60cd50,train,True,rodent_no_tail_collisions.xml,0.05,673,502,686.0969468580136,456.33167272968564,1.3667269857729354,230.0222882615156,2.3002228826151563,0.15453194650817237,0.36755918736474913,1.5358598127399623,43.40930264270709,0.033363147859645045,17.814675469717017,0.17512454020875345,0.09039755137230086,
encdec,encdec,c1v5gmie,RodentEncDec_delay6_eff6-20260811-081205,failed,6,6,42,600000000,600064000.0,ef060b73,rodent_no_tail_collisions.xml,reference_root,NVIDIA H200,0.05,eval3ds-n05-7c60cd50,old_eval,True,rodent_no_tail_collisions.xml,0.05,169,502,674.621030277049,452.8482976757371,1.3438665941773886,231.8343195266272,2.318343195266272,0.14792899408284022,0.3675344563552833,1.5720083108406573,42.74888830409494,0.03404281935116575,18.40088915708713,0.18074686595487763,0.09321821639789657,
encdec,encdec,c1v5gmie,RodentEncDec_delay6_eff6-20260811-081205,failed,6,6,42,600000000,600064000.0,ef060b73,rodent_no_tail_collisions.xml,reference_root,NVIDIA H200,0.05,eval3ds-n05-7c60cd50,new_eval,True,rodent_no_tail_collisions.xml,0.05,32,3002,926.0516386032104,879.0811462269992,0.30847822738281494,271.5,2.7150000000000003,0.0,0.3683241252302025,1.2573875004583002,22.34656221271101,0.02890791756765468,15.477875194754123,0.12396402648690956,0.06417060681296934,
encdec,encdec,c1v5gmie,RodentEncDec_delay6_eff6-20260811-081205,failed,6,6,42,600000000,600064000.0,ef060b73,rodent_no_tail_collisions.xml,reference_root,NVIDIA H200,0.1,eval3ds-n10-2726ab9c,train,True,rodent_no_tail_collisions.xml,0.1,673,502,127.71689312100233,101.09356247257108,0.25441612175498474,53.11292719167905,0.5311292719167905,0.0014858841010401136,1.8799832144355855,1.4518284174487417,54.881597247722574,0.045959362649909435,24.23961718713743,0.18198952150313227,0.09850299105540752,
encdec,encdec,c1v5gmie,RodentEncDec_delay6_eff6-20260811-081205,failed,6,6,42,600000000,600064000.0,ef060b73,rodent_no_tail_collisions.xml,reference_root,NVIDIA H200,0.1,eval3ds-n10-2726ab9c,old_eval,True,rodent_no_tail_collisions.xml,0.1,169,502,120.01103993703627,86.51812323350806,0.23906581660764198,50.37278106508876,0.5037278106508876,0.0,1.9851991072477388,1.4622379977059472,54.79989122239601,0.04669856911697531,24.69637487826619,0.18849916672027192,0.10084883329263956,
encdec,encdec,c1v5gmie,RodentEncDec_delay6_eff6-20260811-081205,failed,6,6,42,600000000,600064000.0,ef060b73,rodent_no_tail_collisions.xml,reference_root,NVIDIA H200,0.1,eval3ds-n10-2726ab9c,new_eval,True,rodent_no_tail_collisions.xml,0.1,32,3002,124.13311064243317,60.85425048742102,0.04135013678961798,46.65625,0.4665625,0.0,2.143335565974548,1.303958171375884,31.872850046286644,0.04190905602110043,22.726632132722134,0.15345603378070077,0.08212398733371126,
encdec,encdec,c1v5gmie,RodentEncDec_delay6_eff6-20260811-081205,failed,6,6,42,600000000,600064000.0,ef060b73,rodent_no_tail_collisions.xml,reference_root,NVIDIA H200,0.25,eval3ds-n25-da25f356,train,True,rodent_no_tail_collisions.xml,0.25,673,502,35.34116282611864,17.13094674069118,0.07040072276119251,16.693907875185737,0.16693907875185734,0.0,5.990209167779262,1.5466070485423349,79.27199571776312,0.05534244367009437,28.291326654653272,0.16347007872811892,0.09143159386558487,
encdec,encdec,c1v5gmie,RodentEncDec_delay6_eff6-20260811-081205,failed,6,6,42,600000000,600064000.0,ef060b73,rodent_no_tail_collisions.xml,reference_root,NVIDIA H200,0.25,eval3ds-n25-da25f356,old_eval,True,rodent_no_tail_collisions.xml,0.25,169,502,34.346288444022456,15.033007497384801,0.06841890128291325,16.047337278106507,0.1604733727810651,0.0,6.231563421828908,1.5228858200687343,80.44162454602127,0.05416261418295209,27.096257120948707,0.1591773951794073,0.08892095599592005,
encdec,encdec,c1v5gmie,RodentEncDec_delay6_eff6-20260811-081205,failed,6,6,42,600000000,600064000.0,ef060b73,rodent_no_tail_collisions.xml,reference_root,NVIDIA H200,0.25,eval3ds-n25-da25f356,new_eval,True,rodent_no_tail_collisions.xml,0.25,32,3002,38.64354908466339,13.878646735324846,0.012872601294025114,18.59375,0.1859375,0.0,5.378151260504201,1.533330937128374,50.874265990741776,0.05084047093660053,28.377980858287568,0.14676272490375225,0.08284595219778479,
encdec,encdec,cfq1srhp,RodentEncDec_delay70_eff70-20260811-094225,failed,70,70,42,600000000,600064000.0,ef060b73,rodent_no_tail_collisions.xml,reference_root,NVIDIA H200,0.0,eval3ds-n00-6a6b8d4e,train,True,rodent_no_tail_collisions.xml,0.0,673,502,881.4089407956263,476.38877591239907,1.7557947027801322,298.0104011887073,2.980104011887073,0.3462109955423477,0.21938462612372295,2.440771269406393,39.110812387399726,0.026898249323189367,12.529117208487586,0.18470874066926565,0.09120685501841173,
encdec,encdec,cfq1srhp,RodentEncDec_delay70_eff70-20260811-094225,failed,70,70,42,600000000,600064000.0,ef060b73,rodent_no_tail_collisions.xml,reference_root,NVIDIA H200,0.0,eval3ds-n00-6a6b8d4e,old_eval,True,rodent_no_tail_collisions.xml,0.0,169,502,797.0708262426614,486.18256380316853,1.5877904905232298,273.63313609467457,2.7363313609467457,0.28402366863905326,0.26165556612749763,2.3834764629416374,39.63140617418928,0.028597308535714787,14.202029884165045,0.19635631402998294,0.09721991000152881,
encdec,encdec,cfq1srhp,RodentEncDec_delay70_eff70-20260811-094225,failed,70,70,42,600000000,600064000.0,ef060b73,rodent_no_tail_collisions.xml,reference_root,NVIDIA H200,0.0,eval3ds-n00-6a6b8d4e,new_eval,True,rodent_no_tail_collisions.xml,0.0,32,3002,1347.4772534370422,1009.8720612011509,0.4488598445826257,502.65625,5.0265625,0.0,0.19894311470313958,2.833537715273416,13.782859942106395,0.027227064821462216,17.460984844039046,0.21425345581806793,0.10815584531857804,
encdec,encdec,cfq1srhp,RodentEncDec_delay70_eff70-20260811-094225,failed,70,70,42,600000000,600064000.0,ef060b73,rodent_no_tail_collisions.xml,reference_root,NVIDIA H200,0.02,eval3ds-n02-a4e0be11,train,True,rodent_no_tail_collisions.xml,0.02,673,502,780.3910003594091,442.30978451400205,1.5545637457358747,277.18424962852896,2.7718424962852897,0.29717682020802383,0.25355812270497735,2.350301090363737,39.65486284352847,0.028058178735837363,14.971904222869615,0.19173291279869484,0.09594953231993068,
encdec,encdec,cfq1srhp,RodentEncDec_delay70_eff70-20260811-094225,failed,70,70,42,600000000,600064000.0,ef060b73,rodent_no_tail_collisions.xml,reference_root,NVIDIA H200,0.02,eval3ds-n02-a4e0be11,old_eval,True,rodent_no_tail_collisions.xml,0.02,169,502,697.7090101975662,455.7429072762597,1.3898585860509287,251.10650887573965,2.5110650887573964,0.2248520710059172,0.30869288592501826,2.2791707369962606,40.098123199077314,0.029739455801178774,16.488542369292716,0.20184636076709003,0.101223441109362,
encdec,encdec,cfq1srhp,RodentEncDec_delay70_eff70-20260811-094225,failed,70,70,42,600000000,600064000.0,ef060b73,rodent_no_tail_collisions.xml,reference_root,NVIDIA H200,0.02,eval3ds-n02-a4e0be11,new_eval,True,rodent_no_tail_collisions.xml,0.02,32,3002,1368.5946559906006,1105.2109421277387,0.4558942891374419,539.78125,5.397812500000001,0.0,0.18526023273316736,2.8481665487254744,15.246562849314152,0.030035009668523585,17.978240631497975,0.2121463520376814,0.10853269873720095,
encdec,encdec,cfq1srhp,RodentEncDec_delay70_eff70-20260811-094225,failed,70,70,42,600000000,600064000.0,ef060b73,rodent_no_tail_collisions.xml,reference_root,NVIDIA H200,0.05,eval3ds-n05-7c60cd50,train,True,rodent_no_tail_collisions.xml,0.05,673,502,387.6727478911583,293.11775740239887,0.7722564699027057,155.3670133729569,1.5536701337295689,0.10252600297176817,0.5776477114056733,1.9847585396467085,43.45659028292625,0.033256822394021786,20.474124649381974,0.20992798030260296,0.10924065972346808,
encdec,encdec,cfq1srhp,RodentEncDec_delay70_eff70-20260811-094225,failed,70,70,42,600000000,600064000.0,ef060b73,rodent_no_tail_collisions.xml,reference_root,NVIDIA H200,0.05,eval3ds-n05-7c60cd50,old_eval,True,rodent_no_tail_collisions.xml,0.05,169,502,344.6785464089298,260.62944382164034,0.6866106502169916,139.8639053254438,1.398639053254438,0.059171597633136064,0.6726741972331514,1.9801999857750592,43.31015540457638,0.034212638039997294,21.480156329067118,0.21358511625466425,0.11142546692236409,
encdec,encdec,cfq1srhp,RodentEncDec_delay70_eff70-20260811-094225,failed,70,70,42,600000000,600064000.0,ef060b73,rodent_no_tail_collisions.xml,reference_root,NVIDIA H200,0.05,eval3ds-n05-7c60cd50,new_eval,True,rodent_no_tail_collisions.xml,0.05,32,3002,555.4321587085724,437.907825264884,0.18502070576568033,232.1875,2.321875,0.0,0.4306864064602961,2.2481568806021786,19.732634754790354,0.0343860718702529,21.930512107114303,0.20592600625444557,0.10837718193099075,
encdec,encdec,cfq1srhp,RodentEncDec_delay70_eff70-20260811-094225,failed,70,70,42,600000000,600064000.0,ef060b73,rodent_no_tail_collisions.xml,reference_root,NVIDIA H200,0.1,eval3ds-n10-2726ab9c,train,True,rodent_no_tail_collisions.xml,0.1,673,502,112.17640891790744,53.462331922697224,0.22345898190818214,44.92719167904903,0.4492719167904904,0.0,2.225823521629845,1.6192971851197895,53.67854358938464,0.04138403955496256,24.110787901979805,0.18703707723500512,0.1002146959986674,
encdec,encdec,cfq1srhp,RodentEncDec_delay70_eff70-20260811-094225,failed,70,70,42,600000000,600064000.0,ef060b73,rodent_no_tail_collisions.xml,reference_root,NVIDIA H200,0.1,eval3ds-n10-2726ab9c,old_eval,True,rodent_no_tail_collisions.xml,0.1,169,502,107.14663089097604,56.78081043818119,0.21343950376688456,41.80473372781065,0.41804733727810656,0.0,2.3920736022646847,1.5698193087939691,54.52196282118366,0.04017553248834689,23.46196765717899,0.1803543364247271,0.09508544909100629,
encdec,encdec,cfq1srhp,RodentEncDec_delay70_eff70-20260811-094225,failed,70,70,42,600000000,600064000.0,ef060b73,rodent_no_tail_collisions.xml,reference_root,NVIDIA H200,0.1,eval3ds-n10-2726ab9c,new_eval,True,rodent_no_tail_collisions.xml,0.1,32,3002,163.2564787864685,227.97598063111124,0.054382571214679716,73.5625,0.7356250000000001,0.0,1.3593882752761255,1.58521929388053,26.382392579008652,0.04048084095852442,25.472578113164495,0.17916840235310696,0.09530385650190332,
encdec,encdec,cfq1srhp,RodentEncDec_delay70_eff70-20260811-094225,failed,70,70,42,600000000,600064000.0,ef060b73,rodent_no_tail_collisions.xml,reference_root,NVIDIA H200,0.25,eval3ds-n25-da25f356,train,True,rodent_no_tail_collisions.xml,0.25,673,502,37.28561838668664,17.460213571655512,0.0742741402125232,17.433878157503713,0.17433878157503716,0.0,5.735958407909315,1.625895384817775,76.92586602248419,0.0535261450485551,27.985098516881468,0.16477959503005668,0.09183337300327793,
encdec,encdec,cfq1srhp,RodentEncDec_delay70_eff70-20260811-094225,failed,70,70,42,600000000,600064000.0,ef060b73,rodent_no_tail_collisions.xml,reference_root,NVIDIA H200,0.25,eval3ds-n25-da25f356,old_eval,True,rodent_no_tail_collisions.xml,0.25,169,502,36.544266006650304,17.08982882007463,0.07279734264272969,16.562130177514792,0.16562130177514794,0.0,6.037870668095748,1.5990637054602874,78.35111014953262,0.052402143302622724,27.259257720117464,0.1630191159102131,0.09044818542359584,
encdec,encdec,cfq1srhp,RodentEncDec_delay70_eff70-20260811-094225,failed,70,70,42,600000000,600064000.0,ef060b73,rodent_no_tail_collisions.xml,reference_root,NVIDIA H200,0.25,eval3ds-n25-da25f356,new_eval,True,rodent_no_tail_collisions.xml,0.25,32,3002,42.19065588712692,18.15766267247627,0.014054182507370727,20.875,0.20875000000000002,0.0,4.790419161676646,1.6054864006162388,46.94895767810041,0.051560901597738226,28.539120833975275,0.15044985374283137,0.08461130807345771,
encdec,encdec,d4dtnb5x,RodentEncDec_delay50_eff50-20260811-084722,failed,50,50,42,600000000,600064000.0,ef060b73,rodent_no_tail_collisions.xml,reference_root,NVIDIA A100-SXM4-80GB,0.0,eval3ds-n00-6a6b8d4e,train,True,rodent_no_tail_collisions.xml,0.0,673,502,899.0241398690891,499.8096482540238,1.7908847407750779,297.9895988112927,2.979895988112927,0.3491827637444279,0.2184026687011025,2.25938979048941,39.27680028278236,0.0262537091222295,12.912485216758997,0.1857695572975369,0.09309439761242372,
encdec,encdec,d4dtnb5x,RodentEncDec_delay50_eff50-20260811-084722,failed,50,50,42,600000000,600064000.0,ef060b73,rodent_no_tail_collisions.xml,reference_root,NVIDIA A100-SXM4-80GB,0.0,eval3ds-n00-6a6b8d4e,old_eval,True,rodent_no_tail_collisions.xml,0.0,169,502,823.3253044263851,498.26232694185114,1.6400902478613248,277.14792899408286,2.7714792899408285,0.2781065088757396,0.26047226610871516,2.215302081226776,39.57560975995486,0.02794201722130741,14.050171744853529,0.19223425900714605,0.09637688573070309,
encdec,encdec,d4dtnb5x,RodentEncDec_delay50_eff50-20260811-084722,failed,50,50,42,600000000,600064000.0,ef060b73,rodent_no_tail_collisions.xml,reference_root,NVIDIA A100-SXM4-80GB,0.0,eval3ds-n00-6a6b8d4e,new_eval,True,rodent_no_tail_collisions.xml,0.0,32,3002,1472.1262245178223,846.5059224319002,0.4903818202924125,502.3125,5.023125,0.0,0.19907925842976235,2.576355693633093,14.135851535707646,0.02583888101694861,12.739814073708281,0.1790351623754737,0.09064026711584541,
encdec,encdec,d4dtnb5x,RodentEncDec_delay50_eff50-20260811-084722,failed,50,50,42,600000000,600064000.0,ef060b73,rodent_no_tail_collisions.xml,reference_root,NVIDIA A100-SXM4-80GB,0.02,eval3ds-n02-a4e0be11,train,True,rodent_no_tail_collisions.xml,0.02,673,502,782.8239118850958,450.3636758888155,1.5594101830380394,275.83506686478455,2.7583506686478456,0.2867756315007429,0.25856914300489664,2.176471456079947,39.78851540082618,0.0284232531338544,15.885380434363777,0.19796361817178815,0.10109056309692308,
encdec,encdec,d4dtnb5x,RodentEncDec_delay50_eff50-20260811-084722,failed,50,50,42,600000000,600064000.0,ef060b73,rodent_no_tail_collisions.xml,reference_root,NVIDIA A100-SXM4-80GB,0.02,eval3ds-n02-a4e0be11,old_eval,True,rodent_no_tail_collisions.xml,0.02,169,502,725.7546061228013,430.39933192403095,1.4457263070175326,265.2603550295858,2.6526035502958583,0.272189349112426,0.27437596198889114,2.161305679025535,40.10516548757168,0.030001948444404965,17.755665298450598,0.2058342147082086,0.10544529709774624,
encdec,encdec,d4dtnb5x,RodentEncDec_delay50_eff50-20260811-084722,failed,50,50,42,600000000,600064000.0,ef060b73,rodent_no_tail_collisions.xml,reference_root,NVIDIA A100-SXM4-80GB,0.02,eval3ds-n02-a4e0be11,new_eval,True,rodent_no_tail_collisions.xml,0.02,32,3002,1379.9930264949799,1112.3372721240569,0.45969121468853424,493.09375,4.9309375,0.0,0.20280119145699982,2.4316000958136197,14.623678190601552,0.0260774491078284,16.838192433100122,0.18662798673099543,0.09631237317979105,
encdec,encdec,d4dtnb5x,RodentEncDec_delay50_eff50-20260811-084722,failed,50,50,42,600000000,600064000.0,ef060b73,rodent_no_tail_collisions.xml,reference_root,NVIDIA A100-SXM4-80GB,0.05,eval3ds-n05-7c60cd50,train,True,rodent_no_tail_collisions.xml,0.05,673,502,414.8346252384724,306.769671374158,0.8263637952957618,171.1634472511144,1.7116344725111443,0.13224368499257055,0.5069752502322189,1.9747671873752692,43.15946737040612,0.033889848837390435,21.476447661457662,0.2193210054477059,0.11568005353556506,
encdec,encdec,d4dtnb5x,RodentEncDec_delay50_eff50-20260811-084722,failed,50,50,42,600000000,600064000.0,ef060b73,rodent_no_tail_collisions.xml,reference_root,NVIDIA A100-SXM4-80GB,0.05,eval3ds-n05-7c60cd50,old_eval,True,rodent_no_tail_collisions.xml,0.05,169,502,374.012009299013,291.0278093723304,0.7450438432251255,151.72189349112426,1.5172189349112424,0.09467455621301779,0.5967005967005967,1.9525211747534037,43.72328759498731,0.03344753938982818,21.818910262335063,0.21674037371185992,0.11427499950577874,
encdec,encdec,d4dtnb5x,RodentEncDec_delay50_eff50-20260811-084722,failed,50,50,42,600000000,600064000.0,ef060b73,rodent_no_tail_collisions.xml,reference_root,NVIDIA A100-SXM4-80GB,0.05,eval3ds-n05-7c60cd50,new_eval,True,rodent_no_tail_collisions.xml,0.05,32,3002,854.835813999176,860.9143886158266,0.28475543437680745,383.53125,3.8353125,0.0,0.2607349466308156,2.143504963558255,18.649690453357998,0.03356381288608116,22.561302159382603,0.22370847264864785,0.11894478369024312,
encdec,encdec,d4dtnb5x,RodentEncDec_delay50_eff50-20260811-084722,failed,50,50,42,600000000,600064000.0,ef060b73,rodent_no_tail_collisions.xml,reference_root,NVIDIA A100-SXM4-80GB,0.1,eval3ds-n10-2726ab9c,train,True,rodent_no_tail_collisions.xml,0.1,673,502,128.82451971431013,112.10104793430463,0.2566225492316935,53.79940564635958,0.5379940564635959,0.013372956909361022,1.8338995221918413,1.644808230953828,53.156376103616324,0.04128445906778456,24.004003469247596,0.18985360701939968,0.10221911643603973,
encdec,encdec,d4dtnb5x,RodentEncDec_delay50_eff50-20260811-084722,failed,50,50,42,600000000,600064000.0,ef060b73,rodent_no_tail_collisions.xml,reference_root,NVIDIA A100-SXM4-80GB,0.1,eval3ds-n10-2726ab9c,old_eval,True,rodent_no_tail_collisions.xml,0.1,169,502,129.73452274615948,138.75865545249943,0.2584353042752181,54.30769230769231,0.5430769230769231,0.023668639053254448,1.7977772935280016,1.6240226318241464,53.73049405140696,0.04131650832657532,24.565371724623866,0.19364508267896455,0.10383801889606568,
encdec,encdec,d4dtnb5x,RodentEncDec_delay50_eff50-20260811-084722,failed,50,50,42,600000000,600064000.0,ef060b73,rodent_no_tail_collisions.xml,reference_root,NVIDIA A100-SXM4-80GB,0.1,eval3ds-n10-2726ab9c,new_eval,True,rodent_no_tail_collisions.xml,0.1,32,3002,162.36421012878418,82.39563871345565,0.054085346478608985,71.1875,0.711875,0.0,1.404741000877963,1.6721249050176907,26.343770417729417,0.03915561116001584,24.135700109852323,0.19388505631162797,0.10554038308271123,
encdec,encdec,d4dtnb5x,RodentEncDec_delay50_eff50-20260811-084722,failed,50,50,42,600000000,600064000.0,ef060b73,rodent_no_tail_collisions.xml,reference_root,NVIDIA A100-SXM4-80GB,0.25,eval3ds-n25-da25f356,train,True,rodent_no_tail_collisions.xml,0.25,673,502,37.195215264897115,17.1567996720611,0.07409405431254405,17.37592867756315,0.1737592867756315,0.0,5.755088079356936,1.6177562412223858,76.71423097966422,0.053933047392018145,28.03606085459609,0.16572327609513243,0.09265181022326993,
encdec,encdec,d4dtnb5x,RodentEncDec_delay50_eff50-20260811-084722,failed,50,50,42,600000000,600064000.0,ef060b73,rodent_no_tail_collisions.xml,reference_root,NVIDIA A100-SXM4-80GB,0.25,eval3ds-n25-da25f356,old_eval,True,rodent_no_tail_collisions.xml,0.25,169,502,37.02777312352107,16.385025089023898,0.07376050423012166,17.01775147928994,0.17017751479289941,0.0,5.876216968011127,1.5885602805620704,78.00347176994288,0.052673473373278094,27.061473245720148,0.16638564968946898,0.09275948905516285,
encdec,encdec,d4dtnb5x,RodentEncDec_delay50_eff50-20260811-084722,failed,50,50,42,600000000,600064000.0,ef060b73,rodent_no_tail_collisions.xml,reference_root,NVIDIA A100-SXM4-80GB,0.25,eval3ds-n25-da25f356,new_eval,True,rodent_no_tail_collisions.xml,0.25,32,3002,43.68767845630646,17.22958644517968,0.014552857580381898,21.375,0.21375000000000002,0.0,4.678362573099415,1.6253322119884133,46.871922777858956,0.05270447647999607,28.334281420409194,0.16201521046713016,0.09103080987204007,
encdec,encdec,dqjh25pb,RodentEncDec_delay8_eff8-20260811-081952,failed,8,8,42,600000000,600064000.0,ef060b73,rodent_no_tail_collisions.xml,reference_root,NVIDIA H200,0.0,eval3ds-n00-6a6b8d4e,train,True,rodent_no_tail_collisions.xml,0.0,673,502,1977.775785449001,374.47510476737585,3.9397924012928307,469.6790490341753,4.696790490341753,0.9227340267459139,0.016450802609350373,1.3706673329986676,37.834017348005425,0.009815418756779966,3.8622932025464793,0.06422183674046787,0.03173935397709651,
encdec,encdec,dqjh25pb,RodentEncDec_delay8_eff8-20260811-081952,failed,8,8,42,600000000,600064000.0,ef060b73,rodent_no_tail_collisions.xml,reference_root,NVIDIA H200,0.0,eval3ds-n00-6a6b8d4e,old_eval,True,rodent_no_tail_collisions.xml,0.0,169,502,1888.5723069772212,478.550567479463,3.7620962290382893,452.8757396449704,4.528757396449704,0.8461538461538461,0.03397094177903209,1.4002148477425547,38.42561432719555,0.011150080401907262,4.516258962003907,0.07206479480324994,0.03587523103123991,
encdec,encdec,dqjh25pb,RodentEncDec_delay8_eff8-20260811-081952,failed,8,8,42,600000000,600064000.0,ef060b73,rodent_no_tail_collisions.xml,reference_root,NVIDIA H200,0.0,eval3ds-n00-6a6b8d4e,new_eval,True,rodent_no_tail_collisions.xml,0.0,32,3002,7801.659132003784,4327.326145685037,2.5988204970032593,1900.34375,19.003437499999997,0.375,0.03288878656821957,1.4494039598006738,14.315968807123134,0.01188883449983321,5.986697196235362,0.07524698646568057,0.03829826699194293,
encdec,encdec,dqjh25pb,RodentEncDec_delay8_eff8-20260811-081952,failed,8,8,42,600000000,600064000.0,ef060b73,rodent_no_tail_collisions.xml,reference_root,NVIDIA H200,0.02,eval3ds-n02-a4e0be11,train,True,rodent_no_tail_collisions.xml,0.02,673,502,1815.5946142074788,504.6879770828844,3.6167223390587226,445.1768202080238,4.451768202080237,0.8187221396731055,0.04072041761792233,1.397533471098524,39.09773981376751,0.013201640435270664,5.873317168872846,0.07982595962979355,0.04035356005248827,
encdec,encdec,dqjh25pb,RodentEncDec_delay8_eff8-20260811-081952,failed,8,8,42,600000000,600064000.0,ef060b73,rodent_no_tail_collisions.xml,reference_root,NVIDIA H200,0.02,eval3ds-n02-a4e0be11,old_eval,True,rodent_no_tail_collisions.xml,0.02,169,502,1741.203378259783,561.4921931381505,3.468532626015504,430.94674556213016,4.309467455621301,0.7692307692307692,0.05354936152684336,1.42399240691649,39.11028961493026,0.01393210334540568,6.156267941248048,0.0835803763051842,0.042149521891581,
encdec,encdec,dqjh25pb,RodentEncDec_delay8_eff8-20260811-081952,failed,8,8,42,600000000,600064000.0,ef060b73,rodent_no_tail_collisions.xml,reference_root,NVIDIA H200,0.02,eval3ds-n02-a4e0be11,new_eval,True,rodent_no_tail_collisions.xml,0.02,32,3002,6424.704999923706,4122.1183543675315,2.140141572259729,1619.5,16.195,0.15625,0.052099413399197284,1.4408039520378921,15.77971537941716,0.013843576147017353,8.618305386122131,0.0841725186634993,0.04396678396005503,
encdec,encdec,dqjh25pb,RodentEncDec_delay8_eff8-20260811-081952,failed,8,8,42,600000000,600064000.0,ef060b73,rodent_no_tail_collisions.xml,reference_root,NVIDIA H200,0.05,eval3ds-n05-7c60cd50,train,True,rodent_no_tail_collisions.xml,0.05,673,502,570.3981376920023,389.1542624275019,1.1362512703027934,209.32689450222884,2.093268945022288,0.15601783060921248,0.40318859714502725,1.6110829515048446,43.024406363113684,0.03608961172690428,19.86738257871159,0.1986964359215754,0.10331577813548617,
encdec,encdec,dqjh25pb,RodentEncDec_delay8_eff8-20260811-081952,failed,8,8,42,600000000,600064000.0,ef060b73,rodent_no_tail_collisions.xml,reference_root,NVIDIA H200,0.05,eval3ds-n05-7c60cd50,old_eval,True,rodent_no_tail_collisions.xml,0.05,169,502,566.2021146243846,377.34303474571226,1.127892658614312,216.9112426035503,2.169112426035503,0.17159763313609466,0.38190845108843907,1.6580079173515734,42.9246433036563,0.037116243031353975,20.53690381303645,0.20486275700089598,0.10617619451888106,
encdec,encdec,dqjh25pb,RodentEncDec_delay8_eff8-20260811-081952,failed,8,8,42,600000000,600064000.0,ef060b73,rodent_no_tail_collisions.xml,reference_root,NVIDIA H200,0.05,eval3ds-n05-7c60cd50,new_eval,True,rodent_no_tail_collisions.xml,0.05,32,3002,816.3097529411316,771.9938974952555,0.2719219696672657,290.96875,2.9096875,0.0,0.3436795188486736,1.4918557137040316,22.201597320480452,0.0335898064152506,20.206629442669797,0.1746973961100754,0.09138091193564434,
encdec,encdec,dqjh25pb,RodentEncDec_delay8_eff8-20260811-081952,failed,8,8,42,600000000,600064000.0,ef060b73,rodent_no_tail_collisions.xml,reference_root,NVIDIA H200,0.1,eval3ds-n10-2726ab9c,train,True,rodent_no_tail_collisions.xml,0.1,673,502,138.2429207891093,131.01405975753767,0.2753843043607755,57.67161961367013,0.5767161961367013,0.011887072808320909,1.713343467394945,1.4978974768608109,53.832009724923104,0.045099781472689345,24.44747653735002,0.19052242707643452,0.10273841607186027,
encdec,encdec,dqjh25pb,RodentEncDec_delay8_eff8-20260811-081952,failed,8,8,42,600000000,600064000.0,ef060b73,rodent_no_tail_collisions.xml,reference_root,NVIDIA H200,0.1,eval3ds-n10-2726ab9c,old_eval,True,rodent_no_tail_collisions.xml,0.1,169,502,134.79710006713867,122.55941578720113,0.2685201196556547,58.082840236686394,0.5808284023668638,0.017751479289940808,1.6911165444172782,1.5072002395166757,54.43952416285441,0.0457017467858036,24.66349405355122,0.19178992231622025,0.1025983621437761,
encdec,encdec,dqjh25pb,RodentEncDec_delay8_eff8-20260811-081952,failed,8,8,42,600000000,600064000.0,ef060b73,rodent_no_tail_collisions.xml,reference_root,NVIDIA H200,0.1,eval3ds-n10-2726ab9c,new_eval,True,rodent_no_tail_collisions.xml,0.1,32,3002,124.9966139793396,59.56630207846408,0.041637779473464226,47.21875,0.4721875,0.0,2.1178027796161483,1.395590385562083,30.82002587221387,0.04168855372937292,23.997264821323803,0.14966564468707308,0.07883080328876069,
encdec,encdec,dqjh25pb,RodentEncDec_delay8_eff8-20260811-081952,failed,8,8,42,600000000,600064000.0,ef060b73,rodent_no_tail_collisions.xml,reference_root,NVIDIA H200,0.25,eval3ds-n25-da25f356,train,True,rodent_no_tail_collisions.xml,0.25,673,502,36.80445324612939,18.56599123043667,0.07331564391659241,17.59881129271917,0.1759881129271917,0.0,5.6822019587977035,1.5737119240869015,77.6181210903455,0.05490164369747577,28.35264129298295,0.1640606899301,0.09191576479318277,
encdec,encdec,dqjh25pb,RodentEncDec_delay8_eff8-20260811-081952,failed,8,8,42,600000000,600064000.0,ef060b73,rodent_no_tail_collisions.xml,reference_root,NVIDIA H200,0.25,eval3ds-n25-da25f356,old_eval,True,rodent_no_tail_collisions.xml,0.25,169,502,35.97680876240928,17.072425393609333,0.07166694972591489,17.05325443786982,0.17053254437869822,0.0,5.863983344899376,1.577598729486302,78.957206006584,0.05421741850968952,27.817362441801528,0.16463339554696896,0.09191664317747579,
encdec,encdec,dqjh25pb,RodentEncDec_delay8_eff8-20260811-081952,failed,8,8,42,600000000,600064000.0,ef060b73,rodent_no_tail_collisions.xml,reference_root,NVIDIA H200,0.25,eval3ds-n25-da25f356,new_eval,True,rodent_no_tail_collisions.xml,0.25,32,3002,42.193972408771515,15.074212275610819,0.014055287278071791,21.21875,0.2121875,0.0,4.712812960235641,1.593455621765127,48.43789874017555,0.05055706223146275,28.742335360331623,0.15548321082196734,0.0875044257770398,
encdec,encdec,ekl3fbju,RodentEncDec_delay90_eff90-20260811-094225,failed,90,90,42,600000000,600064000.0,ef060b73,rodent_no_tail_collisions.xml,reference_root,NVIDIA H200,0.0,eval3ds-n00-6a6b8d4e,train,True,rodent_no_tail_collisions.xml,0.0,673,502,828.9853210789311,437.96350814376984,1.6513651814321335,291.0252600297177,2.9102526002971767,0.29717682020802383,0.24149902991933012,2.4516836254592795,39.16975008548443,0.027801806850985447,13.668145510104699,0.1921201021960478,0.09492991191479978,
encdec,encdec,ekl3fbju,RodentEncDec_delay90_eff90-20260811-094225,failed,90,90,42,600000000,600064000.0,ef060b73,rodent_no_tail_collisions.xml,reference_root,NVIDIA H200,0.0,eval3ds-n00-6a6b8d4e,old_eval,True,rodent_no_tail_collisions.xml,0.0,169,502,723.2679883065308,421.5398393555158,1.4407728850727706,263.26627218934914,2.632662721893491,0.23668639053254437,0.28993976445203634,2.385702532025499,39.43027956830937,0.0292635743785866,15.873931740279993,0.1998794687909112,0.09916778293323762,
encdec,encdec,ekl3fbju,RodentEncDec_delay90_eff90-20260811-094225,failed,90,90,42,600000000,600064000.0,ef060b73,rodent_no_tail_collisions.xml,reference_root,NVIDIA H200,0.0,eval3ds-n00-6a6b8d4e,new_eval,True,rodent_no_tail_collisions.xml,0.0,32,3002,1277.9281778335571,877.3241091111983,0.4256922644348958,462.09375,4.6209375,0.0,0.21640630283357,2.5247254083193105,14.237108035713609,0.02557815633484237,13.67004474839587,0.18463905981322004,0.09326202881159758,
encdec,encdec,ekl3fbju,RodentEncDec_delay90_eff90-20260811-094225,failed,90,90,42,600000000,600064000.0,ef060b73,rodent_no_tail_collisions.xml,reference_root,NVIDIA H200,0.02,eval3ds-n02-a4e0be11,train,True,rodent_no_tail_collisions.xml,0.02,673,502,734.064342175692,401.6628341579555,1.4622795660870358,269.92421991084694,2.6992421991084696,0.2540861812778603,0.2763419373661641,2.398214714137562,39.76338544684968,0.02914449407350881,15.618831219542015,0.19872307238750306,0.1002050415454851,
encdec,encdec,ekl3fbju,RodentEncDec_delay90_eff90-20260811-094225,failed,90,90,42,600000000,600064000.0,ef060b73,rodent_no_tail_collisions.xml,reference_root,NVIDIA H200,0.02,eval3ds-n02-a4e0be11,old_eval,True,rodent_no_tail_collisions.xml,0.02,169,502,637.8423125588682,383.9097926946227,1.2706022162527255,242.50295857988166,2.4250295857988164,0.18343195266272194,0.3367249835297562,2.325019033329546,40.120887271232185,0.031364745945979045,16.948920414405812,0.20765245980677505,0.10488485518324979,
encdec,encdec,ekl3fbju,RodentEncDec_delay90_eff90-20260811-094225,failed,90,90,42,600000000,600064000.0,ef060b73,rodent_no_tail_collisions.xml,reference_root,NVIDIA H200,0.02,eval3ds-n02-a4e0be11,new_eval,True,rodent_no_tail_collisions.xml,0.02,32,3002,1034.4342947006226,757.7241135989427,0.3445817104265898,388.875,3.88875,0.0,0.2571520411443266,2.5467837224951797,15.140503893761116,0.0278336504287075,17.121389031658726,0.20536819715924504,0.10546747721950855,
encdec,encdec,ekl3fbju,RodentEncDec_delay90_eff90-20260811-094225,failed,90,90,42,600000000,600064000.0,ef060b73,rodent_no_tail_collisions.xml,reference_root,NVIDIA H200,0.05,eval3ds-n05-7c60cd50,train,True,rodent_no_tail_collisions.xml,0.05,673,502,348.72455780006624,236.7459098361238,0.6946704338646738,144.17979197622586,1.4417979197622586,0.06537890044576522,0.648233075345501,2.0198478174584986,43.14053702146633,0.033667498460475453,20.68585761608538,0.21193320770670177,0.11159337017856483,
encdec,encdec,ekl3fbju,RodentEncDec_delay90_eff90-20260811-094225,failed,90,90,42,600000000,600064000.0,ef060b73,rodent_no_tail_collisions.xml,reference_root,NVIDIA H200,0.05,eval3ds-n05-7c60cd50,old_eval,True,rodent_no_tail_collisions.xml,0.05,169,502,368.65816529403776,285.9529008422913,0.7343788153267684,156.9112426035503,1.569112426035503,0.10650887573964496,0.5694245418206502,2.0700266808771177,42.94947372082642,0.035529829709315376,21.48452217599165,0.22047744917373266,0.11643437522122549,
encdec,encdec,ekl3fbju,RodentEncDec_delay90_eff90-20260811-094225,failed,90,90,42,600000000,600064000.0,ef060b73,rodent_no_tail_collisions.xml,reference_root,NVIDIA H200,0.05,eval3ds-n05-7c60cd50,new_eval,True,rodent_no_tail_collisions.xml,0.05,32,3002,433.43055391311646,332.4356577682741,0.14438059757265706,174.53125,1.7453124999999998,0.0,0.5729632945389437,1.9357453324089446,19.125813442200858,0.030914128755592025,21.87280348529338,0.20552089539169102,0.10652145177890958,
encdec,encdec,ekl3fbju,RodentEncDec_delay90_eff90-20260811-094225,failed,90,90,42,600000000,600064000.0,ef060b73,rodent_no_tail_collisions.xml,reference_root,NVIDIA H200,0.1,eval3ds-n10-2726ab9c,train,True,rodent_no_tail_collisions.xml,0.1,673,502,112.7963889916974,70.99610507002485,0.22469400197549283,45.843982169390785,0.45843982169390785,0.004457652303120341,2.171587852072732,1.6187435259828271,53.64460580490378,0.04127864493922128,24.02321959984822,0.1844174461278312,0.09964360959475084,
encdec,encdec,ekl3fbju,RodentEncDec_delay90_eff90-20260811-094225,failed,90,90,42,600000000,600064000.0,ef060b73,rodent_no_tail_collisions.xml,reference_root,NVIDIA H200,0.1,eval3ds-n10-2726ab9c,old_eval,True,rodent_no_tail_collisions.xml,0.1,169,502,109.62982044558554,66.53084873119752,0.21838609650515048,45.171597633136095,0.45171597633136096,0.0,2.213780455855384,1.6161046192966049,53.93435496476887,0.04100030771255689,23.967788793795634,0.1897254363306125,0.10167901877430773,
encdec,encdec,ekl3fbju,RodentEncDec_delay90_eff90-20260811-094225,failed,90,90,42,600000000,600064000.0,ef060b73,rodent_no_tail_collisions.xml,reference_root,NVIDIA H200,0.1,eval3ds-n10-2726ab9c,new_eval,True,rodent_no_tail_collisions.xml,0.1,32,3002,129.14842522144318,48.59615624305402,0.043020794544118314,53.1875,0.531875,0.0,1.8801410105757932,1.5460646883219047,26.984278073862498,0.040831035328296746,24.435449361188326,0.17009215654396892,0.09183221454742685,
encdec,encdec,ekl3fbju,RodentEncDec_delay90_eff90-20260811-094225,failed,90,90,42,600000000,600064000.0,ef060b73,rodent_no_tail_collisions.xml,reference_root,NVIDIA H200,0.25,eval3ds-n25-da25f356,train,True,rodent_no_tail_collisions.xml,0.25,673,502,36.61548875380767,16.789268926543695,0.07293922062511488,16.88855869242199,0.1688855869242199,0.0,5.92116839697343,1.5989312429246676,77.21776995498927,0.05371064994560446,27.93640772324523,0.16272112153475193,0.0912728508735196,
encdec,encdec,ekl3fbju,RodentEncDec_delay90_eff90-20260811-094225,failed,90,90,42,600000000,600064000.0,ef060b73,rodent_no_tail_collisions.xml,reference_root,NVIDIA H200,0.25,eval3ds-n25-da25f356,old_eval,True,rodent_no_tail_collisions.xml,0.25,169,502,35.99728438134729,15.115487573890785,0.07170773781144879,16.2603550295858,0.16260355029585802,0.0,6.149927219796214,1.5797632843543146,78.76468280928852,0.05253784585536295,27.02991217923762,0.1629988352369773,0.09080901879999552,
encdec,encdec,ekl3fbju,RodentEncDec_delay90_eff90-20260811-094225,failed,90,90,42,600000000,600064000.0,ef060b73,rodent_no_tail_collisions.xml,reference_root,NVIDIA H200,0.25,eval3ds-n25-da25f356,new_eval,True,rodent_no_tail_collisions.xml,0.25,32,3002,43.64790505170822,17.651675397225517,0.014539608611495078,21.5,0.21500000000000002,0.0,4.651162790697674,1.6388037442139258,46.56447807939913,0.052882850266832995,28.618421725232626,0.16029566943090395,0.09000964931501976,
encdec,encdec,g1eehkgv,RodentEncDec_delay40_eff40-20260811-084704,failed,40,40,42,600000000,600064000.0,ef060b73,rodent_no_tail_collisions.xml,reference_root,NVIDIA A100-SXM4-80GB,0.0,eval3ds-n00-6a6b8d4e,train,True,rodent_no_tail_collisions.xml,0.0,673,502,1020.7550695796247,570.8530528357452,2.0333766326287344,319.35809806835067,3.193580980683507,0.4413075780089153,0.17494230626070123,2.138837192058378,38.95626689127735,0.025561624264629792,10.796220722313842,0.1757926518788063,0.08440622714740587,
encdec,encdec,g1eehkgv,RodentEncDec_delay40_eff40-20260811-084704,failed,40,40,42,600000000,600064000.0,ef060b73,rodent_no_tail_collisions.xml,reference_root,NVIDIA A100-SXM4-80GB,0.0,eval3ds-n00-6a6b8d4e,old_eval,True,rodent_no_tail_collisions.xml,0.0,169,502,929.0144781078812,582.1267639095504,1.8506264504141061,301.59763313609466,3.015976331360947,0.40828402366863903,0.19619383951343927,2.086258908989756,39.85734081212748,0.028156873999962636,13.508087291433387,0.19184583613229364,0.09305885346350969,
encdec,encdec,g1eehkgv,RodentEncDec_delay40_eff40-20260811-084704,failed,40,40,42,600000000,600064000.0,ef060b73,rodent_no_tail_collisions.xml,reference_root,NVIDIA A100-SXM4-80GB,0.0,eval3ds-n00-6a6b8d4e,new_eval,True,rodent_no_tail_collisions.xml,0.0,32,3002,2444.2315559387207,1872.5123374742313,0.8142010512787211,855.40625,8.5540625,0.0,0.11690351806524676,2.5362021862061317,13.58185410208382,0.024658535721187383,11.176040790773577,0.184834398665392,0.0938847580118904,
encdec,encdec,g1eehkgv,RodentEncDec_delay40_eff40-20260811-084704,failed,40,40,42,600000000,600064000.0,ef060b73,rodent_no_tail_collisions.xml,reference_root,NVIDIA A100-SXM4-80GB,0.02,eval3ds-n02-a4e0be11,train,True,rodent_no_tail_collisions.xml,0.02,673,502,914.371908553465,530.4922366386504,1.821457985166265,305.48291233283805,3.0548291233283806,0.41753343239227336,0.19067075246850526,2.0936599150939132,39.67630670070687,0.027867374842050784,13.702111123963979,0.19055488452993263,0.09403258891331598,
encdec,encdec,g1eehkgv,RodentEncDec_delay40_eff40-20260811-084704,failed,40,40,42,600000000,600064000.0,ef060b73,rodent_no_tail_collisions.xml,reference_root,NVIDIA A100-SXM4-80GB,0.02,eval3ds-n02-a4e0be11,old_eval,True,rodent_no_tail_collisions.xml,0.02,169,502,835.2292636668188,522.367554779749,1.6638033140773283,289.5147928994083,2.8951479289940827,0.3727810650887574,0.21664486592544147,2.0517165461720372,39.942916177270696,0.029763566421841865,16.12259475369654,0.20538159798357217,0.10197057063593506,
encdec,encdec,g1eehkgv,RodentEncDec_delay40_eff40-20260811-084704,failed,40,40,42,600000000,600064000.0,ef060b73,rodent_no_tail_collisions.xml,reference_root,NVIDIA A100-SXM4-80GB,0.02,eval3ds-n02-a4e0be11,new_eval,True,rodent_no_tail_collisions.xml,0.02,32,3002,1951.4067811965942,1524.633831952553,0.6500355700188521,685.28125,6.8528125,0.0,0.1459254867983036,2.401901407575924,15.340324445509047,0.025041286452417526,13.884525181514302,0.18099371640978262,0.08954731232271626,
encdec,encdec,g1eehkgv,RodentEncDec_delay40_eff40-20260811-084704,failed,40,40,42,600000000,600064000.0,ef060b73,rodent_no_tail_collisions.xml,reference_root,NVIDIA A100-SXM4-80GB,0.05,eval3ds-n05-7c60cd50,train,True,rodent_no_tail_collisions.xml,0.05,673,502,489.9752275486758,368.2396013635124,0.9760462700172824,198.19762258543832,1.9819762258543832,0.19167904903417532,0.4078358460719561,1.9355870092474334,43.00495119202826,0.034476605818355016,21.65094603230084,0.22726919591131198,0.11950488901680033,
encdec,encdec,g1eehkgv,RodentEncDec_delay40_eff40-20260811-084704,failed,40,40,42,600000000,600064000.0,ef060b73,rodent_no_tail_collisions.xml,reference_root,NVIDIA A100-SXM4-80GB,0.05,eval3ds-n05-7c60cd50,old_eval,True,rodent_no_tail_collisions.xml,0.05,169,502,490.53742470825915,381.64724911422724,0.977166184677807,204.15384615384616,2.0415384615384613,0.21893491124260356,0.3825865167236682,1.90341117568793,42.8105812848119,0.03635333519610539,22.495225398396467,0.22939778680109757,0.12137503140552357,
encdec,encdec,g1eehkgv,RodentEncDec_delay40_eff40-20260811-084704,failed,40,40,42,600000000,600064000.0,ef060b73,rodent_no_tail_collisions.xml,reference_root,NVIDIA A100-SXM4-80GB,0.05,eval3ds-n05-7c60cd50,new_eval,True,rodent_no_tail_collisions.xml,0.05,32,3002,738.5389182567596,512.8853813644203,0.24601562899958682,318.9375,3.189375,0.0,0.313541054281795,2.1096201662423972,18.650184134830173,0.03387818445647675,22.34204883643408,0.21838500436951308,0.11748974835950372,
encdec,encdec,g1eehkgv,RodentEncDec_delay40_eff40-20260811-084704,failed,40,40,42,600000000,600064000.0,ef060b73,rodent_no_tail_collisions.xml,reference_root,NVIDIA A100-SXM4-80GB,0.1,eval3ds-n10-2726ab9c,train,True,rodent_no_tail_collisions.xml,0.1,673,502,145.26221037548683,152.73136585344415,0.28936695293921677,62.309063893016344,0.6230906389301634,0.025260029717682042,1.5643630466924217,1.6782803686778134,52.97141106844445,0.042021807657707896,24.861002369266043,0.19713587284115827,0.10625457873444233,
encdec,encdec,g1eehkgv,RodentEncDec_delay40_eff40-20260811-084704,failed,40,40,42,600000000,600064000.0,ef060b73,rodent_no_tail_collisions.xml,reference_root,NVIDIA A100-SXM4-80GB,0.1,eval3ds-n10-2726ab9c,old_eval,True,rodent_no_tail_collisions.xml,0.1,169,502,129.67194237793692,113.45689997118451,0.25831064218712535,54.06508875739645,0.5406508875739645,0.00591715976331364,1.8386779030316296,1.6267262505814355,54.059462140947396,0.04147931004760462,24.0357248806009,0.19553285052183617,0.10408915553541694,
encdec,encdec,g1eehkgv,RodentEncDec_delay40_eff40-20260811-084704,failed,40,40,42,600000000,600064000.0,ef060b73,rodent_no_tail_collisions.xml,reference_root,NVIDIA A100-SXM4-80GB,0.1,eval3ds-n10-2726ab9c,new_eval,True,rodent_no_tail_collisions.xml,0.1,32,3002,196.13996648788452,286.5049528488035,0.06533643120848918,82.09375,0.8209375000000001,0.0,1.2181195279786827,1.5950375146159816,26.60009407652651,0.037705177790347946,25.477218427679162,0.1760658900970783,0.09330254795193431,
encdec,encdec,g1eehkgv,RodentEncDec_delay40_eff40-20260811-084704,failed,40,40,42,600000000,600064000.0,ef060b73,rodent_no_tail_collisions.xml,reference_root,NVIDIA A100-SXM4-80GB,0.25,eval3ds-n25-da25f356,train,True,rodent_no_tail_collisions.xml,0.25,673,502,37.95605920221972,19.345255842367322,0.07560967968569665,17.9851411589896,0.179851411589896,0.0,5.560145406477197,1.6381276363051898,76.65904637077045,0.05380850243528225,28.239295352711594,0.16830105198270867,0.09366639473785561,
encdec,encdec,g1eehkgv,RodentEncDec_delay40_eff40-20260811-084704,failed,40,40,42,600000000,600064000.0,ef060b73,rodent_no_tail_collisions.xml,reference_root,NVIDIA A100-SXM4-80GB,0.25,eval3ds-n25-da25f356,old_eval,True,rodent_no_tail_collisions.xml,0.25,169,502,37.97174315480791,19.39530189143282,0.07564092261913927,17.745562130177515,0.17745562130177517,0.0,5.635211737245748,1.6135134790953831,77.57813271856034,0.052333363111024704,27.293448460856645,0.16421157560565092,0.09096911420405747,
encdec,encdec,g1eehkgv,RodentEncDec_delay40_eff40-20260811-084704,failed,40,40,42,600000000,600064000.0,ef060b73,rodent_no_tail_collisions.xml,reference_root,NVIDIA A100-SXM4-80GB,0.25,eval3ds-n25-da25f356,new_eval,True,rodent_no_tail_collisions.xml,0.25,32,3002,47.695082664489746,20.174755894233535,0.01588776904213516,24.0625,0.240625,0.0,4.1558441558441555,1.6654551265914144,46.227913366568075,0.051772830889313295,28.162967989917348,0.16321775004554706,0.09165334031575392,
encdec,encdec,mpmlfb9i,RodentEncDec_delay15_eff15-20260811-083832,failed,15,15,42,600000000,600064000.0,ef060b73,rodent_no_tail_collisions.xml,reference_root,NVIDIA H200,0.0,eval3ds-n00-6a6b8d4e,train,True,rodent_no_tail_collisions.xml,0.0,673,502,1667.69471195442,582.0177893982279,3.322101019829522,426.6849925705795,4.266849925705795,0.7756315007429421,0.05258410845559428,1.509211330610014,38.53549282351559,0.0161520869175752,6.08548107061968,0.10359688572096389,0.05170788974187495,
encdec,encdec,mpmlfb9i,RodentEncDec_delay15_eff15-20260811-083832,failed,15,15,42,600000000,600064000.0,ef060b73,rodent_no_tail_collisions.xml,reference_root,NVIDIA H200,0.0,eval3ds-n00-6a6b8d4e,old_eval,True,rodent_no_tail_collisions.xml,0.0,169,502,1523.4743777845033,667.0482009520963,3.0348095174990104,395.2307692307692,3.9523076923076927,0.6686390532544378,0.08383986585621463,1.5249377050551791,39.44281137018255,0.017797760709019346,7.160367975138369,0.1135008884990564,0.05640845890553073,
encdec,encdec,mpmlfb9i,RodentEncDec_delay15_eff15-20260811-083832,failed,15,15,42,600000000,600064000.0,ef060b73,rodent_no_tail_collisions.xml,reference_root,NVIDIA H200,0.0,eval3ds-n00-6a6b8d4e,new_eval,True,rodent_no_tail_collisions.xml,0.0,32,3002,4779.764367103577,3839.9647448300457,1.5921933268166477,1267.71875,12.6771875,0.125,0.06902161855695516,1.5227822851673114,14.669771190837174,0.015483518827355448,8.234694149530828,0.10374017349195316,0.053094988860440326,
encdec,encdec,mpmlfb9i,RodentEncDec_delay15_eff15-20260811-083832,failed,15,15,42,600000000,600064000.0,ef060b73,rodent_no_tail_collisions.xml,reference_root,NVIDIA H200,0.02,eval3ds-n02-a4e0be11,train,True,rodent_no_tail_collisions.xml,0.02,673,502,1457.7596013606214,633.4075995743204,2.903903588367772,393.6627043090639,3.9366270430906387,0.6597325408618128,0.08643629569517051,1.5350175669630983,39.65116165534597,0.020133249034222776,9.024798667960209,0.12523925308739567,0.06285864328525785,
encdec,encdec,mpmlfb9i,RodentEncDec_delay15_eff15-20260811-083832,failed,15,15,42,600000000,600064000.0,ef060b73,rodent_no_tail_collisions.xml,reference_root,NVIDIA H200,0.02,eval3ds-n02-a4e0be11,old_eval,True,rodent_no_tail_collisions.xml,0.02,169,502,1335.5203954030776,670.4798525005916,2.660399194030035,367.89940828402365,3.6789940828402368,0.5680473372781065,0.11741053478086047,1.5618927948114842,39.68640451274169,0.02218358608483395,10.424474847244701,0.1371866724748325,0.067957362036997,
encdec,encdec,mpmlfb9i,RodentEncDec_delay15_eff15-20260811-083832,failed,15,15,42,600000000,600064000.0,ef060b73,rodent_no_tail_collisions.xml,reference_root,NVIDIA H200,0.02,eval3ds-n02-a4e0be11,new_eval,True,rodent_no_tail_collisions.xml,0.02,32,3002,3984.549087047577,3313.526032072768,1.3272981635734766,1088.8125,10.888124999999999,0.09375,0.08323287985764309,1.5615694166230853,15.473629606787409,0.01859810238008394,9.41628229574334,0.1162076396492594,0.06061387254875223,
encdec,encdec,mpmlfb9i,RodentEncDec_delay15_eff15-20260811-083832,failed,15,15,42,600000000,600064000.0,ef060b73,rodent_no_tail_collisions.xml,reference_root,NVIDIA H200,0.05,eval3ds-n05-7c60cd50,train,True,rodent_no_tail_collisions.xml,0.05,673,502,499.8975241492443,377.2181337067257,0.9958118010941122,188.47994056463597,1.8847994056463593,0.14858841010401191,0.4517253068657517,1.6001308674163017,43.187594033471754,0.03554209638937622,20.94186791327908,0.2103634726131746,0.10965242292322058,
encdec,encdec,mpmlfb9i,RodentEncDec_delay15_eff15-20260811-083832,failed,15,15,42,600000000,600064000.0,ef060b73,rodent_no_tail_collisions.xml,reference_root,NVIDIA H200,0.05,eval3ds-n05-7c60cd50,old_eval,True,rodent_no_tail_collisions.xml,0.05,169,502,472.8252061697153,341.096394561114,0.9418828808161659,183.5976331360947,1.8359763313609465,0.10650887573964496,0.48665721284001556,1.613643221588898,43.214328660690136,0.0376246256362871,20.8919716177466,0.20994858993893267,0.1093650052252774,
encdec,encdec,mpmlfb9i,RodentEncDec_delay15_eff15-20260811-083832,failed,15,15,42,600000000,600064000.0,ef060b73,rodent_no_tail_collisions.xml,reference_root,NVIDIA H200,0.05,eval3ds-n05-7c60cd50,new_eval,True,rodent_no_tail_collisions.xml,0.05,32,3002,782.7207345962524,1288.5944370573186,0.26073308947243584,284.40625,2.8440625,0.03125,0.3406219096802549,1.4628040219596963,21.29886034326806,0.031392565934371605,18.917238900362015,0.16613432939515954,0.08778901110880208,
encdec,encdec,mpmlfb9i,RodentEncDec_delay15_eff15-20260811-083832,failed,15,15,42,600000000,600064000.0,ef060b73,rodent_no_tail_collisions.xml,reference_root,NVIDIA H200,0.1,eval3ds-n10-2726ab9c,train,True,rodent_no_tail_collisions.xml,0.1,673,502,118.78749832107975,83.98616941838647,0.23662848271131426,46.980683506686475,0.46980683506686477,0.002971768202080227,2.1222088683661204,1.4772380522767787,54.27791473158457,0.04297837558827219,24.179588605369673,0.1848161786535933,0.09889384741898764,
encdec,encdec,mpmlfb9i,RodentEncDec_delay15_eff15-20260811-083832,failed,15,15,42,600000000,600064000.0,ef060b73,rodent_no_tail_collisions.xml,reference_root,NVIDIA H200,0.1,eval3ds-n10-2726ab9c,old_eval,True,rodent_no_tail_collisions.xml,0.1,169,502,132.51552340264857,140.26066586181815,0.26397514622041546,54.23668639053255,0.5423668639053254,0.017751479289940808,1.8110408029674887,1.4830104603989553,54.10848790397107,0.04377427345424514,23.767136297583367,0.1880560980396979,0.09974514742206432,
encdec,encdec,mpmlfb9i,RodentEncDec_delay15_eff15-20260811-083832,failed,15,15,42,600000000,600064000.0,ef060b73,rodent_no_tail_collisions.xml,reference_root,NVIDIA H200,0.1,eval3ds-n10-2726ab9c,new_eval,True,rodent_no_tail_collisions.xml,0.1,32,3002,177.2567616701126,201.0932856247842,0.05904622307465443,73.9375,0.739375,0.0,1.3524936601859678,1.5068549753939893,28.37807423175179,0.040450054666994126,24.510289324959736,0.16608097837649927,0.08983596171689837,
encdec,encdec,mpmlfb9i,RodentEncDec_delay15_eff15-20260811-083832,failed,15,15,42,600000000,600064000.0,ef060b73,rodent_no_tail_collisions.xml,reference_root,NVIDIA H200,0.25,eval3ds-n25-da25f356,train,True,rodent_no_tail_collisions.xml,0.25,673,502,36.72009840762633,17.936922487828166,0.07314760638969389,17.24665676077266,0.1724665676077266,0.0,5.798225208925648,1.5964058085114325,77.52912013904552,0.054541349314115674,28.223339439998174,0.1653677961615227,0.09259980091923911,
encdec,encdec,mpmlfb9i,RodentEncDec_delay15_eff15-20260811-083832,failed,15,15,42,600000000,600064000.0,ef060b73,rodent_no_tail_collisions.xml,reference_root,NVIDIA H200,0.25,eval3ds-n25-da25f356,old_eval,True,rodent_no_tail_collisions.xml,0.25,169,502,36.51626224630683,16.993723128222246,0.07274155825957536,17.106508875739646,0.17106508875739646,0.0,5.845728121757177,1.5852810039102894,78.93487350052486,0.053393119028701405,27.179462367751764,0.1635369769580183,0.09078801172165886,
encdec,encdec,mpmlfb9i,RodentEncDec_delay15_eff15-20260811-083832,failed,15,15,42,600000000,600064000.0,ef060b73,rodent_no_tail_collisions.xml,reference_root,NVIDIA H200,0.25,eval3ds-n25-da25f356,new_eval,True,rodent_no_tail_collisions.xml,0.25,32,3002,44.21548265218735,17.72991317985165,0.014728675100662008,21.8125,0.218125,0.0,4.584527220630372,1.6163475316299931,46.72675921557156,0.05058134872206795,27.609180530948052,0.16148582747160983,0.08989682769077753,
encdec,encdec,n1igz0o8,RodentEncDec_delay60_eff60-20260811-084722,failed,60,60,42,600000000,600064000.0,ef060b73,rodent_no_tail_collisions.xml,reference_root,NVIDIA A100-SXM4-80GB,0.0,eval3ds-n00-6a6b8d4e,train,True,rodent_no_tail_collisions.xml,0.0,673,502,833.070503597628,465.7166504763901,1.6595029952143983,293.44279346210993,2.9344279346210995,0.3566121842496285,0.2192549382997362,2.2713530258658596,39.30255458596297,0.028156102829460065,15.307028089387615,0.20829942295582485,0.1059476511002828,
encdec,encdec,n1igz0o8,RodentEncDec_delay60_eff60-20260811-084722,failed,60,60,42,600000000,600064000.0,ef060b73,rodent_no_tail_collisions.xml,reference_root,NVIDIA A100-SXM4-80GB,0.0,eval3ds-n00-6a6b8d4e,old_eval,True,rodent_no_tail_collisions.xml,0.0,169,502,767.9190298678607,453.37884124415746,1.5297191830037065,280.2248520710059,2.802248520710059,0.3076923076923077,0.24705435195743064,2.2361768518689424,39.308605612379495,0.029778758732791854,17.079208526692046,0.2194163381308994,0.11195049593575221,
encdec,encdec,n1igz0o8,RodentEncDec_delay60_eff60-20260811-084722,failed,60,60,42,600000000,600064000.0,ef060b73,rodent_no_tail_collisions.xml,reference_root,NVIDIA A100-SXM4-80GB,0.0,eval3ds-n00-6a6b8d4e,new_eval,True,rodent_no_tail_collisions.xml,0.0,32,3002,1165.548586845398,790.9389706816819,0.3882573573768814,412.84375,4.1284375,0.0,0.24222239043221555,2.2587834911621196,14.445474014333662,0.024689203748063222,16.80401470355563,0.1951641840510974,0.09838554683492516,
encdec,encdec,n1igz0o8,RodentEncDec_delay60_eff60-20260811-084722,failed,60,60,42,600000000,600064000.0,ef060b73,rodent_no_tail_collisions.xml,reference_root,NVIDIA A100-SXM4-80GB,0.02,eval3ds-n02-a4e0be11,train,True,rodent_no_tail_collisions.xml,0.02,673,502,745.8562177230132,429.5803957306691,1.4857693580139704,271.76523031203567,2.7176523031203565,0.30163447251114417,0.25697383240932103,2.2095541148541873,39.961087792382244,0.028709326064405034,16.778646749737472,0.2105212113310199,0.10810604130437018,
encdec,encdec,n1igz0o8,RodentEncDec_delay60_eff60-20260811-084722,failed,60,60,42,600000000,600064000.0,ef060b73,rodent_no_tail_collisions.xml,reference_root,NVIDIA A100-SXM4-80GB,0.02,eval3ds-n02-a4e0be11,old_eval,True,rodent_no_tail_collisions.xml,0.02,169,502,671.8815076478135,410.1251665548712,1.338409377784489,254.42603550295857,2.5442603550295857,0.23668639053254437,0.3000139541374018,2.2066760227945186,40.60244147249793,0.031047589794351786,18.706723118127105,0.22250040829900294,0.1149916612398821,
encdec,encdec,n1igz0o8,RodentEncDec_delay60_eff60-20260811-084722,failed,60,60,42,600000000,600064000.0,ef060b73,rodent_no_tail_collisions.xml,reference_root,NVIDIA A100-SXM4-80GB,0.02,eval3ds-n02-a4e0be11,new_eval,True,rodent_no_tail_collisions.xml,0.02,32,3002,1303.5506343841553,1249.1215258854484,0.43422739319925224,515.9375,5.159375,0.0,0.19382192610539067,2.2736582075650116,15.139365377132686,0.027675759982232057,19.41033949284332,0.20293547588480973,0.1034807135358001,
encdec,encdec,n1igz0o8,RodentEncDec_delay60_eff60-20260811-084722,failed,60,60,42,600000000,600064000.0,ef060b73,rodent_no_tail_collisions.xml,reference_root,NVIDIA A100-SXM4-80GB,0.05,eval3ds-n05-7c60cd50,train,True,rodent_no_tail_collisions.xml,0.05,673,502,432.32754170841486,329.5858273543591,0.8612102424470416,175.21248142644873,1.7521248142644874,0.13967310549777112,0.49101918282196105,2.0179881511551447,43.180883260370564,0.03323314130003835,21.37443980251199,0.22396420287619423,0.11874538374066526,
encdec,encdec,n1igz0o8,RodentEncDec_delay60_eff60-20260811-084722,failed,60,60,42,600000000,600064000.0,ef060b73,rodent_no_tail_collisions.xml,reference_root,NVIDIA A100-SXM4-80GB,0.05,eval3ds-n05-7c60cd50,old_eval,True,rodent_no_tail_collisions.xml,0.05,169,502,406.51618722768933,326.36727293179416,0.8097932016487835,170.92307692307693,1.7092307692307693,0.14792899408284022,0.4985113896004985,2.0437082971404745,43.37762200963643,0.035146758983052966,22.314365367812027,0.22981808595162473,0.12260536696777342,
encdec,encdec,n1igz0o8,RodentEncDec_delay60_eff60-20260811-084722,failed,60,60,42,600000000,600064000.0,ef060b73,rodent_no_tail_collisions.xml,reference_root,NVIDIA A100-SXM4-80GB,0.05,eval3ds-n05-7c60cd50,new_eval,True,rodent_no_tail_collisions.xml,0.05,32,3002,676.3737940788269,653.8446164037869,0.2253077262088031,274.75,2.7475,0.0,0.36396724294813465,2.0307090125047313,19.453561696997646,0.03210350851686503,21.374996551951824,0.22264293606709337,0.1176094581298667,
encdec,encdec,n1igz0o8,RodentEncDec_delay60_eff60-20260811-084722,failed,60,60,42,600000000,600064000.0,ef060b73,rodent_no_tail_collisions.xml,reference_root,NVIDIA A100-SXM4-80GB,0.1,eval3ds-n10-2726ab9c,train,True,rodent_no_tail_collisions.xml,0.1,673,502,135.68882925761932,125.74543272142591,0.27029647262473966,58.317979197622584,0.5831797919762259,0.01634472511144136,1.686710150835711,1.6686591880608437,52.85052996669683,0.041363362380225775,24.67467816939341,0.19691061118957742,0.10668848381004013,
encdec,encdec,n1igz0o8,RodentEncDec_delay60_eff60-20260811-084722,failed,60,60,42,600000000,600064000.0,ef060b73,rodent_no_tail_collisions.xml,reference_root,NVIDIA A100-SXM4-80GB,0.1,eval3ds-n10-2726ab9c,old_eval,True,rodent_no_tail_collisions.xml,0.1,169,502,134.61666814815362,132.0412317037033,0.2681606935222184,57.77514792899408,0.5777514792899409,0.017751479289940808,1.7001229004506349,1.650793580370525,53.30787143383255,0.04118854304943421,24.65992490105948,0.19806126263611915,0.10642869141105751,
encdec,encdec,n1igz0o8,RodentEncDec_delay60_eff60-20260811-084722,failed,60,60,42,600000000,600064000.0,ef060b73,rodent_no_tail_collisions.xml,reference_root,NVIDIA A100-SXM4-80GB,0.1,eval3ds-n10-2726ab9c,new_eval,True,rodent_no_tail_collisions.xml,0.1,32,3002,139.15345585346222,61.1022899762588,0.046353582895890144,55.75,0.5575000000000001,0.0,1.79372197309417,1.560114088290527,27.44138566510977,0.039212354959823614,23.988729326473134,0.1715655186457971,0.09126028842133872,
encdec,encdec,n1igz0o8,RodentEncDec_delay60_eff60-20260811-084722,failed,60,60,42,600000000,600064000.0,ef060b73,rodent_no_tail_collisions.xml,reference_root,NVIDIA A100-SXM4-80GB,0.25,eval3ds-n25-da25f356,train,True,rodent_no_tail_collisions.xml,0.25,673,502,37.3359330603839,17.362970070946613,0.07437436864618308,17.61515601783061,0.1761515601783061,0.0,5.676929565584142,1.615950557626677,76.87059276562078,0.05346643283854271,27.999669028960962,0.1656521939022897,0.0928424428337193,
encdec,encdec,n1igz0o8,RodentEncDec_delay60_eff60-20260811-084722,failed,60,60,42,600000000,600064000.0,ef060b73,rodent_no_tail_collisions.xml,reference_root,NVIDIA A100-SXM4-80GB,0.25,eval3ds-n25-da25f356,old_eval,True,rodent_no_tail_collisions.xml,0.25,169,502,36.854348385827784,16.41711447271249,0.07341503662515494,17.473372781065088,0.1747337278106509,0.0,5.722993565865221,1.6196718264693695,77.45324156961942,0.053631573878052376,27.737674229225743,0.16953379665501223,0.09477574604751374,
encdec,encdec,n1igz0o8,RodentEncDec_delay60_eff60-20260811-084722,failed,60,60,42,600000000,600064000.0,ef060b73,rodent_no_tail_collisions.xml,reference_root,NVIDIA A100-SXM4-80GB,0.25,eval3ds-n25-da25f356,new_eval,True,rodent_no_tail_collisions.xml,0.25,32,3002,43.88259011507034,18.092341848390326,0.01461778484845781,21.8125,0.218125,0.0,4.584527220630372,1.6525685267063617,46.92411171662508,0.05153182580797349,27.812175246959995,0.1584803168702203,0.08928222473211753,
encdec,encdec,op8eyyba,RodentEncDec_delay12_eff12-20260811-083832,failed,12,12,42,600000000,600064000.0,ef060b73,rodent_no_tail_collisions.xml,reference_root,NVIDIA H200,0.0,eval3ds-n00-6a6b8d4e,train,True,rodent_no_tail_collisions.xml,0.0,673,502,1758.1273503863263,546.9793923849983,3.502245717901048,439.0252600297177,4.390252600297178,0.8142644873699851,0.042306338504860146,1.4597002336739215,38.31804134070463,0.014285269886233153,5.249285377615259,0.09286418975872672,0.04651600451350859,
encdec,encdec,op8eyyba,RodentEncDec_delay12_eff12-20260811-083832,failed,12,12,42,600000000,600064000.0,ef060b73,rodent_no_tail_collisions.xml,reference_root,NVIDIA H200,0.0,eval3ds-n00-6a6b8d4e,old_eval,True,rodent_no_tail_collisions.xml,0.0,169,502,1641.580596652962,633.6939335042285,3.2700808698266175,414.84615384615387,4.148461538461538,0.7396449704142012,0.06275941747849778,1.4741412360789925,39.31311881912144,0.015663820237019815,6.097598938023044,0.10184229848272862,0.050959235125174515,
encdec,encdec,op8eyyba,RodentEncDec_delay12_eff12-20260811-083832,failed,12,12,42,600000000,600064000.0,ef060b73,rodent_no_tail_collisions.xml,reference_root,NVIDIA H200,0.0,eval3ds-n00-6a6b8d4e,new_eval,True,rodent_no_tail_collisions.xml,0.0,32,3002,4996.6733751297,3973.666138857033,1.6644481596034977,1224.78125,12.247812499999998,0.125,0.07144132880871586,1.3370030661195182,14.767613739590246,0.01439493858414529,7.592191963291079,0.09227588034242837,0.04772975007717882,
encdec,encdec,op8eyyba,RodentEncDec_delay12_eff12-20260811-083832,failed,12,12,42,600000000,600064000.0,ef060b73,rodent_no_tail_collisions.xml,reference_root,NVIDIA H200,0.02,eval3ds-n02-a4e0be11,train,True,rodent_no_tail_collisions.xml,0.02,673,502,1519.3999664964151,640.0706525710026,3.0266931603514244,398.1084695393759,3.981084695393759,0.6641901931649332,0.08435133450529433,1.47470592729879,39.17762494970237,0.018676329145655583,8.115899775167568,0.11556721533212169,0.05844938000524094,
encdec,encdec,op8eyyba,RodentEncDec_delay12_eff12-20260811-083832,failed,12,12,42,600000000,600064000.0,ef060b73,rodent_no_tail_collisions.xml,reference_root,NVIDIA H200,0.02,eval3ds-n02-a4e0be11,old_eval,True,rodent_no_tail_collisions.xml,0.02,169,502,1391.1443324794432,690.1127228390084,2.771203849560644,370.67455621301775,3.7067455621301777,0.5798816568047338,0.11333886724985631,1.5004758660632467,39.7109808466722,0.021044754888136615,8.897291610275245,0.1264780236495983,0.06347788325107173,
encdec,encdec,op8eyyba,RodentEncDec_delay12_eff12-20260811-083832,failed,12,12,42,600000000,600064000.0,ef060b73,rodent_no_tail_collisions.xml,reference_root,NVIDIA H200,0.02,eval3ds-n02-a4e0be11,new_eval,True,rodent_no_tail_collisions.xml,0.02,32,3002,3565.8485455513,3251.4123619779516,1.1878242989844436,941.5625,9.415625,0.0625,0.09956853634251576,1.3724229760747542,16.18013673392312,0.01796286149780832,9.638926222544587,0.11096795793566633,0.05785659217693506,
encdec,encdec,op8eyyba,RodentEncDec_delay12_eff12-20260811-083832,failed,12,12,42,600000000,600064000.0,ef060b73,rodent_no_tail_collisions.xml,reference_root,NVIDIA H200,0.05,eval3ds-n05-7c60cd50,train,True,rodent_no_tail_collisions.xml,0.05,673,502,517.8365783011222,361.3308345427066,1.031546968727335,197.60326894502228,1.9760326894502227,0.13224368499257055,0.4391406678848309,1.5821360731202883,43.11684184250328,0.036775205654324405,20.78718238137629,0.2128180111970696,0.11125748651417768,
encdec,encdec,op8eyyba,RodentEncDec_delay12_eff12-20260811-083832,failed,12,12,42,600000000,600064000.0,ef060b73,rodent_no_tail_collisions.xml,reference_root,NVIDIA H200,0.05,eval3ds-n05-7c60cd50,old_eval,True,rodent_no_tail_collisions.xml,0.05,169,502,453.76398359671145,322.68487344820613,0.903912317921736,171.33136094674558,1.7133136094674557,0.07692307692307687,0.5387670523225695,1.5386186454942747,43.136692910474444,0.03713200062942653,20.911185002688807,0.21131141874660866,0.10953643919565322,
encdec,encdec,op8eyyba,RodentEncDec_delay12_eff12-20260811-083832,failed,12,12,42,600000000,600064000.0,ef060b73,rodent_no_tail_collisions.xml,reference_root,NVIDIA H200,0.05,eval3ds-n05-7c60cd50,new_eval,True,rodent_no_tail_collisions.xml,0.05,32,3002,614.0149285793304,388.58971746349,0.20453528600244186,214.75,2.1475,0.0,0.46565774155995343,1.44292621739225,20.85825286371337,0.029995494540589696,20.63566608032258,0.1762512519449268,0.09311855561433946,
encdec,encdec,op8eyyba,RodentEncDec_delay12_eff12-20260811-083832,failed,12,12,42,600000000,600064000.0,ef060b73,rodent_no_tail_collisions.xml,reference_root,NVIDIA H200,0.1,eval3ds-n10-2726ab9c,train,True,rodent_no_tail_collisions.xml,0.1,673,502,128.62568329560278,89.63728868330486,0.2562264607482127,52.83060921248143,0.5283060921248144,0.0,1.8928420756574318,1.4865763069569529,53.535432722540605,0.04364074299915002,24.50302953066943,0.1922465842371327,0.10360820360730419,
encdec,encdec,op8eyyba,RodentEncDec_delay12_eff12-20260811-083832,failed,12,12,42,600000000,600064000.0,ef060b73,rodent_no_tail_collisions.xml,reference_root,NVIDIA H200,0.1,eval3ds-n10-2726ab9c,old_eval,True,rodent_no_tail_collisions.xml,0.1,169,502,131.2399960354235,102.95969074796994,0.26143425505064444,54.396449704142015,0.5439644970414201,0.0,1.8383552703143695,1.4991699652978774,54.17364379068908,0.044164384109924175,24.045695520404227,0.19576071328880043,0.10472897589723841,
encdec,encdec,op8eyyba,RodentEncDec_delay12_eff12-20260811-083832,failed,12,12,42,600000000,600064000.0,ef060b73,rodent_no_tail_collisions.xml,reference_root,NVIDIA H200,0.1,eval3ds-n10-2726ab9c,new_eval,True,rodent_no_tail_collisions.xml,0.1,32,3002,129.41942512989044,63.34561654269584,0.04311106766485358,48.6875,0.48687500000000006,0.0,2.053915275994865,1.4164303211928115,29.511257721132495,0.04008180143803307,24.013324079038718,0.15980768979111287,0.08481517548076667,
encdec,encdec,op8eyyba,RodentEncDec_delay12_eff12-20260811-083832,failed,12,12,42,600000000,600064000.0,ef060b73,rodent_no_tail_collisions.xml,reference_root,NVIDIA H200,0.25,eval3ds-n25-da25f356,train,True,rodent_no_tail_collisions.xml,0.25,673,502,37.25043992726977,18.302879173545787,0.07420406360013898,17.472511144130756,0.1747251114413076,0.0,5.723275788757547,1.5925191376483725,77.22120364816385,0.05448562082119829,28.084357685939853,0.16542916433351262,0.09258340599840839,
encdec,encdec,op8eyyba,RodentEncDec_delay12_eff12-20260811-083832,failed,12,12,42,600000000,600064000.0,ef060b73,rodent_no_tail_collisions.xml,reference_root,NVIDIA H200,0.25,eval3ds-n25-da25f356,old_eval,True,rodent_no_tail_collisions.xml,0.25,169,502,37.09671719116572,17.038344395615702,0.07389784301029029,17.2603550295858,0.172603550295858,0.0,5.793623585875899,1.5830860258546524,78.04294861017246,0.053204717683005984,27.269454852446433,0.16511399085204503,0.09140383008411727,
encdec,encdec,op8eyyba,RodentEncDec_delay12_eff12-20260811-083832,failed,12,12,42,600000000,600064000.0,ef060b73,rodent_no_tail_collisions.xml,reference_root,NVIDIA H200,0.25,eval3ds-n25-da25f356,new_eval,True,rodent_no_tail_collisions.xml,0.25,32,3002,42.56611907482147,15.881079509865177,0.014179253522592096,19.8125,0.198125,0.0,5.047318611987381,1.577129629464506,47.58916305039979,0.05077939460795677,27.765075142280907,0.1531839724563041,0.08599498420321074,
encdec,encdec,qpsikl6i,RodentEncDec_delay3_eff3-20260811-081204,failed,3,3,42,600000000,600064000.0,ef060b73,rodent_no_tail_collisions.xml,reference_root,NVIDIA H200,0.0,eval3ds-n00-6a6b8d4e,train,True,rodent_no_tail_collisions.xml,0.0,673,502,2101.591054386405,258.6137306488007,4.186436363319532,480.75037147102523,4.807503714710252,0.9702823179791976,0.006181520344928837,1.2789666960313375,37.22340489348994,0.006899802352034172,2.9601340729806216,0.04871434093591832,0.023543438455033833,
encdec,encdec,qpsikl6i,RodentEncDec_delay3_eff3-20260811-081204,failed,3,3,42,600000000,600064000.0,ef060b73,rodent_no_tail_collisions.xml,reference_root,NVIDIA H200,0.0,eval3ds-n00-6a6b8d4e,old_eval,True,rodent_no_tail_collisions.xml,0.0,169,502,2058.4179872140376,339.28425360916077,4.100434237478162,474.64497041420117,4.746449704142012,0.9467455621301775,0.011219846662095627,1.3097236249251467,37.97019226043764,0.0077789425132445125,3.417639501798854,0.05418058290286043,0.026615505190034645,
encdec,encdec,qpsikl6i,RodentEncDec_delay3_eff3-20260811-081204,failed,3,3,42,600000000,600064000.0,ef060b73,rodent_no_tail_collisions.xml,reference_root,NVIDIA H200,0.0,eval3ds-n00-6a6b8d4e,new_eval,True,rodent_no_tail_collisions.xml,0.0,32,3002,8471.563630104065,4668.079090600014,2.8219732278827663,2004.6875,20.046875,0.4375,0.028059236165237724,1.3233510636800916,14.40551991125967,0.007520371339384644,4.223694291033603,0.06019052581921291,0.029734380631213666,
encdec,encdec,qpsikl6i,RodentEncDec_delay3_eff3-20260811-081204,failed,3,3,42,600000000,600064000.0,ef060b73,rodent_no_tail_collisions.xml,reference_root,NVIDIA H200,0.02,eval3ds-n02-a4e0be11,train,True,rodent_no_tail_collisions.xml,0.02,673,502,2088.0771307073765,254.17593924394188,4.15951619662824,480.9851411589896,4.8098514115898965,0.9702823179791976,0.006178503134045716,1.2716334768619206,37.98897479288848,0.00843275133259865,3.690096682320554,0.04947810388208838,0.024235292776448446,
encdec,encdec,qpsikl6i,RodentEncDec_delay3_eff3-20260811-081204,failed,3,3,42,600000000,600064000.0,ef060b73,rodent_no_tail_collisions.xml,reference_root,NVIDIA H200,0.02,eval3ds-n02-a4e0be11,old_eval,True,rodent_no_tail_collisions.xml,0.02,169,502,1977.0985930403308,463.4633810853313,3.9384434124309378,460.24852071005915,4.602485207100592,0.9053254437869822,0.02057031189735415,1.3082305159995269,38.50910467995763,0.009996546396091712,4.418725027996116,0.05959580376926024,0.02971628649440616,
encdec,encdec,qpsikl6i,RodentEncDec_delay3_eff3-20260811-081204,failed,3,3,42,600000000,600064000.0,ef060b73,rodent_no_tail_collisions.xml,reference_root,NVIDIA H200,0.02,eval3ds-n02-a4e0be11,new_eval,True,rodent_no_tail_collisions.xml,0.02,32,3002,9359.706624984741,4243.065174396777,3.117823659222099,2240.6875,22.406875,0.59375,0.018130596078212602,1.3554292711000218,15.485373501037635,0.009471155253707193,4.7839463779903095,0.059605207074739666,0.029597164953937376,
encdec,encdec,qpsikl6i,RodentEncDec_delay3_eff3-20260811-081204,failed,3,3,42,600000000,600064000.0,ef060b73,rodent_no_tail_collisions.xml,reference_root,NVIDIA H200,0.05,eval3ds-n05-7c60cd50,train,True,rodent_no_tail_collisions.xml,0.05,673,502,1368.3515179252909,618.4609740462798,2.7257998365045633,377.98811292719165,3.7798811292719163,0.5393759286775632,0.12186205215695832,1.4402029396393803,42.38074537617149,0.0227850932910455,11.804069729864741,0.11837500358757053,0.061622888260535504,
encdec,encdec,qpsikl6i,RodentEncDec_delay3_eff3-20260811-081204,failed,3,3,42,600000000,600064000.0,ef060b73,rodent_no_tail_collisions.xml,reference_root,NVIDIA H200,0.05,eval3ds-n05-7c60cd50,old_eval,True,rodent_no_tail_collisions.xml,0.05,169,502,1346.9026435084597,643.5957972359375,2.683072995036772,375.698224852071,3.7569822485207105,0.5502958579881656,0.11969823445104186,1.4701009951087443,42.75132798292329,0.023482909082264487,12.162554145393822,0.1255172650027964,0.06513472004826575,
encdec,encdec,qpsikl6i,RodentEncDec_delay3_eff3-20260811-081204,failed,3,3,42,600000000,600064000.0,ef060b73,rodent_no_tail_collisions.xml,reference_root,NVIDIA H200,0.05,eval3ds-n05-7c60cd50,new_eval,True,rodent_no_tail_collisions.xml,0.05,32,3002,3978.504779815674,3072.837818768802,1.3252847367807041,1051.6875,10.516874999999999,0.0625,0.08914244963451597,1.4105358826785523,21.379548493505816,0.020782494905181616,10.886496067013214,0.10930584921082448,0.05807282037569194,
encdec,encdec,qpsikl6i,RodentEncDec_delay3_eff3-20260811-081204,failed,3,3,42,600000000,600064000.0,ef060b73,rodent_no_tail_collisions.xml,reference_root,NVIDIA H200,0.1,eval3ds-n10-2726ab9c,train,True,rodent_no_tail_collisions.xml,0.1,673,502,164.22096293252432,83.51143904794137,0.3271333922958652,66.8261515601783,0.668261515601783,0.0,1.4964201538666786,1.5148080417610315,52.4404133494323,0.04300956124630346,24.079029576807706,0.19465234829966527,0.10641392718130209,
encdec,encdec,qpsikl6i,RodentEncDec_delay3_eff3-20260811-081204,failed,3,3,42,600000000,600064000.0,ef060b73,rodent_no_tail_collisions.xml,reference_root,NVIDIA H200,0.1,eval3ds-n10-2726ab9c,old_eval,True,rodent_no_tail_collisions.xml,0.1,169,502,164.99624518670979,114.96923361079614,0.328677779256394,66.75739644970415,0.6675739644970414,0.0,1.4979613543697925,1.4779307373953325,53.08545120905379,0.042517789109809044,23.587814474337332,0.1912942604758675,0.10350836941364164,
encdec,encdec,qpsikl6i,RodentEncDec_delay3_eff3-20260811-081204,failed,3,3,42,600000000,600064000.0,ef060b73,rodent_no_tail_collisions.xml,reference_root,NVIDIA H200,0.1,eval3ds-n10-2726ab9c,new_eval,True,rodent_no_tail_collisions.xml,0.1,32,3002,252.04017436504364,148.53056968784176,0.08395741984178669,98.25,0.9825000000000002,0.0,1.0178117048346054,1.4536677835015346,32.69550683842777,0.040307347436982784,22.219973143914196,0.17446409361299997,0.09657354672549615,
encdec,encdec,qpsikl6i,RodentEncDec_delay3_eff3-20260811-081204,failed,3,3,42,600000000,600064000.0,ef060b73,rodent_no_tail_collisions.xml,reference_root,NVIDIA H200,0.25,eval3ds-n25-da25f356,train,True,rodent_no_tail_collisions.xml,0.25,673,502,35.0658983837088,14.835462918509316,0.06985238721854342,16.774145616641903,0.16774145616641903,0.0,5.961555496501019,1.519370178695482,81.90919771738311,0.05431147412445295,28.049443556431186,0.16630525984503441,0.09478639269959906,
encdec,encdec,qpsikl6i,RodentEncDec_delay3_eff3-20260811-081204,failed,3,3,42,600000000,600064000.0,ef060b73,rodent_no_tail_collisions.xml,reference_root,NVIDIA H200,0.25,eval3ds-n25-da25f356,old_eval,True,rodent_no_tail_collisions.xml,0.25,169,502,34.86628048800858,13.992543717206088,0.06945474200798521,16.39644970414201,0.16396449704142013,0.0,6.098881270299531,1.5012914331161535,83.31659689020684,0.05393334942377029,27.50332397898955,0.1641152165872964,0.09222351788470089,
encdec,encdec,qpsikl6i,RodentEncDec_delay3_eff3-20260811-081204,failed,3,3,42,600000000,600064000.0,ef060b73,rodent_no_tail_collisions.xml,reference_root,NVIDIA H200,0.25,eval3ds-n25-da25f356,new_eval,True,rodent_no_tail_collisions.xml,0.25,32,3002,42.60174399614334,12.75847252008781,0.01419112058499112,20.75,0.20750000000000002,0.0,4.8192771084337345,1.5518231364250896,56.27385638902549,0.048733359687674394,28.028291397447475,0.16332103198268777,0.0932063113947183,
encdec,encdec,qynq5js2,RodentEncDec_delay80_eff80-20260811-094225,failed,80,80,42,600000000,600064000.0,ef060b73,rodent_no_tail_collisions.xml,reference_root,NVIDIA H200,0.0,eval3ds-n00-6a6b8d4e,train,True,rodent_no_tail_collisions.xml,0.0,673,502,824.1589624027972,439.29650546075413,1.64175092112111,288.28083209509657,2.8828083209509656,0.27786032689450224,0.25049867792364433,2.3798620704454985,39.273745685898476,0.027502644703867457,14.351178788416975,0.19619570105423587,0.09661273467582537,
encdec,encdec,qynq5js2,RodentEncDec_delay80_eff80-20260811-094225,failed,80,80,42,600000000,600064000.0,ef060b73,rodent_no_tail_collisions.xml,reference_root,NVIDIA H200,0.0,eval3ds-n00-6a6b8d4e,old_eval,True,rodent_no_tail_collisions.xml,0.0,169,502,754.5544285520294,454.01323162739527,1.503096471219182,268.0295857988166,2.680295857988166,0.23076923076923073,0.2869947237123871,2.324758173704181,39.57526794590374,0.02952323955269064,14.87662209608178,0.20217703170022894,0.10002913262580825,
encdec,encdec,qynq5js2,RodentEncDec_delay80_eff80-20260811-094225,failed,80,80,42,600000000,600064000.0,ef060b73,rodent_no_tail_collisions.xml,reference_root,NVIDIA H200,0.0,eval3ds-n00-6a6b8d4e,new_eval,True,rodent_no_tail_collisions.xml,0.0,32,3002,1296.0780186653137,853.9472516805554,0.43173818076792597,459.625,4.59625,0.0,0.21756867011150394,2.4066249544129095,14.428631057630472,0.025492230074400282,15.453032646017306,0.19013081143087254,0.0962214220838968,
encdec,encdec,qynq5js2,RodentEncDec_delay80_eff80-20260811-094225,failed,80,80,42,600000000,600064000.0,ef060b73,rodent_no_tail_collisions.xml,reference_root,NVIDIA H200,0.02,eval3ds-n02-a4e0be11,train,True,rodent_no_tail_collisions.xml,0.02,673,502,728.8637522092368,400.9663830487942,1.4519198251180017,266.51411589895986,2.6651411589895986,0.22882615156017827,0.2893557235565666,2.315471445674786,39.82005353498949,0.028377134827845478,16.574762387577625,0.2011926163768365,0.1013843828586778,
encdec,encdec,qynq5js2,RodentEncDec_delay80_eff80-20260811-094225,failed,80,80,42,600000000,600064000.0,ef060b73,rodent_no_tail_collisions.xml,reference_root,NVIDIA H200,0.02,eval3ds-n02-a4e0be11,old_eval,True,rodent_no_tail_collisions.xml,0.02,169,502,669.52376727945,394.5815076823811,1.3337126838236055,250.20710059171597,2.50207100591716,0.17159763313609466,0.33108667376138107,2.3176495260597787,40.42407570990253,0.03011847309011563,17.788958745111685,0.21078812036234865,0.10675223204099205,
encdec,encdec,qynq5js2,RodentEncDec_delay80_eff80-20260811-094225,failed,80,80,42,600000000,600064000.0,ef060b73,rodent_no_tail_collisions.xml,reference_root,NVIDIA H200,0.02,eval3ds-n02-a4e0be11,new_eval,True,rodent_no_tail_collisions.xml,0.02,32,3002,1343.8535990715027,874.6150953732867,0.44765276451415814,512.5,5.125,0.0,0.1951219512195122,2.5081771121313103,14.586649574093467,0.027497081977739,17.000675734376628,0.20109803155751277,0.10318289709472253,
encdec,encdec,qynq5js2,RodentEncDec_delay80_eff80-20260811-094225,failed,80,80,42,600000000,600064000.0,ef060b73,rodent_no_tail_collisions.xml,reference_root,NVIDIA H200,0.05,eval3ds-n05-7c60cd50,train,True,rodent_no_tail_collisions.xml,0.05,673,502,396.02715771407287,277.40287268643954,0.7888987205459619,166.56017830609213,1.6656017830609213,0.11292719167904908,0.5325839689549042,2.0459224925574393,42.64739041388192,0.03383056963835589,21.369828052307334,0.2190117102322027,0.1156945174979415,
encdec,encdec,qynq5js2,RodentEncDec_delay80_eff80-20260811-094225,failed,80,80,42,600000000,600064000.0,ef060b73,rodent_no_tail_collisions.xml,reference_root,NVIDIA H200,0.05,eval3ds-n05-7c60cd50,old_eval,True,rodent_no_tail_collisions.xml,0.05,169,502,393.1399593014689,285.45614663013293,0.7831473292857946,167.82248520710058,1.678224852071006,0.11834319526627224,0.5253508215217544,2.0896003681212516,42.66017663523764,0.034843916048551436,22.09034988658388,0.22054799308622206,0.11678912025489337,
encdec,encdec,qynq5js2,RodentEncDec_delay80_eff80-20260811-094225,failed,80,80,42,600000000,600064000.0,ef060b73,rodent_no_tail_collisions.xml,reference_root,NVIDIA H200,0.05,eval3ds-n05-7c60cd50,new_eval,True,rodent_no_tail_collisions.xml,0.05,32,3002,551.8013186454773,375.1789153789224,0.18381123206045213,233.03125,2.3303125,0.0,0.4291269947700148,2.080147738011745,19.019161295658463,0.031086492293067328,22.110510090202435,0.21080618816877664,0.11218538997556335,
encdec,encdec,qynq5js2,RodentEncDec_delay80_eff80-20260811-094225,failed,80,80,42,600000000,600064000.0,ef060b73,rodent_no_tail_collisions.xml,reference_root,NVIDIA H200,0.1,eval3ds-n10-2726ab9c,train,True,rodent_no_tail_collisions.xml,0.1,673,502,117.35178810845159,75.56342893865238,0.23376850220807088,48.077265973254086,0.48077265973254085,0.005943536404160454,2.0676226974904193,1.6059180012527943,53.046430864744046,0.041278810197491154,24.33687991793046,0.18935466386120067,0.10174109101765001,
encdec,encdec,qynq5js2,RodentEncDec_delay80_eff80-20260811-094225,failed,80,80,42,600000000,600064000.0,ef060b73,rodent_no_tail_collisions.xml,reference_root,NVIDIA H200,0.1,eval3ds-n10-2726ab9c,old_eval,True,rodent_no_tail_collisions.xml,0.1,169,502,111.3317662414009,49.96366188543995,0.221776426775699,44.49112426035503,0.4449112426035503,0.0,2.247639313738529,1.6007412170023576,53.52296416037722,0.04154683970190322,24.127527600006133,0.19498217524927414,0.1041594914079829,
encdec,encdec,qynq5js2,RodentEncDec_delay80_eff80-20260811-094225,failed,80,80,42,600000000,600064000.0,ef060b73,rodent_no_tail_collisions.xml,reference_root,NVIDIA H200,0.1,eval3ds-n10-2726ab9c,new_eval,True,rodent_no_tail_collisions.xml,0.1,32,3002,173.2009129524231,138.36822620284573,0.05769517420134014,82.125,0.82125,0.0,1.21765601217656,1.6254488149774324,26.215717246599148,0.043629957830198025,25.154008519197852,0.19388418691680417,0.104928135548836,
encdec,encdec,qynq5js2,RodentEncDec_delay80_eff80-20260811-094225,failed,80,80,42,600000000,600064000.0,ef060b73,rodent_no_tail_collisions.xml,reference_root,NVIDIA H200,0.25,eval3ds-n25-da25f356,train,True,rodent_no_tail_collisions.xml,0.25,673,502,36.48450907980705,17.05251305025206,0.07267830493985468,17.0,0.16999999999999998,0.0,5.882352941176471,1.5930284511936479,77.02680331333518,0.05379565145309685,28.111582175052195,0.16337332840324645,0.09118178868624846,
encdec,encdec,qynq5js2,RodentEncDec_delay80_eff80-20260811-094225,failed,80,80,42,600000000,600064000.0,ef060b73,rodent_no_tail_collisions.xml,reference_root,NVIDIA H200,0.25,eval3ds-n25-da25f356,old_eval,True,rodent_no_tail_collisions.xml,0.25,169,502,36.653974504865836,16.612256234591744,0.07301588546786023,17.011834319526628,0.17011834319526628,0.0,5.878260869565217,1.5942849895146574,77.970031053819,0.05254498244377321,27.17251613575775,0.16463266324361137,0.09166304371243468,
encdec,encdec,qynq5js2,RodentEncDec_delay80_eff80-20260811-094225,failed,80,80,42,600000000,600064000.0,ef060b73,rodent_no_tail_collisions.xml,reference_root,NVIDIA H200,0.25,eval3ds-n25-da25f356,new_eval,True,rodent_no_tail_collisions.xml,0.25,32,3002,41.752297103405,15.080649580898035,0.013908160260961026,19.5625,0.195625,0.0,5.111821086261981,1.5819799477013885,46.534910213196156,0.051166817032768916,27.567994417291956,0.15208659954344883,0.08522339825393627,
encdec,encdec,vo7jiiwr,RodentEncDec_delay10_eff10-20260811-083832,failed,10,10,42,600000000,600064000.0,ef060b73,rodent_no_tail_collisions.xml,reference_root,NVIDIA H200,0.0,eval3ds-n00-6a6b8d4e,train,True,rodent_no_tail_collisions.xml,0.0,673,502,1862.6316101845093,469.2353090626506,3.7104215342320903,454.3016344725111,4.543016344725112,0.8484398216939079,0.03336113427856547,1.4228773584411507,37.89363637855882,0.012108167729583036,4.382107379199196,0.08059535527286593,0.03996852622231305,
encdec,encdec,vo7jiiwr,RodentEncDec_delay10_eff10-20260811-083832,failed,10,10,42,600000000,600064000.0,ef060b73,rodent_no_tail_collisions.xml,reference_root,NVIDIA H200,0.0,eval3ds-n00-6a6b8d4e,old_eval,True,rodent_no_tail_collisions.xml,0.0,169,502,1755.1557274090467,583.0478812275264,3.4963261502172243,430.7100591715976,4.307100591715977,0.7810650887573964,0.05083115812611622,1.4374735161921914,38.72434250153141,0.013510004876515803,5.139668916807995,0.08842260726904098,0.04405136554271891,
encdec,encdec,vo7jiiwr,RodentEncDec_delay10_eff10-20260811-083832,failed,10,10,42,600000000,600064000.0,ef060b73,rodent_no_tail_collisions.xml,reference_root,NVIDIA H200,0.0,eval3ds-n00-6a6b8d4e,new_eval,True,rodent_no_tail_collisions.xml,0.0,32,3002,5575.568828821182,4035.03654040588,1.8572847531049907,1360.9375,13.609375,0.125,0.0642939150401837,1.3440960986398824,14.190162467549001,0.012334840227551644,6.5460452722419475,0.08180947063397231,0.04151555831916012,
encdec,encdec,vo7jiiwr,RodentEncDec_delay10_eff10-20260811-083832,failed,10,10,42,600000000,600064000.0,ef060b73,rodent_no_tail_collisions.xml,reference_root,NVIDIA H200,0.02,eval3ds-n02-a4e0be11,train,True,rodent_no_tail_collisions.xml,0.02,673,502,1669.5366702370268,582.2343290879965,3.3257702594363083,424.22882615156016,4.2422882615156015,0.7548291233283804,0.05779213046310761,1.4457322275347977,39.04160483519406,0.01652194635703853,6.692676220759409,0.09985692277135252,0.050181886418473265,
encdec,encdec,vo7jiiwr,RodentEncDec_delay10_eff10-20260811-083832,failed,10,10,42,600000000,600064000.0,ef060b73,rodent_no_tail_collisions.xml,reference_root,NVIDIA H200,0.02,eval3ds-n02-a4e0be11,old_eval,True,rodent_no_tail_collisions.xml,0.02,169,502,1549.5511796488565,652.187097083793,3.086755337945929,400.4082840236686,4.004082840236687,0.6627218934911243,0.0842335485968464,1.47127961871228,39.52953031241342,0.018594796710578836,8.03540908358093,0.11397674950876953,0.05721939649170105,
encdec,encdec,vo7jiiwr,RodentEncDec_delay10_eff10-20260811-083832,failed,10,10,42,600000000,600064000.0,ef060b73,rodent_no_tail_collisions.xml,reference_root,NVIDIA H200,0.02,eval3ds-n02-a4e0be11,new_eval,True,rodent_no_tail_collisions.xml,0.02,32,3002,4535.179880142212,3580.8942489495084,1.510719480393808,1151.1875,11.511875,0.09375,0.07872305771214506,1.378381739764193,15.43109885977233,0.01656338210885452,7.93067549072192,0.09709928782730018,0.050916668638035206,
encdec,encdec,vo7jiiwr,RodentEncDec_delay10_eff10-20260811-083832,failed,10,10,42,600000000,600064000.0,ef060b73,rodent_no_tail_collisions.xml,reference_root,NVIDIA H200,0.05,eval3ds-n05-7c60cd50,train,True,rodent_no_tail_collisions.xml,0.05,673,502,543.0166269957045,386.147113986048,1.081706428278296,206.5304606240713,2.0653046062407134,0.1679049034175334,0.40289219036655993,1.5840917408777826,43.000507157065044,0.037369986194347594,20.684511245935447,0.20526572226224615,0.1072853483290616,
encdec,encdec,vo7jiiwr,RodentEncDec_delay10_eff10-20260811-083832,failed,10,10,42,600000000,600064000.0,ef060b73,rodent_no_tail_collisions.xml,reference_root,NVIDIA H200,0.05,eval3ds-n05-7c60cd50,old_eval,True,rodent_no_tail_collisions.xml,0.05,169,502,520.1413956817086,376.8928478450796,1.036138238409778,200.6094674556213,2.006094674556213,0.15384615384615385,0.42179158186591154,1.6065448780702463,43.148316424052446,0.037875206354771596,20.703312957221687,0.2109599979548885,0.10992770905271688,
encdec,encdec,vo7jiiwr,RodentEncDec_delay10_eff10-20260811-083832,failed,10,10,42,600000000,600064000.0,ef060b73,rodent_no_tail_collisions.xml,reference_root,NVIDIA H200,0.05,eval3ds-n05-7c60cd50,new_eval,True,rodent_no_tail_collisions.xml,0.05,32,3002,830.3821747303009,961.1232995369533,0.27660965180889435,290.5625,2.9056249999999997,0.0,0.34416003441600346,1.4810799905008145,21.763621748066868,0.030287132383410034,19.37642412101647,0.17220061080510252,0.0908881424571336,
encdec,encdec,vo7jiiwr,RodentEncDec_delay10_eff10-20260811-083832,failed,10,10,42,600000000,600064000.0,ef060b73,rodent_no_tail_collisions.xml,reference_root,NVIDIA H200,0.1,eval3ds-n10-2726ab9c,train,True,rodent_no_tail_collisions.xml,0.1,673,502,132.61029022976336,118.40022751347567,0.2641639247604848,54.57206537890045,0.5457206537890045,0.007429420505200568,1.8188253873172326,1.468360226520395,54.015763761039516,0.04459172548816457,24.311021968952648,0.19033379306571058,0.10249363740728758,
encdec,encdec,vo7jiiwr,RodentEncDec_delay10_eff10-20260811-083832,failed,10,10,42,600000000,600064000.0,ef060b73,rodent_no_tail_collisions.xml,reference_root,NVIDIA H200,0.1,eval3ds-n10-2726ab9c,old_eval,True,rodent_no_tail_collisions.xml,0.1,169,502,141.73913373326408,152.9503965410831,0.2823488719786137,59.633136094674555,0.5963313609467455,0.011834319526627168,1.6570748164318319,1.4661120459930923,54.13373911989433,0.04455049939223972,24.017007896565588,0.1916486497502136,0.10257814677949326,
encdec,encdec,vo7jiiwr,RodentEncDec_delay10_eff10-20260811-083832,failed,10,10,42,600000000,600064000.0,ef060b73,rodent_no_tail_collisions.xml,reference_root,NVIDIA H200,0.1,eval3ds-n10-2726ab9c,new_eval,True,rodent_no_tail_collisions.xml,0.1,32,3002,187.73068571090698,206.41018702854495,0.0625352051002355,80.96875,0.8096874999999999,0.0,1.2350443844075647,1.4521719936372608,29.324507416345256,0.040709953839911106,25.133492725468358,0.17237875354585347,0.09228715104420337,
encdec,encdec,vo7jiiwr,RodentEncDec_delay10_eff10-20260811-083832,failed,10,10,42,600000000,600064000.0,ef060b73,rodent_no_tail_collisions.xml,reference_root,NVIDIA H200,0.25,eval3ds-n25-da25f356,train,True,rodent_no_tail_collisions.xml,0.25,673,502,36.93244697859879,17.881719785589077,0.07357061151115298,17.560178306092126,0.17560178306092125,0.0,5.694702995430699,1.5757692771774598,77.17196885167098,0.05490061360399762,28.371494264606056,0.16647600260900255,0.09334225954922748,
encdec,encdec,vo7jiiwr,RodentEncDec_delay10_eff10-20260811-083832,failed,10,10,42,600000000,600064000.0,ef060b73,rodent_no_tail_collisions.xml,reference_root,NVIDIA H200,0.25,eval3ds-n25-da25f356,old_eval,True,rodent_no_tail_collisions.xml,0.25,169,502,36.240060586195725,17.08640632494404,0.07219135574939388,16.869822485207102,0.168698224852071,0.0,5.927744650999649,1.5721507880996062,78.74713371553285,0.053805066527533266,27.600428703059464,0.16484499910981207,0.09201105664410607,
encdec,encdec,vo7jiiwr,RodentEncDec_delay10_eff10-20260811-083832,failed,10,10,42,600000000,600064000.0,ef060b73,rodent_no_tail_collisions.xml,reference_root,NVIDIA H200,0.25,eval3ds-n25-da25f356,new_eval,True,rodent_no_tail_collisions.xml,0.25,32,3002,40.39182662963867,14.063736172811389,0.01345497222839396,19.96875,0.1996875,0.0,5.007824726134586,1.5770657056889659,47.06892339218167,0.05320526141772977,28.612386317735062,0.1523464542221373,0.08557193610362498,
encdec,encdec,xgrebrix,RodentEncDec_delay9_eff9-20260811-081952,failed,9,9,42,600000000,600064000.0,ef060b73,rodent_no_tail_collisions.xml,reference_root,NVIDIA H200,0.0,eval3ds-n00-6a6b8d4e,train,True,rodent_no_tail_collisions.xml,0.0,673,502,1927.1014443180713,417.9336117186364,3.8388474986415764,464.1292719167905,4.641292719167905,0.9034175334323923,0.020809389196405417,1.4018954554969554,37.90343030789966,0.01063343408008901,4.103935745260329,0.07074750031412598,0.03544942878655645,
encdec,encdec,xgrebrix,RodentEncDec_delay9_eff9-20260811-081952,failed,9,9,42,600000000,600064000.0,ef060b73,rodent_no_tail_collisions.xml,reference_root,NVIDIA H200,0.0,eval3ds-n00-6a6b8d4e,old_eval,True,rodent_no_tail_collisions.xml,0.0,169,502,1855.6081334853313,491.24424656237505,3.6964305447914967,451.81065088757396,4.518106508875739,0.8520710059171598,0.03274136937503274,1.4213019765699686,38.70782179783634,0.012121790523395177,4.759715727737345,0.07913840807886488,0.039775798601590265,
encdec,encdec,xgrebrix,RodentEncDec_delay9_eff9-20260811-081952,failed,9,9,42,600000000,600064000.0,ef060b73,rodent_no_tail_collisions.xml,reference_root,NVIDIA H200,0.0,eval3ds-n00-6a6b8d4e,new_eval,True,rodent_no_tail_collisions.xml,0.0,32,3002,5815.577651500702,3940.9016688433167,1.937234394237409,1474.71875,14.7471875,0.15625,0.05721429933673793,1.4141402630927793,14.917527210214129,0.013526808720337987,6.442121364208682,0.08798204981458034,0.04537306135095481,
encdec,encdec,xgrebrix,RodentEncDec_delay9_eff9-20260811-081952,failed,9,9,42,600000000,600064000.0,ef060b73,rodent_no_tail_collisions.xml,reference_root,NVIDIA H200,0.02,eval3ds-n02-a4e0be11,train,True,rodent_no_tail_collisions.xml,0.02,673,502,1728.0785990314002,550.584555522035,3.4423876474729087,432.3491827637444,4.3234918276374446,0.774145616641902,0.05223888291273013,1.4247045383514385,39.117217531321906,0.014830976797168244,6.276393832769573,0.09002382136102473,0.045833869978189674,
encdec,encdec,xgrebrix,RodentEncDec_delay9_eff9-20260811-081952,failed,9,9,42,600000000,600064000.0,ef060b73,rodent_no_tail_collisions.xml,reference_root,NVIDIA H200,0.02,eval3ds-n02-a4e0be11,old_eval,True,rodent_no_tail_collisions.xml,0.02,169,502,1626.4499331592808,615.0017715516063,3.2399401058949815,411.1952662721894,4.111952662721894,0.6923076923076923,0.07482875726702354,1.449337256567406,39.710889981786,0.016146925159762012,6.780265747804627,0.09600568802162338,0.04870196646096485,
encdec,encdec,xgrebrix,RodentEncDec_delay9_eff9-20260811-081952,failed,9,9,42,600000000,600064000.0,ef060b73,rodent_no_tail_collisions.xml,reference_root,NVIDIA H200,0.02,eval3ds-n02-a4e0be11,new_eval,True,rodent_no_tail_collisions.xml,0.02,32,3002,4422.042156219482,3699.19667140322,1.4730320307193479,1123.4375,11.234375,0.125,0.07788595271210014,1.3537893813696,16.870436544337903,0.015469159705456773,8.138659147343771,0.0917254579136855,0.04735076164867376,
encdec,encdec,xgrebrix,RodentEncDec_delay9_eff9-20260811-081952,failed,9,9,42,600000000,600064000.0,ef060b73,rodent_no_tail_collisions.xml,reference_root,NVIDIA H200,0.05,eval3ds-n05-7c60cd50,train,True,rodent_no_tail_collisions.xml,0.05,673,502,511.60027762153703,368.7582855233759,1.0191240590070458,187.5705794947994,1.8757057949479943,0.11738484398216942,0.4705509565492929,1.5584037666627173,43.7497158762706,0.03582228304695377,20.045985513072868,0.19680353935708808,0.10158642214033545,
encdec,encdec,xgrebrix,RodentEncDec_delay9_eff9-20260811-081952,failed,9,9,42,600000000,600064000.0,ef060b73,rodent_no_tail_collisions.xml,reference_root,NVIDIA H200,0.05,eval3ds-n05-7c60cd50,old_eval,True,rodent_no_tail_collisions.xml,0.05,169,502,508.8480662960978,364.9303102923506,1.013641566326888,187.39644970414201,1.87396449704142,0.10059171597633132,0.47994947900221036,1.5802888197124625,43.10303685403351,0.0366017458075104,20.225669498360475,0.20379756619485448,0.10469366696316108,
encdec,encdec,xgrebrix,RodentEncDec_delay9_eff9-20260811-081952,failed,9,9,42,600000000,600064000.0,ef060b73,rodent_no_tail_collisions.xml,reference_root,NVIDIA H200,0.05,eval3ds-n05-7c60cd50,new_eval,True,rodent_no_tail_collisions.xml,0.05,32,3002,809.174441576004,1343.6045934109804,0.26954511711392537,308.75,3.0875,0.03125,0.31376518218623484,1.3702897638887164,21.865711700986264,0.03174038171787296,17.932316901924818,0.1601185665897955,0.08441293328689087,
encdec,encdec,xgrebrix,RodentEncDec_delay9_eff9-20260811-081952,failed,9,9,42,600000000,600064000.0,ef060b73,rodent_no_tail_collisions.xml,reference_root,NVIDIA H200,0.1,eval3ds-n10-2726ab9c,train,True,rodent_no_tail_collisions.xml,0.1,673,502,132.80546065638006,122.19784474037839,0.26455271047087664,54.7444279346211,0.547444279346211,0.008915304606240682,1.8103846049453085,1.4547697151730372,54.1212245069005,0.04522617263090139,24.068394299468917,0.18730208254904251,0.10048803290715576,
encdec,encdec,xgrebrix,RodentEncDec_delay9_eff9-20260811-081952,failed,9,9,42,600000000,600064000.0,ef060b73,rodent_no_tail_collisions.xml,reference_root,NVIDIA H200,0.1,eval3ds-n10-2726ab9c,old_eval,True,rodent_no_tail_collisions.xml,0.1,169,502,122.69758529211643,101.84210823560733,0.24441750058190523,51.6094674556213,0.516094674556213,0.00591715976331364,1.9261637239165328,1.460335194215185,54.96829837803234,0.04483155024396322,24.03277530134762,0.18436931975408521,0.09813565040600875,
encdec,encdec,xgrebrix,RodentEncDec_delay9_eff9-20260811-081952,failed,9,9,42,600000000,600064000.0,ef060b73,rodent_no_tail_collisions.xml,reference_root,NVIDIA H200,0.1,eval3ds-n10-2726ab9c,new_eval,True,rodent_no_tail_collisions.xml,0.1,32,3002,168.8392413854599,173.66457240423858,0.056242252293624215,72.09375,0.7209375,0.0,1.387082791504118,1.4879038591630787,29.865859920716197,0.04372081529253287,24.78238998478045,0.17317231592226467,0.09200699045068048,
encdec,encdec,xgrebrix,RodentEncDec_delay9_eff9-20260811-081952,failed,9,9,42,600000000,600064000.0,ef060b73,rodent_no_tail_collisions.xml,reference_root,NVIDIA H200,0.25,eval3ds-n25-da25f356,train,True,rodent_no_tail_collisions.xml,0.25,673,502,36.168761131490676,17.707156628457387,0.07204932496312884,17.105497771173848,0.1710549777117385,0.0,5.846073662265462,1.5620328785042197,77.74338616233551,0.05499947852625777,28.21445896847496,0.1634382159582976,0.09151691247819882,
encdec,encdec,xgrebrix,RodentEncDec_delay9_eff9-20260811-081952,failed,9,9,42,600000000,600064000.0,ef060b73,rodent_no_tail_collisions.xml,reference_root,NVIDIA H200,0.25,eval3ds-n25-da25f356,old_eval,True,rodent_no_tail_collisions.xml,0.25,169,502,35.21505869916205,16.46012896228052,0.07014951932103994,15.804733727810651,0.15804733727810652,0.0,6.327218270310745,1.5537599776301367,79.58343007974099,0.05376501785285668,27.15050450873168,0.16065013668908001,0.08900017738670571,
encdec,encdec,xgrebrix,RodentEncDec_delay9_eff9-20260811-081952,failed,9,9,42,600000000,600064000.0,ef060b73,rodent_no_tail_collisions.xml,reference_root,NVIDIA H200,0.25,eval3ds-n25-da25f356,new_eval,True,rodent_no_tail_collisions.xml,0.25,32,3002,42.8330819606781,16.718386787754167,0.014268181865648934,22.1875,0.221875,0.0,4.507042253521127,1.6053365809693976,47.916797820724476,0.0530642072977066,29.66756925285922,0.16147027491698418,0.09098008384475009,
encdec,encdec,zq5dvwvf,RodentEncDec_delay2_eff2-20260811-080832,failed,2,2,42,600000000,600064000.0,ef060b73,rodent_no_tail_collisions.xml,reference_root,NVIDIA H200,0.0,eval3ds-n00-6a6b8d4e,train,True,rodent_no_tail_collisions.xml,0.0,673,502,2128.328809015464,208.94512284609192,4.2396988227399675,484.74294205052007,4.8474294205052,0.9806835066864784,0.0039848941857328615,1.2590119311772474,36.9682425327515,0.006984509250737809,2.995141171846464,0.046414650714635554,0.0225499625080997,
encdec,encdec,zq5dvwvf,RodentEncDec_delay2_eff2-20260811-080832,failed,2,2,42,600000000,600064000.0,ef060b73,rodent_no_tail_collisions.xml,reference_root,NVIDIA H200,0.0,eval3ds-n00-6a6b8d4e,old_eval,True,rodent_no_tail_collisions.xml,0.0,169,502,2133.0231045153014,72.14049380622501,4.249050008994624,488.85207100591714,4.888520710059171,0.9940828402366864,0.0012104192892417997,1.2812487057602016,37.61892838350192,0.006811787815242192,2.916062447056814,0.04625036181674295,0.02267937983522361,
encdec,encdec,zq5dvwvf,RodentEncDec_delay2_eff2-20260811-080832,failed,2,2,42,600000000,600064000.0,ef060b73,rodent_no_tail_collisions.xml,reference_root,NVIDIA H200,0.0,eval3ds-n00-6a6b8d4e,new_eval,True,rodent_no_tail_collisions.xml,0.0,32,3002,9623.411611557007,3645.923014185367,3.205666759346105,2319.84375,23.1984375,0.5,0.021553175725735837,1.3385487816100456,12.864604090123184,0.008127331551022165,4.786507524353004,0.06316759182844467,0.03263853470756917,
encdec,encdec,zq5dvwvf,RodentEncDec_delay2_eff2-20260811-080832,failed,2,2,42,600000000,600064000.0,ef060b73,rodent_no_tail_collisions.xml,reference_root,NVIDIA H200,0.02,eval3ds-n02-a4e0be11,train,True,rodent_no_tail_collisions.xml,0.02,673,502,2124.8913307359985,190.68415615204623,4.232851256446212,485.71619613670134,4.857161961367013,0.9881129271916791,0.0024473288934708237,1.2475930126647876,37.62282600022674,0.007967507054897398,3.4169722377611063,0.045894164478445104,0.022444533775610988,
encdec,encdec,zq5dvwvf,RodentEncDec_delay2_eff2-20260811-080832,failed,2,2,42,600000000,600064000.0,ef060b73,rodent_no_tail_collisions.xml,reference_root,NVIDIA H200,0.02,eval3ds-n02-a4e0be11,old_eval,True,rodent_no_tail_collisions.xml,0.02,169,502,2092.907180334689,256.6323197830755,4.169137809431652,481.7278106508876,4.8172781065088754,0.9763313609467456,0.004913280597454923,1.2827419876329036,38.384263591818545,0.008484570828704652,3.5140639430018337,0.04954954499001272,0.024479973084036752,
encdec,encdec,zq5dvwvf,RodentEncDec_delay2_eff2-20260811-080832,failed,2,2,42,600000000,600064000.0,ef060b73,rodent_no_tail_collisions.xml,reference_root,NVIDIA H200,0.02,eval3ds-n02-a4e0be11,new_eval,True,rodent_no_tail_collisions.xml,0.02,32,3002,9777.664121627808,3809.735349437408,3.2570500072044664,2331.90625,23.3190625,0.5625,0.01876147465190764,1.338151763694098,14.526655998990753,0.0097945891361375,5.550750660370118,0.06596146430874089,0.034385795712620626,
encdec,encdec,zq5dvwvf,RodentEncDec_delay2_eff2-20260811-080832,failed,2,2,42,600000000,600064000.0,ef060b73,rodent_no_tail_collisions.xml,reference_root,NVIDIA H200,0.05,eval3ds-n05-7c60cd50,train,True,rodent_no_tail_collisions.xml,0.05,673,502,1801.4569943840402,480.5246494145233,3.5885597497690043,450.035661218425,4.500356612184249,0.8380386329866271,0.0359885629007442,1.3196234653397825,41.25561871689887,0.015558643387622417,7.573181312506708,0.07539265219633429,0.038789746051525076,
encdec,encdec,zq5dvwvf,RodentEncDec_delay2_eff2-20260811-080832,failed,2,2,42,600000000,600064000.0,ef060b73,rodent_no_tail_collisions.xml,reference_root,NVIDIA H200,0.05,eval3ds-n05-7c60cd50,old_eval,True,rodent_no_tail_collisions.xml,0.05,169,502,1686.000395599907,588.6873836896868,3.3585665250994166,425.9408284023669,4.259408284023668,0.7692307692307692,0.0541787063791954,1.359899072089397,41.63690691885497,0.017109510548019846,8.215155860661534,0.08691608505238964,0.045124814934221456,
encdec,encdec,zq5dvwvf,RodentEncDec_delay2_eff2-20260811-080832,failed,2,2,42,600000000,600064000.0,ef060b73,rodent_no_tail_collisions.xml,reference_root,NVIDIA H200,0.05,eval3ds-n05-7c60cd50,new_eval,True,rodent_no_tail_collisions.xml,0.05,32,3002,8791.084833145142,4079.9467395375223,2.928409338156276,2187.59375,21.8759375,0.53125,0.021427653100581406,1.3269890033097427,20.56068372162905,0.013782464810170963,6.703645836816685,0.06432226481848637,0.03461358390083878,
encdec,encdec,zq5dvwvf,RodentEncDec_delay2_eff2-20260811-080832,failed,2,2,42,600000000,600064000.0,ef060b73,rodent_no_tail_collisions.xml,reference_root,NVIDIA H200,0.1,eval3ds-n10-2726ab9c,train,True,rodent_no_tail_collisions.xml,0.1,673,502,242.83175245401233,180.33776850669605,0.4837285905458413,92.86478454680535,0.9286478454680536,0.005943536404160454,1.0704342538961247,1.4956545387878941,51.586388122145394,0.03910259596034907,22.32028084157753,0.1875927789442023,0.10226166135722246,
encdec,encdec,zq5dvwvf,RodentEncDec_delay2_eff2-20260811-080832,failed,2,2,42,600000000,600064000.0,ef060b73,rodent_no_tail_collisions.xml,reference_root,NVIDIA H200,0.1,eval3ds-n10-2726ab9c,old_eval,True,rodent_no_tail_collisions.xml,0.1,169,502,211.63094045424603,121.3182356404962,0.4215755785941156,80.4319526627219,0.804319526627219,0.0,1.24328698594865,1.4823380624652769,51.81061275130392,0.03849369200377141,22.08638787797825,0.18684598506800443,0.10138861438007987,
encdec,encdec,zq5dvwvf,RodentEncDec_delay2_eff2-20260811-080832,failed,2,2,42,600000000,600064000.0,ef060b73,rodent_no_tail_collisions.xml,reference_root,NVIDIA H200,0.1,eval3ds-n10-2726ab9c,new_eval,True,rodent_no_tail_collisions.xml,0.1,32,3002,344.98020339012146,271.0096994279866,0.11491678993674932,125.90625,1.2590625,0.0,0.7942417473318442,1.4002998970087592,31.999733196223193,0.03716190816456503,21.3815833285921,0.1686821498152766,0.09175156030473858,
encdec,encdec,zq5dvwvf,RodentEncDec_delay2_eff2-20260811-080832,failed,2,2,42,600000000,600064000.0,ef060b73,rodent_no_tail_collisions.xml,reference_root,NVIDIA H200,0.25,eval3ds-n25-da25f356,train,True,rodent_no_tail_collisions.xml,0.25,673,502,40.066465159581995,17.357645838132306,0.0798136756166972,19.424962852897472,0.19424962852897476,0.0,5.148014992733113,1.4742632280280774,80.89680121258911,0.052694604393989805,27.88649748889578,0.17298587356071018,0.09897286642815463,
encdec,encdec,zq5dvwvf,RodentEncDec_delay2_eff2-20260811-080832,failed,2,2,42,600000000,600064000.0,ef060b73,rodent_no_tail_collisions.xml,reference_root,NVIDIA H200,0.25,eval3ds-n25-da25f356,old_eval,True,rodent_no_tail_collisions.xml,0.25,169,502,39.00914537553957,15.822062128546536,0.07770746090744934,18.46153846153846,0.18461538461538463,0.0,5.416666666666666,1.4579626010793125,82.29782505010178,0.05304950323851627,27.543879539601292,0.1717021951414544,0.09641591860096156,
encdec,encdec,zq5dvwvf,RodentEncDec_delay2_eff2-20260811-080832,failed,2,2,42,600000000,600064000.0,ef060b73,rodent_no_tail_collisions.xml,reference_root,NVIDIA H200,0.25,eval3ds-n25-da25f356,new_eval,True,rodent_no_tail_collisions.xml,0.25,32,3002,47.10392105579376,16.901054781569616,0.015690846454295058,23.625,0.23625,0.0,4.2328042328042335,1.4649084066784677,56.96011943045706,0.050277358923049784,28.026933330128998,0.17291335587771756,0.09863537575121492,
expfm,explicit,25io6a70,RodentForwardModel_delay10_eff10-20260811-174250,failed,10,10,42,600000000,600064000.0,ef060b73,rodent_no_tail_collisions.xml,reference_root,NVIDIA A100-SXM4-80GB,0.0,eval3ds-n00-6a6b8d4e,train,True,rodent_no_tail_collisions.xml,0.0,673,502,1883.4868217910382,507.1764758596764,3.7519657804602353,451.42793462109955,4.514279346210995,0.8603268945022289,0.030940288534648176,1.3891232802874682,37.71202523517319,0.011306472890237966,4.33250151543641,0.07428177065602747,0.0372953131572501,0.024038808872315517
expfm,explicit,25io6a70,RodentForwardModel_delay10_eff10-20260811-174250,failed,10,10,42,600000000,600064000.0,ef060b73,rodent_no_tail_collisions.xml,reference_root,NVIDIA A100-SXM4-80GB,0.0,eval3ds-n00-6a6b8d4e,old_eval,True,rodent_no_tail_collisions.xml,0.0,169,502,1739.437943317481,636.4578146246155,3.465015823341596,423.5325443786982,4.235325443786982,0.7751479289940828,0.053089679645696254,1.418494247880622,38.18433945203574,0.013498814346397032,5.103229802675556,0.08764240834083092,0.04436838320460633,0.02848484337656524
expfm,explicit,25io6a70,RodentForwardModel_delay10_eff10-20260811-174250,failed,10,10,42,600000000,600064000.0,ef060b73,rodent_no_tail_collisions.xml,reference_root,NVIDIA A100-SXM4-80GB,0.0,eval3ds-n00-6a6b8d4e,new_eval,True,rodent_no_tail_collisions.xml,0.0,32,3002,5433.081337928772,4191.949471415604,1.8098205655991912,1337.40625,13.3740625,0.15625,0.06308853424305441,1.3756493942362713,14.386639338813737,0.013565137346020122,7.858373941172881,0.0945240245972368,0.047795106122666964,0.03623626855296229
expfm,explicit,25io6a70,RodentForwardModel_delay10_eff10-20260811-174250,failed,10,10,42,600000000,600064000.0,ef060b73,rodent_no_tail_collisions.xml,reference_root,NVIDIA A100-SXM4-80GB,0.02,eval3ds-n02-a4e0be11,train,True,rodent_no_tail_collisions.xml,0.02,673,502,1444.6368027753674,668.55284306465,2.8777625553294173,384.14264487369985,3.841426448736999,0.6463595839524516,0.092059660849115,1.4788546439228207,40.10524292451697,0.019945923336795256,9.492584777692857,0.12309548842930475,0.0617561025670836,0.059890735307366494
expfm,explicit,25io6a70,RodentForwardModel_delay10_eff10-20260811-174250,failed,10,10,42,600000000,600064000.0,ef060b73,rodent_no_tail_collisions.xml,reference_root,NVIDIA A100-SXM4-80GB,0.02,eval3ds-n02-a4e0be11,old_eval,True,rodent_no_tail_collisions.xml,0.02,169,502,1351.5710349224023,683.7404976682691,2.692372579526698,367.73372781065086,3.677337278106509,0.591715976331361,0.11102708095322379,1.5146390445944133,40.30431698122535,0.021614706802273582,10.496276961621325,0.1326653919975727,0.0662802379711761,0.06224319650128038
expfm,explicit,25io6a70,RodentForwardModel_delay10_eff10-20260811-174250,failed,10,10,42,600000000,600064000.0,ef060b73,rodent_no_tail_collisions.xml,reference_root,NVIDIA A100-SXM4-80GB,0.02,eval3ds-n02-a4e0be11,new_eval,True,rodent_no_tail_collisions.xml,0.02,32,3002,3454.1788024902344,2901.9945787220568,1.150625850263236,921.9375,9.219375,0.0,0.1084672225611823,1.35353223751966,17.242519240053237,0.01951107352299542,11.282837641402399,0.11579325825955115,0.058926559941735186,0.0656165950162427
expfm,explicit,25io6a70,RodentForwardModel_delay10_eff10-20260811-174250,failed,10,10,42,600000000,600064000.0,ef060b73,rodent_no_tail_collisions.xml,reference_root,NVIDIA A100-SXM4-80GB,0.05,eval3ds-n05-7c60cd50,train,True,rodent_no_tail_collisions.xml,0.05,673,502,391.1158252109567,302.24311472790424,0.7791151896632603,153.21396731054978,1.532139673105498,0.0520059435364042,0.6187386653477253,1.610113789941211,44.545001979934476,0.03818479532806484,22.314220176268034,0.21510611896361706,0.11236690021613671,0.19620005011224934
expfm,explicit,25io6a70,RodentForwardModel_delay10_eff10-20260811-174250,failed,10,10,42,600000000,600064000.0,ef060b73,rodent_no_tail_collisions.xml,reference_root,NVIDIA A100-SXM4-80GB,0.05,eval3ds-n05-7c60cd50,old_eval,True,rodent_no_tail_collisions.xml,0.05,169,502,343.0076458270733,247.07520354694284,0.6832821630021381,133.79881656804733,1.3379881656804733,0.029585798816568087,0.7252786131257739,1.5765715999323815,45.25841820274914,0.03833428477879532,22.060124132279846,0.21075365287973155,0.10871059479714723,0.19960012237967165
expfm,explicit,25io6a70,RodentForwardModel_delay10_eff10-20260811-174250,failed,10,10,42,600000000,600064000.0,ef060b73,rodent_no_tail_collisions.xml,reference_root,NVIDIA A100-SXM4-80GB,0.05,eval3ds-n05-7c60cd50,new_eval,True,rodent_no_tail_collisions.xml,0.05,32,3002,572.289568901062,381.84607067298055,0.19063609890108663,214.15625,2.1415625,0.0,0.4669487815555231,1.5336049503767857,22.16678844426489,0.034518928694322715,22.084922262810217,0.19796860265598232,0.10517472130059552,0.19003618172718928
expfm,explicit,25io6a70,RodentForwardModel_delay10_eff10-20260811-174250,failed,10,10,42,600000000,600064000.0,ef060b73,rodent_no_tail_collisions.xml,reference_root,NVIDIA A100-SXM4-80GB,0.1,eval3ds-n10-2726ab9c,train,True,rodent_no_tail_collisions.xml,0.1,673,502,113.58929494939977,69.41942041148715,0.22627349591513898,47.21248142644874,0.4721248142644874,0.0,2.1180839680241705,1.5242470874086602,54.52818001380578,0.04569792924004357,25.005551139505886,0.19163694347347876,0.10328170669105574,0.5105902191162447
expfm,explicit,25io6a70,RodentForwardModel_delay10_eff10-20260811-174250,failed,10,10,42,600000000,600064000.0,ef060b73,rodent_no_tail_collisions.xml,reference_root,NVIDIA A100-SXM4-80GB,0.1,eval3ds-n10-2726ab9c,old_eval,True,rodent_no_tail_collisions.xml,0.1,169,502,109.00835301325871,66.79549734088408,0.21714811357222852,45.30769230769231,0.4530769230769231,0.0,2.2071307300509337,1.5107247129354233,55.3593376862998,0.046324321337009235,24.623256581155974,0.1863040078737206,0.09898765696927499,0.5134771322233376
expfm,explicit,25io6a70,RodentForwardModel_delay10_eff10-20260811-174250,failed,10,10,42,600000000,600064000.0,ef060b73,rodent_no_tail_collisions.xml,reference_root,NVIDIA A100-SXM4-80GB,0.1,eval3ds-n10-2726ab9c,new_eval,True,rodent_no_tail_collisions.xml,0.1,32,3002,135.19872200489044,90.88734328951878,0.045036216523947514,56.9375,0.5693750000000001,0.0,1.7563117453347967,1.4876942845226233,29.18779754959605,0.04162708930821693,25.169040472741102,0.16988890671768098,0.09149519555605498,0.5308079163717645
expfm,explicit,25io6a70,RodentForwardModel_delay10_eff10-20260811-174250,failed,10,10,42,600000000,600064000.0,ef060b73,rodent_no_tail_collisions.xml,reference_root,NVIDIA A100-SXM4-80GB,0.25,eval3ds-n25-da25f356,train,True,rodent_no_tail_collisions.xml,0.25,673,502,35.49987983845318,16.741264098672783,0.07071689210847247,16.910846953937593,0.16910846953937594,0.0,5.913364379228538,1.6161060212227987,77.67434939062711,0.05521747888466063,28.49409263645639,0.16380286733805577,0.0915871721371454,1.645034206600029
expfm,explicit,25io6a70,RodentForwardModel_delay10_eff10-20260811-174250,failed,10,10,42,600000000,600064000.0,ef060b73,rodent_no_tail_collisions.xml,reference_root,NVIDIA A100-SXM4-80GB,0.25,eval3ds-n25-da25f356,old_eval,True,rodent_no_tail_collisions.xml,0.25,169,502,36.72159453961976,18.61917492727993,0.07315058673231027,17.550295857988164,0.17550295857988168,0.0,5.697909642616318,1.6085189524441796,78.79471924364648,0.05463657521624991,27.737257498288397,0.1656861568765635,0.0923720912617433,1.7028717346177489
expfm,explicit,25io6a70,RodentForwardModel_delay10_eff10-20260811-174250,failed,10,10,42,600000000,600064000.0,ef060b73,rodent_no_tail_collisions.xml,reference_root,NVIDIA A100-SXM4-80GB,0.25,eval3ds-n25-da25f356,new_eval,True,rodent_no_tail_collisions.xml,0.25,32,3002,40.56977069377899,15.285392749972845,0.01351424739965989,19.34375,0.1934375,0.0,5.169628432956381,1.5744118088773118,47.36914326652692,0.052157576417106645,28.741572349529694,0.15084123473733327,0.08406950612161418,1.7434967322331887
expfm,explicit,2696la26,RodentForwardModel_delay7_eff7-20260811-173808,failed,7,7,42,600000000,600064000.0,ef060b73,rodent_no_tail_collisions.xml,reference_root,NVIDIA A100-SXM4-80GB,0.0,eval3ds-n00-6a6b8d4e,train,True,rodent_no_tail_collisions.xml,0.0,673,502,1997.996599466627,345.82505528284327,3.980072907304038,473.6731054977712,4.736731054977711,0.9465081723625557,0.011292983920045681,1.3946176910939019,37.60878738808785,0.008755403370215508,3.532620486608602,0.06192409047436162,0.030892991194048456,0.01799034171835781
expfm,explicit,2696la26,RodentForwardModel_delay7_eff7-20260811-173808,failed,7,7,42,600000000,600064000.0,ef060b73,rodent_no_tail_collisions.xml,reference_root,NVIDIA A100-SXM4-80GB,0.0,eval3ds-n00-6a6b8d4e,old_eval,True,rodent_no_tail_collisions.xml,0.0,169,502,1927.575100419084,459.2814220609745,3.8397910366914023,461.9408284023669,4.6194082840236685,0.9289940828402367,0.015371214838346064,1.424083020205638,38.591600937336416,0.010202706899324504,4.2489290810919975,0.06993279304471114,0.03500650880377902,0.020646113841464753
expfm,explicit,2696la26,RodentForwardModel_delay7_eff7-20260811-173808,failed,7,7,42,600000000,600064000.0,ef060b73,rodent_no_tail_collisions.xml,reference_root,NVIDIA A100-SXM4-80GB,0.0,eval3ds-n00-6a6b8d4e,new_eval,True,rodent_no_tail_collisions.xml,0.0,32,3002,5631.115210056305,3715.378203754057,1.875787878100035,1413.625,14.13625,0.15625,0.05968697497568308,1.4406346730473816,14.558939817134421,0.009671192949552355,6.090674052307058,0.07599379128692427,0.03749366662303993,0.033204888536712746
expfm,explicit,2696la26,RodentForwardModel_delay7_eff7-20260811-173808,failed,7,7,42,600000000,600064000.0,ef060b73,rodent_no_tail_collisions.xml,reference_root,NVIDIA A100-SXM4-80GB,0.02,eval3ds-n02-a4e0be11,train,True,rodent_no_tail_collisions.xml,0.02,673,502,1815.305207749887,492.3364988402043,3.6161458321710893,448.10104011887074,4.4810104011887075,0.8439821693907875,0.0348175560065258,1.4187574237735832,38.97984343077466,0.013327436232899083,5.667334768077495,0.07936514174898213,0.04033280866401855,0.041342916736277595
expfm,explicit,2696la26,RodentForwardModel_delay7_eff7-20260811-173808,failed,7,7,42,600000000,600064000.0,ef060b73,rodent_no_tail_collisions.xml,reference_root,NVIDIA A100-SXM4-80GB,0.02,eval3ds-n02-a4e0be11,old_eval,True,rodent_no_tail_collisions.xml,0.02,169,502,1719.5797197691788,566.8942139008932,3.42545760910195,431.64497041420117,4.316449704142012,0.7869822485207101,0.04935022207599934,1.454621601229515,39.76009666062589,0.01557335819676637,6.522998511457108,0.09176931119805806,0.04631509552600703,0.04346168157084695
expfm,explicit,2696la26,RodentForwardModel_delay7_eff7-20260811-173808,failed,7,7,42,600000000,600064000.0,ef060b73,rodent_no_tail_collisions.xml,reference_root,NVIDIA A100-SXM4-80GB,0.02,eval3ds-n02-a4e0be11,new_eval,True,rodent_no_tail_collisions.xml,0.02,32,3002,4558.5504784584045,3315.606834760471,1.5185044898262507,1149.53125,11.4953125,0.0625,0.08155498165012913,1.4016504327303316,17.19104360292163,0.013174182203686234,7.249344589342371,0.08198108126337222,0.04086995374428556,0.052229302620627825
expfm,explicit,2696la26,RodentForwardModel_delay7_eff7-20260811-173808,failed,7,7,42,600000000,600064000.0,ef060b73,rodent_no_tail_collisions.xml,reference_root,NVIDIA A100-SXM4-80GB,0.05,eval3ds-n05-7c60cd50,train,True,rodent_no_tail_collisions.xml,0.05,673,502,529.746769008098,387.96108255648977,1.0552724482233027,192.84992570579496,1.9284992570579496,0.11738484398216942,0.45766943014762534,1.6121107364291158,43.80160211256355,0.03621281091008501,19.19668630322592,0.19260864234522457,0.09934428007253306,0.15924463873554534
expfm,explicit,2696la26,RodentForwardModel_delay7_eff7-20260811-173808,failed,7,7,42,600000000,600064000.0,ef060b73,rodent_no_tail_collisions.xml,reference_root,NVIDIA A100-SXM4-80GB,0.05,eval3ds-n05-7c60cd50,old_eval,True,rodent_no_tail_collisions.xml,0.05,169,502,463.08547774997686,338.0446182554057,0.9224810313744559,170.9940828402367,1.709940828402367,0.07692307692307687,0.5398297460031836,1.6126390016029877,43.635909328179025,0.0369058183987351,19.89504772561949,0.19895828004394825,0.10211864420102584,0.1605577824833314
expfm,explicit,2696la26,RodentForwardModel_delay7_eff7-20260811-173808,failed,7,7,42,600000000,600064000.0,ef060b73,rodent_no_tail_collisions.xml,reference_root,NVIDIA A100-SXM4-80GB,0.05,eval3ds-n05-7c60cd50,new_eval,True,rodent_no_tail_collisions.xml,0.05,32,3002,637.5218939781189,421.5106646647663,0.21236572084547597,221.1875,2.211875,0.0,0.45210511443910706,1.5234660052907922,23.1364112062338,0.032049865833931,18.597933565925203,0.16729492826498418,0.08786204619508858,0.16357763017720506
expfm,explicit,2696la26,RodentForwardModel_delay7_eff7-20260811-173808,failed,7,7,42,600000000,600064000.0,ef060b73,rodent_no_tail_collisions.xml,reference_root,NVIDIA A100-SXM4-80GB,0.1,eval3ds-n10-2726ab9c,train,True,rodent_no_tail_collisions.xml,0.1,673,502,118.32732033694127,73.50109683684548,0.235711793499883,48.156017830609215,0.48156017830609216,0.0,2.0765836650313183,1.5177693573553275,54.59959282316498,0.04544513868982245,24.311323550776365,0.1851539035606907,0.09997365812536207,0.46266177301543365
expfm,explicit,2696la26,RodentForwardModel_delay7_eff7-20260811-173808,failed,7,7,42,600000000,600064000.0,ef060b73,rodent_no_tail_collisions.xml,reference_root,NVIDIA A100-SXM4-80GB,0.1,eval3ds-n10-2726ab9c,old_eval,True,rodent_no_tail_collisions.xml,0.1,169,502,123.08133209950824,96.58203052020414,0.24518193645320369,52.66863905325444,0.5266863905325443,0.0,1.898663071564993,1.5186786021511536,54.66608469581584,0.046320424967927806,24.539999662450477,0.19221694080219326,0.10285293152242214,0.46394913657518394
expfm,explicit,2696la26,RodentForwardModel_delay7_eff7-20260811-173808,failed,7,7,42,600000000,600064000.0,ef060b73,rodent_no_tail_collisions.xml,reference_root,NVIDIA A100-SXM4-80GB,0.1,eval3ds-n10-2726ab9c,new_eval,True,rodent_no_tail_collisions.xml,0.1,32,3002,121.59790885448456,64.57850206234899,0.040505632529808315,47.3125,0.473125,0.0,2.113606340819022,1.466281192609559,31.441526746302962,0.040361185230917904,24.347369564576994,0.14490820286996015,0.07808430589373323,0.480949097356106
expfm,explicit,2696la26,RodentForwardModel_delay7_eff7-20260811-173808,failed,7,7,42,600000000,600064000.0,ef060b73,rodent_no_tail_collisions.xml,reference_root,NVIDIA A100-SXM4-80GB,0.25,eval3ds-n25-da25f356,train,True,rodent_no_tail_collisions.xml,0.25,673,502,35.468752083062775,17.30608004774075,0.07065488462761509,16.832095096582467,0.16832095096582467,0.0,5.941031073446328,1.6116788198090346,78.067928568444,0.05552853598928648,28.426322059803837,0.16390757287305413,0.09187301244185751,1.6693426009631347
expfm,explicit,2696la26,RodentForwardModel_delay7_eff7-20260811-173808,failed,7,7,42,600000000,600064000.0,ef060b73,rodent_no_tail_collisions.xml,reference_root,NVIDIA A100-SXM4-80GB,0.25,eval3ds-n25-da25f356,old_eval,True,rodent_no_tail_collisions.xml,0.25,169,502,35.09669888513328,17.51985450671534,0.06991374279907027,16.325443786982248,0.1632544378698225,0.0,6.12540775643349,1.5855414758254442,79.56784262667624,0.054136150758081994,27.416161605305945,0.1621096932049409,0.0907250088774231,1.6803876071843824
expfm,explicit,2696la26,RodentForwardModel_delay7_eff7-20260811-173808,failed,7,7,42,600000000,600064000.0,ef060b73,rodent_no_tail_collisions.xml,reference_root,NVIDIA A100-SXM4-80GB,0.25,eval3ds-n25-da25f356,new_eval,True,rodent_no_tail_collisions.xml,0.25,32,3002,38.0499484539032,13.905285731779172,0.012674866240474083,18.65625,0.1865625,0.0,5.360134003350084,1.6237976843369013,49.67923819482007,0.052590008600861535,29.43305656328729,0.1464547039688491,0.08282431622158076,1.7920982864351411
expfm,explicit,3osnm0o6,RodentForwardModel_delay25_eff25-20260811-175025,failed,25,25,42,600000000,600064000.0,ef060b73,rodent_no_tail_collisions.xml,reference_root,NVIDIA A100-SXM4-80GB,0.0,eval3ds-n00-6a6b8d4e,train,True,rodent_no_tail_collisions.xml,0.0,673,502,1628.8040792910163,621.9185943392671,3.2446296400219445,417.1708766716196,4.171708766716197,0.75037147102526,0.05983843622220005,1.5621142840331383,38.53057145087261,0.01594396232373249,6.27669632062496,0.10567542874644867,0.05276011127753229,0.04526606816978088
expfm,explicit,3osnm0o6,RodentForwardModel_delay25_eff25-20260811-175025,failed,25,25,42,600000000,600064000.0,ef060b73,rodent_no_tail_collisions.xml,reference_root,NVIDIA A100-SXM4-80GB,0.0,eval3ds-n00-6a6b8d4e,old_eval,True,rodent_no_tail_collisions.xml,0.0,169,502,1524.3196688770543,674.1466665890807,3.0364933642969207,396.3076923076923,3.963076923076923,0.6982248520710059,0.07614667940754898,1.5707715430805167,39.40805845066791,0.017531992747087666,7.6515008380343295,0.11682538026834681,0.05861592166468851,0.05065587754536268
expfm,explicit,3osnm0o6,RodentForwardModel_delay25_eff25-20260811-175025,failed,25,25,42,600000000,600064000.0,ef060b73,rodent_no_tail_collisions.xml,reference_root,NVIDIA A100-SXM4-80GB,0.0,eval3ds-n00-6a6b8d4e,new_eval,True,rodent_no_tail_collisions.xml,0.0,32,3002,4607.633301019669,3913.407155874996,1.5348545306527877,1168.125,11.68125,0.09375,0.07758159443552702,1.4489940172489337,15.83262034560263,0.014610300914309194,7.781145004447396,0.09861524112869408,0.049608029437713835,0.06365057691292439
expfm,explicit,3osnm0o6,RodentForwardModel_delay25_eff25-20260811-175025,failed,25,25,42,600000000,600064000.0,ef060b73,rodent_no_tail_collisions.xml,reference_root,NVIDIA A100-SXM4-80GB,0.02,eval3ds-n02-a4e0be11,train,True,rodent_no_tail_collisions.xml,0.02,673,502,1030.5725626839217,596.3098709178292,2.0529333918006407,323.09063893016344,3.2309063893016345,0.45913818722139677,0.1674025018395879,1.663738607173341,40.51924978114736,0.026561150201027204,15.417930946007488,0.17734272274252547,0.08811868404827973,0.1016451285111282
expfm,explicit,3osnm0o6,RodentForwardModel_delay25_eff25-20260811-175025,failed,25,25,42,600000000,600064000.0,ef060b73,rodent_no_tail_collisions.xml,reference_root,NVIDIA A100-SXM4-80GB,0.02,eval3ds-n02-a4e0be11,old_eval,True,rodent_no_tail_collisions.xml,0.02,169,502,992.7110042684882,567.6083370731841,1.9775119606941995,320.9230769230769,3.209230769230769,0.4319526627218935,0.17700420384984145,1.670306432988324,40.569125737613426,0.027835806167599935,16.275470674455562,0.18837369343407814,0.09406449233332882,0.1037377368305444
expfm,explicit,3osnm0o6,RodentForwardModel_delay25_eff25-20260811-175025,failed,25,25,42,600000000,600064000.0,ef060b73,rodent_no_tail_collisions.xml,reference_root,NVIDIA A100-SXM4-80GB,0.02,eval3ds-n02-a4e0be11,new_eval,True,rodent_no_tail_collisions.xml,0.02,32,3002,1941.9743428230286,1740.243771976497,0.6468935185952793,635.40625,6.3540624999999995,0.0,0.15737962917424878,1.590386075755002,18.02305654111807,0.02412388578165109,16.243743901094806,0.1675568844651529,0.08560871727849956,0.10865436666124365
expfm,explicit,3osnm0o6,RodentForwardModel_delay25_eff25-20260811-175025,failed,25,25,42,600000000,600064000.0,ef060b73,rodent_no_tail_collisions.xml,reference_root,NVIDIA A100-SXM4-80GB,0.05,eval3ds-n05-7c60cd50,train,True,rodent_no_tail_collisions.xml,0.05,673,502,321.0518639835171,240.8335514686576,0.6395455457838986,129.27934621099556,1.2927934621099553,0.026745913818722156,0.7528302971093616,1.7018924418916543,44.78653250902255,0.037389933696108484,22.7427054805041,0.21997355401880558,0.11513363983239182,0.27531840885782166
expfm,explicit,3osnm0o6,RodentForwardModel_delay25_eff25-20260811-175025,failed,25,25,42,600000000,600064000.0,ef060b73,rodent_no_tail_collisions.xml,reference_root,NVIDIA A100-SXM4-80GB,0.05,eval3ds-n05-7c60cd50,old_eval,True,rodent_no_tail_collisions.xml,0.05,169,502,364.7097381952952,245.0239658087214,0.7265134226997912,149.5621301775148,1.4956213017751478,0.023668639053254448,0.6527931634752334,1.7515529442528548,44.15920392828461,0.03872059427008384,22.544587322142206,0.2263553845711742,0.11923110862151422,0.261457885521858
expfm,explicit,3osnm0o6,RodentForwardModel_delay25_eff25-20260811-175025,failed,25,25,42,600000000,600064000.0,ef060b73,rodent_no_tail_collisions.xml,reference_root,NVIDIA A100-SXM4-80GB,0.05,eval3ds-n05-7c60cd50,new_eval,True,rodent_no_tail_collisions.xml,0.05,32,3002,379.0628581047058,350.0385689299647,0.1262701059642591,148.1875,1.481875,0.0,0.6748207507380851,1.6318927842220972,22.885073692333577,0.03533375190269229,21.689917152638095,0.20020750474426724,0.10409676859217822,0.29472287974365835
expfm,explicit,3osnm0o6,RodentForwardModel_delay25_eff25-20260811-175025,failed,25,25,42,600000000,600064000.0,ef060b73,rodent_no_tail_collisions.xml,reference_root,NVIDIA A100-SXM4-80GB,0.1,eval3ds-n10-2726ab9c,train,True,rodent_no_tail_collisions.xml,0.1,673,502,116.2753128771619,69.53535460734471,0.2316241292373743,49.408618127786035,0.49408618127786036,0.0,2.023938409719716,1.6360114978608422,54.024955818607076,0.04420302781103001,25.653667226115395,0.20056889159264646,0.1084204792431238,0.6013092921491485
expfm,explicit,3osnm0o6,RodentForwardModel_delay25_eff25-20260811-175025,failed,25,25,42,600000000,600064000.0,ef060b73,rodent_no_tail_collisions.xml,reference_root,NVIDIA A100-SXM4-80GB,0.1,eval3ds-n10-2726ab9c,old_eval,True,rodent_no_tail_collisions.xml,0.1,169,502,121.41319507395727,73.25626602477591,0.24185895433059218,52.218934911242606,0.522189349112426,0.0,1.9150141643059493,1.6438933257568527,53.64982443993619,0.044234244056997454,25.271242623457532,0.2007224431908052,0.10784963065431626,0.5983487672879543
expfm,explicit,3osnm0o6,RodentForwardModel_delay25_eff25-20260811-175025,failed,25,25,42,600000000,600064000.0,ef060b73,rodent_no_tail_collisions.xml,reference_root,NVIDIA A100-SXM4-80GB,0.1,eval3ds-n10-2726ab9c,new_eval,True,rodent_no_tail_collisions.xml,0.1,32,3002,131.54249894618988,68.38392873657521,0.043818287457091896,55.34375,0.5534375,0.0,1.8068887634105024,1.6030345872350324,28.57761684031582,0.04312183392758896,24.06532931876078,0.18109500844384036,0.09916205440734219,0.5941311711840531
expfm,explicit,3osnm0o6,RodentForwardModel_delay25_eff25-20260811-175025,failed,25,25,42,600000000,600064000.0,ef060b73,rodent_no_tail_collisions.xml,reference_root,NVIDIA A100-SXM4-80GB,0.25,eval3ds-n25-da25f356,train,True,rodent_no_tail_collisions.xml,0.25,673,502,36.176041210565664,17.137815262234916,0.07206382711268061,17.364041604754828,0.17364041604754832,0.0,5.759027896628443,1.6556444101932744,77.26920517911583,0.054877012109851554,28.440972372076384,0.16738122420720203,0.09361832088537259,1.6601559866863356
expfm,explicit,3osnm0o6,RodentForwardModel_delay25_eff25-20260811-175025,failed,25,25,42,600000000,600064000.0,ef060b73,rodent_no_tail_collisions.xml,reference_root,NVIDIA A100-SXM4-80GB,0.25,eval3ds-n25-da25f356,old_eval,True,rodent_no_tail_collisions.xml,0.25,169,502,36.62335786311584,16.774766545369875,0.07295489614166502,18.21301775147929,0.1821301775147929,0.0,5.4905782975958415,1.6552998281415605,77.54799956319633,0.0541993652216784,28.59167691152128,0.17286702890959862,0.09619223282996833,1.6873033980145247
expfm,explicit,3osnm0o6,RodentForwardModel_delay25_eff25-20260811-175025,failed,25,25,42,600000000,600064000.0,ef060b73,rodent_no_tail_collisions.xml,reference_root,NVIDIA A100-SXM4-80GB,0.25,eval3ds-n25-da25f356,new_eval,True,rodent_no_tail_collisions.xml,0.25,32,3002,45.13909012079239,20.240392045210108,0.01503633914749913,22.625,0.22625,0.0,4.419889502762431,1.6519819874743518,47.724916110869074,0.05238682922118654,27.832629308168965,0.15837925403807573,0.08861461206373661,1.747819637617724
expfm,explicit,48icppj0,RodentForwardModel_delay20_eff20-20260811-174441,failed,20,20,42,600000000,600064000.0,ef060b73,rodent_no_tail_collisions.xml,reference_root,NVIDIA A100-SXM4-80GB,0.0,eval3ds-n00-6a6b8d4e,train,True,rodent_no_tail_collisions.xml,0.0,673,502,1686.4525170744262,622.8388082301572,3.3594671654869046,421.7206537890045,4.217206537890045,0.7771173848439822,0.05285077056423481,1.4752501024606712,38.48316636734186,0.014939950867499241,5.342746597020094,0.09598733310043653,0.0482696541216662,0.038320962969918354
expfm,explicit,48icppj0,RodentForwardModel_delay20_eff20-20260811-174441,failed,20,20,42,600000000,600064000.0,ef060b73,rodent_no_tail_collisions.xml,reference_root,NVIDIA A100-SXM4-80GB,0.0,eval3ds-n00-6a6b8d4e,old_eval,True,rodent_no_tail_collisions.xml,0.0,169,502,1555.9185803656042,692.2270682714473,3.0994394031187333,394.7455621301775,3.947455621301775,0.7041420118343196,0.07494903465643361,1.4924397799473328,38.78857393546075,0.01711910517669381,6.47581644056417,0.10662412498069221,0.05343871937085174,0.04326990172784396
expfm,explicit,48icppj0,RodentForwardModel_delay20_eff20-20260811-174441,failed,20,20,42,600000000,600064000.0,ef060b73,rodent_no_tail_collisions.xml,reference_root,NVIDIA A100-SXM4-80GB,0.0,eval3ds-n00-6a6b8d4e,new_eval,True,rodent_no_tail_collisions.xml,0.0,32,3002,4766.9641761779785,3857.9041651448365,1.5879294390999261,1223.0,12.23,0.125,0.07154538021259199,1.3943345687177926,15.315901874924567,0.016367219969437685,7.382518164789886,0.10281195379910071,0.053351907473589845,0.06531956394593333
expfm,explicit,48icppj0,RodentForwardModel_delay20_eff20-20260811-174441,failed,20,20,42,600000000,600064000.0,ef060b73,rodent_no_tail_collisions.xml,reference_root,NVIDIA A100-SXM4-80GB,0.02,eval3ds-n02-a4e0be11,train,True,rodent_no_tail_collisions.xml,0.02,673,502,943.65284027281,593.842908104835,1.879786534407988,296.7979197622585,2.9679791976225856,0.38335809806835064,0.20776490024781596,1.6092856507041582,40.79477430542856,0.02767548781243255,15.549254129658356,0.1831792261364223,0.09088821685535409,0.0933210060382481
expfm,explicit,48icppj0,RodentForwardModel_delay20_eff20-20260811-174441,failed,20,20,42,600000000,600064000.0,ef060b73,rodent_no_tail_collisions.xml,reference_root,NVIDIA A100-SXM4-80GB,0.02,eval3ds-n02-a4e0be11,old_eval,True,rodent_no_tail_collisions.xml,0.02,169,502,951.1529900364621,562.5569070741495,1.8947270717857811,314.7100591715976,3.147100591715976,0.39644970414201186,0.19177979167450082,1.6542445787009918,41.11839034449215,0.02990802595852108,16.87713853492138,0.1955486307758757,0.09727822127709268,0.09430546302499256
expfm,explicit,48icppj0,RodentForwardModel_delay20_eff20-20260811-174441,failed,20,20,42,600000000,600064000.0,ef060b73,rodent_no_tail_collisions.xml,reference_root,NVIDIA A100-SXM4-80GB,0.02,eval3ds-n02-a4e0be11,new_eval,True,rodent_no_tail_collisions.xml,0.02,32,3002,1892.7196462154388,1718.3994110941694,0.6304862245887538,610.71875,6.1071875,0.0,0.16374149311774036,1.5191701540191112,17.903914010286325,0.02660023163482389,15.919465355824418,0.170343905492984,0.08656348455724305,0.09697743661543744
expfm,explicit,48icppj0,RodentForwardModel_delay20_eff20-20260811-174441,failed,20,20,42,600000000,600064000.0,ef060b73,rodent_no_tail_collisions.xml,reference_root,NVIDIA A100-SXM4-80GB,0.05,eval3ds-n05-7c60cd50,train,True,rodent_no_tail_collisions.xml,0.05,673,502,298.6138210211608,235.7409735743217,0.594848249046137,120.82317979197623,1.2082317979197623,0.03268945022288261,0.800600142656861,1.659923952262135,45.569565841015276,0.0378851154964413,22.76400788387776,0.22023200925502126,0.11404204178893476,0.26116859341634785
expfm,explicit,48icppj0,RodentForwardModel_delay20_eff20-20260811-174441,failed,20,20,42,600000000,600064000.0,ef060b73,rodent_no_tail_collisions.xml,reference_root,NVIDIA A100-SXM4-80GB,0.05,eval3ds-n05-7c60cd50,old_eval,True,rodent_no_tail_collisions.xml,0.05,169,502,291.34648613111506,228.01411612350958,0.5803714863169622,117.72781065088758,1.1772781065088758,0.017751479289940808,0.8343385605146764,1.6581145766596157,45.41065041936582,0.03893009939335059,22.49812068314008,0.2247781454024013,0.1165776648519609,0.26407359159922017
expfm,explicit,48icppj0,RodentForwardModel_delay20_eff20-20260811-174441,failed,20,20,42,600000000,600064000.0,ef060b73,rodent_no_tail_collisions.xml,reference_root,NVIDIA A100-SXM4-80GB,0.05,eval3ds-n05-7c60cd50,new_eval,True,rodent_no_tail_collisions.xml,0.05,32,3002,316.2177565097809,185.9146715657031,0.10533569503990037,122.59375,1.2259375000000001,0.0,0.8157022686719346,1.5508930753433294,23.665148970331387,0.03510184325148828,22.80120900637781,0.19194739347626344,0.10008169820601476,0.2667610181456799
expfm,explicit,48icppj0,RodentForwardModel_delay20_eff20-20260811-174441,failed,20,20,42,600000000,600064000.0,ef060b73,rodent_no_tail_collisions.xml,reference_root,NVIDIA A100-SXM4-80GB,0.1,eval3ds-n10-2726ab9c,train,True,rodent_no_tail_collisions.xml,0.1,673,502,107.64040967082552,62.43269563305355,0.21442312683431378,45.37890044576523,0.45378900445765225,0.0,2.2036673215455145,1.6104065941202088,54.959109109952706,0.04441616387601871,25.497779366793193,0.19627079889148788,0.1050028184868738,0.5848395704583045
expfm,explicit,48icppj0,RodentForwardModel_delay20_eff20-20260811-174441,failed,20,20,42,600000000,600064000.0,ef060b73,rodent_no_tail_collisions.xml,reference_root,NVIDIA A100-SXM4-80GB,0.1,eval3ds-n10-2726ab9c,old_eval,True,rodent_no_tail_collisions.xml,0.1,169,502,103.3228558647562,53.45746334765448,0.20582242204134701,43.40236686390533,0.4340236686390533,0.0,2.304021813224267,1.5957140398035101,55.74994695363344,0.044781915797438294,25.698140260842155,0.19948935558442196,0.10549149215559687,0.6007731248174814
expfm,explicit,48icppj0,RodentForwardModel_delay20_eff20-20260811-174441,failed,20,20,42,600000000,600064000.0,ef060b73,rodent_no_tail_collisions.xml,reference_root,NVIDIA A100-SXM4-80GB,0.1,eval3ds-n10-2726ab9c,new_eval,True,rodent_no_tail_collisions.xml,0.1,32,3002,123.33226418495178,52.13679700609847,0.041083365817772076,53.5625,0.535625,0.0,1.866977829638273,1.55308584325881,29.860605640864083,0.0421101856133043,26.150557234334222,0.18051066681897637,0.09515081170758638,0.5910769854238687
expfm,explicit,48icppj0,RodentForwardModel_delay20_eff20-20260811-174441,failed,20,20,42,600000000,600064000.0,ef060b73,rodent_no_tail_collisions.xml,reference_root,NVIDIA A100-SXM4-80GB,0.25,eval3ds-n25-da25f356,train,True,rodent_no_tail_collisions.xml,0.25,673,502,36.39319717299531,17.796897317091126,0.07249640871114603,17.59881129271917,0.1759881129271917,0.0,5.6822019587977035,1.6617512793748326,77.44418074483774,0.05493407353565858,28.56002860757147,0.16816731795869377,0.093390236828523,1.643221274234638
expfm,explicit,48icppj0,RodentForwardModel_delay20_eff20-20260811-174441,failed,20,20,42,600000000,600064000.0,ef060b73,rodent_no_tail_collisions.xml,reference_root,NVIDIA A100-SXM4-80GB,0.25,eval3ds-n25-da25f356,old_eval,True,rodent_no_tail_collisions.xml,0.25,169,502,35.94014593835413,15.676627710597561,0.07159391621186081,17.011834319526628,0.17011834319526628,0.0,5.878260869565217,1.641759313584841,78.39263399824465,0.05365038045910862,28.02364810119786,0.1677161641453899,0.09320960545766116,1.6885055155972648
expfm,explicit,48icppj0,RodentForwardModel_delay20_eff20-20260811-174441,failed,20,20,42,600000000,600064000.0,ef060b73,rodent_no_tail_collisions.xml,reference_root,NVIDIA A100-SXM4-80GB,0.25,eval3ds-n25-da25f356,new_eval,True,rodent_no_tail_collisions.xml,0.25,32,3002,46.209385454654694,18.30233727678909,0.015392866573835673,24.4375,0.244375,0.0,4.092071611253197,1.6990220583978686,46.33709561594669,0.05160337050548751,28.99458555921425,0.1729763367535032,0.0959078080595005,1.7071098107188836
expfm,explicit,6cbzq5on,RodentForwardModel_delay50_eff50-20260811-180113,failed,50,50,42,600000000,600064000.0,ef060b73,rodent_no_tail_collisions.xml,reference_root,NVIDIA A100-SXM4-80GB,0.0,eval3ds-n00-6a6b8d4e,train,True,rodent_no_tail_collisions.xml,0.0,673,502,1388.3294826921347,638.6032064914876,2.7655965790679975,383.4130757800892,3.8341307578008914,0.6329866270430906,0.09572270643357349,1.7586062577000223,39.34879181551044,0.019934998684940676,8.241671775442677,0.13184864149573905,0.06500676060704336,0.07218853494560272
expfm,explicit,6cbzq5on,RodentForwardModel_delay50_eff50-20260811-180113,failed,50,50,42,600000000,600064000.0,ef060b73,rodent_no_tail_collisions.xml,reference_root,NVIDIA A100-SXM4-80GB,0.0,eval3ds-n00-6a6b8d4e,old_eval,True,rodent_no_tail_collisions.xml,0.0,169,502,1244.0773640920424,665.970951778081,2.4782417611395267,351.62721893491124,3.5162721893491122,0.5325443786982249,0.13294068153134203,1.7874213704724426,39.53786489055652,0.022293755535152674,9.55020944909467,0.14734261965721598,0.07263346245268927,0.07758799048439485
expfm,explicit,6cbzq5on,RodentForwardModel_delay50_eff50-20260811-180113,failed,50,50,42,600000000,600064000.0,ef060b73,rodent_no_tail_collisions.xml,reference_root,NVIDIA A100-SXM4-80GB,0.0,eval3ds-n00-6a6b8d4e,new_eval,True,rodent_no_tail_collisions.xml,0.0,32,3002,3671.596733570099,2908.8236394139412,1.2230502110493333,1082.03125,10.8203125,0.03125,0.08953068592057761,1.717744964559669,15.163913476704426,0.021821945100974287,10.633880556030695,0.14666394144201816,0.07506594106769754,0.08241133451199142
expfm,explicit,6cbzq5on,RodentForwardModel_delay50_eff50-20260811-180113,failed,50,50,42,600000000,600064000.0,ef060b73,rodent_no_tail_collisions.xml,reference_root,NVIDIA A100-SXM4-80GB,0.02,eval3ds-n02-a4e0be11,train,True,rodent_no_tail_collisions.xml,0.02,673,502,936.2797361943556,545.5621626255664,1.8650990760843735,309.65824665676075,3.096582466567608,0.39375928677563155,0.19577735124760073,1.802405215467247,40.511851688172165,0.028021010213691078,15.743593278926825,0.1894065444961012,0.0950907607401671,0.1236266241458794
expfm,explicit,6cbzq5on,RodentForwardModel_delay50_eff50-20260811-180113,failed,50,50,42,600000000,600064000.0,ef060b73,rodent_no_tail_collisions.xml,reference_root,NVIDIA A100-SXM4-80GB,0.02,eval3ds-n02-a4e0be11,old_eval,True,rodent_no_tail_collisions.xml,0.02,169,502,879.2125049568492,531.3889961134142,1.751419332583365,299.84023668639054,2.9984023668639055,0.3668639053254438,0.21115781579934087,1.8207549190076497,40.10376454323774,0.030111075107442493,16.701997405339537,0.1969984364893991,0.09931461625150348,0.12405465671509049
expfm,explicit,6cbzq5on,RodentForwardModel_delay50_eff50-20260811-180113,failed,50,50,42,600000000,600064000.0,ef060b73,rodent_no_tail_collisions.xml,reference_root,NVIDIA A100-SXM4-80GB,0.02,eval3ds-n02-a4e0be11,new_eval,True,rodent_no_tail_collisions.xml,0.02,32,3002,1720.3598923683167,1576.8605956352449,0.5730712499561348,630.03125,6.3003125,0.0,0.15872228560091264,1.878589381660936,16.472693742725976,0.027587528371915884,18.940634058223146,0.20378218245599608,0.10827261419753312,0.1382034237356125
expfm,explicit,6cbzq5on,RodentForwardModel_delay50_eff50-20260811-180113,failed,50,50,42,600000000,600064000.0,ef060b73,rodent_no_tail_collisions.xml,reference_root,NVIDIA A100-SXM4-80GB,0.05,eval3ds-n05-7c60cd50,train,True,rodent_no_tail_collisions.xml,0.05,673,502,360.0982009241521,264.1319552555763,0.7173270934744065,151.99851411589896,1.5199851411589897,0.04457652303120352,0.6285742216139596,1.8348414071045211,44.21282296823297,0.0370714530987932,22.827811256295163,0.22568842371440087,0.11842982461497019,0.2808623898061475
expfm,explicit,6cbzq5on,RodentForwardModel_delay50_eff50-20260811-180113,failed,50,50,42,600000000,600064000.0,ef060b73,rodent_no_tail_collisions.xml,reference_root,NVIDIA A100-SXM4-80GB,0.05,eval3ds-n05-7c60cd50,old_eval,True,rodent_no_tail_collisions.xml,0.05,169,502,373.72719005155847,263.44082441918437,0.7444764742062918,158.36686390532543,1.5836686390532546,0.017751479289940808,0.6202361380959497,1.8485784681275264,43.714314617304716,0.036982960968373314,22.617605034816197,0.22492416190679443,0.11839217727578993,0.2739543076216015
expfm,explicit,6cbzq5on,RodentForwardModel_delay50_eff50-20260811-180113,failed,50,50,42,600000000,600064000.0,ef060b73,rodent_no_tail_collisions.xml,reference_root,NVIDIA A100-SXM4-80GB,0.05,eval3ds-n05-7c60cd50,new_eval,True,rodent_no_tail_collisions.xml,0.05,32,3002,534.2479023933411,551.9399957900118,0.1779639914701336,256.28125,2.5628125,0.0,0.39019631752225337,1.8458247926790226,20.582139172874783,0.037110941507897545,24.407440285289333,0.23839700417959364,0.1273950316331578,0.2894732135002995
expfm,explicit,6cbzq5on,RodentForwardModel_delay50_eff50-20260811-180113,failed,50,50,42,600000000,600064000.0,ef060b73,rodent_no_tail_collisions.xml,reference_root,NVIDIA A100-SXM4-80GB,0.1,eval3ds-n10-2726ab9c,train,True,rodent_no_tail_collisions.xml,0.1,673,502,123.65849674332549,79.60975644793889,0.2463316668193735,53.75631500742942,0.5375631500742941,0.0,1.8602465586820722,1.7029179000594712,53.97279132861406,0.0434385600617781,25.76977830029051,0.20274944785306173,0.1099060484288661,0.5876763020659714
expfm,explicit,6cbzq5on,RodentForwardModel_delay50_eff50-20260811-180113,failed,50,50,42,600000000,600064000.0,ef060b73,rodent_no_tail_collisions.xml,reference_root,NVIDIA A100-SXM4-80GB,0.1,eval3ds-n10-2726ab9c,old_eval,True,rodent_no_tail_collisions.xml,0.1,169,502,120.07851451670629,70.56881877690574,0.23920022812092886,52.053254437869825,0.5205325443786982,0.0,1.921109469137206,1.6929175492782582,54.037704809162356,0.043220431608752254,25.986211592809664,0.20319379739586882,0.109876062339575,0.5889250708383251
expfm,explicit,6cbzq5on,RodentForwardModel_delay50_eff50-20260811-180113,failed,50,50,42,600000000,600064000.0,ef060b73,rodent_no_tail_collisions.xml,reference_root,NVIDIA A100-SXM4-80GB,0.1,eval3ds-n10-2726ab9c,new_eval,True,rodent_no_tail_collisions.xml,0.1,32,3002,142.45176684856415,73.29066468797224,0.047452287424571665,60.96875,0.6096874999999999,0.0,1.6401845207585855,1.6506353236307825,28.74190905703456,0.04177836071636509,26.907126100909302,0.19540650866163228,0.10542670982085599,0.6402582515182288
expfm,explicit,6cbzq5on,RodentForwardModel_delay50_eff50-20260811-180113,failed,50,50,42,600000000,600064000.0,ef060b73,rodent_no_tail_collisions.xml,reference_root,NVIDIA A100-SXM4-80GB,0.25,eval3ds-n25-da25f356,train,True,rodent_no_tail_collisions.xml,0.25,673,502,37.81175512792805,18.882596751297253,0.0753222213703746,18.26448736998514,0.18264487369985144,0.0,5.4751057598438,1.651959151643762,77.29912198689779,0.05440288706426453,28.616461092667038,0.17031170190677591,0.0948302650962899,1.5840758002071067
expfm,explicit,6cbzq5on,RodentForwardModel_delay50_eff50-20260811-180113,failed,50,50,42,600000000,600064000.0,ef060b73,rodent_no_tail_collisions.xml,reference_root,NVIDIA A100-SXM4-80GB,0.25,eval3ds-n25-da25f356,old_eval,True,rodent_no_tail_collisions.xml,0.25,169,502,37.636927435383996,18.285431209974295,0.07497395903462947,18.57396449704142,0.1857396449704142,0.0,5.3838802166295,1.634418104112696,77.46551353984626,0.05330195214394649,28.516763020801818,0.17178710701196648,0.09594094160340974,1.5928280383867894
expfm,explicit,6cbzq5on,RodentForwardModel_delay50_eff50-20260811-180113,failed,50,50,42,600000000,600064000.0,ef060b73,rodent_no_tail_collisions.xml,reference_root,NVIDIA A100-SXM4-80GB,0.25,eval3ds-n25-da25f356,new_eval,True,rodent_no_tail_collisions.xml,0.25,32,3002,44.1703023314476,18.799946886668504,0.014713625027131113,22.125,0.22125,0.0,4.519774011299435,1.6376668585081453,47.94788896915,0.05201188141497534,29.416135420784226,0.16310978108854887,0.0908296423401262,1.6769892875439296
expfm,explicit,6ugicoso,RodentForwardModel_delay30_eff30-20260811-175615,failed,30,30,42,600000000,600064000.0,ef060b73,rodent_no_tail_collisions.xml,reference_root,NVIDIA A100-SXM4-80GB,0.0,eval3ds-n00-6a6b8d4e,train,True,rodent_no_tail_collisions.xml,0.0,673,502,1595.093760452157,619.8558439208654,3.1774776104624642,416.66567607726597,4.16665676077266,0.7578008915304606,0.058127924226862956,1.5976715708176796,38.73744243537555,0.017245291578979843,6.49851299975967,0.11215149436586726,0.055471848587409806,0.048184705180130724
expfm,explicit,6ugicoso,RodentForwardModel_delay30_eff30-20260811-175615,failed,30,30,42,600000000,600064000.0,ef060b73,rodent_no_tail_collisions.xml,reference_root,NVIDIA A100-SXM4-80GB,0.0,eval3ds-n00-6a6b8d4e,old_eval,True,rodent_no_tail_collisions.xml,0.0,169,502,1450.1983345076883,677.5637469894335,2.888841303800176,388.8047337278106,3.888047337278106,0.6686390532544378,0.08522554331283863,1.6251557705097572,38.962770971332546,0.020516908138991666,7.89027598257012,0.12815874513309652,0.0630597581133084,0.0540634663414183
expfm,explicit,6ugicoso,RodentForwardModel_delay30_eff30-20260811-175615,failed,30,30,42,600000000,600064000.0,ef060b73,rodent_no_tail_collisions.xml,reference_root,NVIDIA A100-SXM4-80GB,0.0,eval3ds-n00-6a6b8d4e,new_eval,True,rodent_no_tail_collisions.xml,0.0,32,3002,5722.498432397842,4276.8862286836165,1.9062286583603738,1500.25,15.0025,0.25,0.049991668055324116,1.4811833690591794,15.059806977171954,0.015637613117535868,7.1957681067220625,0.10328046931345164,0.05293954865262971,0.0572724673421979
expfm,explicit,6ugicoso,RodentForwardModel_delay30_eff30-20260811-175615,failed,30,30,42,600000000,600064000.0,ef060b73,rodent_no_tail_collisions.xml,reference_root,NVIDIA A100-SXM4-80GB,0.02,eval3ds-n02-a4e0be11,train,True,rodent_no_tail_collisions.xml,0.02,673,502,972.9857359910259,566.368457327966,1.938218597591685,314.2303120356612,3.1423031203566123,0.4190193164933135,0.18489008260945636,1.7022457886332367,40.35060904832558,0.02801104790754297,15.678093901903564,0.18339023809418903,0.09225328772436936,0.10747282515587246
expfm,explicit,6ugicoso,RodentForwardModel_delay30_eff30-20260811-175615,failed,30,30,42,600000000,600064000.0,ef060b73,rodent_no_tail_collisions.xml,reference_root,NVIDIA A100-SXM4-80GB,0.02,eval3ds-n02-a4e0be11,old_eval,True,rodent_no_tail_collisions.xml,0.02,169,502,903.5712956987189,553.2848274027249,1.79994282011697,300.72189349112426,3.0072189349112426,0.3727810650887574,0.20857109125969067,1.694197065742759,40.99834709347862,0.029242297089317845,16.434088183802462,0.18774915536553846,0.09411742318012664,0.11056421733349901
expfm,explicit,6ugicoso,RodentForwardModel_delay30_eff30-20260811-175615,failed,30,30,42,600000000,600064000.0,ef060b73,rodent_no_tail_collisions.xml,reference_root,NVIDIA A100-SXM4-80GB,0.02,eval3ds-n02-a4e0be11,new_eval,True,rodent_no_tail_collisions.xml,0.02,32,3002,1905.0552959442139,1834.143565476465,0.6345953684024697,687.75,6.8774999999999995,0.0,0.14540167211922939,1.7203028119321264,17.16167470743227,0.030627112539418844,17.483171336036445,0.19841270224204088,0.10309056125666839,0.11934890958612526
expfm,explicit,6ugicoso,RodentForwardModel_delay30_eff30-20260811-175615,failed,30,30,42,600000000,600064000.0,ef060b73,rodent_no_tail_collisions.xml,reference_root,NVIDIA A100-SXM4-80GB,0.05,eval3ds-n05-7c60cd50,train,True,rodent_no_tail_collisions.xml,0.05,673,502,320.52423431827265,239.9016408757391,0.6384944906738499,132.5705794947994,1.3257057949479942,0.026745913818722156,0.7341403272808786,1.7458134543820472,44.948330364135856,0.037884332258926214,22.783395721799522,0.22076639434682896,0.11604744288402753,0.28257422243488856
expfm,explicit,6ugicoso,RodentForwardModel_delay30_eff30-20260811-175615,failed,30,30,42,600000000,600064000.0,ef060b73,rodent_no_tail_collisions.xml,reference_root,NVIDIA A100-SXM4-80GB,0.05,eval3ds-n05-7c60cd50,old_eval,True,rodent_no_tail_collisions.xml,0.05,169,502,337.255767212817,262.3325130577811,0.6718242374757311,138.19526627218934,1.3819526627218934,0.035502958579881616,0.6979233568828945,1.7517500743391252,44.99638822496054,0.03864987000566851,21.80189177042466,0.22223604887877768,0.11773825063289346,0.2797737751221562
expfm,explicit,6ugicoso,RodentForwardModel_delay30_eff30-20260811-175615,failed,30,30,42,600000000,600064000.0,ef060b73,rodent_no_tail_collisions.xml,reference_root,NVIDIA A100-SXM4-80GB,0.05,eval3ds-n05-7c60cd50,new_eval,True,rodent_no_tail_collisions.xml,0.05,32,3002,444.99959206581116,384.4157559118244,0.14823437443897775,183.90625,1.8390625,0.0,0.5437553101104503,1.762636354909053,22.953218928354623,0.035783743704168855,22.031314480858423,0.2056170128773535,0.11247899093298772,0.3071466026698566
expfm,explicit,6ugicoso,RodentForwardModel_delay30_eff30-20260811-175615,failed,30,30,42,600000000,600064000.0,ef060b73,rodent_no_tail_collisions.xml,reference_root,NVIDIA A100-SXM4-80GB,0.1,eval3ds-n10-2726ab9c,train,True,rodent_no_tail_collisions.xml,0.1,673,502,121.71217407691354,74.00623523596445,0.2424545300336923,52.548291233283805,0.5254829123328381,0.0,1.9030114520005654,1.6748456159853424,54.17240787736862,0.04421468915893067,25.319848386462635,0.20119746226645405,0.10948816635901748,0.6059035072547208
expfm,explicit,6ugicoso,RodentForwardModel_delay30_eff30-20260811-175615,failed,30,30,42,600000000,600064000.0,ef060b73,rodent_no_tail_collisions.xml,reference_root,NVIDIA A100-SXM4-80GB,0.1,eval3ds-n10-2726ab9c,old_eval,True,rodent_no_tail_collisions.xml,0.1,169,502,129.64902399277545,92.70245276418004,0.25826498803341724,57.75739644970414,0.5775739644970415,0.0,1.7313799815592663,1.7001458298272,54.018209653779046,0.04398977839975609,25.361667443827216,0.20931090478149278,0.1136361479554982,0.6110972867723494
expfm,explicit,6ugicoso,RodentForwardModel_delay30_eff30-20260811-175615,failed,30,30,42,600000000,600064000.0,ef060b73,rodent_no_tail_collisions.xml,reference_root,NVIDIA A100-SXM4-80GB,0.1,eval3ds-n10-2726ab9c,new_eval,True,rodent_no_tail_collisions.xml,0.1,32,3002,152.76546669006348,73.40745618185952,0.05088789696537757,69.25,0.6925000000000001,0.0,1.4440433212996386,1.7317738748610005,30.303377376002945,0.04289446567455217,24.765717490639606,0.19834177294153393,0.10898733907123863,0.6407237574042927
expfm,explicit,6ugicoso,RodentForwardModel_delay30_eff30-20260811-175615,failed,30,30,42,600000000,600064000.0,ef060b73,rodent_no_tail_collisions.xml,reference_root,NVIDIA A100-SXM4-80GB,0.25,eval3ds-n25-da25f356,train,True,rodent_no_tail_collisions.xml,0.25,673,502,37.63769705263679,19.540091231812724,0.07497549213672668,18.167904903417533,0.18167904903417534,0.0,5.50421198985851,1.6604590307436013,77.20899580414618,0.054945081198066036,28.501726066001595,0.17000031490865336,0.09553147194168936,1.6166351509899066
expfm,explicit,6ugicoso,RodentForwardModel_delay30_eff30-20260811-175615,failed,30,30,42,600000000,600064000.0,ef060b73,rodent_no_tail_collisions.xml,reference_root,NVIDIA A100-SXM4-80GB,0.25,eval3ds-n25-da25f356,old_eval,True,rodent_no_tail_collisions.xml,0.25,169,502,38.0188981400439,18.39562146948233,0.0757348568526771,18.218934911242602,0.18218934911242604,0.0,5.48879506333225,1.6560929740647743,78.10037611766471,0.05296362857615875,28.071142122661335,0.17169751386700915,0.09573110735762609,1.6863269557056066
expfm,explicit,6ugicoso,RodentForwardModel_delay30_eff30-20260811-175615,failed,30,30,42,600000000,600064000.0,ef060b73,rodent_no_tail_collisions.xml,reference_root,NVIDIA A100-SXM4-80GB,0.25,eval3ds-n25-da25f356,new_eval,True,rodent_no_tail_collisions.xml,0.25,32,3002,42.15893888473511,17.787202280632627,0.01404361721676719,21.8125,0.218125,0.0,4.584527220630372,1.6641594232541321,47.17308306708225,0.051454574171722826,29.236010249894008,0.16532964947037498,0.09206681886151377,1.6968097607487094
expfm,explicit,7c6xmp09,RodentForwardModel_delay9_eff9-20260811-173842,failed,9,9,42,600000000,600064000.0,ef060b73,rodent_no_tail_collisions.xml,reference_root,NVIDIA A100-SXM4-80GB,0.0,eval3ds-n00-6a6b8d4e,train,True,rodent_no_tail_collisions.xml,0.0,673,502,1940.289938678713,429.1750928960301,3.8651193997583926,463.43090638930164,4.634309063893016,0.912332838038633,0.01891698649198914,1.3801528638683942,37.69282735974121,0.010795383801200452,3.6206812924071006,0.06928254027616733,0.03441369131697001,0.019874048389449523
expfm,explicit,7c6xmp09,RodentForwardModel_delay9_eff9-20260811-173842,failed,9,9,42,600000000,600064000.0,ef060b73,rodent_no_tail_collisions.xml,reference_root,NVIDIA A100-SXM4-80GB,0.0,eval3ds-n00-6a6b8d4e,old_eval,True,rodent_no_tail_collisions.xml,0.0,169,502,1898.8826790533121,459.939025768346,3.782634818831299,457.5443786982249,4.575443786982248,0.8757396449704142,0.02715809893307468,1.4052639504904363,38.18416618145173,0.011583723037147671,3.9243118919193454,0.07379897960970698,0.036911197184800106,0.021751464385703127
expfm,explicit,7c6xmp09,RodentForwardModel_delay9_eff9-20260811-173842,failed,9,9,42,600000000,600064000.0,ef060b73,rodent_no_tail_collisions.xml,reference_root,NVIDIA A100-SXM4-80GB,0.0,eval3ds-n00-6a6b8d4e,new_eval,True,rodent_no_tail_collisions.xml,0.0,32,3002,7254.4585609436035,4116.7634750392435,2.416541825764025,1857.375,18.57375,0.3125,0.0370146039437378,1.4934124081087299,13.819189774846262,0.013169912536191129,6.095483101132089,0.08735600617499602,0.04407905270498074,0.03805226809976349
expfm,explicit,7c6xmp09,RodentForwardModel_delay9_eff9-20260811-173842,failed,9,9,42,600000000,600064000.0,ef060b73,rodent_no_tail_collisions.xml,reference_root,NVIDIA A100-SXM4-80GB,0.02,eval3ds-n02-a4e0be11,train,True,rodent_no_tail_collisions.xml,0.02,673,502,1574.834434701996,653.2974776936421,3.137120387852582,403.6537890044577,4.036537890044576,0.7072808320950965,0.07251738392617219,1.453574707734087,39.64093676372303,0.018362975013263214,7.457588387250287,0.10935917048123564,0.05520519342021202,0.052351124225398275
expfm,explicit,7c6xmp09,RodentForwardModel_delay9_eff9-20260811-173842,failed,9,9,42,600000000,600064000.0,ef060b73,rodent_no_tail_collisions.xml,reference_root,NVIDIA A100-SXM4-80GB,0.02,eval3ds-n02-a4e0be11,old_eval,True,rodent_no_tail_collisions.xml,0.02,169,502,1476.5760993731799,668.0586059204046,2.9413866521378087,389.43195266272187,3.894319526627219,0.650887573964497,0.0896465797550673,1.4846573810938797,40.12111190252413,0.020422317198665954,8.326807778354166,0.11786297702551744,0.05942243224439369,0.05526131783542806
expfm,explicit,7c6xmp09,RodentForwardModel_delay9_eff9-20260811-173842,failed,9,9,42,600000000,600064000.0,ef060b73,rodent_no_tail_collisions.xml,reference_root,NVIDIA A100-SXM4-80GB,0.02,eval3ds-n02-a4e0be11,new_eval,True,rodent_no_tail_collisions.xml,0.02,32,3002,4413.508729457855,3347.58097086802,1.470189450185828,1117.3125,11.173125,0.03125,0.08670358561279856,1.3817563079035546,17.153964916393956,0.016915969756070355,9.053070979100323,0.10081356274619362,0.05156893341792887,0.056441901410239206
expfm,explicit,7c6xmp09,RodentForwardModel_delay9_eff9-20260811-173842,failed,9,9,42,600000000,600064000.0,ef060b73,rodent_no_tail_collisions.xml,reference_root,NVIDIA A100-SXM4-80GB,0.05,eval3ds-n05-7c60cd50,train,True,rodent_no_tail_collisions.xml,0.05,673,502,428.69844652037034,330.04794681973095,0.8539809691640844,161.1664190193165,1.611664190193165,0.06686478454680533,0.5789886138385655,1.5989988044440067,44.48895058126243,0.03760973531622412,20.452588564300573,0.20515777910268967,0.10652671996275773,0.18788806718860443
expfm,explicit,7c6xmp09,RodentForwardModel_delay9_eff9-20260811-173842,failed,9,9,42,600000000,600064000.0,ef060b73,rodent_no_tail_collisions.xml,reference_root,NVIDIA A100-SXM4-80GB,0.05,eval3ds-n05-7c60cd50,old_eval,True,rodent_no_tail_collisions.xml,0.05,169,502,428.54347703019545,335.78770690871613,0.8536722650003893,163.28402366863907,1.6328402366863908,0.08875739644970415,0.5580721145134987,1.5993742502339185,44.471797350693365,0.037655741975812666,20.32286952825576,0.20806679491510216,0.1079376783686986,0.18640485584289673
expfm,explicit,7c6xmp09,RodentForwardModel_delay9_eff9-20260811-173842,failed,9,9,42,600000000,600064000.0,ef060b73,rodent_no_tail_collisions.xml,reference_root,NVIDIA A100-SXM4-80GB,0.05,eval3ds-n05-7c60cd50,new_eval,True,rodent_no_tail_collisions.xml,0.05,32,3002,512.6343936920166,580.2909085418025,0.1707642883717577,189.1875,1.8918750000000002,0.0,0.5285761480013214,1.498846883872255,22.338100178098287,0.03627063584657199,20.841036026378973,0.18742186599882202,0.09832549238713786,0.18856168854532285
expfm,explicit,7c6xmp09,RodentForwardModel_delay9_eff9-20260811-173842,failed,9,9,42,600000000,600064000.0,ef060b73,rodent_no_tail_collisions.xml,reference_root,NVIDIA A100-SXM4-80GB,0.1,eval3ds-n10-2726ab9c,train,True,rodent_no_tail_collisions.xml,0.1,673,502,116.17946324057955,95.71324086008275,0.23143319370633378,48.053491827637444,0.4805349182763744,0.005943536404160454,2.068645640074212,1.4826236515671556,55.10639621041893,0.04551767914290837,24.248849722872986,0.18597356526854653,0.0995887746322907,0.4971883862166437
expfm,explicit,7c6xmp09,RodentForwardModel_delay9_eff9-20260811-173842,failed,9,9,42,600000000,600064000.0,ef060b73,rodent_no_tail_collisions.xml,reference_root,NVIDIA A100-SXM4-80GB,0.1,eval3ds-n10-2726ab9c,old_eval,True,rodent_no_tail_collisions.xml,0.1,169,502,121.321620275283,97.70148513698257,0.24167653441291434,51.69822485207101,0.5169822485207101,0.00591715976331364,1.9228568158406776,1.5233865206255757,54.930566056914785,0.045963132345509486,24.36869674953101,0.1965207007528949,0.10446126632972667,0.49970313681847983
expfm,explicit,7c6xmp09,RodentForwardModel_delay9_eff9-20260811-173842,failed,9,9,42,600000000,600064000.0,ef060b73,rodent_no_tail_collisions.xml,reference_root,NVIDIA A100-SXM4-80GB,0.1,eval3ds-n10-2726ab9c,new_eval,True,rodent_no_tail_collisions.xml,0.1,32,3002,166.24410736560822,195.14274906045347,0.05537778393258102,72.34375,0.7234375000000001,0.0,1.3822894168466522,1.5510749048067207,29.615366274373574,0.04438256218013758,25.421237787698196,0.17622323370818394,0.09379383904419526,0.4968747884962132
expfm,explicit,7c6xmp09,RodentForwardModel_delay9_eff9-20260811-173842,failed,9,9,42,600000000,600064000.0,ef060b73,rodent_no_tail_collisions.xml,reference_root,NVIDIA A100-SXM4-80GB,0.25,eval3ds-n25-da25f356,train,True,rodent_no_tail_collisions.xml,0.25,673,502,35.93721175937738,17.875550731585527,0.07158807123381948,17.213967310549776,0.17213967310549777,0.0,5.809236081139405,1.5968148890331295,77.74274396839522,0.055293494525487694,28.596162929612316,0.16461678226638785,0.09168095170597558,1.6652931289185111
expfm,explicit,7c6xmp09,RodentForwardModel_delay9_eff9-20260811-173842,failed,9,9,42,600000000,600064000.0,ef060b73,rodent_no_tail_collisions.xml,reference_root,NVIDIA A100-SXM4-80GB,0.25,eval3ds-n25-da25f356,old_eval,True,rodent_no_tail_collisions.xml,0.25,169,502,35.787106643767046,16.945971659819204,0.0712890570592969,16.875739644970412,0.16875739644970417,0.0,5.925666199158484,1.5849780281856665,79.12615515834102,0.05418649162230422,27.29765939665186,0.1636339746659861,0.09096326376896274,1.6944736594979277
expfm,explicit,7c6xmp09,RodentForwardModel_delay9_eff9-20260811-173842,failed,9,9,42,600000000,600064000.0,ef060b73,rodent_no_tail_collisions.xml,reference_root,NVIDIA A100-SXM4-80GB,0.25,eval3ds-n25-da25f356,new_eval,True,rodent_no_tail_collisions.xml,0.25,32,3002,43.528541564941406,18.803152050617754,0.01449984729012039,21.78125,0.2178125,0.0,4.591104734576757,1.6274405988397336,47.61589843506273,0.05115577885403415,28.477191547242857,0.15504123109400567,0.08719681700003039,1.7037968974103863
expfm,explicit,co9cu5aw,RodentForwardModel_delay3_eff3-20260811-163204,failed,3,3,42,600000000,600064000.0,ef060b73,rodent_no_tail_collisions.xml,reference_root,NVIDIA A100-SXM4-80GB,0.0,eval3ds-n00-6a6b8d4e,train,True,rodent_no_tail_collisions.xml,0.0,673,502,2093.638420751155,185.8664768041939,4.17059446364772,485.11292719167903,4.851129271916791,0.9821693907875185,0.003675558455162791,1.2932901256957308,37.05789363863971,0.007608769758494043,2.9885193795545013,0.052043158494331755,0.025735956789477484,0.009991045233072635
expfm,explicit,co9cu5aw,RodentForwardModel_delay3_eff3-20260811-163204,failed,3,3,42,600000000,600064000.0,ef060b73,rodent_no_tail_collisions.xml,reference_root,NVIDIA A100-SXM4-80GB,0.0,eval3ds-n00-6a6b8d4e,old_eval,True,rodent_no_tail_collisions.xml,0.0,169,502,2072.470381155522,207.9609645997916,4.128427054094665,484.0177514792899,4.8401775147929,0.9822485207100592,0.003667526497878943,1.3136575517618159,37.883108730111225,0.007983343279631731,3.253696400162202,0.055252370438226506,0.027608104878067728,0.010327372751241992
expfm,explicit,co9cu5aw,RodentForwardModel_delay3_eff3-20260811-163204,failed,3,3,42,600000000,600064000.0,ef060b73,rodent_no_tail_collisions.xml,reference_root,NVIDIA A100-SXM4-80GB,0.0,eval3ds-n00-6a6b8d4e,new_eval,True,rodent_no_tail_collisions.xml,0.0,32,3002,9384.922246932983,3921.899172633573,3.1262232667997947,2284.15625,22.841562500000002,0.46875,0.02325804112568919,1.41660372810385,13.857357379114497,0.009609802298513477,4.216216857636628,0.06598719394362629,0.03391767572296791,0.036209530519804405
expfm,explicit,co9cu5aw,RodentForwardModel_delay3_eff3-20260811-163204,failed,3,3,42,600000000,600064000.0,ef060b73,rodent_no_tail_collisions.xml,reference_root,NVIDIA A100-SXM4-80GB,0.02,eval3ds-n02-a4e0be11,train,True,rodent_no_tail_collisions.xml,0.02,673,502,2078.588866189897,190.77384862741985,4.140615271294616,485.2377414561664,4.852377414561664,0.9851411589895989,0.003062177514430501,1.2866393940905705,37.78480245523156,0.009071656695757243,3.8517793763401027,0.05292465238874969,0.026396307563461036,0.020628991152708106
expfm,explicit,co9cu5aw,RodentForwardModel_delay3_eff3-20260811-163204,failed,3,3,42,600000000,600064000.0,ef060b73,rodent_no_tail_collisions.xml,reference_root,NVIDIA A100-SXM4-80GB,0.02,eval3ds-n02-a4e0be11,old_eval,True,rodent_no_tail_collisions.xml,0.02,169,502,2062.635322345079,184.93626537943058,4.108835303476253,485.0295857988166,4.850295857988166,0.9881656804733728,0.002439917042820534,1.3079652604682823,38.48974751985333,0.009224479124488824,3.933168096604266,0.055328131745556085,0.02789925951560441,0.020787544998004098
expfm,explicit,co9cu5aw,RodentForwardModel_delay3_eff3-20260811-163204,failed,3,3,42,600000000,600064000.0,ef060b73,rodent_no_tail_collisions.xml,reference_root,NVIDIA A100-SXM4-80GB,0.02,eval3ds-n02-a4e0be11,new_eval,True,rodent_no_tail_collisions.xml,0.02,32,3002,9893.784086227417,3947.0831660755885,3.2957308748259218,2401.5,24.015,0.5625,0.018217780553820527,1.38710147761229,15.874084267748104,0.010247034660484215,4.714114191972005,0.06329217232646382,0.03248818806021661,0.04475784934300121
expfm,explicit,co9cu5aw,RodentForwardModel_delay3_eff3-20260811-163204,failed,3,3,42,600000000,600064000.0,ef060b73,rodent_no_tail_collisions.xml,reference_root,NVIDIA A100-SXM4-80GB,0.05,eval3ds-n05-7c60cd50,train,True,rodent_no_tail_collisions.xml,0.05,673,502,1414.9580337275013,581.741168203003,2.8186415014492057,393.8306092124814,3.9383060921248148,0.6047548291233285,0.1003591802239594,1.4525350694641357,42.192720535769695,0.02259108931955281,11.508100382737755,0.11864008333307215,0.062016695761446965,0.08954976206327221
expfm,explicit,co9cu5aw,RodentForwardModel_delay3_eff3-20260811-163204,failed,3,3,42,600000000,600064000.0,ef060b73,rodent_no_tail_collisions.xml,reference_root,NVIDIA A100-SXM4-80GB,0.05,eval3ds-n05-7c60cd50,old_eval,True,rodent_no_tail_collisions.xml,0.05,169,502,1295.7215835300424,616.2653808835055,2.581118692290921,364.7810650887574,3.6478106508875743,0.5207100591715976,0.13139112379963663,1.46520661321605,42.516852313465215,0.0237637372078704,12.128744795647885,0.127682236001878,0.06699202863563833,0.09065050063040335
expfm,explicit,co9cu5aw,RodentForwardModel_delay3_eff3-20260811-163204,failed,3,3,42,600000000,600064000.0,ef060b73,rodent_no_tail_collisions.xml,reference_root,NVIDIA A100-SXM4-80GB,0.05,eval3ds-n05-7c60cd50,new_eval,True,rodent_no_tail_collisions.xml,0.05,32,3002,6157.528064727783,3968.1547173140343,2.0511419269579556,1655.6875,16.556874999999998,0.15625,0.05096070363519686,1.4042892541330532,22.257297951617918,0.018909968647276426,9.783348356366725,0.09641811758477263,0.050981200206196044,0.09821656873011164
expfm,explicit,co9cu5aw,RodentForwardModel_delay3_eff3-20260811-163204,failed,3,3,42,600000000,600064000.0,ef060b73,rodent_no_tail_collisions.xml,reference_root,NVIDIA A100-SXM4-80GB,0.1,eval3ds-n10-2726ab9c,train,True,rodent_no_tail_collisions.xml,0.1,673,502,183.0139291658444,111.56960700532638,0.3645695800116422,74.38484398216939,0.7438484398216939,0.0014858841010401136,1.342362317972074,1.5329776879315553,51.516587735298174,0.042610741485989936,23.914381951645435,0.19803136114128445,0.10867507538591105,0.3333022731499946
expfm,explicit,co9cu5aw,RodentForwardModel_delay3_eff3-20260811-163204,failed,3,3,42,600000000,600064000.0,ef060b73,rodent_no_tail_collisions.xml,reference_root,NVIDIA A100-SXM4-80GB,0.1,eval3ds-n10-2726ab9c,old_eval,True,rodent_no_tail_collisions.xml,0.1,169,502,165.5108839407475,91.89905280699516,0.32970295605726596,66.94674556213018,0.6694674556213018,0.0,1.4937245890047728,1.5030509658720956,52.1665799282023,0.042599923823804446,24.227643831430164,0.19746512590302995,0.10740488207973017,0.33489963232283365
expfm,explicit,co9cu5aw,RodentForwardModel_delay3_eff3-20260811-163204,failed,3,3,42,600000000,600064000.0,ef060b73,rodent_no_tail_collisions.xml,reference_root,NVIDIA A100-SXM4-80GB,0.1,eval3ds-n10-2726ab9c,new_eval,True,rodent_no_tail_collisions.xml,0.1,32,3002,226.56414532661438,112.98886140589117,0.07547106773038453,86.53125,0.8653124999999999,0.0,1.155651859877212,1.438986625774315,32.14726015633843,0.040322112259092505,22.013455092176958,0.17532244534634445,0.09604914085255364,0.33973139174121497
expfm,explicit,co9cu5aw,RodentForwardModel_delay3_eff3-20260811-163204,failed,3,3,42,600000000,600064000.0,ef060b73,rodent_no_tail_collisions.xml,reference_root,NVIDIA A100-SXM4-80GB,0.25,eval3ds-n25-da25f356,train,True,rodent_no_tail_collisions.xml,0.25,673,502,37.06511458953812,16.345517278029178,0.07383488962059387,17.632986627043092,0.17632986627043093,0.0,5.671189011544619,1.5403475761707814,80.06821267153127,0.05424740134800082,28.48687085436686,0.17083438008978943,0.09739056588542952,1.6402639115492936
expfm,explicit,co9cu5aw,RodentForwardModel_delay3_eff3-20260811-163204,failed,3,3,42,600000000,600064000.0,ef060b73,rodent_no_tail_collisions.xml,reference_root,NVIDIA A100-SXM4-80GB,0.25,eval3ds-n25-da25f356,old_eval,True,rodent_no_tail_collisions.xml,0.25,169,502,36.3301070230247,16.23186570375358,0.07237073112156316,17.059171597633135,0.17059171597633135,0.0,5.861949358307319,1.5179161700074175,81.53042191568152,0.05379909554997336,27.88862185979931,0.1660732341802623,0.09399181366900823,1.7006947060604882
expfm,explicit,co9cu5aw,RodentForwardModel_delay3_eff3-20260811-163204,failed,3,3,42,600000000,600064000.0,ef060b73,rodent_no_tail_collisions.xml,reference_root,NVIDIA A100-SXM4-80GB,0.25,eval3ds-n25-da25f356,new_eval,True,rodent_no_tail_collisions.xml,0.25,32,3002,43.41722422838211,16.51396212004049,0.014462766231972722,21.5625,0.21562499999999998,0.0,4.63768115942029,1.5873260313949407,54.490270884427694,0.049326619001885064,28.74865886085759,0.16458090756536425,0.09424598809330932,1.7860316981835822
expfm,explicit,czsyqfjy,RodentForwardModel_delay70_eff70-20260811-180332,failed,70,70,42,600000000,600064000.0,ef060b73,rodent_no_tail_collisions.xml,reference_root,NVIDIA A100-SXM4-80GB,0.0,eval3ds-n00-6a6b8d4e,train,True,rodent_no_tail_collisions.xml,0.0,673,502,1306.6675965307727,605.9363218188543,2.6029234990652843,379.4145616641902,3.794145616641902,0.6181277860326895,0.10064774854511134,1.935116187612369,39.11307593204407,0.021862801743138927,9.11924542852606,0.1451528816549922,0.07127595309880516,0.09457897196713708
expfm,explicit,czsyqfjy,RodentForwardModel_delay70_eff70-20260811-180332,failed,70,70,42,600000000,600064000.0,ef060b73,rodent_no_tail_collisions.xml,reference_root,NVIDIA A100-SXM4-80GB,0.0,eval3ds-n00-6a6b8d4e,old_eval,True,rodent_no_tail_collisions.xml,0.0,169,502,1209.6962789501665,639.1421336028692,2.409753543725431,359.20118343195264,3.592011834319526,0.5443786982248521,0.1268429289185405,1.926692077274719,40.083901681563574,0.024001518531607414,10.515578806670208,0.15616429974115603,0.07666607009768324,0.09830691535094452
expfm,explicit,czsyqfjy,RodentForwardModel_delay70_eff70-20260811-180332,failed,70,70,42,600000000,600064000.0,ef060b73,rodent_no_tail_collisions.xml,reference_root,NVIDIA A100-SXM4-80GB,0.0,eval3ds-n00-6a6b8d4e,new_eval,True,rodent_no_tail_collisions.xml,0.0,32,3002,3095.2211952209473,2522.3381111265026,1.031053029720502,916.3125,9.163125,0.0,0.10913307414228224,1.837612096141729,15.11162343284103,0.02117406147745557,11.546632929167313,0.14905477310089105,0.07481858872739525,0.11003140977494702
expfm,explicit,czsyqfjy,RodentForwardModel_delay70_eff70-20260811-180332,failed,70,70,42,600000000,600064000.0,ef060b73,rodent_no_tail_collisions.xml,reference_root,NVIDIA A100-SXM4-80GB,0.02,eval3ds-n02-a4e0be11,train,True,rodent_no_tail_collisions.xml,0.02,673,502,957.6225612691395,548.3182303169838,1.907614663882748,316.7726597325409,3.1677265973254087,0.4219910846953938,0.18246805636339755,1.9304070932642965,40.06824365734241,0.027549581023175805,15.402601628203179,0.18582353205568194,0.09305214008414578,0.14135050509874847
expfm,explicit,czsyqfjy,RodentForwardModel_delay70_eff70-20260811-180332,failed,70,70,42,600000000,600064000.0,ef060b73,rodent_no_tail_collisions.xml,reference_root,NVIDIA A100-SXM4-80GB,0.02,eval3ds-n02-a4e0be11,old_eval,True,rodent_no_tail_collisions.xml,0.02,169,502,904.594987000234,540.6987827047262,1.8019820458171993,306.7692307692308,3.067692307692308,0.3905325443786982,0.19867294190263093,1.922778958698374,40.04854212308252,0.029058739383225986,15.889632917691186,0.18975552322530276,0.09569506776154559,0.14360929937843853
expfm,explicit,czsyqfjy,RodentForwardModel_delay70_eff70-20260811-180332,failed,70,70,42,600000000,600064000.0,ef060b73,rodent_no_tail_collisions.xml,reference_root,NVIDIA A100-SXM4-80GB,0.02,eval3ds-n02-a4e0be11,new_eval,True,rodent_no_tail_collisions.xml,0.02,32,3002,2314.970854282379,2183.6734904749987,0.7711428561899997,839.1875,8.391875,0.0625,0.11171520071497727,1.9332442317878686,15.87172627969863,0.026519715488267058,17.69497374556254,0.19044119235285845,0.09908901784436575,0.15343750532218187
expfm,explicit,czsyqfjy,RodentForwardModel_delay70_eff70-20260811-180332,failed,70,70,42,600000000,600064000.0,ef060b73,rodent_no_tail_collisions.xml,reference_root,NVIDIA A100-SXM4-80GB,0.05,eval3ds-n05-7c60cd50,train,True,rodent_no_tail_collisions.xml,0.05,673,502,350.1761034473799,260.2977089022593,0.6975619590585257,145.05497771173847,1.450549777117385,0.043090638930163405,0.6596873655528467,1.8425021326421667,44.32127152195232,0.036299797864585474,22.88177207022919,0.22234441876544742,0.11651171548308227,0.29167041353102086
expfm,explicit,czsyqfjy,RodentForwardModel_delay70_eff70-20260811-180332,failed,70,70,42,600000000,600064000.0,ef060b73,rodent_no_tail_collisions.xml,reference_root,NVIDIA A100-SXM4-80GB,0.05,eval3ds-n05-7c60cd50,old_eval,True,rodent_no_tail_collisions.xml,0.05,169,502,336.48726360614484,246.42267290403194,0.6702933537971013,139.72781065088756,1.3972781065088757,0.029585798816568087,0.6945032607775048,1.8479485863092013,43.9788558064306,0.03647935771161851,22.414875557535375,0.21986668882315785,0.11597682352239885,0.2948966881904107
expfm,explicit,czsyqfjy,RodentForwardModel_delay70_eff70-20260811-180332,failed,70,70,42,600000000,600064000.0,ef060b73,rodent_no_tail_collisions.xml,reference_root,NVIDIA A100-SXM4-80GB,0.05,eval3ds-n05-7c60cd50,new_eval,True,rodent_no_tail_collisions.xml,0.05,32,3002,486.44419836997986,385.8545495393633,0.16204003943037304,195.53125,1.9553125,0.0,0.5114272015342816,1.7972178696559524,21.473545197558877,0.03455093260325534,21.402995869897588,0.20246086616550446,0.10779100886537812,0.309999659663668
expfm,explicit,czsyqfjy,RodentForwardModel_delay70_eff70-20260811-180332,failed,70,70,42,600000000,600064000.0,ef060b73,rodent_no_tail_collisions.xml,reference_root,NVIDIA A100-SXM4-80GB,0.1,eval3ds-n10-2726ab9c,train,True,rodent_no_tail_collisions.xml,0.1,673,502,119.15735309085024,69.62366338401574,0.23736524520089688,51.205052005943536,0.5120505200594354,0.0,1.9529323002814774,1.6990379216744176,53.63081649728083,0.043225107367035324,25.307338564912765,0.20104703584493094,0.10894278649759423,0.5806150815872065
expfm,explicit,czsyqfjy,RodentForwardModel_delay70_eff70-20260811-180332,failed,70,70,42,600000000,600064000.0,ef060b73,rodent_no_tail_collisions.xml,reference_root,NVIDIA A100-SXM4-80GB,0.1,eval3ds-n10-2726ab9c,old_eval,True,rodent_no_tail_collisions.xml,0.1,169,502,125.58683173049836,71.9074914089249,0.2501729715746979,55.96449704142012,0.5596449704142012,0.0,1.7868471135546624,1.7587541210463826,53.17333544322855,0.04374454633182052,26.029116517740736,0.21492756393133616,0.11662484635253151,0.5852271263049023
expfm,explicit,czsyqfjy,RodentForwardModel_delay70_eff70-20260811-180332,failed,70,70,42,600000000,600064000.0,ef060b73,rodent_no_tail_collisions.xml,reference_root,NVIDIA A100-SXM4-80GB,0.1,eval3ds-n10-2726ab9c,new_eval,True,rodent_no_tail_collisions.xml,0.1,32,3002,123.69804096221924,64.63331239752162,0.04120521018061933,52.71875,0.5271875,0.0,1.896858328393598,1.613427184110095,29.952165156901387,0.04308849811541905,25.55076398138979,0.17626541266436951,0.09452190272749363,0.6654427872209573
expfm,explicit,czsyqfjy,RodentForwardModel_delay70_eff70-20260811-180332,failed,70,70,42,600000000,600064000.0,ef060b73,rodent_no_tail_collisions.xml,reference_root,NVIDIA A100-SXM4-80GB,0.25,eval3ds-n25-da25f356,train,True,rodent_no_tail_collisions.xml,0.25,673,502,38.07779736540115,19.497948852382013,0.07585218598685489,18.39970282317979,0.1839970282317979,0.0,5.434870386820642,1.6561793564614808,76.99320156589343,0.05419077220872006,28.663172519499412,0.17103865485134437,0.09563909412881129,1.5823970197162354
expfm,explicit,czsyqfjy,RodentForwardModel_delay70_eff70-20260811-180332,failed,70,70,42,600000000,600064000.0,ef060b73,rodent_no_tail_collisions.xml,reference_root,NVIDIA A100-SXM4-80GB,0.25,eval3ds-n25-da25f356,old_eval,True,rodent_no_tail_collisions.xml,0.25,169,502,37.247024835214106,17.255552915544754,0.07419726062791654,17.828402366863905,0.17828402366863907,0.0,5.609027547295054,1.6479672533612106,77.98514944431916,0.05268648699490039,28.472204786376366,0.17266039331988084,0.09626697658604633,1.6213642190368598
expfm,explicit,czsyqfjy,RodentForwardModel_delay70_eff70-20260811-180332,failed,70,70,42,600000000,600064000.0,ef060b73,rodent_no_tail_collisions.xml,reference_root,NVIDIA A100-SXM4-80GB,0.25,eval3ds-n25-da25f356,new_eval,True,rodent_no_tail_collisions.xml,0.25,32,3002,46.0810883641243,23.347496400188447,0.015350129368462457,23.40625,0.2340625,0.0,4.2723631508678235,1.6741937437598764,48.46312242948635,0.05156474420195145,27.776634163221466,0.164914148985991,0.09206387967266726,1.7057481448117104
expfm,explicit,eq25n7dm,RodentForwardModel_delay4_eff4-20260811-173716,failed,4,4,42,600000000,600064000.0,ef060b73,rodent_no_tail_collisions.xml,reference_root,NVIDIA A100-SXM4-80GB,0.0,eval3ds-n00-6a6b8d4e,train,True,rodent_no_tail_collisions.xml,0.0,673,502,2086.844102403207,172.64046411854832,4.157059964946628,485.57206537890045,4.855720653789005,0.9821693907875185,0.0036720829890755625,1.3058949602879266,37.185560433305156,0.007936678818348338,3.112692660117844,0.05374889282851399,0.026219847152122916,0.013284512007893837
expfm,explicit,eq25n7dm,RodentForwardModel_delay4_eff4-20260811-173716,failed,4,4,42,600000000,600064000.0,ef060b73,rodent_no_tail_collisions.xml,reference_root,NVIDIA A100-SXM4-80GB,0.0,eval3ds-n00-6a6b8d4e,old_eval,True,rodent_no_tail_collisions.xml,0.0,169,502,2029.8318423209105,325.1595793764454,4.043489725738866,475.4378698224852,4.754378698224852,0.9526627218934911,0.009956564487423618,1.3263868751853156,37.976083784883286,0.008753443637870784,3.4844003405119897,0.05865016481078312,0.028789868454519748,0.014632861508393028
expfm,explicit,eq25n7dm,RodentForwardModel_delay4_eff4-20260811-173716,failed,4,4,42,600000000,600064000.0,ef060b73,rodent_no_tail_collisions.xml,reference_root,NVIDIA A100-SXM4-80GB,0.0,eval3ds-n00-6a6b8d4e,new_eval,True,rodent_no_tail_collisions.xml,0.0,32,3002,6629.867184638977,3565.1553620937775,2.208483405942364,1640.8125,16.408125,0.125,0.05332723879175714,1.3575694704041634,14.888898512752007,0.009944435650917571,5.237867669193998,0.07279249848249277,0.03615043523554723,0.03761112994298753
expfm,explicit,eq25n7dm,RodentForwardModel_delay4_eff4-20260811-173716,failed,4,4,42,600000000,600064000.0,ef060b73,rodent_no_tail_collisions.xml,reference_root,NVIDIA A100-SXM4-80GB,0.02,eval3ds-n02-a4e0be11,train,True,rodent_no_tail_collisions.xml,0.02,673,502,2041.4517016474595,265.2545938019821,4.066636855871433,479.518573551263,4.79518573551263,0.9613670133729569,0.008056619442481929,1.3015528170733703,38.02393856901374,0.009828024593960689,4.125502399825367,0.05635337775508771,0.02794284379412165,0.0264126086350363
expfm,explicit,eq25n7dm,RodentForwardModel_delay4_eff4-20260811-173716,failed,4,4,42,600000000,600064000.0,ef060b73,rodent_no_tail_collisions.xml,reference_root,NVIDIA A100-SXM4-80GB,0.02,eval3ds-n02-a4e0be11,old_eval,True,rodent_no_tail_collisions.xml,0.02,169,502,1983.3543129193006,381.3703654984183,3.95090500581534,469.5917159763314,4.695917159763313,0.9289940828402367,0.015120777207948495,1.3259700942651456,38.543029102661954,0.010650421761315323,4.510300738579313,0.062212184194936036,0.030966984461827402,0.02818250922764641
expfm,explicit,eq25n7dm,RodentForwardModel_delay4_eff4-20260811-173716,failed,4,4,42,600000000,600064000.0,ef060b73,rodent_no_tail_collisions.xml,reference_root,NVIDIA A100-SXM4-80GB,0.02,eval3ds-n02-a4e0be11,new_eval,True,rodent_no_tail_collisions.xml,0.02,32,3002,8514.237409591675,3624.408318097053,2.836188344301024,2123.15625,21.231562500000003,0.40625,0.02796544060287602,1.3657051611864213,15.62629337031484,0.011687922311066596,6.0805821092454035,0.07360099605295109,0.03744962075695402,0.048769192839001135
expfm,explicit,eq25n7dm,RodentForwardModel_delay4_eff4-20260811-173716,failed,4,4,42,600000000,600064000.0,ef060b73,rodent_no_tail_collisions.xml,reference_root,NVIDIA A100-SXM4-80GB,0.05,eval3ds-n05-7c60cd50,train,True,rodent_no_tail_collisions.xml,0.05,673,502,1042.894092746865,585.166590651038,2.0774782724041136,313.7815750371471,3.137815750371471,0.35215453194650814,0.20646383331360246,1.5061261419546115,42.85107455385725,0.027570365912497768,14.340758590796838,0.14624058549047186,0.07575967804511921,0.11235287104792983
expfm,explicit,eq25n7dm,RodentForwardModel_delay4_eff4-20260811-173716,failed,4,4,42,600000000,600064000.0,ef060b73,rodent_no_tail_collisions.xml,reference_root,NVIDIA A100-SXM4-80GB,0.05,eval3ds-n05-7c60cd50,old_eval,True,rodent_no_tail_collisions.xml,0.05,169,502,1015.6344813059068,572.0130414184346,2.0231762575814876,316.29585798816566,3.1629585798816566,0.3668639053254438,0.20017211059976803,1.5759710265528366,42.57289620085996,0.029890964038486123,15.464285316241726,0.16379219208742335,0.0857475419950267,0.1136871688475032
expfm,explicit,eq25n7dm,RodentForwardModel_delay4_eff4-20260811-173716,failed,4,4,42,600000000,600064000.0,ef060b73,rodent_no_tail_collisions.xml,reference_root,NVIDIA A100-SXM4-80GB,0.05,eval3ds-n05-7c60cd50,new_eval,True,rodent_no_tail_collisions.xml,0.05,32,3002,2364.706121444702,2039.3018598527217,0.787710233659128,718.3125,7.183125,0.0,0.1392151744540155,1.4703501352385622,21.366851236958112,0.026895538808549457,14.130279640903389,0.14011811380412964,0.07545787757650366,0.11274957203413785
expfm,explicit,eq25n7dm,RodentForwardModel_delay4_eff4-20260811-173716,failed,4,4,42,600000000,600064000.0,ef060b73,rodent_no_tail_collisions.xml,reference_root,NVIDIA A100-SXM4-80GB,0.1,eval3ds-n10-2726ab9c,train,True,rodent_no_tail_collisions.xml,0.1,673,502,142.21816637399115,87.10424717281822,0.2833031202669146,58.190193164933135,0.5819019316493313,0.0014858841010401136,1.7159491343649456,1.5026011453845334,52.93465592636147,0.04471860260952904,24.53080307849135,0.19668623642908303,0.1067711197559289,0.37347374324667504
expfm,explicit,eq25n7dm,RodentForwardModel_delay4_eff4-20260811-173716,failed,4,4,42,600000000,600064000.0,ef060b73,rodent_no_tail_collisions.xml,reference_root,NVIDIA A100-SXM4-80GB,0.1,eval3ds-n10-2726ab9c,old_eval,True,rodent_no_tail_collisions.xml,0.1,169,502,140.83516924480008,83.60094369466829,0.28054814590597627,57.18343195266272,0.5718343195266271,0.0,1.7487582781456956,1.4881986144795358,53.38386965190461,0.04458008453115916,24.335301277632375,0.19438884351832147,0.10456850303436116,0.3844014938947733
expfm,explicit,eq25n7dm,RodentForwardModel_delay4_eff4-20260811-173716,failed,4,4,42,600000000,600064000.0,ef060b73,rodent_no_tail_collisions.xml,reference_root,NVIDIA A100-SXM4-80GB,0.1,eval3ds-n10-2726ab9c,new_eval,True,rodent_no_tail_collisions.xml,0.1,32,3002,163.78876662254333,73.28512399627583,0.05455988228599045,64.03125,0.6403125000000001,0.0,1.5617374328940945,1.4405934054668712,31.680055964087973,0.04272556851281209,23.85185762336223,0.17401631171549006,0.09455761511197111,0.38218131853710735
expfm,explicit,eq25n7dm,RodentForwardModel_delay4_eff4-20260811-173716,failed,4,4,42,600000000,600064000.0,ef060b73,rodent_no_tail_collisions.xml,reference_root,NVIDIA A100-SXM4-80GB,0.25,eval3ds-n25-da25f356,train,True,rodent_no_tail_collisions.xml,0.25,673,502,35.870367437025415,16.30488941703172,0.07145491521319804,17.194650817236255,0.17194650817236257,0.0,5.815762184583477,1.5649950950928624,79.08306330752096,0.054886649179005015,28.46433828387347,0.1667889092998575,0.09408543561049115,1.6388026398571158
expfm,explicit,eq25n7dm,RodentForwardModel_delay4_eff4-20260811-173716,failed,4,4,42,600000000,600064000.0,ef060b73,rodent_no_tail_collisions.xml,reference_root,NVIDIA A100-SXM4-80GB,0.25,eval3ds-n25-da25f356,old_eval,True,rodent_no_tail_collisions.xml,0.25,169,502,34.02705090426834,13.705246717206302,0.0677829699288214,15.224852071005918,0.15224852071005918,0.0,6.568208317139526,1.5079223115835096,80.90792860422248,0.05423910752259845,27.302924434980525,0.1593320611624124,0.08953243523215089,1.6620632485877835
expfm,explicit,eq25n7dm,RodentForwardModel_delay4_eff4-20260811-173716,failed,4,4,42,600000000,600064000.0,ef060b73,rodent_no_tail_collisions.xml,reference_root,NVIDIA A100-SXM4-80GB,0.25,eval3ds-n25-da25f356,new_eval,True,rodent_no_tail_collisions.xml,0.25,32,3002,42.74989491701126,15.41591842213034,0.01424047132478723,21.21875,0.2121875,0.0,4.712812960235641,1.5752215119234019,51.325429041414424,0.049832540084713176,28.780800300048725,0.15473084990908498,0.08792845614416211,1.7120142552571127
expfm,explicit,f0a0360u,RodentForwardModel_delay100_eff100-20260811-181425,failed,100,100,42,600000000,600064000.0,ef060b73,rodent_no_tail_collisions.xml,reference_root,NVIDIA A100-SXM4-80GB,0.0,eval3ds-n00-6a6b8d4e,train,True,rodent_no_tail_collisions.xml,0.0,673,502,1279.5400510904162,586.6845403770612,2.548884563925132,383.87221396731053,3.8387221396731057,0.6478454680534917,0.0917374373901667,2.1298529081654656,39.08833733851009,0.02360923329046697,9.54981096903665,0.15479783963794533,0.0742554958892414,0.09945275116686163
expfm,explicit,f0a0360u,RodentForwardModel_delay100_eff100-20260811-181425,failed,100,100,42,600000000,600064000.0,ef060b73,rodent_no_tail_collisions.xml,reference_root,NVIDIA A100-SXM4-80GB,0.0,eval3ds-n00-6a6b8d4e,old_eval,True,rodent_no_tail_collisions.xml,0.0,169,502,1222.0142512123966,587.4409794400065,2.434291337076487,379.1065088757396,3.7910650887573967,0.6094674556213018,0.1030139380979881,2.1152707150119214,39.916649264131756,0.02555264866228033,11.526446677373645,0.1687342968735467,0.08131954039045516,0.10472814579959767
expfm,explicit,f0a0360u,RodentForwardModel_delay100_eff100-20260811-181425,failed,100,100,42,600000000,600064000.0,ef060b73,rodent_no_tail_collisions.xml,reference_root,NVIDIA A100-SXM4-80GB,0.0,eval3ds-n00-6a6b8d4e,new_eval,True,rodent_no_tail_collisions.xml,0.0,32,3002,3707.032757997513,3097.5882125574303,1.2348543497659936,1161.40625,11.614062500000001,0.09375,0.07803040495089465,2.138622563913987,14.434473308834473,0.022194700847332067,12.40226479399681,0.16053073341867274,0.07792575761977995,0.11943390250699407
expfm,explicit,f0a0360u,RodentForwardModel_delay100_eff100-20260811-181425,failed,100,100,42,600000000,600064000.0,ef060b73,rodent_no_tail_collisions.xml,reference_root,NVIDIA A100-SXM4-80GB,0.02,eval3ds-n02-a4e0be11,train,True,rodent_no_tail_collisions.xml,0.02,673,502,965.5554987098275,535.3210473404943,1.923417328107226,327.06240713224366,3.270624071322437,0.45913818722139677,0.16536960561166308,2.0791877837135937,40.03184925737865,0.028426971009696052,15.05649846750744,0.1909029348883683,0.0949821464919905,0.14667041854100552
expfm,explicit,f0a0360u,RodentForwardModel_delay100_eff100-20260811-181425,failed,100,100,42,600000000,600064000.0,ef060b73,rodent_no_tail_collisions.xml,reference_root,NVIDIA A100-SXM4-80GB,0.02,eval3ds-n02-a4e0be11,old_eval,True,rodent_no_tail_collisions.xml,0.02,169,502,881.2739666820278,510.2089353446737,1.75552583004388,307.4082840236686,3.074082840236686,0.41420118343195267,0.19056051740067756,2.038828018624926,40.17774848009439,0.029814460435554413,16.223592772982904,0.19798043564088597,0.09913353242127618,0.14859736403984322
expfm,explicit,f0a0360u,RodentForwardModel_delay100_eff100-20260811-181425,failed,100,100,42,600000000,600064000.0,ef060b73,rodent_no_tail_collisions.xml,reference_root,NVIDIA A100-SXM4-80GB,0.02,eval3ds-n02-a4e0be11,new_eval,True,rodent_no_tail_collisions.xml,0.02,32,3002,2112.9746401309967,1924.0742170497235,0.7038556429483667,743.5625,7.435625,0.03125,0.1302849457846516,2.093498295081876,17.159638028953765,0.027769049210956978,16.335681461630273,0.19405242951206758,0.10005296760053213,0.1686744390978197
expfm,explicit,f0a0360u,RodentForwardModel_delay100_eff100-20260811-181425,failed,100,100,42,600000000,600064000.0,ef060b73,rodent_no_tail_collisions.xml,reference_root,NVIDIA A100-SXM4-80GB,0.05,eval3ds-n05-7c60cd50,train,True,rodent_no_tail_collisions.xml,0.05,673,502,375.527282635489,273.0239188729889,0.7480623160069502,159.21693907875186,1.5921693907875185,0.0638930163447251,0.5879443412690265,1.9925365094705116,43.87561167566375,0.03684032807573055,22.62044804267107,0.22985742770029607,0.12100577843562728,0.2946380551835322
expfm,explicit,f0a0360u,RodentForwardModel_delay100_eff100-20260811-181425,failed,100,100,42,600000000,600064000.0,ef060b73,rodent_no_tail_collisions.xml,reference_root,NVIDIA A100-SXM4-80GB,0.05,eval3ds-n05-7c60cd50,old_eval,True,rodent_no_tail_collisions.xml,0.05,169,502,373.74640353050455,282.0910129129488,0.7445147480687342,162.82248520710058,1.6282248520710056,0.08284023668639051,0.5632881491441656,1.9921134699973497,44.13341095107811,0.03631255060497565,23.451866085778956,0.232773057689485,0.12257728629745884,0.29762509924983604
expfm,explicit,f0a0360u,RodentForwardModel_delay100_eff100-20260811-181425,failed,100,100,42,600000000,600064000.0,ef060b73,rodent_no_tail_collisions.xml,reference_root,NVIDIA A100-SXM4-80GB,0.05,eval3ds-n05-7c60cd50,new_eval,True,rodent_no_tail_collisions.xml,0.05,32,3002,487.01845812797546,385.7727816320837,0.1622313318214442,203.34375,2.0334375,0.0,0.49177808513908106,1.9530393390563372,21.713124797631338,0.03307578024452484,21.117327090587345,0.20963112249201393,0.11071176755863843,0.3324562791610889
expfm,explicit,f0a0360u,RodentForwardModel_delay100_eff100-20260811-181425,failed,100,100,42,600000000,600064000.0,ef060b73,rodent_no_tail_collisions.xml,reference_root,NVIDIA A100-SXM4-80GB,0.1,eval3ds-n10-2726ab9c,train,True,rodent_no_tail_collisions.xml,0.1,673,502,131.40885646701037,108.94070221552583,0.26177063041237125,59.52005943536404,0.5952005943536405,0.011887072808320909,1.6601343086102303,1.7820721872493526,53.98506855773627,0.04313333620701758,25.173843143464744,0.20279881585017467,0.11053138345953409,0.5944651441810609
expfm,explicit,f0a0360u,RodentForwardModel_delay100_eff100-20260811-181425,failed,100,100,42,600000000,600064000.0,ef060b73,rodent_no_tail_collisions.xml,reference_root,NVIDIA A100-SXM4-80GB,0.1,eval3ds-n10-2726ab9c,old_eval,True,rodent_no_tail_collisions.xml,0.1,169,502,128.1085538243401,107.39762101096358,0.2551963223592432,57.44378698224852,0.5744378698224852,0.011834319526627168,1.7202307375360528,1.787656501120874,54.754765870488626,0.043314240947542014,24.987746224184555,0.20950020404230008,0.1135418922521895,0.5933928743023645
expfm,explicit,f0a0360u,RodentForwardModel_delay100_eff100-20260811-181425,failed,100,100,42,600000000,600064000.0,ef060b73,rodent_no_tail_collisions.xml,reference_root,NVIDIA A100-SXM4-80GB,0.1,eval3ds-n10-2726ab9c,new_eval,True,rodent_no_tail_collisions.xml,0.1,32,3002,162.28682565689087,116.13821799531868,0.05405956883973713,74.03125,0.7403125,0.0,1.3507809202195018,1.7958740652710579,28.946361080393917,0.03897501080436056,27.116013768923157,0.19339348669843198,0.10422278268140006,0.6116761475550379
expfm,explicit,f0a0360u,RodentForwardModel_delay100_eff100-20260811-181425,failed,100,100,42,600000000,600064000.0,ef060b73,rodent_no_tail_collisions.xml,reference_root,NVIDIA A100-SXM4-80GB,0.25,eval3ds-n25-da25f356,train,True,rodent_no_tail_collisions.xml,0.25,673,502,37.84072474526438,25.295848136658048,0.07537992977144299,18.419019316493312,0.18419019316493315,0.0,5.429170700225879,1.677268489031588,77.72262393806645,0.0546780377345582,28.54045878152835,0.17051698823271078,0.0961424868836125,1.6117681656115466
expfm,explicit,f0a0360u,RodentForwardModel_delay100_eff100-20260811-181425,failed,100,100,42,600000000,600064000.0,ef060b73,rodent_no_tail_collisions.xml,reference_root,NVIDIA A100-SXM4-80GB,0.25,eval3ds-n25-da25f356,old_eval,True,rodent_no_tail_collisions.xml,0.25,169,502,36.68308148581601,16.99690980628897,0.07307386750162552,17.420118343195266,0.17420118343195268,0.0,5.740489130434782,1.6627030891671954,78.88382348003961,0.05301332579791329,28.19627822359568,0.17131678482710963,0.09622333253261853,1.667570110901501
expfm,explicit,f0a0360u,RodentForwardModel_delay100_eff100-20260811-181425,failed,100,100,42,600000000,600064000.0,ef060b73,rodent_no_tail_collisions.xml,reference_root,NVIDIA A100-SXM4-80GB,0.25,eval3ds-n25-da25f356,new_eval,True,rodent_no_tail_collisions.xml,0.25,32,3002,47.50878316164017,23.99388693702137,0.015825710580159948,24.0625,0.24062500000000003,0.0,4.1558441558441555,1.7038738843532042,48.65172221933466,0.050848789517940265,28.99126106063673,0.17016663292986067,0.09607374115546874,1.7499454016525333
expfm,explicit,j2bmags2,RodentForwardModel_delay5_eff5-20260811-173716,failed,5,5,42,600000000,600064000.0,ef060b73,rodent_no_tail_collisions.xml,reference_root,NVIDIA A100-SXM4-80GB,0.0,eval3ds-n00-6a6b8d4e,train,True,rodent_no_tail_collisions.xml,0.0,673,502,2042.1652547714436,251.34859801015114,4.068058276437139,480.59732540861813,4.805973254086181,0.9613670133729569,0.008038535502501215,1.3325005580259903,37.28872370257612,0.008969515579644862,3.143883579081593,0.057899096980839865,0.028757540308688902,0.014323574189539045
expfm,explicit,j2bmags2,RodentForwardModel_delay5_eff5-20260811-173716,failed,5,5,42,600000000,600064000.0,ef060b73,rodent_no_tail_collisions.xml,reference_root,NVIDIA A100-SXM4-80GB,0.0,eval3ds-n00-6a6b8d4e,old_eval,True,rodent_no_tail_collisions.xml,0.0,169,502,2028.323688890807,281.20489503144677,4.040485436037464,479.5621301775148,4.795621301775149,0.9644970414201184,0.007403203119216238,1.3508609622570706,37.66576747418337,0.009620296822118344,3.3508843299179283,0.061131422485223894,0.0306337883658095,0.014631224763898257
expfm,explicit,j2bmags2,RodentForwardModel_delay5_eff5-20260811-173716,failed,5,5,42,600000000,600064000.0,ef060b73,rodent_no_tail_collisions.xml,reference_root,NVIDIA A100-SXM4-80GB,0.0,eval3ds-n00-6a6b8d4e,new_eval,True,rodent_no_tail_collisions.xml,0.0,32,3002,8583.919414520264,3986.013589114709,2.859400204703619,2116.375,21.16375,0.4375,0.02657846553658969,1.376194358249417,14.449980146889793,0.011761139217956768,4.8459725909909785,0.07323379204648395,0.03683224344754395,0.03545539300168307
expfm,explicit,j2bmags2,RodentForwardModel_delay5_eff5-20260811-173716,failed,5,5,42,600000000,600064000.0,ef060b73,rodent_no_tail_collisions.xml,reference_root,NVIDIA A100-SXM4-80GB,0.02,eval3ds-n02-a4e0be11,train,True,rodent_no_tail_collisions.xml,0.02,673,502,2012.2862997749407,258.47341656827984,4.008538445766814,480.7860326894502,4.8078603268945015,0.9687964338781575,0.006490114936845002,1.3337506220671547,37.93817955978155,0.010926875534525116,4.314160340028142,0.06093754276884946,0.03100275840899543,0.029163315198035878
expfm,explicit,j2bmags2,RodentForwardModel_delay5_eff5-20260811-173716,failed,5,5,42,600000000,600064000.0,ef060b73,rodent_no_tail_collisions.xml,reference_root,NVIDIA A100-SXM4-80GB,0.02,eval3ds-n02-a4e0be11,old_eval,True,rodent_no_tail_collisions.xml,0.02,169,502,1960.98712167232,351.0049618362735,3.9063488479528288,472.1834319526627,4.721834319526628,0.9349112426035503,0.013784633892655294,1.3565306636051415,38.79459141786211,0.011887888964037838,4.666980506255491,0.06697960358141598,0.03432707817483269,0.031090428019829024
expfm,explicit,j2bmags2,RodentForwardModel_delay5_eff5-20260811-173716,failed,5,5,42,600000000,600064000.0,ef060b73,rodent_no_tail_collisions.xml,reference_root,NVIDIA A100-SXM4-80GB,0.02,eval3ds-n02-a4e0be11,new_eval,True,rodent_no_tail_collisions.xml,0.02,32,3002,8739.78850364685,3987.6862839240302,2.9113219532467856,2152.15625,21.5215625,0.4375,0.02613657814110848,1.3684599785044074,15.699707754291932,0.013094814410895852,5.398523048205475,0.06984808885821647,0.035872933925613776,0.04741906200773373
expfm,explicit,j2bmags2,RodentForwardModel_delay5_eff5-20260811-173716,failed,5,5,42,600000000,600064000.0,ef060b73,rodent_no_tail_collisions.xml,reference_root,NVIDIA A100-SXM4-80GB,0.05,eval3ds-n05-7c60cd50,train,True,rodent_no_tail_collisions.xml,0.05,673,502,843.2647505274144,543.8919383299335,1.6798102600147697,265.9138187221397,2.6591381872213966,0.21545319465081725,0.2950379973178364,1.5386461161410097,43.54729336150833,0.030225826644874502,16.322401002098882,0.16368339103400179,0.085285759391388,0.13343874033098116
expfm,explicit,j2bmags2,RodentForwardModel_delay5_eff5-20260811-173716,failed,5,5,42,600000000,600064000.0,ef060b73,rodent_no_tail_collisions.xml,reference_root,NVIDIA A100-SXM4-80GB,0.05,eval3ds-n05-7c60cd50,old_eval,True,rodent_no_tail_collisions.xml,0.05,169,502,789.6146427131969,512.5695437702492,1.5729375352852528,255.14201183431953,2.5514201183431955,0.1952662721893491,0.3154062014425195,1.563693472949806,42.542107952498895,0.0316300345719249,16.783694505189477,0.17181567952321453,0.08959067082801857,0.1312476535710046
expfm,explicit,j2bmags2,RodentForwardModel_delay5_eff5-20260811-173716,failed,5,5,42,600000000,600064000.0,ef060b73,rodent_no_tail_collisions.xml,reference_root,NVIDIA A100-SXM4-80GB,0.05,eval3ds-n05-7c60cd50,new_eval,True,rodent_no_tail_collisions.xml,0.05,32,3002,1826.5579583644867,1703.9574041382548,0.6084470214405352,544.5625,5.445625,0.0,0.1836336508665213,1.4118821876009149,22.808932121287974,0.027439991654301093,15.438820088891113,0.13901764666701671,0.07553182690568779,0.13759530756742722
expfm,explicit,j2bmags2,RodentForwardModel_delay5_eff5-20260811-173716,failed,5,5,42,600000000,600064000.0,ef060b73,rodent_no_tail_collisions.xml,reference_root,NVIDIA A100-SXM4-80GB,0.1,eval3ds-n10-2726ab9c,train,True,rodent_no_tail_collisions.xml,0.1,673,502,131.2232074085706,72.66949509817698,0.26140081157085776,54.09063893016345,0.5409063893016345,0.0,1.8487487295003158,1.506081385249068,53.209082314591335,0.04546180157653973,25.017953081253445,0.19459425800272478,0.1061267452373065,0.41122274446246837
expfm,explicit,j2bmags2,RodentForwardModel_delay5_eff5-20260811-173716,failed,5,5,42,600000000,600064000.0,ef060b73,rodent_no_tail_collisions.xml,reference_root,NVIDIA A100-SXM4-80GB,0.1,eval3ds-n10-2726ab9c,old_eval,True,rodent_no_tail_collisions.xml,0.1,169,502,129.16214977918997,68.35085822942816,0.2572951190820517,53.23076923076923,0.5323076923076924,0.0,1.8786127167630056,1.4924488488980496,53.929365357369036,0.044781386196711306,24.57136430484964,0.19190138041563465,0.10341202093128318,0.42122225799477
expfm,explicit,j2bmags2,RodentForwardModel_delay5_eff5-20260811-173716,failed,5,5,42,600000000,600064000.0,ef060b73,rodent_no_tail_collisions.xml,reference_root,NVIDIA A100-SXM4-80GB,0.1,eval3ds-n10-2726ab9c,new_eval,True,rodent_no_tail_collisions.xml,0.1,32,3002,161.63181328773499,118.82366244425994,0.053841376844681876,66.5,0.665,0.0,1.5037593984962405,1.4354601415676398,30.71046433445098,0.0436942766157286,24.517946008464996,0.17188637633773668,0.0936705549697179,0.41642602006620516
expfm,explicit,j2bmags2,RodentForwardModel_delay5_eff5-20260811-173716,failed,5,5,42,600000000,600064000.0,ef060b73,rodent_no_tail_collisions.xml,reference_root,NVIDIA A100-SXM4-80GB,0.25,eval3ds-n25-da25f356,train,True,rodent_no_tail_collisions.xml,0.25,673,502,35.97803995407354,17.17282350984627,0.07166940229895127,16.903417533432393,0.16903417533432394,0.0,5.915963431786216,1.5560467589166227,78.54600748861452,0.054909236623107496,28.429399938966196,0.16288066681579552,0.0915293856493811,1.6525947986287568
expfm,explicit,j2bmags2,RodentForwardModel_delay5_eff5-20260811-173716,failed,5,5,42,600000000,600064000.0,ef060b73,rodent_no_tail_collisions.xml,reference_root,NVIDIA A100-SXM4-80GB,0.25,eval3ds-n25-da25f356,old_eval,True,rodent_no_tail_collisions.xml,0.25,169,502,35.30034353606094,15.926419886663062,0.07031940943438435,16.414201183431953,0.16414201183431953,0.0,6.092285508291276,1.5396319729215604,79.77759542600819,0.054345489308349273,27.57166714641851,0.16172337785793597,0.0906420672245881,1.6945628464542684
expfm,explicit,j2bmags2,RodentForwardModel_delay5_eff5-20260811-173716,failed,5,5,42,600000000,600064000.0,ef060b73,rodent_no_tail_collisions.xml,reference_root,NVIDIA A100-SXM4-80GB,0.25,eval3ds-n25-da25f356,new_eval,True,rodent_no_tail_collisions.xml,0.25,32,3002,43.92867201566696,18.895360480410652,0.01463313524839006,21.96875,0.2196875,0.0,4.551920341394025,1.5966263976314432,51.199905635824365,0.050983341686212436,29.360711277666994,0.15468314685573614,0.08708604352668112,1.8017138715223848
expfm,explicit,m5fbx6tq,RodentForwardModel_delay6_eff6-20260811-173748,failed,6,6,42,600000000,600064000.0,ef060b73,rodent_no_tail_collisions.xml,reference_root,NVIDIA A100-SXM4-80GB,0.0,eval3ds-n00-6a6b8d4e,train,True,rodent_no_tail_collisions.xml,0.0,673,502,2023.7640781034156,307.47666006070267,4.03140254602274,477.07875185735514,4.770787518573551,0.9539375928677563,0.009655095087113888,1.3717898433177902,37.39379025026,0.009142388482777743,3.3802231257230138,0.060253754065433214,0.02938699398289409,0.015245152679369761
expfm,explicit,m5fbx6tq,RodentForwardModel_delay6_eff6-20260811-173748,failed,6,6,42,600000000,600064000.0,ef060b73,rodent_no_tail_collisions.xml,reference_root,NVIDIA A100-SXM4-80GB,0.0,eval3ds-n00-6a6b8d4e,old_eval,True,rodent_no_tail_collisions.xml,0.0,169,502,1956.297243107,430.034676916324,3.89700646037251,464.79289940828403,4.64792899408284,0.9289940828402367,0.015276893698281356,1.3971860017171782,38.45955002133279,0.010344933836635034,3.9298580795164715,0.0675576841865185,0.03329691319388948,0.017482139184888713
expfm,explicit,m5fbx6tq,RodentForwardModel_delay6_eff6-20260811-173748,failed,6,6,42,600000000,600064000.0,ef060b73,rodent_no_tail_collisions.xml,reference_root,NVIDIA A100-SXM4-80GB,0.0,eval3ds-n00-6a6b8d4e,new_eval,True,rodent_no_tail_collisions.xml,0.0,32,3002,6939.167781829834,3569.792480200915,2.3115149173317233,1750.53125,17.505312500000002,0.21875,0.04462930895978006,1.4650300057454175,14.479771330860963,0.011984497635768088,5.453951859644334,0.08021019437662737,0.0398917206982915,0.03492173000631103
expfm,explicit,m5fbx6tq,RodentForwardModel_delay6_eff6-20260811-173748,failed,6,6,42,600000000,600064000.0,ef060b73,rodent_no_tail_collisions.xml,reference_root,NVIDIA A100-SXM4-80GB,0.02,eval3ds-n02-a4e0be11,train,True,rodent_no_tail_collisions.xml,0.02,673,502,1923.787316332246,389.43838247261,3.8322456500642352,466.34175334323925,4.663417533432393,0.9093610698365527,0.019436160179449925,1.3803555849252744,38.62599545930383,0.012222679282346612,5.129152074988557,0.06949411403285316,0.03506926301033656,0.03491143486725133
expfm,explicit,m5fbx6tq,RodentForwardModel_delay6_eff6-20260811-173748,failed,6,6,42,600000000,600064000.0,ef060b73,rodent_no_tail_collisions.xml,reference_root,NVIDIA A100-SXM4-80GB,0.02,eval3ds-n02-a4e0be11,old_eval,True,rodent_no_tail_collisions.xml,0.02,169,502,1839.4179447332078,500.0165525475499,3.6641791727753144,450.29585798816566,4.502958579881657,0.863905325443787,0.0302233902759527,1.4048661536433014,39.562481759427264,0.013794619274835992,5.750166534686031,0.07904901045686084,0.04013477228342865,0.03681709065582214
expfm,explicit,m5fbx6tq,RodentForwardModel_delay6_eff6-20260811-173748,failed,6,6,42,600000000,600064000.0,ef060b73,rodent_no_tail_collisions.xml,reference_root,NVIDIA A100-SXM4-80GB,0.02,eval3ds-n02-a4e0be11,new_eval,True,rodent_no_tail_collisions.xml,0.02,32,3002,6892.433965682983,4182.832060198658,2.295947356989668,1726.375,17.26375,0.25,0.0434436318876258,1.3978797305301611,17.039969029103418,0.014632548836391243,7.150920789332481,0.08718353086061126,0.04428039941776732,0.05012190762737047
expfm,explicit,m5fbx6tq,RodentForwardModel_delay6_eff6-20260811-173748,failed,6,6,42,600000000,600064000.0,ef060b73,rodent_no_tail_collisions.xml,reference_root,NVIDIA A100-SXM4-80GB,0.05,eval3ds-n05-7c60cd50,train,True,rodent_no_tail_collisions.xml,0.05,673,502,643.3430308360402,448.8349141266908,1.2815598223825502,218.5111441307578,2.185111441307578,0.11441307578008919,0.4052822695807096,1.5638553928779138,43.699875433055986,0.03409126752695496,18.87069497721663,0.18555202100169021,0.09667866449963963,0.14841555295833547
expfm,explicit,m5fbx6tq,RodentForwardModel_delay6_eff6-20260811-173748,failed,6,6,42,600000000,600064000.0,ef060b73,rodent_no_tail_collisions.xml,reference_root,NVIDIA A100-SXM4-80GB,0.05,eval3ds-n05-7c60cd50,old_eval,True,rodent_no_tail_collisions.xml,0.05,169,502,638.57264962281,442.60852025352784,1.272057070961773,220.04142011834318,2.200414201183432,0.1124260355029586,0.4033667679565439,1.5802906934184402,43.13370345777319,0.034927973469114165,18.339047570526002,0.1882864405753463,0.0980276489418898,0.1498058960108662
expfm,explicit,m5fbx6tq,RodentForwardModel_delay6_eff6-20260811-173748,failed,6,6,42,600000000,600064000.0,ef060b73,rodent_no_tail_collisions.xml,reference_root,NVIDIA A100-SXM4-80GB,0.05,eval3ds-n05-7c60cd50,new_eval,True,rodent_no_tail_collisions.xml,0.05,32,3002,960.9189190864563,921.8517532429912,0.32009291108809335,311.875,3.1187500000000004,0.0,0.32064128256513025,1.4355479341196307,23.173590851658798,0.031180027060809544,17.319161552964555,0.16370557078743506,0.08563970463460746,0.14843836526317689
expfm,explicit,m5fbx6tq,RodentForwardModel_delay6_eff6-20260811-173748,failed,6,6,42,600000000,600064000.0,ef060b73,rodent_no_tail_collisions.xml,reference_root,NVIDIA A100-SXM4-80GB,0.1,eval3ds-n10-2726ab9c,train,True,rodent_no_tail_collisions.xml,0.1,673,502,123.34043641395058,81.58862838850033,0.24569808050587766,49.88261515601783,0.49882615156017834,0.0014858841010401136,2.001727681629978,1.4703127364540398,54.51428178040838,0.04575431608875124,24.86754365971069,0.18726622364351736,0.10146874354503381,0.4525463315261625
expfm,explicit,m5fbx6tq,RodentForwardModel_delay6_eff6-20260811-173748,failed,6,6,42,600000000,600064000.0,ef060b73,rodent_no_tail_collisions.xml,reference_root,NVIDIA A100-SXM4-80GB,0.1,eval3ds-n10-2726ab9c,old_eval,True,rodent_no_tail_collisions.xml,0.1,169,502,119.95983723070495,73.85807628378555,0.23896381918467122,48.78698224852071,0.48786982248520705,0.0,2.0497271073377807,1.4625012643813824,54.77015692697654,0.04547106753052473,24.372597722726162,0.1862439726572368,0.09968243026503278,0.4531987938739068
expfm,explicit,m5fbx6tq,RodentForwardModel_delay6_eff6-20260811-173748,failed,6,6,42,600000000,600064000.0,ef060b73,rodent_no_tail_collisions.xml,reference_root,NVIDIA A100-SXM4-80GB,0.1,eval3ds-n10-2726ab9c,new_eval,True,rodent_no_tail_collisions.xml,0.1,32,3002,152.86496341228485,112.86166203464116,0.05092104044379908,62.15625,0.6215625,0.0,1.6088486676721971,1.473260930535961,31.04993174572552,0.04252194063125949,23.52509639532476,0.16263474242671042,0.08889897803127013,0.4623013998818395
expfm,explicit,m5fbx6tq,RodentForwardModel_delay6_eff6-20260811-173748,failed,6,6,42,600000000,600064000.0,ef060b73,rodent_no_tail_collisions.xml,reference_root,NVIDIA A100-SXM4-80GB,0.25,eval3ds-n25-da25f356,train,True,rodent_no_tail_collisions.xml,0.25,673,502,35.83291244365131,17.497291267976426,0.07138030367261217,16.88558692421991,0.16885586924219914,0.0,5.922210489264343,1.5725141191990502,78.33895829361849,0.05557631106206212,28.600058935895362,0.16463480722078846,0.09212711558962038,1.6821266477293055
expfm,explicit,m5fbx6tq,RodentForwardModel_delay6_eff6-20260811-173748,failed,6,6,42,600000000,600064000.0,ef060b73,rodent_no_tail_collisions.xml,reference_root,NVIDIA A100-SXM4-80GB,0.25,eval3ds-n25-da25f356,old_eval,True,rodent_no_tail_collisions.xml,0.25,169,502,35.08229172723533,16.131219411194962,0.06988504328134527,16.011834319526628,0.1601183431952663,0.0,6.245380635624537,1.5398020653895268,79.8640685228683,0.054123553705138855,27.85299198212565,0.1609636454099428,0.0897056663796868,1.6966990241520932
expfm,explicit,m5fbx6tq,RodentForwardModel_delay6_eff6-20260811-173748,failed,6,6,42,600000000,600064000.0,ef060b73,rodent_no_tail_collisions.xml,reference_root,NVIDIA A100-SXM4-80GB,0.25,eval3ds-n25-da25f356,new_eval,True,rodent_no_tail_collisions.xml,0.25,32,3002,41.919297993183136,16.447751200609236,0.013963790137635955,20.5,0.20500000000000002,0.0,4.878048780487805,1.580566629828641,49.84658653555887,0.04962070746700285,28.863164852622962,0.15554324346102594,0.08742142920203977,1.7478559818612638
expfm,explicit,q7e7028r,RodentForwardModel_delay0_eff0-20260811-162018,failed,0,0,42,600000000,600064000.0,ef060b73,rodent_no_tail_collisions.xml,reference_root,NVIDIA H200,0.0,eval3ds-n00-6a6b8d4e,train,True,rodent_no_tail_collisions.xml,0.0,673,502,2144.301332470921,149.61979048751311,4.2715165985476515,486.46359583952454,4.864635958395245,0.9895988112927192,0.0021381227282445936,1.2172540846102033,36.76792283442513,0.007879562844100343,3.1732406897421184,0.04491959632578144,0.021400743581885446,0.00021589487904407113
expfm,explicit,q7e7028r,RodentForwardModel_delay0_eff0-20260811-162018,failed,0,0,42,600000000,600064000.0,ef060b73,rodent_no_tail_collisions.xml,reference_root,NVIDIA H200,0.0,eval3ds-n00-6a6b8d4e,old_eval,True,rodent_no_tail_collisions.xml,0.0,169,502,2103.6062674437753,241.00883546259215,4.190450731959712,482.2899408284024,4.822899408284023,0.9763313609467456,0.004907553952421267,1.2551676956820033,37.62027390687323,0.008707635630884865,3.6217212888826755,0.05051568609951397,0.024375471108909825,0.00022735193529299424
expfm,explicit,q7e7028r,RodentForwardModel_delay0_eff0-20260811-162018,failed,0,0,42,600000000,600064000.0,ef060b73,rodent_no_tail_collisions.xml,reference_root,NVIDIA H200,0.0,eval3ds-n00-6a6b8d4e,new_eval,True,rodent_no_tail_collisions.xml,0.0,32,3002,11252.87219619751,3205.971349016367,3.7484584264482046,2687.75,26.877499999999998,0.8125,0.006976095246953772,1.317058340888199,12.684252678840455,0.010442644130097342,4.315603650863254,0.05952480960026774,0.031679463046373285,0.010334100789657151
expfm,explicit,q7e7028r,RodentForwardModel_delay0_eff0-20260811-162018,failed,0,0,42,600000000,600064000.0,ef060b73,rodent_no_tail_collisions.xml,reference_root,NVIDIA H200,0.02,eval3ds-n02-a4e0be11,train,True,rodent_no_tail_collisions.xml,0.02,673,502,2143.71955522421,157.43664929971555,4.270357679729503,486.4101040118871,4.864101040118871,0.9910846953937593,0.0018328781685881274,1.2138580419466036,36.972102670034786,0.007985780583502453,3.2108979632367736,0.04488410296328163,0.021384971050458498,0.00021672990980702524
expfm,explicit,q7e7028r,RodentForwardModel_delay0_eff0-20260811-162018,failed,0,0,42,600000000,600064000.0,ef060b73,rodent_no_tail_collisions.xml,reference_root,NVIDIA H200,0.02,eval3ds-n02-a4e0be11,old_eval,True,rodent_no_tail_collisions.xml,0.02,169,502,2110.956935814852,219.95655964736366,4.205093497639147,482.67455621301775,4.826745562130177,0.9704142011834319,0.006129554258814308,1.2437132229786612,37.68123648427682,0.008435481993752192,3.378411751478163,0.04774233423828915,0.02297001344712218,0.00021982296505615787
expfm,explicit,q7e7028r,RodentForwardModel_delay0_eff0-20260811-162018,failed,0,0,42,600000000,600064000.0,ef060b73,rodent_no_tail_collisions.xml,reference_root,NVIDIA H200,0.02,eval3ds-n02-a4e0be11,new_eval,True,rodent_no_tail_collisions.xml,0.02,32,3002,11260.593488693237,3189.000300348217,3.751030475913803,2699.59375,26.9959375,0.8125,0.00694548948337134,1.3166103708921286,13.232179135165456,0.010858979307164673,4.344062541005709,0.061440511712680015,0.03270627161991672,0.010407050485854722
expfm,explicit,q7e7028r,RodentForwardModel_delay0_eff0-20260811-162018,failed,0,0,42,600000000,600064000.0,ef060b73,rodent_no_tail_collisions.xml,reference_root,NVIDIA H200,0.05,eval3ds-n05-7c60cd50,train,True,rodent_no_tail_collisions.xml,0.05,673,502,2139.3110060783943,148.66801710029083,4.26157570931951,486.8781575037147,4.868781575037146,0.9925705794947994,0.00152593013071117,1.2051879378355148,37.82181266947732,0.008296349275504525,3.3352569890229558,0.044167666993819486,0.020973137591453462,0.00022597206693597714
expfm,explicit,q7e7028r,RodentForwardModel_delay0_eff0-20260811-162018,failed,0,0,42,600000000,600064000.0,ef060b73,rodent_no_tail_collisions.xml,reference_root,NVIDIA H200,0.05,eval3ds-n05-7c60cd50,old_eval,True,rodent_no_tail_collisions.xml,0.05,169,502,2108.7569103353826,205.7931707555909,4.200710976763711,484.40236686390534,4.844023668639053,0.9881656804733728,0.0024430763217042797,1.2386917160185469,38.50829111796718,0.008861105872116986,3.5284705658937843,0.04735765334340248,0.022823739609832274,0.0002283905856772007
expfm,explicit,q7e7028r,RodentForwardModel_delay0_eff0-20260811-162018,failed,0,0,42,600000000,600064000.0,ef060b73,rodent_no_tail_collisions.xml,reference_root,NVIDIA H200,0.05,eval3ds-n05-7c60cd50,new_eval,True,rodent_no_tail_collisions.xml,0.05,32,3002,10974.556722640991,3252.0582363767544,3.6557484086079253,2635.15625,26.3515625,0.75,0.009487103468722205,1.3051513662341303,15.281179975741644,0.011249658812506828,4.489183025919241,0.06216580751947565,0.03308945295704928,0.010204453476664578
expfm,explicit,q7e7028r,RodentForwardModel_delay0_eff0-20260811-162018,failed,0,0,42,600000000,600064000.0,ef060b73,rodent_no_tail_collisions.xml,reference_root,NVIDIA H200,0.1,eval3ds-n10-2726ab9c,train,True,rodent_no_tail_collisions.xml,0.1,673,502,2072.5560854816863,150.72852683786186,4.128597779843997,486.46508172362553,4.864650817236256,0.9895988112927192,0.0021381161974519686,1.2094011810220129,40.56556455099988,0.00979326450428987,4.222959102698448,0.04816705456752421,0.023526015228815332,0.00028131525995310806
expfm,explicit,q7e7028r,RodentForwardModel_delay0_eff0-20260811-162018,failed,0,0,42,600000000,600064000.0,ef060b73,rodent_no_tail_collisions.xml,reference_root,NVIDIA H200,0.1,eval3ds-n10-2726ab9c,old_eval,True,rodent_no_tail_collisions.xml,0.1,169,502,2034.3838294215457,233.94143622350708,4.052557429126585,482.4852071005917,4.824852071005917,0.9822485207100592,0.0036791758646063243,1.2376220854799074,41.361203638223984,0.010468303706588045,4.397528915760566,0.052071258070222844,0.025862128927907853,0.0002814983686146046
expfm,explicit,q7e7028r,RodentForwardModel_delay0_eff0-20260811-162018,failed,0,0,42,600000000,600064000.0,ef060b73,rodent_no_tail_collisions.xml,reference_root,NVIDIA H200,0.1,eval3ds-n10-2726ab9c,new_eval,True,rodent_no_tail_collisions.xml,0.1,32,3002,9918.111015319824,3484.013727879024,3.303834448807403,2455.5,24.555,0.625,0.015271838729383019,1.3151087162077901,20.406355903014397,0.0124426117853934,5.341884484281251,0.06735764392307358,0.03625954973994171,0.008281417513386272
expfm,explicit,q7e7028r,RodentForwardModel_delay0_eff0-20260811-162018,failed,0,0,42,600000000,600064000.0,ef060b73,rodent_no_tail_collisions.xml,reference_root,NVIDIA H200,0.25,eval3ds-n25-da25f356,train,True,rodent_no_tail_collisions.xml,0.25,673,502,230.48983569095606,171.63059349704622,0.4591430989859682,89.57206537890045,0.8957206537890046,0.002971768202080227,1.1131017550844364,1.4513689894919157,55.582549460616534,0.03441681231463837,20.25148689729172,0.1769928831643485,0.0953277283435783,0.0022738333197027654
expfm,explicit,q7e7028r,RodentForwardModel_delay0_eff0-20260811-162018,failed,0,0,42,600000000,600064000.0,ef060b73,rodent_no_tail_collisions.xml,reference_root,NVIDIA H200,0.25,eval3ds-n25-da25f356,old_eval,True,rodent_no_tail_collisions.xml,0.25,169,502,231.3372376120302,148.861594824655,0.4608311506215741,91.02958579881657,0.9102958579881657,0.0,1.0985439417576703,1.472785964339404,55.77926924186684,0.03477961788194304,20.364385770808457,0.1784412564384276,0.09619573448774954,0.002391245051751475
expfm,explicit,q7e7028r,RodentForwardModel_delay0_eff0-20260811-162018,failed,0,0,42,600000000,600064000.0,ef060b73,rodent_no_tail_collisions.xml,reference_root,NVIDIA H200,0.25,eval3ds-n25-da25f356,new_eval,True,rodent_no_tail_collisions.xml,0.25,32,3002,432.8402214050293,405.75466808132444,0.14418395116756472,161.65625,1.6165625000000001,0.0,0.6185965590566402,1.4275842640820544,39.01284580780075,0.032076116361148085,17.545756117365936,0.1634382984523139,0.08822309134650434,0.002416515472626267
expfm,explicit,qqzdghe9,RodentForwardModel_delay40_eff40-20260811-175614,failed,40,40,42,600000000,600064000.0,ef060b73,rodent_no_tail_collisions.xml,reference_root,NVIDIA A100-SXM4-80GB,0.0,eval3ds-n00-6a6b8d4e,train,True,rodent_no_tail_collisions.xml,0.0,673,502,1468.9482171794104,669.7219397448691,2.9261916676880686,390.2050520059435,3.902050520059435,0.6760772659732541,0.08301346493633095,1.6308951050057616,39.00986597033606,0.018734468942014387,7.4102166537726015,0.12324073002764141,0.06085448864792975,0.06172222464553099
expfm,explicit,qqzdghe9,RodentForwardModel_delay40_eff40-20260811-175614,failed,40,40,42,600000000,600064000.0,ef060b73,rodent_no_tail_collisions.xml,reference_root,NVIDIA A100-SXM4-80GB,0.0,eval3ds-n00-6a6b8d4e,old_eval,True,rodent_no_tail_collisions.xml,0.0,169,502,1386.3665749363645,673.0958478739146,2.7616864042557063,377.4733727810651,3.774733727810651,0.6272189349112426,0.09875691690310849,1.657276574647,39.73147689236194,0.020199370680482116,8.608640308245604,0.13189026654234326,0.06486186710081712,0.06805882950369943
expfm,explicit,qqzdghe9,RodentForwardModel_delay40_eff40-20260811-175614,failed,40,40,42,600000000,600064000.0,ef060b73,rodent_no_tail_collisions.xml,reference_root,NVIDIA A100-SXM4-80GB,0.0,eval3ds-n00-6a6b8d4e,new_eval,True,rodent_no_tail_collisions.xml,0.0,32,3002,4605.469875335693,3959.949963796928,1.5341338691990984,1233.25,12.332500000000001,0.125,0.0709507399148591,1.4776631707133991,14.707727713217626,0.017121762867701448,7.562981932472967,0.11408042281091295,0.057594974908949145,0.06609803448660831
expfm,explicit,qqzdghe9,RodentForwardModel_delay40_eff40-20260811-175614,failed,40,40,42,600000000,600064000.0,ef060b73,rodent_no_tail_collisions.xml,reference_root,NVIDIA A100-SXM4-80GB,0.02,eval3ds-n02-a4e0be11,train,True,rodent_no_tail_collisions.xml,0.02,673,502,943.2236319395975,559.2721463896695,1.8789315377282818,307.0609212481426,3.070609212481426,0.387815750371471,0.19936898747653065,1.7413746132625787,40.23417573172278,0.027874125245678137,15.86119000335752,0.18504304560299664,0.09223152399322358,0.11788329458266865
expfm,explicit,qqzdghe9,RodentForwardModel_delay40_eff40-20260811-175614,failed,40,40,42,600000000,600064000.0,ef060b73,rodent_no_tail_collisions.xml,reference_root,NVIDIA A100-SXM4-80GB,0.02,eval3ds-n02-a4e0be11,old_eval,True,rodent_no_tail_collisions.xml,0.02,169,502,901.9089156833626,556.3445209255663,1.7966313061421566,300.75147928994085,3.0075147928994084,0.37869822485207105,0.2065831152733783,1.738408984392493,40.49105642933946,0.029586267248177332,16.58681780691083,0.18996912559873233,0.0942468865937971,0.11856980069238915
expfm,explicit,qqzdghe9,RodentForwardModel_delay40_eff40-20260811-175614,failed,40,40,42,600000000,600064000.0,ef060b73,rodent_no_tail_collisions.xml,reference_root,NVIDIA A100-SXM4-80GB,0.02,eval3ds-n02-a4e0be11,new_eval,True,rodent_no_tail_collisions.xml,0.02,32,3002,1923.8279581069946,1767.5644496263083,0.6408487535333094,699.40625,6.9940625,0.0,0.14297841919485277,1.6783833202578742,16.252969318352037,0.0293374505497231,17.301704582114528,0.18922116814354478,0.09935711261361135,0.12103107945248345
expfm,explicit,qqzdghe9,RodentForwardModel_delay40_eff40-20260811-175614,failed,40,40,42,600000000,600064000.0,ef060b73,rodent_no_tail_collisions.xml,reference_root,NVIDIA A100-SXM4-80GB,0.05,eval3ds-n05-7c60cd50,train,True,rodent_no_tail_collisions.xml,0.05,673,502,343.625951344687,257.5478547599549,0.6845138473001733,142.95839524517086,1.4295839524517089,0.04011887072808318,0.671440895531696,1.7963250051182653,44.785085175003374,0.03838580746684583,22.564198668910972,0.2250050463892704,0.11766287013873883,0.2836558489782371
expfm,explicit,qqzdghe9,RodentForwardModel_delay40_eff40-20260811-175614,failed,40,40,42,600000000,600064000.0,ef060b73,rodent_no_tail_collisions.xml,reference_root,NVIDIA A100-SXM4-80GB,0.05,eval3ds-n05-7c60cd50,old_eval,True,rodent_no_tail_collisions.xml,0.05,169,502,336.25427629820695,254.80714639935624,0.6698292356537987,140.85798816568047,1.4085798816568047,0.029585798816568087,0.6889308968704053,1.789631125214977,45.418035403436114,0.03769788378318821,22.644664618925002,0.22181170596343971,0.11527928025384519,0.2907846543471844
expfm,explicit,qqzdghe9,RodentForwardModel_delay40_eff40-20260811-175614,failed,40,40,42,600000000,600064000.0,ef060b73,rodent_no_tail_collisions.xml,reference_root,NVIDIA A100-SXM4-80GB,0.05,eval3ds-n05-7c60cd50,new_eval,True,rodent_no_tail_collisions.xml,0.05,32,3002,477.4074261188507,340.5235876565367,0.1590297888470522,192.84375,1.9284375000000002,0.0,0.5185545292497163,1.7055996669071052,22.896591298676718,0.034572231389220366,21.62148056603451,0.1918544915718865,0.10219894950395178,0.31120948311153324
expfm,explicit,qqzdghe9,RodentForwardModel_delay40_eff40-20260811-175614,failed,40,40,42,600000000,600064000.0,ef060b73,rodent_no_tail_collisions.xml,reference_root,NVIDIA A100-SXM4-80GB,0.1,eval3ds-n10-2726ab9c,train,True,rodent_no_tail_collisions.xml,0.1,673,502,121.56443089716147,75.1936656550431,0.24216022091068024,52.26448736998514,0.5226448736998515,0.0,1.9133450844373683,1.6698445345189246,53.75754771851955,0.04407486278711182,25.406997691717176,0.19875365860956684,0.10652465468265332,0.5885992557264469
expfm,explicit,qqzdghe9,RodentForwardModel_delay40_eff40-20260811-175614,failed,40,40,42,600000000,600064000.0,ef060b73,rodent_no_tail_collisions.xml,reference_root,NVIDIA A100-SXM4-80GB,0.1,eval3ds-n10-2726ab9c,old_eval,True,rodent_no_tail_collisions.xml,0.1,169,502,122.60453763657068,79.72051004970692,0.24423214668639578,52.56804733727811,0.5256804733727811,0.0,1.9022962629446194,1.634827834182475,54.50078141659661,0.04278233625650697,25.025833183999925,0.19822029072993386,0.10606696352225235,0.5898498913981601
expfm,explicit,qqzdghe9,RodentForwardModel_delay40_eff40-20260811-175614,failed,40,40,42,600000000,600064000.0,ef060b73,rodent_no_tail_collisions.xml,reference_root,NVIDIA A100-SXM4-80GB,0.1,eval3ds-n10-2726ab9c,new_eval,True,rodent_no_tail_collisions.xml,0.1,32,3002,152.23529160022736,83.88457565169853,0.0507112896736267,66.1875,0.661875,0.0,1.5108593012275733,1.6494777520958643,29.1492593090072,0.0418047368749435,26.356344534614763,0.19492755567633852,0.10488153205811543,0.617240553905583
expfm,explicit,qqzdghe9,RodentForwardModel_delay40_eff40-20260811-175614,failed,40,40,42,600000000,600064000.0,ef060b73,rodent_no_tail_collisions.xml,reference_root,NVIDIA A100-SXM4-80GB,0.25,eval3ds-n25-da25f356,train,True,rodent_no_tail_collisions.xml,0.25,673,502,38.04047593602808,18.98353061319487,0.0757778405100161,18.63001485884101,0.18630014858841012,0.0,5.367682245972244,1.6613176183182632,76.53952266016091,0.0550793481596868,28.72171946997241,0.17193132576114994,0.09590930556083853,1.6177168315735653
expfm,explicit,qqzdghe9,RodentForwardModel_delay40_eff40-20260811-175614,failed,40,40,42,600000000,600064000.0,ef060b73,rodent_no_tail_collisions.xml,reference_root,NVIDIA A100-SXM4-80GB,0.25,eval3ds-n25-da25f356,old_eval,True,rodent_no_tail_collisions.xml,0.25,169,502,38.15073975444545,18.93212225957432,0.07599748955068815,18.390532544378697,0.183905325443787,0.0,5.437580437580437,1.6435251442922034,77.50144484926966,0.053555428839865124,28.32838509275795,0.17180614718395756,0.09601184667875419,1.6391497504349195
expfm,explicit,qqzdghe9,RodentForwardModel_delay40_eff40-20260811-175614,failed,40,40,42,600000000,600064000.0,ef060b73,rodent_no_tail_collisions.xml,reference_root,NVIDIA A100-SXM4-80GB,0.25,eval3ds-n25-da25f356,new_eval,True,rodent_no_tail_collisions.xml,0.25,32,3002,44.79792708158493,22.211362379098446,0.01492269389792969,23.375,0.23375,0.0,4.27807486631016,1.6570979240346986,47.08027655770945,0.05098980025882842,29.151238932057893,0.16024465355715162,0.08931696021466837,1.6616818610805633
expfm,explicit,qubjc67b,RodentForwardModel_delay80_eff80-20260811-181325,failed,80,80,42,600000000,600064000.0,ef060b73,rodent_no_tail_collisions.xml,reference_root,NVIDIA A100-SXM4-80GB,0.0,eval3ds-n00-6a6b8d4e,train,True,rodent_no_tail_collisions.xml,0.0,673,502,1267.5231057630428,613.1943186265746,2.5249464258227947,376.3521545319465,3.7635215453194655,0.6448736998514115,0.09436010817853407,1.9710094160780933,39.242447638687445,0.02429368621977136,9.527181746263933,0.1526314690032218,0.07390654905957852,0.104734857215
expfm,explicit,qubjc67b,RodentForwardModel_delay80_eff80-20260811-181325,failed,80,80,42,600000000,600064000.0,ef060b73,rodent_no_tail_collisions.xml,reference_root,NVIDIA A100-SXM4-80GB,0.0,eval3ds-n00-6a6b8d4e,old_eval,True,rodent_no_tail_collisions.xml,0.0,169,502,1163.7371188282261,633.0375792906634,2.3182014319287374,353.20710059171597,3.5320710059171603,0.5680473372781065,0.12229444481672584,1.9508116636721824,39.87189929573154,0.026155740063137367,11.048032531218094,0.16325100062124148,0.07904967417665915,0.10564886483027976
expfm,explicit,qubjc67b,RodentForwardModel_delay80_eff80-20260811-181325,failed,80,80,42,600000000,600064000.0,ef060b73,rodent_no_tail_collisions.xml,reference_root,NVIDIA A100-SXM4-80GB,0.0,eval3ds-n00-6a6b8d4e,new_eval,True,rodent_no_tail_collisions.xml,0.0,32,3002,3218.380256652832,2580.1115763202197,1.07207869975111,968.4375,9.684375000000001,0.03125,0.10003226847370118,1.9965067304623159,14.779582068089738,0.023068680652505554,11.037355182246234,0.15116033847328297,0.07497454577149801,0.12300108399212147
expfm,explicit,qubjc67b,RodentForwardModel_delay80_eff80-20260811-181325,failed,80,80,42,600000000,600064000.0,ef060b73,rodent_no_tail_collisions.xml,reference_root,NVIDIA A100-SXM4-80GB,0.02,eval3ds-n02-a4e0be11,train,True,rodent_no_tail_collisions.xml,0.02,673,502,906.5556476247258,528.5123044307967,1.8058877442723622,309.84249628528977,3.098424962852897,0.41456166419019314,0.18894707563637764,1.9565236279864258,40.16062789739241,0.029063776311473256,16.006828233469967,0.19474723998241195,0.0972771443954674,0.14933713147973793
expfm,explicit,qubjc67b,RodentForwardModel_delay80_eff80-20260811-181325,failed,80,80,42,600000000,600064000.0,ef060b73,rodent_no_tail_collisions.xml,reference_root,NVIDIA A100-SXM4-80GB,0.02,eval3ds-n02-a4e0be11,old_eval,True,rodent_no_tail_collisions.xml,0.02,169,502,895.1491067649345,553.348842342892,1.7831655513245706,308.396449704142,3.0839644970414204,0.41420118343195267,0.18994992229321359,1.9842996279717127,40.46744221366488,0.030339581817099323,16.01908995072941,0.1953265802387085,0.09741444019610854,0.15519188422451516
expfm,explicit,qubjc67b,RodentForwardModel_delay80_eff80-20260811-181325,failed,80,80,42,600000000,600064000.0,ef060b73,rodent_no_tail_collisions.xml,reference_root,NVIDIA A100-SXM4-80GB,0.02,eval3ds-n02-a4e0be11,new_eval,True,rodent_no_tail_collisions.xml,0.02,32,3002,1908.7649483680725,1710.2851964928957,0.6358310953924292,641.09375,6.4109375,0.0,0.15598342676090665,1.9028384900513582,16.028364553988283,0.024428050363678892,14.356412043641878,0.16492703205085638,0.08424406763693817,0.15539446526901537
expfm,explicit,qubjc67b,RodentForwardModel_delay80_eff80-20260811-181325,failed,80,80,42,600000000,600064000.0,ef060b73,rodent_no_tail_collisions.xml,reference_root,NVIDIA A100-SXM4-80GB,0.05,eval3ds-n05-7c60cd50,train,True,rodent_no_tail_collisions.xml,0.05,673,502,351.786326630863,258.34657390894125,0.7007695749618785,149.65824665676078,1.4965824665676077,0.04457652303120352,0.6384034948371724,1.9172943829355247,44.34599127846318,0.03710506539034548,22.62848075798658,0.22685525903517623,0.11937836267924232,0.3058938195435033
expfm,explicit,qubjc67b,RodentForwardModel_delay80_eff80-20260811-181325,failed,80,80,42,600000000,600064000.0,ef060b73,rodent_no_tail_collisions.xml,reference_root,NVIDIA A100-SXM4-80GB,0.05,eval3ds-n05-7c60cd50,old_eval,True,rodent_no_tail_collisions.xml,0.05,169,502,339.78803325404783,249.67424516222925,0.6768685921395375,143.72781065088756,1.4372781065088756,0.053254437869822535,0.658707286949362,1.9071129725225868,44.62130135355404,0.03777842872460235,22.12762303750362,0.22876831568292735,0.1206908012463309,0.30862472169695016
expfm,explicit,qubjc67b,RodentForwardModel_delay80_eff80-20260811-181325,failed,80,80,42,600000000,600064000.0,ef060b73,rodent_no_tail_collisions.xml,reference_root,NVIDIA A100-SXM4-80GB,0.05,eval3ds-n05-7c60cd50,new_eval,True,rodent_no_tail_collisions.xml,0.05,32,3002,494.53466725349426,497.1258706341328,0.16473506570735985,207.9375,2.0793749999999998,0.0,0.4809137360985874,1.8396962104582526,21.491014687633015,0.03481497917598983,22.23849153619446,0.20339929342067178,0.10734735251337399,0.3291461244880496
expfm,explicit,qubjc67b,RodentForwardModel_delay80_eff80-20260811-181325,failed,80,80,42,600000000,600064000.0,ef060b73,rodent_no_tail_collisions.xml,reference_root,NVIDIA A100-SXM4-80GB,0.1,eval3ds-n10-2726ab9c,train,True,rodent_no_tail_collisions.xml,0.1,673,502,119.13319527341211,69.00164940167349,0.23731712205858987,52.80534918276374,0.5280534918276374,0.0,1.893747537846812,1.7661440502300545,53.86382679835289,0.043306878732494204,25.67132078805589,0.20533306060905004,0.11161983438566454,0.6083134405756252
expfm,explicit,qubjc67b,RodentForwardModel_delay80_eff80-20260811-181325,failed,80,80,42,600000000,600064000.0,ef060b73,rodent_no_tail_collisions.xml,reference_root,NVIDIA A100-SXM4-80GB,0.1,eval3ds-n10-2726ab9c,old_eval,True,rodent_no_tail_collisions.xml,0.1,169,502,120.90141807646441,70.9717639859344,0.24083947823996896,53.437869822485204,0.5343786982248521,0.0,1.8713320783966338,1.7682433945445928,53.570319259818206,0.04421851785241313,26.03874627518446,0.2151278651508909,0.11647673160142048,0.6162671407034009
expfm,explicit,qubjc67b,RodentForwardModel_delay80_eff80-20260811-181325,failed,80,80,42,600000000,600064000.0,ef060b73,rodent_no_tail_collisions.xml,reference_root,NVIDIA A100-SXM4-80GB,0.1,eval3ds-n10-2726ab9c,new_eval,True,rodent_no_tail_collisions.xml,0.1,32,3002,134.33651435375214,78.09828768763379,0.044749005447618964,59.125,0.5912499999999999,0.0,1.6913319238900635,1.7192647306396514,29.83868371387009,0.042014824874568917,26.38016483035787,0.1839613229035783,0.09815217778252236,0.6663309488950238
expfm,explicit,qubjc67b,RodentForwardModel_delay80_eff80-20260811-181325,failed,80,80,42,600000000,600064000.0,ef060b73,rodent_no_tail_collisions.xml,reference_root,NVIDIA A100-SXM4-80GB,0.25,eval3ds-n25-da25f356,train,True,rodent_no_tail_collisions.xml,0.25,673,502,37.389757476625256,18.628111089368055,0.07448158859885509,18.096582466567607,0.18096582466567607,0.0,5.525905246736185,1.6737211438990423,76.96524933210311,0.054618823101753367,28.91566998672939,0.17063728459116514,0.09535493190325817,1.5868837963306068
expfm,explicit,qubjc67b,RodentForwardModel_delay80_eff80-20260811-181325,failed,80,80,42,600000000,600064000.0,ef060b73,rodent_no_tail_collisions.xml,reference_root,NVIDIA A100-SXM4-80GB,0.25,eval3ds-n25-da25f356,old_eval,True,rodent_no_tail_collisions.xml,0.25,169,502,36.519115064271105,16.363691875971217,0.07274724116388666,17.443786982248522,0.17443786982248521,0.0,5.73270013568521,1.6471039043018925,78.45946700667155,0.053468638082602694,28.413595469094655,0.17060256466175308,0.09544179956183907,1.6434942210282522
expfm,explicit,qubjc67b,RodentForwardModel_delay80_eff80-20260811-181325,failed,80,80,42,600000000,600064000.0,ef060b73,rodent_no_tail_collisions.xml,reference_root,NVIDIA A100-SXM4-80GB,0.25,eval3ds-n25-da25f356,new_eval,True,rodent_no_tail_collisions.xml,0.25,32,3002,44.86908221244812,19.073720784551856,0.014946396473167261,22.21875,0.22218750000000004,0.0,4.500703234880449,1.672774952051298,47.96064291500268,0.0513367776151372,28.27602584967216,0.15654697910886445,0.08817169223389855,1.6906979178134882
expfm,explicit,t4lisyr9,RodentForwardModel_delay8_eff8-20260811-173834,failed,8,8,42,600000000,600064000.0,ef060b73,rodent_no_tail_collisions.xml,reference_root,NVIDIA A100-SXM4-80GB,0.0,eval3ds-n00-6a6b8d4e,train,True,rodent_no_tail_collisions.xml,0.0,673,502,1973.117423172337,377.4040493837913,3.930512795164018,470.3595839524517,4.703595839524517,0.9346210995542348,0.013899770021986906,1.4063974197494822,37.697471959168425,0.01006839236405854,3.611142379240412,0.06591841085110164,0.03247111233796065,0.01826014301124204
expfm,explicit,t4lisyr9,RodentForwardModel_delay8_eff8-20260811-173834,failed,8,8,42,600000000,600064000.0,ef060b73,rodent_no_tail_collisions.xml,reference_root,NVIDIA A100-SXM4-80GB,0.0,eval3ds-n00-6a6b8d4e,old_eval,True,rodent_no_tail_collisions.xml,0.0,169,502,1908.4973387407833,447.5284130925496,3.8017875273720785,462.88757396449705,4.62887573964497,0.893491124260355,0.02300966405890474,1.439154066689407,38.61525167764921,0.011892533963884223,4.585282613489609,0.07709670419534656,0.03832015313644794,0.02013386335531841
expfm,explicit,t4lisyr9,RodentForwardModel_delay8_eff8-20260811-173834,failed,8,8,42,600000000,600064000.0,ef060b73,rodent_no_tail_collisions.xml,reference_root,NVIDIA A100-SXM4-80GB,0.0,eval3ds-n00-6a6b8d4e,new_eval,True,rodent_no_tail_collisions.xml,0.0,32,3002,7577.578873634338,4381.910681506101,2.5241768399847895,1872.5625,18.725625,0.34375,0.03504555922699509,1.4374950912173787,14.80632547623728,0.010870881418820876,6.120331881287847,0.07998453968760698,0.03929071737165498,0.042720450942841104
expfm,explicit,t4lisyr9,RodentForwardModel_delay8_eff8-20260811-173834,failed,8,8,42,600000000,600064000.0,ef060b73,rodent_no_tail_collisions.xml,reference_root,NVIDIA A100-SXM4-80GB,0.02,eval3ds-n02-a4e0be11,train,True,rodent_no_tail_collisions.xml,0.02,673,502,1671.980347836,593.4502637032055,3.3306381430996015,422.22288261515604,4.22222882615156,0.7473997028231798,0.05982629259983953,1.449422061081643,39.565535935118376,0.01638029158300958,6.888681535329118,0.09716176137129773,0.04895413365753965,0.045842297307011594
expfm,explicit,t4lisyr9,RodentForwardModel_delay8_eff8-20260811-173834,failed,8,8,42,600000000,600064000.0,ef060b73,rodent_no_tail_collisions.xml,reference_root,NVIDIA A100-SXM4-80GB,0.02,eval3ds-n02-a4e0be11,old_eval,True,rodent_no_tail_collisions.xml,0.02,169,502,1586.5213357146674,638.8947881675094,3.160401067160692,409.3491124260355,4.093491124260355,0.7159763313609467,0.06938421509106678,1.487091485483112,40.147193016607716,0.018317035198863144,7.6868464811825605,0.10781155407593902,0.05420867199470554,0.04916182422871417
expfm,explicit,t4lisyr9,RodentForwardModel_delay8_eff8-20260811-173834,failed,8,8,42,600000000,600064000.0,ef060b73,rodent_no_tail_collisions.xml,reference_root,NVIDIA A100-SXM4-80GB,0.02,eval3ds-n02-a4e0be11,new_eval,True,rodent_no_tail_collisions.xml,0.02,32,3002,5335.85232257843,4081.570256411237,1.7774324858688975,1342.3125,13.423125,0.1875,0.06052986916235973,1.4154071821655108,17.12171361948713,0.01558800713058697,8.40830741171964,0.09883112903144618,0.050191019399529774,0.053195782594158636
expfm,explicit,t4lisyr9,RodentForwardModel_delay8_eff8-20260811-173834,failed,8,8,42,600000000,600064000.0,ef060b73,rodent_no_tail_collisions.xml,reference_root,NVIDIA A100-SXM4-80GB,0.05,eval3ds-n05-7c60cd50,train,True,rodent_no_tail_collisions.xml,0.05,673,502,425.69263653804785,310.2514313680788,0.8479932998765893,157.82466567607727,1.5782466567607725,0.03714710252600295,0.6100775777660618,1.590284008240316,44.570605925603,0.037198962689687684,21.066441490367037,0.20615764111618248,0.1069071539245387,0.17688921503260768
expfm,explicit,t4lisyr9,RodentForwardModel_delay8_eff8-20260811-173834,failed,8,8,42,600000000,600064000.0,ef060b73,rodent_no_tail_collisions.xml,reference_root,NVIDIA A100-SXM4-80GB,0.05,eval3ds-n05-7c60cd50,old_eval,True,rodent_no_tail_collisions.xml,0.05,169,502,434.2591805091271,314.95970616780556,0.8650581285042372,163.71005917159763,1.6371005917159764,0.029585798816568087,0.5927639426031011,1.6068264584757745,43.6508008048087,0.037847093736261744,21.09483087488732,0.20870023900045323,0.10823027280123061,0.17218298894132675
expfm,explicit,t4lisyr9,RodentForwardModel_delay8_eff8-20260811-173834,failed,8,8,42,600000000,600064000.0,ef060b73,rodent_no_tail_collisions.xml,reference_root,NVIDIA A100-SXM4-80GB,0.05,eval3ds-n05-7c60cd50,new_eval,True,rodent_no_tail_collisions.xml,0.05,32,3002,600.2123346328735,493.68150588952,0.19993748655325566,231.96875,2.3196875,0.0,0.43109255018186715,1.5502705996749813,22.179394556853822,0.03741537843580048,20.85959166800292,0.19815732507969294,0.1066918580619258,0.17662953210046747
expfm,explicit,t4lisyr9,RodentForwardModel_delay8_eff8-20260811-173834,failed,8,8,42,600000000,600064000.0,ef060b73,rodent_no_tail_collisions.xml,reference_root,NVIDIA A100-SXM4-80GB,0.1,eval3ds-n10-2726ab9c,train,True,rodent_no_tail_collisions.xml,0.1,673,502,113.99640375225187,87.5996571196274,0.22708446962599974,47.19167904903418,0.4719167904903418,0.002971768202080227,2.11272040302267,1.4977441119682735,54.959392462773586,0.046574108008650736,24.886918588927447,0.18991554979917444,0.10247006205700349,0.49066176083497476
expfm,explicit,t4lisyr9,RodentForwardModel_delay8_eff8-20260811-173834,failed,8,8,42,600000000,600064000.0,ef060b73,rodent_no_tail_collisions.xml,reference_root,NVIDIA A100-SXM4-80GB,0.1,eval3ds-n10-2726ab9c,old_eval,True,rodent_no_tail_collisions.xml,0.1,169,502,103.55381833589993,50.80205585536317,0.206282506645219,42.37869822485207,0.42378698224852074,0.0,2.3596760681373916,1.4862580800580025,55.50111970098747,0.04691425811767796,25.14438124548019,0.1904314722512312,0.10151885076534382,0.49847312597611904
expfm,explicit,t4lisyr9,RodentForwardModel_delay8_eff8-20260811-173834,failed,8,8,42,600000000,600064000.0,ef060b73,rodent_no_tail_collisions.xml,reference_root,NVIDIA A100-SXM4-80GB,0.1,eval3ds-n10-2726ab9c,new_eval,True,rodent_no_tail_collisions.xml,0.1,32,3002,136.79071938991547,67.95050498801827,0.04556652877745352,57.5,0.575,0.0,1.7391304347826089,1.5108211675578143,30.569736724140576,0.04298496912896442,25.012373535020306,0.17688787079415097,0.0946285931049786,0.5154322959958839
expfm,explicit,t4lisyr9,RodentForwardModel_delay8_eff8-20260811-173834,failed,8,8,42,600000000,600064000.0,ef060b73,rodent_no_tail_collisions.xml,reference_root,NVIDIA A100-SXM4-80GB,0.25,eval3ds-n25-da25f356,train,True,rodent_no_tail_collisions.xml,0.25,673,502,35.33777960342248,17.332678162802154,0.07039398327374996,16.803863298662705,0.16803863298662705,0.0,5.951012467945883,1.600389329221988,78.4955534277971,0.05559018682566591,28.739513063444402,0.16589369129505926,0.09288196395374514,1.7039878375612776
expfm,explicit,t4lisyr9,RodentForwardModel_delay8_eff8-20260811-173834,failed,8,8,42,600000000,600064000.0,ef060b73,rodent_no_tail_collisions.xml,reference_root,NVIDIA A100-SXM4-80GB,0.25,eval3ds-n25-da25f356,old_eval,True,rodent_no_tail_collisions.xml,0.25,169,502,34.297918088337376,15.733477350611677,0.06832254599270393,15.881656804733728,0.1588165680473373,0.0,6.296572280178837,1.5776257429496843,79.84533972467541,0.05514366584779747,27.72856183863207,0.16286983224557128,0.09091416887142459,1.7175536538592322
expfm,explicit,t4lisyr9,RodentForwardModel_delay8_eff8-20260811-173834,failed,8,8,42,600000000,600064000.0,ef060b73,rodent_no_tail_collisions.xml,reference_root,NVIDIA A100-SXM4-80GB,0.25,eval3ds-n25-da25f356,new_eval,True,rodent_no_tail_collisions.xml,0.25,32,3002,42.811023354530334,16.624105502244326,0.014260833895579725,22.4375,0.224375,0.0,4.456824512534819,1.6393960739760987,48.93722880447724,0.05237070581823229,29.02126241290378,0.158444389466662,0.08852173996535606,1.8084225195152963
expfm,explicit,tuakxoap,RodentForwardModel_delay60_eff60-20260811-180332,failed,60,60,42,600000000,600064000.0,ef060b73,rodent_no_tail_collisions.xml,reference_root,NVIDIA A100-SXM4-80GB,0.0,eval3ds-n00-6a6b8d4e,train,True,rodent_no_tail_collisions.xml,0.0,673,502,1327.3534492504011,634.7561336220106,2.644130376992831,375.0416047548291,3.750416047548291,0.6032689450222883,0.10578321176848134,1.811285448250113,39.38563439894838,0.0218064666234427,9.124654195077229,0.13883931357190538,0.06824379987532564,0.08784209092142255
expfm,explicit,tuakxoap,RodentForwardModel_delay60_eff60-20260811-180332,failed,60,60,42,600000000,600064000.0,ef060b73,rodent_no_tail_collisions.xml,reference_root,NVIDIA A100-SXM4-80GB,0.0,eval3ds-n00-6a6b8d4e,old_eval,True,rodent_no_tail_collisions.xml,0.0,169,502,1219.9346865140474,680.0375935798093,2.430148777916429,346.1775147928994,3.4617751479289938,0.5384615384615384,0.1333242171475455,1.7797794190956062,40.00651710544846,0.023014726968347977,9.732817240975766,0.14158587162035416,0.06942624081691598,0.09120412767664586
expfm,explicit,tuakxoap,RodentForwardModel_delay60_eff60-20260811-180332,failed,60,60,42,600000000,600064000.0,ef060b73,rodent_no_tail_collisions.xml,reference_root,NVIDIA A100-SXM4-80GB,0.0,eval3ds-n00-6a6b8d4e,new_eval,True,rodent_no_tail_collisions.xml,0.0,32,3002,3164.2030918598175,2583.647131123636,1.0540316761691597,943.25,9.432500000000001,0.0,0.10601643254704478,1.6927382823515669,16.48446882405182,0.021347571214237374,10.883831778552754,0.14045682694342268,0.07214729936711486,0.10139525129088231
expfm,explicit,tuakxoap,RodentForwardModel_delay60_eff60-20260811-180332,failed,60,60,42,600000000,600064000.0,ef060b73,rodent_no_tail_collisions.xml,reference_root,NVIDIA A100-SXM4-80GB,0.02,eval3ds-n02-a4e0be11,train,True,rodent_no_tail_collisions.xml,0.02,673,502,924.6790398857038,539.7249755740155,1.8419901192942307,312.69093610698366,3.126909361069837,0.42644873699851416,0.18342433271083103,1.8552126764448764,40.49662096798488,0.029154111743530445,16.686601548758887,0.19402551395684428,0.0970804314036858,0.1361754670288963
expfm,explicit,tuakxoap,RodentForwardModel_delay60_eff60-20260811-180332,failed,60,60,42,600000000,600064000.0,ef060b73,rodent_no_tail_collisions.xml,reference_root,NVIDIA A100-SXM4-80GB,0.02,eval3ds-n02-a4e0be11,old_eval,True,rodent_no_tail_collisions.xml,0.02,169,502,888.7883217715653,546.7123885721426,1.7704946648835962,303.0295857988166,3.0302958579881665,0.3905325443786982,0.20112473638990858,1.8668069303599981,40.967673725583865,0.030572939098982968,16.663715279799117,0.19460443782178094,0.09780892163128925,0.13963823805176137
expfm,explicit,tuakxoap,RodentForwardModel_delay60_eff60-20260811-180332,failed,60,60,42,600000000,600064000.0,ef060b73,rodent_no_tail_collisions.xml,reference_root,NVIDIA A100-SXM4-80GB,0.02,eval3ds-n02-a4e0be11,new_eval,True,rodent_no_tail_collisions.xml,0.02,32,3002,1645.4463386535645,1658.8983678398524,0.5481167017500215,637.4375,6.374375000000001,0.0,0.15687812530640258,1.8496657817451454,17.559637038964738,0.030433523784901214,20.05672763012639,0.20112676613114125,0.10208286014388872,0.14149370048827564
expfm,explicit,tuakxoap,RodentForwardModel_delay60_eff60-20260811-180332,failed,60,60,42,600000000,600064000.0,ef060b73,rodent_no_tail_collisions.xml,reference_root,NVIDIA A100-SXM4-80GB,0.05,eval3ds-n05-7c60cd50,train,True,rodent_no_tail_collisions.xml,0.05,673,502,348.6699093256096,263.1194900349859,0.6945615723617721,145.64635958395246,1.4564635958395247,0.04903417533432397,0.6529279738828809,1.8410937471912323,44.234195246970984,0.037510330388076135,23.05624282666091,0.22498098911103598,0.11766999263062966,0.2951047624591836
expfm,explicit,tuakxoap,RodentForwardModel_delay60_eff60-20260811-180332,failed,60,60,42,600000000,600064000.0,ef060b73,rodent_no_tail_collisions.xml,reference_root,NVIDIA A100-SXM4-80GB,0.05,eval3ds-n05-7c60cd50,old_eval,True,rodent_no_tail_collisions.xml,0.05,169,502,404.40473707752113,289.1842097715304,0.8055871256524325,173.1301775147929,1.7313017751479292,0.053254437869822535,0.546840288458252,1.8944954830497391,43.83055864928343,0.038249100071326786,22.639001184183122,0.23239096923086447,0.12207699573176997,0.2833428886763949
expfm,explicit,tuakxoap,RodentForwardModel_delay60_eff60-20260811-180332,failed,60,60,42,600000000,600064000.0,ef060b73,rodent_no_tail_collisions.xml,reference_root,NVIDIA A100-SXM4-80GB,0.05,eval3ds-n05-7c60cd50,new_eval,True,rodent_no_tail_collisions.xml,0.05,32,3002,410.33960938453674,327.60651437127893,0.13668874396553524,177.71875,1.7771874999999997,0.0,0.5626868296113945,1.7906473359547967,22.07673880728235,0.03556333300471324,23.491285402561783,0.1989764760186854,0.10581398406609233,0.3107558168239022
expfm,explicit,tuakxoap,RodentForwardModel_delay60_eff60-20260811-180332,failed,60,60,42,600000000,600064000.0,ef060b73,rodent_no_tail_collisions.xml,reference_root,NVIDIA A100-SXM4-80GB,0.1,eval3ds-n10-2726ab9c,train,True,rodent_no_tail_collisions.xml,0.1,673,502,120.45355707256437,75.5444741023064,0.23994732484574574,52.00891530460624,0.5200891530460624,0.0,1.9227472715844809,1.6879501651593354,53.844377162390316,0.0435970268772419,25.45748285155453,0.20109287804990295,0.10819993636696455,0.5860266045771862
expfm,explicit,tuakxoap,RodentForwardModel_delay60_eff60-20260811-180332,failed,60,60,42,600000000,600064000.0,ef060b73,rodent_no_tail_collisions.xml,reference_root,NVIDIA A100-SXM4-80GB,0.1,eval3ds-n10-2726ab9c,old_eval,True,rodent_no_tail_collisions.xml,0.1,169,502,125.5639351387701,85.108858691071,0.2501273608342034,54.396449704142015,0.5439644970414201,0.0,1.8383552703143695,1.691842326526594,54.524000781937566,0.04271302458956805,25.717747533297597,0.20242705515442191,0.10832277045912209,0.6050937389936477
expfm,explicit,tuakxoap,RodentForwardModel_delay60_eff60-20260811-180332,failed,60,60,42,600000000,600064000.0,ef060b73,rodent_no_tail_collisions.xml,reference_root,NVIDIA A100-SXM4-80GB,0.1,eval3ds-n10-2726ab9c,new_eval,True,rodent_no_tail_collisions.xml,0.1,32,3002,152.59995222091675,98.3879074807326,0.050832762232150816,67.53125,0.6753125,0.0,1.4807959278111986,1.7363743596950187,29.229379781095233,0.043030817373969445,26.25608187552907,0.19836694608854719,0.10678964008883651,0.6273104971389099
expfm,explicit,tuakxoap,RodentForwardModel_delay60_eff60-20260811-180332,failed,60,60,42,600000000,600064000.0,ef060b73,rodent_no_tail_collisions.xml,reference_root,NVIDIA A100-SXM4-80GB,0.25,eval3ds-n25-da25f356,train,True,rodent_no_tail_collisions.xml,0.25,673,502,37.708396479421,19.551109013213413,0.07511632764824899,18.00891530460624,0.1800891530460624,0.0,5.552805280528053,1.6382927598736043,77.31012542891632,0.05450268100661301,28.51356860181656,0.1687819323542358,0.09375712865481128,1.5564556696848495
expfm,explicit,tuakxoap,RodentForwardModel_delay60_eff60-20260811-180332,failed,60,60,42,600000000,600064000.0,ef060b73,rodent_no_tail_collisions.xml,reference_root,NVIDIA A100-SXM4-80GB,0.25,eval3ds-n25-da25f356,old_eval,True,rodent_no_tail_collisions.xml,0.25,169,502,36.2109681191529,16.909577627861374,0.07213340262779462,17.059171597633135,0.17059171597633135,0.0,5.861949358307319,1.6186401220112545,78.35671252081391,0.05339478379807902,28.65401373162735,0.16864752035245628,0.09327114124977316,1.589916608553906
expfm,explicit,tuakxoap,RodentForwardModel_delay60_eff60-20260811-180332,failed,60,60,42,600000000,600064000.0,ef060b73,rodent_no_tail_collisions.xml,reference_root,NVIDIA A100-SXM4-80GB,0.25,eval3ds-n25-da25f356,new_eval,True,rodent_no_tail_collisions.xml,0.25,32,3002,42.31729280948639,14.842095099996213,0.014096366692034106,21.09375,0.2109375,0.0,4.7407407407407405,1.6585356521260357,48.11582966657767,0.051114150678035875,29.357315986045855,0.16067882664892943,0.087628653407635,1.7022423123611148
expfm,explicit,vxo6rooq,RodentForwardModel_delay90_eff90-20260811-181317,failed,90,90,42,600000000,600064000.0,ef060b73,rodent_no_tail_collisions.xml,reference_root,NVIDIA A100-SXM4-80GB,0.0,eval3ds-n00-6a6b8d4e,train,True,rodent_no_tail_collisions.xml,0.0,673,502,1261.409298107493,577.5373949052424,2.5127675261105438,381.8410104011887,3.818410104011887,0.6225854383358098,0.09884076130734418,2.02344630665597,38.83494417118598,0.024624299195599948,10.337788198489791,0.1567268557663588,0.07557467599495502,0.09248401951104063
expfm,explicit,vxo6rooq,RodentForwardModel_delay90_eff90-20260811-181317,failed,90,90,42,600000000,600064000.0,ef060b73,rodent_no_tail_collisions.xml,reference_root,NVIDIA A100-SXM4-80GB,0.0,eval3ds-n00-6a6b8d4e,old_eval,True,rodent_no_tail_collisions.xml,0.0,169,502,1184.7951731935761,597.213444704758,2.360149747397562,366.50887573964496,3.6650887573964495,0.5857988165680473,0.11301259283177269,2.0251349826832925,39.57808264634957,0.026761004428856507,12.089905569376512,0.16884661282104146,0.08091151230993002,0.09533961958475344
expfm,explicit,vxo6rooq,RodentForwardModel_delay90_eff90-20260811-181317,failed,90,90,42,600000000,600064000.0,ef060b73,rodent_no_tail_collisions.xml,reference_root,NVIDIA A100-SXM4-80GB,0.0,eval3ds-n00-6a6b8d4e,new_eval,True,rodent_no_tail_collisions.xml,0.0,32,3002,3455.481623649597,2505.431634022964,1.1510598346600924,1124.40625,11.244062500000002,0.03125,0.08615658264083821,2.1912167854224953,14.064210090106094,0.027331685697654463,13.804874465607133,0.18484128649874196,0.09108586754000589,0.12304984110670161
expfm,explicit,vxo6rooq,RodentForwardModel_delay90_eff90-20260811-181317,failed,90,90,42,600000000,600064000.0,ef060b73,rodent_no_tail_collisions.xml,reference_root,NVIDIA A100-SXM4-80GB,0.02,eval3ds-n02-a4e0be11,train,True,rodent_no_tail_collisions.xml,0.02,673,502,929.21344187993,517.661991928326,1.851022792589502,321.39821693907874,3.2139821693907877,0.4338781575037147,0.17614342975760627,2.0202683017644305,39.98753984949075,0.029510094335299268,16.47249141201615,0.19938958151453967,0.09949871670236472,0.13922998118018737
expfm,explicit,vxo6rooq,RodentForwardModel_delay90_eff90-20260811-181317,failed,90,90,42,600000000,600064000.0,ef060b73,rodent_no_tail_collisions.xml,reference_root,NVIDIA A100-SXM4-80GB,0.02,eval3ds-n02-a4e0be11,old_eval,True,rodent_no_tail_collisions.xml,0.02,169,502,841.1338143884783,506.4609734430432,1.6755653673077258,301.11242603550295,3.0111242603550297,0.3668639053254438,0.21026568149662003,2.023071445492251,40.05228560380721,0.031234635531123555,17.833762661545727,0.20712878156484077,0.10284714784488867,0.14234802464808818
expfm,explicit,vxo6rooq,RodentForwardModel_delay90_eff90-20260811-181317,failed,90,90,42,600000000,600064000.0,ef060b73,rodent_no_tail_collisions.xml,reference_root,NVIDIA A100-SXM4-80GB,0.02,eval3ds-n02-a4e0be11,new_eval,True,rodent_no_tail_collisions.xml,0.02,32,3002,2020.1371364593506,1569.80400817731,0.6729304252029815,745.28125,7.4528125,0.0,0.13417753364920962,2.0966824693650246,15.520644385227655,0.02655226590096421,17.456862005880936,0.1927320586098241,0.0991667420176711,0.16608800540668422
expfm,explicit,vxo6rooq,RodentForwardModel_delay90_eff90-20260811-181317,failed,90,90,42,600000000,600064000.0,ef060b73,rodent_no_tail_collisions.xml,reference_root,NVIDIA A100-SXM4-80GB,0.05,eval3ds-n05-7c60cd50,train,True,rodent_no_tail_collisions.xml,0.05,673,502,369.08345164940937,268.2222013232605,0.7352259993016123,158.41753343239228,1.5841753343239229,0.04903417533432397,0.6002907658397035,1.9292400082341972,43.85207703331606,0.03763026380315046,22.651854864004157,0.22906606985030645,0.1203988657914799,0.2894424557118505
expfm,explicit,vxo6rooq,RodentForwardModel_delay90_eff90-20260811-181317,failed,90,90,42,600000000,600064000.0,ef060b73,rodent_no_tail_collisions.xml,reference_root,NVIDIA A100-SXM4-80GB,0.05,eval3ds-n05-7c60cd50,old_eval,True,rodent_no_tail_collisions.xml,0.05,169,502,379.8593449338653,275.465229184084,0.7566919221790146,163.27810650887574,1.6327810650887573,0.035502958579881616,0.5907081249547004,1.9349201501400057,43.95132726596253,0.03826851145254125,22.07577539371916,0.22815386344577002,0.12043114681108395,0.29203957642925693
expfm,explicit,vxo6rooq,RodentForwardModel_delay90_eff90-20260811-181317,failed,90,90,42,600000000,600064000.0,ef060b73,rodent_no_tail_collisions.xml,reference_root,NVIDIA A100-SXM4-80GB,0.05,eval3ds-n05-7c60cd50,new_eval,True,rodent_no_tail_collisions.xml,0.05,32,3002,439.97670817375183,384.79078631976347,0.14656119526107655,181.21875,1.8121875,0.0,0.5518192791860665,1.7940132847637345,21.691511219447467,0.034447907033810996,22.52395360764845,0.19809021955875522,0.1052830466015704,0.32709822841426256
expfm,explicit,vxo6rooq,RodentForwardModel_delay90_eff90-20260811-181317,failed,90,90,42,600000000,600064000.0,ef060b73,rodent_no_tail_collisions.xml,reference_root,NVIDIA A100-SXM4-80GB,0.1,eval3ds-n10-2726ab9c,train,True,rodent_no_tail_collisions.xml,0.1,673,502,126.10116814362524,74.01089552878267,0.2511975461028391,55.405646359583955,0.5540564635958395,0.0,1.8048701995279983,1.775449367039958,53.387843734888406,0.04377188670390688,25.512901096111293,0.20738909933385602,0.11294195694047979,0.5937078125788168
expfm,explicit,vxo6rooq,RodentForwardModel_delay90_eff90-20260811-181317,failed,90,90,42,600000000,600064000.0,ef060b73,rodent_no_tail_collisions.xml,reference_root,NVIDIA A100-SXM4-80GB,0.1,eval3ds-n10-2726ab9c,old_eval,True,rodent_no_tail_collisions.xml,0.1,169,502,116.43361677361663,74.80270787013646,0.23193947564465464,50.76923076923077,0.5076923076923078,0.0,1.9696969696969693,1.6992390990768762,54.578673012294615,0.04303234859762282,25.271674645748938,0.19908925949799186,0.1072168327488014,0.5969439724482584
expfm,explicit,vxo6rooq,RodentForwardModel_delay90_eff90-20260811-181317,failed,90,90,42,600000000,600064000.0,ef060b73,rodent_no_tail_collisions.xml,reference_root,NVIDIA A100-SXM4-80GB,0.1,eval3ds-n10-2726ab9c,new_eval,True,rodent_no_tail_collisions.xml,0.1,32,3002,174.3772578239441,111.63751883444435,0.05808702792269956,78.09375,0.7809375000000001,0.0,1.2805122048819526,1.8386610182670484,29.723686476544117,0.041444899446147335,26.536271174467267,0.20463112387127502,0.1106884217719076,0.6509778314516949
expfm,explicit,vxo6rooq,RodentForwardModel_delay90_eff90-20260811-181317,failed,90,90,42,600000000,600064000.0,ef060b73,rodent_no_tail_collisions.xml,reference_root,NVIDIA A100-SXM4-80GB,0.25,eval3ds-n25-da25f356,train,True,rodent_no_tail_collisions.xml,0.25,673,502,37.73831336742702,18.683820207494225,0.07517592304268331,18.349182763744427,0.1834918276374443,0.0,5.449833994655437,1.6780671721638,77.1161142490457,0.05460637765294471,28.70927982502211,0.17190326190903207,0.09642447101475693,1.5974160901267853
expfm,explicit,vxo6rooq,RodentForwardModel_delay90_eff90-20260811-181317,failed,90,90,42,600000000,600064000.0,ef060b73,rodent_no_tail_collisions.xml,reference_root,NVIDIA A100-SXM4-80GB,0.25,eval3ds-n25-da25f356,old_eval,True,rodent_no_tail_collisions.xml,0.25,169,502,35.52853901992888,15.583930016518632,0.07077398211141211,16.49112426035503,0.1649112426035503,0.0,6.063867958378184,1.6203595649242666,79.3368721127706,0.05325890427552511,27.86954288760777,0.16565556112310786,0.09249208860549363,1.6682474972787327
expfm,explicit,vxo6rooq,RodentForwardModel_delay90_eff90-20260811-181317,failed,90,90,42,600000000,600064000.0,ef060b73,rodent_no_tail_collisions.xml,reference_root,NVIDIA A100-SXM4-80GB,0.25,eval3ds-n25-da25f356,new_eval,True,rodent_no_tail_collisions.xml,0.25,32,3002,39.82255393266678,15.089729856578536,0.013265341083499926,19.53125,0.1953125,0.0,5.12,1.6602259365110759,48.30847035773727,0.05030188532264332,29.420733902099908,0.15100152860589833,0.08513372320952173,1.7373266471322983
expfm,explicit,wdnsv6wt,RodentForwardModel_delay1_eff1-20260811-163030,failed,1,1,42,600000000,600064000.0,ef060b73,rodent_no_tail_collisions.xml,reference_root,NVIDIA A100-SXM4-80GB,0.0,eval3ds-n00-6a6b8d4e,train,True,rodent_no_tail_collisions.xml,0.0,673,502,2126.513957597526,156.7474349563365,4.236083580871566,486.65230312035663,4.866523031203566,0.986627043090639,0.002747948961427947,1.2844950194160558,36.809283488965214,0.0065635537622679985,3.1077220419566283,0.04708191051152659,0.022891292783774872,0.012515628867039644
expfm,explicit,wdnsv6wt,RodentForwardModel_delay1_eff1-20260811-163030,failed,1,1,42,600000000,600064000.0,ef060b73,rodent_no_tail_collisions.xml,reference_root,NVIDIA A100-SXM4-80GB,0.0,eval3ds-n00-6a6b8d4e,old_eval,True,rodent_no_tail_collisions.xml,0.0,169,502,2105.6618938558904,210.40555778573187,4.194545605290618,484.301775147929,4.84301775147929,0.9881656804733728,0.002443583759942321,1.308746369014422,37.506745834076725,0.006723174506676925,3.2091728366339227,0.0489673014659196,0.02403966521071574,0.012658128545945965
expfm,explicit,wdnsv6wt,RodentForwardModel_delay1_eff1-20260811-163030,failed,1,1,42,600000000,600064000.0,ef060b73,rodent_no_tail_collisions.xml,reference_root,NVIDIA A100-SXM4-80GB,0.0,eval3ds-n00-6a6b8d4e,new_eval,True,rodent_no_tail_collisions.xml,0.0,32,3002,10589.090721130371,3273.3460298158298,3.5273453434811364,2541.875,25.418750000000003,0.59375,0.01598229653307106,1.3764241740820826,13.224767961133836,0.009556418761192524,3.7491538497446713,0.05951092076942609,0.030501567417913822,0.07992558814680467
expfm,explicit,wdnsv6wt,RodentForwardModel_delay1_eff1-20260811-163030,failed,1,1,42,600000000,600064000.0,ef060b73,rodent_no_tail_collisions.xml,reference_root,NVIDIA A100-SXM4-80GB,0.02,eval3ds-n02-a4e0be11,train,True,rodent_no_tail_collisions.xml,0.02,673,502,2128.749778985623,149.05832991151993,4.240537408337894,486.5601783060921,4.865601783060921,0.9881129271916791,0.002443083782504458,1.2725046029496245,37.26191736319113,0.00683688766282057,3.18567846242154,0.04533569484528039,0.022020474565985874,0.015455042425613649
expfm,explicit,wdnsv6wt,RodentForwardModel_delay1_eff1-20260811-163030,failed,1,1,42,600000000,600064000.0,ef060b73,rodent_no_tail_collisions.xml,reference_root,NVIDIA A100-SXM4-80GB,0.02,eval3ds-n02-a4e0be11,old_eval,True,rodent_no_tail_collisions.xml,0.02,169,502,2090.353938085793,256.764914519561,4.164051669493611,481.6213017751479,4.81621301775148,0.9763313609467456,0.004914367152369955,1.3033924883613903,38.04528366304033,0.007560318862624665,3.529891374940837,0.050806587959914905,0.0249507263893515,0.01661267764970727
expfm,explicit,wdnsv6wt,RodentForwardModel_delay1_eff1-20260811-163030,failed,1,1,42,600000000,600064000.0,ef060b73,rodent_no_tail_collisions.xml,reference_root,NVIDIA A100-SXM4-80GB,0.02,eval3ds-n02-a4e0be11,new_eval,True,rodent_no_tail_collisions.xml,0.02,32,3002,10153.201820373535,3467.852297429948,3.3821458428959144,2436.0,24.36,0.53125,0.019242610837438424,1.3550019850372386,14.604422049298675,0.010065314946932562,3.922844800934892,0.06015497335001736,0.030709556647964077,0.06918440196812298
expfm,explicit,wdnsv6wt,RodentForwardModel_delay1_eff1-20260811-163030,failed,1,1,42,600000000,600064000.0,ef060b73,rodent_no_tail_collisions.xml,reference_root,NVIDIA A100-SXM4-80GB,0.05,eval3ds-n05-7c60cd50,train,True,rodent_no_tail_collisions.xml,0.05,673,502,2062.979940133853,191.21050149348932,4.1095217930953245,485.0772659732541,4.850772659732541,0.986627043090639,0.002756871502219272,1.2716483270736987,39.72108565887236,0.009424380330357491,4.479901206718655,0.050941148358190254,0.025499677333915397,0.033877982122188614
expfm,explicit,wdnsv6wt,RodentForwardModel_delay1_eff1-20260811-163030,failed,1,1,42,600000000,600064000.0,ef060b73,rodent_no_tail_collisions.xml,reference_root,NVIDIA A100-SXM4-80GB,0.05,eval3ds-n05-7c60cd50,old_eval,True,rodent_no_tail_collisions.xml,0.05,169,502,2015.7333289152066,308.5596968099389,4.015405037679694,477.2307692307692,4.772307692307693,0.9644970414201184,0.007439369141496792,1.301130846093518,40.39241095157746,0.009942922340488129,4.690064792946208,0.0548652418081388,0.027740614893977757,0.035073015307724525
expfm,explicit,wdnsv6wt,RodentForwardModel_delay1_eff1-20260811-163030,failed,1,1,42,600000000,600064000.0,ef060b73,rodent_no_tail_collisions.xml,reference_root,NVIDIA A100-SXM4-80GB,0.05,eval3ds-n05-7c60cd50,new_eval,True,rodent_no_tail_collisions.xml,0.05,32,3002,9744.819103240967,3618.0220859190085,3.246108961772474,2380.25,23.802500000000002,0.5625,0.018380422224556242,1.347874640753461,18.997766992266747,0.011752586326572481,5.0020027274144985,0.06169008413397219,0.032118101321648475,0.10143845217514569
expfm,explicit,wdnsv6wt,RodentForwardModel_delay1_eff1-20260811-163030,failed,1,1,42,600000000,600064000.0,ef060b73,rodent_no_tail_collisions.xml,reference_root,NVIDIA A100-SXM4-80GB,0.1,eval3ds-n10-2726ab9c,train,True,rodent_no_tail_collisions.xml,0.1,673,502,905.9738284220135,609.3257207457973,1.804728741876521,276.68053491827635,2.7668053491827638,0.27934621099554235,0.26046421704993394,1.4968680106789414,47.49663770377478,0.027284826464254164,14.625934549965777,0.14564483434137662,0.07697214432776683,0.13555791477708434
expfm,explicit,wdnsv6wt,RodentForwardModel_delay1_eff1-20260811-163030,failed,1,1,42,600000000,600064000.0,ef060b73,rodent_no_tail_collisions.xml,reference_root,NVIDIA A100-SXM4-80GB,0.1,eval3ds-n10-2726ab9c,old_eval,True,rodent_no_tail_collisions.xml,0.1,169,502,850.5474615153477,597.4888413244097,1.6943176524210113,262.20710059171597,2.6220710059171597,0.23668639053254437,0.2911109606661702,1.5058428413132143,47.05965514539844,0.027956176147832294,14.806546522509759,0.14575635476321813,0.07675476055107318,0.13651610674454054
expfm,explicit,wdnsv6wt,RodentForwardModel_delay1_eff1-20260811-163030,failed,1,1,42,600000000,600064000.0,ef060b73,rodent_no_tail_collisions.xml,reference_root,NVIDIA A100-SXM4-80GB,0.1,eval3ds-n10-2726ab9c,new_eval,True,rodent_no_tail_collisions.xml,0.1,32,3002,3734.9590859413147,3106.187248396549,1.2441569240310841,1056.03125,10.5603125,0.03125,0.09173497469890214,1.3876791697893824,29.079381787756184,0.021997367591768714,10.791189274346523,0.10511774793222972,0.057228973457734075,0.14479639852306736
expfm,explicit,wdnsv6wt,RodentForwardModel_delay1_eff1-20260811-163030,failed,1,1,42,600000000,600064000.0,ef060b73,rodent_no_tail_collisions.xml,reference_root,NVIDIA A100-SXM4-80GB,0.25,eval3ds-n25-da25f356,train,True,rodent_no_tail_collisions.xml,0.25,673,502,57.62155296331352,24.66037982695992,0.11478397004644127,27.560178306092126,0.27560178306092126,0.0,3.6284235497088635,1.5272213081922101,72.85422964682002,0.04886751986780356,26.09030052735037,0.1859027029070515,0.10535931382679142,0.790155257041454
expfm,explicit,wdnsv6wt,RodentForwardModel_delay1_eff1-20260811-163030,failed,1,1,42,600000000,600064000.0,ef060b73,rodent_no_tail_collisions.xml,reference_root,NVIDIA A100-SXM4-80GB,0.25,eval3ds-n25-da25f356,old_eval,True,rodent_no_tail_collisions.xml,0.25,169,502,56.80145176204704,24.100528549803858,0.11315030231483474,27.06508875739645,0.2706508875739645,0.0,3.6947966768692613,1.5046008283055294,73.73802916540554,0.04935558493979466,26.016736885214364,0.18628631291771583,0.10498202470031234,0.8146529825808573
expfm,explicit,wdnsv6wt,RodentForwardModel_delay1_eff1-20260811-163030,failed,1,1,42,600000000,600064000.0,ef060b73,rodent_no_tail_collisions.xml,reference_root,NVIDIA A100-SXM4-80GB,0.25,eval3ds-n25-da25f356,new_eval,True,rodent_no_tail_collisions.xml,0.25,32,3002,62.20653998851776,26.49767831504443,0.020721698863596857,29.25,0.2925,0.0,3.418803418803419,1.505707417901287,53.483894544403555,0.047196814862305925,25.667348808958895,0.17071059185345927,0.09697769510375794,0.859692732806109
expfm,explicit,yws4x1hj,RodentForwardModel_delay15_eff15-20260811-174441,failed,15,15,42,600000000,600064000.0,ef060b73,rodent_no_tail_collisions.xml,reference_root,NVIDIA A100-SXM4-80GB,0.0,eval3ds-n00-6a6b8d4e,train,True,rodent_no_tail_collisions.xml,0.0,673,502,1705.4345492608127,618.1136367965275,3.3972799786071968,423.2407132243685,4.232407132243685,0.7771173848439822,0.052660958218795746,1.4916527245114337,38.49328988939112,0.013367959849597058,5.483367564018562,0.09251576348986312,0.04604802018124379,0.034528395735845166
expfm,explicit,yws4x1hj,RodentForwardModel_delay15_eff15-20260811-174441,failed,15,15,42,600000000,600064000.0,ef060b73,rodent_no_tail_collisions.xml,reference_root,NVIDIA A100-SXM4-80GB,0.0,eval3ds-n00-6a6b8d4e,old_eval,True,rodent_no_tail_collisions.xml,0.0,169,502,1566.8090597299429,669.6498710153369,3.121133585119408,394.37278106508876,3.9437278106508877,0.6745562130177515,0.0825218682950982,1.5073335614965968,39.258157648153244,0.014383259837601003,6.6084385256924945,0.09930809740929955,0.04925682273528117,0.038934148068332765
expfm,explicit,yws4x1hj,RodentForwardModel_delay15_eff15-20260811-174441,failed,15,15,42,600000000,600064000.0,ef060b73,rodent_no_tail_collisions.xml,reference_root,NVIDIA A100-SXM4-80GB,0.0,eval3ds-n00-6a6b8d4e,new_eval,True,rodent_no_tail_collisions.xml,0.0,32,3002,4954.9851722717285,3449.917365070648,1.650561349857338,1276.6875,12.766874999999999,0.0625,0.07343222205903951,1.4259231209223517,15.646248746230572,0.01369471364892427,7.361921253734253,0.09427304569953229,0.047199756761985616,0.04701155273953351
expfm,explicit,yws4x1hj,RodentForwardModel_delay15_eff15-20260811-174441,failed,15,15,42,600000000,600064000.0,ef060b73,rodent_no_tail_collisions.xml,reference_root,NVIDIA A100-SXM4-80GB,0.02,eval3ds-n02-a4e0be11,train,True,rodent_no_tail_collisions.xml,0.02,673,502,1137.1951523280604,630.7023303551802,2.2653289887013157,340.34175334323925,3.403417533432392,0.49925705794947994,0.14712944771883868,1.5890866747524786,40.70760875737684,0.02512955586412887,13.726191106677124,0.16346954117962428,0.08166658000976013,0.08167294331213475
expfm,explicit,yws4x1hj,RodentForwardModel_delay15_eff15-20260811-174441,failed,15,15,42,600000000,600064000.0,ef060b73,rodent_no_tail_collisions.xml,reference_root,NVIDIA A100-SXM4-80GB,0.02,eval3ds-n02-a4e0be11,old_eval,True,rodent_no_tail_collisions.xml,0.02,169,502,1033.3023885241628,631.9252097786155,2.0583712918808024,311.8757396449704,3.1187573964497037,0.41420118343195267,0.18783083840856055,1.5798760846888835,40.66483896999868,0.02645293225465376,13.97750472215104,0.1646629797603083,0.08197813658619486,0.08396498075306455
expfm,explicit,yws4x1hj,RodentForwardModel_delay15_eff15-20260811-174441,failed,15,15,42,600000000,600064000.0,ef060b73,rodent_no_tail_collisions.xml,reference_root,NVIDIA A100-SXM4-80GB,0.02,eval3ds-n02-a4e0be11,new_eval,True,rodent_no_tail_collisions.xml,0.02,32,3002,2377.0995650291443,2423.1238036684667,0.7918386292568769,717.78125,7.1778125,0.03125,0.13496451739300797,1.4702148510930653,17.681361751690833,0.02330005895269889,15.284697573063983,0.151871277705676,0.07678156791356927,0.08508939030458489
expfm,explicit,yws4x1hj,RodentForwardModel_delay15_eff15-20260811-174441,failed,15,15,42,600000000,600064000.0,ef060b73,rodent_no_tail_collisions.xml,reference_root,NVIDIA A100-SXM4-80GB,0.05,eval3ds-n05-7c60cd50,train,True,rodent_no_tail_collisions.xml,0.05,673,502,348.14076075334253,284.8179007636502,0.6935074915405229,140.39821693907876,1.4039821693907875,0.06092124814264488,0.6688680044026755,1.633760422826008,44.98639933435912,0.038348147201302626,22.572974216162372,0.21767097533173224,0.11420727837154035,0.23128194019861842
expfm,explicit,yws4x1hj,RodentForwardModel_delay15_eff15-20260811-174441,failed,15,15,42,600000000,600064000.0,ef060b73,rodent_no_tail_collisions.xml,reference_root,NVIDIA A100-SXM4-80GB,0.05,eval3ds-n05-7c60cd50,old_eval,True,rodent_no_tail_collisions.xml,0.05,169,502,335.12292223145977,267.06752818055304,0.6675755422937446,137.20710059171597,1.3720710059171597,0.047337278106508895,0.6943246506813869,1.6407198718034877,44.79620743233554,0.039116724663495445,22.006629922825375,0.22189923809452483,0.11664809832630675,0.23194562906524444
expfm,explicit,yws4x1hj,RodentForwardModel_delay15_eff15-20260811-174441,failed,15,15,42,600000000,600064000.0,ef060b73,rodent_no_tail_collisions.xml,reference_root,NVIDIA A100-SXM4-80GB,0.05,eval3ds-n05-7c60cd50,new_eval,True,rodent_no_tail_collisions.xml,0.05,32,3002,376.96055936813354,305.74645130730715,0.12556980658498787,147.4375,1.4743750000000002,0.0,0.678253497244595,1.5481893371635764,22.033283635582684,0.033790897755856975,23.312528008761284,0.19335575732594124,0.10234676580479539,0.23644653670792276
expfm,explicit,yws4x1hj,RodentForwardModel_delay15_eff15-20260811-174441,failed,15,15,42,600000000,600064000.0,ef060b73,rodent_no_tail_collisions.xml,reference_root,NVIDIA A100-SXM4-80GB,0.1,eval3ds-n10-2726ab9c,train,True,rodent_no_tail_collisions.xml,0.1,673,502,117.42876489024283,69.27297793330678,0.2339218424108423,49.09361069836553,0.49093610698365525,0.0,2.0369249394673123,1.5706775533967987,53.84434107426758,0.04393400552252714,25.52258705617667,0.19745680588107234,0.10693803737788228,0.5586598877928536
expfm,explicit,yws4x1hj,RodentForwardModel_delay15_eff15-20260811-174441,failed,15,15,42,600000000,600064000.0,ef060b73,rodent_no_tail_collisions.xml,reference_root,NVIDIA A100-SXM4-80GB,0.1,eval3ds-n10-2726ab9c,old_eval,True,rodent_no_tail_collisions.xml,0.1,169,502,115.6007623503194,66.89397782525275,0.23028040308828565,47.78698224852071,0.47786982248520715,0.0,2.0926201089648337,1.5428966288520083,54.7013264812438,0.043798971423323126,24.767037437588847,0.1961168496542381,0.10573028349841576,0.5671314483493657
expfm,explicit,yws4x1hj,RodentForwardModel_delay15_eff15-20260811-174441,failed,15,15,42,600000000,600064000.0,ef060b73,rodent_no_tail_collisions.xml,reference_root,NVIDIA A100-SXM4-80GB,0.1,eval3ds-n10-2726ab9c,new_eval,True,rodent_no_tail_collisions.xml,0.1,32,3002,138.16768157482147,69.99505181117203,0.04602521038468403,56.625,0.56625,0.0,1.7660044150110374,1.5288456593840127,28.89277978735819,0.04258994647485609,23.62144732735453,0.16978229172769313,0.09154760550575584,0.5571300942621088
expfm,explicit,yws4x1hj,RodentForwardModel_delay15_eff15-20260811-174441,failed,15,15,42,600000000,600064000.0,ef060b73,rodent_no_tail_collisions.xml,reference_root,NVIDIA A100-SXM4-80GB,0.25,eval3ds-n25-da25f356,train,True,rodent_no_tail_collisions.xml,0.25,673,502,37.063518854342455,17.896496309391033,0.07383171086522401,17.793462109955424,0.17793462109955424,0.0,5.620041753653444,1.6333564984073845,76.76258541803215,0.05498719311392656,28.67881968367209,0.16893059867770055,0.09487485791078713,1.6728372227238548
expfm,explicit,yws4x1hj,RodentForwardModel_delay15_eff15-20260811-174441,failed,15,15,42,600000000,600064000.0,ef060b73,rodent_no_tail_collisions.xml,reference_root,NVIDIA A100-SXM4-80GB,0.25,eval3ds-n25-da25f356,old_eval,True,rodent_no_tail_collisions.xml,0.25,169,502,36.790564954633545,16.918649237624013,0.07328797799727797,17.467455621301774,0.17467455621301778,0.0,5.724932249322492,1.6198833800738681,78.21005572413698,0.05348181504443484,28.050809196435807,0.16756712728234255,0.09362753811280962,1.7055775591379212
expfm,explicit,yws4x1hj,RodentForwardModel_delay15_eff15-20260811-174441,failed,15,15,42,600000000,600064000.0,ef060b73,rodent_no_tail_collisions.xml,reference_root,NVIDIA A100-SXM4-80GB,0.25,eval3ds-n25-da25f356,new_eval,True,rodent_no_tail_collisions.xml,0.25,32,3002,44.45871555805206,17.41926371071121,0.014809698720203886,23.46875,0.2346875,0.0,4.26098535286285,1.6575615608272918,47.19676433522159,0.05361086934642306,29.78823355193612,0.168560431996241,0.09366501506457466,1.741515467940837
expfm,explicit,zgwma7ta,RodentForwardModel_delay2_eff2-20260811-163022,failed,2,2,42,600000000,600064000.0,ef060b73,rodent_no_tail_collisions.xml,reference_root,NVIDIA A100-SXM4-80GB,0.0,eval3ds-n00-6a6b8d4e,train,True,rodent_no_tail_collisions.xml,0.0,673,502,2094.267742139978,196.59233386780002,4.171848091912307,483.6641901931649,4.83664190193165,0.9762258543833581,0.004915423986040201,1.2880257633048333,36.922440821904786,0.007653955136614685,3.5440496493287474,0.05105917146522242,0.024770666280141903,0.009668088743803259
expfm,explicit,zgwma7ta,RodentForwardModel_delay2_eff2-20260811-163022,failed,2,2,42,600000000,600064000.0,ef060b73,rodent_no_tail_collisions.xml,reference_root,NVIDIA A100-SXM4-80GB,0.0,eval3ds-n00-6a6b8d4e,old_eval,True,rodent_no_tail_collisions.xml,0.0,169,502,2055.287158672626,270.21162470441794,4.0941975272363065,478.3786982248521,4.78378698224852,0.9585798816568047,0.008658437028424412,1.3127280507516859,37.86238219917642,0.008225024442429882,3.7695724034396054,0.05422157218711179,0.026705321994942945,0.010019145252589281
expfm,explicit,zgwma7ta,RodentForwardModel_delay2_eff2-20260811-163022,failed,2,2,42,600000000,600064000.0,ef060b73,rodent_no_tail_collisions.xml,reference_root,NVIDIA A100-SXM4-80GB,0.0,eval3ds-n00-6a6b8d4e,new_eval,True,rodent_no_tail_collisions.xml,0.0,32,3002,10070.159791946411,3207.082755344468,3.3544836082433083,2469.03125,24.690312499999997,0.53125,0.018985178903669204,1.3536399575590072,12.95113187502203,0.011027132192930545,4.185842614985958,0.06707045201811776,0.03480829927225787,0.03600939943146869
expfm,explicit,zgwma7ta,RodentForwardModel_delay2_eff2-20260811-163022,failed,2,2,42,600000000,600064000.0,ef060b73,rodent_no_tail_collisions.xml,reference_root,NVIDIA A100-SXM4-80GB,0.02,eval3ds-n02-a4e0be11,train,True,rodent_no_tail_collisions.xml,0.02,673,502,2096.8713682494936,175.82887811637227,4.177034598106561,485.13967310549776,4.851396731054978,0.9836552748885586,0.003369076168686592,1.2753272817152714,37.53639329261915,0.008477387332813259,3.825174055821332,0.05002107229038273,0.02427903954604459,0.016730086297190774
expfm,explicit,zgwma7ta,RodentForwardModel_delay2_eff2-20260811-163022,failed,2,2,42,600000000,600064000.0,ef060b73,rodent_no_tail_collisions.xml,reference_root,NVIDIA A100-SXM4-80GB,0.02,eval3ds-n02-a4e0be11,old_eval,True,rodent_no_tail_collisions.xml,0.02,169,502,2042.458666829668,303.660758307617,4.0686427626089,476.79881656804736,4.767988165680473,0.9585798816568047,0.008687126918924284,1.305288643672823,38.52280854725121,0.009179866744569607,4.173021521799837,0.05465123408652997,0.027084956325497837,0.017985089353579203
expfm,explicit,zgwma7ta,RodentForwardModel_delay2_eff2-20260811-163022,failed,2,2,42,600000000,600064000.0,ef060b73,rodent_no_tail_collisions.xml,reference_root,NVIDIA A100-SXM4-80GB,0.02,eval3ds-n02-a4e0be11,new_eval,True,rodent_no_tail_collisions.xml,0.02,32,3002,9716.528453826904,3171.9747512492104,3.2366850279236856,2385.625,23.85625,0.375,0.026198585276395077,1.3382595709265719,14.644686549707334,0.012402770998814113,4.739127151140593,0.0677929343143598,0.035503120130753456,0.045399129719882185
expfm,explicit,zgwma7ta,RodentForwardModel_delay2_eff2-20260811-163022,failed,2,2,42,600000000,600064000.0,ef060b73,rodent_no_tail_collisions.xml,reference_root,NVIDIA A100-SXM4-80GB,0.05,eval3ds-n05-7c60cd50,train,True,rodent_no_tail_collisions.xml,0.05,673,502,1854.2832277816615,377.6150388221184,3.693791290401716,465.10401188707283,4.651040118870729,0.8826151560178306,0.02523840710509081,1.3314988046722933,41.054269387395465,0.014628905080743661,7.313172991021621,0.07398141042121001,0.038007024277871455,0.060665118533197504
expfm,explicit,zgwma7ta,RodentForwardModel_delay2_eff2-20260811-163022,failed,2,2,42,600000000,600064000.0,ef060b73,rodent_no_tail_collisions.xml,reference_root,NVIDIA A100-SXM4-80GB,0.05,eval3ds-n05-7c60cd50,old_eval,True,rodent_no_tail_collisions.xml,0.05,169,502,1771.1221554547371,471.50643462564756,3.5281317837743766,448.9408284023669,4.489408284023669,0.8461538461538461,0.0342686929129707,1.3656438767274544,41.862480986868306,0.015695081765553565,7.6747674454308195,0.0806636322689994,0.041864360240441524,0.06253650992318455
expfm,explicit,zgwma7ta,RodentForwardModel_delay2_eff2-20260811-163022,failed,2,2,42,600000000,600064000.0,ef060b73,rodent_no_tail_collisions.xml,reference_root,NVIDIA A100-SXM4-80GB,0.05,eval3ds-n05-7c60cd50,new_eval,True,rodent_no_tail_collisions.xml,0.05,32,3002,8076.000576019287,3389.3528489211576,2.6902067208591895,2094.4375,20.944375,0.28125,0.03431708991077557,1.3271675959272247,20.987920840948597,0.016021909900533562,7.141411876059972,0.07703858355044257,0.0409474986588748,0.08034046681995671
expfm,explicit,zgwma7ta,RodentForwardModel_delay2_eff2-20260811-163022,failed,2,2,42,600000000,600064000.0,ef060b73,rodent_no_tail_collisions.xml,reference_root,NVIDIA A100-SXM4-80GB,0.1,eval3ds-n10-2726ab9c,train,True,rodent_no_tail_collisions.xml,0.1,673,502,282.24113958055517,195.7988693565737,0.5622333457779983,107.0074294205052,1.070074294205052,0.007429420505200568,0.927571650744279,1.5055293364674263,49.80766282406509,0.0385074987601107,21.781370055516113,0.1860980197985448,0.10088206912667853,0.2579099934661271
expfm,explicit,zgwma7ta,RodentForwardModel_delay2_eff2-20260811-163022,failed,2,2,42,600000000,600064000.0,ef060b73,rodent_no_tail_collisions.xml,reference_root,NVIDIA A100-SXM4-80GB,0.1,eval3ds-n10-2726ab9c,old_eval,True,rodent_no_tail_collisions.xml,0.1,169,502,264.33269791913455,177.66083978774034,0.5265591592014632,100.67455621301775,1.0067455621301777,0.0,0.9932996355942163,1.5055447537947042,50.096368589512444,0.03860557422793817,22.29652411896249,0.18594565354593978,0.10015860330328205,0.26592202858830605
expfm,explicit,zgwma7ta,RodentForwardModel_delay2_eff2-20260811-163022,failed,2,2,42,600000000,600064000.0,ef060b73,rodent_no_tail_collisions.xml,reference_root,NVIDIA A100-SXM4-80GB,0.1,eval3ds-n10-2726ab9c,new_eval,True,rodent_no_tail_collisions.xml,0.1,32,3002,413.58178544044495,358.39849787715355,0.137768749313939,145.625,1.45625,0.0,0.6866952789699571,1.3668915483962678,31.18321162097277,0.03659129081615848,19.6631663087431,0.1578854931462179,0.08675939805224092,0.25593517315901276
expfm,explicit,zgwma7ta,RodentForwardModel_delay2_eff2-20260811-163022,failed,2,2,42,600000000,600064000.0,ef060b73,rodent_no_tail_collisions.xml,reference_root,NVIDIA A100-SXM4-80GB,0.25,eval3ds-n25-da25f356,train,True,rodent_no_tail_collisions.xml,0.25,673,502,42.30409222726128,18.82090148453832,0.08427110005430534,20.39821693907875,0.20398216939078753,0.0,4.902389277389277,1.5222604317629114,77.7220530074532,0.05280015416308992,28.043529439957283,0.1764857283039748,0.10072034693459946,1.3917535565110482
expfm,explicit,zgwma7ta,RodentForwardModel_delay2_eff2-20260811-163022,failed,2,2,42,600000000,600064000.0,ef060b73,rodent_no_tail_collisions.xml,reference_root,NVIDIA A100-SXM4-80GB,0.25,eval3ds-n25-da25f356,old_eval,True,rodent_no_tail_collisions.xml,0.25,169,502,41.85886326626208,17.795920221064048,0.08338418977343043,20.071005917159763,0.20071005917159765,0.0,4.982311320754716,1.4987116523109671,78.38994360127224,0.05277918057518382,27.786366114307413,0.17462487353911998,0.09898471991710199,1.4191748750775823
expfm,explicit,zgwma7ta,RodentForwardModel_delay2_eff2-20260811-163022,failed,2,2,42,600000000,600064000.0,ef060b73,rodent_no_tail_collisions.xml,reference_root,NVIDIA A100-SXM4-80GB,0.25,eval3ds-n25-da25f356,new_eval,True,rodent_no_tail_collisions.xml,0.25,32,3002,43.45867717266083,14.866112052574614,0.014476574674437317,20.1875,0.20187500000000003,0.0,4.953560371517027,1.4658543259479513,53.81690694014052,0.0488050702078445,27.631131754245985,0.15221302577928658,0.08740002414629998,1.4684407854741908
expfm,explicit,zq4rpcds,RodentForwardModel_delay12_eff12-20260811-174307,failed,12,12,42,600000000,600064000.0,ef060b73,rodent_no_tail_collisions.xml,reference_root,NVIDIA A100-SXM4-80GB,0.0,eval3ds-n00-6a6b8d4e,train,True,rodent_no_tail_collisions.xml,0.0,673,502,1817.6043170401813,527.3737830635462,3.6207257311557397,442.41604754829126,4.424160475482912,0.8098068350668648,0.04298966232963667,1.450207155396868,38.0821978044193,0.012273826936211082,4.5268617692439355,0.08062824377022541,0.04024950783478636,0.025849489815364068
expfm,explicit,zq4rpcds,RodentForwardModel_delay12_eff12-20260811-174307,failed,12,12,42,600000000,600064000.0,ef060b73,rodent_no_tail_collisions.xml,reference_root,NVIDIA A100-SXM4-80GB,0.0,eval3ds-n00-6a6b8d4e,old_eval,True,rodent_no_tail_collisions.xml,0.0,169,502,1634.8530300072664,676.7648014597514,3.256679342643957,404.3491124260355,4.043491124260355,0.7278106508875739,0.06731543133094316,1.4662261078930017,39.243084356497384,0.014474272954126477,6.238499236185136,0.09527071359483787,0.04794601723849766,0.030674674321172987
expfm,explicit,zq4rpcds,RodentForwardModel_delay12_eff12-20260811-174307,failed,12,12,42,600000000,600064000.0,ef060b73,rodent_no_tail_collisions.xml,reference_root,NVIDIA A100-SXM4-80GB,0.0,eval3ds-n00-6a6b8d4e,new_eval,True,rodent_no_tail_collisions.xml,0.0,32,3002,6185.19538974762,4193.322196556222,2.060358224432918,1616.75,16.1675,0.3125,0.042523581258698005,1.5297605431861463,14.228861963751523,0.015331251523850203,7.6292251419399975,0.10396493978039675,0.052175989179862305,0.05375231720207849
expfm,explicit,zq4rpcds,RodentForwardModel_delay12_eff12-20260811-174307,failed,12,12,42,600000000,600064000.0,ef060b73,rodent_no_tail_collisions.xml,reference_root,NVIDIA A100-SXM4-80GB,0.02,eval3ds-n02-a4e0be11,train,True,rodent_no_tail_collisions.xml,0.02,673,502,1267.0238218264983,655.1717230320353,2.5239518363077655,360.37295690936105,3.6037295690936104,0.5616641901931649,0.12163393545567372,1.5460841743905125,40.05947634971143,0.02303668794796262,12.48062287292488,0.1476657391660294,0.07290070729191532,0.06848803932065745
expfm,explicit,zq4rpcds,RodentForwardModel_delay12_eff12-20260811-174307,failed,12,12,42,600000000,600064000.0,ef060b73,rodent_no_tail_collisions.xml,reference_root,NVIDIA A100-SXM4-80GB,0.02,eval3ds-n02-a4e0be11,old_eval,True,rodent_no_tail_collisions.xml,0.02,169,502,1183.5620293250452,666.3645280974113,2.357693285508058,344.96449704142015,3.449644970414201,0.5325443786982249,0.13550832775862362,1.5748527251836602,41.0575273820625,0.024947167436097307,13.26110094163161,0.15805422665437427,0.07952635741385178,0.07289439931523856
expfm,explicit,zq4rpcds,RodentForwardModel_delay12_eff12-20260811-174307,failed,12,12,42,600000000,600064000.0,ef060b73,rodent_no_tail_collisions.xml,reference_root,NVIDIA A100-SXM4-80GB,0.02,eval3ds-n02-a4e0be11,new_eval,True,rodent_no_tail_collisions.xml,0.02,32,3002,3344.5321593284607,2875.639517148485,1.114101318896889,960.65625,9.606562499999999,0.03125,0.10084252301486615,1.5025421915764436,17.039968735901027,0.022844752743522802,12.938640730100277,0.1496038357672987,0.07752466348178796,0.06928711962358793
expfm,explicit,zq4rpcds,RodentForwardModel_delay12_eff12-20260811-174307,failed,12,12,42,600000000,600064000.0,ef060b73,rodent_no_tail_collisions.xml,reference_root,NVIDIA A100-SXM4-80GB,0.05,eval3ds-n05-7c60cd50,train,True,rodent_no_tail_collisions.xml,0.05,673,502,347.98533787946997,278.8595687731209,0.6931978842220518,137.12035661218425,1.3712035661218425,0.03566121842496284,0.7032790793437507,1.6100617027155624,44.820011110944435,0.0383403394817218,22.54874512152881,0.2158930751869356,0.11223664793159004,0.21660972714731497
expfm,explicit,zq4rpcds,RodentForwardModel_delay12_eff12-20260811-174307,failed,12,12,42,600000000,600064000.0,ef060b73,rodent_no_tail_collisions.xml,reference_root,NVIDIA A100-SXM4-80GB,0.05,eval3ds-n05-7c60cd50,old_eval,True,rodent_no_tail_collisions.xml,0.05,169,502,338.34830641887595,265.687226530314,0.6740006103961672,136.01183431952663,1.3601183431952661,0.041420118343195256,0.7047768206734535,1.6111794137723014,45.35035545671798,0.03968282047567903,22.267254954134174,0.22023445527399402,0.11367599379834359,0.2178113626077881
expfm,explicit,zq4rpcds,RodentForwardModel_delay12_eff12-20260811-174307,failed,12,12,42,600000000,600064000.0,ef060b73,rodent_no_tail_collisions.xml,reference_root,NVIDIA A100-SXM4-80GB,0.05,eval3ds-n05-7c60cd50,new_eval,True,rodent_no_tail_collisions.xml,0.05,32,3002,502.5551838874817,462.5429856412623,0.16740679010242562,201.09375,2.0109375,0.0,0.49728049728049734,1.5821348134603161,22.35594594168807,0.03415045023100817,22.942305129434494,0.196967698620003,0.10499547533036582,0.22225587440463945
expfm,explicit,zq4rpcds,RodentForwardModel_delay12_eff12-20260811-174307,failed,12,12,42,600000000,600064000.0,ef060b73,rodent_no_tail_collisions.xml,reference_root,NVIDIA A100-SXM4-80GB,0.1,eval3ds-n10-2726ab9c,train,True,rodent_no_tail_collisions.xml,0.1,673,502,110.45291564510623,68.30079225180842,0.22002572837670564,45.52897473997028,0.4552897473997028,0.0014858841010401136,2.1931399105773313,1.5307005478769533,54.66297023166376,0.04517681343307632,24.985703350590896,0.19233398564910398,0.10285651556303783,0.5332654012915189
expfm,explicit,zq4rpcds,RodentForwardModel_delay12_eff12-20260811-174307,failed,12,12,42,600000000,600064000.0,ef060b73,rodent_no_tail_collisions.xml,reference_root,NVIDIA A100-SXM4-80GB,0.1,eval3ds-n10-2726ab9c,old_eval,True,rodent_no_tail_collisions.xml,0.1,169,502,121.3718829521766,95.43529765961085,0.24177665926728406,51.68639053254438,0.5168639053254438,0.0,1.934745277618775,1.5306782836935955,54.588815870934255,0.045948378848874184,25.272867559193674,0.19795625892904375,0.10486615140542531,0.5299335321740545
expfm,explicit,zq4rpcds,RodentForwardModel_delay12_eff12-20260811-174307,failed,12,12,42,600000000,600064000.0,ef060b73,rodent_no_tail_collisions.xml,reference_root,NVIDIA A100-SXM4-80GB,0.1,eval3ds-n10-2726ab9c,new_eval,True,rodent_no_tail_collisions.xml,0.1,32,3002,132.15456759929657,70.30203814638283,0.04402217441682098,54.46875,0.5446875,0.0,1.8359150889271372,1.537485487539724,29.41623780713248,0.04217229403898018,23.76147312299111,0.17219635728680552,0.09288011415970193,0.5303403074415896
expfm,explicit,zq4rpcds,RodentForwardModel_delay12_eff12-20260811-174307,failed,12,12,42,600000000,600064000.0,ef060b73,rodent_no_tail_collisions.xml,reference_root,NVIDIA A100-SXM4-80GB,0.25,eval3ds-n25-da25f356,train,True,rodent_no_tail_collisions.xml,0.25,673,502,35.972154938979806,17.300147512272872,0.07165767916131435,17.087667161961367,0.17087667161961367,0.0,5.852173913043478,1.6133156095184733,77.62560947753069,0.055201077943232035,28.486798928620196,0.16586702578348084,0.09233564602008851,1.6632568667903251
expfm,explicit,zq4rpcds,RodentForwardModel_delay12_eff12-20260811-174307,failed,12,12,42,600000000,600064000.0,ef060b73,rodent_no_tail_collisions.xml,reference_root,NVIDIA A100-SXM4-80GB,0.25,eval3ds-n25-da25f356,old_eval,True,rodent_no_tail_collisions.xml,0.25,169,502,35.18008634465686,15.499558578370499,0.07007985327620887,16.28994082840237,0.1628994082840237,0.0,6.138757718852161,1.5972975106246479,78.5059665874767,0.05437594713305436,28.11083600516887,0.1647000842400593,0.09125931348117516,1.7100391732975244
expfm,explicit,zq4rpcds,RodentForwardModel_delay12_eff12-20260811-174307,failed,12,12,42,600000000,600064000.0,ef060b73,rodent_no_tail_collisions.xml,reference_root,NVIDIA A100-SXM4-80GB,0.25,eval3ds-n25-da25f356,new_eval,True,rodent_no_tail_collisions.xml,0.25,32,3002,39.42495679855347,13.927070218254194,0.01313289700151681,19.1875,0.19187500000000002,0.0,5.2117263843648205,1.580153628499649,46.93680505850187,0.051535205552563246,29.105546304716718,0.15157575183610256,0.08449999375327202,1.717467923197633
