wandb_id,condition,arm,seed,delay_k,step,reward_mean,lifespan_mean,fm_mse_eval,joint_l2_error,termination_rate
25io6a70,expfm,explicit,42,10,10076160,571.9202880859375,223.865234375,0.0612518675625324,2.5711960792541504,0.011677112430334
25io6a70,expfm,explicit,42,10,20070400,600.863037109375,213.7158203125,0.0582907050848007,2.360166311264038,0.0100958822295069
25io6a70,expfm,explicit,42,10,30064640,650.5127563476562,230.3046875,0.0542731806635856,2.248824119567871,0.0085683241486549
25io6a70,expfm,explicit,42,10,40058880,796.2301025390625,264.8466796875,0.0483474135398864,2.2139229774475098,0.0072841886430978
25io6a70,expfm,explicit,42,10,50053120,844.1296997070312,266.53125,0.0411230586469173,2.002858161926269,0.0066256383433938
25io6a70,expfm,explicit,42,10,60047360,862.697509765625,266.080078125,0.0407454073429107,1.8646039962768557,0.006823921110481
25io6a70,expfm,explicit,42,10,70041600,902.119140625,273.4091796875,0.0406550019979476,1.8280041217803955,0.0061789951287209
25io6a70,expfm,explicit,42,10,80035840,943.7327270507812,276.9560546875,0.03897300735116,1.764686107635498,0.0056869266554713
25io6a70,expfm,explicit,42,10,90030080,967.6674194335938,283.3935546875,0.0373416617512702,1.7727274894714355,0.0054328949190676
25io6a70,expfm,explicit,42,10,100024320,984.9834594726562,286.4169921875,0.036650076508522,1.725588083267212,0.0052106878720223
25io6a70,expfm,explicit,42,10,110018560,991.4271240234376,284.3671875,0.0360609516501426,1.7068259716033936,0.0052098329178988
25io6a70,expfm,explicit,42,10,120012800,1070.2608642578125,308.05859375,0.0389322564005851,1.722545862197876,0.0042811902239918
25io6a70,expfm,explicit,42,10,130007040,1074.942138671875,308.681640625,0.041461557149887,1.7345550060272217,0.0044224336743354
25io6a70,expfm,explicit,42,10,140001280,1145.739501953125,325.3095703125,0.0415288023650646,1.710916519165039,0.003763243323192
25io6a70,expfm,explicit,42,10,150077440,1261.988037109375,355.4267578125,0.0398910716176033,1.71397864818573,0.0031681447289884
25io6a70,expfm,explicit,42,10,160071680,1272.756103515625,356.6240234375,0.0404418185353279,1.7581181526184082,0.0028536701574921
25io6a70,expfm,explicit,42,10,170065920,1288.9188232421875,358.1884765625,0.0411326736211776,1.6824026107788086,0.002982668345794
25io6a70,expfm,explicit,42,10,180060160,1372.121337890625,367.888671875,0.0400314331054687,1.583640217781067,0.0026387220714241
25io6a70,expfm,explicit,42,10,190054400,1361.3779296875,368.068359375,0.037154771387577,1.5792653560638428,0.0023057947400957
25io6a70,expfm,explicit,42,10,200048640,1414.699951171875,371.5595703125,0.0382516346871852,1.5384018421173096,0.0025427318178117
25io6a70,expfm,explicit,42,10,210042880,1462.70654296875,383.6787109375,0.0355706922709941,1.533517360687256,0.0021848641335964
25io6a70,expfm,explicit,42,10,220037120,1511.70361328125,391.5009765625,0.0348739922046661,1.5228055715560913,0.0019171421881765
25io6a70,expfm,explicit,42,10,230031360,1523.81005859375,389.0791015625,0.0333127081394195,1.482712745666504,0.0019219941459596
25io6a70,expfm,explicit,42,10,240025600,1525.093994140625,386.26171875,0.0420196317136287,1.4946553707122805,0.002114466857165
25io6a70,expfm,explicit,42,10,250019840,1578.5234375,400.837890625,0.0326065979897975,1.4902669191360474,0.0015851078787818
25io6a70,expfm,explicit,42,10,260014080,1540.969970703125,387.4765625,0.0311276763677597,1.4732234477996826,0.002070978982374
25io6a70,expfm,explicit,42,10,270008320,1576.8642578125,400.0849609375,0.0316485576331615,1.5127801895141602,0.0017242631874978
25io6a70,expfm,explicit,42,10,280002560,1610.84033203125,403.05859375,0.0306754019111394,1.4806294441223145,0.0015382326673716
25io6a70,expfm,explicit,42,10,290078720,1586.999267578125,397.654296875,0.030810322612524,1.4641603231430054,0.0016795243136584
25io6a70,expfm,explicit,42,10,300072960,1631.7525634765625,406.607421875,0.0298720058053731,1.4742249250411987,0.0013362923637032
25io6a70,expfm,explicit,42,10,310067200,1641.3160400390625,406.24609375,0.0295473858714103,1.449137806892395,0.0013301649596542
25io6a70,expfm,explicit,42,10,320061440,1683.2021484375,415.916015625,0.0268077440559864,1.4143471717834473,0.0009685426484793
25io6a70,expfm,explicit,42,10,330055680,1609.8099365234375,395.5068359375,0.0296070538461208,1.4393773078918457,0.0018322325777262
25io6a70,expfm,explicit,42,10,340049920,1586.3095703125,392.9140625,0.0312425903975963,1.4304094314575195,0.0019397133728489
25io6a70,expfm,explicit,42,10,350044160,1629.4229736328125,399.701171875,0.0289392881095409,1.396841049194336,0.0015631054993718
25io6a70,expfm,explicit,42,10,360038400,1667.8544921875,411.046875,0.0266534443944692,1.4280503988265991,0.0010558294598013
25io6a70,expfm,explicit,42,10,370032640,1688.85791015625,413.2548828125,0.0261079389601945,1.389857530593872,0.0011016111820936
25io6a70,expfm,explicit,42,10,380026880,1689.6298828125,412.08203125,0.0264375656843185,1.389854907989502,0.0010427454253658
25io6a70,expfm,explicit,42,10,390021120,1688.916259765625,410.4443359375,0.0259016826748847,1.37732195854187,0.0011316412128508
25io6a70,expfm,explicit,42,10,400015360,1740.010498046875,422.046875,0.0258054975420236,1.368469476699829,0.0008853418985381
25io6a70,expfm,explicit,42,10,410009600,1691.2587890625,409.6455078125,0.0254134461283683,1.3541724681854248,0.0011736890301108
25io6a70,expfm,explicit,42,10,420003840,1706.3575439453125,415.2802734375,0.0245805457234382,1.3953099250793457,0.0009720733505673
25io6a70,expfm,explicit,42,10,430080000,1743.8619384765625,423.4853515625,0.0229180268943309,1.3858606815338137,0.0006755237118341
25io6a70,expfm,explicit,42,10,440074240,1702.9217529296875,413.2412109375,0.0258873160928487,1.3767961263656616,0.001033078180626
25io6a70,expfm,explicit,42,10,450068480,1645.2669677734375,402.125,0.0297400187700986,1.419318675994873,0.0015273008029907
25io6a70,expfm,explicit,42,10,460062720,1757.97509765625,424.5361328125,0.022688640281558,1.3717772960662842,0.0006923007895238
25io6a70,expfm,explicit,42,10,470056960,1753.331787109375,422.744140625,0.0236698985099792,1.3764057159423828,0.0007541601080447
25io6a70,expfm,explicit,42,10,480051200,1666.682373046875,408.353515625,0.0332177057862281,1.420634627342224,0.0011714177671819
25io6a70,expfm,explicit,42,10,490045440,1751.4075927734375,422.2451171875,0.0228629074990749,1.3596116304397583,0.0007464998634532
25io6a70,expfm,explicit,42,10,500039680,1773.1876220703125,426.625,0.0222344398498535,1.3634291887283323,0.0006137517630122
25io6a70,expfm,explicit,42,10,510033920,1750.4300537109375,420.6865234375,0.023254619911313,1.3555538654327393,0.0008154109236784
25io6a70,expfm,explicit,42,10,520028160,1719.172607421875,415.0908203125,0.0238031726330518,1.4095044136047363,0.0009585897205397
25io6a70,expfm,explicit,42,10,530022400,1716.247314453125,411.11328125,0.0247592069208621,1.403668761253357,0.001241261488758
25io6a70,expfm,explicit,42,10,540016640,1751.2763671875,419.3642578125,0.0230875499546527,1.3568408489227295,0.0008951132185757
25io6a70,expfm,explicit,42,10,550010880,1757.64111328125,423.158203125,0.0225527621805667,1.3469088077545166,0.0007184021524153
25io6a70,expfm,explicit,42,10,560005120,1770.86181640625,423.0859375,0.0227590780705213,1.3702609539031982,0.0007268974441103
25io6a70,expfm,explicit,42,10,570081280,1786.588134765625,425.19140625,0.0237194877117872,1.337185263633728,0.0007078753551468
25io6a70,expfm,explicit,42,10,580075520,1777.0650634765625,422.947265625,0.0225126519799232,1.3590352535247805,0.0007187881856225
25io6a70,expfm,explicit,42,10,590069760,1788.3836669921875,429.6279296875,0.022914333269,1.3937335014343262,0.0005009565502405
25io6a70,expfm,explicit,42,10,600064000,1797.570556640625,427.91796875,0.02257108874619,1.339317798614502,0.0005795549368485
2696la26,expfm,explicit,42,7,10076160,594.953857421875,230.4267578125,0.0501622259616851,2.6098999977111816,0.0105448486283421
2696la26,expfm,explicit,42,7,20070400,588.9140625,217.47265625,0.0522356182336807,2.4806113243103027,0.0101743750274181
2696la26,expfm,explicit,42,7,30064640,687.9736328125,235.693359375,0.0495045632123947,2.2906365394592285,0.0090089850127696
2696la26,expfm,explicit,42,7,40058880,808.6370239257812,263.7236328125,0.0384612083435058,2.034083604812622,0.0071327844634652
2696la26,expfm,explicit,42,7,50053120,854.7643432617188,271.119140625,0.0344102643430233,1.970254898071289,0.0064816186204552
2696la26,expfm,explicit,42,7,60047360,911.9558715820312,276.4619140625,0.0327678099274635,1.8048852682113647,0.006337652914226
2696la26,expfm,explicit,42,7,70041600,921.223388671875,277.2451171875,0.0318616740405559,1.755605697631836,0.0058209411799907
2696la26,expfm,explicit,42,7,80035840,973.39404296875,284.6826171875,0.0322901234030723,1.7605100870132446,0.0052899927832186
2696la26,expfm,explicit,42,7,90030080,985.55126953125,285.318359375,0.0331568606197834,1.7170487642288208,0.0052102245390415
2696la26,expfm,explicit,42,7,100024320,1003.1524658203124,288.6591796875,0.0337942987680435,1.7228285074234009,0.0050494354218244
2696la26,expfm,explicit,42,7,110018560,1028.9869384765625,298.43359375,0.0306720342487096,1.6687185764312744,0.0045288475230336
2696la26,expfm,explicit,42,7,120012800,1040.714111328125,294.2529296875,0.0341710709035396,1.7236108779907229,0.0049777994863688
2696la26,expfm,explicit,42,7,130007040,1095.0474853515625,311.380859375,0.0357179380953311,1.7383934259414673,0.0042004198767244
2696la26,expfm,explicit,42,7,140001280,1158.052001953125,326.0771484375,0.035167958587408,1.725265383720398,0.003679045010358
2696la26,expfm,explicit,42,7,150077440,1198.1708984375,331.01171875,0.0371894165873527,1.6176085472106934,0.0035032695159316
2696la26,expfm,explicit,42,7,160071680,1363.72119140625,364.330078125,0.0337602570652961,1.5597898960113523,0.0026818595360964
2696la26,expfm,explicit,42,7,170065920,1360.65234375,356.8544921875,0.0340017080307006,1.5113999843597412,0.0028403520118445
2696la26,expfm,explicit,42,7,180060160,1447.5699462890625,375.4609375,0.0324366763234138,1.500596284866333,0.002422307152301
2696la26,expfm,explicit,42,7,190054400,1504.2333984375,386.064453125,0.0310694053769111,1.4990816116333008,0.002162205055356
2696la26,expfm,explicit,42,7,200048640,1523.25,385.75,0.0291005969047546,1.5022826194763184,0.0021685597021132
2696la26,expfm,explicit,42,7,210042880,1570.217529296875,394.3154296875,0.0282594356685876,1.485229253768921,0.0017818794585764
2696la26,expfm,explicit,42,7,220037120,1577.24560546875,394.185546875,0.0280654821544885,1.4569772481918335,0.0018843312282115
2696la26,expfm,explicit,42,7,230031360,1602.7984619140625,398.2900390625,0.0276416968554258,1.4311100244522097,0.0017140835989266
2696la26,expfm,explicit,42,7,240025600,1582.66357421875,396.2734375,0.0274506416171789,1.4588414430618286,0.00168760237284
2696la26,expfm,explicit,42,7,250019840,1628.0565185546875,403.0263671875,0.025837143883109,1.4296268224716189,0.0014515990624204
2696la26,expfm,explicit,42,7,260014080,1670.845947265625,411.5791015625,0.024878654628992,1.4368525743484497,0.0010879358742386
2696la26,expfm,explicit,42,7,270008320,1629.34765625,399.921875,0.0259127728641033,1.4320521354675293,0.0014102607965469
2696la26,expfm,explicit,42,7,280002560,1676.880126953125,412.1552734375,0.0242601297795772,1.4331473112106323,0.0010778889991343
2696la26,expfm,explicit,42,7,290078720,1708.547607421875,419.009765625,0.022825026884675,1.416023015975952,0.0008279916364699
2696la26,expfm,explicit,42,7,300072960,1711.335693359375,418.5673828125,0.0224742442369461,1.4181838035583496,0.0008340600179508
2696la26,expfm,explicit,42,7,310067200,1692.610595703125,410.3095703125,0.023128580302,1.3985676765441897,0.0011607656488195
2696la26,expfm,explicit,42,7,320061440,1707.208740234375,413.1572265625,0.0235567465424537,1.3890137672424316,0.0011113866930827
2696la26,expfm,explicit,42,7,330055680,1706.325927734375,416.2353515625,0.0237906910479068,1.450897216796875,0.0009636051254346
2696la26,expfm,explicit,42,7,340049920,1771.6732177734375,428.62890625,0.022919600829482,1.3980042934417725,0.0005348260747268
2696la26,expfm,explicit,42,7,350044160,1692.6864013671875,410.384765625,0.0277764201164245,1.412757158279419,0.0011470802128314
2696la26,expfm,explicit,42,7,360038400,1778.00439453125,425.185546875,0.0219450518488883,1.3657419681549072,0.0006951729301363
2696la26,expfm,explicit,42,7,370032640,1772.0252685546875,423.529296875,0.0204708650708198,1.3704986572265625,0.0007000768091529
2696la26,expfm,explicit,42,7,380026880,1756.1982421875,420.8115234375,0.0230226591229438,1.3854974508285522,0.0009720718953758
2696la26,expfm,explicit,42,7,390021120,1786.9154052734375,425.109375,0.0199164878576993,1.3516485691070557,0.0007266835309565
2696la26,expfm,explicit,42,7,400015360,1808.1484375,430.9453125,0.019174113869667,1.346285343170166,0.0005049597821198
2696la26,expfm,explicit,42,7,410009600,1821.093505859375,434.3125,0.0194847956299781,1.3487772941589355,0.0004179650277364
2696la26,expfm,explicit,42,7,420003840,1800.528076171875,428.1220703125,0.0193306356668472,1.349442720413208,0.0006057441351003
2696la26,expfm,explicit,42,7,430080000,1815.948486328125,430.5908203125,0.0190695915371179,1.3468194007873535,0.0005206146743148
2696la26,expfm,explicit,42,7,440074240,1819.675048828125,434.033203125,0.0198583118617534,1.369111180305481,0.0004146850842516
2696la26,expfm,explicit,42,7,450068480,1814.330322265625,430.3310546875,0.0196424126625061,1.3514316082000732,0.0005088096950203
2696la26,expfm,explicit,42,7,460062720,1844.172607421875,437.6435546875,0.0194224696606397,1.3650734424591064,0.0002833515463862
2696la26,expfm,explicit,42,7,470056960,1831.0703125,432.572265625,0.0186789371073246,1.3360793590545654,0.0004683269653469
2696la26,expfm,explicit,42,7,480051200,1787.9979248046875,425.193359375,0.0191873870790004,1.3627445697784424,0.0007296386756934
2696la26,expfm,explicit,42,7,490045440,1853.9609375,437.3935546875,0.0172653272747993,1.3200725317001345,0.0003293711342848
2696la26,expfm,explicit,42,7,500039680,1818.34814453125,429.6708984375,0.0187228191643953,1.34095299243927,0.0005548174958676
2696la26,expfm,explicit,42,7,510033920,1839.429443359375,434.609375,0.0185461714863777,1.3290425539016724,0.0003705779963638
2696la26,expfm,explicit,42,7,520028160,1854.407958984375,436.9716796875,0.0173960141837596,1.318596601486206,0.0002953475923277
2696la26,expfm,explicit,42,7,530022400,1864.5999755859373,438.482421875,0.0190606955438852,1.311639428138733,0.0002561445871833
2696la26,expfm,explicit,42,7,540016640,1832.1397705078125,432.4521484375,0.0174792353063821,1.3348042964935305,0.0004474755260162
2696la26,expfm,explicit,42,7,550010880,1867.3883056640625,437.953125,0.0166456811130046,1.327938199043274,0.0002744010125752
2696la26,expfm,explicit,42,7,560005120,1864.234375,437.56640625,0.0191012937575578,1.3371241092681885,0.0003258667129557
2696la26,expfm,explicit,42,7,570081280,1872.7178955078125,439.6943359375,0.0168094262480735,1.320275068283081,0.0002344352396903
2696la26,expfm,explicit,42,7,580075520,1869.7021484375,437.8115234375,0.0171102136373519,1.3046419620513916,0.0003105695941485
2696la26,expfm,explicit,42,7,590069760,1878.132080078125,438.40234375,0.0167656410485506,1.3184312582015991,0.0002743336081039
2696la26,expfm,explicit,42,7,600064000,1874.2266845703125,439.80859375,0.0178921949118375,1.337073802947998,0.0002641049504745
3osnm0o6,expfm,explicit,42,25,10076160,556.635498046875,221.509765625,0.0925320386886596,2.691007375717163,0.0106569761410355
3osnm0o6,expfm,explicit,42,25,20070400,613.3233642578125,225.0341796875,0.0795755535364151,2.397218942642212,0.0094498433172702
3osnm0o6,expfm,explicit,42,25,30064640,683.63037109375,245.8037109375,0.0702544599771499,2.359727382659912,0.0082038147374987
3osnm0o6,expfm,explicit,42,25,40058880,799.0739135742188,270.48046875,0.0599643364548683,2.166322469711304,0.0069102398119866
3osnm0o6,expfm,explicit,42,25,50053120,809.6607055664062,268.9287109375,0.0619038455188274,2.1325974464416504,0.0067602591589093
3osnm0o6,expfm,explicit,42,25,60047360,839.713623046875,270.5576171875,0.0600255280733108,2.0401172637939453,0.0064472071826457
3osnm0o6,expfm,explicit,42,25,70041600,879.46630859375,276.587890625,0.0575810894370079,2.027474880218506,0.0060240076854825
3osnm0o6,expfm,explicit,42,25,80035840,884.5142822265625,275.048828125,0.0562333017587661,1.928144454956055,0.0057003428228199
3osnm0o6,expfm,explicit,42,25,90030080,905.81201171875,278.236328125,0.0534975565969944,1.876596450805664,0.005920953117311
3osnm0o6,expfm,explicit,42,25,100024320,909.6420288085938,277.013671875,0.0504987314343452,1.8232053518295288,0.0057540088891983
3osnm0o6,expfm,explicit,42,25,110018560,924.260498046875,283.5966796875,0.0511052757501602,1.8657341003417969,0.0054311165586113
3osnm0o6,expfm,explicit,42,25,120012800,944.24755859375,283.2958984375,0.0514242276549339,1.7812004089355469,0.0055875028483569
3osnm0o6,expfm,explicit,42,25,130007040,968.2430419921876,288.80859375,0.052753634750843,1.8189648389816284,0.0052314158529043
3osnm0o6,expfm,explicit,42,25,140001280,1020.9385375976562,302.0458984375,0.0518739596009254,1.8097115755081177,0.0044173197820782
3osnm0o6,expfm,explicit,42,25,150077440,1091.5982666015625,323.9072265625,0.0579867735505104,1.826045513153076,0.0040765306912362
3osnm0o6,expfm,explicit,42,25,160071680,1130.5301513671875,333.755859375,0.0609951540827751,1.811152458190918,0.0037205149419605
3osnm0o6,expfm,explicit,42,25,170065920,1157.171630859375,334.5537109375,0.0601807758212089,1.7563226222991943,0.0037990815471857
3osnm0o6,expfm,explicit,42,25,180060160,1216.5537109375,352.2431640625,0.059710219502449,1.82111930847168,0.0032177197281271
3osnm0o6,expfm,explicit,42,25,190054400,1232.72314453125,354.0498046875,0.0623315945267677,1.7530460357666016,0.0032923866529017
3osnm0o6,expfm,explicit,42,25,200048640,1293.51513671875,364.630859375,0.0552541613578796,1.680698037147522,0.0028847986832261
3osnm0o6,expfm,explicit,42,25,210042880,1301.086181640625,362.7236328125,0.0565153956413269,1.6409876346588137,0.0029209931381046
3osnm0o6,expfm,explicit,42,25,220037120,1310.858642578125,364.5751953125,0.0536209195852279,1.6335103511810305,0.0027451154310256
3osnm0o6,expfm,explicit,42,25,230031360,1321.1973876953125,365.0263671875,0.0570387914776802,1.625166416168213,0.0026808409020304
3osnm0o6,expfm,explicit,42,25,240025600,1272.81201171875,349.92578125,0.0575081519782543,1.613277554512024,0.0032658735290169
3osnm0o6,expfm,explicit,42,25,250019840,1306.7490234375,360.1494140625,0.0561321601271629,1.6396245956420898,0.0027835469227284
3osnm0o6,expfm,explicit,42,25,260014080,1344.7158203125,364.8359375,0.0569450370967388,1.5977619886398315,0.0026792776770889
3osnm0o6,expfm,explicit,42,25,270008320,1357.160400390625,362.673828125,0.0560119524598121,1.5922770500183103,0.0029231393709778
3osnm0o6,expfm,explicit,42,25,280002560,1397.2239990234375,371.7158203125,0.054530806839466,1.5734333992004397,0.0025176382623612
3osnm0o6,expfm,explicit,42,25,290078720,1370.352294921875,365.7568359375,0.0543418005108833,1.5926759243011477,0.0025805076584219
3osnm0o6,expfm,explicit,42,25,300072960,1371.698486328125,367.1435546875,0.0581110678613185,1.5964982509613037,0.0024971971288323
3osnm0o6,expfm,explicit,42,25,310067200,1403.07421875,370.560546875,0.0513204112648963,1.564443826675415,0.002573188394308
3osnm0o6,expfm,explicit,42,25,320061440,1456.2806396484375,383.482421875,0.048457708209753,1.5303196907043457,0.0020723389461636
3osnm0o6,expfm,explicit,42,25,330055680,1440.3038330078125,378.4716796875,0.0502501167356967,1.539000153541565,0.0022331299260258
3osnm0o6,expfm,explicit,42,25,340049920,1436.467529296875,379.6865234375,0.0481241308152675,1.5698164701461792,0.0021440512500703
3osnm0o6,expfm,explicit,42,25,350044160,1471.94384765625,383.8193359375,0.0468027628958225,1.5527390241622925,0.0021433569490909
3osnm0o6,expfm,explicit,42,25,360038400,1500.97900390625,389.4326171875,0.0472950898110866,1.53434157371521,0.0018795082578435
3osnm0o6,expfm,explicit,42,25,370032640,1469.57763671875,379.9609375,0.0481532737612724,1.502976655960083,0.0023703626357018
3osnm0o6,expfm,explicit,42,25,380026880,1464.600341796875,380.53515625,0.0476582273840904,1.532065749168396,0.0022186471614986
3osnm0o6,expfm,explicit,42,25,390021120,1481.3787841796875,383.0537109375,0.0488838776946067,1.5416712760925293,0.0022393565159291
3osnm0o6,expfm,explicit,42,25,400015360,1490.677490234375,385.2919921875,0.050369244068861,1.5367783308029177,0.0021076507400721
3osnm0o6,expfm,explicit,42,25,410009600,1545.1053466796875,396.3798828125,0.0474115647375583,1.5014841556549072,0.0015915506519377
3osnm0o6,expfm,explicit,42,25,420003840,1488.010498046875,384.14453125,0.0507283248007297,1.5164930820465088,0.0021107636857777
3osnm0o6,expfm,explicit,42,25,430080000,1523.579345703125,391.6875,0.0466446205973625,1.526899337768555,0.0018498892895877
3osnm0o6,expfm,explicit,42,25,440074240,1509.80126953125,388.2197265625,0.0456799641251564,1.515125751495361,0.0019881303887814
3osnm0o6,expfm,explicit,42,25,450068480,1503.8013916015625,391.0205078125,0.0455919653177261,1.5237467288970947,0.0017709762323647
3osnm0o6,expfm,explicit,42,25,460062720,1512.681396484375,386.765625,0.0477750413119792,1.510928511619568,0.0020013835746794
3osnm0o6,expfm,explicit,42,25,470056960,1545.1671142578125,398.6845703125,0.045284129679203,1.5293978452682495,0.0015172697603702
3osnm0o6,expfm,explicit,42,25,480051200,1551.336669921875,400.6806640625,0.0438320972025394,1.5572841167449951,0.0014293667627498
3osnm0o6,expfm,explicit,42,25,490045440,1532.681396484375,392.1767578125,0.0438587367534637,1.5219932794570925,0.001817314652726
3osnm0o6,expfm,explicit,42,25,500039680,1533.3165283203125,392.615234375,0.0448437333106994,1.530966877937317,0.0018642725190147
3osnm0o6,expfm,explicit,42,25,510033920,1571.5142822265625,399.3466796875,0.0443074218928813,1.530064821243286,0.0014892052859067
3osnm0o6,expfm,explicit,42,25,520028160,1583.628173828125,402.521484375,0.044191189110279,1.525885820388794,0.0014413968892768
3osnm0o6,expfm,explicit,42,25,530022400,1570.924072265625,400.892578125,0.0446134991943836,1.52024507522583,0.0015210852725431
3osnm0o6,expfm,explicit,42,25,540016640,1562.959228515625,397.8662109375,0.0454766601324081,1.5058046579360962,0.0015765618300065
3osnm0o6,expfm,explicit,42,25,550010880,1610.8349609375,407.37890625,0.0406094938516616,1.4753034114837646,0.001273505273275
3osnm0o6,expfm,explicit,42,25,560005120,1589.2620849609375,402.2822265625,0.0399130880832672,1.4940241575241089,0.0013518540654331
3osnm0o6,expfm,explicit,42,25,570081280,1568.710205078125,400.4443359375,0.04586623609066,1.525808334350586,0.0015569133684039
3osnm0o6,expfm,explicit,42,25,580075520,1591.0008544921875,403.4345703125,0.0416218154132366,1.491811752319336,0.0013977896887809
3osnm0o6,expfm,explicit,42,25,590069760,1570.407470703125,396.248046875,0.0421459563076496,1.4896845817565918,0.0017048674635589
3osnm0o6,expfm,explicit,42,25,600064000,1606.809326171875,404.1181640625,0.0426756888628006,1.4844437837600708,0.0013843518681824
48icppj0,expfm,explicit,42,20,10076160,516.6556396484375,202.6787109375,0.0789734870195388,2.489545583724976,0.0111641278490424
48icppj0,expfm,explicit,42,20,20070400,629.8435668945312,228.5078125,0.0696480870246887,2.38329815864563,0.0094048408791422
48icppj0,expfm,explicit,42,20,30064640,709.855712890625,253.3125,0.0631465017795562,2.3123903274536133,0.0076806261204183
48icppj0,expfm,explicit,42,20,40058880,767.960693359375,262.4365234375,0.0537928193807601,2.087355613708496,0.0071192518807947
48icppj0,expfm,explicit,42,20,50053120,848.9324951171875,273.298828125,0.053797535598278,1.9984254837036133,0.006490496918559
48icppj0,expfm,explicit,42,20,60047360,866.8211669921875,275.1728515625,0.0487515404820442,1.926070094108581,0.0062282504513859
48icppj0,expfm,explicit,42,20,70041600,893.8065185546875,275.6728515625,0.0482441298663616,1.8666404485702517,0.005903341807425
48icppj0,expfm,explicit,42,20,80035840,935.449462890625,283.634765625,0.045501209795475,1.813686847686768,0.0055367345921695
48icppj0,expfm,explicit,42,20,90030080,927.6259155273438,280.71484375,0.0486054308712482,1.7724053859710691,0.0057342541404068
48icppj0,expfm,explicit,42,20,100024320,956.270263671875,287.5546875,0.0484640076756477,1.8196721076965328,0.0053127584978938
48icppj0,expfm,explicit,42,20,110018560,975.4693603515624,290.0283203125,0.0450171157717704,1.7898461818695068,0.0048757372424006
48icppj0,expfm,explicit,42,20,120012800,1040.5284423828125,308.46484375,0.0537777505815029,1.817127704620361,0.0044741705060005
48icppj0,expfm,explicit,42,20,130007040,1108.787353515625,323.9404296875,0.0504835769534111,1.7409231662750244,0.0042845895513892
48icppj0,expfm,explicit,42,20,140001280,1215.818359375,349.9189453125,0.0511534363031387,1.7300550937652588,0.0031617917120456
48icppj0,expfm,explicit,42,20,150077440,1194.99658203125,347.5205078125,0.0495584160089492,1.7418980598449707,0.0032252517994493
48icppj0,expfm,explicit,42,20,160071680,1247.519287109375,357.0830078125,0.0509730540215969,1.7110462188720703,0.0029215095564723
48icppj0,expfm,explicit,42,20,170065920,1265.3160400390625,358.2880859375,0.0546327605843544,1.704537868499756,0.0029929671436548
48icppj0,expfm,explicit,42,20,180060160,1301.3310546875,364.025390625,0.04905466735363,1.6538817882537842,0.0027182861231267
48icppj0,expfm,explicit,42,20,190054400,1273.943603515625,357.083984375,0.0495806634426116,1.6436901092529297,0.002845655195415
48icppj0,expfm,explicit,42,20,200048640,1254.90966796875,350.4677734375,0.0508415289223194,1.6267746686935425,0.0030956910923123
48icppj0,expfm,explicit,42,20,210042880,1332.789306640625,364.1953125,0.0490068718791008,1.5612303018569946,0.0027640433982014
48icppj0,expfm,explicit,42,20,220037120,1364.5595703125,367.1337890625,0.0496267229318618,1.559416890144348,0.0027202076744288
48icppj0,expfm,explicit,42,20,230031360,1322.0240478515625,356.291015625,0.0489765033125877,1.5448967218399048,0.0029802066273987
48icppj0,expfm,explicit,42,20,240025600,1360.028564453125,368.5390625,0.0489793717861175,1.591221809387207,0.0024539791047573
48icppj0,expfm,explicit,42,20,250019840,1388.349365234375,365.9931640625,0.0478749424219131,1.5387542247772217,0.0028577209450304
48icppj0,expfm,explicit,42,20,260014080,1408.177734375,371.396484375,0.0487276837229728,1.554105281829834,0.0025647217407822
48icppj0,expfm,explicit,42,20,270008320,1446.68310546875,380.986328125,0.0467911288142204,1.530182719230652,0.002224653493613
48icppj0,expfm,explicit,42,20,280002560,1461.781982421875,380.27734375,0.0442203134298324,1.4810391664505005,0.0022046698722988
48icppj0,expfm,explicit,42,20,290078720,1449.2611083984375,376.9482421875,0.0469530224800109,1.515589475631714,0.0022442403715103
48icppj0,expfm,explicit,42,20,300072960,1494.7763671875,386.3828125,0.0427058339118957,1.5075923204421997,0.0019657872617244
48icppj0,expfm,explicit,42,20,310067200,1487.945068359375,391.0439453125,0.0458444915711879,1.5612397193908691,0.0018727316055446
48icppj0,expfm,explicit,42,20,320061440,1498.7161865234375,388.9609375,0.0435262694954872,1.5028622150421145,0.0019313326338306
48icppj0,expfm,explicit,42,20,330055680,1497.63232421875,385.767578125,0.0450723804533481,1.5103216171264648,0.0020778249017894
48icppj0,expfm,explicit,42,20,340049920,1541.05224609375,396.439453125,0.0392513386905193,1.5042858123779297,0.0015033497475087
48icppj0,expfm,explicit,42,20,350044160,1531.2080078125,388.93359375,0.0410844087600708,1.4841482639312744,0.0020370227284729
48icppj0,expfm,explicit,42,20,360038400,1539.012451171875,393.58984375,0.0427491404116153,1.530982494354248,0.0017333367140963
48icppj0,expfm,explicit,42,20,370032640,1508.5130615234375,383.6923828125,0.0421043634414672,1.4912482500076294,0.0020755839068442
48icppj0,expfm,explicit,42,20,380026880,1494.341796875,381.8330078125,0.0443953052163124,1.5114351511001587,0.002173826098442
48icppj0,expfm,explicit,42,20,390021120,1539.9302978515625,393.0302734375,0.0404387712478637,1.517145752906799,0.0017902592662721
48icppj0,expfm,explicit,42,20,400015360,1514.821044921875,387.78125,0.0444130338728427,1.5180816650390625,0.0020690611563622
48icppj0,expfm,explicit,42,20,410009600,1546.736083984375,393.150390625,0.0408578254282474,1.4696065187454224,0.0018976165447384
48icppj0,expfm,explicit,42,20,420003840,1540.3851318359375,389.66796875,0.0424097813665866,1.5018609762191772,0.0019735002424567
48icppj0,expfm,explicit,42,20,430080000,1528.274658203125,388.703125,0.0430497080087661,1.4916627407073977,0.0019745156168937
48icppj0,expfm,explicit,42,20,440074240,1574.348388671875,397.1962890625,0.0384407192468643,1.4973483085632324,0.0016923290677368
48icppj0,expfm,explicit,42,20,450068480,1601.4779052734375,402.4775390625,0.0376503989100456,1.468810796737671,0.0015008199261501
48icppj0,expfm,explicit,42,20,460062720,1597.663330078125,402.4892578125,0.0381454788148403,1.4777833223342896,0.0014139447594061
48icppj0,expfm,explicit,42,20,470056960,1592.1005859375,403.1162109375,0.0370915010571479,1.4728623628616333,0.0014090237673372
48icppj0,expfm,explicit,42,20,480051200,1561.69677734375,392.9384765625,0.0403283536434173,1.4705686569213867,0.0017964339349418
48icppj0,expfm,explicit,42,20,490045440,1604.144287109375,401.482421875,0.0378701463341712,1.4549038410186768,0.0015621532220393
48icppj0,expfm,explicit,42,20,500039680,1611.553466796875,404.3037109375,0.0381700545549392,1.432361125946045,0.001403889269568
48icppj0,expfm,explicit,42,20,510033920,1616.851318359375,404.11328125,0.038446806371212,1.4587833881378174,0.0013445713557302
48icppj0,expfm,explicit,42,20,520028160,1600.4439697265625,401.734375,0.0386669933795928,1.4792976379394531,0.0015268983552232
48icppj0,expfm,explicit,42,20,530022400,1633.2940673828125,407.8271484375,0.0410230904817581,1.4533323049545288,0.0012976893922314
48icppj0,expfm,explicit,42,20,540016640,1625.44775390625,405.6015625,0.0408645272254943,1.488003134727478,0.0013303868472576
48icppj0,expfm,explicit,42,20,550010880,1643.828857421875,409.2421875,0.0369807966053485,1.4462623596191406,0.0012746921274811
48icppj0,expfm,explicit,42,20,560005120,1636.148681640625,406.505859375,0.0355801954865455,1.4490511417388916,0.001273185480386
48icppj0,expfm,explicit,42,20,570081280,1611.8511962890625,400.517578125,0.0364955738186836,1.43694007396698,0.0014821571530774
48icppj0,expfm,explicit,42,20,580075520,1633.987060546875,404.9130859375,0.0386535786092281,1.4543836116790771,0.0013046177336946
48icppj0,expfm,explicit,42,20,590069760,1654.304443359375,409.716796875,0.0350081399083137,1.4521533250808716,0.0012244934914633
48icppj0,expfm,explicit,42,20,600064000,1639.313720703125,402.873046875,0.0367161743342876,1.3978328704833984,0.0014894697815179
6cbzq5on,expfm,explicit,42,50,10076160,497.21868896484375,204.0224609375,0.1152426525950431,2.624715805053711,0.0122555373236536
6cbzq5on,expfm,explicit,42,50,20070400,539.935302734375,212.4013671875,0.1110942587256431,2.3122239112854004,0.0096660209819674
6cbzq5on,expfm,explicit,42,50,30064640,702.390869140625,250.505859375,0.0917253494262695,2.307950973510742,0.0080190263688564
6cbzq5on,expfm,explicit,42,50,40058880,743.9984130859375,260.2822265625,0.0851726979017257,2.2451400756835938,0.0074792057275772
6cbzq5on,expfm,explicit,42,50,50053120,761.050537109375,259.0732421875,0.0824471414089202,2.155064582824707,0.0073397527448832
6cbzq5on,expfm,explicit,42,50,60047360,792.2054443359375,263.5537109375,0.0790017247200012,2.104473829269409,0.0068824579939246
6cbzq5on,expfm,explicit,42,50,70041600,840.4041748046875,274.10546875,0.0761443004012107,2.109661102294922,0.0064123189076781
6cbzq5on,expfm,explicit,42,50,80035840,852.5861206054688,273.6103515625,0.0757709890604019,2.038636922836304,0.0060292398557066
6cbzq5on,expfm,explicit,42,50,90030080,867.1961669921875,277.4580078125,0.0758988931775093,2.005415201187134,0.0057602385058999
6cbzq5on,expfm,explicit,42,50,100024320,844.593505859375,270.2470703125,0.0833300650119781,1.999557614326477,0.0061797751113772
6cbzq5on,expfm,explicit,42,50,110018560,892.5555419921875,279.6572265625,0.0756770670413971,2.0200560092926025,0.0055960672907531
6cbzq5on,expfm,explicit,42,50,120012800,878.657470703125,274.072265625,0.0755607113242149,1.909033298492432,0.0062507367692887
6cbzq5on,expfm,explicit,42,50,130007040,917.348388671875,282.5244140625,0.0740472078323364,1.9214491844177248,0.005429474171251
6cbzq5on,expfm,explicit,42,50,140001280,922.9249267578124,282.5810546875,0.0752129703760147,1.8887226581573489,0.0056141046807169
6cbzq5on,expfm,explicit,42,50,150077440,929.9398193359376,283.8134765625,0.0761419460177421,1.90752911567688,0.0054303323850035
6cbzq5on,expfm,explicit,42,50,160071680,939.8820190429688,289.0791015625,0.0772678554058075,1.9415282011032104,0.0048145982436835
6cbzq5on,expfm,explicit,42,50,170065920,946.9805908203124,287.0859375,0.0775266960263252,1.929232120513916,0.0050822547636926
6cbzq5on,expfm,explicit,42,50,180060160,984.8760375976562,299.892578125,0.080296903848648,1.975338101387024,0.0046937018632888
6cbzq5on,expfm,explicit,42,50,190054400,990.536865234375,301.591796875,0.0801392644643783,1.9969638586044312,0.0045456499792635
6cbzq5on,expfm,explicit,42,50,200048640,1018.1405029296876,304.3896484375,0.0821912139654159,1.9333891868591309,0.0046347947791218
6cbzq5on,expfm,explicit,42,50,210042880,1048.708740234375,312.2919921875,0.0858470350503921,1.9325408935546875,0.0041637737303972
6cbzq5on,expfm,explicit,42,50,220037120,1069.1876220703125,323.0791015625,0.0831220299005508,1.9434101581573489,0.0037672230973839
6cbzq5on,expfm,explicit,42,50,230031360,1083.45263671875,323.5751953125,0.0815764963626861,1.9039039611816408,0.0040231347084045
6cbzq5on,expfm,explicit,42,50,240025600,1098.1666259765625,326.4140625,0.0861952751874923,1.946136832237244,0.0040270187892019
6cbzq5on,expfm,explicit,42,50,250019840,1122.3939208984375,330.673828125,0.0858921706676483,1.925746202468872,0.0037419218569993
6cbzq5on,expfm,explicit,42,50,260014080,1158.65869140625,340.4775390625,0.0844994187355041,1.929146409034729,0.0032433331944048
6cbzq5on,expfm,explicit,42,50,270008320,1145.288818359375,338.326171875,0.0862101018428802,1.9587236642837524,0.0033281515352427
6cbzq5on,expfm,explicit,42,50,280002560,1155.337158203125,339.7373046875,0.0838962271809578,1.8674695491790767,0.0034219657536596
6cbzq5on,expfm,explicit,42,50,290078720,1180.8038330078125,346.40234375,0.0831937789916992,1.9180376529693604,0.0032223490998148
6cbzq5on,expfm,explicit,42,50,300072960,1193.51904296875,350.828125,0.0822037607431411,1.9378511905670168,0.0030056326650083
6cbzq5on,expfm,explicit,42,50,310067200,1217.119140625,355.82421875,0.0793068408966064,1.907037734985352,0.0030089817009866
6cbzq5on,expfm,explicit,42,50,320061440,1248.6634521484375,361.658203125,0.0798812210559845,1.8920327425003047,0.002668750938028
6cbzq5on,expfm,explicit,42,50,330055680,1245.1339111328125,359.720703125,0.0832985937595367,1.9200446605682373,0.0027935313992202
6cbzq5on,expfm,explicit,42,50,340049920,1254.1119384765625,359.830078125,0.0842903852462768,1.8720648288726809,0.0028216135688126
6cbzq5on,expfm,explicit,42,50,350044160,1228.7158203125,352.306640625,0.080583855509758,1.8578386306762693,0.003059550654143
6cbzq5on,expfm,explicit,42,50,360038400,1232.366455078125,354.876953125,0.0817112848162651,1.855067491531372,0.0030753137543797
6cbzq5on,expfm,explicit,42,50,370032640,1248.4945068359375,357.6279296875,0.0782545879483223,1.8531235456466677,0.0029072924517095
6cbzq5on,expfm,explicit,42,50,380026880,1304.824462890625,366.3115234375,0.0758145228028297,1.770014405250549,0.0026482311077415
6cbzq5on,expfm,explicit,42,50,390021120,1294.5772705078125,366.0341796875,0.0855395570397377,1.7853100299835205,0.0026226136833429
6cbzq5on,expfm,explicit,42,50,400015360,1284.719482421875,360.375,0.0843143463134765,1.7529513835906982,0.002907711546868
6cbzq5on,expfm,explicit,42,50,410009600,1302.127685546875,364.96875,0.0776216387748718,1.7719382047653198,0.0027290466241538
6cbzq5on,expfm,explicit,42,50,420003840,1300.2606201171875,363.1640625,0.0745865553617477,1.7538983821868896,0.0027454402297735
6cbzq5on,expfm,explicit,42,50,430080000,1316.378173828125,364.5341796875,0.0746772214770317,1.7235405445098877,0.0025608465075492
6cbzq5on,expfm,explicit,42,50,440074240,1309.51025390625,365.8369140625,0.0819692760705947,1.736992359161377,0.00265644188039
6cbzq5on,expfm,explicit,42,50,450068480,1303.130126953125,360.1875,0.0778476819396019,1.7209103107452393,0.0027139359153807
6cbzq5on,expfm,explicit,42,50,460062720,1316.484130859375,365.97265625,0.0790045782923698,1.7468222379684448,0.0024392988998442
6cbzq5on,expfm,explicit,42,50,470056960,1313.0341796875,363.1103515625,0.0778309106826782,1.7284672260284424,0.0026156012900173
6cbzq5on,expfm,explicit,42,50,480051200,1253.259033203125,353.169921875,0.0817494392395019,1.766169786453247,0.0028760896530002
6cbzq5on,expfm,explicit,42,50,490045440,1309.9107666015625,359.9541015625,0.0774654299020767,1.684565186500549,0.0027665651869028
6cbzq5on,expfm,explicit,42,50,500039680,1293.780029296875,357.6943359375,0.0766449198126792,1.6926875114440918,0.0029093921184539
6cbzq5on,expfm,explicit,42,50,510033920,1299.9248046875,360.576171875,0.0779662281274795,1.7277745008468628,0.0026855203323066
6cbzq5on,expfm,explicit,42,50,520028160,1280.174072265625,356.04296875,0.08250392973423,1.755960464477539,0.0028006108477711
6cbzq5on,expfm,explicit,42,50,530022400,1270.028076171875,356.1279296875,0.0770116671919822,1.7000256776809692,0.0027032492216676
6cbzq5on,expfm,explicit,42,50,540016640,1342.7154541015625,369.8310546875,0.0760851055383682,1.7004985809326172,0.0024076856207102
6cbzq5on,expfm,explicit,42,50,550010880,1365.483642578125,371.359375,0.0742648690938949,1.6737518310546875,0.002382194623351
6cbzq5on,expfm,explicit,42,50,560005120,1373.3955078125,375.62109375,0.0755455195903778,1.702979564666748,0.0020614687819033
6cbzq5on,expfm,explicit,42,50,570081280,1366.272216796875,373.3291015625,0.0738825350999832,1.7108078002929688,0.0023982352577149
6cbzq5on,expfm,explicit,42,50,580075520,1400.216796875,378.931640625,0.0728003233671188,1.6738221645355225,0.0021333983168005
6cbzq5on,expfm,explicit,42,50,590069760,1331.6253662109375,363.2470703125,0.0764329582452774,1.6946799755096436,0.0025229093153029
6cbzq5on,expfm,explicit,42,50,600064000,1355.3756103515625,370.0908203125,0.0717100799083709,1.703067660331726,0.0022511149290949
6ugicoso,expfm,explicit,42,30,10076160,524.0000610351562,209.0732421875,0.0978463888168335,2.567892551422119,0.0116521539166569
6ugicoso,expfm,explicit,42,30,20070400,628.7451171875,230.4248046875,0.0817038640379905,2.4580321311950684,0.0089400215074419
6ugicoso,expfm,explicit,42,30,30064640,734.6673583984375,254.7685546875,0.0751948133111,2.2980945110321045,0.0077580702491104
6ugicoso,expfm,explicit,42,30,40058880,780.47119140625,265.9814453125,0.0674296095967292,2.153383731842041,0.0071322079747915
6ugicoso,expfm,explicit,42,30,50053120,808.3597412109375,268.6982421875,0.0678677931427955,2.1364006996154785,0.0068141920492053
6ugicoso,expfm,explicit,42,30,60047360,819.4559326171875,269.51953125,0.0682413727045059,2.099141359329224,0.0064325570128858
6ugicoso,expfm,explicit,42,30,70041600,843.3333740234375,271.4375,0.0631377547979354,2.0167436599731445,0.0061058513820171
6ugicoso,expfm,explicit,42,30,80035840,864.4928588867188,271.802734375,0.0611267313361167,1.97628116607666,0.0060801338404417
6ugicoso,expfm,explicit,42,30,90030080,899.413818359375,278.9814453125,0.0591528788208961,1.8832533359527588,0.0056359828449785
6ugicoso,expfm,explicit,42,30,100024320,921.0633544921876,283.0615234375,0.0581532791256904,1.8945162296295168,0.0055734682828187
6ugicoso,expfm,explicit,42,30,110018560,922.7413330078124,282.572265625,0.0589765980839729,1.8493211269378664,0.005442411173135
6ugicoso,expfm,explicit,42,30,120012800,948.2789306640624,288.0146484375,0.0583855435252189,1.859190583229065,0.0051318570040166
6ugicoso,expfm,explicit,42,30,130007040,950.548583984375,290.2470703125,0.0563282556831836,1.8654377460479736,0.0051497253589332
6ugicoso,expfm,explicit,42,30,140001280,943.23388671875,282.5029296875,0.0634307712316513,1.843217849731445,0.0054801376536488
6ugicoso,expfm,explicit,42,30,150077440,1002.9584350585938,299.7373046875,0.0614171922206878,1.8308265209198,0.0051102507859468
6ugicoso,expfm,explicit,42,30,160071680,1080.466064453125,319.8603515625,0.0672029107809066,1.8427472114562988,0.004401275422424
6ugicoso,expfm,explicit,42,30,170065920,1154.9097900390625,337.4931640625,0.0705697983503341,1.870678663253784,0.0038456397596746
6ugicoso,expfm,explicit,42,30,180060160,1177.9276123046875,342.494140625,0.0663737505674362,1.7942895889282229,0.0036326977424323
6ugicoso,expfm,explicit,42,30,190054400,1218.368408203125,351.6162109375,0.0679476708173751,1.7607314586639404,0.0033144722692668
6ugicoso,expfm,explicit,42,30,200048640,1222.10009765625,352.8544921875,0.0655084997415542,1.7931270599365234,0.003183388384059
6ugicoso,expfm,explicit,42,30,210042880,1248.138427734375,356.73046875,0.06084755808115,1.7672805786132812,0.0030267527326941
6ugicoso,expfm,explicit,42,30,220037120,1252.4259033203125,358.6279296875,0.0648447424173355,1.8219587802886963,0.002915755379945
6ugicoso,expfm,explicit,42,30,230031360,1264.509521484375,356.3662109375,0.0619600936770439,1.770119071006775,0.003020092844963
6ugicoso,expfm,explicit,42,30,240025600,1300.2904052734375,365.4755859375,0.0585848093032836,1.7101953029632568,0.0027137396391481
6ugicoso,expfm,explicit,42,30,250019840,1258.677978515625,355.27734375,0.0614172406494617,1.756767988204956,0.0030242975335568
6ugicoso,expfm,explicit,42,30,260014080,1307.9580078125,363.859375,0.059684257954359,1.734178900718689,0.0027252952568233
6ugicoso,expfm,explicit,42,30,270008320,1314.792236328125,368.4375,0.0639553889632225,1.762829065322876,0.002659922465682
6ugicoso,expfm,explicit,42,30,280002560,1332.353515625,368.9501953125,0.0590918809175491,1.713446855545044,0.0024106609635055
6ugicoso,expfm,explicit,42,30,290078720,1317.8150634765625,362.3828125,0.0594470649957656,1.6609981060028076,0.0028748945333063
6ugicoso,expfm,explicit,42,30,300072960,1293.565673828125,359.0673828125,0.0606056302785873,1.6906073093414309,0.0029199724085628
6ugicoso,expfm,explicit,42,30,310067200,1347.327392578125,366.91796875,0.0589233264327049,1.6569952964782717,0.0028239083476364
6ugicoso,expfm,explicit,42,30,320061440,1312.691162109375,357.677734375,0.0601693987846374,1.6352407932281494,0.0029035327024757
6ugicoso,expfm,explicit,42,30,330055680,1311.7266845703125,357.1103515625,0.0639029592275619,1.6088427305221558,0.0030805505812168
6ugicoso,expfm,explicit,42,30,340049920,1351.684326171875,370.953125,0.0627838224172592,1.669170618057251,0.0025331564247608
6ugicoso,expfm,explicit,42,30,350044160,1340.392578125,358.7958984375,0.062308344990015,1.589472770690918,0.0029213745146989
6ugicoso,expfm,explicit,42,30,360038400,1309.67041015625,352.1103515625,0.0639029443264007,1.5804228782653809,0.0030711838044226
6ugicoso,expfm,explicit,42,30,370032640,1384.9619140625,372.642578125,0.0587433204054832,1.5797274112701416,0.0024115582928061
6ugicoso,expfm,explicit,42,30,380026880,1386.224853515625,371.4921875,0.0584331601858139,1.5647954940795898,0.0025515556335449
6ugicoso,expfm,explicit,42,30,390021120,1359.077392578125,365.72265625,0.0586159043014049,1.589982509613037,0.0025750282220542
6ugicoso,expfm,explicit,42,30,400015360,1440.484375,381.2470703125,0.0558320097625255,1.5624432563781738,0.0021772570908069
6ugicoso,expfm,explicit,42,30,410009600,1424.718017578125,376.5693359375,0.0577941946685314,1.5981009006500244,0.0023522083647549
6ugicoso,expfm,explicit,42,30,420003840,1433.7642822265625,379.0556640625,0.0553865693509578,1.550647854804993,0.0021821265108883
6ugicoso,expfm,explicit,42,30,430080000,1378.5009765625,363.4609375,0.0567823275923728,1.5524243116378784,0.0026727004442363
6ugicoso,expfm,explicit,42,30,440074240,1471.1063232421875,383.0595703125,0.0561490319669246,1.5348141193389893,0.0021148172672837
6ugicoso,expfm,explicit,42,30,450068480,1446.81103515625,377.6513671875,0.054807461798191,1.510946273803711,0.0023968718014657
6ugicoso,expfm,explicit,42,30,460062720,1459.730712890625,381.5908203125,0.0538722798228263,1.5286346673965454,0.0022393555846065
6ugicoso,expfm,explicit,42,30,470056960,1474.64599609375,385.3623046875,0.0535827651619911,1.5347590446472168,0.00207145139575
6ugicoso,expfm,explicit,42,30,480051200,1468.63427734375,383.8603515625,0.0538257509469985,1.5579698085784912,0.0021460838615894
6ugicoso,expfm,explicit,42,30,490045440,1480.658935546875,385.224609375,0.0527384579181671,1.5244140625,0.0019666797015815
6ugicoso,expfm,explicit,42,30,500039680,1432.63623046875,373.509765625,0.0561591684818267,1.5503923892974854,0.0025014448910951
6ugicoso,expfm,explicit,42,30,510033920,1513.520263671875,391.4326171875,0.0513613745570182,1.5508713722229004,0.0018355050124228
6ugicoso,expfm,explicit,42,30,520028160,1494.01318359375,386.900390625,0.0522781088948249,1.5148193836212158,0.0020957866217941
6ugicoso,expfm,explicit,42,30,530022400,1490.89892578125,387.6552734375,0.0548238009214401,1.5429494380950928,0.0018549687229096
6ugicoso,expfm,explicit,42,30,540016640,1486.21875,384.7451171875,0.0563773475587368,1.5461633205413818,0.0020728493109345
6ugicoso,expfm,explicit,42,30,550010880,1506.86181640625,388.7373046875,0.0526225864887237,1.5745704174041748,0.0019724497105926
6ugicoso,expfm,explicit,42,30,560005120,1515.844482421875,391.24609375,0.0494256280362606,1.545024871826172,0.0018404684960842
6ugicoso,expfm,explicit,42,30,570081280,1489.2496337890625,384.474609375,0.0529247000813484,1.5409176349639893,0.0021318211220204
6ugicoso,expfm,explicit,42,30,580075520,1535.7059326171875,398.70703125,0.0514935664832592,1.5631742477416992,0.0016548833809792
6ugicoso,expfm,explicit,42,30,590069760,1518.732177734375,392.7734375,0.0519537851214408,1.5681865215301514,0.0017202725866809
6ugicoso,expfm,explicit,42,30,600064000,1529.2822265625,392.41796875,0.0484772361814975,1.5096588134765625,0.0017078148666769
7c6xmp09,expfm,explicit,42,9,10076160,516.6546630859375,199.26953125,0.0610194578766822,2.4756479263305664,0.0124156633391976
7c6xmp09,expfm,explicit,42,9,20070400,664.9520263671875,237.306640625,0.0530187748372554,2.427863597869873,0.0087314620614051
7c6xmp09,expfm,explicit,42,9,30064640,703.1926879882812,237.857421875,0.0509834438562393,2.143487930297852,0.0084884688258171
7c6xmp09,expfm,explicit,42,9,40058880,788.6556396484375,263.85546875,0.0437779948115348,2.073735237121582,0.0073235342279076
7c6xmp09,expfm,explicit,42,9,50053120,844.505615234375,269.6376953125,0.0427806749939918,1.97933828830719,0.0068337265402078
7c6xmp09,expfm,explicit,42,9,60047360,880.00732421875,272.7841796875,0.0414926558732986,1.8745148181915283,0.00659348256886
7c6xmp09,expfm,explicit,42,9,70041600,924.828369140625,281.26953125,0.0385212898254394,1.8531363010406492,0.0057874084450304
7c6xmp09,expfm,explicit,42,9,80035840,940.6524658203124,282.8271484375,0.0372974760830402,1.7945464849472046,0.0056590447202324
7c6xmp09,expfm,explicit,42,9,90030080,981.5914306640624,292.166015625,0.0338966101408004,1.8220481872558596,0.0049342773854732
7c6xmp09,expfm,explicit,42,9,100024320,980.1485595703124,288.5927734375,0.0390215665102005,1.7459778785705566,0.0053167915903031
7c6xmp09,expfm,explicit,42,9,110018560,1019.212646484375,295.7373046875,0.0349088236689567,1.7149745225906372,0.004700066987425
7c6xmp09,expfm,explicit,42,9,120012800,1081.121826171875,310.3525390625,0.0350175872445106,1.6948204040527344,0.0042365733534097
7c6xmp09,expfm,explicit,42,9,130007040,1103.1473388671875,314.7724609375,0.0442496016621589,1.7107040882110596,0.0044165840372443
7c6xmp09,expfm,explicit,42,9,140001280,1210.6417236328125,343.6796875,0.0380912572145462,1.7286934852600098,0.0034937891177833
7c6xmp09,expfm,explicit,42,9,150077440,1257.7431640625,355.7783203125,0.0426570102572441,1.703402042388916,0.0030011322814971
7c6xmp09,expfm,explicit,42,9,160071680,1283.2943115234375,359.65625,0.0385344438254833,1.7180873155593872,0.0028881530743092
7c6xmp09,expfm,explicit,42,9,170065920,1300.4403076171875,352.109375,0.0392626449465751,1.6552618741989136,0.0030922102741897
7c6xmp09,expfm,explicit,42,9,180060160,1348.0264892578125,363.814453125,0.0399097129702568,1.6259450912475586,0.0024528061039745
7c6xmp09,expfm,explicit,42,9,190054400,1315.412841796875,350.486328125,0.0374884866178035,1.5824377536773682,0.003094783052802
7c6xmp09,expfm,explicit,42,9,200048640,1417.6766357421875,373.5634765625,0.0374874472618103,1.5164822340011597,0.0023516323417425
7c6xmp09,expfm,explicit,42,9,210042880,1458.551513671875,378.2734375,0.033837366849184,1.515594720840454,0.002151227556169
7c6xmp09,expfm,explicit,42,9,220037120,1480.3397216796875,380.5537109375,0.0339631140232086,1.4779622554779053,0.0021184314973652
7c6xmp09,expfm,explicit,42,9,230031360,1485.2523193359375,380.0205078125,0.0342852734029293,1.4959871768951416,0.0021735241170972
7c6xmp09,expfm,explicit,42,9,240025600,1519.0625,385.177734375,0.0327161066234111,1.4622936248779297,0.0020581891294568
7c6xmp09,expfm,explicit,42,9,250019840,1529.4112548828125,390.087890625,0.0313253030180931,1.4647529125213623,0.0018228394910693
7c6xmp09,expfm,explicit,42,9,260014080,1583.65283203125,400.1591796875,0.0283289421349763,1.4765121936798096,0.0015422239666804
7c6xmp09,expfm,explicit,42,9,270008320,1617.94580078125,405.0244140625,0.0277315080165863,1.4186044931411743,0.0012762101832777
7c6xmp09,expfm,explicit,42,9,280002560,1587.243896484375,397.91015625,0.0299442000687122,1.4601231813430786,0.0015491952653974
7c6xmp09,expfm,explicit,42,9,290078720,1605.6510009765625,401.859375,0.0292332731187343,1.4617959260940552,0.0015481975860893
7c6xmp09,expfm,explicit,42,9,300072960,1621.316162109375,400.7236328125,0.0286470130085945,1.4208911657333374,0.0015129887033253
7c6xmp09,expfm,explicit,42,9,310067200,1651.94970703125,406.705078125,0.0286836586892604,1.3825547695159912,0.0013314691605046
7c6xmp09,expfm,explicit,42,9,320061440,1643.8079833984375,406.7001953125,0.0320650115609169,1.4147181510925293,0.0013855734141543
7c6xmp09,expfm,explicit,42,9,330055680,1664.49072265625,411.873046875,0.0269778259098529,1.447690725326538,0.0011789608979597
7c6xmp09,expfm,explicit,42,9,340049920,1685.238037109375,415.1748046875,0.0252095758914947,1.411829948425293,0.0009937743889167
7c6xmp09,expfm,explicit,42,9,350044160,1663.3663330078125,408.4755859375,0.0265874564647674,1.4102685451507568,0.0012466374319046
7c6xmp09,expfm,explicit,42,9,360038400,1647.04931640625,406.6328125,0.0280055701732635,1.4410536289215088,0.0013370616361498
7c6xmp09,expfm,explicit,42,9,370032640,1682.1307373046875,413.580078125,0.0258256234228611,1.411717176437378,0.0010318835265934
7c6xmp09,expfm,explicit,42,9,380026880,1695.0203857421875,412.6201171875,0.0255859903991222,1.422032117843628,0.0011356824543327
7c6xmp09,expfm,explicit,42,9,390021120,1727.87060546875,422.4482421875,0.0243380703032016,1.38996160030365,0.0008134433301165
7c6xmp09,expfm,explicit,42,9,400015360,1738.6490478515625,420.83984375,0.0239707417786121,1.3837844133377075,0.0008504769066348
7c6xmp09,expfm,explicit,42,9,410009600,1662.17578125,407.5693359375,0.0276880748569965,1.425534963607788,0.0011881317477673
7c6xmp09,expfm,explicit,42,9,420003840,1753.3848876953125,424.6142578125,0.0251789726316928,1.3937029838562012,0.000661201775074
7c6xmp09,expfm,explicit,42,9,430080000,1749.641357421875,421.2109375,0.0259265340864658,1.3658437728881836,0.0008428425062447
7c6xmp09,expfm,explicit,42,9,440074240,1754.939453125,422.2607421875,0.0238609313964843,1.3574562072753906,0.0007000302430242
7c6xmp09,expfm,explicit,42,9,450068480,1780.6141357421875,427.4443359375,0.0221726596355438,1.3545821905136108,0.0005528145702555
7c6xmp09,expfm,explicit,42,9,460062720,1771.878662109375,425.267578125,0.0232846476137638,1.3570690155029297,0.0006146347150206
7c6xmp09,expfm,explicit,42,9,470056960,1762.193359375,423.0146484375,0.0278550665825605,1.3605986833572388,0.0008041823748499
7c6xmp09,expfm,explicit,42,9,480051200,1737.051025390625,416.5732421875,0.0249508060514926,1.370527982711792,0.0009557522134855
7c6xmp09,expfm,explicit,42,9,490045440,1790.17333984375,427.5966796875,0.0210159290581941,1.3428356647491455,0.0005419343360699
7c6xmp09,expfm,explicit,42,9,500039680,1785.0198974609375,427.44140625,0.0217549242079257,1.3675915002822876,0.0006402512663044
7c6xmp09,expfm,explicit,42,9,510033920,1744.0380859375,418.9501953125,0.0227677188813686,1.375898003578186,0.0008363886736333
7c6xmp09,expfm,explicit,42,9,520028160,1779.794677734375,424.3125,0.0207441709935665,1.3623480796813965,0.0006599776679649
7c6xmp09,expfm,explicit,42,9,530022400,1753.64111328125,419.638671875,0.0224827975034713,1.3743559122085571,0.0008078502723947
7c6xmp09,expfm,explicit,42,9,540016640,1813.1142578125,429.9970703125,0.0203120037913322,1.3523993492126465,0.0005327742546796
7c6xmp09,expfm,explicit,42,9,550010880,1806.23828125,431.5478515625,0.0214072652161121,1.3689703941345217,0.0004834572901017
7c6xmp09,expfm,explicit,42,9,560005120,1823.1734619140625,433.203125,0.0213595181703567,1.3429279327392578,0.0004108133725821
7c6xmp09,expfm,explicit,42,9,570081280,1793.6217041015625,429.6484375,0.0332728773355484,1.3666813373565674,0.0005128980264998
7c6xmp09,expfm,explicit,42,9,580075520,1801.0849609375,428.3359375,0.0224036872386932,1.3646470308303833,0.0005460361135192
7c6xmp09,expfm,explicit,42,9,590069760,1798.9306640625,428.5224609375,0.0218430273234844,1.3640878200531006,0.0005570416105911
7c6xmp09,expfm,explicit,42,9,600064000,1821.84326171875,431.3984375,0.0197762362658977,1.327021598815918,0.0004490760620683
co9cu5aw,expfm,explicit,42,3,10076160,641.3253784179688,243.958984375,0.0358752906322479,2.6960113048553467,0.0111432075500488
co9cu5aw,expfm,explicit,42,3,20070400,595.155517578125,213.2060546875,0.0406394079327583,2.3786635398864746,0.0098027735948562
co9cu5aw,expfm,explicit,42,3,30064640,780.9134521484375,263.0146484375,0.0288138687610626,2.208822727203369,0.0071585006080567
co9cu5aw,expfm,explicit,42,3,40058880,845.1630249023438,271.0390625,0.02715964615345,1.916653394699097,0.0068026208318769
co9cu5aw,expfm,explicit,42,3,50053120,923.8243408203124,280.9306640625,0.0250556766986846,1.8262827396392824,0.0056837731972336
co9cu5aw,expfm,explicit,42,3,60047360,972.27001953125,287.69921875,0.0237212684005498,1.8372215032577517,0.0051198652945458
co9cu5aw,expfm,explicit,42,3,70041600,1018.573486328125,293.2490234375,0.0233435481786727,1.744837999343872,0.0047817598097026
co9cu5aw,expfm,explicit,42,3,80035840,1048.013671875,297.7421875,0.0220802053809165,1.7002627849578855,0.0046237264759838
co9cu5aw,expfm,explicit,42,3,90030080,1048.290283203125,295.0810546875,0.025277117267251,1.6675498485565186,0.0047909496352076
co9cu5aw,expfm,explicit,42,3,100024320,1105.282470703125,307.833984375,0.0249354019761085,1.7554584741592407,0.0039651026017963
co9cu5aw,expfm,explicit,42,3,110018560,1159.5281982421875,321.5390625,0.0273590236902236,1.7336530685424805,0.0038092785980552
co9cu5aw,expfm,explicit,42,3,120012800,1256.6727294921875,350.859375,0.0280846245586872,1.78422212600708,0.0028466018848121
co9cu5aw,expfm,explicit,42,3,130007040,1386.5645751953125,382.1513671875,0.0273120421916246,1.7656960487365725,0.0020857776980847
co9cu5aw,expfm,explicit,42,3,140001280,1431.199462890625,388.130859375,0.0270990468561649,1.7009761333465576,0.0020069568417966
co9cu5aw,expfm,explicit,42,3,150077440,1503.1767578125,395.3642578125,0.0250964388251304,1.6335067749023438,0.0016412499826401
co9cu5aw,expfm,explicit,42,3,160071680,1604.48046875,411.1943359375,0.0231894999742507,1.5191017389297483,0.0010924630332738
co9cu5aw,expfm,explicit,42,3,170065920,1594.551025390625,402.267578125,0.0223600566387176,1.4883782863616943,0.0015032768715173
co9cu5aw,expfm,explicit,42,3,180060160,1627.674560546875,405.67578125,0.0212763901799917,1.4970805644989014,0.0013060271739959
co9cu5aw,expfm,explicit,42,3,190054400,1666.622314453125,412.078125,0.0198786649852991,1.4335062503814695,0.0012053089449182
co9cu5aw,expfm,explicit,42,3,200048640,1677.0478515625,412.9423828125,0.0190981999039649,1.4371968507766724,0.0011960042174905
co9cu5aw,expfm,explicit,42,3,210042880,1743.7606201171875,425.1669921875,0.0176272876560688,1.42413067817688,0.000806376338005
co9cu5aw,expfm,explicit,42,3,220037120,1739.3607177734375,422.78125,0.0173033811151981,1.415119171142578,0.0008002170361578
co9cu5aw,expfm,explicit,42,3,230031360,1779.269775390625,433.3525390625,0.0220561735332012,1.400651931762695,0.0003828271583188
co9cu5aw,expfm,explicit,42,3,240025600,1805.015869140625,435.857421875,0.0145901469513773,1.3766086101531982,0.0003730391326826
co9cu5aw,expfm,explicit,42,3,250019840,1801.5218505859373,431.1728515625,0.0156194604933261,1.3829858303070068,0.0006177219329401
co9cu5aw,expfm,explicit,42,3,260014080,1797.45556640625,429.447265625,0.0147614376619458,1.3658666610717771,0.0006175156449899
co9cu5aw,expfm,explicit,42,3,270008320,1834.1307373046875,436.15625,0.0177651271224021,1.362945795059204,0.0003551556146703
co9cu5aw,expfm,explicit,42,3,280002560,1838.5645751953125,437.1748046875,0.01525772921741,1.3655624389648438,0.0003144537913613
co9cu5aw,expfm,explicit,42,3,290078720,1847.4375,436.6708984375,0.0134419240057468,1.3309348821640017,0.0004240666166879
co9cu5aw,expfm,explicit,42,3,300072960,1835.0712890625,434.06640625,0.0140804443508386,1.338650822639465,0.0004654056101571
co9cu5aw,expfm,explicit,42,3,310067200,1875.872802734375,440.5595703125,0.0125192981213331,1.316547155380249,0.0001898451009765
co9cu5aw,expfm,explicit,42,3,320061440,1879.1343994140625,443.5751953125,0.0144752152264118,1.3209357261657717,0.0001239749544765
co9cu5aw,expfm,explicit,42,3,330055680,1876.6131591796875,441.26953125,0.0125570688396692,1.3179054260253906,0.000214588799281
co9cu5aw,expfm,explicit,42,3,340049920,1882.1124267578125,440.4384765625,0.0121609922498464,1.297289490699768,0.0002171644737245
co9cu5aw,expfm,explicit,42,3,350044160,1895.22119140625,444.068359375,0.0133408261463046,1.2953627109527588,7.84031581133604e-05
co9cu5aw,expfm,explicit,42,3,360038400,1869.468017578125,437.927734375,0.0123035497963428,1.3030266761779783,0.0003074170672334
co9cu5aw,expfm,explicit,42,3,370032640,1868.16552734375,438.396484375,0.0136550907045602,1.335203766822815,0.000307128415443
co9cu5aw,expfm,explicit,42,3,380026880,1873.8642578125,438.5126953125,0.0129706403240561,1.3190734386444092,0.0002630091039463
co9cu5aw,expfm,explicit,42,3,390021120,1880.31494140625,440.89453125,0.0122723970562219,1.3076181411743164,0.0001621819101274
co9cu5aw,expfm,explicit,42,3,400015360,1888.0361328125,438.638671875,0.0124353896826505,1.2810503244400024,0.000317213096423
co9cu5aw,expfm,explicit,42,3,410009600,1894.266357421875,442.09765625,0.0121557619422674,1.2951760292053225,0.0001819706667447
co9cu5aw,expfm,explicit,42,3,420003840,1890.2518310546875,437.837890625,0.0134882256388664,1.2836861610412598,0.0003332702326588
co9cu5aw,expfm,explicit,42,3,430080000,1904.999267578125,442.541015625,0.0112615600228309,1.280105710029602,0.0001135801721829
co9cu5aw,expfm,explicit,42,3,440074240,1917.63427734375,444.1513671875,0.0115045802667737,1.2594201564788818,0.0001087256241589
co9cu5aw,expfm,explicit,42,3,450068480,1904.678466796875,439.8291015625,0.0120600052177906,1.2559611797332764,0.0002958724217023
co9cu5aw,expfm,explicit,42,3,460062720,1901.9456787109373,440.681640625,0.0111359739676117,1.2505428791046145,0.0002251815167255
co9cu5aw,expfm,explicit,42,3,470056960,1915.6806640625,444.236328125,0.0107402028515934,1.266421914100647,7.366100908257067e-05
co9cu5aw,expfm,explicit,42,3,480051200,1913.9725341796875,441.2373046875,0.0107599534094333,1.2464808225631714,0.0001794331765267
co9cu5aw,expfm,explicit,42,3,490045440,1916.393310546875,442.1240234375,0.0112652583047747,1.2699207067489624,0.0001446774986106
co9cu5aw,expfm,explicit,42,3,500039680,1918.2442626953125,444.236328125,0.0115908505395054,1.2710199356079102,7.865721272537485e-05
co9cu5aw,expfm,explicit,42,3,510033920,1896.1611328125,440.0419921875,0.0124194379895925,1.284184217453003,0.0002161373267881
co9cu5aw,expfm,explicit,42,3,520028160,1921.833984375,443.365234375,0.0119221843779087,1.2576563358306885,0.0001256688410649
co9cu5aw,expfm,explicit,42,3,530022400,1923.228271484375,443.4677734375,0.0134129729121923,1.2603068351745603,0.0001434034202247
co9cu5aw,expfm,explicit,42,3,540016640,1929.76171875,444.9638671875,0.0123172681778669,1.2672823667526243,9.27921137190424e-05
co9cu5aw,expfm,explicit,42,3,550010880,1920.3623046875,442.4912109375,0.0112893860787153,1.2634636163711548,0.0001575647474965
co9cu5aw,expfm,explicit,42,3,560005120,1922.21484375,443.2607421875,0.0118910204619169,1.24792218208313,0.0001178662860183
co9cu5aw,expfm,explicit,42,3,570081280,1917.766845703125,442.443359375,0.0119727617129683,1.2591689825057983,0.0001460553176002
co9cu5aw,expfm,explicit,42,3,580075520,1922.6678466796875,442.7314453125,0.0115337520837783,1.2512080669403076,0.000165265853866
co9cu5aw,expfm,explicit,42,3,590069760,1935.7188720703125,444.9892578125,0.012490645982325,1.2437536716461182,9.385334851685911e-05
co9cu5aw,expfm,explicit,42,3,600064000,1932.0894775390625,444.1181640625,0.011065037921071,1.241615891456604,0.0001196414523292
czsyqfjy,expfm,explicit,42,70,10076160,520.3619995117188,205.095703125,0.1187050193548202,2.610184669494629,0.0113421324640512
czsyqfjy,expfm,explicit,42,70,20070400,625.3405151367188,236.5908203125,0.109667032957077,2.475645065307617,0.00867884978652
czsyqfjy,expfm,explicit,42,70,30064640,707.296875,252.8828125,0.101845309138298,2.331516981124878,0.0079526174813508
czsyqfjy,expfm,explicit,42,70,40058880,756.8724365234375,264.8974609375,0.0977844595909118,2.351897716522217,0.0072405752725899
czsyqfjy,expfm,explicit,42,70,50053120,768.227783203125,262.7890625,0.0958702713251113,2.218084812164306,0.0068962913937866
czsyqfjy,expfm,explicit,42,70,60047360,781.7249755859375,263.4091796875,0.0938626751303672,2.1552000045776367,0.0067623546347022
czsyqfjy,expfm,explicit,42,70,70041600,837.64990234375,274.765625,0.0842972919344902,2.132524013519287,0.0060921334661543
czsyqfjy,expfm,explicit,42,70,80035840,828.662353515625,269.1708984375,0.0829649716615676,2.0997204780578613,0.0064619365148246
czsyqfjy,expfm,explicit,42,70,90030080,858.330810546875,274.583984375,0.0854638442397117,2.090867042541504,0.006085384171456
czsyqfjy,expfm,explicit,42,70,100024320,864.4397583007812,275.345703125,0.085171028971672,2.048967123031616,0.0063506718724966
czsyqfjy,expfm,explicit,42,70,110018560,849.8397216796875,269.935546875,0.0841106474399566,1.9947099685668943,0.0062245232984423
czsyqfjy,expfm,explicit,42,70,120012800,864.5167236328125,270.755859375,0.0835920274257659,1.952730178833008,0.006234673783183
czsyqfjy,expfm,explicit,42,70,130007040,892.4194946289062,279.6611328125,0.0860866010189056,1.976071119308472,0.0056393309496343
czsyqfjy,expfm,explicit,42,70,140001280,897.779541015625,280.373046875,0.0871857851743698,1.9476003646850584,0.005516966804862
czsyqfjy,expfm,explicit,42,70,150077440,915.1407470703124,284.322265625,0.086520180106163,2.004535675048828,0.0052322628907859
czsyqfjy,expfm,explicit,42,70,160071680,912.2408447265624,283.6689453125,0.0823990404605865,1.9888166189193728,0.0051724906079471
czsyqfjy,expfm,explicit,42,70,170065920,946.98486328125,292.8232421875,0.0852361470460891,1.948320388793945,0.0049088392406702
czsyqfjy,expfm,explicit,42,70,180060160,944.8383178710938,291.4521484375,0.0819416567683219,1.9281156063079836,0.0049212826415896
czsyqfjy,expfm,explicit,42,70,190054400,982.45263671875,303.6357421875,0.0887344852089881,2.003908157348633,0.0043952888809144
czsyqfjy,expfm,explicit,42,70,200048640,976.6926879882812,300.533203125,0.089422233402729,2.006667137145996,0.0045256298035383
czsyqfjy,expfm,explicit,42,70,210042880,992.3189697265624,302.46875,0.0937339961528778,1.9928951263427732,0.0045901089906692
czsyqfjy,expfm,explicit,42,70,220037120,1006.82568359375,306.3955078125,0.0912763848900795,1.9286530017852783,0.0043547647073864
czsyqfjy,expfm,explicit,42,70,230031360,1041.9481201171875,314.091796875,0.0898271203041076,1.956298589706421,0.004267674870789
czsyqfjy,expfm,explicit,42,70,240025600,1074.860107421875,326.716796875,0.0943737179040908,2.0035955905914307,0.0038499240763485
czsyqfjy,expfm,explicit,42,70,250019840,1069.94970703125,324.263671875,0.0942225083708763,1.968315839767456,0.0041166725568473
czsyqfjy,expfm,explicit,42,70,260014080,1053.510986328125,319.625,0.0991849899291992,1.9792710542678835,0.003990801051259
czsyqfjy,expfm,explicit,42,70,270008320,1106.166259765625,333.486328125,0.0977175831794738,2.028781652450561,0.0035856396425515
czsyqfjy,expfm,explicit,42,70,280002560,1123.3643798828125,337.9443359375,0.0993822216987609,1.978892803192139,0.0035759566817432
czsyqfjy,expfm,explicit,42,70,290078720,1100.203369140625,333.25390625,0.0914908125996589,1.9641392230987549,0.0037574665620923
czsyqfjy,expfm,explicit,42,70,300072960,1154.400634765625,344.3486328125,0.0951263904571533,1.9688937664031985,0.0032444482203572
czsyqfjy,expfm,explicit,42,70,310067200,1167.9691162109375,346.7265625,0.0966314822435379,2.0010228157043457,0.0031698716338723
czsyqfjy,expfm,explicit,42,70,320061440,1146.296142578125,340.3427734375,0.0957732498645782,1.9766967296600344,0.0033058198168873
czsyqfjy,expfm,explicit,42,70,330055680,1142.9219970703125,340.7685546875,0.0936831384897232,2.015639066696167,0.0032824762165546
czsyqfjy,expfm,explicit,42,70,340049920,1126.67431640625,337.5654296875,0.096302293241024,2.0811097621917725,0.0033429102040827
czsyqfjy,expfm,explicit,42,70,350044160,1180.91015625,347.271484375,0.0911811515688896,1.9843170642852783,0.0032230953220278
czsyqfjy,expfm,explicit,42,70,360038400,1183.859375,350.419921875,0.0873800069093704,1.951364040374756,0.0031619644723832
czsyqfjy,expfm,explicit,42,70,370032640,1142.341796875,339.1142578125,0.0937304943799972,1.9396324157714844,0.0034140329807996
czsyqfjy,expfm,explicit,42,70,380026880,1176.0657958984375,347.82421875,0.0883693248033523,1.946751594543457,0.0031206454150378
czsyqfjy,expfm,explicit,42,70,390021120,1191.888916015625,354.244140625,0.0918444693088531,1.959741711616516,0.0029116040095686
czsyqfjy,expfm,explicit,42,70,400015360,1237.816162109375,358.48828125,0.0917516946792602,1.923783302307129,0.0029362053610384
czsyqfjy,expfm,explicit,42,70,410009600,1219.6064453125,356.6611328125,0.0892445743083953,1.9928231239318848,0.0026966885197907
czsyqfjy,expfm,explicit,42,70,420003840,1205.943115234375,355.24609375,0.0949677973985672,1.9664360284805296,0.0028906147927045
czsyqfjy,expfm,explicit,42,70,430080000,1237.80810546875,359.6083984375,0.0891105681657791,1.9860140085220337,0.0026930968742817
czsyqfjy,expfm,explicit,42,70,440074240,1252.4305419921875,363.412109375,0.0907251387834549,1.9304451942443848,0.002545281779021
czsyqfjy,expfm,explicit,42,70,450068480,1217.1866455078125,355.1171875,0.0921573340892791,1.953200101852417,0.0028506899252533
czsyqfjy,expfm,explicit,42,70,460062720,1263.633056640625,367.830078125,0.0856939330697059,1.9836801290512085,0.0024119135923683
czsyqfjy,expfm,explicit,42,70,470056960,1264.1864013671875,364.5478515625,0.0876818597316742,1.9478733539581297,0.002606394700706
czsyqfjy,expfm,explicit,42,70,480051200,1257.1009521484375,362.9912109375,0.0897263586521148,1.9300593137741089,0.0025076381862163
czsyqfjy,expfm,explicit,42,70,490045440,1282.73046875,368.2255859375,0.0851433724164962,1.899742603302002,0.0023163866717368
czsyqfjy,expfm,explicit,42,70,500039680,1290.6953125,367.759765625,0.0793411135673523,1.8770594596862795,0.0024939405266195
czsyqfjy,expfm,explicit,42,70,510033920,1284.4576416015625,365.02734375,0.0814722627401351,1.8605624437332156,0.002498524961993
czsyqfjy,expfm,explicit,42,70,520028160,1275.15185546875,370.5244140625,0.0872121751308441,1.9726219177246092,0.0021929577924311
czsyqfjy,expfm,explicit,42,70,530022400,1287.207763671875,366.3486328125,0.0871196389198303,1.9157798290252688,0.0024807355366647
czsyqfjy,expfm,explicit,42,70,540016640,1300.015625,374.970703125,0.0868039280176162,1.936008095741272,0.0021198317408561
czsyqfjy,expfm,explicit,42,70,550010880,1319.791748046875,374.5166015625,0.0861804038286209,1.8689329624176023,0.0021542555186897
czsyqfjy,expfm,explicit,42,70,560005120,1277.4722900390625,367.3662109375,0.0903808251023292,1.8644840717315676,0.0023822840303182
czsyqfjy,expfm,explicit,42,70,570081280,1300.7684326171875,371.1640625,0.0849096179008483,1.834949016571045,0.002183994743973
czsyqfjy,expfm,explicit,42,70,580075520,1294.4775390625,369.0244140625,0.0887006148695945,1.8348381519317627,0.002366034546867
czsyqfjy,expfm,explicit,42,70,590069760,1289.0250244140625,366.1806640625,0.0882812142372131,1.868550539016724,0.0024391354527324
czsyqfjy,expfm,explicit,42,70,600064000,1299.994873046875,370.8125,0.0924726501107215,1.868436336517334,0.002310175448656
eq25n7dm,expfm,explicit,42,4,10076160,574.3118896484375,225.439453125,0.041925624012947,2.645719289779663,0.0102156223729252
eq25n7dm,expfm,explicit,42,4,20070400,654.0916137695312,232.6240234375,0.0419980064034462,2.439805746078491,0.008862629532814
eq25n7dm,expfm,explicit,42,4,30064640,717.68701171875,247.515625,0.036294013261795,2.2135744094848637,0.007617344148457
eq25n7dm,expfm,explicit,42,4,40058880,792.614013671875,262.2783203125,0.0383271500468254,2.12043571472168,0.0077232727780938
eq25n7dm,expfm,explicit,42,4,50053120,884.19775390625,278.4482421875,0.0304446462541818,1.9100754261016848,0.0058035319671034
eq25n7dm,expfm,explicit,42,4,60047360,900.3013916015625,272.3974609375,0.0292925387620925,1.8528063297271729,0.0063721295446157
eq25n7dm,expfm,explicit,42,4,70041600,956.6185302734376,283.44140625,0.0255634263157844,1.790911316871643,0.0054489956237375
eq25n7dm,expfm,explicit,42,4,80035840,984.845947265625,287.455078125,0.0275849532335996,1.787065029144287,0.0053582112304866
eq25n7dm,expfm,explicit,42,4,90030080,1026.075927734375,297.55078125,0.0272481031715869,1.766669750213623,0.0046143154613673
eq25n7dm,expfm,explicit,42,4,100024320,1068.3111572265625,301.162109375,0.0287337899208068,1.7458813190460205,0.0045756809413433
eq25n7dm,expfm,explicit,42,4,110018560,1127.799072265625,316.1103515625,0.0250661801546812,1.7423712015151978,0.003926255274564
eq25n7dm,expfm,explicit,42,4,120012800,1194.1214599609375,340.1357421875,0.0341140776872634,1.799064874649048,0.0031172558665275
eq25n7dm,expfm,explicit,42,4,130007040,1283.8408203125,358.2939453125,0.0304808542132377,1.7995840311050415,0.0030008163303136
eq25n7dm,expfm,explicit,42,4,140001280,1337.027099609375,366.5703125,0.0279959570616483,1.701720118522644,0.0025031152181327
eq25n7dm,expfm,explicit,42,4,150077440,1389.750732421875,379.2294921875,0.027914360165596,1.7589505910873413,0.0022402382455766
eq25n7dm,expfm,explicit,42,4,160071680,1458.6395263671875,389.591796875,0.0276790577918291,1.6996583938598633,0.0019007547525689
eq25n7dm,expfm,explicit,42,4,170065920,1425.32421875,382.919921875,0.0304760187864303,1.6825569868087769,0.0020693270489573
eq25n7dm,expfm,explicit,42,4,180060160,1534.98876953125,399.0537109375,0.0294667333364486,1.5819494724273682,0.0015033083036541
eq25n7dm,expfm,explicit,42,4,190054400,1562.8271484375,392.8369140625,0.0263450443744659,1.4973551034927368,0.0018163269851356
eq25n7dm,expfm,explicit,42,4,200048640,1619.696533203125,405.41796875,0.0245570298284292,1.4972374439239502,0.0013952918816357
eq25n7dm,expfm,explicit,42,4,210042880,1673.5609130859375,414.7216796875,0.0231616683304309,1.4544368982315063,0.0010695084929466
eq25n7dm,expfm,explicit,42,4,220037120,1705.3203125,417.796875,0.0207029096782207,1.4326351881027222,0.0009534885175526
eq25n7dm,expfm,explicit,42,4,230031360,1744.3153076171875,427.4326171875,0.0185880027711391,1.445370078086853,0.0006429306813515
eq25n7dm,expfm,explicit,42,4,240025600,1747.00439453125,426.220703125,0.0194405931979417,1.4416961669921875,0.0006485150079242
eq25n7dm,expfm,explicit,42,4,250019840,1753.27001953125,425.595703125,0.0180469583719968,1.408068060874939,0.000711063737981
eq25n7dm,expfm,explicit,42,4,260014080,1757.493896484375,424.4208984375,0.018992394208908,1.3976867198944092,0.0008003212860785
eq25n7dm,expfm,explicit,42,4,270008320,1779.0589599609375,425.9912109375,0.0176441073417663,1.398707628250122,0.0006733168847858
eq25n7dm,expfm,explicit,42,4,280002560,1769.0921630859375,426.0498046875,0.0204266849905252,1.409121036529541,0.0007308541098609
eq25n7dm,expfm,explicit,42,4,290078720,1800.9112548828125,434.0673828125,0.0171316713094711,1.3891140222549438,0.0004829056852031
eq25n7dm,expfm,explicit,42,4,300072960,1816.320556640625,435.4345703125,0.0170837603509426,1.3767409324645996,0.0003988910466432
eq25n7dm,expfm,explicit,42,4,310067200,1824.375732421875,436.2666015625,0.0164401363581419,1.3987987041473389,0.0003521931066643
eq25n7dm,expfm,explicit,42,4,320061440,1834.390869140625,437.9716796875,0.0157974027097225,1.3563297986984253,0.0002944791340269
eq25n7dm,expfm,explicit,42,4,330055680,1848.136474609375,436.923828125,0.0156466886401176,1.335749626159668,0.0003770408220589
eq25n7dm,expfm,explicit,42,4,340049920,1831.3428955078125,436.806640625,0.0159959997981786,1.321614146232605,0.0004087503766641
eq25n7dm,expfm,explicit,42,4,350044160,1847.783203125,437.3671875,0.0162056814879179,1.326258659362793,0.0003250725276302
eq25n7dm,expfm,explicit,42,4,360038400,1834.033203125,434.9619140625,0.0157714467495679,1.3349889516830444,0.0004001410561613
eq25n7dm,expfm,explicit,42,4,370032640,1868.7064208984373,440.8544921875,0.0156584605574607,1.3274117708206177,0.0001788212393876
eq25n7dm,expfm,explicit,42,4,380026880,1851.3717041015625,437.787109375,0.015351889654994,1.3376410007476809,0.0003027104830835
eq25n7dm,expfm,explicit,42,4,390021120,1840.1455078125,432.70703125,0.0159597471356391,1.3217148780822754,0.0004958343342877
eq25n7dm,expfm,explicit,42,4,400015360,1847.1435546875,435.5791015625,0.0152696864679455,1.352682113647461,0.0003852094523608
eq25n7dm,expfm,explicit,42,4,410009600,1878.91650390625,441.05078125,0.0153509881347417,1.3044466972351074,0.0001850712287705
eq25n7dm,expfm,explicit,42,4,420003840,1887.05517578125,439.8857421875,0.014433148317039,1.296576738357544,0.0001862876815721
eq25n7dm,expfm,explicit,42,4,430080000,1890.506591796875,443.1240234375,0.0147790759801864,1.3040608167648315,0.0001353557163383
eq25n7dm,expfm,explicit,42,4,440074240,1893.023681640625,442.515625,0.0146548822522163,1.2954739332199097,0.000134444780997
eq25n7dm,expfm,explicit,42,4,450068480,1851.433837890625,434.138671875,0.017771765589714,1.3169786930084229,0.0004616680089384
eq25n7dm,expfm,explicit,42,4,460062720,1884.178955078125,439.2666015625,0.0151946330443024,1.3200324773788452,0.0002485018630977
eq25n7dm,expfm,explicit,42,4,470056960,1897.331298828125,442.0302734375,0.0154924988746643,1.3035266399383545,0.0001797945878934
eq25n7dm,expfm,explicit,42,4,480051200,1893.7412109375,442.8544921875,0.0167087409645319,1.285473346710205,0.0001455836172681
eq25n7dm,expfm,explicit,42,4,490045440,1886.878662109375,440.0302734375,0.0143696526065468,1.2919949293136597,0.0002493191277608
eq25n7dm,expfm,explicit,42,4,500039680,1888.6142578125,439.2724609375,0.0138969291001558,1.2906675338745115,0.0002230110694654
eq25n7dm,expfm,explicit,42,4,510033920,1896.224365234375,440.044921875,0.0152873946353793,1.2784171104431152,0.0002140817523468
eq25n7dm,expfm,explicit,42,4,520028160,1921.7845458984373,444.88671875,0.0130858197808265,1.2812604904174805,6.683329411316663e-05
eq25n7dm,expfm,explicit,42,4,530022400,1907.492919921875,443.08984375,0.0128800887614488,1.2792503833770752,0.0001124280533986
eq25n7dm,expfm,explicit,42,4,540016640,1920.3773193359373,443.921875,0.0132114980369806,1.2719736099243164,0.0001364288909826
eq25n7dm,expfm,explicit,42,4,550010880,1903.2518310546875,442.259765625,0.014029698446393,1.2631200551986694,0.0001983110851142
eq25n7dm,expfm,explicit,42,4,560005120,1911.653564453125,441.4189453125,0.0137211959809064,1.2759015560150146,0.0002428017323836
eq25n7dm,expfm,explicit,42,4,570081280,1925.22119140625,443.8779296875,0.0124699641019105,1.2460705041885376,0.0001230127963935
eq25n7dm,expfm,explicit,42,4,580075520,1911.778564453125,441.857421875,0.0136946961283683,1.2731621265411377,0.0002051521732937
eq25n7dm,expfm,explicit,42,4,590069760,1921.287353515625,443.3701171875,0.0127088809385895,1.26898193359375,0.0001207791719934
eq25n7dm,expfm,explicit,42,4,600064000,1920.749267578125,442.5537109375,0.0144422277808189,1.2531546354293823,0.0001404947106493
f0a0360u,expfm,explicit,42,100,10076160,490.0608520507813,205.341796875,0.1450038850307464,2.660693407058716,0.0104800816625356
f0a0360u,expfm,explicit,42,100,20070400,529.6002197265625,206.357421875,0.1206167489290237,2.4485902786254883,0.010043678805232
f0a0360u,expfm,explicit,42,100,30064640,668.0306396484375,243.3212890625,0.1202693209052085,2.3757362365722656,0.0084173204377293
f0a0360u,expfm,explicit,42,100,40058880,712.8487548828125,252.76171875,0.1191741973161697,2.3131203651428223,0.0079166144132614
f0a0360u,expfm,explicit,42,100,50053120,759.4483642578125,261.2841796875,0.1069968789815902,2.246427536010742,0.0076421480625867
f0a0360u,expfm,explicit,42,100,60047360,761.2595825195312,260.892578125,0.1015238612890243,2.2460756301879883,0.0067709917202591
f0a0360u,expfm,explicit,42,100,70041600,788.914794921875,265.015625,0.1004005149006843,2.1777937412261963,0.0063449507579207
f0a0360u,expfm,explicit,42,100,80035840,821.2042236328125,273.953125,0.0960052981972694,2.1760125160217285,0.0063292989507317
f0a0360u,expfm,explicit,42,100,90030080,819.4895629882812,268.1279296875,0.098478689789772,2.165479183197021,0.0063304938375949
f0a0360u,expfm,explicit,42,100,100024320,839.4218139648438,272.25,0.0957219153642654,2.2086219787597656,0.0059659210965037
f0a0360u,expfm,explicit,42,100,110018560,835.5396118164062,270.1083984375,0.0959249287843704,2.10534405708313,0.0062729627825319
f0a0360u,expfm,explicit,42,100,120012800,866.079345703125,278.9912109375,0.0970097631216049,2.1407463550567627,0.0057237250730395
f0a0360u,expfm,explicit,42,100,130007040,877.19580078125,283.44921875,0.0962037444114685,2.127070665359497,0.0053481995128095
f0a0360u,expfm,explicit,42,100,140001280,864.8643798828125,275.3779296875,0.1005975604057312,2.1128506660461426,0.0055736326612532
f0a0360u,expfm,explicit,42,100,150077440,884.563232421875,281.5029296875,0.1037498116493225,2.145606756210327,0.0053851073607802
f0a0360u,expfm,explicit,42,100,160071680,863.931396484375,276.3486328125,0.1032569035887718,2.155212163925171,0.0054726181551814
f0a0360u,expfm,explicit,42,100,170065920,878.001220703125,280.794921875,0.0994962155818939,2.1125972270965576,0.0056113675236701
f0a0360u,expfm,explicit,42,100,180060160,889.1029052734375,280.1787109375,0.1009355187416076,2.079779148101806,0.0053773671388626
f0a0360u,expfm,explicit,42,100,190054400,904.7653198242188,285.46875,0.0997082591056823,2.1375551223754883,0.0052552144043147
f0a0360u,expfm,explicit,42,100,200048640,920.875244140625,287.85546875,0.0961541682481765,2.0221848487854004,0.0050002811476588
f0a0360u,expfm,explicit,42,100,210042880,914.67138671875,288.1171875,0.0960114300251007,2.0543789863586426,0.0051592639647424
f0a0360u,expfm,explicit,42,100,220037120,898.919921875,285.3017578125,0.1012072190642356,2.0624375343322754,0.0049249622970819
f0a0360u,expfm,explicit,42,100,230031360,908.7408447265624,288.923828125,0.1022067070007324,2.0760531425476074,0.0050182798877358
f0a0360u,expfm,explicit,42,100,240025600,933.3095703125,294.9423828125,0.1092363223433494,2.130543708801269,0.0046009235084056
f0a0360u,expfm,explicit,42,100,250019840,941.532958984375,296.48828125,0.103948026895523,2.0404114723205566,0.0045757028274238
f0a0360u,expfm,explicit,42,100,260014080,970.4592895507812,304.236328125,0.1055894047021865,2.067207336425781,0.0042726770043373
f0a0360u,expfm,explicit,42,100,270008320,965.0234375,298.94140625,0.1030997484922409,2.1034388542175293,0.0043437927961349
f0a0360u,expfm,explicit,42,100,280002560,943.6275634765624,293.697265625,0.1019031777977943,2.045955181121826,0.004587807226926
f0a0360u,expfm,explicit,42,100,290078720,966.17431640625,302.4384765625,0.1021767929196357,2.048581600189209,0.0043439059518277
f0a0360u,expfm,explicit,42,100,300072960,997.1380615234376,315.521484375,0.1112044006586074,2.1770386695861816,0.0037820050492882
f0a0360u,expfm,explicit,42,100,310067200,1077.2071533203125,327.32421875,0.0997436195611953,2.024281740188598,0.0036813439801335
f0a0360u,expfm,explicit,42,100,320061440,1041.252685546875,319.8974609375,0.1040471643209457,2.014605760574341,0.0040003629401326
f0a0360u,expfm,explicit,42,100,330055680,1025.0791015625,320.9111328125,0.10193482786417,2.0356600284576416,0.0038305069319903
f0a0360u,expfm,explicit,42,100,340049920,1011.4100341796876,308.8125,0.1082747802138328,2.058878898620605,0.0040874630212783
f0a0360u,expfm,explicit,42,100,350044160,1082.38623046875,330.8046875,0.1022462025284767,2.0726242065429688,0.0035695736296474
f0a0360u,expfm,explicit,42,100,360038400,1033.380615234375,320.5615234375,0.1013558655977249,2.056640625,0.0037448955699801
f0a0360u,expfm,explicit,42,100,370032640,1078.384521484375,328.251953125,0.1043340265750885,2.131951093673706,0.003459689207375
f0a0360u,expfm,explicit,42,100,380026880,1091.964111328125,334.6796875,0.0993407666683197,2.111525774002075,0.0033294721506536
f0a0360u,expfm,explicit,42,100,390021120,1116.4033203125,337.4150390625,0.0996876955032348,2.143362522125244,0.0031071258708834
f0a0360u,expfm,explicit,42,100,400015360,1105.8726806640625,332.412109375,0.1072752773761749,2.076114654541016,0.0034192577004432
f0a0360u,expfm,explicit,42,100,410009600,1071.5809326171875,328.076171875,0.1069407016038894,2.1116151809692383,0.0034211664460599
f0a0360u,expfm,explicit,42,100,420003840,1113.4617919921875,342.8203125,0.0947711020708084,2.040019989013672,0.0030741263180971
f0a0360u,expfm,explicit,42,100,430080000,1143.4930419921875,346.181640625,0.1012567728757858,2.0714118480682373,0.0028830082155764
f0a0360u,expfm,explicit,42,100,440074240,1183.191162109375,353.0078125,0.1002649515867233,2.0712332725524902,0.0028135797474533
f0a0360u,expfm,explicit,42,100,450068480,1196.6676025390625,356.4326171875,0.10027976334095,2.041911125183105,0.002658522222191
f0a0360u,expfm,explicit,42,100,460062720,1187.83447265625,358.283203125,0.1004080772399902,2.0844368934631348,0.0026826541870832
f0a0360u,expfm,explicit,42,100,470056960,1244.6754150390625,369.037109375,0.0933626890182495,2.0407590866088867,0.00247771339491
f0a0360u,expfm,explicit,42,100,480051200,1155.481689453125,348.4501953125,0.0956837013363838,2.032311201095581,0.0029070866294205
f0a0360u,expfm,explicit,42,100,490045440,1187.1572265625,357.990234375,0.0973390042781829,2.0665063858032227,0.0026223240420222
f0a0360u,expfm,explicit,42,100,500039680,1153.560791015625,346.462890625,0.10690438747406,2.1222519874572754,0.0029282462783157
f0a0360u,expfm,explicit,42,100,510033920,1160.06298828125,345.70703125,0.1009121686220169,2.0701117515563965,0.0031700222752988
f0a0360u,expfm,explicit,42,100,520028160,1198.571533203125,354.3828125,0.0928254425525665,2.0328598022460938,0.0027158963494002
f0a0360u,expfm,explicit,42,100,530022400,1181.5841064453125,349.9638671875,0.1013723760843277,2.0756163597106934,0.0028011361137032
f0a0360u,expfm,explicit,42,100,540016640,1214.3104248046875,361.6162109375,0.0983825698494911,2.0499978065490723,0.0025542515795677
f0a0360u,expfm,explicit,42,100,550010880,1193.380859375,353.08984375,0.0980628728866577,2.052460193634033,0.0026959814131259
f0a0360u,expfm,explicit,42,100,560005120,1196.3701171875,358.52734375,0.101186454296112,2.107126474380493,0.00263536372222
f0a0360u,expfm,explicit,42,100,570081280,1256.248046875,371.173828125,0.0955780744552612,2.06152606010437,0.0022167260758578
f0a0360u,expfm,explicit,42,100,580075520,1239.555908203125,364.99609375,0.0950296223163604,2.064095497131348,0.0023749363608658
f0a0360u,expfm,explicit,42,100,590069760,1223.6015625,363.89453125,0.0992345660924911,2.043778419494629,0.0024483678862452
f0a0360u,expfm,explicit,42,100,600064000,1284.4466552734375,375.998046875,0.0938326567411422,2.071446180343628,0.0020405168179422
j2bmags2,expfm,explicit,42,5,10076160,622.0302124023438,237.8916015625,0.0447811186313629,2.6848738193511963,0.0098016802221536
j2bmags2,expfm,explicit,42,5,20070400,719.615478515625,251.716796875,0.0386725142598152,2.5262131690979004,0.0079753044992685
j2bmags2,expfm,explicit,42,5,30064640,681.1329345703125,241.0673828125,0.0434025526046752,2.333193778991699,0.0082577569410204
j2bmags2,expfm,explicit,42,5,40058880,796.9633178710938,259.6162109375,0.0340585634112358,2.0195963382720947,0.0076269097626209
j2bmags2,expfm,explicit,42,5,50053120,863.2798461914062,274.7021484375,0.034868624061346,2.0115346908569336,0.0062706647440791
j2bmags2,expfm,explicit,42,5,60047360,939.653564453125,282.7861328125,0.0311621353030204,1.8603363037109373,0.0054900394752621
j2bmags2,expfm,explicit,42,5,70041600,946.7937622070312,283.255859375,0.0281487107276916,1.7953540086746216,0.0054679731838405
j2bmags2,expfm,explicit,42,5,80035840,969.2321166992188,282.0380859375,0.0283188298344612,1.7140066623687744,0.0054617412388324
j2bmags2,expfm,explicit,42,5,90030080,988.6068725585938,285.8427734375,0.0297634676098823,1.7868090867996216,0.0051013203337788
j2bmags2,expfm,explicit,42,5,100024320,1054.955322265625,301.3017578125,0.0261515118181705,1.6921803951263428,0.0043136063031852
j2bmags2,expfm,explicit,42,5,110018560,1086.32177734375,306.6982421875,0.0271830409765243,1.6964963674545288,0.0041229631751775
j2bmags2,expfm,explicit,42,5,120012800,1075.046630859375,301.060546875,0.0283877477049827,1.699641227722168,0.0045692780986428
j2bmags2,expfm,explicit,42,5,130007040,1173.648681640625,329.673828125,0.0316640324890613,1.71463143825531,0.0034310175105929
j2bmags2,expfm,explicit,42,5,140001280,1262.07373046875,352.1982421875,0.0329200252890586,1.7337501049041748,0.002967674518004
j2bmags2,expfm,explicit,42,5,150077440,1369.1328125,376.6953125,0.0332062542438507,1.6782362461090088,0.0022033806890249
j2bmags2,expfm,explicit,42,5,160071680,1372.525634765625,370.2978515625,0.031624361872673,1.6157876253128052,0.0023943935520946
j2bmags2,expfm,explicit,42,5,170065920,1457.87646484375,381.4921875,0.0304746404290199,1.5744248628616333,0.0020303949713706
j2bmags2,expfm,explicit,42,5,180060160,1510.80126953125,389.861328125,0.0289099887013435,1.5212833881378174,0.0016273495275527
j2bmags2,expfm,explicit,42,5,190054400,1518.65869140625,386.900390625,0.0288290753960609,1.4964929819107056,0.0019933604635298
j2bmags2,expfm,explicit,42,5,200048640,1570.6319580078125,394.4375,0.024931525811553,1.469207525253296,0.0016690343618392
j2bmags2,expfm,explicit,42,5,210042880,1645.55126953125,411.3701171875,0.0231651924550533,1.4419288635253906,0.0010966232512146
j2bmags2,expfm,explicit,42,5,220037120,1657.000732421875,411.6572265625,0.0231126919388771,1.423987865447998,0.001097937580198
j2bmags2,expfm,explicit,42,5,230031360,1689.456787109375,418.267578125,0.0205088332295417,1.4389140605926514,0.0008515031076967
j2bmags2,expfm,explicit,42,5,240025600,1708.604736328125,419.0859375,0.020858509466052,1.417085886001587,0.0008852932951413
j2bmags2,expfm,explicit,42,5,250019840,1738.444091796875,423.373046875,0.0193472169339656,1.4164621829986572,0.000696447561495
j2bmags2,expfm,explicit,42,5,260014080,1756.204833984375,426.3408203125,0.0185111500322818,1.4038333892822266,0.0006556740845553
j2bmags2,expfm,explicit,42,5,270008320,1744.5224609375,424.2705078125,0.0192904584109783,1.3957353830337524,0.0007478162297047
j2bmags2,expfm,explicit,42,5,280002560,1733.8118896484375,422.119140625,0.0218278616666793,1.4028878211975098,0.0007744416361674
j2bmags2,expfm,explicit,42,5,290078720,1781.80224609375,430.3662109375,0.0182998087257146,1.3601174354553225,0.0005604874459095
j2bmags2,expfm,explicit,42,5,300072960,1753.77685546875,424.5712890625,0.0189735814929008,1.3689098358154297,0.0007106710691004
j2bmags2,expfm,explicit,42,5,310067200,1810.764404296875,433.7080078125,0.0198644660413265,1.3638570308685305,0.000394535716623
j2bmags2,expfm,explicit,42,5,320061440,1843.2337646484373,440.5908203125,0.0163796599954366,1.3407357931137085,0.0002264755894429
j2bmags2,expfm,explicit,42,5,330055680,1821.64599609375,434.9619140625,0.0187455043196678,1.3520758152008057,0.0003421030705794
j2bmags2,expfm,explicit,42,5,340049920,1837.1981201171875,437.2412109375,0.0164429880678653,1.335440158843994,0.0002916288794949
j2bmags2,expfm,explicit,42,5,350044160,1814.8243408203125,432.228515625,0.0180243533104658,1.3399524688720703,0.0004108032444491
j2bmags2,expfm,explicit,42,5,360038400,1836.5177001953125,437.953125,0.0161302350461483,1.3322803974151611,0.0002710977278184
j2bmags2,expfm,explicit,42,5,370032640,1834.840087890625,435.08984375,0.0166628248989582,1.3257358074188232,0.0003706700226757
j2bmags2,expfm,explicit,42,5,380026880,1854.423095703125,438.955078125,0.0158070474863052,1.3176124095916748,0.0002771081635728
j2bmags2,expfm,explicit,42,5,390021120,1821.124755859375,433.9794921875,0.0176077224314212,1.3464010953903198,0.0004236330569256
j2bmags2,expfm,explicit,42,5,400015360,1856.912353515625,437.005859375,0.0159682370722293,1.320391058921814,0.0003164828231092
j2bmags2,expfm,explicit,42,5,410009600,1831.4427490234373,431.8037109375,0.0174173712730407,1.316198229789734,0.0005134367384016
j2bmags2,expfm,explicit,42,5,420003840,1853.359375,437.5966796875,0.0161665603518486,1.3201240301132202,0.0003266389830969
j2bmags2,expfm,explicit,42,5,430080000,1830.402099609375,432.66796875,0.0184420756995677,1.355433702468872,0.0004152077599428
j2bmags2,expfm,explicit,42,5,440074240,1868.1259765625,438.97265625,0.0149818994104862,1.3147120475769043,0.0002846310962922
j2bmags2,expfm,explicit,42,5,450068480,1847.5081787109373,433.4384765625,0.0161916296929121,1.3186819553375244,0.0004246055905241
j2bmags2,expfm,explicit,42,5,460062720,1858.2301025390625,436.3359375,0.017028197646141,1.312464952468872,0.0003785288427025
j2bmags2,expfm,explicit,42,5,470056960,1874.968994140625,437.896484375,0.015462402254343,1.2842671871185305,0.0003262325772084
j2bmags2,expfm,explicit,42,5,480051200,1865.9052734375,437.767578125,0.0159730967134237,1.3085169792175293,0.0003052325337193
j2bmags2,expfm,explicit,42,5,490045440,1867.61474609375,439.921875,0.0155654558911919,1.2899599075317385,0.0002078687248285
j2bmags2,expfm,explicit,42,5,500039680,1897.8822021484373,443.560546875,0.0147139281034469,1.289724826812744,0.0001139880623668
j2bmags2,expfm,explicit,42,5,510033920,1863.51953125,438.279296875,0.0158248674124479,1.29931640625,0.0002508229226805
j2bmags2,expfm,explicit,42,5,520028160,1876.583984375,439.25,0.0157924927771091,1.304069757461548,0.0003400866407901
j2bmags2,expfm,explicit,42,5,530022400,1873.88232421875,437.7744140625,0.0152458939701318,1.2944835424423218,0.0003299705858808
j2bmags2,expfm,explicit,42,5,540016640,1891.818359375,442.439453125,0.01464369520545,1.2894279956817627,0.0001773765688994
j2bmags2,expfm,explicit,42,5,550010880,1872.045166015625,439.310546875,0.0157509353011846,1.3152267932891846,0.0002437663788441
j2bmags2,expfm,explicit,42,5,560005120,1907.4305419921875,443.16015625,0.0146732069551944,1.2721203565597534,0.0001245270104845
j2bmags2,expfm,explicit,42,5,570081280,1885.517822265625,439.6357421875,0.0157170873135328,1.2967262268066406,0.0002404776314506
j2bmags2,expfm,explicit,42,5,580075520,1900.0404052734373,442.0654296875,0.0143865048885345,1.289733648300171,0.0001724481408018
j2bmags2,expfm,explicit,42,5,590069760,1876.1968994140625,437.7958984375,0.014990497380495,1.2930712699890137,0.0003162390785291
j2bmags2,expfm,explicit,42,5,600064000,1898.242431640625,442.2021484375,0.0148596186190843,1.2752187252044678,0.0001484141248511
m5fbx6tq,expfm,explicit,42,6,10076160,561.4349975585938,214.9921875,0.0500211119651794,2.565750360488892,0.0110785067081451
m5fbx6tq,expfm,explicit,42,6,20070400,710.1918334960938,246.31640625,0.0404159128665924,2.4406754970550537,0.00852657482028
m5fbx6tq,expfm,explicit,42,6,30064640,713.5946044921875,243.6416015625,0.0417713373899459,2.1876425743103027,0.0086110774427652
m5fbx6tq,expfm,explicit,42,6,40058880,788.9352416992188,260.173828125,0.0393122769892215,2.052263021469116,0.0076784854754805
m5fbx6tq,expfm,explicit,42,6,50053120,881.818603515625,274.7578125,0.0339647233486175,1.866004943847656,0.0064103826880455
m5fbx6tq,expfm,explicit,42,6,60047360,926.1832275390624,282.4091796875,0.029631320387125,1.8141322135925293,0.0054484475404024
m5fbx6tq,expfm,explicit,42,6,70041600,947.8790283203124,282.798828125,0.0309263616800308,1.7616188526153564,0.0054353522136807
m5fbx6tq,expfm,explicit,42,6,80035840,988.7471923828124,289.7021484375,0.0322127565741539,1.75996994972229,0.00506251771003
m5fbx6tq,expfm,explicit,42,6,90030080,984.1390991210938,283.4384765625,0.0315980575978755,1.6930429935455322,0.0053567821159958
m5fbx6tq,expfm,explicit,42,6,100024320,1040.109375,297.7880859375,0.0288959834724664,1.6591732501983645,0.0044844439253211
m5fbx6tq,expfm,explicit,42,6,110018560,1042.344482421875,295.98828125,0.029167465865612,1.6541965007781982,0.0046721515245735
m5fbx6tq,expfm,explicit,42,6,120012800,1077.4853515625,303.984375,0.0295787937939167,1.6895103454589844,0.0042747585102915
m5fbx6tq,expfm,explicit,42,6,130007040,1149.489990234375,320.4208984375,0.0290966164320707,1.6317535638809204,0.0037084487266838
m5fbx6tq,expfm,explicit,42,6,140001280,1172.017578125,324.1875,0.0310515332967042,1.6691021919250488,0.0034979940392076
m5fbx6tq,expfm,explicit,42,6,150077440,1272.9189453125,349.6611328125,0.030712129548192,1.6255323886871338,0.0028404723852872
m5fbx6tq,expfm,explicit,42,6,160071680,1392.6812744140625,374.818359375,0.0332327559590339,1.6036088466644287,0.0022357229609042
m5fbx6tq,expfm,explicit,42,6,170065920,1433.335693359375,376.4267578125,0.0332988947629928,1.572276592254639,0.0021798477973788
m5fbx6tq,expfm,explicit,42,6,180060160,1509.2080078125,387.9814453125,0.0298100300133228,1.49388325214386,0.001933105289936
m5fbx6tq,expfm,explicit,42,6,190054400,1581.219970703125,400.2333984375,0.0284969601780176,1.480315327644348,0.0016567695420235
m5fbx6tq,expfm,explicit,42,6,200048640,1591.3876953125,402.7548828125,0.0269483141601085,1.4541219472885132,0.0014138920232653
m5fbx6tq,expfm,explicit,42,6,210042880,1631.388671875,406.22265625,0.0260548014193773,1.4125622510910034,0.0014988668262958
m5fbx6tq,expfm,explicit,42,6,220037120,1670.5908203125,417.8603515625,0.0241840556263923,1.4485394954681396,0.0009439561981707
m5fbx6tq,expfm,explicit,42,6,230031360,1681.1531982421875,418.5595703125,0.0233567617833614,1.46947979927063,0.000892102078069
m5fbx6tq,expfm,explicit,42,6,240025600,1652.1793212890625,406.1611328125,0.0241746753454208,1.4311479330062866,0.0013546640984714
m5fbx6tq,expfm,explicit,42,6,250019840,1665.529541015625,409.8701171875,0.0233328491449356,1.4321227073669434,0.0011169633362442
m5fbx6tq,expfm,explicit,42,6,260014080,1728.46533203125,421.4931640625,0.0224294997751712,1.388736128807068,0.0008061436237767
m5fbx6tq,expfm,explicit,42,6,270008320,1709.68701171875,419.212890625,0.0211115926504135,1.3921480178833008,0.0008848626166582
m5fbx6tq,expfm,explicit,42,6,280002560,1732.6834716796875,422.3857421875,0.0213217884302139,1.4014885425567627,0.0007805930217728
m5fbx6tq,expfm,explicit,42,6,290078720,1700.8306884765625,410.626953125,0.0244042687118053,1.3979792594909668,0.0012157303281128
m5fbx6tq,expfm,explicit,42,6,300072960,1748.2457275390625,422.076171875,0.0203622467815876,1.3837318420410156,0.000746356730815
m5fbx6tq,expfm,explicit,42,6,310067200,1733.4752197265625,419.4541015625,0.0200982969254255,1.381136417388916,0.0008714452851563
m5fbx6tq,expfm,explicit,42,6,320061440,1724.3232421875,417.5576171875,0.023322369903326,1.392651081085205,0.0008904830319806
m5fbx6tq,expfm,explicit,42,6,330055680,1761.168701171875,421.1181640625,0.0195270590484142,1.3517124652862549,0.0008278683526441
m5fbx6tq,expfm,explicit,42,6,340049920,1812.79345703125,434.9013671875,0.018422994762659,1.3577203750610352,0.0003615199821069
m5fbx6tq,expfm,explicit,42,6,350044160,1762.056640625,423.3046875,0.0197378974407911,1.3817949295043943,0.0007290365174412
m5fbx6tq,expfm,explicit,42,6,360038400,1820.279541015625,433.8916015625,0.0182684492319822,1.3281514644622805,0.0004291862423997
m5fbx6tq,expfm,explicit,42,6,370032640,1808.9715576171875,429.7548828125,0.01965769007802,1.332799792289734,0.0004989902954548
m5fbx6tq,expfm,explicit,42,6,380026880,1810.17578125,429.845703125,0.0190310552716255,1.34710431098938,0.0005459128296934
m5fbx6tq,expfm,explicit,42,6,390021120,1811.9324951171875,430.53125,0.0185447037220001,1.3638083934783936,0.0005345910903997
m5fbx6tq,expfm,explicit,42,6,400015360,1851.880615234375,438.673828125,0.0166745409369468,1.319016456604004,0.0002632322139106
m5fbx6tq,expfm,explicit,42,6,410009600,1803.4927978515625,429.658203125,0.0183146297931671,1.308889389038086,0.0005567672196775
m5fbx6tq,expfm,explicit,42,6,420003840,1843.84326171875,439.548828125,0.0174552891403436,1.3570441007614136,0.0002476433292031
m5fbx6tq,expfm,explicit,42,6,430080000,1851.69921875,438.0947265625,0.0171255674213171,1.3444262742996216,0.0002602970052976
m5fbx6tq,expfm,explicit,42,6,440074240,1867.570068359375,442.1435546875,0.0166575238108634,1.3104925155639648,0.0001621334231458
m5fbx6tq,expfm,explicit,42,6,450068480,1845.870361328125,436.4462890625,0.0170548222959041,1.3077645301818848,0.0003379617701284
m5fbx6tq,expfm,explicit,42,6,460062720,1811.3104248046875,430.048828125,0.0184256322681903,1.336690902709961,0.0005397332715801
m5fbx6tq,expfm,explicit,42,6,470056960,1858.736572265625,438.7646484375,0.0180163010954856,1.303028583526611,0.0002410969318589
m5fbx6tq,expfm,explicit,42,6,480051200,1878.926025390625,441.0703125,0.0165723823010921,1.3163034915924072,0.0002183999458793
m5fbx6tq,expfm,explicit,42,6,490045440,1869.90185546875,439.3896484375,0.0166830699890851,1.3122620582580566,0.0002379212819505
m5fbx6tq,expfm,explicit,42,6,500039680,1873.3707275390625,440.7548828125,0.016204273328185,1.308728575706482,0.0002047119487542
m5fbx6tq,expfm,explicit,42,6,510033920,1869.28076171875,437.9306640625,0.0163481868803501,1.315616011619568,0.0002677571319509
m5fbx6tq,expfm,explicit,42,6,520028160,1863.3450927734373,437.1640625,0.015680655837059,1.3060872554779053,0.0002683666534721
m5fbx6tq,expfm,explicit,42,6,530022400,1844.6715087890625,433.83984375,0.0228089615702629,1.3473937511444092,0.0003581486234907
m5fbx6tq,expfm,explicit,42,6,540016640,1870.697265625,438.384765625,0.0156220048666,1.3074357509613037,0.0002659497549757
m5fbx6tq,expfm,explicit,42,6,550010880,1892.005126953125,442.494140625,0.0156491436064243,1.2879878282546997,0.0001716170081635
m5fbx6tq,expfm,explicit,42,6,560005120,1864.293212890625,437.5419921875,0.0280985832214355,1.315684795379639,0.0002799083595164
m5fbx6tq,expfm,explicit,42,6,570081280,1882.947021484375,439.33984375,0.0163881331682205,1.3027063608169556,0.0002240541216451
m5fbx6tq,expfm,explicit,42,6,580075520,1869.5599365234373,435.8818359375,0.0164094399660825,1.287095069885254,0.000350630027242
m5fbx6tq,expfm,explicit,42,6,590069760,1877.2275390625,439.2822265625,0.0167618654668331,1.3055431842803955,0.0002515907108318
m5fbx6tq,expfm,explicit,42,6,600064000,1897.644775390625,443.0126953125,0.0150975715368986,1.3148066997528076,0.0001055544562404
q7e7028r,expfm,explicit,42,0,10076160,666.7168579101562,237.69921875,0.0060158278793096,2.476029396057129,0.0090651009231805
q7e7028r,expfm,explicit,42,0,20070400,826.2384033203125,270.3935546875,0.0034469189122319,2.146686553955078,0.0068891979753971
q7e7028r,expfm,explicit,42,0,30064640,909.6448974609376,278.78125,0.0012999925529584,1.9334070682525637,0.0061351554468274
q7e7028r,expfm,explicit,42,0,40058880,945.8795166015624,278.767578125,0.0011186591582372,1.7989189624786377,0.0059631466865539
q7e7028r,expfm,explicit,42,0,50053120,1037.2642822265625,295.5810546875,0.0007237946265377,1.7583435773849487,0.0050161718390882
q7e7028r,expfm,explicit,42,0,60047360,1089.554443359375,303.4970703125,0.0009850834030658,1.675559401512146,0.0043454291298985
q7e7028r,expfm,explicit,42,0,70041600,1200.7603759765625,328.8837890625,0.0006568922544829,1.6367924213409424,0.0033416799269616
q7e7028r,expfm,explicit,42,0,80035840,1361.5263671875,370.8232421875,0.0012694320175796,1.6706182956695557,0.0021404933650046
q7e7028r,expfm,explicit,42,0,90030080,1496.8443603515625,390.1982421875,0.0007434102008119,1.5739840269088743,0.0016254641814157
q7e7028r,expfm,explicit,42,0,100024320,1611.863525390625,409.8505859375,0.0008701519109308,1.5038124322891235,0.0011105376761406
q7e7028r,expfm,explicit,42,0,110018560,1706.56982421875,425.8095703125,0.0005134169477969,1.4656174182891846,0.0006381943821907
q7e7028r,expfm,explicit,42,0,120012800,1751.553466796875,430.9052734375,0.0031922736670821,1.4120688438415527,0.0005126033211126
q7e7028r,expfm,explicit,42,0,130007040,1774.302490234375,432.166015625,0.0002402835234533,1.3973824977874756,0.0004120712983421
q7e7028r,expfm,explicit,42,0,140001280,1752.7332763671875,428.1337890625,0.0003242746170144,1.396305799484253,0.0005977352266199
q7e7028r,expfm,explicit,42,0,150077440,1817.57568359375,437.208984375,0.0010179165983572,1.3737555742263794,0.0002940758713521
q7e7028r,expfm,explicit,42,0,160071680,1842.822265625,439.3466796875,0.0001822468766476,1.3449612855911257,0.0002153588284272
q7e7028r,expfm,explicit,42,0,170065920,1846.6787109375,439.4775390625,0.0011333512375131,1.3252570629119873,0.0002272221754537
q7e7028r,expfm,explicit,42,0,180060160,1857.24951171875,439.046875,0.0001598877570359,1.3292012214660645,0.0002038862003246
q7e7028r,expfm,explicit,42,0,190054400,1881.1708984375,442.6533203125,0.001982876798138,1.290804743766785,0.000146471807966
q7e7028r,expfm,explicit,42,0,200048640,1880.3377685546875,439.978515625,0.0003303380799479,1.3052799701690674,0.0001848778629209
q7e7028r,expfm,explicit,42,0,210042880,1903.2423095703125,445.8017578125,0.0001204536820296,1.2878464460372925,3.734718484338373e-05
q7e7028r,expfm,explicit,42,0,220037120,1901.4366455078125,443.837890625,0.0002647750661708,1.2910486459732056,8.012642501853406e-05
q7e7028r,expfm,explicit,42,0,230031360,1920.25634765625,446.37890625,0.0013384610647335,1.272723913192749,1.404973227181472e-05
q7e7028r,expfm,explicit,42,0,240025600,1909.7333984375,443.822265625,0.0001995949132833,1.2754062414169312,7.952660962473601e-05
q7e7028r,expfm,explicit,42,0,250019840,1922.84423828125,444.208984375,0.0001742161402944,1.253145694732666,6.168438994791359e-05
q7e7028r,expfm,explicit,42,0,260014080,1904.9154052734373,442.44140625,0.0017345694359391,1.26132333278656,0.0001349352678516
q7e7028r,expfm,explicit,42,0,270008320,1925.7843017578125,444.0234375,0.000393660768168,1.2399799823760986,8.644896297482774e-05
q7e7028r,expfm,explicit,42,0,280002560,1921.988525390625,443.6064453125,0.0005853590555489,1.2507543563842771,9.860620775725693e-05
q7e7028r,expfm,explicit,42,0,290078720,1913.19775390625,441.2099609375,0.0008295503212139,1.243869066238403,0.0001526519481558
q7e7028r,expfm,explicit,42,0,300072960,1913.181884765625,440.0068359375,0.0002341404760954,1.2381293773651123,0.0002111029752995
q7e7028r,expfm,explicit,42,0,310067200,1922.110595703125,442.060546875,0.0003544716164469,1.2424315214157104,0.0001270566426683
q7e7028r,expfm,explicit,42,0,320061440,1915.65869140625,440.4091796875,9.841934661380948e-05,1.254999041557312,0.0001765950582921
q7e7028r,expfm,explicit,42,0,330055680,1936.79248046875,443.4482421875,8.858527871780097e-05,1.230815052986145,0.0001008753315545
q7e7028r,expfm,explicit,42,0,340049920,1938.063232421875,444.427734375,0.0002602930762805,1.2228320837020874,5.624712139251642e-05
q7e7028r,expfm,explicit,42,0,350044160,1948.4241943359373,444.5791015625,8.259204332716763e-05,1.2064814567565918,7.47362500987947e-05
q7e7028r,expfm,explicit,42,0,360038400,1942.4970703125,443.47265625,0.0002266387455165,1.2182798385620115,9.791737829800697e-05
q7e7028r,expfm,explicit,42,0,370032640,1937.54443359375,442.1533203125,0.000481519382447,1.2144999504089355,0.0001338184956694
q7e7028r,expfm,explicit,42,0,380026880,1946.83203125,444.751953125,0.0002964518498629,1.2162108421325684,6.860059511382133e-05
q7e7028r,expfm,explicit,42,0,390021120,1940.781005859375,443.7587890625,0.0018877561669796,1.2147018909454346,7.677971734665334e-05
q7e7028r,expfm,explicit,42,0,400015360,1958.822265625,446.2314453125,0.0002780630602501,1.222427487373352,1.6202113329200074e-05
q7e7028r,expfm,explicit,42,0,410009600,1956.155517578125,444.4716796875,0.0003610684070736,1.2012131214141846,7.174142228905112e-05
q7e7028r,expfm,explicit,42,0,420003840,1954.78564453125,444.3671875,0.0001917409827001,1.2046619653701782,7.673647633055225e-05
q7e7028r,expfm,explicit,42,0,430080000,1962.6689453125,444.1220703125,0.0011540834093466,1.1994072198867798,7.538570935139433e-05
q7e7028r,expfm,explicit,42,0,440074240,1946.486083984375,444.521484375,0.0076885041780769,1.2185781002044678,6.498325092252344e-05
q7e7028r,expfm,explicit,42,0,450068480,1944.162353515625,442.271484375,0.006683187559247,1.2065422534942627,0.0001151953038061
q7e7028r,expfm,explicit,42,0,460062720,1959.8323974609373,444.1240234375,0.000544891343452,1.1949543952941897,6.974425923544914e-05
q7e7028r,expfm,explicit,42,0,470056960,1934.80810546875,441.9375,0.0001223071012645,1.2296828031539917,0.0001416897284798
q7e7028r,expfm,explicit,42,0,480051200,1960.9825439453125,444.873046875,0.0033636852167546,1.1939153671264648,5.31420337210875e-05
q7e7028r,expfm,explicit,42,0,490045440,1961.1552734375,445.177734375,0.0008335004677064,1.2101225852966309,4.403426646604203e-05
q7e7028r,expfm,explicit,42,0,500039680,1970.994384765625,444.830078125,0.0001182259002234,1.1892542839050293,5.654983760905452e-05
q7e7028r,expfm,explicit,42,0,510033920,1928.1900634765625,441.0146484375,0.0012111223768442,1.237952709197998,0.0001835719012888
q7e7028r,expfm,explicit,42,0,520028160,1962.226318359375,444.59375,0.0002531356294639,1.1851739883422852,6.282837421167642e-05
q7e7028r,expfm,explicit,42,0,530022400,1965.2279052734373,444.1298828125,0.0001121800742112,1.1912524700164795,8.777117182034999e-05
q7e7028r,expfm,explicit,42,0,540016640,1979.4508056640625,446.18359375,0.0003910983796231,1.1657662391662598,2.2634811102761887e-05
q7e7028r,expfm,explicit,42,0,550010880,1972.280029296875,444.5791015625,8.389248978346586e-05,1.172232985496521,5.97381622355897e-05
q7e7028r,expfm,explicit,42,0,560005120,1976.0369873046875,446.1240234375,0.0029887813143432,1.19101881980896,2.139898060704581e-05
q7e7028r,expfm,explicit,42,0,570081280,1972.658935546875,444.9423828125,0.0003542181802913,1.1902151107788086,4.905748937744647e-05
q7e7028r,expfm,explicit,42,0,580075520,1980.7774658203125,446.1591796875,0.0004299276624806,1.172132968902588,1.8674532839213495e-05
q7e7028r,expfm,explicit,42,0,590069760,1981.780029296875,446.345703125,8.522626012563705e-05,1.1926099061965942,1.7197256966028363e-05
q7e7028r,expfm,explicit,42,0,600064000,1981.185791015625,446.1083984375,0.0002164294564863,1.1623246669769287,4.409107350511477e-05
qqzdghe9,expfm,explicit,42,40,10076160,552.7418212890625,219.421875,0.0983148142695427,2.627655029296875,0.0116230743005871
qqzdghe9,expfm,explicit,42,40,20070400,586.7845458984375,215.9658203125,0.0995080024003982,2.345273733139038,0.0095813740044832
qqzdghe9,expfm,explicit,42,40,30064640,729.4290771484375,257.806640625,0.0804242938756942,2.4307849407196045,0.0074357804842293
qqzdghe9,expfm,explicit,42,40,40058880,740.7054443359375,255.228515625,0.0773430690169334,2.2537596225738525,0.0075554149225354
qqzdghe9,expfm,explicit,42,40,50053120,804.8338623046875,271.6650390625,0.0749872028827667,2.170436382293701,0.0068886769004166
qqzdghe9,expfm,explicit,42,40,60047360,816.248779296875,271.1982421875,0.0724113658070564,2.110595703125,0.0066805891692638
qqzdghe9,expfm,explicit,42,40,70041600,844.20068359375,273.0478515625,0.0692458525300026,2.0329413414001465,0.0060097528621554
qqzdghe9,expfm,explicit,42,40,80035840,851.7988891601562,270.142578125,0.0672033876180648,1.9811686277389529,0.0061185471713542
qqzdghe9,expfm,explicit,42,40,90030080,889.6851806640625,279.884765625,0.0675468668341636,1.9808498620986936,0.0056240949779748
qqzdghe9,expfm,explicit,42,40,100024320,863.5113525390625,272.1708984375,0.0708773136138916,1.909379243850708,0.0059724673628807
qqzdghe9,expfm,explicit,42,40,110018560,927.4989013671876,286.1591796875,0.0644899010658264,1.9007359743118288,0.005273594520986
qqzdghe9,expfm,explicit,42,40,120012800,928.5244140625,285.5830078125,0.0670401751995086,1.92957603931427,0.0052930158562958
qqzdghe9,expfm,explicit,42,40,130007040,933.7619018554688,286.9580078125,0.0659908428788185,1.930734634399414,0.0052101556211709
qqzdghe9,expfm,explicit,42,40,140001280,945.350341796875,288.736328125,0.067418098449707,1.9064682722091677,0.0052399788983166
qqzdghe9,expfm,explicit,42,40,150077440,967.0347900390624,289.5859375,0.0640646517276763,1.8327598571777344,0.0050422148779034
qqzdghe9,expfm,explicit,42,40,160071680,980.8892822265624,295.2861328125,0.0716370940208435,1.914521336555481,0.0051021799445152
qqzdghe9,expfm,explicit,42,40,170065920,1000.7310791015624,303.4443359375,0.076188713312149,1.925319790840149,0.0046552205458283
qqzdghe9,expfm,explicit,42,40,180060160,1081.880859375,323.1435546875,0.0714806616306305,1.886628270149231,0.0039780726656317
qqzdghe9,expfm,explicit,42,40,190054400,1113.803955078125,330.56640625,0.074922040104866,1.911626935005188,0.003840206656605
qqzdghe9,expfm,explicit,42,40,200048640,1086.2205810546875,321.4892578125,0.0756940394639968,1.859174728393555,0.0041959099471569
qqzdghe9,expfm,explicit,42,40,210042880,1122.717529296875,330.16796875,0.0724951475858688,1.840162992477417,0.0038250910583883
qqzdghe9,expfm,explicit,42,40,220037120,1144.68408203125,336.7294921875,0.07216527312994,1.8426192998886108,0.0036363382823765
qqzdghe9,expfm,explicit,42,40,230031360,1157.7734375,338.453125,0.0732006579637527,1.841050624847412,0.0037019271403551
qqzdghe9,expfm,explicit,42,40,240025600,1183.4873046875,348.3994140625,0.0751959830522537,1.869250059127808,0.0030289413407444
qqzdghe9,expfm,explicit,42,40,250019840,1193.67626953125,347.3154296875,0.0749158263206482,1.829497456550598,0.0031129317358136
qqzdghe9,expfm,explicit,42,40,260014080,1207.89990234375,351.5322265625,0.0756087005138397,1.8552137613296509,0.0030469507910311
qqzdghe9,expfm,explicit,42,40,270008320,1216.931640625,351.583984375,0.0787113979458808,1.8310227394104004,0.0030352650210261
qqzdghe9,expfm,explicit,42,40,280002560,1209.801025390625,349.2587890625,0.0729557871818542,1.812175273895264,0.0032541356049478
qqzdghe9,expfm,explicit,42,40,290078720,1212.656494140625,345.3173828125,0.0734336525201797,1.755028486251831,0.0032549444586038
qqzdghe9,expfm,explicit,42,40,300072960,1223.6082763671875,351.5908203125,0.0746289193630218,1.8010492324829102,0.0030483009759336
qqzdghe9,expfm,explicit,42,40,310067200,1256.552734375,354.515625,0.0702789276838302,1.6911871433258057,0.002995750401169
qqzdghe9,expfm,explicit,42,40,320061440,1264.8699951171875,356.0595703125,0.0736015290021896,1.7374165058135986,0.0029640616849064
qqzdghe9,expfm,explicit,42,40,330055680,1295.6923828125,362.18359375,0.0730233713984489,1.727634310722351,0.0028105652891099
qqzdghe9,expfm,explicit,42,40,340049920,1270.116455078125,358.7685546875,0.0740639641880989,1.7089745998382568,0.0026338945608586
qqzdghe9,expfm,explicit,42,40,350044160,1244.302734375,348.2265625,0.0724060237407684,1.6761434078216553,0.0031121098436415
qqzdghe9,expfm,explicit,42,40,360038400,1275.841064453125,355.078125,0.0670680701732635,1.6772005558013916,0.0027318969368934
qqzdghe9,expfm,explicit,42,40,370032640,1294.6240234375,356.3857421875,0.0716165453195571,1.645132541656494,0.0027570642996579
qqzdghe9,expfm,explicit,42,40,380026880,1329.6298828125,362.83984375,0.0683280378580093,1.6278783082962036,0.0027014510706067
qqzdghe9,expfm,explicit,42,40,390021120,1357.091064453125,371.9326171875,0.0692774876952171,1.6592512130737305,0.0022673986386507
qqzdghe9,expfm,explicit,42,40,400015360,1341.8411865234375,366.263671875,0.0693102478981018,1.6817264556884766,0.002570237731561
qqzdghe9,expfm,explicit,42,40,410009600,1351.0294189453125,363.7548828125,0.0680593773722648,1.6525306701660156,0.0026509845629334
qqzdghe9,expfm,explicit,42,40,420003840,1330.9814453125,363.2744140625,0.0688511133193969,1.6697484254837036,0.0025444431230425
qqzdghe9,expfm,explicit,42,40,430080000,1337.1815185546875,364.7626953125,0.0682702958583831,1.640291690826416,0.0024366695433855
qqzdghe9,expfm,explicit,42,40,440074240,1400.1285400390625,375.490234375,0.062348149716854,1.6042122840881348,0.0021674009039998
qqzdghe9,expfm,explicit,42,40,450068480,1381.874755859375,371.1376953125,0.064510591328144,1.6026668548583984,0.0023214758839458
qqzdghe9,expfm,explicit,42,40,460062720,1373.348876953125,369.5029296875,0.067934937775135,1.6504337787628174,0.0025292357895523
qqzdghe9,expfm,explicit,42,40,470056960,1395.364013671875,370.47265625,0.0632323920726776,1.5942116975784302,0.0024596941657364
qqzdghe9,expfm,explicit,42,40,480051200,1353.31494140625,365.1669921875,0.0679624378681182,1.644514083862305,0.002703443635255
qqzdghe9,expfm,explicit,42,40,490045440,1437.182373046875,383.134765625,0.0611441656947135,1.592950463294983,0.0020127166062593
qqzdghe9,expfm,explicit,42,40,500039680,1370.68310546875,367.4296875,0.0644015520811081,1.6267969608306885,0.0024210920091718
qqzdghe9,expfm,explicit,42,40,510033920,1404.5224609375,376.17578125,0.068354919552803,1.6373685598373413,0.0022317506372928
qqzdghe9,expfm,explicit,42,40,520028160,1413.12646484375,376.5810546875,0.0617311522364616,1.603036642074585,0.0020788102410733
qqzdghe9,expfm,explicit,42,40,530022400,1425.037841796875,378.8955078125,0.0589791312813758,1.5908805131912231,0.002049301052466
qqzdghe9,expfm,explicit,42,40,540016640,1475.4794921875,389.935546875,0.0579340755939483,1.616952896118164,0.0017466773279011
qqzdghe9,expfm,explicit,42,40,550010880,1451.83251953125,381.732421875,0.0612564980983734,1.5906622409820557,0.0020521017722785
qqzdghe9,expfm,explicit,42,40,560005120,1480.4066162109375,390.6494140625,0.0586043260991573,1.5865776538848877,0.0017527383752167
qqzdghe9,expfm,explicit,42,40,570081280,1448.3741455078125,382.1826171875,0.0610491931438446,1.5849725008010864,0.0020931405015289
qqzdghe9,expfm,explicit,42,40,580075520,1426.14404296875,379.17578125,0.0614752583205699,1.6164840459823608,0.0020885523408651
qqzdghe9,expfm,explicit,42,40,590069760,1438.5604248046875,376.7265625,0.0596558675169944,1.5642542839050293,0.0022413125261664
qqzdghe9,expfm,explicit,42,40,600064000,1468.78955078125,384.2626953125,0.0580017417669296,1.5417412519454956,0.0020083682611584
qubjc67b,expfm,explicit,42,80,10076160,519.501953125,205.3955078125,0.1225143671035766,2.5145397186279297,0.012797450646758
qubjc67b,expfm,explicit,42,80,20070400,505.72314453125,198.1865234375,0.1328122168779373,2.31318473815918,0.0103238243609666
qubjc67b,expfm,explicit,42,80,30064640,671.4788208007812,248.1328125,0.1003448143601417,2.3906538486480717,0.0082086371257901
qubjc67b,expfm,explicit,42,80,40058880,740.1649780273438,262.2568359375,0.1089914515614509,2.311173439025879,0.0072504910640418
qubjc67b,expfm,explicit,42,80,50053120,778.1240234375,266.63671875,0.1046364605426788,2.2625479698181152,0.0067217787727713
qubjc67b,expfm,explicit,42,80,60047360,809.2716064453125,270.921875,0.0965261906385421,2.256799697875977,0.006440098863095
qubjc67b,expfm,explicit,42,80,70041600,799.0955810546875,266.9814453125,0.0950920656323432,2.119737148284912,0.0063184201717376
qubjc67b,expfm,explicit,42,80,80035840,828.7100219726562,273.7822265625,0.0960309207439422,2.123060703277588,0.0058925747871398
qubjc67b,expfm,explicit,42,80,90030080,838.6734008789062,273.0302734375,0.0900328904390335,2.095308303833008,0.0062090586870908
qubjc67b,expfm,explicit,42,80,100024320,799.3834228515625,260.7529296875,0.0934050008654594,2.068815231323242,0.006382331252098
qubjc67b,expfm,explicit,42,80,110018560,872.25927734375,275.03125,0.086728498339653,2.066351890563965,0.0057843038812279
qubjc67b,expfm,explicit,42,80,120012800,863.6732177734375,277.5947265625,0.0875608026981353,2.018042087554932,0.0061014941893517
qubjc67b,expfm,explicit,42,80,130007040,879.3928833007812,278.4833984375,0.0906478613615036,2.0081262588500977,0.0061621069908142
qubjc67b,expfm,explicit,42,80,140001280,860.4051513671875,274.46875,0.0930394530296325,2.0466458797454834,0.0056757791899144
qubjc67b,expfm,explicit,42,80,150077440,860.684326171875,272.9716796875,0.096270203590393,1.9961711168289185,0.0055907284840941
qubjc67b,expfm,explicit,42,80,160071680,881.866943359375,276.736328125,0.0934037119150161,2.043786764144897,0.0057115070521831
qubjc67b,expfm,explicit,42,80,170065920,908.3353271484376,285.361328125,0.0936736911535263,2.0325841903686523,0.0050448682159185
qubjc67b,expfm,explicit,42,80,180060160,898.8555297851562,282.962890625,0.0915848240256309,2.0258169174194336,0.0053019970655441
qubjc67b,expfm,explicit,42,80,190054400,940.0653076171876,291.892578125,0.0907615646719932,1.9962623119354248,0.0050279307179152
qubjc67b,expfm,explicit,42,80,200048640,943.3032836914062,293.4111328125,0.0912089124321937,2.0008111000061035,0.0047344835475087
qubjc67b,expfm,explicit,42,80,210042880,959.028564453125,295.4677734375,0.0897173881530761,1.9649327993392944,0.0048209400847554
qubjc67b,expfm,explicit,42,80,220037120,960.1376953125,295.4423828125,0.0909405350685119,1.985061526298523,0.0047983448021113
qubjc67b,expfm,explicit,42,80,230031360,998.853515625,304.79296875,0.0922988653182983,2.0417165756225586,0.0043933261185884
qubjc67b,expfm,explicit,42,80,240025600,995.2032470703124,306.365234375,0.0952444225549697,1.9660133123397827,0.0044778855517506
qubjc67b,expfm,explicit,42,80,250019840,993.8561401367188,305.59375,0.0959274843335151,2.021034240722656,0.0045381826348602
qubjc67b,expfm,explicit,42,80,260014080,1002.2433471679688,306.009765625,0.0973131656646728,2.015573501586914,0.0042759655043482
qubjc67b,expfm,explicit,42,80,270008320,1029.1822509765625,313.265625,0.0947323590517044,2.016976833343506,0.0040094410069286
qubjc67b,expfm,explicit,42,80,280002560,1052.56396484375,318.8134765625,0.0938793644309043,2.0002026557922363,0.0039521427825093
qubjc67b,expfm,explicit,42,80,290078720,1044.6612548828125,316.310546875,0.0948499515652656,2.007253170013428,0.0043409853242337
qubjc67b,expfm,explicit,42,80,300072960,1117.36767578125,332.2734375,0.09859349578619,1.9914186000823972,0.0037290821783244
qubjc67b,expfm,explicit,42,80,310067200,1097.916748046875,330.6005859375,0.0991466417908668,2.0323078632354736,0.0036369212903082
qubjc67b,expfm,explicit,42,80,320061440,1074.2301025390625,322.42578125,0.0955421701073646,1.9550434350967407,0.0040697292424738
qubjc67b,expfm,explicit,42,80,330055680,1078.425537109375,326.1044921875,0.0940475687384605,1.959223389625549,0.0039196005091071
qubjc67b,expfm,explicit,42,80,340049920,1119.65234375,337.1689453125,0.0976245924830436,2.031269073486328,0.0033794557675719
qubjc67b,expfm,explicit,42,80,350044160,1125.4996337890625,336.30078125,0.0990297645330429,1.9740229845047,0.0034896067809313
qubjc67b,expfm,explicit,42,80,360038400,1155.813720703125,345.4228515625,0.0953981727361679,2.0004305839538574,0.0032708416692912
qubjc67b,expfm,explicit,42,80,370032640,1183.309814453125,353.2578125,0.0955779999494552,2.0037856101989746,0.0029723753686994
qubjc67b,expfm,explicit,42,80,380026880,1171.6484375,350.234375,0.0952348560094833,2.065464973449707,0.003111524740234
qubjc67b,expfm,explicit,42,80,390021120,1188.30322265625,354.53125,0.0904617607593536,1.9889769554138184,0.0028359708376228
qubjc67b,expfm,explicit,42,80,400015360,1205.2281494140625,357.8466796875,0.0964354574680328,2.0037190914154053,0.0027317116037011
qubjc67b,expfm,explicit,42,80,410009600,1221.725341796875,357.9580078125,0.0922545194625854,2.009692907333374,0.0028105608653277
qubjc67b,expfm,explicit,42,80,420003840,1211.0887451171875,356.013671875,0.0918729826807975,1.9851858615875244,0.0031542754732072
qubjc67b,expfm,explicit,42,80,430080000,1196.818603515625,353.4287109375,0.0948190912604332,2.0061402320861816,0.0029197917319834
qubjc67b,expfm,explicit,42,80,440074240,1213.506103515625,358.5537109375,0.094758965075016,2.016922950744629,0.0027129345107823
qubjc67b,expfm,explicit,42,80,450068480,1215.18994140625,356.740234375,0.0966370701789856,2.01593017578125,0.0028272499330341
qubjc67b,expfm,explicit,42,80,460062720,1220.498779296875,357.583984375,0.0907171368598938,1.942278265953064,0.0026627089828252
qubjc67b,expfm,explicit,42,80,470056960,1234.3909912109375,362.453125,0.0919253230094909,1.962105631828308,0.0026239564176648
qubjc67b,expfm,explicit,42,80,480051200,1204.0914306640625,352.75390625,0.0936718955636024,1.9949407577514648,0.0029216730035841
qubjc67b,expfm,explicit,42,80,490045440,1250.277587890625,367.1240234375,0.0869375020265579,1.9568825960159304,0.002434650901705
qubjc67b,expfm,explicit,42,80,500039680,1215.331298828125,355.013671875,0.0900991857051849,1.9608230590820312,0.0027667530812323
qubjc67b,expfm,explicit,42,80,510033920,1221.351806640625,359.51171875,0.095414325594902,2.0079524517059326,0.0025653326883912
qubjc67b,expfm,explicit,42,80,520028160,1227.5260009765625,362.4990234375,0.0970398336648941,1.995615005493164,0.0025252560153603
qubjc67b,expfm,explicit,42,80,530022400,1262.5257568359375,366.7529296875,0.0963025465607643,1.944322109222412,0.0023428637068718
qubjc67b,expfm,explicit,42,80,540016640,1267.52197265625,364.08203125,0.0993999317288398,1.9903984069824217,0.0026359620969742
qubjc67b,expfm,explicit,42,80,550010880,1288.142822265625,373.0400390625,0.0923181772232055,1.930365800857544,0.0023891106247901
qubjc67b,expfm,explicit,42,80,560005120,1260.8265380859375,364.4912109375,0.0933890491724014,1.9205981492996216,0.0025125052779912
qubjc67b,expfm,explicit,42,80,570081280,1312.882080078125,377.873046875,0.0972035527229309,1.9776315689086916,0.0021261891815811
qubjc67b,expfm,explicit,42,80,580075520,1318.573974609375,379.458984375,0.0912475362420082,1.9401013851165767,0.0020684809423983
qubjc67b,expfm,explicit,42,80,590069760,1277.0694580078125,365.658203125,0.0902904719114303,1.878591537475586,0.0025232881307601
qubjc67b,expfm,explicit,42,80,600064000,1261.2579345703125,365.30078125,0.1002479195594787,1.9220110177993772,0.0026097293011844
t4lisyr9,expfm,explicit,42,8,10076160,621.6561279296875,234.767578125,0.0521611459553241,2.644508123397827,0.0102535765618085
t4lisyr9,expfm,explicit,42,8,20070400,636.6376953125,222.03515625,0.052320010960102,2.3947346210479736,0.0100956037640571
t4lisyr9,expfm,explicit,42,8,30064640,747.5087280273438,253.220703125,0.0431103259325027,2.1259796619415283,0.0076909982599318
t4lisyr9,expfm,explicit,42,8,40058880,755.4437866210938,250.263671875,0.0415578335523605,1.978368043899536,0.0084149530157446
t4lisyr9,expfm,explicit,42,8,50053120,853.5123291015625,269.59765625,0.0379986763000488,1.9308286905288696,0.006668260321021
t4lisyr9,expfm,explicit,42,8,60047360,897.5361328125,275.771484375,0.0366085991263389,1.8607473373413088,0.0064172958955168
t4lisyr9,expfm,explicit,42,8,70041600,927.3056640625,275.955078125,0.034391351044178,1.7956383228302002,0.0057793874293565
t4lisyr9,expfm,explicit,42,8,80035840,944.3997802734376,279.3642578125,0.0329913645982742,1.708512306213379,0.0058805393055081
t4lisyr9,expfm,explicit,42,8,90030080,968.42529296875,282.357421875,0.0323208197951316,1.6756691932678225,0.0053056795150041
t4lisyr9,expfm,explicit,42,8,100024320,1017.4105224609376,296.1796875,0.0336148142814636,1.7778427600860596,0.0046771802008152
t4lisyr9,expfm,explicit,42,8,110018560,1069.0445556640625,305.9658203125,0.0352527871727943,1.72317636013031,0.0043525034561753
t4lisyr9,expfm,explicit,42,8,120012800,1097.33251953125,313.3779296875,0.0346876867115497,1.6925374269485474,0.0041763447225093
t4lisyr9,expfm,explicit,42,8,130007040,1207.63720703125,343.66796875,0.0386361628770828,1.719666600227356,0.0033728240523487
t4lisyr9,expfm,explicit,42,8,140001280,1221.13916015625,339.01171875,0.0371194705367088,1.639603853225708,0.0034855620469897
t4lisyr9,expfm,explicit,42,8,150077440,1316.267822265625,357.5205078125,0.0352324768900871,1.5498206615447998,0.0028015258722007
t4lisyr9,expfm,explicit,42,8,160071680,1373.85595703125,365.451171875,0.0337333902716636,1.514502763748169,0.0024733422324061
t4lisyr9,expfm,explicit,42,8,170065920,1437.08251953125,376.896484375,0.0343740358948707,1.5256977081298828,0.0022332549560815
t4lisyr9,expfm,explicit,42,8,180060160,1445.213134765625,377.79296875,0.0308759547770023,1.4673807621002195,0.0022775121033191
t4lisyr9,expfm,explicit,42,8,190054400,1478.358154296875,381.701171875,0.0300561338663101,1.50312077999115,0.0020518521778285
t4lisyr9,expfm,explicit,42,8,200048640,1540.330078125,394.4599609375,0.0285301879048347,1.4583526849746704,0.0017299652099609
t4lisyr9,expfm,explicit,42,8,210042880,1577.2213134765625,401.125,0.0279217939823865,1.471624732017517,0.0014932078775018
t4lisyr9,expfm,explicit,42,8,220037120,1591.1842041015625,401.5048828125,0.0269488580524921,1.43408203125,0.0014286319492384
t4lisyr9,expfm,explicit,42,8,230031360,1615.8797607421875,404.712890625,0.0275719501078128,1.460019588470459,0.0013271190691739
t4lisyr9,expfm,explicit,42,8,240025600,1587.776123046875,395.6181640625,0.0287713073194026,1.4165297746658323,0.0017977196257561
t4lisyr9,expfm,explicit,42,8,250019840,1657.548095703125,412.9267578125,0.0285866372287273,1.4518558979034424,0.0011177379637956
t4lisyr9,expfm,explicit,42,8,260014080,1629.449462890625,403.89453125,0.0254345461726188,1.4472224712371826,0.0013933021109551
t4lisyr9,expfm,explicit,42,8,270008320,1618.4658203125,401.5595703125,0.0271793864667415,1.460354208946228,0.0013855736469849
t4lisyr9,expfm,explicit,42,8,280002560,1675.2276611328125,416.1962890625,0.0257296059280633,1.4417064189910889,0.0009663177188485
t4lisyr9,expfm,explicit,42,8,290078720,1685.987060546875,414.8603515625,0.0239430032670497,1.4045042991638184,0.0010232160566374
t4lisyr9,expfm,explicit,42,8,300072960,1645.6435546875,404.0185546875,0.0259801000356674,1.4506700038909912,0.0013466131640598
t4lisyr9,expfm,explicit,42,8,310067200,1661.9090576171875,406.7001953125,0.0251010153442621,1.4265849590301514,0.0012954496778547
t4lisyr9,expfm,explicit,42,8,320061440,1694.51513671875,413.77734375,0.0227761063724756,1.424959659576416,0.0009909056825563
t4lisyr9,expfm,explicit,42,8,330055680,1689.787109375,412.6240234375,0.0239056479185819,1.4327797889709473,0.0010233661159873
t4lisyr9,expfm,explicit,42,8,340049920,1628.5760498046875,398.52734375,0.0295881852507591,1.4156397581100464,0.0014754694420844
t4lisyr9,expfm,explicit,42,8,350044160,1696.953857421875,411.1572265625,0.0264665838330984,1.4073882102966309,0.0010451271664351
t4lisyr9,expfm,explicit,42,8,360038400,1704.188720703125,415.75,0.0260188058018684,1.420071005821228,0.0009977838490158
t4lisyr9,expfm,explicit,42,8,370032640,1765.1204833984375,425.7119140625,0.0231377948075532,1.4120272397994995,0.0007486932445317
t4lisyr9,expfm,explicit,42,8,380026880,1748.855224609375,420.5966796875,0.0223076064139604,1.3692429065704346,0.0008676972938701
t4lisyr9,expfm,explicit,42,8,390021120,1748.129150390625,422.9599609375,0.02155402302742,1.4153916835784912,0.0007462535286322
t4lisyr9,expfm,explicit,42,8,400015360,1789.29052734375,430.7841796875,0.0221182592213153,1.3757766485214231,0.0005147719057276
t4lisyr9,expfm,explicit,42,8,410009600,1792.4603271484375,432.572265625,0.0200365167111158,1.4033617973327637,0.0004943347303196
t4lisyr9,expfm,explicit,42,8,420003840,1813.382568359375,433.33984375,0.0196738932281732,1.356865167617798,0.0004236746462993
t4lisyr9,expfm,explicit,42,8,430080000,1728.281982421875,418.318359375,0.0232476033270359,1.4153904914855957,0.0008722257334738
t4lisyr9,expfm,explicit,42,8,440074240,1773.860595703125,423.9375,0.0220821648836135,1.3503592014312744,0.0007434299332089
t4lisyr9,expfm,explicit,42,8,450068480,1806.394287109375,431.0703125,0.0194929875433444,1.3654298782348633,0.0005314025911502
t4lisyr9,expfm,explicit,42,8,460062720,1833.85498046875,435.806640625,0.0181601755321025,1.3432414531707764,0.0003559691540431
t4lisyr9,expfm,explicit,42,8,470056960,1785.249267578125,425.599609375,0.0195387750864028,1.3538739681243896,0.0006228138227015
t4lisyr9,expfm,explicit,42,8,480051200,1813.90576171875,430.7734375,0.020416971296072,1.3346178531646729,0.0004459093615878
t4lisyr9,expfm,explicit,42,8,490045440,1817.506591796875,431.4150390625,0.0203879866749048,1.3381270170211792,0.0004572269972413
t4lisyr9,expfm,explicit,42,8,500039680,1820.06982421875,433.296875,0.019919017329812,1.351928472518921,0.0004372429102659
t4lisyr9,expfm,explicit,42,8,510033920,1829.3717041015625,432.9140625,0.0186502579599618,1.336658239364624,0.0004598145605996
t4lisyr9,expfm,explicit,42,8,520028160,1837.644287109375,436.291015625,0.0187222007662057,1.3375215530395508,0.0003199050261173
t4lisyr9,expfm,explicit,42,8,530022400,1813.8197021484373,429.314453125,0.0198282599449157,1.329236388206482,0.0005119175766594
t4lisyr9,expfm,explicit,42,8,540016640,1844.259521484375,437.3974609375,0.0184060912579298,1.3378934860229492,0.000313532014843
t4lisyr9,expfm,explicit,42,8,550010880,1835.2034912109373,433.798828125,0.019183138385415,1.343725323677063,0.0004760706215165
t4lisyr9,expfm,explicit,42,8,560005120,1845.1680908203125,436.4931640625,0.0187546461820602,1.3433955907821655,0.0003190062125213
t4lisyr9,expfm,explicit,42,8,570081280,1829.701171875,435.30078125,0.0214406326413154,1.3989553451538086,0.000381754245609
t4lisyr9,expfm,explicit,42,8,580075520,1844.34521484375,434.814453125,0.018027801066637,1.3371186256408691,0.0003452552482485
t4lisyr9,expfm,explicit,42,8,590069760,1854.7294921875,438.25,0.0241844393312931,1.3617280721664429,0.0002882395056076
t4lisyr9,expfm,explicit,42,8,600064000,1850.2825927734373,436.7646484375,0.018616933375597,1.3462247848510742,0.0003391557256691
tuakxoap,expfm,explicit,42,60,10076160,505.02337646484375,206.515625,0.1099133566021919,2.677239179611206,0.0114153837785124
tuakxoap,expfm,explicit,42,60,20070400,591.3934326171875,220.0869140625,0.1093435138463974,2.3984932899475098,0.0097215352579951
tuakxoap,expfm,explicit,42,60,30064640,681.427734375,247.6875,0.0969129875302314,2.4351043701171875,0.0079662334173917
tuakxoap,expfm,explicit,42,60,40058880,746.3242797851562,261.98046875,0.0887699350714683,2.3005564212799072,0.0073260432109236
tuakxoap,expfm,explicit,42,60,50053120,731.9035034179688,252.544921875,0.0970236957073211,2.156172752380371,0.008024213835597
tuakxoap,expfm,explicit,42,60,60047360,786.9893798828125,260.8349609375,0.0879872813820838,2.115957260131836,0.0072266678325831
tuakxoap,expfm,explicit,42,60,70041600,812.408935546875,267.7138671875,0.0835706293582916,2.0461788177490234,0.006451167166233
tuakxoap,expfm,explicit,42,60,80035840,829.5223388671875,271.0078125,0.0829388424754142,1.99329137802124,0.0064600338228046
tuakxoap,expfm,explicit,42,60,90030080,842.1334228515625,269.72265625,0.0867978185415268,2.017951011657715,0.0059085860848426
tuakxoap,expfm,explicit,42,60,100024320,865.7900390625,276.943359375,0.0801959037780761,2.0737433433532715,0.0059003112837672
tuakxoap,expfm,explicit,42,60,110018560,845.8424072265625,272.8505859375,0.0848494470119476,2.070619583129883,0.0059908190742135
tuakxoap,expfm,explicit,42,60,120012800,880.3014526367188,277.1484375,0.0803706645965576,1.9989644289016724,0.0056933006271719
tuakxoap,expfm,explicit,42,60,130007040,904.0407104492188,279.8779296875,0.07850893586874,1.969954490661621,0.0054910201579332
tuakxoap,expfm,explicit,42,60,140001280,879.1068725585938,278.4482421875,0.0856533199548721,2.010007381439209,0.0053365407511591
tuakxoap,expfm,explicit,42,60,150077440,912.3887939453124,285.0771484375,0.0806634947657585,1.943234205245972,0.0051108207553625
tuakxoap,expfm,explicit,42,60,160071680,924.5308227539062,285.068359375,0.079649232327938,1.9088897705078125,0.0052065309137105
tuakxoap,expfm,explicit,42,60,170065920,929.56298828125,285.943359375,0.0793713554739952,1.9182089567184448,0.0054556746035814
tuakxoap,expfm,explicit,42,60,180060160,957.2962646484376,292.443359375,0.0834313258528709,1.929970145225525,0.0048569063656032
tuakxoap,expfm,explicit,42,60,190054400,949.5794677734376,289.0634765625,0.0810436606407165,1.9389618635177608,0.0049037653952836
tuakxoap,expfm,explicit,42,60,200048640,978.701416015625,297.205078125,0.0790145993232727,1.9168354272842407,0.0045612221583724
tuakxoap,expfm,explicit,42,60,210042880,978.8836669921876,296.53125,0.0802225619554519,1.9101794958114624,0.0045437514781951
tuakxoap,expfm,explicit,42,60,220037120,1016.999267578125,305.337890625,0.0881943553686142,1.960233211517334,0.0042576109990477
tuakxoap,expfm,explicit,42,60,230031360,1017.3036499023438,309.9228515625,0.0886269509792327,1.9979488849639893,0.0042744008824229
tuakxoap,expfm,explicit,42,60,240025600,1041.542236328125,314.2998046875,0.0912169814109802,1.982043981552124,0.004179073497653
tuakxoap,expfm,explicit,42,60,250019840,1085.739013671875,322.98828125,0.0890731960535049,1.8877296447753904,0.0038885492831468
tuakxoap,expfm,explicit,42,60,260014080,1112.1904296875,331.5908203125,0.0868870988488197,1.9441487789154053,0.003545542480424
tuakxoap,expfm,explicit,42,60,270008320,1092.3377685546875,327.8203125,0.0873790085315704,1.953625202178955,0.0036176037974655
tuakxoap,expfm,explicit,42,60,280002560,1111.212158203125,332.5771484375,0.0910229235887527,1.9535398483276367,0.003591333515942
tuakxoap,expfm,explicit,42,60,290078720,1163.4345703125,341.7685546875,0.0834031552076339,1.9117519855499268,0.0033681623172014
tuakxoap,expfm,explicit,42,60,300072960,1162.039794921875,340.7900390625,0.0823571979999542,1.899802327156067,0.0034137349575757
tuakxoap,expfm,explicit,42,60,310067200,1182.2197265625,347.931640625,0.0868770778179168,1.9301786422729488,0.0031902664341032
tuakxoap,expfm,explicit,42,60,320061440,1199.52490234375,352.458984375,0.0886612981557846,1.9240423440933228,0.0030347926076501
tuakxoap,expfm,explicit,42,60,330055680,1188.26611328125,350.47265625,0.08865737169981,1.9160916805267332,0.0031333819497376
tuakxoap,expfm,explicit,42,60,340049920,1199.2760009765625,352.3876953125,0.0867534577846527,1.90667724609375,0.0030558188445866
tuakxoap,expfm,explicit,42,60,350044160,1199.801513671875,350.958984375,0.0836724787950515,1.8801829814910889,0.0029264418408274
tuakxoap,expfm,explicit,42,60,360038400,1217.59765625,355.1884765625,0.0888296216726303,1.929253339767456,0.0029813221190124
tuakxoap,expfm,explicit,42,60,370032640,1225.2420654296875,355.4873046875,0.0850863009691238,1.894346833229065,0.002973208669573
tuakxoap,expfm,explicit,42,60,380026880,1227.73193359375,356.68359375,0.0846363008022308,1.9158155918121336,0.0027555553242564
tuakxoap,expfm,explicit,42,60,390021120,1219.53125,353.5078125,0.0812973827123642,1.860410571098328,0.0029987159650772
tuakxoap,expfm,explicit,42,60,400015360,1252.4521484375,359.1220703125,0.0861797556281089,1.9244394302368164,0.0026383870281279
tuakxoap,expfm,explicit,42,60,410009600,1235.453369140625,353.2265625,0.0830562561750412,1.891632080078125,0.0030655665323138
tuakxoap,expfm,explicit,42,60,420003840,1278.7960205078125,364.296875,0.0805483534932136,1.8743575811386108,0.0026341951452195
tuakxoap,expfm,explicit,42,60,430080000,1295.646240234375,369.9560546875,0.0790590867400169,1.865375518798828,0.0023612866643816
tuakxoap,expfm,explicit,42,60,440074240,1292.837646484375,369.2685546875,0.0829710140824318,1.8600993156433103,0.0023745996877551
tuakxoap,expfm,explicit,42,60,450068480,1294.117919921875,368.00390625,0.0827790051698684,1.8353922367095947,0.0024556550197303
tuakxoap,expfm,explicit,42,60,460062720,1276.0609130859375,365.96875,0.0879347845911979,1.9319398403167725,0.0025637741200625
tuakxoap,expfm,explicit,42,60,470056960,1289.5440673828125,366.7265625,0.0839194729924202,1.8520742654800413,0.0024790856987237
tuakxoap,expfm,explicit,42,60,480051200,1306.403564453125,367.4677734375,0.0780684575438499,1.8250244855880735,0.0024843420833349
tuakxoap,expfm,explicit,42,60,490045440,1294.4635009765625,362.6728515625,0.0814448371529579,1.807228803634644,0.0025734901428222
tuakxoap,expfm,explicit,42,60,500039680,1320.2576904296875,375.078125,0.0783084630966186,1.825068473815918,0.0023482711985707
tuakxoap,expfm,explicit,42,60,510033920,1273.5518798828125,362.404296875,0.0819286778569221,1.8025816679000852,0.0025562099181115
tuakxoap,expfm,explicit,42,60,520028160,1306.6446533203125,368.2900390625,0.080068439245224,1.7824504375457764,0.0022992608137428
tuakxoap,expfm,explicit,42,60,530022400,1263.4820556640625,355.970703125,0.0831632614135742,1.770775556564331,0.0027185869403183
tuakxoap,expfm,explicit,42,60,540016640,1286.00146484375,363.255859375,0.0813855677843093,1.8193531036376955,0.0026656636036932
tuakxoap,expfm,explicit,42,60,550010880,1274.27197265625,358.5341796875,0.0808724537491798,1.811020374298096,0.0025756331160664
tuakxoap,expfm,explicit,42,60,560005120,1270.2684326171875,353.8583984375,0.0828083008527755,1.7587014436721802,0.00285634258762
tuakxoap,expfm,explicit,42,60,570081280,1279.5697021484375,358.091796875,0.0790293142199516,1.7437602281570437,0.0025994959287345
tuakxoap,expfm,explicit,42,60,580075520,1302.90185546875,364.0751953125,0.0801299288868904,1.7510066032409668,0.0024161082692444
tuakxoap,expfm,explicit,42,60,590069760,1289.5322265625,357.8720703125,0.0834583938121795,1.7301346063613892,0.0028147739358246
tuakxoap,expfm,explicit,42,60,600064000,1330.94921875,368.8828125,0.0805260688066482,1.7287814617156982,0.0023710310924798
vxo6rooq,expfm,explicit,42,90,10076160,525.5521240234375,209.8818359375,0.1207540109753608,2.5836353302001958,0.0106416586786508
vxo6rooq,expfm,explicit,42,90,20070400,605.4454956054688,233.2666015625,0.1145093291997909,2.4837965965271,0.0090380320325493
vxo6rooq,expfm,explicit,42,90,30064640,660.5928955078125,239.439453125,0.1133542209863662,2.3126368522644043,0.0083578061312437
vxo6rooq,expfm,explicit,42,90,40058880,749.8944091796875,258.7197265625,0.1084178686141967,2.2483980655670166,0.0074152862653136
vxo6rooq,expfm,explicit,42,90,50053120,777.5699462890625,265.501953125,0.1086144372820854,2.24100661277771,0.0067555289715528
vxo6rooq,expfm,explicit,42,90,60047360,800.28369140625,265.8408203125,0.0995130091905593,2.284468650817871,0.0066181225702166
vxo6rooq,expfm,explicit,42,90,70041600,791.35986328125,261.55859375,0.0981054827570915,2.1322569847106934,0.0072790654376149
vxo6rooq,expfm,explicit,42,90,80035840,813.4227905273438,265.6650390625,0.0986450091004371,2.1862456798553467,0.0066713942214846
vxo6rooq,expfm,explicit,42,90,90030080,844.3358154296875,273.0146484375,0.0939976423978805,2.1333136558532715,0.0065841674804687
vxo6rooq,expfm,explicit,42,90,100024320,836.874267578125,272.5625,0.090917557477951,2.0577521324157715,0.0061181178316473
vxo6rooq,expfm,explicit,42,90,110018560,845.087646484375,271.0283203125,0.0927615389227867,2.0603256225585938,0.0061343214474618
vxo6rooq,expfm,explicit,42,90,120012800,834.7418823242188,268.08984375,0.1019389033317565,2.1251988410949707,0.0066433339379727
vxo6rooq,expfm,explicit,42,90,130007040,863.9818115234375,278.599609375,0.0980546325445175,2.1781163215637207,0.0056250439956784
vxo6rooq,expfm,explicit,42,90,140001280,884.1942138671875,281.69921875,0.0979240760207176,2.140000343322754,0.0055013503879308
vxo6rooq,expfm,explicit,42,90,150077440,861.546875,274.2578125,0.1002978906035423,2.052443742752075,0.0054758479818701
vxo6rooq,expfm,explicit,42,90,160071680,870.1586303710938,275.1689453125,0.0935783684253692,2.013394832611084,0.0058385394513607
vxo6rooq,expfm,explicit,42,90,170065920,867.678955078125,278.9873046875,0.091276153922081,1.9851186275482176,0.0054240734316408
vxo6rooq,expfm,explicit,42,90,180060160,885.120849609375,279.564453125,0.0922532305121421,1.9785523414611816,0.0053991051390767
vxo6rooq,expfm,explicit,42,90,190054400,914.522705078125,284.3212890625,0.0923469290137291,2.021865129470825,0.0049903653562068
vxo6rooq,expfm,explicit,42,90,200048640,912.0491943359376,284.8173828125,0.0927268862724304,2.0362765789031982,0.0051679736934602
vxo6rooq,expfm,explicit,42,90,210042880,924.1803588867188,286.490234375,0.0971151441335678,2.021601438522339,0.0049653821624815
vxo6rooq,expfm,explicit,42,90,220037120,917.5088500976562,286.125,0.0955281257629394,1.9880988597869875,0.005241616629064
vxo6rooq,expfm,explicit,42,90,230031360,939.497802734375,289.59375,0.0918703749775886,2.005094528198242,0.0048860739916563
vxo6rooq,expfm,explicit,42,90,240025600,965.24462890625,296.1103515625,0.0960555151104927,2.0184168815612797,0.004522337578237
vxo6rooq,expfm,explicit,42,90,250019840,946.8232421875,290.318359375,0.09259495139122,2.019525051116944,0.0048396755009889
vxo6rooq,expfm,explicit,42,90,260014080,957.0843505859376,291.67578125,0.0978491604328155,2.021600246429444,0.0048309052363038
vxo6rooq,expfm,explicit,42,90,270008320,949.6984252929688,294.14453125,0.0998797267675399,1.983856558799744,0.0046506999060511
vxo6rooq,expfm,explicit,42,90,280002560,1004.3367919921876,305.390625,0.0956328958272934,2.0965864658355717,0.0042617069557309
vxo6rooq,expfm,explicit,42,90,290078720,1028.433837890625,316.9990234375,0.0958315879106521,2.0841493606567383,0.0037407376803457
vxo6rooq,expfm,explicit,42,90,300072960,1023.8259887695312,316.8896484375,0.1039375960826873,2.084874629974365,0.0037026042118668
vxo6rooq,expfm,explicit,42,90,310067200,1055.239501953125,323.7578125,0.0999106466770172,2.044078826904297,0.0035228196065872
vxo6rooq,expfm,explicit,42,90,320061440,1022.108642578125,311.28515625,0.1026067808270454,2.069103717803955,0.0039639235474169
vxo6rooq,expfm,explicit,42,90,330055680,1073.2899169921875,325.642578125,0.1000883132219314,2.0543036460876465,0.0035733534023165
vxo6rooq,expfm,explicit,42,90,340049920,1095.453369140625,331.6904296875,0.1022031605243682,2.030037641525269,0.0034327143803238
vxo6rooq,expfm,explicit,42,90,350044160,1150.98095703125,344.1572265625,0.0975843518972396,2.059886693954468,0.0031759915873408
vxo6rooq,expfm,explicit,42,90,360038400,1160.93310546875,346.95703125,0.0975536108016967,2.0497372150421143,0.0029811665881425
vxo6rooq,expfm,explicit,42,90,370032640,1132.3104248046875,341.9638671875,0.0963376611471176,2.0303680896759038,0.003190386109054
vxo6rooq,expfm,explicit,42,90,380026880,1154.33544921875,341.8916015625,0.0971166342496872,2.034911870956421,0.0032709464430809
vxo6rooq,expfm,explicit,42,90,390021120,1163.057861328125,346.234375,0.095575213432312,2.0457234382629395,0.0030693949665874
vxo6rooq,expfm,explicit,42,90,400015360,1141.187744140625,340.3828125,0.0976370126008987,2.0435562133789062,0.0033971953671425
vxo6rooq,expfm,explicit,42,90,410009600,1175.39697265625,351.3876953125,0.095445230603218,2.027498960494995,0.0029131365008652
vxo6rooq,expfm,explicit,42,90,420003840,1154.0206298828125,345.80859375,0.0998300686478614,2.0319995880126958,0.0030474658124148
vxo6rooq,expfm,explicit,42,90,430080000,1185.73486328125,353.5068359375,0.098201036453247,2.024015426635742,0.002840056316927
vxo6rooq,expfm,explicit,42,90,440074240,1173.165283203125,350.53125,0.0994175374507904,2.0602471828460693,0.0030286964029073
vxo6rooq,expfm,explicit,42,90,450068480,1206.23046875,358.595703125,0.0960025936365127,2.052103042602539,0.002638426143676
vxo6rooq,expfm,explicit,42,90,460062720,1250.88232421875,367.1044921875,0.0929488837718963,2.041285991668701,0.0024277346674352
vxo6rooq,expfm,explicit,42,90,470056960,1230.70703125,364.4111328125,0.0951107442378997,1.999941349029541,0.002463674172759
vxo6rooq,expfm,explicit,42,90,480051200,1144.7698974609375,341.5830078125,0.0993508100509643,2.0541911125183105,0.00305543304421
vxo6rooq,expfm,explicit,42,90,490045440,1200.796142578125,354.36328125,0.0981411039829254,1.9788696765899656,0.0028427115175873
vxo6rooq,expfm,explicit,42,90,500039680,1243.876220703125,365.02734375,0.0972870290279388,1.9423432350158687,0.0025355285033583
vxo6rooq,expfm,explicit,42,90,510033920,1202.1087646484375,355.1904296875,0.0929683446884155,1.9906309843063357,0.0027404418215155
vxo6rooq,expfm,explicit,42,90,520028160,1227.1888427734375,362.3056640625,0.0969912111759185,2.011650323867798,0.0024675163440406
vxo6rooq,expfm,explicit,42,90,530022400,1239.4267578125,362.7568359375,0.094258926808834,1.9849358797073364,0.0024990602396428
vxo6rooq,expfm,explicit,42,90,540016640,1254.587890625,364.7607421875,0.0935349911451339,1.9466015100479128,0.002457067836076
vxo6rooq,expfm,explicit,42,90,550010880,1252.031005859375,368.3779296875,0.0936404019594192,1.9753899574279783,0.0022611003369092
vxo6rooq,expfm,explicit,42,90,560005120,1256.870361328125,370.46484375,0.0964589267969131,1.964199662208557,0.0021625955123454
vxo6rooq,expfm,explicit,42,90,570081280,1254.316650390625,368.8193359375,0.0955510586500167,1.9978941679000852,0.0021674854215234
vxo6rooq,expfm,explicit,42,90,580075520,1266.42578125,370.55859375,0.0943360030651092,1.961240649223328,0.0023726660292595
vxo6rooq,expfm,explicit,42,90,590069760,1274.135986328125,369.3935546875,0.0945912599563598,1.989328145980835,0.002380643505603
vxo6rooq,expfm,explicit,42,90,600064000,1258.810546875,371.09375,0.090675763785839,1.9607856273651123,0.0023371214047074
wdnsv6wt,expfm,explicit,42,1,10076160,643.2857055664062,237.3642578125,0.0241260714828968,2.511302947998047,0.0090631265193223
wdnsv6wt,expfm,explicit,42,1,20070400,723.1416015625,247.4912109375,0.0217001754790544,2.262612819671631,0.007754105143249
wdnsv6wt,expfm,explicit,42,1,30064640,851.5748291015625,268.1572265625,0.0185464322566986,2.020118474960327,0.0065434053540229
wdnsv6wt,expfm,explicit,42,1,40058880,915.86865234375,279.916015625,0.0168367773294448,1.8190958499908447,0.0059925536625087
wdnsv6wt,expfm,explicit,42,1,50053120,948.6104736328124,280.3232421875,0.0179791301488876,1.7544729709625244,0.0056300358846783
wdnsv6wt,expfm,explicit,42,1,60047360,1021.3300170898438,290.3955078125,0.017990656197071,1.7068829536437988,0.0049255639314651
wdnsv6wt,expfm,explicit,42,1,70041600,1087.130615234375,306.9775390625,0.019042307510972,1.7310113906860352,0.0040641166269779
wdnsv6wt,expfm,explicit,42,1,80035840,1106.97412109375,309.3642578125,0.0183802153915166,1.6885526180267334,0.0039470372721552
wdnsv6wt,expfm,explicit,42,1,90030080,1199.902587890625,330.5869140625,0.0212239325046539,1.694296956062317,0.0032870348077267
wdnsv6wt,expfm,explicit,42,1,100024320,1365.2252197265625,370.65625,0.0213119369000196,1.6457966566085815,0.0021739858202636
wdnsv6wt,expfm,explicit,42,1,110018560,1458.3541259765625,384.19921875,0.0221286881715059,1.579336643218994,0.0018793332856148
wdnsv6wt,expfm,explicit,42,1,120012800,1587.1337890625,404.833984375,0.0190046336501836,1.4862735271453855,0.0012059373548254
wdnsv6wt,expfm,explicit,42,1,130007040,1634.596435546875,412.2138671875,0.019254807382822,1.4602388143539429,0.0010477436007931
wdnsv6wt,expfm,explicit,42,1,140001280,1708.0662841796875,425.009765625,0.0181564018130302,1.4933606386184692,0.0006854030070826
wdnsv6wt,expfm,explicit,42,1,150077440,1743.95703125,428.5029296875,0.0176324099302291,1.4233930110931396,0.0005404776311479
wdnsv6wt,expfm,explicit,42,1,160071680,1782.558349609375,433.548828125,0.0162236113101243,1.3643261194229126,0.0003887007478624
wdnsv6wt,expfm,explicit,42,1,170065920,1766.900634765625,429.1796875,0.0172724165022373,1.3826143741607666,0.0005443783011287
wdnsv6wt,expfm,explicit,42,1,180060160,1814.943359375,436.798828125,0.0154119804501533,1.3781297206878662,0.0002338975318707
wdnsv6wt,expfm,explicit,42,1,190054400,1823.896484375,437.537109375,0.0154191376641392,1.342843770980835,0.0002703873615246
wdnsv6wt,expfm,explicit,42,1,200048640,1833.42333984375,439.8017578125,0.014989711344242,1.322021722793579,0.0002453183406032
wdnsv6wt,expfm,explicit,42,1,210042880,1834.155029296875,436.4951171875,0.0169394724071025,1.3450584411621094,0.0002798252389766
wdnsv6wt,expfm,explicit,42,1,220037120,1849.823974609375,438.78125,0.0157320369035005,1.3528170585632324,0.0002706636441871
wdnsv6wt,expfm,explicit,42,1,230031360,1851.99072265625,437.080078125,0.0151087827980518,1.3365695476531982,0.0003300176467746
wdnsv6wt,expfm,explicit,42,1,240025600,1852.9512939453125,438.9697265625,0.0156901776790618,1.3297981023788452,0.0002563287853263
wdnsv6wt,expfm,explicit,42,1,250019840,1847.297119140625,434.609375,0.0158471427857875,1.3323912620544434,0.0004355623968876
wdnsv6wt,expfm,explicit,42,1,260014080,1863.2366943359373,436.255859375,0.0151731800287961,1.32299542427063,0.0003384803130757
wdnsv6wt,expfm,explicit,42,1,270008320,1892.16796875,441.892578125,0.0147611163556575,1.326179265975952,0.0001843413047026
wdnsv6wt,expfm,explicit,42,1,280002560,1894.194580078125,442.0869140625,0.0151236457750201,1.3016753196716309,0.0001753963151713
wdnsv6wt,expfm,explicit,42,1,290078720,1909.845458984375,444.14453125,0.0145142562687397,1.286407709121704,7.589723099954426e-05
wdnsv6wt,expfm,explicit,42,1,300072960,1880.1004638671875,438.1328125,0.0140796173363924,1.306872844696045,0.0002655726566445
wdnsv6wt,expfm,explicit,42,1,310067200,1907.687255859375,442.2177734375,0.0137877957895398,1.2716060876846311,0.0001380417234031
wdnsv6wt,expfm,explicit,42,1,320061440,1911.8538818359373,443.158203125,0.0134193394333124,1.2852466106414795,0.0001320041483268
wdnsv6wt,expfm,explicit,42,1,330055680,1927.6708984375,444.5048828125,0.0143608562648296,1.243066906929016,6.494086846942082e-05
wdnsv6wt,expfm,explicit,42,1,340049920,1919.3388671875,442.4599609375,0.0132938846945762,1.2535573244094849,0.0001828645472414
wdnsv6wt,expfm,explicit,42,1,350044160,1918.5892333984373,443.3544921875,0.0136383734643459,1.25230073928833,0.0001288785424549
wdnsv6wt,expfm,explicit,42,1,360038400,1909.2781982421875,440.9072265625,0.0137564148753881,1.2614717483520508,0.0001929452701006
wdnsv6wt,expfm,explicit,42,1,370032640,1921.785400390625,441.6259765625,0.0141100101172924,1.240987777709961,0.0001776764402166
wdnsv6wt,expfm,explicit,42,1,380026880,1934.392578125,444.6328125,0.0140253975987434,1.248798370361328,6.703716644551605e-05
wdnsv6wt,expfm,explicit,42,1,390021120,1929.968994140625,442.85546875,0.0128269754350185,1.2695738077163696,0.0001498925412306
wdnsv6wt,expfm,explicit,42,1,400015360,1924.1156005859373,442.048828125,0.0143381971865892,1.2543141841888428,0.0001346838544122
wdnsv6wt,expfm,explicit,42,1,410009600,1934.3773193359373,443.61328125,0.0148647669702768,1.2203062772750854,9.32594484766014e-05
wdnsv6wt,expfm,explicit,42,1,420003840,1924.513916015625,441.359375,0.0158505234867334,1.2673016786575315,0.0001541969832032
wdnsv6wt,expfm,explicit,42,1,430080000,1927.020751953125,441.720703125,0.0129950167611241,1.2267295122146606,0.0001370058744214
wdnsv6wt,expfm,explicit,42,1,440074240,1934.309326171875,443.767578125,0.013076264411211,1.234231948852539,8.232334221247584e-05
wdnsv6wt,expfm,explicit,42,1,450068480,1930.974609375,442.8466796875,0.0127451512962579,1.248985767364502,0.0001110979283112
wdnsv6wt,expfm,explicit,42,1,460062720,1940.4874267578125,442.8388671875,0.012878444045782,1.241624116897583,0.000131489301566
wdnsv6wt,expfm,explicit,42,1,470056960,1943.07568359375,444.509765625,0.016207281500101,1.23835551738739,5.941400013398379e-05
wdnsv6wt,expfm,explicit,42,1,480051200,1937.3616943359373,443.412109375,0.0137840341776609,1.221935749053955,9.03509062482044e-05
wdnsv6wt,expfm,explicit,42,1,490045440,1947.6876220703125,444.390625,0.0150165930390357,1.221672773361206,6.572761776624247e-05
wdnsv6wt,expfm,explicit,42,1,500039680,1947.3690185546875,444.1142578125,0.013210155069828,1.2144705057144165,7.28531158529222e-05
wdnsv6wt,expfm,explicit,42,1,510033920,1948.0069580078125,442.9482421875,0.0122471479699015,1.2088898420333862,0.0001164537970907
wdnsv6wt,expfm,explicit,42,1,520028160,1948.141357421875,443.6328125,0.0134367104619741,1.216624736785889,8.123314182739705e-05
wdnsv6wt,expfm,explicit,42,1,530022400,1952.727783203125,443.771484375,0.0125892963260412,1.2103374004364014,0.0001170128889498
wdnsv6wt,expfm,explicit,42,1,540016640,1957.550048828125,444.2734375,0.0131888594478368,1.208674073219299,6.010333891026676e-05
wdnsv6wt,expfm,explicit,42,1,550010880,1952.556396484375,442.8876953125,0.0125778308138251,1.206037163734436,0.0001131389581132
wdnsv6wt,expfm,explicit,42,1,560005120,1949.62841796875,443.8623046875,0.0121697299182415,1.2197067737579346,6.959094753256068e-05
wdnsv6wt,expfm,explicit,42,1,570081280,1945.6207275390625,442.310546875,0.0143813174217939,1.2132103443145752,0.0001453088771086
wdnsv6wt,expfm,explicit,42,1,580075520,1950.060546875,444.09375,0.0152246877551078,1.205372333526611,7.20558236935176e-05
wdnsv6wt,expfm,explicit,42,1,590069760,1950.47314453125,444.91796875,0.0170013736933469,1.2221511602401731,5.740331835113466e-05
wdnsv6wt,expfm,explicit,42,1,600064000,1955.1199951171875,443.869140625,0.0128221837803721,1.2302923202514648,8.447352593066171e-05
yws4x1hj,expfm,explicit,42,15,10076160,551.2935791015625,221.080078125,0.0722248926758766,2.5908002853393555,0.0114353010430932
yws4x1hj,expfm,explicit,42,15,20070400,542.6548461914062,198.361328125,0.0767901912331581,2.2483010292053223,0.0107764368876814
yws4x1hj,expfm,explicit,42,15,30064640,736.4328002929688,256.927734375,0.052222192287445,2.252523899078369,0.0075192549265921
yws4x1hj,expfm,explicit,42,15,40058880,801.2266235351562,263.228515625,0.0523639619350433,2.163219690322876,0.007370978128165
yws4x1hj,expfm,explicit,42,15,50053120,837.2490234375,269.66796875,0.0478796176612377,2.0380609035491943,0.0066561251878738
yws4x1hj,expfm,explicit,42,15,60047360,870.601318359375,272.1357421875,0.0449178665876388,1.9024592638015747,0.0063927257433533
yws4x1hj,expfm,explicit,42,15,70041600,918.4417724609376,280.4111328125,0.0431210026144981,1.8303619623184204,0.0056557673960924
yws4x1hj,expfm,explicit,42,15,80035840,934.491943359375,281.0439453125,0.0441979467868804,1.8322346210479736,0.0056157009676098
yws4x1hj,expfm,explicit,42,15,90030080,926.7230834960938,276.775390625,0.0429051965475082,1.778308391571045,0.0057178745046257
yws4x1hj,expfm,explicit,42,15,100024320,973.0496826171876,286.1982421875,0.0432165376842021,1.7551827430725098,0.0053060255013406
yws4x1hj,expfm,explicit,42,15,110018560,994.1121826171876,293.134765625,0.0429973974823951,1.7686970233917236,0.0049127838574349
yws4x1hj,expfm,explicit,42,15,120012800,1080.83349609375,314.591796875,0.0472773537039756,1.7480828762054443,0.0044069243595004
yws4x1hj,expfm,explicit,42,15,130007040,1164.2998046875,335.5986328125,0.047146663069725,1.754855036735535,0.0035829648841172
yws4x1hj,expfm,explicit,42,15,140001280,1184.84130859375,341.8388671875,0.0474933981895446,1.7286304235458374,0.0033780764788389
yws4x1hj,expfm,explicit,42,15,150077440,1232.7076416015625,350.7255859375,0.0424284189939498,1.720439910888672,0.0031686942093074
yws4x1hj,expfm,explicit,42,15,160071680,1267.8828125,355.75,0.0427758917212486,1.6767536401748655,0.0029983108397573
yws4x1hj,expfm,explicit,42,15,170065920,1315.705078125,365.724609375,0.0451509840786457,1.7005207538604736,0.0026507605798542
yws4x1hj,expfm,explicit,42,15,180060160,1318.0567626953125,366.5712890625,0.0437856279313564,1.6936007738113403,0.0026394166052341
yws4x1hj,expfm,explicit,42,15,190054400,1383.477783203125,373.603515625,0.0431084185838699,1.610281467437744,0.0024635409936308
yws4x1hj,expfm,explicit,42,15,200048640,1378.972900390625,373.2197265625,0.0451368317008018,1.631588578224182,0.0025163451209664
yws4x1hj,expfm,explicit,42,15,210042880,1404.474365234375,378.2177734375,0.0415594391524791,1.579126238822937,0.0021775611676275
yws4x1hj,expfm,explicit,42,15,220037120,1384.5107421875,368.5576171875,0.0441992208361625,1.5681333541870115,0.0025626658461987
yws4x1hj,expfm,explicit,42,15,230031360,1426.671142578125,374.953125,0.0411616489291191,1.5402592420578003,0.002367339329794
yws4x1hj,expfm,explicit,42,15,240025600,1442.576904296875,378.228515625,0.064464196562767,1.5532002449035645,0.0023296752478927
yws4x1hj,expfm,explicit,42,15,250019840,1486.69580078125,387.7060546875,0.0426666587591171,1.5373356342315674,0.0020129969343543
yws4x1hj,expfm,explicit,42,15,260014080,1443.3310546875,376.5546875,0.043550070375204,1.5090112686157229,0.0026606074534356
yws4x1hj,expfm,explicit,42,15,270008320,1501.9853515625,385.61328125,0.0404885858297348,1.495744705200195,0.0021546564530581
yws4x1hj,expfm,explicit,42,15,280002560,1523.35888671875,390.1103515625,0.0382084138691425,1.5036786794662476,0.0019106117542833
yws4x1hj,expfm,explicit,42,15,290078720,1499.1434326171875,382.7431640625,0.0381844416260719,1.4908212423324585,0.0020692537073045
yws4x1hj,expfm,explicit,42,15,300072960,1572.2568359375,400.7373046875,0.0362075008451938,1.4954901933670044,0.0015521199675276
yws4x1hj,expfm,explicit,42,15,310067200,1550.75830078125,396.23046875,0.0388873219490051,1.520237684249878,0.0016172494506463
yws4x1hj,expfm,explicit,42,15,320061440,1579.7908935546875,399.4365234375,0.0353445634245872,1.47052001953125,0.0015398890245705
yws4x1hj,expfm,explicit,42,15,330055680,1560.5206298828125,396.806640625,0.0381977036595344,1.504719853401184,0.0017266317736357
yws4x1hj,expfm,explicit,42,15,340049920,1561.52880859375,390.6806640625,0.0380561687052249,1.4511244297027588,0.0019904905930161
yws4x1hj,expfm,explicit,42,15,350044160,1602.195068359375,403.5546875,0.034791100770235,1.4577313661575315,0.0014231798704713
yws4x1hj,expfm,explicit,42,15,360038400,1575.200927734375,396.779296875,0.0370876528322696,1.4623290300369265,0.0017234096303582
yws4x1hj,expfm,explicit,42,15,370032640,1608.2581787109375,403.8173828125,0.0344780869781971,1.4484002590179443,0.0015055806143209
yws4x1hj,expfm,explicit,42,15,380026880,1594.886474609375,399.2763671875,0.0360518619418144,1.4824104309082031,0.0016689311014488
yws4x1hj,expfm,explicit,42,15,390021120,1611.89404296875,402.646484375,0.034139484167099,1.4529285430908203,0.0015138968592509
yws4x1hj,expfm,explicit,42,15,400015360,1631.1055908203125,405.091796875,0.033427782356739,1.4322227239608765,0.0014942529378458
yws4x1hj,expfm,explicit,42,15,410009600,1603.3076171875,402.1845703125,0.0364712849259376,1.4710081815719604,0.0014876676723361
yws4x1hj,expfm,explicit,42,15,420003840,1658.6573486328125,410.482421875,0.032176025211811,1.4488677978515625,0.0012585187796503
yws4x1hj,expfm,explicit,42,15,430080000,1617.263427734375,402.98828125,0.0355201289057731,1.427940845489502,0.0014440701343119
yws4x1hj,expfm,explicit,42,15,440074240,1641.9134521484375,407.1103515625,0.0334836766123771,1.440863847732544,0.0012873976957052
yws4x1hj,expfm,explicit,42,15,450068480,1652.441162109375,408.5634765625,0.0318865552544593,1.4486795663833618,0.0012677641352638
yws4x1hj,expfm,explicit,42,15,460062720,1607.1954345703125,396.77734375,0.0351637229323387,1.4531601667404177,0.0016514535527676
yws4x1hj,expfm,explicit,42,15,470056960,1650.68017578125,409.724609375,0.0323185287415981,1.4608505964279177,0.0011307741515338
yws4x1hj,expfm,explicit,42,15,480051200,1648.200927734375,406.8564453125,0.0326095521450042,1.4422473907470703,0.0012480147415772
yws4x1hj,expfm,explicit,42,15,490045440,1595.824951171875,394.625,0.0343201011419296,1.4412016868591309,0.0016669147880747
yws4x1hj,expfm,explicit,42,15,500039680,1691.072265625,414.4443359375,0.0294370427727699,1.3865275382995603,0.0010077925398945
yws4x1hj,expfm,explicit,42,15,510033920,1649.7578125,406.0888671875,0.034100517630577,1.427814245223999,0.001270035514608
yws4x1hj,expfm,explicit,42,15,520028160,1651.245849609375,406.80859375,0.0314629822969436,1.4348268508911133,0.001228938344866
yws4x1hj,expfm,explicit,42,15,530022400,1644.615966796875,406.1435546875,0.0320267155766487,1.4438886642456057,0.0013010919792577
yws4x1hj,expfm,explicit,42,15,540016640,1638.93359375,403.8212890625,0.0312072783708572,1.419769525527954,0.0013170435559004
yws4x1hj,expfm,explicit,42,15,550010880,1679.677001953125,414.2783203125,0.030028972774744,1.4410319328308103,0.0009699484799057
yws4x1hj,expfm,explicit,42,15,560005120,1683.440185546875,414.1337890625,0.0293851196765899,1.402491331100464,0.0009531821124255
yws4x1hj,expfm,explicit,42,15,570081280,1699.765380859375,415.5654296875,0.0302719306200742,1.4182276725769043,0.0009211699943989
yws4x1hj,expfm,explicit,42,15,580075520,1710.0936279296875,419.513671875,0.0288159009069204,1.4150474071502686,0.0007837868179194
yws4x1hj,expfm,explicit,42,15,590069760,1714.1539306640625,417.677734375,0.0306492391973733,1.410667896270752,0.000922635954339
yws4x1hj,expfm,explicit,42,15,600064000,1677.802734375,409.8486328125,0.0315104946494102,1.4270176887512207,0.0011676275171339
zgwma7ta,expfm,explicit,42,2,10076160,629.1328125,245.7646484375,0.0292328409850597,2.609609842300415,0.0091600399464368
zgwma7ta,expfm,explicit,42,2,20070400,738.9607543945312,259.07421875,0.0228734873235225,2.392435312271118,0.0076513178646564
zgwma7ta,expfm,explicit,42,2,30064640,804.9431762695312,265.2451171875,0.0253886934369802,2.172794342041016,0.0070652524009346
zgwma7ta,expfm,explicit,42,2,40058880,878.472900390625,271.8232421875,0.0213780011981725,1.8613924980163572,0.0067979036830365
zgwma7ta,expfm,explicit,42,2,50053120,924.5031127929688,274.0751953125,0.0210976302623748,1.7288851737976074,0.0062954230234026
zgwma7ta,expfm,explicit,42,2,60047360,921.444091796875,268.388671875,0.0216128304600715,1.717264175415039,0.0064334282651543
zgwma7ta,expfm,explicit,42,2,70041600,1003.0548095703124,289.7626953125,0.0200047828257083,1.706207275390625,0.0051239794120192
zgwma7ta,expfm,explicit,42,2,80035840,1013.2559204101562,288.7646484375,0.0210010409355163,1.7073681354522705,0.005155409220606
zgwma7ta,expfm,explicit,42,2,90030080,1074.38720703125,305.1142578125,0.0215399041771888,1.746341109275818,0.0043640504591166
zgwma7ta,expfm,explicit,42,2,100024320,1175.37744140625,326.7548828125,0.0216966643929481,1.703413009643555,0.0037307268939912
zgwma7ta,expfm,explicit,42,2,110018560,1298.35302734375,360.1376953125,0.0257066246122121,1.7347224950790403,0.0025490936823189
zgwma7ta,expfm,explicit,42,2,120012800,1383.892578125,377.814453125,0.0256650727242231,1.6565861701965332,0.0020225546322762
zgwma7ta,expfm,explicit,42,2,130007040,1460.428466796875,388.1279296875,0.0218634605407714,1.5879751443862915,0.0018384041031822
zgwma7ta,expfm,explicit,42,2,140001280,1600.630859375,409.314453125,0.0185614544898271,1.4890011548995972,0.0011529950425028
zgwma7ta,expfm,explicit,42,2,150077440,1616.549072265625,412.3115234375,0.0167765747755765,1.496269464492798,0.0011109125334769
zgwma7ta,expfm,explicit,42,2,160071680,1649.150146484375,411.5283203125,0.0230979286134243,1.4462473392486572,0.0010504147503525
zgwma7ta,expfm,explicit,42,2,170065920,1720.628173828125,426.3740234375,0.0147682949900627,1.426823973655701,0.0005968014011159
zgwma7ta,expfm,explicit,42,2,180060160,1750.352294921875,428.7412109375,0.0151795390993356,1.399147391319275,0.0005462963017635
zgwma7ta,expfm,explicit,42,2,190054400,1799.6864013671875,436.9306640625,0.0139010660350322,1.3618221282958984,0.0002976556424982
zgwma7ta,expfm,explicit,42,2,200048640,1737.00146484375,420.4638671875,0.0142154907807707,1.3899322748184204,0.0008621836313977
zgwma7ta,expfm,explicit,42,2,210042880,1791.06103515625,429.513671875,0.0127356983721256,1.3307572603225708,0.0005682334303855
zgwma7ta,expfm,explicit,42,2,220037120,1788.642822265625,425.9404296875,0.0150877712294459,1.3439005613327026,0.0006853233790025
zgwma7ta,expfm,explicit,42,2,230031360,1835.44287109375,437.802734375,0.0115727605298161,1.33695650100708,0.0002813615719787
zgwma7ta,expfm,explicit,42,2,240025600,1842.4573974609373,437.9423828125,0.0108058061450719,1.3339860439300537,0.0002483841963112
zgwma7ta,expfm,explicit,42,2,250019840,1854.19677734375,437.9990234375,0.0113668274134397,1.346050262451172,0.0002620081650093
zgwma7ta,expfm,explicit,42,2,260014080,1862.707763671875,439.9833984375,0.011591475456953,1.321943283081055,0.0002197314461227
zgwma7ta,expfm,explicit,42,2,270008320,1861.271240234375,438.0185546875,0.0108773112297058,1.29978346824646,0.0002501911949366
zgwma7ta,expfm,explicit,42,2,280002560,1866.622314453125,439.5517578125,0.0137148117646574,1.3254183530807495,0.00026831930154
zgwma7ta,expfm,explicit,42,2,290078720,1890.803466796875,445.19921875,0.0106997899711132,1.3051974773406982,4.104164690943435e-05
zgwma7ta,expfm,explicit,42,2,300072960,1886.2200927734373,440.7626953125,0.0109136877581477,1.2912672758102417,0.0001614257053006
zgwma7ta,expfm,explicit,42,2,310067200,1855.129150390625,437.2880859375,0.01146169193089,1.3306031227111816,0.0002699996693991
zgwma7ta,expfm,explicit,42,2,320061440,1878.72509765625,440.8076171875,0.0116264838725328,1.303539752960205,0.0001655314845265
zgwma7ta,expfm,explicit,42,2,330055680,1884.267822265625,439.34765625,0.0116624794900417,1.27989661693573,0.0002145288744941
zgwma7ta,expfm,explicit,42,2,340049920,1879.347900390625,440.4169921875,0.0111083332449197,1.2770180702209473,0.0001664736191742
zgwma7ta,expfm,explicit,42,2,350044160,1868.9676513671875,436.5556640625,0.0110259000211954,1.296001434326172,0.0002763721277005
zgwma7ta,expfm,explicit,42,2,360038400,1901.787109375,442.4228515625,0.0100374510511755,1.2753463983535769,0.0001312854583375
zgwma7ta,expfm,explicit,42,2,370032640,1885.3316650390625,436.6474609375,0.0105413952842354,1.2782156467437744,0.000317272497341
zgwma7ta,expfm,explicit,42,2,380026880,1912.4114990234373,443.57421875,0.009997135028243,1.2628450393676758,8.135745883919299e-05
zgwma7ta,expfm,explicit,42,2,390021120,1905.903564453125,441.40625,0.0118365967646241,1.2931678295135498,0.0001620392140466
zgwma7ta,expfm,explicit,42,2,400015360,1918.8681640625,444.51171875,0.0106640439480543,1.2624726295471191,6.652991578448564e-05
zgwma7ta,expfm,explicit,42,2,410009600,1904.474609375,441.150390625,0.0116767538711428,1.2730019092559814,0.0001829928951337
zgwma7ta,expfm,explicit,42,2,420003840,1906.18603515625,441.095703125,0.0124646453186869,1.2634896039962769,0.000171307256096
zgwma7ta,expfm,explicit,42,2,430080000,1931.1317138671875,444.169921875,0.0093901054933667,1.2364342212677002,6.772830965928733e-05
zgwma7ta,expfm,explicit,42,2,440074240,1920.968017578125,440.580078125,0.0101844873279333,1.2366303205490112,0.0002156953851226
zgwma7ta,expfm,explicit,42,2,450068480,1919.6702880859373,442.5888671875,0.0093084527179598,1.240179181098938,0.000123584177345
zgwma7ta,expfm,explicit,42,2,460062720,1916.882080078125,441.6689453125,0.0096464660018682,1.2590954303741455,0.0001335976412519
zgwma7ta,expfm,explicit,42,2,470056960,1918.52734375,442.259765625,0.0106773544102907,1.2471879720687866,0.0001239206030732
zgwma7ta,expfm,explicit,42,2,480051200,1932.084716796875,444.662109375,0.0115333925932645,1.2689276933670044,7.85308366175741e-05
zgwma7ta,expfm,explicit,42,2,490045440,1933.218994140625,443.3349609375,0.008909149095416,1.233856201171875,9.140813926933332e-05
zgwma7ta,expfm,explicit,42,2,500039680,1926.7696533203125,443.2060546875,0.0147038800641894,1.2439377307891846,0.0001093152532121
zgwma7ta,expfm,explicit,42,2,510033920,1897.478759765625,440.3583984375,0.010452875867486,1.2597620487213137,0.0001453361182939
zgwma7ta,expfm,explicit,42,2,520028160,1906.7662353515625,439.51171875,0.0107974521815776,1.2693579196929932,0.0001928828714881
zgwma7ta,expfm,explicit,42,2,530022400,1921.5318603515625,442.4677734375,0.0090557001531124,1.2646067142486572,0.0001271606161026
zgwma7ta,expfm,explicit,42,2,540016640,1933.0985107421875,443.4716796875,0.0090539436787366,1.2337045669555664,8.607175550423563e-05
zgwma7ta,expfm,explicit,42,2,550010880,1940.5723876953125,444.3935546875,0.0090625928714871,1.2261645793914795,6.355343066388741e-05
zgwma7ta,expfm,explicit,42,2,560005120,1937.885009765625,442.5234375,0.0090160053223371,1.2458312511444092,0.0001088064163923
zgwma7ta,expfm,explicit,42,2,570081280,1944.824462890625,444.39453125,0.009002580307424,1.2455071210861206,7.224278670037165e-05
zgwma7ta,expfm,explicit,42,2,580075520,1945.6759033203125,445.2919921875,0.0097428923472762,1.2348450422286987,3.958485467592254e-05
zgwma7ta,expfm,explicit,42,2,590069760,1952.75048828125,445.8876953125,0.0083167012780904,1.2131552696228027,2.3745480575598776e-05
zgwma7ta,expfm,explicit,42,2,600064000,1934.287109375,443.5869140625,0.0101641435176134,1.2367228269577026,9.660085197538136e-05
zq4rpcds,expfm,explicit,42,12,10076160,531.46044921875,212.017578125,0.0632603913545608,2.545590877532959,0.0115538937970995
zq4rpcds,expfm,explicit,42,12,20070400,646.5009765625,229.9912109375,0.0566728189587593,2.3756682872772217,0.0092212529852986
zq4rpcds,expfm,explicit,42,12,30064640,748.7352294921875,254.78515625,0.0481433644890785,2.1933579444885254,0.0079910857602953
zq4rpcds,expfm,explicit,42,12,40058880,790.1904296875,262.1474609375,0.0465286895632743,2.085268497467041,0.0079479105770587
zq4rpcds,expfm,explicit,42,12,50053120,833.0150146484375,267.3515625,0.0456951260566711,1.9896974563598635,0.0073176943697035
zq4rpcds,expfm,explicit,42,12,60047360,871.709228515625,271.728515625,0.0445275604724884,1.8965239524841309,0.0066422540694475
zq4rpcds,expfm,explicit,42,12,70041600,906.25341796875,278.6201171875,0.0383168831467628,1.8019306659698489,0.0057550938799977
zq4rpcds,expfm,explicit,42,12,80035840,924.8963623046876,277.0498046875,0.0398372039198875,1.765967845916748,0.0058551570400595
zq4rpcds,expfm,explicit,42,12,90030080,972.9259643554688,287.4853515625,0.0371575243771076,1.7548763751983645,0.0052731530740857
zq4rpcds,expfm,explicit,42,12,100024320,973.6228637695312,287.06640625,0.0422170534729957,1.7225141525268557,0.0052859792485833
zq4rpcds,expfm,explicit,42,12,110018560,980.1053466796876,283.283203125,0.0380788147449493,1.7077205181121826,0.0051565808244049
zq4rpcds,expfm,explicit,42,12,120012800,1029.26123046875,297.0830078125,0.0363473556935787,1.6992292404174805,0.0045057735405862
zq4rpcds,expfm,explicit,42,12,130007040,1097.198486328125,316.447265625,0.0437010936439037,1.7690608501434326,0.004182138480246
zq4rpcds,expfm,explicit,42,12,140001280,1176.5552978515625,336.7099609375,0.0461920909583568,1.713860034942627,0.0034413659013807
zq4rpcds,expfm,explicit,42,12,150077440,1174.7568359375,332.2294921875,0.0446701720356941,1.6973936557769775,0.003655913285911
zq4rpcds,expfm,explicit,42,12,160071680,1191.810791015625,332.640625,0.0446509197354316,1.6240832805633545,0.0035173040814697
zq4rpcds,expfm,explicit,42,12,170065920,1202.884521484375,332.7880859375,0.0422486141324043,1.6016364097595217,0.0035016271285712
zq4rpcds,expfm,explicit,42,12,180060160,1330.1243896484375,358.2607421875,0.0426303744316101,1.6012591123580933,0.0027734790928661
zq4rpcds,expfm,explicit,42,12,190054400,1362.401611328125,363.158203125,0.0407138466835022,1.5421202182769775,0.0026726068463176
zq4rpcds,expfm,explicit,42,12,200048640,1363.34716796875,359.3466796875,0.0564878694713115,1.5242427587509155,0.0028508980758488
zq4rpcds,expfm,explicit,42,12,210042880,1413.4222412109375,370.0810546875,0.0362585857510566,1.4841188192367554,0.0024666395038366
zq4rpcds,expfm,explicit,42,12,220037120,1468.7667236328125,380.6240234375,0.0356231667101383,1.4876320362091064,0.0023766071535646
zq4rpcds,expfm,explicit,42,12,230031360,1450.9512939453125,375.2587890625,0.037689633667469,1.489482879638672,0.0025269812904298
zq4rpcds,expfm,explicit,42,12,240025600,1496.857666015625,388.0517578125,0.0361871272325515,1.4940332174301147,0.0019325669854879
zq4rpcds,expfm,explicit,42,12,250019840,1539.956787109375,389.4990234375,0.0341669656336307,1.4620118141174316,0.0019426989601925
zq4rpcds,expfm,explicit,42,12,260014080,1572.928955078125,398.744140625,0.0335601940751075,1.4720768928527832,0.0016135082114487
zq4rpcds,expfm,explicit,42,12,270008320,1577.041259765625,397.994140625,0.0324676260352134,1.462024211883545,0.0016530366847291
zq4rpcds,expfm,explicit,42,12,280002560,1587.380859375,398.611328125,0.0334354527294635,1.4551587104797363,0.0017036997014656
zq4rpcds,expfm,explicit,42,12,290078720,1539.623779296875,385.447265625,0.0329895913600921,1.4827067852020264,0.0021238813642412
zq4rpcds,expfm,explicit,42,12,300072960,1562.88134765625,389.6630859375,0.037873987108469,1.4324581623077393,0.0020498677622526
zq4rpcds,expfm,explicit,42,12,310067200,1605.888427734375,403.21484375,0.0309980269521474,1.4577285051345823,0.0015188889810815
zq4rpcds,expfm,explicit,42,12,320061440,1618.869873046875,402.30859375,0.0313356518745422,1.4337873458862305,0.0014499097596853
zq4rpcds,expfm,explicit,42,12,330055680,1621.611083984375,404.4228515625,0.0310243740677833,1.441473364830017,0.0013539196224883
zq4rpcds,expfm,explicit,42,12,340049920,1603.380126953125,397.310546875,0.0357461348176002,1.4457709789276123,0.0017137851100414
zq4rpcds,expfm,explicit,42,12,350044160,1633.167236328125,403.73828125,0.033107079565525,1.4385380744934082,0.0015153638087213
zq4rpcds,expfm,explicit,42,12,360038400,1600.019287109375,396.05859375,0.0319273546338081,1.4345314502716064,0.0017650634981691
zq4rpcds,expfm,explicit,42,12,370032640,1644.0771484375,408.4345703125,0.0294534210115671,1.474669337272644,0.0012504511978477
zq4rpcds,expfm,explicit,42,12,380026880,1614.384765625,400.435546875,0.0352408587932586,1.4567852020263672,0.0015107740182429
zq4rpcds,expfm,explicit,42,12,390021120,1662.573486328125,411.619140625,0.0303222555667161,1.4274723529815674,0.0011421971721574
zq4rpcds,expfm,explicit,42,12,400015360,1683.5240478515625,416.68359375,0.0286697745323181,1.4443508386611938,0.0009215590544044
zq4rpcds,expfm,explicit,42,12,410009600,1648.9337158203125,404.38671875,0.0285351499915123,1.4150760173797607,0.0014815088361501
zq4rpcds,expfm,explicit,42,12,420003840,1649.4251708984375,408.12109375,0.0288720168173313,1.4437997341156006,0.0011158449342474
zq4rpcds,expfm,explicit,42,12,430080000,1719.768310546875,418.3837890625,0.0258613042533397,1.3727669715881348,0.0008890787721611
zq4rpcds,expfm,explicit,42,12,440074240,1687.1998291015625,412.5107421875,0.0273569710552692,1.4271124601364136,0.0010984719265252
zq4rpcds,expfm,explicit,42,12,450068480,1739.363525390625,424.849609375,0.0260158833116292,1.3777393102645874,0.0006663094973191
zq4rpcds,expfm,explicit,42,12,460062720,1694.7550048828125,416.45703125,0.0270365495234727,1.3880857229232788,0.0008518954855389
zq4rpcds,expfm,explicit,42,12,470056960,1699.4969482421875,413.466796875,0.0285142362117767,1.4067368507385254,0.0011013490147888
zq4rpcds,expfm,explicit,42,12,480051200,1719.74169921875,417.9365234375,0.0259953830391168,1.386110782623291,0.000877026177477
zq4rpcds,expfm,explicit,42,12,490045440,1706.676025390625,415.4501953125,0.0264608431607484,1.4125049114227295,0.0009525762288831
zq4rpcds,expfm,explicit,42,12,500039680,1719.9923095703125,419.4736328125,0.0265537984669208,1.4267219305038452,0.0008471746696159
zq4rpcds,expfm,explicit,42,12,510033920,1754.636474609375,423.630859375,0.0244725681841373,1.377275466918945,0.0007907344261184
zq4rpcds,expfm,explicit,42,12,520028160,1722.1190185546875,416.443359375,0.0283777732402086,1.3848052024841309,0.000940307509154
zq4rpcds,expfm,explicit,42,12,530022400,1737.80908203125,421.408203125,0.0268354937434196,1.4025590419769287,0.0007737664273008
zq4rpcds,expfm,explicit,42,12,540016640,1744.3731689453125,420.80078125,0.0236119385808706,1.3693912029266355,0.0007805976783856
zq4rpcds,expfm,explicit,42,12,550010880,1746.87646484375,418.509765625,0.0246294811367988,1.3536396026611328,0.0009127586381509
zq4rpcds,expfm,explicit,42,12,560005120,1726.66259765625,417.490234375,0.0263063944876194,1.3931207656860352,0.0008831020677462
zq4rpcds,expfm,explicit,42,12,570081280,1765.3919677734375,426.404296875,0.0245743598788976,1.3791651725769043,0.0005814125761389
zq4rpcds,expfm,explicit,42,12,580075520,1760.2479248046875,424.80078125,0.0250458419322967,1.4147515296936035,0.0007163630216382
zq4rpcds,expfm,explicit,42,12,590069760,1739.181884765625,417.6572265625,0.0242024585604667,1.398801326751709,0.0008827552665024
zq4rpcds,expfm,explicit,42,12,600064000,1734.5234375,416.9228515625,0.0249047223478555,1.3798060417175293,0.0008506579906679
3dfjggpw,expfm_2g,explicit,42,20,10076160,547.5576782226562,211.8818359375,0.0743064805865287,2.579322576522827,0.010716138407588
3dfjggpw,expfm_2g,explicit,42,20,20070400,581.7734375,216.51953125,0.0742277577519416,2.315249443054199,0.0099710132926702
3dfjggpw,expfm_2g,explicit,42,20,30064640,753.35205078125,261.3095703125,0.0600847005844116,2.27610445022583,0.007744348142296
3dfjggpw,expfm_2g,explicit,42,20,40058880,802.5579833984375,263.908203125,0.0554034151136875,2.0702404975891118,0.0076984046027064
3dfjggpw,expfm_2g,explicit,42,20,50053120,847.0101318359375,270.7421875,0.0529871620237827,2.067929744720459,0.0068638809025287
3dfjggpw,expfm_2g,explicit,42,20,60047360,871.1691284179688,274.84375,0.0499129295349121,1.9404072761535645,0.0065213190391659
3dfjggpw,expfm_2g,explicit,42,20,70041600,885.4107055664062,275.5576171875,0.0486104264855384,1.9165468215942385,0.005884654354304
3dfjggpw,expfm_2g,explicit,42,20,80035840,915.538330078125,281.21875,0.0474084466695785,1.812272548675537,0.0058028525672852
3dfjggpw,expfm_2g,explicit,42,20,90030080,922.8978271484376,278.6982421875,0.0475339964032173,1.7704811096191406,0.0059733442030847
3dfjggpw,expfm_2g,explicit,42,20,100024320,951.4730224609376,286.966796875,0.0470770150423049,1.733537673950195,0.0054535851813852
3dfjggpw,expfm_2g,explicit,42,20,110018560,956.4132690429688,285.1162109375,0.0466330237686634,1.722700119018555,0.0053120232187211
3dfjggpw,expfm_2g,explicit,42,20,120012800,1025.4063720703125,307.2119140625,0.0518892034888267,1.7456183433532717,0.0048208506777882
3dfjggpw,expfm_2g,explicit,42,20,130007040,1062.28125,313.373046875,0.0501806214451789,1.7457325458526611,0.0044158631935715
3dfjggpw,expfm_2g,explicit,42,20,140001280,1159.9720458984375,337.896484375,0.0515105575323104,1.7450588941574097,0.0036681843921542
3dfjggpw,expfm_2g,explicit,42,20,150077440,1153.433349609375,332.6533203125,0.051324650645256,1.691648006439209,0.0037578109186142
3dfjggpw,expfm_2g,explicit,42,20,160071680,1197.5797119140625,345.318359375,0.0530111119151115,1.7427347898483276,0.0034389400389045
3dfjggpw,expfm_2g,explicit,42,20,170065920,1220.212158203125,346.5087890625,0.0509949512779712,1.70823872089386,0.0033389281015843
3dfjggpw,expfm_2g,explicit,42,20,180060160,1288.067138671875,359.2470703125,0.0518514737486839,1.631657958030701,0.0030253701843321
3dfjggpw,expfm_2g,explicit,42,20,190054400,1277.0587158203125,355.2373046875,0.0565748140215873,1.6184704303741455,0.003095727879554
3dfjggpw,expfm_2g,explicit,42,20,200048640,1256.4248046875,348.7021484375,0.0527134425938129,1.6100008487701416,0.0031893807463347
3dfjggpw,expfm_2g,explicit,42,20,210042880,1326.4833984375,356.2001953125,0.0518929287791252,1.5570728778839111,0.0031664688140153
3dfjggpw,expfm_2g,explicit,42,20,220037120,1377.0013427734375,366.6796875,0.0482862368226051,1.5131611824035645,0.0026009348221123
3dfjggpw,expfm_2g,explicit,42,20,230031360,1363.4791259765625,361.71484375,0.0461995266377925,1.5008559226989746,0.0029350109398365
3dfjggpw,expfm_2g,explicit,42,20,240025600,1401.8909912109375,374.271484375,0.0464937686920166,1.5232725143432615,0.0022525934036821
3dfjggpw,expfm_2g,explicit,42,20,250019840,1427.557861328125,375.84765625,0.0462195351719856,1.5229732990264893,0.002425382612273
3dfjggpw,expfm_2g,explicit,42,20,260014080,1438.8951416015625,378.9443359375,0.0442225411534309,1.5329701900482178,0.0022356561385095
3dfjggpw,expfm_2g,explicit,42,20,270008320,1448.5631103515625,379.99609375,0.0454677417874336,1.5264253616333008,0.0021477062255144
3dfjggpw,expfm_2g,explicit,42,20,280002560,1438.7337646484375,375.625,0.0437796786427497,1.4962923526763916,0.0022669821046292
3dfjggpw,expfm_2g,explicit,42,20,290078720,1475.99609375,382.5458984375,0.0438087694346904,1.4987678527832031,0.0021381736733019
3dfjggpw,expfm_2g,explicit,42,20,300072960,1440.255615234375,374.931640625,0.0447837263345718,1.4956953525543213,0.00233462639153
3dfjggpw,expfm_2g,explicit,42,20,310067200,1524.8148193359375,393.455078125,0.0416177660226821,1.5129637718200684,0.001756397774443
3dfjggpw,expfm_2g,explicit,42,20,320061440,1486.1884765625,384.822265625,0.042370643466711,1.524512529373169,0.0019793182145804
3dfjggpw,expfm_2g,explicit,42,20,330055680,1498.62939453125,382.865234375,0.0426583215594291,1.4847166538238523,0.002159846946597
3dfjggpw,expfm_2g,explicit,42,20,340049920,1485.645751953125,382.3291015625,0.0460162684321403,1.5097298622131348,0.0022454503923654
3dfjggpw,expfm_2g,explicit,42,20,350044160,1556.186767578125,399.7880859375,0.0386273451149463,1.491404414176941,0.0015722173266112
3dfjggpw,expfm_2g,explicit,42,20,360038400,1517.5191650390625,389.2509765625,0.0419736355543136,1.483468770980835,0.0018313316395506
3dfjggpw,expfm_2g,explicit,42,20,370032640,1544.405517578125,393.466796875,0.0410589538514614,1.4744690656661987,0.0018296533962711
3dfjggpw,expfm_2g,explicit,42,20,380026880,1537.186767578125,392.2421875,0.0425928384065628,1.491296648979187,0.0017580486601218
3dfjggpw,expfm_2g,explicit,42,20,390021120,1527.7900390625,389.4990234375,0.0403023026883602,1.4790046215057373,0.0019514022860676
3dfjggpw,expfm_2g,explicit,42,20,400015360,1572.238037109375,402.1865234375,0.0425333529710769,1.4762141704559326,0.0014758324250578
3dfjggpw,expfm_2g,explicit,42,20,410009600,1548.927001953125,395.5244140625,0.0406820103526115,1.511109709739685,0.0015897323610261
3dfjggpw,expfm_2g,explicit,42,20,420003840,1552.218994140625,394.3583984375,0.0400390364229679,1.5152182579040527,0.0016768451314419
3dfjggpw,expfm_2g,explicit,42,20,430080000,1566.6055908203125,395.2587890625,0.0399162173271179,1.4753997325897217,0.0017406977713108
3dfjggpw,expfm_2g,explicit,42,20,440074240,1564.2562255859375,392.7197265625,0.0390392839908599,1.459551453590393,0.0017684334889054
3dfjggpw,expfm_2g,explicit,42,20,450068480,1569.861328125,396.2275390625,0.0391807854175567,1.4501272439956665,0.0016585104167461
3dfjggpw,expfm_2g,explicit,42,20,460062720,1566.90673828125,395.11328125,0.0426362305879592,1.4530854225158691,0.0016399137675762
3dfjggpw,expfm_2g,explicit,42,20,470056960,1580.864990234375,398.771484375,0.0409348309040069,1.4732446670532229,0.001564102480188
3dfjggpw,expfm_2g,explicit,42,20,480051200,1587.8623046875,401.310546875,0.0425234586000442,1.488642692565918,0.0014796396717429
3dfjggpw,expfm_2g,explicit,42,20,490045440,1586.037109375,397.96875,0.0388955175876617,1.478778839111328,0.001541667850688
3dfjggpw,expfm_2g,explicit,42,20,500039680,1590.5899658203125,400.580078125,0.0375794023275375,1.4668011665344238,0.0013913075672462
3dfjggpw,expfm_2g,explicit,42,20,510033920,1605.754638671875,403.443359375,0.0369810983538627,1.451873779296875,0.0013515676837414
3dfjggpw,expfm_2g,explicit,42,20,520028160,1610.1826171875,403.7548828125,0.0369844064116478,1.4654037952423096,0.0013687396422028
3dfjggpw,expfm_2g,explicit,42,20,530022400,1581.2197265625,397.7119140625,0.0399148240685462,1.5004702806472778,0.0015309187583625
3dfjggpw,expfm_2g,explicit,42,20,540016640,1600.3067626953125,401.2431640625,0.0380950942635536,1.4828741550445557,0.0014942346606403
3dfjggpw,expfm_2g,explicit,42,20,550010880,1614.9456787109375,399.80859375,0.0367756113409996,1.4401638507843018,0.0015612163115292
3dfjggpw,expfm_2g,explicit,42,20,560005120,1615.171630859375,400.1669921875,0.037792295217514,1.4547836780548096,0.00152359821368
3dfjggpw,expfm_2g,explicit,42,20,570081280,1612.652099609375,400.3310546875,0.0365730449557304,1.4320619106292725,0.0014847151469439
3dfjggpw,expfm_2g,explicit,42,20,580075520,1611.689697265625,404.9365234375,0.0406297668814659,1.4900941848754885,0.0013052111025899
3dfjggpw,expfm_2g,explicit,42,20,590069760,1634.8126220703125,407.279296875,0.0365005284547805,1.4729764461517334,0.0012923099566251
3dfjggpw,expfm_2g,explicit,42,20,600064000,1624.506103515625,403.296875,0.0383499190211296,1.4627702236175537,0.0013792947866022
3dfjggpw,expfm_2g,explicit,42,20,610058240,1664.186767578125,412.421875,0.0345783121883869,1.4662113189697266,0.0011500214459374
3dfjggpw,expfm_2g,explicit,42,20,620052480,1594.0400390625,395.3115234375,0.0370329767465591,1.405304789543152,0.0016529082786291
3dfjggpw,expfm_2g,explicit,42,20,630046720,1625.57373046875,403.51171875,0.0376928709447383,1.454882025718689,0.0013656864175572
3dfjggpw,expfm_2g,explicit,42,20,640040960,1673.419921875,411.8427734375,0.0341138020157814,1.4221595525741575,0.0011355608003214
3dfjggpw,expfm_2g,explicit,42,20,650035200,1661.0115966796875,411.0419921875,0.0358708165585994,1.4652841091156006,0.0010782954050228
3dfjggpw,expfm_2g,explicit,42,20,660029440,1644.602783203125,406.6376953125,0.0349783450365066,1.420132398605347,0.001241629011929
3dfjggpw,expfm_2g,explicit,42,20,670023680,1648.94287109375,410.7119140625,0.0368050523102283,1.4637351036071775,0.0010956067126244
3dfjggpw,expfm_2g,explicit,42,20,680017920,1662.9365234375,409.4599609375,0.0339228250086307,1.4389166831970217,0.0011666984064504
3dfjggpw,expfm_2g,explicit,42,20,690012160,1635.230712890625,401.583984375,0.037502285093069,1.428439378738403,0.0014786391984671
3dfjggpw,expfm_2g,explicit,42,20,700006400,1648.44970703125,407.9208984375,0.0359060168266296,1.4270732402801514,0.0011796852340921
3dfjggpw,expfm_2g,explicit,42,20,710000640,1642.0819091796875,403.705078125,0.03566550090909,1.421041488647461,0.0013020932674407
3dfjggpw,expfm_2g,explicit,42,20,720076800,1660.06787109375,408.427734375,0.0356218069791793,1.439312219619751,0.0011737188324332
3dfjggpw,expfm_2g,explicit,42,20,730071040,1646.9351806640625,405.60546875,0.0344310514628887,1.441307783126831,0.0012563426280394
3dfjggpw,expfm_2g,explicit,42,20,740065280,1662.217041015625,408.681640625,0.0363532230257988,1.4322748184204102,0.0012670955620706
3dfjggpw,expfm_2g,explicit,42,20,750059520,1648.22021484375,408.2568359375,0.0362507663667202,1.4682016372680664,0.0012366513255983
3dfjggpw,expfm_2g,explicit,42,20,760053760,1666.234375,411.8466796875,0.0380097925662994,1.441921949386597,0.0010486706160008
3dfjggpw,expfm_2g,explicit,42,20,770048000,1639.31982421875,402.7060546875,0.0359158664941787,1.4230074882507324,0.0014125941088423
3dfjggpw,expfm_2g,explicit,42,20,780042240,1692.4371337890625,415.91796875,0.0327804237604141,1.4191590547561646,0.0009735199273563
3dfjggpw,expfm_2g,explicit,42,20,790036480,1697.1624755859375,414.650390625,0.0324062593281269,1.419277310371399,0.0009684071410447
3dfjggpw,expfm_2g,explicit,42,20,800030720,1697.15869140625,414.517578125,0.0336318686604499,1.4098697900772097,0.0010085157118737
3dfjggpw,expfm_2g,explicit,42,20,810024960,1681.190185546875,411.54296875,0.0346644669771194,1.430405616760254,0.0010550678707659
3dfjggpw,expfm_2g,explicit,42,20,820019200,1687.258544921875,417.080078125,0.0348262898623943,1.4847474098205566,0.0009307803120464
3dfjggpw,expfm_2g,explicit,42,20,830013440,1688.1181640625,414.263671875,0.033229786902666,1.4619132280349731,0.0009673272143118
3dfjggpw,expfm_2g,explicit,42,20,840007680,1708.789794921875,417.0009765625,0.032248880714178,1.4345084428787231,0.0009696079650893
3dfjggpw,expfm_2g,explicit,42,20,850001920,1681.483154296875,412.3037109375,0.0340571552515029,1.4338726997375488,0.0010223574936389
3dfjggpw,expfm_2g,explicit,42,20,860078080,1691.349609375,413.7470703125,0.03351366892457,1.429112434387207,0.0010254118824377
3dfjggpw,expfm_2g,explicit,42,20,870072320,1685.581787109375,413.6669921875,0.0341556146740913,1.42810320854187,0.0010523279197514
3dfjggpw,expfm_2g,explicit,42,20,880066560,1710.669677734375,421.400390625,0.0315483435988426,1.4304323196411133,0.0008212632965296
3dfjggpw,expfm_2g,explicit,42,20,890060800,1716.344482421875,419.32421875,0.0317253321409225,1.4191124439239502,0.0008832648745737
3dfjggpw,expfm_2g,explicit,42,20,900055040,1662.277099609375,406.09765625,0.037395641207695,1.4127638339996338,0.0012231415603309
3dfjggpw,expfm_2g,explicit,42,20,910049280,1670.4666748046875,405.8408203125,0.0362631268799304,1.4168691635131836,0.001370437676087
3dfjggpw,expfm_2g,explicit,42,20,920043520,1696.957763671875,410.9365234375,0.0336989611387252,1.41420578956604,0.0010886422824114
3dfjggpw,expfm_2g,explicit,42,20,930037760,1686.4619140625,410.1005859375,0.0369182974100112,1.4314711093902588,0.0011861084494739
3dfjggpw,expfm_2g,explicit,42,20,940032000,1673.57373046875,412.5478515625,0.0364971086382865,1.4517766237258911,0.0010468653636053
3dfjggpw,expfm_2g,explicit,42,20,950026240,1697.09716796875,417.0654296875,0.0440337397158145,1.438004970550537,0.0009313882328569
3dfjggpw,expfm_2g,explicit,42,20,960020480,1700.5693359375,416.353515625,0.0311852898448705,1.413527250289917,0.0009417895926162
3dfjggpw,expfm_2g,explicit,42,20,970014720,1711.888916015625,416.771484375,0.0341643430292606,1.412491798400879,0.0008824518881738
3dfjggpw,expfm_2g,explicit,42,20,980008960,1704.998779296875,414.7900390625,0.0362440980970859,1.4150595664978027,0.0010122354142367
3dfjggpw,expfm_2g,explicit,42,20,990003200,1737.0386962890625,421.6650390625,0.0314809903502464,1.405625820159912,0.0007765244808979
3dfjggpw,expfm_2g,explicit,42,20,1000079360,1688.168701171875,409.7158203125,0.0331750512123107,1.396202564239502,0.0011588439811021
3dfjggpw,expfm_2g,explicit,42,20,1010073600,1705.985595703125,413.01171875,0.0421712510287761,1.4125018119812012,0.0010049914708361
3dfjggpw,expfm_2g,explicit,42,20,1020067840,1726.46533203125,421.0068359375,0.0317973494529724,1.427882194519043,0.0007737601408734
3dfjggpw,expfm_2g,explicit,42,20,1030062080,1732.15576171875,420.8056640625,0.0316161066293716,1.420684814453125,0.0007895351154729
3dfjggpw,expfm_2g,explicit,42,20,1040056320,1719.39990234375,416.9765625,0.0313876196742057,1.397893309593201,0.0008921901462599
3dfjggpw,expfm_2g,explicit,42,20,1050050560,1700.1407470703125,413.1943359375,0.033802293241024,1.4157170057296753,0.0010493852896615
3dfjggpw,expfm_2g,explicit,42,20,1060044800,1710.6202392578125,417.1796875,0.0340721309185028,1.425205945968628,0.0009371662163175
3dfjggpw,expfm_2g,explicit,42,20,1070039040,1717.93115234375,415.755859375,0.0323277190327644,1.406496524810791,0.0009623676887713
3dfjggpw,expfm_2g,explicit,42,20,1080033280,1732.75439453125,420.9521484375,0.0313877500593662,1.4123977422714231,0.0007965476252138
3dfjggpw,expfm_2g,explicit,42,20,1090027520,1692.84228515625,411.79296875,0.0333000682294368,1.414194107055664,0.0010459434706717
3dfjggpw,expfm_2g,explicit,42,20,1100021760,1691.343505859375,410.634765625,0.0382276996970176,1.4278693199157717,0.0011191254016011
3dfjggpw,expfm_2g,explicit,42,20,1110016000,1700.496337890625,409.7421875,0.0339145101606845,1.3958706855773926,0.0011494965292513
3dfjggpw,expfm_2g,explicit,42,20,1120010240,1716.5687255859375,415.966796875,0.0324395559728145,1.413801193237305,0.000933097442612
3dfjggpw,expfm_2g,explicit,42,20,1130004480,1699.524169921875,411.0908203125,0.0333613902330398,1.4094127416610718,0.0011178918648511
3dfjggpw,expfm_2g,explicit,42,20,1140080640,1731.235107421875,418.98828125,0.0319399461150169,1.4207465648651123,0.0008369968272745
3dfjggpw,expfm_2g,explicit,42,20,1150074880,1731.06494140625,417.01953125,0.0322299301624298,1.392581820487976,0.0009734397171996
3dfjggpw,expfm_2g,explicit,42,20,1160069120,1722.576171875,417.71484375,0.0328003093600273,1.4184622764587402,0.0008956394158303
3dfjggpw,expfm_2g,explicit,42,20,1170063360,1731.825927734375,418.0302734375,0.0357009470462799,1.4244966506958008,0.0008735067676752
3dfjggpw,expfm_2g,explicit,42,20,1180057600,1730.8599853515625,419.169921875,0.0307469218969345,1.3721884489059448,0.0008166870102286
3dfjggpw,expfm_2g,explicit,42,20,1190051840,1703.291748046875,408.9130859375,0.0325801521539688,1.372678279876709,0.0011928807944059
3dfjggpw,expfm_2g,explicit,42,20,1200046080,1745.2578125,422.126953125,0.0299268942326307,1.4052560329437256,0.0007659075199626
3dfjggpw,expfm_2g,explicit,42,20,1210040320,1744.090576171875,421.2666015625,0.0285212211310863,1.3928329944610596,0.0007845587097108
3dfjggpw,expfm_2g,explicit,42,20,1220034560,1703.88720703125,416.5595703125,0.0351417288184165,1.4309210777282717,0.0009257362107746
3dfjggpw,expfm_2g,explicit,42,20,1230028800,1734.07080078125,421.48046875,0.030150044709444,1.4201680421829224,0.0007156702922657
3dfjggpw,expfm_2g,explicit,42,20,1240023040,1701.8038330078125,414.07421875,0.0354404114186763,1.4280891418457031,0.0009366822778247
3dfjggpw,expfm_2g,explicit,42,20,1250017280,1761.127685546875,424.869140625,0.028876207768917,1.37908935546875,0.000656193238683
3dfjggpw,expfm_2g,explicit,42,20,1260011520,1747.0531005859375,420.431640625,0.0320631526410579,1.387998104095459,0.0007850366528145
3dfjggpw,expfm_2g,explicit,42,20,1270005760,1723.410888671875,413.3203125,0.0325680300593376,1.3916162252426147,0.0010895424056798
3dfjggpw,expfm_2g,explicit,42,20,1280000000,1699.15625,411.07421875,0.0499406307935714,1.3938188552856443,0.0011024344712495
3dfjggpw,expfm_2g,explicit,42,20,1290076160,1718.67529296875,413.556640625,0.0325940921902656,1.3926990032196045,0.0010593223851174
3dfjggpw,expfm_2g,explicit,42,20,1300070400,1737.5419921875,418.8671875,0.0309924539178609,1.3748700618743896,0.0008549187332391
3dfjggpw,expfm_2g,explicit,42,20,1310064640,1719.1044921875,414.642578125,0.0323364585638046,1.3940380811691284,0.0009630605345591
3dfjggpw,expfm_2g,explicit,42,20,1320058880,1749.1640625,419.6220703125,0.0327713526785373,1.3711779117584229,0.000798006192781
3dfjggpw,expfm_2g,explicit,42,20,1330053120,1737.5654296875,416.671875,0.0294617936015129,1.369462490081787,0.0009206447284668
3dfjggpw,expfm_2g,explicit,42,20,1340047360,1756.844970703125,421.87890625,0.0309077929705381,1.3982436656951904,0.0008259988389909
3dfjggpw,expfm_2g,explicit,42,20,1350041600,1729.870361328125,417.763671875,0.0326279252767562,1.4015944004058838,0.0009315835195593
3dfjggpw,expfm_2g,explicit,42,20,1360035840,1730.8447265625,418.1494140625,0.0306969191879034,1.4053789377212524,0.0008749029366299
3dfjggpw,expfm_2g,explicit,42,20,1370030080,1748.3760986328125,421.8720703125,0.0310481954365968,1.3864960670471191,0.00075486197602
3dfjggpw,expfm_2g,explicit,42,20,1380024320,1752.6141357421875,420.5458984375,0.0312425978481769,1.3969011306762695,0.0008436844800598
3dfjggpw,expfm_2g,explicit,42,20,1390018560,1718.8236083984375,414.365234375,0.031997300684452,1.3969411849975586,0.0010364188347011
3dfjggpw,expfm_2g,explicit,42,20,1400012800,1737.268310546875,418.173828125,0.0307244956493377,1.3964948654174805,0.0009200796484947
3dfjggpw,expfm_2g,explicit,42,20,1410007040,1743.14990234375,420.998046875,0.0312501974403858,1.3822740316390991,0.0007377156289294
3dfjggpw,expfm_2g,explicit,42,20,1420001280,1769.067138671875,425.2255859375,0.0311883315443992,1.3780659437179563,0.0007014322327449
3dfjggpw,expfm_2g,explicit,42,20,1430077440,1754.9833984375,421.3017578125,0.0302623063325881,1.3859422206878662,0.000788846053183
3dfjggpw,expfm_2g,explicit,42,20,1440071680,1765.3057861328125,421.396484375,0.0316700637340545,1.365764617919922,0.0007427039090543
3dfjggpw,expfm_2g,explicit,42,20,1450065920,1752.408447265625,422.5927734375,0.0288569256663322,1.384969711303711,0.0007452271529473
3dfjggpw,expfm_2g,explicit,42,20,1460060160,1757.380615234375,420.5654296875,0.0297176875174045,1.3562216758728027,0.0007792880060151
3dfjggpw,expfm_2g,explicit,42,20,1470054400,1727.298095703125,416.5361328125,0.0468041822314262,1.3944692611694336,0.000858073006384
3dfjggpw,expfm_2g,explicit,42,20,1480048640,1745.1326904296875,420.5380859375,0.0304705072194337,1.3997137546539309,0.000792441307567
3dfjggpw,expfm_2g,explicit,42,20,1490042880,1761.502197265625,424.1474609375,0.0300706382840871,1.348794937133789,0.0007257665274664
3dfjggpw,expfm_2g,explicit,42,20,1500037120,1731.888427734375,415.234375,0.0310615357011556,1.3916105031967163,0.0009837296092882
3dfjggpw,expfm_2g,explicit,42,20,1510031360,1741.3253173828125,415.736328125,0.0299470275640487,1.3721188306808472,0.0009344446007162
3dfjggpw,expfm_2g,explicit,42,20,1520025600,1765.6776123046875,421.9658203125,0.0295121632516384,1.3594826459884644,0.0007283138111233
3dfjggpw,expfm_2g,explicit,42,20,1530019840,1765.10107421875,422.6953125,0.0293588824570179,1.3745702505111694,0.000723481120076
3dfjggpw,expfm_2g,explicit,42,20,1540014080,1757.250244140625,420.078125,0.029717843979597,1.3785263299942017,0.0008583116577938
3dfjggpw,expfm_2g,explicit,42,20,1550008320,1750.09326171875,417.6650390625,0.0318905785679817,1.385488510131836,0.0009895567782223
3dfjggpw,expfm_2g,explicit,42,20,1560002560,1758.0145263671875,421.85546875,0.0315692313015461,1.402740478515625,0.000790977734141
3dfjggpw,expfm_2g,explicit,42,20,1570078720,1748.7607421875,418.716796875,0.0303903445601463,1.385118007659912,0.0008416655473411
3dfjggpw,expfm_2g,explicit,42,20,1580072960,1773.6326904296875,422.98828125,0.0271148197352886,1.344031572341919,0.0007139394292607
3dfjggpw,expfm_2g,explicit,42,20,1590067200,1747.680419921875,419.93359375,0.0313086174428463,1.3960388898849487,0.0008158566779457
3dfjggpw,expfm_2g,explicit,42,20,1600061440,1727.132568359375,414.873046875,0.0354695618152618,1.4009182453155518,0.000965793908108
3dfjggpw,expfm_2g,explicit,42,20,1610055680,1739.5462646484375,416.150390625,0.0312771275639534,1.379518747329712,0.000949443434365
3dfjggpw,expfm_2g,explicit,42,20,1620049920,1773.093505859375,424.02734375,0.0291546769440174,1.3801698684692385,0.0006835602107457
3dfjggpw,expfm_2g,explicit,42,20,1630044160,1722.17431640625,416.2236328125,0.0315712168812751,1.4266788959503174,0.0009635133319534
3dfjggpw,expfm_2g,explicit,42,20,1640038400,1773.11669921875,423.953125,0.0296222381293773,1.3669885396957395,0.0006895640399307
3dfjggpw,expfm_2g,explicit,42,20,1650032640,1777.41162109375,424.2275390625,0.0289956480264663,1.380763053894043,0.0007424129871651
3dfjggpw,expfm_2g,explicit,42,20,1660026880,1754.1676025390625,418.3203125,0.0280689522624015,1.3403971195220947,0.0008481394615955
3dfjggpw,expfm_2g,explicit,42,20,1670021120,1762.105712890625,419.9150390625,0.0297855734825134,1.375014305114746,0.0008435307536274
3dfjggpw,expfm_2g,explicit,42,20,1680015360,1767.70068359375,421.6455078125,0.0280316714197397,1.357683181762695,0.0007514372118748
3dfjggpw,expfm_2g,explicit,42,20,1690009600,1765.3486328125,422.693359375,0.0288405716419219,1.3742984533309937,0.0007441762718372
3dfjggpw,expfm_2g,explicit,42,20,1700003840,1759.9207763671875,418.796875,0.0284950509667396,1.359412670135498,0.0008781346259638
3dfjggpw,expfm_2g,explicit,42,20,1710080000,1772.814697265625,425.03125,0.0290478225797414,1.3434391021728516,0.0006782689597457
3dfjggpw,expfm_2g,explicit,42,20,1720074240,1773.914794921875,424.25,0.0282942429184913,1.3728972673416138,0.0006940946332179
3dfjggpw,expfm_2g,explicit,42,20,1730068480,1766.486083984375,420.4794921875,0.0269119516015052,1.3514184951782229,0.0007844287902116
3dfjggpw,expfm_2g,explicit,42,20,1740062720,1750.392822265625,415.3056640625,0.0295391790568828,1.3651390075683594,0.0009514591656625
3dfjggpw,expfm_2g,explicit,42,20,1750056960,1788.0445556640625,427.5458984375,0.0280640088021755,1.393601417541504,0.0005819696816615
3dfjggpw,expfm_2g,explicit,42,20,1760051200,1752.883056640625,417.642578125,0.0302010979503393,1.3590394258499146,0.0009240037179552
3dfjggpw,expfm_2g,explicit,42,20,1770045440,1755.6370849609375,417.90234375,0.0310307815670967,1.3751670122146606,0.0009061250602826
3dfjggpw,expfm_2g,explicit,42,20,1780039680,1762.69287109375,420.7568359375,0.0281711295247077,1.3421146869659424,0.0007609561434946
3dfjggpw,expfm_2g,explicit,42,20,1790033920,1785.135498046875,423.9580078125,0.0277703925967216,1.3524430990219116,0.0007231244817376
3dfjggpw,expfm_2g,explicit,42,20,1800028160,1786.06494140625,425.7060546875,0.0277890395373106,1.3651769161224363,0.0005921096308156
3dfjggpw,expfm_2g,explicit,42,20,1810022400,1790.687744140625,427.68359375,0.0282483398914337,1.37761390209198,0.0005730275297537
3dfjggpw,expfm_2g,explicit,42,20,1820016640,1767.631591796875,420.4287109375,0.030354805290699,1.366995096206665,0.0008063131244853
3dfjggpw,expfm_2g,explicit,42,20,1830010880,1785.638916015625,424.798828125,0.0284945368766784,1.3580734729766846,0.0006354188080877
3dfjggpw,expfm_2g,explicit,42,20,1840005120,1786.6593017578125,425.0234375,0.0281793363392353,1.3681609630584717,0.0007038167095743
3dfjggpw,expfm_2g,explicit,42,20,1850081280,1775.9544677734375,423.0791015625,0.0288343913853168,1.3688454627990725,0.0007848002132959
3dfjggpw,expfm_2g,explicit,42,20,1860075520,1767.5399169921875,421.7412109375,0.0292959734797477,1.354798436164856,0.0007699818816035
3dfjggpw,expfm_2g,explicit,42,20,1870069760,1785.027587890625,424.4423828125,0.0280463770031929,1.368181228637695,0.0007648115861229
3dfjggpw,expfm_2g,explicit,42,20,1880064000,1782.8016357421875,424.3427734375,0.0275685675442218,1.3802769184112549,0.0006916872225701
3dfjggpw,expfm_2g,explicit,42,20,1890058240,1773.404541015625,422.6533203125,0.0293567087501287,1.381432294845581,0.0007316565024666
3dfjggpw,expfm_2g,explicit,42,20,1900052480,1756.218505859375,418.8466796875,0.0288418568670749,1.35927414894104,0.0008359014755114
3dfjggpw,expfm_2g,explicit,42,20,1910046720,1781.964599609375,426.8046875,0.0295958444476127,1.3985555171966553,0.0007176023209467
3dfjggpw,expfm_2g,explicit,42,20,1920040960,1783.7694091796875,422.57421875,0.0277067497372627,1.355798363685608,0.000735746580176
3dfjggpw,expfm_2g,explicit,42,20,1930035200,1776.5028076171875,422.734375,0.0307434350252151,1.3723081350326538,0.0007240929407998
3dfjggpw,expfm_2g,explicit,42,20,1940029440,1773.8095703125,422.2255859375,0.0303588919341564,1.3881568908691406,0.0007564494153484
3dfjggpw,expfm_2g,explicit,42,20,1950023680,1762.296875,421.6171875,0.0293480474501848,1.3823730945587158,0.0007783565670251
3dfjggpw,expfm_2g,explicit,42,20,1960017920,1771.957275390625,421.740234375,0.0274221748113632,1.3526403903961182,0.0007283450104296
3dfjggpw,expfm_2g,explicit,42,20,1970012160,1746.62158203125,418.15625,0.0299295224249362,1.3779404163360596,0.0009269269648939
3dfjggpw,expfm_2g,explicit,42,20,1980006400,1786.615234375,424.9677734375,0.0271993111819028,1.3721275329589844,0.000662007194478
3dfjggpw,expfm_2g,explicit,42,20,1990000640,1770.31787109375,419.73828125,0.0273262802511453,1.3616713285446167,0.0008621732122264
3dfjggpw,expfm_2g,explicit,42,20,2000076800,1787.3807373046875,424.0537109375,0.0279706232249736,1.3592510223388672,0.0007369107916019
7wpzx8cl,expfm_2g,explicit,42,50,10076160,558.5257568359375,221.865234375,0.1014711111783981,2.7315587997436523,0.0111404359340667
7wpzx8cl,expfm_2g,explicit,42,50,20070400,609.73681640625,227.1474609375,0.1046026498079299,2.425373077392578,0.0096793118864297
7wpzx8cl,expfm_2g,explicit,42,50,30064640,692.56005859375,250.828125,0.0975196212530136,2.411975860595703,0.0080694546923041
7wpzx8cl,expfm_2g,explicit,42,50,40058880,736.745361328125,256.18359375,0.0848883390426635,2.2218446731567383,0.0076232110150158
7wpzx8cl,expfm_2g,explicit,42,50,50053120,776.1829833984375,261.130859375,0.0833986699581146,2.1595425605773926,0.0067860269919037
7wpzx8cl,expfm_2g,explicit,42,50,60047360,818.2503662109375,269.46875,0.0751336067914962,2.129906177520752,0.0067100878804922
7wpzx8cl,expfm_2g,explicit,42,50,70041600,823.6370849609375,268.458984375,0.0766629353165626,2.134517908096313,0.0061768302693963
7wpzx8cl,expfm_2g,explicit,42,50,80035840,859.2811279296875,276.630859375,0.0760308653116226,2.097982168197632,0.005905068013817
7wpzx8cl,expfm_2g,explicit,42,50,90030080,854.7398071289062,273.9404296875,0.0713454484939575,1.9996472597122192,0.0059064235538244
7wpzx8cl,expfm_2g,explicit,42,50,100024320,858.1075439453125,273.9794921875,0.0760957971215248,2.02578353881836,0.0059092091396451
7wpzx8cl,expfm_2g,explicit,42,50,110018560,883.971923828125,276.0615234375,0.0731321275234222,1.9896053075790403,0.0057863877154886
7wpzx8cl,expfm_2g,explicit,42,50,120012800,901.7015380859376,284.0888671875,0.0739110559225082,2.0418214797973637,0.0054266303777694
7wpzx8cl,expfm_2g,explicit,42,50,130007040,903.9741821289062,284.037109375,0.072226233780384,1.9543354511260984,0.0056309229694306
7wpzx8cl,expfm_2g,explicit,42,50,140001280,922.275146484375,286.0419921875,0.0743342339992523,1.9915717840194704,0.0053045209497213
7wpzx8cl,expfm_2g,explicit,42,50,150077440,922.1373291015624,285.6943359375,0.0769925490021705,1.951637864112854,0.0051864124834537
7wpzx8cl,expfm_2g,explicit,42,50,160071680,949.739990234375,294.6025390625,0.0720010548830032,1.9600375890731807,0.0048152012750506
7wpzx8cl,expfm_2g,explicit,42,50,170065920,968.4288330078124,292.998046875,0.0705669298768043,1.9296584129333496,0.0050094840116798
7wpzx8cl,expfm_2g,explicit,42,50,180060160,975.0767822265624,296.2666015625,0.0717503204941749,1.8881609439849851,0.004779792856425
7wpzx8cl,expfm_2g,explicit,42,50,190054400,1018.6527099609376,306.677734375,0.0756396800279617,1.919641733169556,0.0041533028706908
7wpzx8cl,expfm_2g,explicit,42,50,200048640,1014.8887939453124,309.2177734375,0.076376736164093,1.991188764572144,0.0040395325049757
7wpzx8cl,expfm_2g,explicit,42,50,210042880,1102.24560546875,331.9755859375,0.0717768371105194,1.963212490081787,0.0035509788431227
7wpzx8cl,expfm_2g,explicit,42,50,220037120,1110.9429931640625,331.021484375,0.0811250135302543,1.9547889232635496,0.0038716739509254
7wpzx8cl,expfm_2g,explicit,42,50,230031360,1112.36865234375,333.2099609375,0.0812149196863174,1.9157516956329343,0.0034649767912924
7wpzx8cl,expfm_2g,explicit,42,50,240025600,1173.134765625,346.1435546875,0.0842235460877418,1.9444624185562132,0.0031999326311051
7wpzx8cl,expfm_2g,explicit,42,50,250019840,1182.9375,347.1591796875,0.0782977789640426,1.9264886379241943,0.0032952027395367
7wpzx8cl,expfm_2g,explicit,42,50,260014080,1151.3853759765625,340.701171875,0.0796181634068489,1.9031336307525637,0.0035200100392103
7wpzx8cl,expfm_2g,explicit,42,50,270008320,1181.922607421875,343.525390625,0.078840434551239,1.8472843170166016,0.0033444014843553
7wpzx8cl,expfm_2g,explicit,42,50,280002560,1175.81640625,343.7861328125,0.083475187420845,1.8622148036956787,0.0033903690055012
7wpzx8cl,expfm_2g,explicit,42,50,290078720,1237.395751953125,359.8974609375,0.0763692557811737,1.8666858673095703,0.002643743995577
7wpzx8cl,expfm_2g,explicit,42,50,300072960,1237.9161376953125,356.6708984375,0.0764949917793273,1.869123458862305,0.0030046580359339
7wpzx8cl,expfm_2g,explicit,42,50,310067200,1189.349365234375,344.6552734375,0.0816769897937774,1.8810209035873413,0.0030973493121564
7wpzx8cl,expfm_2g,explicit,42,50,320061440,1247.920166015625,356.51171875,0.0766365379095077,1.829374074935913,0.0028974078595638
7wpzx8cl,expfm_2g,explicit,42,50,330055680,1229.14990234375,352.7158203125,0.078496016561985,1.8159946203231807,0.0031056378502398
7wpzx8cl,expfm_2g,explicit,42,50,340049920,1246.95556640625,355.5517578125,0.0783441811800003,1.834171175956726,0.0029550455510616
7wpzx8cl,expfm_2g,explicit,42,50,350044160,1258.694580078125,359.7451171875,0.0770146995782852,1.853797435760498,0.0028519339393824
7wpzx8cl,expfm_2g,explicit,42,50,360038400,1279.1812744140625,366.685546875,0.0711292624473571,1.834843635559082,0.0024957545101642
7wpzx8cl,expfm_2g,explicit,42,50,370032640,1273.53369140625,360.0908203125,0.0753328800201416,1.835302829742432,0.0027835764922201
7wpzx8cl,expfm_2g,explicit,42,50,380026880,1311.871337890625,370.390625,0.0744107365608215,1.835794806480408,0.0025055645965039
7wpzx8cl,expfm_2g,explicit,42,50,390021120,1279.036376953125,358.0263671875,0.0745535120368003,1.7686233520507812,0.0029759621247649
7wpzx8cl,expfm_2g,explicit,42,50,400015360,1290.2177734375,364.646484375,0.0732368305325508,1.7764514684677124,0.0026824995875358
7wpzx8cl,expfm_2g,explicit,42,50,410009600,1316.550537109375,369.083984375,0.0742457658052444,1.7743561267852783,0.002445766236633
7wpzx8cl,expfm_2g,explicit,42,50,420003840,1281.3642578125,359.1953125,0.0764846801757812,1.8204100131988523,0.0028926548548042
7wpzx8cl,expfm_2g,explicit,42,50,430080000,1277.786865234375,360.4892578125,0.0753717571496963,1.821054220199585,0.0028052600100636
7wpzx8cl,expfm_2g,explicit,42,50,440074240,1292.458984375,362.103515625,0.0748573020100593,1.7339375019073486,0.0026738727465271
7wpzx8cl,expfm_2g,explicit,42,50,450068480,1279.2197265625,358.4443359375,0.0800571218132972,1.7777036428451538,0.0028122467920184
7wpzx8cl,expfm_2g,explicit,42,50,460062720,1294.9970703125,362.423828125,0.079449713230133,1.804142951965332,0.0026857352349907
7wpzx8cl,expfm_2g,explicit,42,50,470056960,1305.970703125,364.525390625,0.0773333013057708,1.7591862678527832,0.0026215168181806
7wpzx8cl,expfm_2g,explicit,42,50,480051200,1292.7918701171875,363.3681640625,0.0793547183275222,1.7503334283828735,0.0027259360067546
7wpzx8cl,expfm_2g,explicit,42,50,490045440,1301.7664794921875,361.541015625,0.0770904123783111,1.726883888244629,0.0025885896757245
7wpzx8cl,expfm_2g,explicit,42,50,500039680,1274.853271484375,354.1083984375,0.0826276093721389,1.7524094581604004,0.0030366601422429
7wpzx8cl,expfm_2g,explicit,42,50,510033920,1301.436279296875,359.7177734375,0.0782978981733322,1.7209495306015017,0.0027495354879647
7wpzx8cl,expfm_2g,explicit,42,50,520028160,1307.7890625,364.31640625,0.0778998583555221,1.694138526916504,0.0024204617366194
7wpzx8cl,expfm_2g,explicit,42,50,530022400,1386.5516357421875,379.900390625,0.0697440803050994,1.678459405899048,0.0021279761567711
7wpzx8cl,expfm_2g,explicit,42,50,540016640,1343.6748046875,366.3017578125,0.0771287530660629,1.705463171005249,0.0025828562211245
7wpzx8cl,expfm_2g,explicit,42,50,550010880,1377.453369140625,375.568359375,0.0729365646839141,1.6973481178283691,0.0021194103173911
7wpzx8cl,expfm_2g,explicit,42,50,560005120,1338.0418701171875,369.341796875,0.0788538306951522,1.7429659366607666,0.0022607119753956
7wpzx8cl,expfm_2g,explicit,42,50,570081280,1357.6038818359375,371.2373046875,0.0707051753997802,1.6828569173812866,0.0021871677599847
7wpzx8cl,expfm_2g,explicit,42,50,580075520,1385.043701171875,376.158203125,0.0721967294812202,1.6745643615722656,0.0021203989163041
7wpzx8cl,expfm_2g,explicit,42,50,590069760,1339.94482421875,368.322265625,0.0749281570315361,1.737110257148743,0.0023212567903101
7wpzx8cl,expfm_2g,explicit,42,50,600064000,1352.791015625,368.2783203125,0.0768481642007827,1.7092159986495972,0.0025446387007832
7wpzx8cl,expfm_2g,explicit,42,50,610058240,1324.606689453125,366.8701171875,0.0748929232358932,1.7237101793289185,0.0023585816379636
7wpzx8cl,expfm_2g,explicit,42,50,620052480,1376.933837890625,374.291015625,0.0725705176591873,1.7327032089233398,0.0021847472526133
7wpzx8cl,expfm_2g,explicit,42,50,630046720,1369.74658203125,368.302734375,0.0709919482469558,1.6598210334777832,0.0024800584651529
7wpzx8cl,expfm_2g,explicit,42,50,640040960,1403.16259765625,378.794921875,0.0681737512350082,1.6777801513671875,0.0020868037827312
7wpzx8cl,expfm_2g,explicit,42,50,650035200,1420.739990234375,379.365234375,0.0683591216802597,1.6654506921768188,0.0021298546344041
7wpzx8cl,expfm_2g,explicit,42,50,660029440,1410.101318359375,380.24609375,0.0685128942131996,1.6993365287780762,0.002037045545876
7wpzx8cl,expfm_2g,explicit,42,50,670023680,1418.22021484375,380.4921875,0.0712874084711074,1.6699023246765137,0.0020285388454794
7wpzx8cl,expfm_2g,explicit,42,50,680017920,1381.997802734375,375.8994140625,0.0720430016517639,1.7289927005767822,0.0021545710042119
7wpzx8cl,expfm_2g,explicit,42,50,690012160,1389.463134765625,377.583984375,0.0666878670454025,1.6328951120376587,0.0020233190152794
7wpzx8cl,expfm_2g,explicit,42,50,700006400,1414.546875,379.978515625,0.0686843916773796,1.702533721923828,0.0020538703538477
7wpzx8cl,expfm_2g,explicit,42,50,710000640,1419.04833984375,377.2265625,0.070851594209671,1.6558507680892944,0.0021518559660762
7wpzx8cl,expfm_2g,explicit,42,50,720076800,1423.085205078125,382.208984375,0.0720519423484802,1.712517261505127,0.0019683747086673
7wpzx8cl,expfm_2g,explicit,42,50,730071040,1427.859619140625,385.4921875,0.0719147324562072,1.7119284868240356,0.0018724175170063
7wpzx8cl,expfm_2g,explicit,42,50,740065280,1402.10107421875,379.1845703125,0.0698779448866844,1.6863465309143066,0.0020448334980756
7wpzx8cl,expfm_2g,explicit,42,50,750059520,1425.541748046875,382.0966796875,0.0670587867498397,1.687711238861084,0.0019738902337849
7wpzx8cl,expfm_2g,explicit,42,50,760053760,1410.4276123046875,380.1181640625,0.0671061277389526,1.6935465335845947,0.0019794485997408
7wpzx8cl,expfm_2g,explicit,42,50,770048000,1413.81005859375,377.689453125,0.0695185735821724,1.681715726852417,0.0022014211863279
7wpzx8cl,expfm_2g,explicit,42,50,780042240,1452.258056640625,387.326171875,0.0646539181470871,1.6727805137634275,0.0017057126387953
7wpzx8cl,expfm_2g,explicit,42,50,790036480,1454.070068359375,388.8046875,0.062684029340744,1.6578106880187988,0.001756957033649
7wpzx8cl,expfm_2g,explicit,42,50,800030720,1462.21435546875,389.521484375,0.0665867775678634,1.6520605087280271,0.0017469351878389
7wpzx8cl,expfm_2g,explicit,42,50,810024960,1440.4508056640625,380.2197265625,0.0679831132292747,1.6620620489120483,0.00208226358518
7wpzx8cl,expfm_2g,explicit,42,50,820019200,1458.763916015625,390.51171875,0.0643888413906097,1.656052827835083,0.0015948314685374
7wpzx8cl,expfm_2g,explicit,42,50,830013440,1426.025634765625,382.7109375,0.068467877805233,1.6961309909820557,0.0020268310327082
7wpzx8cl,expfm_2g,explicit,42,50,840007680,1432.46337890625,382.771484375,0.0687730759382247,1.704776406288147,0.0019640563987195
7wpzx8cl,expfm_2g,explicit,42,50,850001920,1474.1336669921875,392.736328125,0.064572587609291,1.6922050714492798,0.0016891898121684
7wpzx8cl,expfm_2g,explicit,42,50,860078080,1451.7353515625,384.484375,0.0672633200883865,1.6677757501602173,0.0019602170214056
7wpzx8cl,expfm_2g,explicit,42,50,870072320,1446.3212890625,383.2578125,0.0649462044239044,1.6495356559753418,0.0019014637218788
7wpzx8cl,expfm_2g,explicit,42,50,880066560,1446.59521484375,381.9375,0.0652820542454719,1.6337069272994995,0.0020001707598567
7wpzx8cl,expfm_2g,explicit,42,50,890060800,1441.374267578125,382.4609375,0.0636152625083923,1.6375329494476318,0.0019298430997878
7wpzx8cl,expfm_2g,explicit,42,50,900055040,1428.265380859375,378.9296875,0.0663526952266693,1.646226406097412,0.0019951560534536
7wpzx8cl,expfm_2g,explicit,42,50,910049280,1474.83154296875,387.1328125,0.0650340989232063,1.625269889831543,0.0018162024207413
7wpzx8cl,expfm_2g,explicit,42,50,920043520,1450.0556640625,382.46875,0.0663282796740531,1.6534743309020996,0.0019236360676586
7wpzx8cl,expfm_2g,explicit,42,50,930037760,1472.521240234375,387.9970703125,0.0635748282074928,1.6375805139541626,0.0017637414857745
7wpzx8cl,expfm_2g,explicit,42,50,940032000,1469.3095703125,385.3935546875,0.0609762668609619,1.6051347255706787,0.001820015721023
7wpzx8cl,expfm_2g,explicit,42,50,950026240,1445.6527099609375,384.1865234375,0.0677463710308075,1.6635411977767944,0.0019407428335398
7wpzx8cl,expfm_2g,explicit,42,50,960020480,1403.8603515625,372.876953125,0.0668673664331436,1.6522650718688965,0.0022532185539603
7wpzx8cl,expfm_2g,explicit,42,50,970014720,1460.03125,389.7197265625,0.0638492777943611,1.6531672477722168,0.0016391170211136
7wpzx8cl,expfm_2g,explicit,42,50,980008960,1465.140869140625,385.779296875,0.062659703195095,1.594348430633545,0.0018468279158696
7wpzx8cl,expfm_2g,explicit,42,50,990003200,1490.604248046875,394.7451171875,0.0625055432319641,1.6665327548980713,0.0015508712967857
7wpzx8cl,expfm_2g,explicit,42,50,1000079360,1482.3243408203125,393.1884765625,0.0667450577020645,1.660228967666626,0.0016367764910683
7wpzx8cl,expfm_2g,explicit,42,50,1010073600,1477.798095703125,391.1826171875,0.0626555457711219,1.6571959257125854,0.0016549252904951
7wpzx8cl,expfm_2g,explicit,42,50,1020067840,1496.175048828125,394.08984375,0.0639103502035141,1.615969181060791,0.0015054126270115
7wpzx8cl,expfm_2g,explicit,42,50,1030062080,1463.663330078125,384.419921875,0.0650526881217956,1.6297075748443604,0.0019598766230046
7wpzx8cl,expfm_2g,explicit,42,50,1040056320,1481.6663818359375,389.82421875,0.0611632391810417,1.6408042907714844,0.0018333385232836
7wpzx8cl,expfm_2g,explicit,42,50,1050050560,1473.724365234375,393.302734375,0.063824251294136,1.669117450714111,0.0016006098594516
7wpzx8cl,expfm_2g,explicit,42,50,1060044800,1490.659912109375,390.421875,0.0604496784508228,1.6264948844909668,0.0017005349509418
7wpzx8cl,expfm_2g,explicit,42,50,1070039040,1477.814453125,389.533203125,0.0613419972360134,1.646946668624878,0.0016652096528559
7wpzx8cl,expfm_2g,explicit,42,50,1080033280,1429.358642578125,382.3994140625,0.075108528137207,1.7067805528640747,0.0019724320154637
7wpzx8cl,expfm_2g,explicit,42,50,1090027520,1459.33154296875,383.552734375,0.0620672702789306,1.6394615173339844,0.0018765381537377
7wpzx8cl,expfm_2g,explicit,42,50,1100021760,1455.5462646484375,383.2646484375,0.0649480745196342,1.6385600566864014,0.0019080776255577
7wpzx8cl,expfm_2g,explicit,42,50,1110016000,1488.246826171875,388.546875,0.0613605193793773,1.62998366355896,0.0017996663227677
7wpzx8cl,expfm_2g,explicit,42,50,1120010240,1501.65380859375,393.4423828125,0.0595090836286544,1.6274471282958984,0.0014744034269824
7wpzx8cl,expfm_2g,explicit,42,50,1130004480,1461.0234375,383.0751953125,0.0618273615837097,1.6157944202423096,0.0018791737966239
7wpzx8cl,expfm_2g,explicit,42,50,1140080640,1499.485595703125,390.953125,0.0590227469801902,1.6014258861541748,0.0016529872082173
7wpzx8cl,expfm_2g,explicit,42,50,1150074880,1480.842041015625,393.703125,0.0658230781555175,1.6851475238800049,0.0015324887353926
7wpzx8cl,expfm_2g,explicit,42,50,1160069120,1510.0577392578125,395.138671875,0.0644363462924957,1.6393890380859375,0.0015228434931486
7wpzx8cl,expfm_2g,explicit,42,50,1170063360,1510.8253173828125,394.376953125,0.0594041720032691,1.6242194175720217,0.0015372526831924
7wpzx8cl,expfm_2g,explicit,42,50,1180057600,1491.205810546875,390.0361328125,0.0608202666044235,1.646073818206787,0.0016484541120007
7wpzx8cl,expfm_2g,explicit,42,50,1190051840,1522.383056640625,397.5380859375,0.0589479021728038,1.6139280796051023,0.0014900031965225
7wpzx8cl,expfm_2g,explicit,42,50,1200046080,1499.00927734375,391.7939453125,0.0623218715190887,1.6512593030929563,0.0016837236471474
7wpzx8cl,expfm_2g,explicit,42,50,1210040320,1496.6644287109375,391.4228515625,0.0607864782214164,1.6205236911773682,0.0016493662260472
7wpzx8cl,expfm_2g,explicit,42,50,1220034560,1529.0318603515625,397.4794921875,0.0595950856804847,1.6534384489059448,0.0014826625119894
7wpzx8cl,expfm_2g,explicit,42,50,1230028800,1523.4892578125,397.4521484375,0.0577689744532108,1.589139461517334,0.00145990611054
7wpzx8cl,expfm_2g,explicit,42,50,1240023040,1509.6741943359375,392.119140625,0.0590982735157012,1.5890506505966189,0.0016043889336287
7wpzx8cl,expfm_2g,explicit,42,50,1250017280,1535.860107421875,401.091796875,0.0571620911359787,1.597630262374878,0.001309591345489
7wpzx8cl,expfm_2g,explicit,42,50,1260011520,1517.7691650390625,395.5751953125,0.0565915219485759,1.6061391830444336,0.0014007028657943
7wpzx8cl,expfm_2g,explicit,42,50,1270005760,1498.279052734375,391.4716796875,0.0563069805502891,1.5833600759506226,0.0016371662495657
7wpzx8cl,expfm_2g,explicit,42,50,1280000000,1532.2236328125,400.48046875,0.0592519789934158,1.642005443572998,0.0013294451637193
7wpzx8cl,expfm_2g,explicit,42,50,1290076160,1527.3984375,397.86328125,0.0569121614098548,1.596752643585205,0.0014489048626273
7wpzx8cl,expfm_2g,explicit,42,50,1300070400,1545.559326171875,399.701171875,0.056640088558197,1.572751522064209,0.0014235160779207
7wpzx8cl,expfm_2g,explicit,42,50,1310064640,1495.60302734375,390.720703125,0.0620287396013736,1.605595350265503,0.0017031052848324
7wpzx8cl,expfm_2g,explicit,42,50,1320058880,1496.3580322265625,390.6171875,0.0607798509299755,1.6068382263183594,0.0016299283597618
7wpzx8cl,expfm_2g,explicit,42,50,1330053120,1543.0731201171875,399.7265625,0.0579850524663925,1.601731538772583,0.0014086253941059
7wpzx8cl,expfm_2g,explicit,42,50,1340047360,1540.21484375,401.7119140625,0.0592986568808555,1.636406183242798,0.0013000981416553
7wpzx8cl,expfm_2g,explicit,42,50,1350041600,1536.439208984375,402.029296875,0.0574747882783412,1.6258249282836914,0.0012724850093945
7wpzx8cl,expfm_2g,explicit,42,50,1360035840,1497.63818359375,391.185546875,0.0633328855037689,1.6443521976470947,0.0015790916513651
7wpzx8cl,expfm_2g,explicit,42,50,1370030080,1528.26708984375,397.630859375,0.0593276023864746,1.6038364171981812,0.0015039057470858
7wpzx8cl,expfm_2g,explicit,42,50,1380024320,1495.844970703125,390.515625,0.0610946640372276,1.6421093940734863,0.0016871019033715
7wpzx8cl,expfm_2g,explicit,42,50,1390018560,1531.738037109375,397.693359375,0.0583977252244949,1.6308127641677856,0.0014577915426343
7wpzx8cl,expfm_2g,explicit,42,50,1400012800,1532.595458984375,396.4169921875,0.0600772723555564,1.6020464897155762,0.0014874025946483
7wpzx8cl,expfm_2g,explicit,42,50,1410007040,1539.46484375,400.3291015625,0.0593913048505783,1.6196980476379397,0.0014042786788195
7wpzx8cl,expfm_2g,explicit,42,50,1420001280,1540.467529296875,397.8388671875,0.0562035255134105,1.6017963886260986,0.001460388302803
7wpzx8cl,expfm_2g,explicit,42,50,1430077440,1537.42724609375,399.263671875,0.0580149963498115,1.6103065013885498,0.0014354161685332
7wpzx8cl,expfm_2g,explicit,42,50,1440071680,1554.794921875,402.4580078125,0.0545197427272796,1.584627628326416,0.0013325802283361
7wpzx8cl,expfm_2g,explicit,42,50,1450065920,1546.3603515625,398.708984375,0.0561577565968036,1.575223088264465,0.0013847270747646
7wpzx8cl,expfm_2g,explicit,42,50,1460060160,1556.86767578125,401.958984375,0.0546234026551246,1.607907772064209,0.0013066697865724
7wpzx8cl,expfm_2g,explicit,42,50,1470054400,1529.35498046875,399.2890625,0.0585941970348358,1.658699631690979,0.0013970975996926
7wpzx8cl,expfm_2g,explicit,42,50,1480048640,1525.701171875,393.5400390625,0.0583527572453022,1.580920934677124,0.0015612130519002
7wpzx8cl,expfm_2g,explicit,42,50,1490042880,1567.4521484375,402.2646484375,0.0576935820281505,1.5863916873931885,0.001252306625247
7wpzx8cl,expfm_2g,explicit,42,50,1500037120,1545.52197265625,400.4736328125,0.0568180158734321,1.6009423732757568,0.001306437770836
7wpzx8cl,expfm_2g,explicit,42,50,1510031360,1529.173095703125,395.177734375,0.0594516098499298,1.6013343334197998,0.0014936038060113
7wpzx8cl,expfm_2g,explicit,42,50,1520025600,1496.6719970703125,385.837890625,0.0612703338265419,1.6320219039916992,0.0018380105029791
7wpzx8cl,expfm_2g,explicit,42,50,1530019840,1506.1944580078125,387.5419921875,0.0592804178595542,1.6088732481002808,0.0016972525045275
7wpzx8cl,expfm_2g,explicit,42,50,1540014080,1561.4957275390625,402.81640625,0.0549749806523323,1.5770039558410645,0.0013816650025546
7wpzx8cl,expfm_2g,explicit,42,50,1550008320,1505.025146484375,390.7666015625,0.057030901312828,1.6053614616394043,0.0017257033614441
7wpzx8cl,expfm_2g,explicit,42,50,1560002560,1579.618408203125,404.34375,0.0516328513622283,1.5389448404312134,0.0012512475950643
7wpzx8cl,expfm_2g,explicit,42,50,1570078720,1578.80517578125,406.732421875,0.0529938638210296,1.562317132949829,0.0012608373071998
7wpzx8cl,expfm_2g,explicit,42,50,1580072960,1557.5968017578125,398.1083984375,0.0535182952880859,1.5527474880218506,0.0014279936440289
7wpzx8cl,expfm_2g,explicit,42,50,1590067200,1537.1796875,393.2333984375,0.0563840121030807,1.5597888231277466,0.0016587304417043
7wpzx8cl,expfm_2g,explicit,42,50,1600061440,1560.598388671875,402.673828125,0.0536344572901725,1.585479974746704,0.0013287330511957
7wpzx8cl,expfm_2g,explicit,42,50,1610055680,1536.916015625,395.5986328125,0.0547898113727569,1.5726323127746582,0.0014611656079068
7wpzx8cl,expfm_2g,explicit,42,50,1620049920,1522.575439453125,390.1748046875,0.0601966306567192,1.5480200052261353,0.0017365079838782
7wpzx8cl,expfm_2g,explicit,42,50,1630044160,1588.9608154296875,410.150390625,0.0514169670641422,1.564464807510376,0.001066010678187
7wpzx8cl,expfm_2g,explicit,42,50,1640038400,1552.3734130859375,399.36328125,0.0553837046027183,1.581979751586914,0.0013838377781212
7wpzx8cl,expfm_2g,explicit,42,50,1650032640,1571.649169921875,401.3994140625,0.0547795370221138,1.5609019994735718,0.0013716724934056
7wpzx8cl,expfm_2g,explicit,42,50,1660026880,1550.535400390625,398.0205078125,0.0553351193666458,1.586406946182251,0.0015071593225002
7wpzx8cl,expfm_2g,explicit,42,50,1670021120,1533.73681640625,396.119140625,0.0562316700816154,1.606687068939209,0.0014643985778093
7wpzx8cl,expfm_2g,explicit,42,50,1680015360,1562.81591796875,400.798828125,0.0539487525820732,1.5601606369018557,0.0013990610605105
7wpzx8cl,expfm_2g,explicit,42,50,1690009600,1550.402587890625,399.1923828125,0.055619653314352,1.60725736618042,0.0015169174876064
7wpzx8cl,expfm_2g,explicit,42,50,1700003840,1528.4755859375,393.353515625,0.0579110607504844,1.6107012033462524,0.0016598592046648
7wpzx8cl,expfm_2g,explicit,42,50,1710080000,1538.668701171875,396.798828125,0.0569909214973449,1.5783514976501465,0.0015225929673761
7wpzx8cl,expfm_2g,explicit,42,50,1720074240,1527.397216796875,395.8896484375,0.0575776472687721,1.601463794708252,0.0014598252018913
7wpzx8cl,expfm_2g,explicit,42,50,1730068480,1558.3424072265625,398.4921875,0.0553827434778213,1.578519582748413,0.0014312037965282
7wpzx8cl,expfm_2g,explicit,42,50,1740062720,1570.85595703125,404.6005859375,0.054549217224121,1.5835208892822266,0.001224813517183
7wpzx8cl,expfm_2g,explicit,42,50,1750056960,1545.43505859375,399.029296875,0.057927343994379,1.6402422189712524,0.0013591303722932
7wpzx8cl,expfm_2g,explicit,42,50,1760051200,1568.931884765625,403.7099609375,0.0544936209917068,1.6091885566711426,0.001222051680088
7wpzx8cl,expfm_2g,explicit,42,50,1770045440,1550.57861328125,397.9873046875,0.0531660690903663,1.5408815145492554,0.0016351486556231
7wpzx8cl,expfm_2g,explicit,42,50,1780039680,1581.26708984375,402.3447265625,0.0534079112112522,1.533838152885437,0.0013504014350473
7wpzx8cl,expfm_2g,explicit,42,50,1790033920,1510.929443359375,390.5400390625,0.062503233551979,1.6311888694763184,0.0017671617679297
7wpzx8cl,expfm_2g,explicit,42,50,1800028160,1536.28857421875,396.0556640625,0.0569876581430435,1.574995756149292,0.0014745194930583
7wpzx8cl,expfm_2g,explicit,42,50,1810022400,1515.969482421875,392.49609375,0.06789131462574,1.6110846996307373,0.0015508088981732
7wpzx8cl,expfm_2g,explicit,42,50,1820016640,1550.99462890625,398.314453125,0.0576777085661888,1.617288589477539,0.0014844588004052
7wpzx8cl,expfm_2g,explicit,42,50,1830010880,1524.9508056640625,394.623046875,0.0593931712210178,1.6262683868408203,0.0015523650217801
7wpzx8cl,expfm_2g,explicit,42,50,1840005120,1554.609130859375,399.3056640625,0.0561228357255458,1.614537477493286,0.0013766932534053
7wpzx8cl,expfm_2g,explicit,42,50,1850081280,1567.6724853515625,403.7060546875,0.0536591857671737,1.5631123781204224,0.0012702689273282
7wpzx8cl,expfm_2g,explicit,42,50,1860075520,1532.7540283203125,397.0341796875,0.058742918074131,1.5917119979858398,0.0015089528169482
7wpzx8cl,expfm_2g,explicit,42,50,1870069760,1563.27880859375,397.166015625,0.0549371913075447,1.580223560333252,0.0015129861421883
7wpzx8cl,expfm_2g,explicit,42,50,1880064000,1585.053466796875,403.87890625,0.0491322800517082,1.538785457611084,0.0012696404010057
7wpzx8cl,expfm_2g,explicit,42,50,1890058240,1533.434326171875,395.716796875,0.056765466928482,1.64841890335083,0.001432258170098
7wpzx8cl,expfm_2g,explicit,42,50,1900052480,1555.9810791015625,397.2421875,0.0587110817432403,1.57098388671875,0.0014904299750924
7wpzx8cl,expfm_2g,explicit,42,50,1910046720,1570.397705078125,402.0654296875,0.0536797977983951,1.595842361450195,0.0013823892222717
7wpzx8cl,expfm_2g,explicit,42,50,1920040960,1559.5855712890625,401.0244140625,0.0571176372468471,1.6161997318267822,0.0015349779278039
7wpzx8cl,expfm_2g,explicit,42,50,1930035200,1537.80224609375,395.666015625,0.0592460930347442,1.6279882192611694,0.0014809654094278
7wpzx8cl,expfm_2g,explicit,42,50,1940029440,1570.908935546875,401.453125,0.0538431219756603,1.5775930881500244,0.0013834887649863
7wpzx8cl,expfm_2g,explicit,42,50,1950023680,1566.81103515625,400.166015625,0.0570858493447303,1.599374532699585,0.0014387869741767
7wpzx8cl,expfm_2g,explicit,42,50,1960017920,1579.1483154296875,403.8046875,0.0528514347970485,1.6165847778320312,0.0012687013950198
7wpzx8cl,expfm_2g,explicit,42,50,1970012160,1563.844482421875,398.0888671875,0.0537431165575981,1.542468786239624,0.0014766991371288
7wpzx8cl,expfm_2g,explicit,42,50,1980006400,1572.3009033203125,401.318359375,0.0538743287324905,1.5537121295928955,0.0013441253686323
7wpzx8cl,expfm_2g,explicit,42,50,1990000640,1569.4417724609375,401.2373046875,0.0547351986169815,1.5532233715057373,0.0013873392017558
7wpzx8cl,expfm_2g,explicit,42,50,2000076800,1586.004638671875,405.56640625,0.0529934540390968,1.5379188060760498,0.0011973938671872
dgv264dt,expfm_2g,explicit,42,0,10076160,683.2861328125,245.3720703125,0.0094359926879405,2.442075252532959,0.0083372648805379
dgv264dt,expfm_2g,explicit,42,0,20070400,806.15283203125,266.361328125,0.0065235551446676,2.087907314300537,0.0072683785110712
dgv264dt,expfm_2g,explicit,42,0,30064640,920.8255004882812,282.8779296875,0.0011370945721864,1.8898324966430664,0.006096544675529
dgv264dt,expfm_2g,explicit,42,0,40058880,962.6318969726562,284.427734375,0.0048818415962159,1.8505159616470337,0.0053211017511785
dgv264dt,expfm_2g,explicit,42,0,50053120,1040.6397705078125,295.490234375,0.0016272853827103,1.7244226932525637,0.0048483028076589
dgv264dt,expfm_2g,explicit,42,0,60047360,1106.350341796875,307.8818359375,0.0008866309653967,1.7447609901428225,0.0039706225506961
dgv264dt,expfm_2g,explicit,42,0,70041600,1204.9722900390625,332.9130859375,0.0020877681672573,1.6911197900772097,0.0031912983395159
dgv264dt,expfm_2g,explicit,42,0,80035840,1257.646484375,340.775390625,0.0007095879409462,1.6398979425430298,0.0028929263353347
dgv264dt,expfm_2g,explicit,42,0,90030080,1428.632080078125,374.2705078125,0.0007771287928335,1.5911917686462402,0.0020284377969801
dgv264dt,expfm_2g,explicit,42,0,100024320,1587.82763671875,404.7060546875,0.0006018839776515,1.506970763206482,0.001143158879131
dgv264dt,expfm_2g,explicit,42,0,110018560,1704.1641845703125,425.17578125,0.0010703345760703,1.437558650970459,0.0006054255645722
dgv264dt,expfm_2g,explicit,42,0,120012800,1740.158935546875,429.4970703125,0.0003027057391591,1.4312214851379397,0.0005333701265044
dgv264dt,expfm_2g,explicit,42,0,130007040,1762.6502685546875,432.66015625,0.0005103068542666,1.398864984512329,0.0003897333226632
dgv264dt,expfm_2g,explicit,42,0,140001280,1815.0701904296875,438.9287109375,0.0005706587689928,1.3371195793151855,0.0002427586878184
dgv264dt,expfm_2g,explicit,42,0,150077440,1823.2861328125,438.9140625,0.001892126398161,1.3771620988845823,0.0002392349997535
dgv264dt,expfm_2g,explicit,42,0,160071680,1807.4139404296875,432.3798828125,0.0014710191171616,1.355093002319336,0.0004363462212495
dgv264dt,expfm_2g,explicit,42,0,170065920,1829.004638671875,435.1728515625,0.0004364236956462,1.354907751083374,0.0003807462053373
dgv264dt,expfm_2g,explicit,42,0,180060160,1878.5938720703125,441.7685546875,0.0002682287013158,1.2982237339019775,0.0001360589230898
dgv264dt,expfm_2g,explicit,42,0,190054400,1858.59130859375,438.5517578125,0.0007168210577219,1.3060975074768066,0.0002215868444181
dgv264dt,expfm_2g,explicit,42,0,200048640,1882.986083984375,441.564453125,0.0002184237528126,1.3162524700164795,0.0001359147863695
dgv264dt,expfm_2g,explicit,42,0,210042880,1882.8388671875,441.021484375,0.0001224056031787,1.3144314289093018,0.0001406645460519
dgv264dt,expfm_2g,explicit,42,0,220037120,1896.4100341796875,442.54296875,0.0003387070901226,1.3025617599487305,0.0001096906053135
dgv264dt,expfm_2g,explicit,42,0,230031360,1905.7335205078125,443.8720703125,0.0001087120181182,1.274170160293579,7.693310908507556e-05
dgv264dt,expfm_2g,explicit,42,0,240025600,1892.762939453125,441.685546875,0.0003699648950714,1.2668030261993408,0.0001303886383539
dgv264dt,expfm_2g,explicit,42,0,250019840,1897.398193359375,440.99609375,0.000466654455522,1.290583610534668,0.0001623608986847
dgv264dt,expfm_2g,explicit,42,0,260014080,1919.2032470703125,443.537109375,0.0002107872569467,1.26340651512146,0.0001110966841224
dgv264dt,expfm_2g,explicit,42,0,270008320,1891.5875244140625,438.53125,0.0016488396795466,1.2989017963409424,0.0002312543510925
dgv264dt,expfm_2g,explicit,42,0,280002560,1921.61181640625,442.904296875,0.0029568106401711,1.2530595064163208,0.0001021260104607
dgv264dt,expfm_2g,explicit,42,0,290078720,1927.7841796875,443.3515625,0.0001042144285747,1.2396012544631958,8.919537503970787e-05
dgv264dt,expfm_2g,explicit,42,0,300072960,1933.423828125,445.0263671875,0.0018022825242951,1.2575559616088867,5.784224049421027e-05
dgv264dt,expfm_2g,explicit,42,0,310067200,1928.790771484375,441.61328125,0.0002758082991931,1.2174453735351562,0.0001413159188814
dgv264dt,expfm_2g,explicit,42,0,320061440,1931.1654052734373,442.70703125,0.0005431624595075,1.2317554950714111,0.000122109951917
dgv264dt,expfm_2g,explicit,42,0,330055680,1928.481201171875,442.89453125,0.0007686068420298,1.2384874820709229,0.0001089143479475
dgv264dt,expfm_2g,explicit,42,0,340049920,1930.8489990234373,441.99609375,0.00028353696689,1.2453086376190186,0.0001462937652831
dgv264dt,expfm_2g,explicit,42,0,350044160,1946.867431640625,444.234375,0.0011231182143092,1.211000680923462,7.221566920634359e-05
dgv264dt,expfm_2g,explicit,42,0,360038400,1958.398193359375,446.234375,0.0003363978757988,1.215808987617493,1.6107383999042213e-05
dgv264dt,expfm_2g,explicit,42,0,370032640,1953.4490966796875,444.890625,0.0003818372497335,1.2108190059661863,4.263741720933467e-05
dgv264dt,expfm_2g,explicit,42,0,380026880,1954.8883056640625,444.8935546875,0.0007070905994623,1.2137187719345093,5.808342029922642e-05
dgv264dt,expfm_2g,explicit,42,0,390021120,1954.0870361328125,445.6728515625,0.0001368675439152,1.2056875228881836,3.0975024856161326e-05
dgv264dt,expfm_2g,explicit,42,0,400015360,1947.90185546875,444.1728515625,0.0005172632518224,1.210714340209961,7.317071140278131e-05
dgv264dt,expfm_2g,explicit,42,0,410009600,1940.540771484375,442.9326171875,0.0037330056075006,1.2173035144805908,0.0001176115911221
dgv264dt,expfm_2g,explicit,42,0,420003840,1962.72119140625,445.1123046875,0.0001897138135973,1.2082476615905762,7.19215749995783e-05
dgv264dt,expfm_2g,explicit,42,0,430080000,1955.789306640625,444.2265625,0.0003930953971575,1.2066318988800049,7.74692598497495e-05
dgv264dt,expfm_2g,explicit,42,0,440074240,1962.5263671875,445.1201171875,0.0002916233497671,1.1940841674804688,5.095025699120015e-05
dgv264dt,expfm_2g,explicit,42,0,450068480,1957.322509765625,444.4658203125,0.0002234336279798,1.1906359195709229,6.207879778230563e-05
dgv264dt,expfm_2g,explicit,42,0,460062720,1964.838134765625,444.6259765625,0.0065361568704247,1.195436954498291,6.048346767784096e-05
dgv264dt,expfm_2g,explicit,42,0,470056960,1946.832763671875,442.1943359375,0.0015716407215222,1.2001750469207764,0.0001212841088999
dgv264dt,expfm_2g,explicit,42,0,480051200,1963.37109375,444.9580078125,0.0003805005690082,1.200041651725769,4.755002737510949e-05
dgv264dt,expfm_2g,explicit,42,0,490045440,1967.5556640625,446.1767578125,0.0003364881267771,1.2001142501831057,1.883041113615036e-05
dgv264dt,expfm_2g,explicit,42,0,500039680,1970.44287109375,445.3046875,0.003179058432579,1.1986443996429443,4.251091377227567e-05
dgv264dt,expfm_2g,explicit,42,0,510033920,1968.972412109375,444.236328125,0.0001605003199074,1.193644642829895,6.748686428181827e-05
dgv264dt,expfm_2g,explicit,42,0,520028160,1967.70166015625,445.62109375,0.0006225465331226,1.2002675533294678,3.5691904486157e-05
dgv264dt,expfm_2g,explicit,42,0,530022400,1967.849609375,445.455078125,0.0002753893204499,1.190656065940857,3.682353781186976e-05
dgv264dt,expfm_2g,explicit,42,0,540016640,1977.2716064453125,445.53515625,0.0005840610247105,1.1820671558380127,3.955654392484576e-05
dgv264dt,expfm_2g,explicit,42,0,550010880,1954.657470703125,442.4013671875,0.0001202652711072,1.2219464778900146,0.0001179888204205
dgv264dt,expfm_2g,explicit,42,0,560005120,1972.10986328125,445.7177734375,8.369560237042606e-05,1.196836233139038,3.388043842278421e-05
dgv264dt,expfm_2g,explicit,42,0,570081280,1965.078857421875,445.4619140625,0.0002779698988888,1.208361268043518,4.135347990086302e-05
dgv264dt,expfm_2g,explicit,42,0,580075520,1957.319580078125,443.1337890625,0.0001954628678504,1.192510962486267,0.0001015697125694
dgv264dt,expfm_2g,explicit,42,0,590069760,1981.7926025390625,446.169921875,0.0001670578785706,1.170842170715332,2.1471678337547928e-05
dgv264dt,expfm_2g,explicit,42,0,600064000,1976.1494140625,445.228515625,0.0006330204196274,1.1893291473388672,4.448225809028372e-05
dgv264dt,expfm_2g,explicit,42,0,610058240,1987.802490234375,446.5712890625,0.0001964402908924,1.1902363300323486,1.1042202459066177e-05
dgv264dt,expfm_2g,explicit,42,0,620052480,1977.340576171875,446.2734375,0.000106051142211,1.187175154685974,1.677045293035917e-05
dgv264dt,expfm_2g,explicit,42,0,630046720,1935.5838623046875,441.9423828125,0.0040886960923671,1.2057087421417236,0.0001233242510352
dgv264dt,expfm_2g,explicit,42,0,640040960,1970.44873046875,444.1142578125,0.0028123720549046,1.177133321762085,6.626774120377377e-05
dgv264dt,expfm_2g,explicit,42,0,650035200,1974.5142822265625,446.8154296875,0.0010014522122219,1.2024167776107788,2.2816880118625704e-06
dgv264dt,expfm_2g,explicit,42,0,660029440,1976.99951171875,445.0771484375,0.0013048646505922,1.1795103549957275,6.997943273745477e-05
dgv264dt,expfm_2g,explicit,42,0,670023680,1963.58642578125,443.443359375,0.0001936992339324,1.1930055618286133,9.233132004737854e-05
dgv264dt,expfm_2g,explicit,42,0,680017920,1990.2734375,446.3955078125,0.0012961204629391,1.161113739013672,1.0260940143780315e-05
dgv264dt,expfm_2g,explicit,42,0,690012160,1990.05712890625,446.30078125,0.0001171516778413,1.1691206693649292,1.687191252131015e-05
dgv264dt,expfm_2g,explicit,42,0,700006400,1986.9718017578125,445.62890625,0.0001458538754377,1.1692707538604736,2.7984564439975657e-05
dgv264dt,expfm_2g,explicit,42,0,710000640,1990.740478515625,446.265625,0.0020743238274008,1.163494348526001,1.6918160326895304e-05
dgv264dt,expfm_2g,explicit,42,0,720076800,1984.0809326171875,445.8232421875,0.0018132019322365,1.1772301197052002,3.016969822056126e-05
dgv264dt,expfm_2g,explicit,42,0,730071040,1988.697509765625,445.7041015625,0.0001919846981763,1.1632379293441772,3.020108852069825e-05
dgv264dt,expfm_2g,explicit,42,0,740065280,1988.382568359375,445.673828125,0.0001931673905346,1.1726092100143433,3.634071254055016e-05
dgv264dt,expfm_2g,explicit,42,0,750059520,1996.54541015625,446.8203125,0.0004442910139914,1.1693847179412842,2.353162699364475e-06
dgv264dt,expfm_2g,explicit,42,0,760053760,1991.866943359375,446.1630859375,0.0001722363522276,1.1732699871063232,1.76067442225758e-05
dgv264dt,expfm_2g,explicit,42,0,770048000,1987.2423095703125,445.3515625,0.0001124118789448,1.1585664749145508,4.522384188021533e-05
dgv264dt,expfm_2g,explicit,42,0,780042240,1994.0499267578125,446.453125,0.0004639615945052,1.1666858196258545,1.5646477550035343e-05
dgv264dt,expfm_2g,explicit,42,0,790036480,1991.010009765625,446.0205078125,0.0006797856767661,1.1648900508880615,2.8971729989279996e-05
dgv264dt,expfm_2g,explicit,42,0,800030720,1988.56982421875,446.0673828125,0.0003602417127694,1.1818759441375732,1.9622028048615903e-05
dgv264dt,expfm_2g,explicit,42,0,810024960,1997.61669921875,446.48828125,0.0002042744599748,1.164583444595337,9.117031368077733e-06
dgv264dt,expfm_2g,explicit,42,0,820019200,2001.0120849609373,446.837890625,0.0003437850973568,1.1551811695098877,0.0
dgv264dt,expfm_2g,explicit,42,0,830013440,1976.908447265625,444.6123046875,0.0003903055912815,1.1667416095733645,6.040403968654573e-05
dgv264dt,expfm_2g,explicit,42,0,840007680,1996.0753173828125,445.5634765625,7.495231693610549e-05,1.150309920310974,5.825821790494956e-05
dgv264dt,expfm_2g,explicit,42,0,850001920,1991.692138671875,446.421875,0.0020510286558419,1.16878080368042,1.0769470463856123e-05
dgv264dt,expfm_2g,explicit,42,0,860078080,1998.6597900390625,446.6748046875,0.0024664965458214,1.1600443124771118,3.643890067905886e-06
dgv264dt,expfm_2g,explicit,42,0,870072320,1998.600341796875,446.3115234375,0.0006415779353119,1.1575431823730469,1.3113801287545355e-05
dgv264dt,expfm_2g,explicit,42,0,880066560,1983.054443359375,446.138671875,0.0059487172402441,1.1726064682006836,2.383508763159625e-05
dgv264dt,expfm_2g,explicit,42,0,890060800,1993.822509765625,446.1650390625,0.0002299331972608,1.152317762374878,1.4654674487246666e-05
dgv264dt,expfm_2g,explicit,42,0,900055040,1993.982421875,445.3916015625,0.0007874814327806,1.164973258972168,3.945122080040164e-05
dgv264dt,expfm_2g,explicit,42,0,910049280,1992.14599609375,446.220703125,0.0005952476058155,1.1596423387527466,1.5083509424584918e-05
dgv264dt,expfm_2g,explicit,42,0,920043520,1989.6650390625,445.7607421875,0.0001709376520011,1.170339822769165,2.643916377564892e-05
dgv264dt,expfm_2g,explicit,42,0,930037760,1999.418212890625,446.5927734375,0.0011359420605003,1.167987823486328,5.7444854064669926e-06
dgv264dt,expfm_2g,explicit,42,0,940032000,1990.88623046875,444.7001953125,0.0001536901690997,1.1621360778808594,6.026984192430973e-05
dgv264dt,expfm_2g,explicit,42,0,950026240,1995.8505859375,446.826171875,0.0004914687597192,1.1622207164764404,2.255340632473235e-06
dgv264dt,expfm_2g,explicit,42,0,960020480,2001.894287109375,446.4013671875,0.0011953979264944,1.146142601966858,2.048375790764112e-05
dgv264dt,expfm_2g,explicit,42,0,970014720,1997.4476318359373,445.8388671875,0.0003984012582805,1.15245258808136,2.4548397050239142e-05
dgv264dt,expfm_2g,explicit,42,0,980008960,2002.06787109375,446.3828125,0.0002007973380386,1.136879801750183,1.8000888303504325e-05
dgv264dt,expfm_2g,explicit,42,0,990003200,2002.7816162109373,446.6064453125,0.0001928942656377,1.1462297439575195,5.960097951174248e-06
dgv264dt,expfm_2g,explicit,42,0,1000079360,1999.418701171875,446.083984375,0.0014618991408497,1.1515722274780271,3.142889909213409e-05
dgv264dt,expfm_2g,explicit,42,0,1010073600,2006.90283203125,446.60546875,0.0021049892529845,1.1409168243408203,6.613357527385233e-06
dgv264dt,expfm_2g,explicit,42,0,1020067840,2004.6912841796875,446.0458984375,0.0009381921263411,1.1415810585021973,1.604861972737126e-05
dgv264dt,expfm_2g,explicit,42,0,1030062080,2008.047607421875,446.5986328125,0.0001584832352818,1.1306161880493164,8.283776878670324e-06
dgv264dt,expfm_2g,explicit,42,0,1040056320,2006.330810546875,446.837890625,0.0037342621944844,1.1456623077392578,0.0
dgv264dt,expfm_2g,explicit,42,0,1050050560,2006.665283203125,446.8349609375,9.467214840697125e-05,1.1475489139556885,2.026063384619192e-06
dgv264dt,expfm_2g,explicit,42,0,1060044800,2002.4083251953125,446.5224609375,0.0010845437645912,1.138141632080078,8.95063658390427e-06
dgv264dt,expfm_2g,explicit,42,0,1070039040,1994.6256103515625,446.8349609375,0.0015265116235241,1.159792423248291,2.160536496376153e-06
dgv264dt,expfm_2g,explicit,42,0,1080033280,2002.27294921875,445.4580078125,0.0013454223517328,1.1504645347595217,4.3166994146304205e-05
dgv264dt,expfm_2g,explicit,42,0,1090027520,2007.259521484375,446.140625,0.0002220642199972,1.1362876892089844,2.218551526311785e-05
dgv264dt,expfm_2g,explicit,42,0,1100021760,2002.1435546875,445.83984375,0.0004432600107975,1.144181489944458,2.7881073037860915e-05
dgv264dt,expfm_2g,explicit,42,0,1110016000,2004.1053466796875,446.408203125,0.0013625815045088,1.144465446472168,1.3193515769671649e-05
dgv264dt,expfm_2g,explicit,42,0,1120010240,2007.487548828125,446.83203125,0.0009263143874704,1.1276907920837402,4.544142029772047e-06
dgv264dt,expfm_2g,explicit,42,0,1130004480,2010.7159423828125,446.484375,0.0001793732080841,1.1313670873641968,2.3818596673663706e-05
dgv264dt,expfm_2g,explicit,42,0,1140080640,2000.2598876953125,446.1796875,0.0001469923445256,1.144346833229065,1.4751689377590084e-05
dgv264dt,expfm_2g,explicit,42,0,1150074880,1999.078857421875,445.2373046875,0.0008498475071974,1.1345162391662598,5.219800368649885e-05
dgv264dt,expfm_2g,explicit,42,0,1160069120,2005.064697265625,446.837890625,0.0001460759085603,1.1504757404327393,0.0
dgv264dt,expfm_2g,explicit,42,0,1170063360,2005.705810546875,446.833984375,0.0006365529261529,1.145252704620361,2.2449712560046464e-06
dgv264dt,expfm_2g,explicit,42,0,1180057600,2003.90576171875,446.224609375,0.0001231942442245,1.1464816331863403,3.352671046741307e-05
dgv264dt,expfm_2g,explicit,42,0,1190051840,2010.89990234375,446.384765625,0.0007717499393038,1.1239564418792725,1.0690650015021674e-05
dgv264dt,expfm_2g,explicit,42,0,1200046080,2007.662841796875,446.556640625,0.0002805984113365,1.1325985193252563,6.602604116778821e-06
dgv264dt,expfm_2g,explicit,42,0,1210040320,2008.57666015625,446.39453125,9.81710181804374e-05,1.1376005411148071,1.0077215847559272e-05
dgv264dt,expfm_2g,explicit,42,0,1220034560,1991.62060546875,446.037109375,8.719258767087013e-05,1.1385750770568848,1.4514634131046478e-05
dgv264dt,expfm_2g,explicit,42,0,1230028800,2007.055908203125,445.830078125,0.0002007435832638,1.1395448446273804,3.6769186408491805e-05
dgv264dt,expfm_2g,explicit,42,0,1240023040,2010.5567626953125,446.5732421875,0.0001356169814243,1.136878490447998,6.598394975299016e-06
dgv264dt,expfm_2g,explicit,42,0,1250017280,1994.5166015625,446.484375,0.0002165194164263,1.1542398929595947,2.3818596673663706e-05
dgv264dt,expfm_2g,explicit,42,0,1260011520,2010.710693359375,446.7529296875,8.057568629737943e-05,1.1330924034118652,9.38227185542928e-06
dgv264dt,expfm_2g,explicit,42,0,1270005760,1994.938720703125,446.06640625,0.0019191917963325,1.1521190404891968,4.761904710903764e-05
dgv264dt,expfm_2g,explicit,42,0,1280000000,2008.8125,446.744140625,0.0001893680455395,1.1303389072418213,3.120007932011504e-06
dgv264dt,expfm_2g,explicit,42,0,1290076160,2001.812744140625,445.47265625,0.0002503357536625,1.142676591873169,5.082873394712806e-05
dgv264dt,expfm_2g,explicit,42,0,1300070400,1989.651611328125,446.2509765625,0.0005584616446867,1.1359176635742188,2.6058463845402e-05
dgv264dt,expfm_2g,explicit,42,0,1310064640,1997.619873046875,444.4755859375,0.0002864982525352,1.130076885223389,5.646209319820628e-05
dgv264dt,expfm_2g,explicit,42,0,1320058880,2001.542236328125,446.8173828125,0.0001069795762305,1.1329751014709473,2.4053263132373104e-06
dgv264dt,expfm_2g,explicit,42,0,1330053120,2010.2794189453125,446.1494140625,0.0001064565149135,1.1215386390686035,1.7874266632134095e-05
dgv264dt,expfm_2g,explicit,42,0,1340047360,2006.3212890625,445.8125,0.0006707684369757,1.1261026859283447,2.9334585633478127e-05
dgv264dt,expfm_2g,explicit,42,0,1350041600,2001.7169189453125,445.3310546875,0.0001213198265759,1.1382290124893188,3.2289448427036405e-05
dgv264dt,expfm_2g,explicit,42,0,1360035840,1997.1422119140625,445.2314453125,0.0039661498740315,1.1346068382263184,3.956640648539178e-05
dgv264dt,expfm_2g,explicit,42,0,1370030080,2016.35595703125,446.837890625,0.0001080208458006,1.1326277256011963,0.0
dgv264dt,expfm_2g,explicit,42,0,1380024320,1946.24658203125,439.3603515625,0.0120620559900999,1.153740167617798,0.00018874759553
dgv264dt,expfm_2g,explicit,42,0,1390018560,2013.92822265625,446.5087890625,0.0002174133842345,1.134687900543213,7.287780135811772e-06
dgv264dt,expfm_2g,explicit,42,0,1400012800,2009.088134765625,446.4765625,0.0002060825063381,1.136485576629639,1.0639772881404497e-05
dgv264dt,expfm_2g,explicit,42,0,1410007040,2013.6875,446.4990234375,0.0008015193743631,1.136303186416626,8.294172403111588e-06
dgv264dt,expfm_2g,explicit,42,0,1420001280,2015.7474365234373,446.671875,0.0002045741857727,1.1188511848449707,3.0806388622295344e-06
dgv264dt,expfm_2g,explicit,42,0,1430077440,2003.7962646484373,445.8603515625,0.0001986521092476,1.1415202617645264,3.184105662512593e-05
dgv264dt,expfm_2g,explicit,42,0,1440071680,2008.38623046875,446.822265625,0.0004840416368097,1.1268060207366943,2.3418765522364997e-06
dgv264dt,expfm_2g,explicit,42,0,1450065920,2010.087646484375,446.3486328125,0.0001170353643829,1.1199729442596436,1.4487810403807089e-05
dgv264dt,expfm_2g,explicit,42,0,1460060160,2012.3831787109373,445.9912109375,0.000142328790389,1.123104214668274,5.113574297865853e-05
dgv264dt,expfm_2g,explicit,42,0,1470054400,1999.0611572265625,445.892578125,0.0035336376167833,1.139368772506714,4.195806468487717e-05
dgv264dt,expfm_2g,explicit,42,0,1480048640,2007.6749267578125,445.4033203125,0.0001360268215648,1.1189650297164917,4.1090635932050645e-05
dgv264dt,expfm_2g,explicit,42,0,1490042880,2007.587158203125,446.4501953125,9.591497655492276e-05,1.1305893659591677,9.434665116714314e-06
dgv264dt,expfm_2g,explicit,42,0,1500037120,2013.7791748046875,446.4697265625,0.0002693385758902,1.116546392440796,9.44072235142812e-06
dgv264dt,expfm_2g,explicit,42,0,1510031360,2002.9774169921875,446.0185546875,0.0001242606231244,1.149484634399414,1.80346305569401e-05
dgv264dt,expfm_2g,explicit,42,0,1520025600,2017.0361328125,446.4892578125,0.0005675888387486,1.112374186515808,7.398200523311971e-06
dgv264dt,expfm_2g,explicit,42,0,1530019840,2016.513427734375,446.734375,0.0001689104537945,1.1205148696899414,5.040072210249491e-06
dgv264dt,expfm_2g,explicit,42,0,1540014080,2016.294189453125,446.470703125,0.0004001584893558,1.1266701221466064,3.616898175096139e-05
dgv264dt,expfm_2g,explicit,42,0,1550008320,2015.8873291015625,446.2294921875,0.0001191034025396,1.122427225112915,4.309787982492708e-05
dgv264dt,expfm_2g,explicit,42,0,1560002560,2013.586669921875,446.33984375,0.0001122175744967,1.1278326511383057,2.544130984460935e-05
dgv264dt,expfm_2g,explicit,42,0,1570078720,2012.6221923828125,446.837890625,0.0002877695660572,1.1242377758026123,0.0
dgv264dt,expfm_2g,explicit,42,0,1580072960,2011.767822265625,446.0859375,0.0007395320571959,1.1203770637512207,4.370670285425149e-05
dgv264dt,expfm_2g,explicit,42,0,1590067200,2017.0728759765625,446.662109375,0.0006301285466179,1.1147340536117554,3.180985459039221e-06
dgv264dt,expfm_2g,explicit,42,0,1600061440,2014.902099609375,446.798828125,0.0001193685093312,1.1176743507385254,2.3418765522364997e-06
dgv264dt,expfm_2g,explicit,42,0,1610055680,1989.7916259765625,444.703125,0.0022430759854614,1.1649240255355835,5.164757021702826e-05
dgv264dt,expfm_2g,explicit,42,0,1620049920,2014.943115234375,446.466796875,0.0001267515035578,1.1235369443893433,4.245923992129974e-05
dgv264dt,expfm_2g,explicit,42,0,1630044160,2014.8170166015625,446.75,0.0014669055817648,1.128403663635254,4.792714207724202e-06
dgv264dt,expfm_2g,explicit,42,0,1640038400,2013.35693359375,446.484375,0.0001998417137656,1.1211402416229248,2.3818596673663706e-05
dgv264dt,expfm_2g,explicit,42,0,1650032640,1990.6865234375,445.9345703125,0.0020449045114219,1.164541721343994,2.1000285414629616e-05
dgv264dt,expfm_2g,explicit,42,0,1660026880,2018.7315673828125,446.837890625,0.000502334209159,1.113916039466858,0.0
dgv264dt,expfm_2g,explicit,42,0,1670021120,2018.6851806640625,446.837890625,0.0007737624691799,1.117050290107727,0.0
dgv264dt,expfm_2g,explicit,42,0,1680015360,2015.4398193359373,446.66796875,0.0002111614739987,1.1277952194213867,5.95604615227785e-06
dgv264dt,expfm_2g,explicit,42,0,1690009600,2015.88037109375,446.2353515625,0.0001118554137065,1.1171813011169434,1.3010329894314054e-05
dgv264dt,expfm_2g,explicit,42,0,1700003840,2009.233154296875,445.5615234375,0.0064131491817533,1.125817060470581,5.886835788260214e-05
dgv264dt,expfm_2g,explicit,42,0,1710080000,2016.932373046875,446.837890625,0.0047236885875463,1.128678560256958,0.0
dgv264dt,expfm_2g,explicit,42,0,1720074240,2022.7109375,446.837890625,0.0003169316914863,1.1093463897705078,0.0
dgv264dt,expfm_2g,explicit,42,0,1730068480,2015.3929443359373,446.20703125,0.0001223771687364,1.1165226697921753,1.9466757294139825e-05
dgv264dt,expfm_2g,explicit,42,0,1740062720,2016.6824951171875,446.4951171875,0.0001971153542399,1.1121971607208252,1.3177361324778758e-05
dgv264dt,expfm_2g,explicit,42,0,1750056960,2022.269287109375,446.716796875,0.000487336772494,1.1183137893676758,3.120007932011504e-06
dgv264dt,expfm_2g,explicit,42,0,1760051200,2011.536376953125,446.48046875,0.0003284885606262,1.1097928285598757,8.807382073428016e-06
dgv264dt,expfm_2g,explicit,42,0,1770045440,2008.02734375,446.5,0.0019742420408874,1.116804122924805,1.3887296518078074e-05
dgv264dt,expfm_2g,explicit,42,0,1780039680,2011.21240234375,445.9609375,0.0016183814732357,1.124792218208313,1.7085647414205596e-05
dgv264dt,expfm_2g,explicit,42,0,1790033920,2019.4552001953125,446.3974609375,0.0001186954905278,1.1186342239379885,3.637225381680764e-05
dgv264dt,expfm_2g,explicit,42,0,1800028160,2021.81640625,446.61328125,0.0001806640066206,1.1074000597000122,6.034131729393266e-06
dgv264dt,expfm_2g,explicit,42,0,1810022400,2012.5177001953125,446.40234375,0.0001577042858116,1.1250613927841189,1.684908966126386e-05
dgv264dt,expfm_2g,explicit,42,0,1820016640,2014.5733642578125,446.1181640625,0.0001789077796274,1.1205365657806396,2.1482135707628917e-05
dgv264dt,expfm_2g,explicit,42,0,1830010880,2017.088134765625,446.236328125,0.0005595783004537,1.121003270149231,1.5076086128829049e-05
dgv264dt,expfm_2g,explicit,42,0,1840005120,2019.267333984375,446.513671875,9.84551734291017e-05,1.1212050914764404,8.797860573395155e-06
dgv264dt,expfm_2g,explicit,42,0,1850081280,2014.4375,446.265625,0.0001017454487737,1.1170575618743896,1.892189175123349e-05
dgv264dt,expfm_2g,explicit,42,0,1860075520,2019.199951171875,446.3203125,0.0003282463003415,1.1148898601531982,1.1216315215278884e-05
dgv264dt,expfm_2g,explicit,42,0,1870069760,2023.214599609375,446.837890625,0.0003026951453648,1.101459264755249,0.0
dgv264dt,expfm_2g,explicit,42,0,1880064000,2011.48095703125,446.2421875,0.0001427537645213,1.1027162075042725,3.0893868824932724e-05
dgv264dt,expfm_2g,explicit,42,0,1890058240,2013.962646484375,446.837890625,0.0001701598230283,1.1257245540618896,0.0
dgv264dt,expfm_2g,explicit,42,0,1900052480,2022.150634765625,446.837890625,0.0006439984426833,1.1096850633621216,0.0
dgv264dt,expfm_2g,explicit,42,0,1910046720,2011.865478515625,446.283203125,0.0004136481438763,1.120675563812256,1.3454618965624832e-05
dgv264dt,expfm_2g,explicit,42,0,1920040960,2021.4603271484373,446.8251953125,0.0002916677040047,1.117324709892273,2.199465143348789e-06
dgv264dt,expfm_2g,explicit,42,0,1930035200,2008.1995849609373,445.7685546875,0.0027095396071672,1.121325969696045,4.424142389325425e-05
dgv264dt,expfm_2g,explicit,42,0,1940029440,2021.001708984375,446.6474609375,0.0002762782969512,1.1056585311889648,4.398930286697578e-06
dgv264dt,expfm_2g,explicit,42,0,1950023680,2000.984619140625,446.099609375,0.0007152509060688,1.1420916318893433,4.579741289489903e-05
dgv264dt,expfm_2g,explicit,42,0,1960017920,2024.326416015625,446.2998046875,0.0002615106932353,1.098305583000183,1.3164207302907016e-05
dgv264dt,expfm_2g,explicit,42,0,1970012160,2019.1903076171875,446.837890625,0.0012026244075968,1.1167296171188354,0.0
dgv264dt,expfm_2g,explicit,42,0,1980006400,2021.8251953125,446.837890625,0.0004166428698226,1.0915108919143677,0.0
dgv264dt,expfm_2g,explicit,42,0,1990000640,2020.0814208984373,446.5087890625,0.0001190194743685,1.1071083545684814,1.4796401046623942e-05
dgv264dt,expfm_2g,explicit,42,0,2000076800,2012.692138671875,446.482421875,0.0001651008351473,1.119375467300415,1.0160022611671591e-05
itedqjyt,expfm_2g,explicit,42,10,10076160,537.0182495117188,208.9541015625,0.0601749382913112,2.53367280960083,0.0122277168557047
itedqjyt,expfm_2g,explicit,42,10,20070400,631.9976806640625,230.0224609375,0.0523001924157142,2.408850908279419,0.0095653953030705
itedqjyt,expfm_2g,explicit,42,10,30064640,724.2589721679688,245.681640625,0.0487966760993003,2.285783290863037,0.0081537319347262
itedqjyt,expfm_2g,explicit,42,10,40058880,781.3024291992188,258.6376953125,0.0439726300537586,2.120647430419922,0.0073603838682174
itedqjyt,expfm_2g,explicit,42,10,50053120,849.343017578125,267.6962890625,0.0395898409187793,1.9802086353302,0.0063932966440916
itedqjyt,expfm_2g,explicit,42,10,60047360,884.8746948242188,276.2919921875,0.0375894233584404,1.988421440124512,0.0058491276577115
itedqjyt,expfm_2g,explicit,42,10,70041600,911.4309692382812,273.9697265625,0.0400570482015609,1.796330451965332,0.0059055183082818
itedqjyt,expfm_2g,explicit,42,10,80035840,936.790283203125,277.205078125,0.0373840555548667,1.768174409866333,0.0058743222616612
itedqjyt,expfm_2g,explicit,42,10,90030080,935.35498046875,274.74609375,0.0378079153597354,1.70982027053833,0.005808790680021
itedqjyt,expfm_2g,explicit,42,10,100024320,985.526611328125,289.8759765625,0.0355002284049987,1.7111902236938477,0.0049403179436922
itedqjyt,expfm_2g,explicit,42,10,110018560,1019.7987670898438,296.0634765625,0.0410539656877517,1.7115778923034668,0.0047179572284221
itedqjyt,expfm_2g,explicit,42,10,120012800,1040.7637939453125,302.7822265625,0.0396518260240554,1.716665506362915,0.0045240786857903
itedqjyt,expfm_2g,explicit,42,10,130007040,1105.34619140625,318.798828125,0.0441852062940597,1.759294033050537,0.0040249899029731
itedqjyt,expfm_2g,explicit,42,10,140001280,1181.2315673828125,332.0126953125,0.0400169119238853,1.6572275161743164,0.0037857228890061
itedqjyt,expfm_2g,explicit,42,10,150077440,1213.0185546875,335.9169921875,0.0429022163152694,1.6689776182174685,0.0035919235087931
itedqjyt,expfm_2g,explicit,42,10,160071680,1254.02099609375,342.74609375,0.0417568497359752,1.6079630851745603,0.003286417806521
itedqjyt,expfm_2g,explicit,42,10,170065920,1327.36767578125,357.6884765625,0.0403166636824607,1.5707831382751465,0.0028479697648435
itedqjyt,expfm_2g,explicit,42,10,180060160,1363.3978271484375,366.4970703125,0.0366349257528781,1.5416786670684814,0.0025874837301671
itedqjyt,expfm_2g,explicit,42,10,190054400,1411.67919921875,373.123046875,0.0381148606538772,1.5486798286437988,0.002410331275314
itedqjyt,expfm_2g,explicit,42,10,200048640,1441.472412109375,373.6416015625,0.0372565574944019,1.4819623231887815,0.0024172139819711
itedqjyt,expfm_2g,explicit,42,10,210042880,1474.9818115234375,378.982421875,0.0347690284252166,1.463648557662964,0.0022190168965607
itedqjyt,expfm_2g,explicit,42,10,220037120,1491.0628662109375,380.40234375,0.03421575948596,1.4532928466796875,0.002201669383794
itedqjyt,expfm_2g,explicit,42,10,230031360,1538.90576171875,391.91015625,0.0306663811206817,1.450929880142212,0.0017613841919228
itedqjyt,expfm_2g,explicit,42,10,240025600,1537.41455078125,390.283203125,0.0310612469911575,1.494434833526611,0.0017992709763348
itedqjyt,expfm_2g,explicit,42,10,250019840,1575.23193359375,396.71484375,0.0306610092520713,1.4326164722442627,0.0016399060841649
itedqjyt,expfm_2g,explicit,42,10,260014080,1595.1834716796875,400.7119140625,0.0295097269117832,1.4571479558944702,0.0014839346986263
itedqjyt,expfm_2g,explicit,42,10,270008320,1557.31591796875,392.93359375,0.0318415835499763,1.4963819980621338,0.0017421040683984
itedqjyt,expfm_2g,explicit,42,10,280002560,1589.3623046875,394.7900390625,0.030581647530198,1.4364290237426758,0.0017171495128422
itedqjyt,expfm_2g,explicit,42,10,290078720,1628.151123046875,405.7958984375,0.0273721329867839,1.453282594680786,0.0012713067699223
itedqjyt,expfm_2g,explicit,42,10,300072960,1665.874755859375,412.1767578125,0.0271838940680027,1.4414507150650024,0.0012013523373752
itedqjyt,expfm_2g,explicit,42,10,310067200,1627.879638671875,406.138671875,0.0274856034666299,1.4547760486602783,0.0014053471386432
itedqjyt,expfm_2g,explicit,42,10,320061440,1659.67724609375,409.73828125,0.0289393663406372,1.4200600385665894,0.0012271347222849
itedqjyt,expfm_2g,explicit,42,10,330055680,1673.1488037109375,412.025390625,0.026694968342781,1.421986103057861,0.0011418156791478
itedqjyt,expfm_2g,explicit,42,10,340049920,1647.24072265625,407.3291015625,0.0284026451408863,1.4498043060302734,0.0012671549338847
itedqjyt,expfm_2g,explicit,42,10,350044160,1717.21826171875,420.7373046875,0.0254081543534994,1.4198368787765503,0.0008078537648543
itedqjyt,expfm_2g,explicit,42,10,360038400,1684.843994140625,411.3125,0.0269061289727687,1.4242172241210938,0.0013208962045609
itedqjyt,expfm_2g,explicit,42,10,370032640,1680.373779296875,407.48046875,0.0265682060271501,1.404574632644653,0.0012907516211271
itedqjyt,expfm_2g,explicit,42,10,380026880,1722.87255859375,420.677734375,0.0253952369093894,1.4023115634918213,0.0008629572694189
itedqjyt,expfm_2g,explicit,42,10,390021120,1701.7794189453125,412.8564453125,0.0257098898291587,1.4219727516174316,0.0010744566097855
itedqjyt,expfm_2g,explicit,42,10,400015360,1648.455810546875,402.494140625,0.0288460999727249,1.411518096923828,0.0013310034992173
itedqjyt,expfm_2g,explicit,42,10,410009600,1756.5126953125,425.0537109375,0.0229872353374958,1.3839439153671265,0.0006525028729811
itedqjyt,expfm_2g,explicit,42,10,420003840,1694.866943359375,411.248046875,0.0332429856061935,1.4288780689239502,0.0010763047030195
itedqjyt,expfm_2g,explicit,42,10,430080000,1688.34814453125,409.669921875,0.0265944860875606,1.438786864280701,0.0011295764707028
itedqjyt,expfm_2g,explicit,42,10,440074240,1738.80126953125,420.0654296875,0.0232375375926494,1.4019734859466553,0.0008350386633537
itedqjyt,expfm_2g,explicit,42,10,450068480,1740.1212158203125,418.431640625,0.0236258283257484,1.385655164718628,0.0009874268434941
itedqjyt,expfm_2g,explicit,42,10,460062720,1769.9627685546875,427.5439453125,0.0215416327118873,1.3777670860290527,0.0005600647418759
itedqjyt,expfm_2g,explicit,42,10,470056960,1750.578857421875,421.712890625,0.0231174584478139,1.3993911743164062,0.0008474555797874
itedqjyt,expfm_2g,explicit,42,10,480051200,1734.8076171875,418.22265625,0.0227109957486391,1.376561164855957,0.0008377389749512
itedqjyt,expfm_2g,explicit,42,10,490045440,1762.197509765625,424.904296875,0.0221196822822093,1.382182478904724,0.0007063432130962
itedqjyt,expfm_2g,explicit,42,10,500039680,1768.406494140625,423.904296875,0.0297359675168991,1.3739819526672363,0.0007207972230389
itedqjyt,expfm_2g,explicit,42,10,510033920,1760.236083984375,423.5615234375,0.0231672637164592,1.4120748043060305,0.0006937583675608
itedqjyt,expfm_2g,explicit,42,10,520028160,1772.827880859375,423.98828125,0.0237221457064151,1.3730617761611938,0.0007167703006416
itedqjyt,expfm_2g,explicit,42,10,530022400,1756.0245361328125,422.1240234375,0.0267079062759876,1.3990590572357178,0.0007969222497195
itedqjyt,expfm_2g,explicit,42,10,540016640,1790.534423828125,429.962890625,0.0201066173613071,1.3632303476333618,0.0005269385874271
itedqjyt,expfm_2g,explicit,42,10,550010880,1756.85302734375,418.740234375,0.0220491904765367,1.3546653985977173,0.0008397072087973
itedqjyt,expfm_2g,explicit,42,10,560005120,1799.74560546875,430.111328125,0.021306263282895,1.3616774082183838,0.000538324820809
itedqjyt,expfm_2g,explicit,42,10,570081280,1767.4515380859375,422.794921875,0.0220675133168697,1.3895971775054932,0.0007514695171266
itedqjyt,expfm_2g,explicit,42,10,580075520,1776.6483154296875,422.4814453125,0.02959406375885,1.361104965209961,0.0008098121616058
itedqjyt,expfm_2g,explicit,42,10,590069760,1770.852783203125,424.80859375,0.0222111921757459,1.403656244277954,0.0006998652825132
itedqjyt,expfm_2g,explicit,42,10,600064000,1777.04150390625,423.5400390625,0.0219043996185064,1.3677034378051758,0.0007094517932273
itedqjyt,expfm_2g,explicit,42,10,610058240,1792.677001953125,426.4091796875,0.0210148300975561,1.3683189153671265,0.000631497008726
itedqjyt,expfm_2g,explicit,42,10,620052480,1802.7308349609373,426.958984375,0.020576000213623,1.352107286453247,0.0005756068276241
itedqjyt,expfm_2g,explicit,42,10,630046720,1764.99609375,422.4111328125,0.0243757665157318,1.3655189275741575,0.0007613151101395
itedqjyt,expfm_2g,explicit,42,10,640040960,1795.9891357421875,426.3125,0.0209631342440843,1.359478235244751,0.0006202767253853
itedqjyt,expfm_2g,explicit,42,10,650035200,1787.38720703125,425.173828125,0.0209679752588272,1.366072654724121,0.0006737222429364
itedqjyt,expfm_2g,explicit,42,10,660029440,1833.212890625,432.833984375,0.0192728266119956,1.3413523435592651,0.000481105671497
itedqjyt,expfm_2g,explicit,42,10,670023680,1809.9930419921875,428.998046875,0.0196800269186496,1.3513387441635132,0.0005406515556387
itedqjyt,expfm_2g,explicit,42,10,680017920,1811.273681640625,429.36328125,0.0231493450701236,1.3131132125854492,0.0005548612680286
itedqjyt,expfm_2g,explicit,42,10,690012160,1818.750244140625,431.3935546875,0.0214408431202173,1.3377890586853027,0.0004663100698962
itedqjyt,expfm_2g,explicit,42,10,700006400,1815.3704833984373,430.37109375,0.019618472084403,1.3248708248138428,0.0005046947626397
itedqjyt,expfm_2g,explicit,42,10,710000640,1843.8701171875,436.3369140625,0.0244533531367778,1.34634268283844,0.0003310709143988
itedqjyt,expfm_2g,explicit,42,10,720076800,1827.2265625,431.34375,0.019561169669032,1.3178462982177734,0.0004398007877171
itedqjyt,expfm_2g,explicit,42,10,730071040,1794.445068359375,426.255859375,0.0224785227328538,1.3525787591934204,0.000613410375081
itedqjyt,expfm_2g,explicit,42,10,740065280,1831.7025146484373,433.7666015625,0.0195216573774814,1.345331788063049,0.0003906833590008
itedqjyt,expfm_2g,explicit,42,10,750059520,1835.0374755859373,433.068359375,0.0194541458040475,1.3296653032302856,0.0004088967980351
itedqjyt,expfm_2g,explicit,42,10,760053760,1848.677978515625,436.638671875,0.0183578375726938,1.3287556171417236,0.0002837780339177
itedqjyt,expfm_2g,explicit,42,10,770048000,1821.7960205078125,430.515625,0.0206421539187431,1.3524136543273926,0.0004968320718035
itedqjyt,expfm_2g,explicit,42,10,780042240,1830.0634765625,432.7666015625,0.0199257433414459,1.3384302854537964,0.0004198490642011
itedqjyt,expfm_2g,explicit,42,10,790036480,1831.38232421875,433.1982421875,0.0208078771829605,1.350325107574463,0.0004707464249804
itedqjyt,expfm_2g,explicit,42,10,800030720,1829.15966796875,431.509765625,0.0198061279952526,1.339444875717163,0.0004340434679761
itedqjyt,expfm_2g,explicit,42,10,810024960,1839.8333740234373,433.8212890625,0.0195642374455928,1.3082737922668457,0.0003839394485112
itedqjyt,expfm_2g,explicit,42,10,820019200,1867.60107421875,438.0087890625,0.0185494348406791,1.3175066709518433,0.0002637269790284
itedqjyt,expfm_2g,explicit,42,10,830013440,1836.040771484375,432.1806640625,0.019382132217288,1.3202338218688965,0.0004519541398622
itedqjyt,expfm_2g,explicit,42,10,840007680,1861.93701171875,436.87890625,0.0187166519463062,1.297287940979004,0.0003827540203928
itedqjyt,expfm_2g,explicit,42,10,850001920,1826.296630859375,432.580078125,0.0215324889868497,1.3558331727981567,0.0004295143007766
itedqjyt,expfm_2g,explicit,42,10,860078080,1844.0703125,433.9287109375,0.0200804490596056,1.337127685546875,0.0004268686170689
itedqjyt,expfm_2g,explicit,42,10,870072320,1853.1513671875,435.55859375,0.0208199378103017,1.318037748336792,0.0003112500417046
itedqjyt,expfm_2g,explicit,42,10,880066560,1881.938232421875,440.7421875,0.0186758562922477,1.309777021408081,0.0002147925843019
itedqjyt,expfm_2g,explicit,42,10,890060800,1859.3203125,436.8623046875,0.0194575116038322,1.3153674602508545,0.0003555174043867
itedqjyt,expfm_2g,explicit,42,10,900055040,1869.481201171875,438.568359375,0.0182040072977542,1.319916605949402,0.0002534193336032
itedqjyt,expfm_2g,explicit,42,10,910049280,1867.808349609375,438.255859375,0.0184376202523708,1.3287813663482666,0.0002555404207669
itedqjyt,expfm_2g,explicit,42,10,920043520,1845.02001953125,433.9931640625,0.0187254548072814,1.3388315439224243,0.000373282644432
itedqjyt,expfm_2g,explicit,42,10,930037760,1798.2725830078125,426.5361328125,0.0240007229149341,1.3530311584472656,0.0005901952390559
itedqjyt,expfm_2g,explicit,42,10,940032000,1837.540283203125,434.193359375,0.0202815029770135,1.359360933303833,0.0003820641431957
itedqjyt,expfm_2g,explicit,42,10,950026240,1860.771484375,436.03515625,0.018701285123825,1.3177213668823242,0.0003506823559291
itedqjyt,expfm_2g,explicit,42,10,960020480,1867.5556640625,438.376953125,0.0179713293910026,1.291273832321167,0.0002958626137115
itedqjyt,expfm_2g,explicit,42,10,970014720,1858.885009765625,435.640625,0.019564650952816,1.3097325563430786,0.0003749824827536
itedqjyt,expfm_2g,explicit,42,10,980008960,1864.7105712890625,436.58203125,0.01901550963521,1.3142895698547363,0.0003450758522376
itedqjyt,expfm_2g,explicit,42,10,990003200,1860.41748046875,436.3828125,0.0192957073450088,1.309410572052002,0.0003497212601359
itedqjyt,expfm_2g,explicit,42,10,1000079360,1871.732666015625,436.9521484375,0.0178590547293424,1.3050274848937988,0.0003088901285082
itedqjyt,expfm_2g,explicit,42,10,1010073600,1885.5394287109373,439.681640625,0.019669059664011,1.3093538284301758,0.0002363107341807
itedqjyt,expfm_2g,explicit,42,10,1020067840,1867.297119140625,436.8671875,0.0189297273755073,1.30938458442688,0.0002755076275207
itedqjyt,expfm_2g,explicit,42,10,1030062080,1873.19482421875,437.068359375,0.0182758867740631,1.323913335800171,0.0003332941851112
itedqjyt,expfm_2g,explicit,42,10,1040056320,1863.969970703125,435.826171875,0.0185636579990386,1.314326286315918,0.0003700743545778
itedqjyt,expfm_2g,explicit,42,10,1050050560,1834.3721923828125,429.8681640625,0.0272231586277484,1.303013801574707,0.0005567137268371
itedqjyt,expfm_2g,explicit,42,10,1060044800,1864.2828369140625,436.255859375,0.0186574645340442,1.3012765645980835,0.0003832636284641
itedqjyt,expfm_2g,explicit,42,10,1070039040,1869.995849609375,436.380859375,0.0188340600579977,1.3115134239196775,0.0003486939822323
itedqjyt,expfm_2g,explicit,42,10,1080033280,1864.64404296875,435.26171875,0.0198378730565309,1.3329973220825195,0.000398556352593
itedqjyt,expfm_2g,explicit,42,10,1090027520,1879.3271484375,439.0654296875,0.0179219841957092,1.2961704730987549,0.0002463965211063
itedqjyt,expfm_2g,explicit,42,10,1100021760,1864.791259765625,436.4306640625,0.0184128396213054,1.3026034832000732,0.0003543869243003
itedqjyt,expfm_2g,explicit,42,10,1110016000,1888.908935546875,441.0419921875,0.0170553959906101,1.3035237789154053,0.0001902979565784
itedqjyt,expfm_2g,explicit,42,10,1120010240,1885.2877197265625,440.216796875,0.0191258136183023,1.3150968551635742,0.0002112331712851
itedqjyt,expfm_2g,explicit,42,10,1130004480,1891.061767578125,441.0458984375,0.0177560653537511,1.2979398965835571,0.0002296711027156
itedqjyt,expfm_2g,explicit,42,10,1140080640,1879.718017578125,438.0830078125,0.01932805031538,1.2847844362258911,0.0002454217756167
itedqjyt,expfm_2g,explicit,42,10,1150074880,1823.188720703125,429.107421875,0.0298731550574302,1.31450092792511,0.0004881143395323
itedqjyt,expfm_2g,explicit,42,10,1160069120,1872.76904296875,437.7890625,0.0191308017820119,1.3014411926269531,0.0002531851350795
itedqjyt,expfm_2g,explicit,42,10,1170063360,1854.234375,432.822265625,0.0184312127530574,1.3103668689727783,0.0004071302828378
itedqjyt,expfm_2g,explicit,42,10,1180057600,1879.462646484375,439.1279296875,0.0176644474267959,1.2822630405426023,0.0002097450196743
itedqjyt,expfm_2g,explicit,42,10,1190051840,1880.94189453125,438.0712890625,0.0185047909617424,1.2905561923980713,0.0002302826178492
itedqjyt,expfm_2g,explicit,42,10,1200046080,1884.008056640625,440.3232421875,0.0189233236014843,1.3080836534500122,0.0002080551785184
itedqjyt,expfm_2g,explicit,42,10,1210040320,1837.004150390625,431.5615234375,0.0514799878001213,1.3133723735809326,0.0004715113900601
itedqjyt,expfm_2g,explicit,42,10,1220034560,1881.405029296875,438.8525390625,0.0178025066852569,1.293055772781372,0.0002789065183605
itedqjyt,expfm_2g,explicit,42,10,1230028800,1892.157470703125,440.5634765625,0.0176840927451849,1.2795264720916748,0.0001891596912173
itedqjyt,expfm_2g,explicit,42,10,1240023040,1868.864501953125,436.0185546875,0.0203829836100339,1.298081874847412,0.0003175549791194
itedqjyt,expfm_2g,explicit,42,10,1250017280,1892.162841796875,438.6220703125,0.017278678715229,1.272215723991394,0.0002662356127984
itedqjyt,expfm_2g,explicit,42,10,1260011520,1895.5565185546875,441.439453125,0.0171841792762279,1.277540683746338,0.0001953990140464
itedqjyt,expfm_2g,explicit,42,10,1270005760,1903.66162109375,442.2861328125,0.0174611750990152,1.2878477573394775,0.0001671304053161
itedqjyt,expfm_2g,explicit,42,10,1280000000,1904.4119873046875,442.0244140625,0.0168810039758682,1.297062635421753,0.0001471727300668
itedqjyt,expfm_2g,explicit,42,10,1290076160,1882.665771484375,437.7939453125,0.0180900301784276,1.2932140827178955,0.0002883150300476
itedqjyt,expfm_2g,explicit,42,10,1300070400,1880.117919921875,437.93359375,0.017154412344098,1.2887895107269287,0.0002374571340624
itedqjyt,expfm_2g,explicit,42,10,1310064640,1884.216064453125,437.984375,0.0176916141062974,1.289210557937622,0.0003279065422248
itedqjyt,expfm_2g,explicit,42,10,1320058880,1866.73193359375,435.2919921875,0.0177332609891891,1.2782037258148191,0.0003957562439609
itedqjyt,expfm_2g,explicit,42,10,1330053120,1864.7900390625,435.751953125,0.0242677275091409,1.3005388975143433,0.0003647989942692
itedqjyt,expfm_2g,explicit,42,10,1340047360,1904.9693603515625,442.6376953125,0.0168781746178865,1.2853049039840698,0.0001332756801275
itedqjyt,expfm_2g,explicit,42,10,1350041600,1891.027587890625,438.1748046875,0.0185278318822383,1.2958428859710691,0.0002894541248679
itedqjyt,expfm_2g,explicit,42,10,1360035840,1881.865234375,437.716796875,0.018364779651165,1.280661702156067,0.0002890310133807
itedqjyt,expfm_2g,explicit,42,10,1370030080,1898.364013671875,441.5,0.0194138903170824,1.2899887561798096,0.0001924237003549
itedqjyt,expfm_2g,explicit,42,10,1380024320,1886.052490234375,440.2470703125,0.0178524013608694,1.2991080284118652,0.0002264851791551
itedqjyt,expfm_2g,explicit,42,10,1390018560,1886.979248046875,438.26953125,0.0190467946231365,1.292986512184143,0.0002770389837678
itedqjyt,expfm_2g,explicit,42,10,1400012800,1898.381103515625,440.9306640625,0.0223495587706565,1.281585693359375,0.0001819263125071
itedqjyt,expfm_2g,explicit,42,10,1410007040,1858.871826171875,435.8310546875,0.0187688935548067,1.2949434518814087,0.0003243536339141
itedqjyt,expfm_2g,explicit,42,10,1420001280,1862.0045166015625,433.7265625,0.0182321649044752,1.2820775508880615,0.0004569195443764
itedqjyt,expfm_2g,explicit,42,10,1430077440,1860.6785888671875,434.6201171875,0.0245554987341165,1.3326544761657717,0.0003661591908894
itedqjyt,expfm_2g,explicit,42,10,1440071680,1851.938232421875,431.015625,0.0204378217458724,1.279879808425903,0.0004633826902136
itedqjyt,expfm_2g,explicit,42,10,1450065920,1882.287353515625,438.7861328125,0.0185524206608533,1.3119704723358154,0.0002840220695361
itedqjyt,expfm_2g,explicit,42,10,1460060160,1848.4256591796875,432.1494140625,0.022425215691328,1.2935055494308472,0.0004457199247553
itedqjyt,expfm_2g,explicit,42,10,1470054400,1893.1644287109373,438.603515625,0.0176586713641881,1.2989308834075928,0.0002390949230175
itedqjyt,expfm_2g,explicit,42,10,1480048640,1873.2705078125,436.36328125,0.0209512691944837,1.2899460792541504,0.0003683320828713
itedqjyt,expfm_2g,explicit,42,10,1490042880,1876.8857421875,435.2041015625,0.0180309321731328,1.2803438901901243,0.0004057388287037
itedqjyt,expfm_2g,explicit,42,10,1500037120,1895.62890625,439.8564453125,0.0179914683103561,1.2918250560760498,0.0002407912106718
itedqjyt,expfm_2g,explicit,42,10,1510031360,1893.850830078125,441.130859375,0.0170423127710819,1.302182912826538,0.0001649335899855
itedqjyt,expfm_2g,explicit,42,10,1520025600,1896.7388916015625,438.310546875,0.0183551497757434,1.279094934463501,0.0002812372986227
itedqjyt,expfm_2g,explicit,42,10,1530019840,1876.1883544921875,435.8125,0.0191113539040088,1.3167328834533691,0.0003802293213084
itedqjyt,expfm_2g,explicit,42,10,1540014080,1884.62109375,438.134765625,0.0182428136467933,1.2710239887237549,0.0002677442971616
itedqjyt,expfm_2g,explicit,42,10,1550008320,1886.639404296875,437.7255859375,0.0176430586725473,1.2799105644226074,0.000249689357588
itedqjyt,expfm_2g,explicit,42,10,1560002560,1870.87060546875,433.7373046875,0.0173615477979183,1.2820539474487305,0.0003970304969698
itedqjyt,expfm_2g,explicit,42,10,1570078720,1896.7413330078125,438.5390625,0.01650982350111,1.27377450466156,0.0002699192264117
itedqjyt,expfm_2g,explicit,42,10,1580072960,1905.603515625,441.876953125,0.0187885127961635,1.279932737350464,0.000174954009708
itedqjyt,expfm_2g,explicit,42,10,1590067200,1911.9412841796875,442.029296875,0.0167670622467994,1.2702237367630005,0.0001367265795124
itedqjyt,expfm_2g,explicit,42,10,1600061440,1897.6827392578125,440.0048828125,0.017167842015624,1.2744234800338743,0.0002310385316377
itedqjyt,expfm_2g,explicit,42,10,1610055680,1866.2568359375,434.7900390625,0.0196628849953413,1.299972653388977,0.0003620676579885
itedqjyt,expfm_2g,explicit,42,10,1620049920,1922.465087890625,444.26171875,0.0159214287996292,1.2704473733901978,7.90959456935525e-05
itedqjyt,expfm_2g,explicit,42,10,1630044160,1923.8284912109373,444.1953125,0.0165306869894266,1.2695941925048828,9.213827433995904e-05
itedqjyt,expfm_2g,explicit,42,10,1640038400,1906.319580078125,442.4609375,0.0201476588845253,1.2670472860336304,0.000141393917147
itedqjyt,expfm_2g,explicit,42,10,1650032640,1908.0013427734373,441.1611328125,0.0170046463608741,1.2865405082702637,0.0001980027154786
itedqjyt,expfm_2g,explicit,42,10,1660026880,1900.744384765625,440.0,0.0206320341676473,1.2750792503356934,0.0002191261737607
itedqjyt,expfm_2g,explicit,42,10,1670021120,1918.248291015625,442.15234375,0.0155566688627004,1.2679976224899292,0.0001465050445403
itedqjyt,expfm_2g,explicit,42,10,1680015360,1910.439453125,441.3544921875,0.0163358449935913,1.2901867628097534,0.0001911759027279
itedqjyt,expfm_2g,explicit,42,10,1690009600,1915.9296875,442.873046875,0.0160102043300867,1.2827441692352295,0.0001621080155018
itedqjyt,expfm_2g,explicit,42,10,1700003840,1896.515869140625,439.8466796875,0.017393609508872,1.296480655670166,0.0002469665196258
itedqjyt,expfm_2g,explicit,42,10,1710080000,1912.3798828125,442.0068359375,0.0203847661614418,1.243964433670044,0.0001962752139661
itedqjyt,expfm_2g,explicit,42,10,1720074240,1908.465576171875,441.8017578125,0.0160906221717596,1.2637276649475098,0.0001922447700053
itedqjyt,expfm_2g,explicit,42,10,1730068480,1872.9134521484373,433.87109375,0.0181176159530878,1.297262191772461,0.0003824638260994
itedqjyt,expfm_2g,explicit,42,10,1740062720,1901.0740966796875,440.267578125,0.0167713649570941,1.2625792026519775,0.000219243200263
itedqjyt,expfm_2g,explicit,42,10,1750056960,1895.176025390625,438.619140625,0.0193253569304943,1.254184007644653,0.000261702487478
itedqjyt,expfm_2g,explicit,42,10,1760051200,1895.6064453125,438.2138671875,0.0184547081589698,1.2563475370407104,0.0003313255147077
itedqjyt,expfm_2g,explicit,42,10,1770045440,1914.854736328125,441.6396484375,0.0160619653761386,1.2427527904510498,0.0001716194383334
itedqjyt,expfm_2g,explicit,42,10,1780039680,1893.57177734375,436.9765625,0.0185818616300821,1.2619099617004397,0.0003249756991863
itedqjyt,expfm_2g,explicit,42,10,1790033920,1899.691650390625,440.1162109375,0.0171938799321651,1.295663833618164,0.0002654610143508
itedqjyt,expfm_2g,explicit,42,10,1800028160,1910.937255859375,441.7158203125,0.0163872800767421,1.257401466369629,0.0002108020271407
itedqjyt,expfm_2g,explicit,42,10,1810022400,1904.25341796875,440.7666015625,0.0167695581912994,1.290988802909851,0.0002352765441173
itedqjyt,expfm_2g,explicit,42,10,1820016640,1920.1982421875,442.3359375,0.0166446678340435,1.253370761871338,0.0001643443247303
itedqjyt,expfm_2g,explicit,42,10,1830010880,1909.3525390625,440.734375,0.0165139585733413,1.272288799285889,0.0002377049240749
itedqjyt,expfm_2g,explicit,42,10,1840005120,1907.9163818359373,442.2041015625,0.0189527235925197,1.2636619806289673,0.0002146783226635
itedqjyt,expfm_2g,explicit,42,10,1850081280,1906.19482421875,441.037109375,0.0171500146389007,1.262120485305786,0.0001933389576151
itedqjyt,expfm_2g,explicit,42,10,1860075520,1916.875732421875,441.142578125,0.016083151102066,1.2542301416397097,0.0001915923494379
itedqjyt,expfm_2g,explicit,42,10,1870069760,1909.833740234375,439.65234375,0.0168151073157787,1.2533806562423706,0.0002739638439379
itedqjyt,expfm_2g,explicit,42,10,1880064000,1925.2333984375,442.6337890625,0.0155054619535803,1.244736671447754,0.0001659391418797
itedqjyt,expfm_2g,explicit,42,10,1890058240,1922.4849853515625,443.8251953125,0.0162863358855247,1.2665140628814695,0.0001068033016053
itedqjyt,expfm_2g,explicit,42,10,1900052480,1914.5926513671875,442.2099609375,0.0185125861316919,1.2827190160751345,0.0001883748336695
itedqjyt,expfm_2g,explicit,42,10,1910046720,1912.7486572265625,442.2353515625,0.01634700037539,1.2904276847839355,0.0001624778815312
itedqjyt,expfm_2g,explicit,42,10,1920040960,1900.99462890625,440.7412109375,0.0176910422742366,1.2697696685791016,0.0002081614511553
itedqjyt,expfm_2g,explicit,42,10,1930035200,1898.439453125,438.2275390625,0.0170613303780555,1.270362138748169,0.0002891247277148
itedqjyt,expfm_2g,explicit,42,10,1940029440,1931.0126953125,443.6396484375,0.0154880322515964,1.2472422122955322,0.0001340837625321
itedqjyt,expfm_2g,explicit,42,10,1950023680,1922.7320556640625,443.0625,0.0163889974355697,1.2734370231628418,0.0001446825335733
itedqjyt,expfm_2g,explicit,42,10,1960017920,1922.6876220703125,442.6064453125,0.0159347876906394,1.2691216468811035,0.0001775212440406
itedqjyt,expfm_2g,explicit,42,10,1970012160,1913.4764404296875,442.703125,0.0168738663196563,1.2604176998138428,0.0001609316968824
itedqjyt,expfm_2g,explicit,42,10,1980006400,1922.790771484375,443.869140625,0.0165014490485191,1.2474092245101929,8.360794890904799e-05
itedqjyt,expfm_2g,explicit,42,10,1990000640,1916.908203125,440.775390625,0.016003780066967,1.2566571235656738,0.0002215605782112
itedqjyt,expfm_2g,explicit,42,10,2000076800,1932.392578125,444.8173828125,0.0165706574916839,1.2739989757537842,9.306763240601867e-05
5282izw1,expfm_4g,explicit,43,50,10076160,482.29888916015625,190.2412109375,0.1096658483147621,2.454536437988281,0.0124335261061787
5282izw1,expfm_4g,explicit,43,50,20070400,613.1014404296875,226.0126953125,0.0943210124969482,2.353580951690674,0.0091377235949039
5282izw1,expfm_4g,explicit,43,50,30064640,699.2893676757812,249.2314453125,0.0882977917790412,2.3380331993103027,0.007922513410449
5282izw1,expfm_4g,explicit,43,50,40058880,720.9342041015625,249.9365234375,0.0880090296268463,2.1947312355041504,0.0080131478607654
5282izw1,expfm_4g,explicit,43,50,50053120,756.3222045898438,256.0224609375,0.0842097699642181,2.0759973526000977,0.0074610346928238
5282izw1,expfm_4g,explicit,43,50,60047360,776.7910766601562,255.36328125,0.0799883753061294,2.028796672821045,0.0075006270781159
5282izw1,expfm_4g,explicit,43,50,70041600,781.0059814453125,256.5146484375,0.0820944905281066,2.0211076736450195,0.0069625354371964
5282izw1,expfm_4g,explicit,43,50,80035840,804.8885498046875,264.8876953125,0.0770781189203262,2.021768569946289,0.0068541960790753
5282izw1,expfm_4g,explicit,43,50,90030080,807.43603515625,256.6064453125,0.0828705579042434,1.8723821640014648,0.0071886447258293
5282izw1,expfm_4g,explicit,43,50,100024320,822.03662109375,261.310546875,0.084459401667118,1.9859192371368408,0.0066602565348148
5282izw1,expfm_4g,explicit,43,50,110018560,839.341064453125,265.6513671875,0.0823553353548049,1.946965575218201,0.00601995177567
5282izw1,expfm_4g,explicit,43,50,120012800,881.1465454101562,277.12890625,0.075858861207962,1.960335612297058,0.0056133111938834
5282izw1,expfm_4g,explicit,43,50,130007040,853.7457885742188,267.1767578125,0.0780717134475708,1.8975423574447632,0.0061111729592084
5282izw1,expfm_4g,explicit,43,50,140001280,877.8514404296875,271.8818359375,0.074854627251625,1.8865985870361328,0.0062043517827987
5282izw1,expfm_4g,explicit,43,50,150077440,912.5987548828124,280.6328125,0.0741801038384437,1.9408546686172483,0.0053653162904083
5282izw1,expfm_4g,explicit,43,50,160071680,883.924560546875,273.6826171875,0.0787231028079986,1.927620887756348,0.0055541712790727
5282izw1,expfm_4g,explicit,43,50,170065920,907.7808227539062,278.65625,0.0785143971443176,1.9283719062805176,0.0053333058021962
5282izw1,expfm_4g,explicit,43,50,180060160,921.64794921875,280.3330078125,0.0763850435614585,1.873501300811768,0.0052904677577316
5282izw1,expfm_4g,explicit,43,50,190054400,975.2140502929688,293.4541015625,0.0781746953725814,1.8361761569976809,0.005088591016829
5282izw1,expfm_4g,explicit,43,50,200048640,976.5155029296876,293.7255859375,0.0851070433855056,1.9165301322937007,0.004778916016221
5282izw1,expfm_4g,explicit,43,50,210042880,1003.9931640625,303.0556640625,0.0836524441838264,1.8637614250183103,0.0048535489477217
5282izw1,expfm_4g,explicit,43,50,220037120,1061.834716796875,318.373046875,0.0857320576906204,1.8819975852966309,0.0039919419214129
5282izw1,expfm_4g,explicit,43,50,230031360,1065.977294921875,321.572265625,0.0869428664445877,1.8808271884918213,0.0041823959909379
5282izw1,expfm_4g,explicit,43,50,240025600,1094.2073974609375,327.96875,0.083149641752243,1.873544692993164,0.0037700668908655
5282izw1,expfm_4g,explicit,43,50,250019840,1144.22802734375,340.1884765625,0.0850962847471237,1.9291316270828247,0.0032407552935183
5282izw1,expfm_4g,explicit,43,50,260014080,1128.976806640625,336.341796875,0.0841728821396827,1.872456669807434,0.0036100558936595
5282izw1,expfm_4g,explicit,43,50,270008320,1119.78466796875,332.0654296875,0.0825474113225936,1.8529332876205444,0.0037635099142789
5282izw1,expfm_4g,explicit,43,50,280002560,1155.056884765625,342.390625,0.0908334851264953,1.9598443508148196,0.0033094626851379
5282izw1,expfm_4g,explicit,43,50,290078720,1178.2581787109375,345.1796875,0.0803574919700622,1.8548262119293213,0.0032515828497707
5282izw1,expfm_4g,explicit,43,50,300072960,1146.6827392578125,337.6513671875,0.0925325751304626,1.9239482879638672,0.0034689172171056
5282izw1,expfm_4g,explicit,43,50,310067200,1189.502197265625,347.9638671875,0.0831822156906127,1.833304524421692,0.0030178474262356
5282izw1,expfm_4g,explicit,43,50,320061440,1160.4537353515625,338.6552734375,0.0881682336330413,1.8492348194122317,0.0034902016632258
5282izw1,expfm_4g,explicit,43,50,330055680,1214.21337890625,351.611328125,0.0812785625457763,1.8071597814559937,0.0030329108703881
5282izw1,expfm_4g,explicit,43,50,340049920,1201.5777587890625,351.1826171875,0.086856797337532,1.839705467224121,0.0030345518607646
5282izw1,expfm_4g,explicit,43,50,350044160,1196.22119140625,345.251953125,0.0808576196432113,1.8351473808288572,0.0033871387131512
5282izw1,expfm_4g,explicit,43,50,360038400,1228.736328125,356.6240234375,0.0790172144770622,1.8733997344970703,0.0027601774781942
5282izw1,expfm_4g,explicit,43,50,370032640,1222.603271484375,349.50390625,0.0824249237775802,1.8393514156341555,0.0031260955147445
5282izw1,expfm_4g,explicit,43,50,380026880,1211.322509765625,346.7060546875,0.0819374322891235,1.7849708795547483,0.0031764341983944
5282izw1,expfm_4g,explicit,43,50,390021120,1191.875732421875,343.4609375,0.0843943580985069,1.869269132614136,0.0034106294624507
5282izw1,expfm_4g,explicit,43,50,400015360,1230.069091796875,350.2158203125,0.0797634273767471,1.7945396900177002,0.0030977104324847
5282izw1,expfm_4g,explicit,43,50,410009600,1270.001953125,361.19140625,0.0778577774763107,1.7998790740966797,0.0027013458311557
5282izw1,expfm_4g,explicit,43,50,420003840,1272.0823974609375,362.5771484375,0.0772334188222885,1.804826498031616,0.0024784707929939
5282izw1,expfm_4g,explicit,43,50,430080000,1281.0517578125,364.9921875,0.0808467268943786,1.7813730239868164,0.002572011668235
5282izw1,expfm_4g,explicit,43,50,440074240,1269.545166015625,362.771484375,0.0770315527915954,1.7841482162475586,0.0024767492432147
5282izw1,expfm_4g,explicit,43,50,450068480,1276.678466796875,359.2158203125,0.077761486172676,1.737774133682251,0.002584894420579
5282izw1,expfm_4g,explicit,43,50,460062720,1216.423095703125,348.189453125,0.0823272615671157,1.7514331340789795,0.0028418167494237
5282izw1,expfm_4g,explicit,43,50,470056960,1239.319580078125,351.66796875,0.085581824183464,1.7855181694030762,0.00283297104761
5282izw1,expfm_4g,explicit,43,50,480051200,1282.668212890625,359.8740234375,0.0860391557216644,1.78983473777771,0.0026092738844454
5282izw1,expfm_4g,explicit,43,50,490045440,1272.70751953125,354.009765625,0.0767905935645103,1.721200704574585,0.0028585591353476
5282izw1,expfm_4g,explicit,43,50,500039680,1235.284423828125,345.396484375,0.0823895782232284,1.738707423210144,0.00308433547616
5282izw1,expfm_4g,explicit,43,50,510033920,1290.18310546875,360.5654296875,0.0792563036084175,1.7389280796051023,0.0024331992026418
5282izw1,expfm_4g,explicit,43,50,520028160,1334.627197265625,369.349609375,0.0746206790208816,1.694527268409729,0.0023418385535478
5282izw1,expfm_4g,explicit,43,50,530022400,1353.114501953125,374.3759765625,0.0735845193266868,1.7086381912231443,0.002193097025156
5282izw1,expfm_4g,explicit,43,50,540016640,1373.7427978515625,381.1396484375,0.0747125595808029,1.7224522829055786,0.0019616722129285
5282izw1,expfm_4g,explicit,43,50,550010880,1367.550537109375,374.0625,0.0757209807634353,1.7168519496917725,0.0022240055259317
5282izw1,expfm_4g,explicit,43,50,560005120,1324.6165771484375,366.853515625,0.074665330350399,1.7213939428329468,0.0024888794869184
5282izw1,expfm_4g,explicit,43,50,570081280,1309.471435546875,360.6005859375,0.0760784745216369,1.7242047786712646,0.0025231840554624
5282izw1,expfm_4g,explicit,43,50,580075520,1342.9639892578125,369.8515625,0.0761786997318267,1.7259819507598877,0.0023954892531037
5282izw1,expfm_4g,explicit,43,50,590069760,1343.101806640625,369.34375,0.0735182985663414,1.7274059057235718,0.0023233916144818
5282izw1,expfm_4g,explicit,43,50,600064000,1339.69482421875,367.9736328125,0.0731410831212997,1.712005853652954,0.0023165650200098
5282izw1,expfm_4g,explicit,43,50,610058240,1348.5159912109375,370.6484375,0.0735415667295456,1.7069423198699951,0.0022013457491993
5282izw1,expfm_4g,explicit,43,50,620052480,1386.7071533203125,380.208984375,0.0716169252991676,1.714411377906799,0.0019677970558404
5282izw1,expfm_4g,explicit,43,50,630046720,1345.69775390625,366.7265625,0.0732053741812706,1.6810503005981443,0.0023388275876641
5282izw1,expfm_4g,explicit,43,50,640040960,1376.060302734375,375.736328125,0.0699443072080612,1.6797034740447998,0.002104630228132
5282izw1,expfm_4g,explicit,43,50,650035200,1395.0357666015625,378.826171875,0.0687053054571151,1.6859928369522097,0.0021145599894225
5282izw1,expfm_4g,explicit,43,50,660029440,1353.870849609375,371.689453125,0.0751928091049194,1.707140326499939,0.0022764690220355
5282izw1,expfm_4g,explicit,43,50,670023680,1360.2232666015625,376.3720703125,0.0721457153558731,1.7155203819274902,0.002124773338437
5282izw1,expfm_4g,explicit,43,50,680017920,1361.108642578125,372.98828125,0.0756181553006172,1.695068597793579,0.0021201928611844
5282izw1,expfm_4g,explicit,43,50,690012160,1359.735595703125,374.875,0.0742918998003006,1.738038182258606,0.0020582585129886
5282izw1,expfm_4g,explicit,43,50,700006400,1380.81103515625,373.7802734375,0.0731244534254074,1.6871402263641355,0.0021628106478601
5282izw1,expfm_4g,explicit,43,50,710000640,1396.38037109375,380.279296875,0.0704022943973541,1.695789813995361,0.0019333995878696
5282izw1,expfm_4g,explicit,43,50,720076800,1367.1260986328125,369.970703125,0.0759660527110099,1.7025904655456543,0.0023055840283632
5282izw1,expfm_4g,explicit,43,50,730071040,1408.32177734375,380.8115234375,0.0687279552221298,1.6818886995315552,0.0019958396442234
5282izw1,expfm_4g,explicit,43,50,740065280,1385.0111083984375,376.767578125,0.0743936747312545,1.6882376670837402,0.0019840733148157
5282izw1,expfm_4g,explicit,43,50,750059520,1425.6717529296875,383.5849609375,0.0710213854908943,1.6854294538497925,0.0018737985519692
5282izw1,expfm_4g,explicit,43,50,760053760,1436.162109375,384.66796875,0.0702375769615173,1.7068175077438354,0.0017422244418412
5282izw1,expfm_4g,explicit,43,50,770048000,1417.650634765625,380.1669921875,0.0667996481060981,1.6642260551452637,0.001839711330831
5282izw1,expfm_4g,explicit,43,50,780042240,1420.59033203125,384.4091796875,0.0674148499965667,1.6990280151367188,0.0018666395917534
5282izw1,expfm_4g,explicit,43,50,790036480,1466.8604736328125,392.2392578125,0.0671682581305503,1.6635218858718872,0.0015662510413676
5282izw1,expfm_4g,explicit,43,50,800030720,1425.9930419921875,383.4345703125,0.0683671757578849,1.6631449460983276,0.0020150891505181
5282izw1,expfm_4g,explicit,43,50,810024960,1413.18896484375,379.708984375,0.067102164030075,1.6478034257888794,0.0019389243097975
5282izw1,expfm_4g,explicit,43,50,820019200,1400.29248046875,374.4677734375,0.0705126002430915,1.681856393814087,0.0021662898361682
5282izw1,expfm_4g,explicit,43,50,830013440,1395.74853515625,373.2421875,0.068864032626152,1.658048391342163,0.0022502606734633
5282izw1,expfm_4g,explicit,43,50,840007680,1437.6923828125,386.1533203125,0.0753760635852813,1.7183279991149902,0.0017438093200325
5282izw1,expfm_4g,explicit,43,50,850001920,1459.9986572265625,388.4609375,0.0649525225162506,1.6380478143692017,0.0017375377938151
5282izw1,expfm_4g,explicit,43,50,860078080,1411.4853515625,375.1953125,0.0648583024740219,1.6512019634246826,0.0022148583084344
5282izw1,expfm_4g,explicit,43,50,870072320,1446.3480224609375,387.0673828125,0.0697138532996177,1.6931381225585938,0.0018179680919274
5282izw1,expfm_4g,explicit,43,50,880066560,1414.28173828125,380.078125,0.0687412396073341,1.662745237350464,0.0020086700096726
5282izw1,expfm_4g,explicit,43,50,890060800,1447.443115234375,384.52734375,0.0675309374928474,1.6507043838500977,0.0018702542874962
5282izw1,expfm_4g,explicit,43,50,900055040,1444.4691162109375,386.04296875,0.0672713965177536,1.6919244527816772,0.0018437018152326
5282izw1,expfm_4g,explicit,43,50,910049280,1435.31298828125,382.8984375,0.0679798424243927,1.6778972148895264,0.0019717786926776
5282izw1,expfm_4g,explicit,43,50,920043520,1452.029541015625,387.9296875,0.0677140802145004,1.6825324296951294,0.0018405005102977
5282izw1,expfm_4g,explicit,43,50,930037760,1433.099853515625,382.2314453125,0.068379133939743,1.6772040128707886,0.0019568719435483
5282izw1,expfm_4g,explicit,43,50,940032000,1489.751708984375,394.1875,0.0654080808162689,1.645595908164978,0.0016028443351387
5282izw1,expfm_4g,explicit,43,50,950026240,1485.6595458984375,392.9453125,0.064351737499237,1.6571447849273682,0.0016084987437352
5282izw1,expfm_4g,explicit,43,50,960020480,1472.828857421875,392.3466796875,0.0647939592599868,1.6771371364593506,0.0016379585722461
5282izw1,expfm_4g,explicit,43,50,970014720,1435.06005859375,386.0146484375,0.0677447766065597,1.699660301208496,0.0018652254948392
5282izw1,expfm_4g,explicit,43,50,980008960,1467.354248046875,391.6162109375,0.0665794759988784,1.708041429519653,0.0015414936933666
5282izw1,expfm_4g,explicit,43,50,990003200,1443.133056640625,380.17578125,0.0668916180729866,1.6391117572784424,0.001955684274435
5282izw1,expfm_4g,explicit,43,50,1000079360,1459.919189453125,386.369140625,0.0620387122035026,1.6500604152679443,0.0017438967479392
5282izw1,expfm_4g,explicit,43,50,1010073600,1480.892333984375,390.4375,0.0632058754563331,1.6727242469787598,0.0016475511947646
5282izw1,expfm_4g,explicit,43,50,1020067840,1471.030029296875,387.470703125,0.0624101161956787,1.6451280117034912,0.0018212972208857
5282izw1,expfm_4g,explicit,43,50,1030062080,1425.430908203125,379.8720703125,0.0698624700307846,1.6783647537231443,0.0019809338264167
5282izw1,expfm_4g,explicit,43,50,1040056320,1472.238525390625,386.9345703125,0.0627003610134124,1.6264796257019043,0.0017625531181693
5282izw1,expfm_4g,explicit,43,50,1050050560,1455.110107421875,385.3310546875,0.0641609504818916,1.6650309562683103,0.0018669305136427
5282izw1,expfm_4g,explicit,43,50,1060044800,1462.298095703125,386.3046875,0.0627240985631942,1.6469695568084717,0.0019062586361542
5282izw1,expfm_4g,explicit,43,50,1070039040,1481.130615234375,391.087890625,0.0627114474773407,1.6560945510864258,0.0016326594632118
5282izw1,expfm_4g,explicit,43,50,1080033280,1464.692138671875,388.408203125,0.0670572221279144,1.6493879556655884,0.0016669137403368
5282izw1,expfm_4g,explicit,43,50,1090027520,1433.9407958984375,379.5439453125,0.0686047971248626,1.6562236547470093,0.0020413983147591
5282izw1,expfm_4g,explicit,43,50,1100021760,1465.10693359375,388.8203125,0.0624980814754962,1.6528584957122805,0.0016882597701624
5282izw1,expfm_4g,explicit,43,50,1110016000,1433.7255859375,382.5185546875,0.0682019144296646,1.677271842956543,0.0019345639739185
5282izw1,expfm_4g,explicit,43,50,1120010240,1492.39697265625,392.2724609375,0.063507854938507,1.6795496940612793,0.0016449714312329
5282izw1,expfm_4g,explicit,43,50,1130004480,1497.365478515625,393.095703125,0.0615211315453052,1.6639199256896973,0.0016418369486927
5282izw1,expfm_4g,explicit,43,50,1140080640,1486.72314453125,390.30859375,0.0601111873984336,1.6578186750411987,0.0016518244519829
5282izw1,expfm_4g,explicit,43,50,1150074880,1470.862548828125,387.3544921875,0.0639301761984825,1.6598844528198242,0.0017781110946089
5282izw1,expfm_4g,explicit,43,50,1160069120,1472.6009521484375,387.1484375,0.0658626928925514,1.6741235256195068,0.0017944803694263
5282izw1,expfm_4g,explicit,43,50,1170063360,1455.3262939453125,382.67578125,0.0638092532753944,1.631544589996338,0.0019484087824821
5282izw1,expfm_4g,explicit,43,50,1180057600,1483.991943359375,389.42578125,0.0620301328599453,1.6315577030181885,0.001687329262495
5282izw1,expfm_4g,explicit,43,50,1190051840,1447.5692138671875,384.44140625,0.0652875453233718,1.669907808303833,0.0017896830104291
5282izw1,expfm_4g,explicit,43,50,1200046080,1454.2242431640625,383.9638671875,0.0662818476557731,1.629774570465088,0.0018728208960965
5282izw1,expfm_4g,explicit,43,50,1210040320,1508.3837890625,395.9111328125,0.0653405040502548,1.62799334526062,0.0014614053070545
5282izw1,expfm_4g,explicit,43,50,1220034560,1489.24853515625,392.9052734375,0.0635258257389068,1.65769362449646,0.0015676559414714
5282izw1,expfm_4g,explicit,43,50,1230028800,1477.453369140625,387.6845703125,0.0618155635893344,1.631478786468506,0.0017574230441823
5282izw1,expfm_4g,explicit,43,50,1240023040,1493.77197265625,390.12890625,0.062185488641262,1.6239013671875,0.0018116135615855
5282izw1,expfm_4g,explicit,43,50,1250017280,1490.3720703125,391.005859375,0.0652898997068405,1.6538304090499878,0.0016895013395696
5282izw1,expfm_4g,explicit,43,50,1260011520,1521.0172119140625,398.8681640625,0.0602618865668773,1.621837854385376,0.0014601818984374
5282izw1,expfm_4g,explicit,43,50,1270005760,1498.329833984375,394.548828125,0.0630504786968231,1.6692641973495483,0.0014825460966676
5282izw1,expfm_4g,explicit,43,50,1280000000,1475.1513671875,387.9248046875,0.0614081174135208,1.6507480144500732,0.0017213243991136
5282izw1,expfm_4g,explicit,43,50,1290076160,1494.2435302734375,394.3740234375,0.0665158927440643,1.6801540851593018,0.0015644151717424
5282izw1,expfm_4g,explicit,43,50,1300070400,1461.661376953125,383.8671875,0.0631679445505142,1.638481616973877,0.0018020898569375
5282izw1,expfm_4g,explicit,43,50,1310064640,1474.2509765625,385.6806640625,0.0633190870285034,1.6229370832443235,0.0017698868177831
5282izw1,expfm_4g,explicit,43,50,1320058880,1492.8253173828125,389.6865234375,0.0606111697852611,1.6224347352981567,0.0016410337993875
5282izw1,expfm_4g,explicit,43,50,1330053120,1523.959716796875,397.81640625,0.0590684302151203,1.6232993602752686,0.001440018764697
5282izw1,expfm_4g,explicit,43,50,1340047360,1505.39013671875,392.8251953125,0.0645642429590225,1.6003961563110352,0.0015753268962725
5282izw1,expfm_4g,explicit,43,50,1350041600,1480.077880859375,386.2666015625,0.0624021850526332,1.622039794921875,0.0018384475260972
5282izw1,expfm_4g,explicit,43,50,1360035840,1469.508056640625,386.4404296875,0.064345896244049,1.6430532932281494,0.0017750710248947
5282izw1,expfm_4g,explicit,43,50,1370030080,1542.73876953125,401.2470703125,0.0592582486569881,1.6260292530059814,0.0013012469280511
5282izw1,expfm_4g,explicit,43,50,1380024320,1485.918212890625,390.4130859375,0.0645155012607574,1.6746129989624023,0.0017005926929414
5282izw1,expfm_4g,explicit,43,50,1390018560,1532.873779296875,399.5478515625,0.0621436387300491,1.6113214492797852,0.0014372315490618
5282izw1,expfm_4g,explicit,43,50,1400012800,1481.84912109375,390.9091796875,0.0630262866616249,1.694108009338379,0.0016377065330743
5282izw1,expfm_4g,explicit,43,50,1410007040,1497.429931640625,391.3486328125,0.0634147748351097,1.6442517042160034,0.0016595816705375
5282izw1,expfm_4g,explicit,43,50,1420001280,1490.16943359375,391.611328125,0.0642508566379547,1.675365686416626,0.0015662543009966
5282izw1,expfm_4g,explicit,43,50,1430077440,1502.94970703125,390.1123046875,0.0604552328586578,1.6360092163085938,0.0017293280689045
5282izw1,expfm_4g,explicit,43,50,1440071680,1503.811279296875,390.6884765625,0.0603260099887847,1.6251907348632812,0.0016510199056938
5282izw1,expfm_4g,explicit,43,50,1450065920,1493.651123046875,391.2021484375,0.0608762167394161,1.660576581954956,0.0015963339246809
5282izw1,expfm_4g,explicit,43,50,1460060160,1501.969482421875,391.5478515625,0.0598464533686637,1.6354074478149414,0.0017147664912045
5282izw1,expfm_4g,explicit,43,50,1470054400,1518.785888671875,396.3486328125,0.0613674372434616,1.6374871730804443,0.0015361641999334
5282izw1,expfm_4g,explicit,43,50,1480048640,1526.3345947265625,398.8837890625,0.0595477037131786,1.6277809143066406,0.0014623862225562
5282izw1,expfm_4g,explicit,43,50,1490042880,1487.6781005859375,388.869140625,0.0596194192767143,1.6236250400543213,0.0017272945260629
5282izw1,expfm_4g,explicit,43,50,1500037120,1513.9449462890625,396.5234375,0.0614879503846168,1.6678848266601562,0.00153642706573
5282izw1,expfm_4g,explicit,43,50,1510031360,1520.6541748046875,395.427734375,0.060932133346796,1.6083492040634155,0.0015194446314126
5282izw1,expfm_4g,explicit,43,50,1520025600,1529.008544921875,398.677734375,0.0593810155987739,1.6222541332244873,0.0014701663749292
5282izw1,expfm_4g,explicit,43,50,1530019840,1557.720947265625,405.0458984375,0.0544279217720031,1.582788586616516,0.0012086327187716
5282izw1,expfm_4g,explicit,43,50,1540014080,1530.257568359375,397.560546875,0.0593787729740142,1.6420576572418213,0.0014711852418258
5282izw1,expfm_4g,explicit,43,50,1550008320,1533.53125,395.0703125,0.0579993426799774,1.570630669593811,0.0014925191644579
5282izw1,expfm_4g,explicit,43,50,1560002560,1551.2060546875,402.306640625,0.054185077548027,1.5812418460845947,0.0013653915375471
5282izw1,expfm_4g,explicit,43,50,1570078720,1537.7677001953125,394.98046875,0.0610063299536705,1.570421576499939,0.0015890889335423
5282izw1,expfm_4g,explicit,43,50,1580072960,1522.70458984375,395.244140625,0.0593521520495414,1.6054191589355469,0.0014858229551464
5282izw1,expfm_4g,explicit,43,50,1590067200,1543.966552734375,398.603515625,0.057029265910387,1.5915307998657229,0.0014430807204917
5282izw1,expfm_4g,explicit,43,50,1600061440,1549.406982421875,396.38671875,0.0555579252541065,1.548292875289917,0.0015127263031899
5282izw1,expfm_4g,explicit,43,50,1610055680,1548.5247802734375,398.734375,0.0563850812613964,1.5760488510131836,0.0013862596824765
5282izw1,expfm_4g,explicit,43,50,1620049920,1531.5546875,395.822265625,0.0581101775169372,1.57828950881958,0.0015766142169013
5282izw1,expfm_4g,explicit,43,50,1630044160,1508.83642578125,391.51171875,0.058277141302824,1.62997567653656,0.001636330038309
5282izw1,expfm_4g,explicit,43,50,1640038400,1536.123291015625,394.2841796875,0.0591507703065872,1.5902721881866455,0.0015469590434804
5282izw1,expfm_4g,explicit,43,50,1650032640,1547.856201171875,400.0888671875,0.0567946061491966,1.5848673582077026,0.0013834289275109
5282izw1,expfm_4g,explicit,43,50,1660026880,1555.29833984375,400.7666015625,0.0577529147267341,1.590727925300598,0.0013112288434058
5282izw1,expfm_4g,explicit,43,50,1670021120,1539.0205078125,394.6796875,0.0570915415883064,1.5698479413986206,0.0015046827029436
5282izw1,expfm_4g,explicit,43,50,1680015360,1529.640869140625,394.2509765625,0.0578678958117961,1.5928763151168823,0.0014807439874857
5282izw1,expfm_4g,explicit,43,50,1690009600,1528.178466796875,395.41015625,0.0578827373683452,1.6281578540802002,0.0014604130992665
5282izw1,expfm_4g,explicit,43,50,1700003840,1555.5450439453125,399.11328125,0.0599793195724487,1.597799301147461,0.0014222513418644
5282izw1,expfm_4g,explicit,43,50,1710080000,1539.5538330078125,399.5556640625,0.0591685473918914,1.6264543533325195,0.0013428239617496
5282izw1,expfm_4g,explicit,43,50,1720074240,1530.0765380859375,395.935546875,0.0584813803434371,1.599198579788208,0.0015198299661278
5282izw1,expfm_4g,explicit,43,50,1730068480,1529.552978515625,395.728515625,0.059650145471096,1.6163179874420166,0.0014823857927694
5282izw1,expfm_4g,explicit,43,50,1740062720,1547.2100830078125,396.94921875,0.058451235294342,1.5791935920715332,0.0014072323683649
5282izw1,expfm_4g,explicit,43,50,1750056960,1558.910888671875,401.681640625,0.055775336921215,1.5841233730316162,0.0013174761552363
5282izw1,expfm_4g,explicit,43,50,1760051200,1549.1392822265625,400.998046875,0.0582529380917549,1.600261926651001,0.0013405815698206
5282izw1,expfm_4g,explicit,43,50,1770045440,1501.485107421875,393.4794921875,0.0664598792791366,1.6845693588256836,0.0015770327299833
5282izw1,expfm_4g,explicit,43,50,1780039680,1532.509033203125,397.6103515625,0.0605668872594833,1.6388583183288574,0.0014495062641799
5282izw1,expfm_4g,explicit,43,50,1790033920,1561.133056640625,401.4189453125,0.0531651601195335,1.6005587577819824,0.001294266898185
5282izw1,expfm_4g,explicit,43,50,1800028160,1509.1378173828125,391.6259765625,0.0577759146690368,1.633519172668457,0.0016175166238099
5282izw1,expfm_4g,explicit,43,50,1810022400,1515.1822509765625,391.1953125,0.0588737800717353,1.616901993751526,0.0016884412616491
5282izw1,expfm_4g,explicit,43,50,1820016640,1524.169677734375,392.4990234375,0.0575556680560112,1.592266082763672,0.0016666814917698
5282izw1,expfm_4g,explicit,43,50,1830010880,1551.00146484375,400.2998046875,0.0554440282285213,1.6024348735809326,0.0014279655879363
5282izw1,expfm_4g,explicit,43,50,1840005120,1527.307373046875,394.884765625,0.0597822666168212,1.6222025156021118,0.0015840616542845
5282izw1,expfm_4g,explicit,43,50,1850081280,1558.044189453125,399.93359375,0.0579818710684776,1.592982053756714,0.0013960410142317
5282izw1,expfm_4g,explicit,43,50,1860075520,1582.5697021484375,405.6474609375,0.052600473165512,1.5620334148406982,0.001271270099096
5282izw1,expfm_4g,explicit,43,50,1870069760,1531.6275634765625,394.31640625,0.0631147623062133,1.6071369647979736,0.0015539495507255
5282izw1,expfm_4g,explicit,43,50,1880064000,1539.9697265625,398.2021484375,0.0574541091918945,1.6067636013031006,0.0013686639722436
5282izw1,expfm_4g,explicit,43,50,1890058240,1560.086181640625,400.9892578125,0.055786021053791,1.6218878030776978,0.0013617607764899
5282izw1,expfm_4g,explicit,43,50,1900052480,1523.89697265625,398.662109375,0.0607486180961132,1.5820233821868896,0.0014555194647982
5282izw1,expfm_4g,explicit,43,50,1910046720,1550.51318359375,402.15625,0.0574800744652748,1.595489501953125,0.0012887141201645
5282izw1,expfm_4g,explicit,43,50,1920040960,1588.7216796875,408.5595703125,0.0533743351697921,1.562166452407837,0.0011048223823308
5282izw1,expfm_4g,explicit,43,50,1930035200,1556.0625,399.005859375,0.0584131255745887,1.572761058807373,0.0013265997404232
5282izw1,expfm_4g,explicit,43,50,1940029440,1564.1251220703125,399.8427734375,0.0534635074436664,1.5782651901245115,0.0013832268305122
5282izw1,expfm_4g,explicit,43,50,1950023680,1547.44091796875,397.154296875,0.0561924874782562,1.5908050537109375,0.0014726538211107
5282izw1,expfm_4g,explicit,43,50,1960017920,1562.8128662109375,399.8681640625,0.0565539672970771,1.593819260597229,0.0013857843587175
5282izw1,expfm_4g,explicit,43,50,1970012160,1553.916259765625,400.7021484375,0.0558648630976676,1.6211614608764648,0.0012565829092636
5282izw1,expfm_4g,explicit,43,50,1980006400,1579.383544921875,407.1767578125,0.0525305457413196,1.586769938468933,0.0011828390415757
5282izw1,expfm_4g,explicit,43,50,1990000640,1563.171142578125,400.9892578125,0.0554125010967254,1.583324670791626,0.0013631088659167
5282izw1,expfm_4g,explicit,43,50,2000076800,1541.77685546875,395.9951171875,0.0571756735444068,1.5790897607803345,0.0014770939014852
5282izw1,expfm_4g,explicit,43,50,2010071040,1563.7359619140625,402.0048828125,0.0522813014686107,1.5664193630218506,0.0013110432773828
5282izw1,expfm_4g,explicit,43,50,2020065280,1576.2841796875,400.458984375,0.0518993064761161,1.546175837516785,0.0013928518164902
5282izw1,expfm_4g,explicit,43,50,2030059520,1546.6265869140625,400.2001953125,0.058920782059431,1.6270170211791992,0.0013569907750934
5282izw1,expfm_4g,explicit,43,50,2040053760,1556.736572265625,401.41015625,0.0561859458684921,1.5984196662902832,0.0013058257754892
5282izw1,expfm_4g,explicit,43,50,2050048000,1593.01025390625,411.0712890625,0.053127035498619,1.58246910572052,0.0010472196154296
5282izw1,expfm_4g,explicit,43,50,2060042240,1563.7890625,401.59765625,0.0562845915555954,1.6156535148620603,0.0012776736402884
5282izw1,expfm_4g,explicit,43,50,2070036480,1570.2127685546875,402.3681640625,0.0544313192367553,1.5874927043914795,0.0013869368704035
5282izw1,expfm_4g,explicit,43,50,2080030720,1561.54736328125,400.5791015625,0.0538949407637119,1.5596916675567627,0.0012917530257254
5282izw1,expfm_4g,explicit,43,50,2090024960,1580.26171875,402.0302734375,0.0523732006549835,1.5419893264770508,0.0013134961482137
5282izw1,expfm_4g,explicit,43,50,2100019200,1547.496826171875,397.3271484375,0.0627498924732208,1.584357976913452,0.0014959739055484
5282izw1,expfm_4g,explicit,43,50,2110013440,1549.1197509765625,397.3017578125,0.0608114823698997,1.614775538444519,0.0014281217008829
5282izw1,expfm_4g,explicit,43,50,2120007680,1560.454345703125,401.10546875,0.0609050989151001,1.5894405841827393,0.0014436207711696
5282izw1,expfm_4g,explicit,43,50,2130001920,1547.1142578125,398.0302734375,0.0573064461350441,1.5972102880477903,0.0015065114712342
5282izw1,expfm_4g,explicit,43,50,2140078080,1568.902587890625,403.625,0.0578160993754863,1.6053617000579834,0.0013235644437372
5282izw1,expfm_4g,explicit,43,50,2150072320,1555.070556640625,398.505859375,0.0557777434587478,1.5667335987091064,0.0014813605230301
5282izw1,expfm_4g,explicit,43,50,2160066560,1579.4547119140625,405.4404296875,0.0533596649765968,1.56513249874115,0.0012342063710093
5282izw1,expfm_4g,explicit,43,50,2170060800,1606.3740234375,413.5009765625,0.0513248592615127,1.5586204528808594,0.000988446176052
5282izw1,expfm_4g,explicit,43,50,2180055040,1598.8302001953125,408.9921875,0.0511488243937492,1.5549006462097168,0.0011850694427266
5282izw1,expfm_4g,explicit,43,50,2190049280,1573.757080078125,404.8125,0.0535212606191635,1.5637950897216797,0.0012923099566251
5282izw1,expfm_4g,explicit,43,50,2200043520,1536.31787109375,392.4130859375,0.0568963065743446,1.5543009042739868,0.0016580974915996
5282izw1,expfm_4g,explicit,43,50,2210037760,1570.7930908203125,401.568359375,0.0586738064885139,1.5718731880187988,0.0014116498641669
5282izw1,expfm_4g,explicit,43,50,2220032000,1536.87353515625,395.203125,0.0534045845270156,1.5532598495483398,0.001470114570111
5282izw1,expfm_4g,explicit,43,50,2230026240,1546.532470703125,395.66015625,0.0573779456317424,1.586010217666626,0.001516559976153
5282izw1,expfm_4g,explicit,43,50,2240020480,1555.771240234375,400.11328125,0.0569032244384288,1.6071656942367554,0.0013481311034411
5282izw1,expfm_4g,explicit,43,50,2250014720,1578.9705810546875,400.865234375,0.0543957836925983,1.564500093460083,0.0013688141480088
5282izw1,expfm_4g,explicit,43,50,2260008960,1576.4967041015625,403.375,0.0569342710077762,1.5638535022735596,0.0012751398608088
5282izw1,expfm_4g,explicit,43,50,2270003200,1557.743408203125,400.6796875,0.0594891235232353,1.6030185222625732,0.0014184713363647
5282izw1,expfm_4g,explicit,43,50,2280079360,1570.2615966796875,400.771484375,0.0565723963081836,1.5553408861160278,0.0014676144346594
5282izw1,expfm_4g,explicit,43,50,2290073600,1600.32421875,411.2841796875,0.0617610588669776,1.6054846048355105,0.0010321942390874
5282izw1,expfm_4g,explicit,43,50,2300067840,1582.306396484375,404.9833984375,0.0557216182351112,1.5658979415893557,0.0012399544939398
5282izw1,expfm_4g,explicit,43,50,2310062080,1578.453369140625,405.337890625,0.055963210761547,1.582746982574463,0.0012750066816806
5282izw1,expfm_4g,explicit,43,50,2320056320,1544.0941162109375,402.744140625,0.0572802908718586,1.6133983135223389,0.0012891434598714
5282izw1,expfm_4g,explicit,43,50,2330050560,1591.6083984375,405.072265625,0.0522216148674488,1.5690572261810305,0.0012121830368414
5282izw1,expfm_4g,explicit,43,50,2340044800,1582.06591796875,403.9091796875,0.0552911534905433,1.5690946578979492,0.0012718413490802
5282izw1,expfm_4g,explicit,43,50,2350039040,1587.1688232421875,408.150390625,0.0545293912291526,1.6087427139282229,0.0011169288773089
5282izw1,expfm_4g,explicit,43,50,2360033280,1605.7435302734375,407.3095703125,0.0534842796623706,1.5537362098693848,0.0011897922959178
5282izw1,expfm_4g,explicit,43,50,2370027520,1542.284423828125,393.412109375,0.0599544458091259,1.5843377113342283,0.0016529581043869
5282izw1,expfm_4g,explicit,43,50,2380021760,1577.7132568359375,404.7587890625,0.0548139736056327,1.583122730255127,0.0012938524596393
5282izw1,expfm_4g,explicit,43,50,2390016000,1605.1822509765625,409.703125,0.0521617904305458,1.5439821481704712,0.0010572674218565
5282izw1,expfm_4g,explicit,43,50,2400010240,1588.937744140625,406.375,0.0538548082113266,1.573076844215393,0.0011936848750337
5282izw1,expfm_4g,explicit,43,50,2410004480,1555.3653564453125,396.0830078125,0.055975504219532,1.5596257448196411,0.0014543540310114
5282izw1,expfm_4g,explicit,43,50,2420080640,1577.8094482421875,400.5400390625,0.0534441396594047,1.5861207246780396,0.001362515380606
5282izw1,expfm_4g,explicit,43,50,2430074880,1520.658935546875,392.24609375,0.0558879300951957,1.5832273960113523,0.0016648655291646
5282izw1,expfm_4g,explicit,43,50,2440069120,1555.3780517578125,399.8447265625,0.0539823025465011,1.57863187789917,0.0013987952843308
5282izw1,expfm_4g,explicit,43,50,2450063360,1586.844482421875,404.4375,0.0529380738735199,1.5661952495574951,0.0012381917331367
5282izw1,expfm_4g,explicit,43,50,2460057600,1604.784912109375,411.6796875,0.054411768913269,1.5966423749923706,0.0010761284502223
5282izw1,expfm_4g,explicit,43,50,2470051840,1619.42333984375,411.0576171875,0.0509673990309238,1.5556734800338743,0.0010234769433736
5282izw1,expfm_4g,explicit,43,50,2480046080,1588.78466796875,402.80859375,0.0509028173983097,1.5306302309036257,0.0013776447158306
5282izw1,expfm_4g,explicit,43,50,2490040320,1560.2001953125,400.796875,0.0508864969015121,1.5487871170043943,0.0014678180450573
5282izw1,expfm_4g,explicit,43,50,2500034560,1567.943359375,404.59765625,0.0575660392642021,1.606053352355957,0.001394297229126
5282izw1,expfm_4g,explicit,43,50,2510028800,1584.999267578125,404.61328125,0.0587970167398452,1.5464608669281006,0.001220648526214
5282izw1,expfm_4g,explicit,43,50,2520023040,1544.558837890625,399.568359375,0.0582579933106899,1.6202352046966553,0.0014285960933193
5282izw1,expfm_4g,explicit,43,50,2530017280,1607.943359375,406.873046875,0.0517004802823066,1.540518879890442,0.0011718302266672
5282izw1,expfm_4g,explicit,43,50,2540011520,1580.0321044921875,406.2470703125,0.059476476162672,1.6046905517578125,0.0012169071706011
5282izw1,expfm_4g,explicit,43,50,2550005760,1577.9393310546875,403.9033203125,0.0540950819849967,1.5645207166671753,0.0012701705563813
5282izw1,expfm_4g,explicit,43,50,2560000000,1620.556640625,414.6552734375,0.0485063977539539,1.5305209159851074,0.0009329387103207
5282izw1,expfm_4g,explicit,43,50,2570076160,1570.1397705078125,401.23046875,0.0531466454267501,1.5283701419830322,0.0013560790102928
5282izw1,expfm_4g,explicit,43,50,2580070400,1618.506591796875,414.4658203125,0.0564730986952781,1.5328000783920288,0.0009126962395384
5282izw1,expfm_4g,explicit,43,50,2590064640,1591.8287353515625,404.0244140625,0.0508794710040092,1.562800407409668,0.0012422532308846
5282izw1,expfm_4g,explicit,43,50,2600058880,1585.14892578125,402.6962890625,0.0513463169336319,1.573642611503601,0.0013323951279744
5282izw1,expfm_4g,explicit,43,50,2610053120,1609.23828125,411.416015625,0.0521222092211246,1.572629451751709,0.0009775129146873
5282izw1,expfm_4g,explicit,43,50,2620047360,1550.4970703125,395.4462890625,0.0575214102864265,1.5825563669204712,0.0014763773651793
5282izw1,expfm_4g,explicit,43,50,2630041600,1579.0224609375,402.0576171875,0.0531064271926879,1.5453977584838867,0.001246380386874
5282izw1,expfm_4g,explicit,43,50,2640035840,1589.41015625,405.484375,0.0528944134712219,1.560200333595276,0.0012193395523354
5282izw1,expfm_4g,explicit,43,50,2650030080,1597.6536865234375,404.486328125,0.0517308786511421,1.5522960424423218,0.0012966728536412
5282izw1,expfm_4g,explicit,43,50,2660024320,1612.453125,408.3212890625,0.0527895987033844,1.5547561645507812,0.0012075966224074
5282izw1,expfm_4g,explicit,43,50,2670018560,1607.39794921875,407.4833984375,0.0541787631809711,1.5333715677261353,0.0011785157257691
5282izw1,expfm_4g,explicit,43,50,2680012800,1572.71923828125,400.4482421875,0.0526754669845104,1.547334909439087,0.0013355445116758
5282izw1,expfm_4g,explicit,43,50,2690007040,1597.027099609375,405.669921875,0.0496142283082008,1.5529589653015137,0.0012121838517487
5282izw1,expfm_4g,explicit,43,50,2700001280,1586.837646484375,403.8076171875,0.0534573197364807,1.5529199838638306,0.0013382612960413
5282izw1,expfm_4g,explicit,43,50,2710077440,1631.229736328125,412.94140625,0.0524067729711532,1.549207091331482,0.001037917798385
5282izw1,expfm_4g,explicit,43,50,2720071680,1593.5115966796875,402.216796875,0.0516433641314506,1.5178966522216797,0.0013680676929652
5282izw1,expfm_4g,explicit,43,50,2730065920,1578.988037109375,401.609375,0.0525831952691078,1.5582817792892456,0.0013459224719554
5282izw1,expfm_4g,explicit,43,50,2740060160,1572.2996826171875,398.900390625,0.0550674125552177,1.560123085975647,0.0013785051414743
5282izw1,expfm_4g,explicit,43,50,2750054400,1586.5009765625,404.6943359375,0.0551787465810775,1.575639247894287,0.0012186404783278
5282izw1,expfm_4g,explicit,43,50,2760048640,1563.999755859375,398.1572265625,0.0545175746083259,1.556856989860535,0.0014505098806694
5282izw1,expfm_4g,explicit,43,50,2770042880,1603.999267578125,403.0869140625,0.0533571690320968,1.5479716062545776,0.0012641639914363
5282izw1,expfm_4g,explicit,43,50,2780037120,1577.2962646484375,401.2021484375,0.0540467798709869,1.5670661926269531,0.0013765554176643
5282izw1,expfm_4g,explicit,43,50,2790031360,1616.288330078125,409.6005859375,0.053139790892601,1.5601649284362793,0.0011381353251636
5282izw1,expfm_4g,explicit,43,50,2800025600,1590.1964111328125,402.2314453125,0.0522404462099075,1.5342564582824707,0.0013231574557721
5282izw1,expfm_4g,explicit,43,50,2810019840,1571.4476318359375,401.421875,0.0554249957203865,1.559446096420288,0.0013978226343169
5282izw1,expfm_4g,explicit,43,50,2820014080,1567.7308349609375,394.4853515625,0.0554187484085559,1.529926300048828,0.0015981424367055
5282izw1,expfm_4g,explicit,43,50,2830008320,1604.346435546875,404.9609375,0.051757238805294,1.5362589359283447,0.0011983226286247
5282izw1,expfm_4g,explicit,43,50,2840002560,1616.672119140625,407.974609375,0.0522291511297225,1.5196127891540527,0.0010689701884984
5282izw1,expfm_4g,explicit,43,50,2850078720,1574.51708984375,397.7890625,0.0518852658569812,1.5304856300354004,0.0014244492631405
5282izw1,expfm_4g,explicit,43,50,2860072960,1605.86767578125,406.244140625,0.0507186390459537,1.5605943202972412,0.0011585406027734
5282izw1,expfm_4g,explicit,43,50,2870067200,1609.118408203125,408.3466796875,0.050175055861473,1.5459940433502195,0.0011236631544306
5282izw1,expfm_4g,explicit,43,50,2880061440,1594.63818359375,402.587890625,0.0528824403882026,1.5388396978378296,0.0012217927724123
5282izw1,expfm_4g,explicit,43,50,2890055680,1615.2509765625,408.0068359375,0.0494553409516811,1.533390998840332,0.001117683132179
5282izw1,expfm_4g,explicit,43,50,2900049920,1583.28662109375,403.234375,0.0545079410076141,1.5879108905792236,0.0012696348130702
5282izw1,expfm_4g,explicit,43,50,2910044160,1593.580322265625,403.013671875,0.0499758347868919,1.551079273223877,0.0012075257254764
5282izw1,expfm_4g,explicit,43,50,2920038400,1571.177734375,402.65234375,0.0542149692773819,1.5866938829421997,0.0013039422919973
5282izw1,expfm_4g,explicit,43,50,2930032640,1582.6212158203125,400.5224609375,0.0531704574823379,1.5436581373214722,0.0013652970083057
5282izw1,expfm_4g,explicit,43,50,2940026880,1624.815673828125,408.8701171875,0.049024548381567,1.5323541164398191,0.0011094622313976
5282izw1,expfm_4g,explicit,43,50,2950021120,1617.274169921875,407.78515625,0.0510304421186447,1.536673069000244,0.0011391579173505
5282izw1,expfm_4g,explicit,43,50,2960015360,1618.94921875,411.7578125,0.0499654896557331,1.5349305868148804,0.0011260289466008
5282izw1,expfm_4g,explicit,43,50,2970009600,1617.866455078125,407.8525390625,0.0519547089934349,1.5148887634277344,0.0011974778026342
5282izw1,expfm_4g,explicit,43,50,2980003840,1582.40185546875,403.83203125,0.0537087842822074,1.541593313217163,0.0013509999262169
5282izw1,expfm_4g,explicit,43,50,2990080000,1588.7255859375,402.1962890625,0.0523764304816722,1.529393196105957,0.001300134928897
5282izw1,expfm_4g,explicit,43,50,3000074240,1583.0728759765625,405.3134765625,0.0528753772377967,1.5520485639572144,0.0012325673596933
5282izw1,expfm_4g,explicit,43,50,3010068480,1607.02001953125,407.2705078125,0.0547693371772766,1.5426725149154663,0.0011858977377414
5282izw1,expfm_4g,explicit,43,50,3020062720,1585.4775390625,403.1162109375,0.0508217811584472,1.5612387657165527,0.0012675567995756
5282izw1,expfm_4g,explicit,43,50,3030056960,1575.98681640625,397.466796875,0.0531711727380752,1.5407421588897705,0.0015272723976522
5282izw1,expfm_4g,explicit,43,50,3040051200,1611.7113037109375,403.259765625,0.0504486300051212,1.5157846212387085,0.0013036973541602
5282izw1,expfm_4g,explicit,43,50,3050045440,1597.22216796875,403.69921875,0.0516492016613483,1.5393145084381104,0.0012852987274527
5282izw1,expfm_4g,explicit,43,50,3060039680,1550.70751953125,394.109375,0.0551262646913528,1.5507087707519531,0.0015930535737425
5282izw1,expfm_4g,explicit,43,50,3070033920,1596.03173828125,402.7197265625,0.0523764304816722,1.5231428146362305,0.001382301794365
5282izw1,expfm_4g,explicit,43,50,3080028160,1581.9715576171875,402.6025390625,0.0534972250461578,1.5739102363586426,0.0012752307811751
5282izw1,expfm_4g,explicit,43,50,3090022400,1604.32958984375,404.548828125,0.0520302504301071,1.5475906133651731,0.0012985343346372
5282izw1,expfm_4g,explicit,43,50,3100016640,1616.09521484375,407.2099609375,0.0495349280536174,1.5157616138458252,0.0011844948166981
5282izw1,expfm_4g,explicit,43,50,3110010880,1643.910888671875,415.5185546875,0.046927336603403,1.5048747062683103,0.0008905850118026
5282izw1,expfm_4g,explicit,43,50,3120005120,1592.40869140625,404.44140625,0.0571337938308715,1.5428321361541748,0.0012286840938031
5282izw1,expfm_4g,explicit,43,50,3130081280,1625.14794921875,409.625,0.0490332618355751,1.5219999551773071,0.0011290074326097
5282izw1,expfm_4g,explicit,43,50,3140075520,1607.794921875,407.08203125,0.0497805625200271,1.553086757659912,0.0011290144175291
5282izw1,expfm_4g,explicit,43,50,3150069760,1565.383544921875,397.7783203125,0.0573575049638748,1.56726336479187,0.0014519561082124
5282izw1,expfm_4g,explicit,43,50,3160064000,1606.8575439453125,408.05859375,0.0526299513876438,1.551152229309082,0.0011757022002711
5282izw1,expfm_4g,explicit,43,50,3170058240,1591.990966796875,401.5869140625,0.0554312020540237,1.5499240159988403,0.001433182740584
5282izw1,expfm_4g,explicit,43,50,3180052480,1566.0447998046875,398.921875,0.0558737181127071,1.5386533737182615,0.00143653457053
5282izw1,expfm_4g,explicit,43,50,3190046720,1571.811279296875,399.55859375,0.0543754324316978,1.5467476844787598,0.00132886483334
5282izw1,expfm_4g,explicit,43,50,3200040960,1596.97509765625,403.205078125,0.0525405257940292,1.545441508293152,0.0012881367001682
5282izw1,expfm_4g,explicit,43,50,3210035200,1611.7706298828125,406.7880859375,0.0520311892032623,1.5348968505859375,0.001249449327588
5282izw1,expfm_4g,explicit,43,50,3220029440,1617.1712646484375,408.12109375,0.051488846540451,1.5134096145629885,0.0010790675878524
5282izw1,expfm_4g,explicit,43,50,3230023680,1614.27880859375,406.060546875,0.0501124747097492,1.5255563259124756,0.0012563653290271
5282izw1,expfm_4g,explicit,43,50,3240017920,1635.4527587890625,412.25390625,0.0528188720345497,1.522334337234497,0.0010520708747208
5282izw1,expfm_4g,explicit,43,50,3250012160,1572.237548828125,396.7138671875,0.0506383590400218,1.5166622400283811,0.0014669108204543
5282izw1,expfm_4g,explicit,43,50,3260006400,1633.22216796875,411.1533203125,0.0493028983473777,1.515264630317688,0.0010554154869168
5282izw1,expfm_4g,explicit,43,50,3270000640,1627.591552734375,409.384765625,0.0484248027205467,1.4903239011764526,0.0010704840533435
5282izw1,expfm_4g,explicit,43,50,3280076800,1562.383544921875,397.5537109375,0.0568687655031681,1.598046064376831,0.0014157673576846
5282izw1,expfm_4g,explicit,43,50,3290071040,1607.693115234375,407.904296875,0.05478947609663,1.5880064964294434,0.0012081812601536
5282izw1,expfm_4g,explicit,43,50,3300065280,1611.6826171875,407.107421875,0.0493138171732425,1.5552517175674438,0.0012039865832775
5282izw1,expfm_4g,explicit,43,50,3310059520,1625.824462890625,407.2392578125,0.0481088086962699,1.531752109527588,0.0011421234812587
5282izw1,expfm_4g,explicit,43,50,3320053760,1600.397705078125,406.208984375,0.0549606457352638,1.5500977039337158,0.0011900530662387
5282izw1,expfm_4g,explicit,43,50,3330048000,1583.3035888671875,402.291015625,0.055701594799757,1.5741961002349854,0.0012858649715781
5282izw1,expfm_4g,explicit,43,50,3340042240,1590.66796875,399.8525390625,0.056247279047966,1.556471586227417,0.0013956021284684
5282izw1,expfm_4g,explicit,43,50,3350036480,1604.61376953125,404.728515625,0.0489360615611076,1.4982622861862185,0.0012316645588725
5282izw1,expfm_4g,explicit,43,50,3360030720,1597.884521484375,402.57421875,0.0528418272733688,1.5350607633590698,0.0013044144725427
5282izw1,expfm_4g,explicit,43,50,3370024960,1612.81982421875,407.9638671875,0.0497217923402786,1.5395110845565796,0.0010960608487948
5282izw1,expfm_4g,explicit,43,50,3380019200,1614.016845703125,406.9130859375,0.0529416278004646,1.5226386785507202,0.0011948312167078
5282izw1,expfm_4g,explicit,43,50,3390013440,1603.80322265625,406.423828125,0.050670675933361,1.5400917530059814,0.001239706412889
5282izw1,expfm_4g,explicit,43,50,3400007680,1631.683837890625,409.79296875,0.0505575537681579,1.5195071697235107,0.0011074976064264
5282izw1,expfm_4g,explicit,43,50,3410001920,1567.3643798828125,400.6640625,0.0540749654173851,1.571609616279602,0.0013093567686155
5282izw1,expfm_4g,explicit,43,50,3420078080,1605.4581298828125,411.2294921875,0.0511516071856021,1.5277352333068848,0.0010513477027416
5282izw1,expfm_4g,explicit,43,50,3430072320,1579.090576171875,398.140625,0.053643487393856,1.5522496700286863,0.0014563885051757
5282izw1,expfm_4g,explicit,43,50,3440066560,1609.6895751953125,403.8271484375,0.0500669628381729,1.534742832183838,0.0012515310663729
5282izw1,expfm_4g,explicit,43,50,3450060800,1616.5872802734375,410.8447265625,0.0506372302770614,1.5615125894546509,0.0010726859327405
5282izw1,expfm_4g,explicit,43,50,3460055040,1599.265380859375,404.71484375,0.0535252466797828,1.5311241149902344,0.0012860314454883
5282izw1,expfm_4g,explicit,43,50,3470049280,1583.362548828125,399.42578125,0.052875131368637,1.5526256561279297,0.001394260325469
5282izw1,expfm_4g,explicit,43,50,3480043520,1566.1558837890625,396.4638671875,0.0533124580979347,1.5864163637161257,0.0014603770105168
5282izw1,expfm_4g,explicit,43,50,3490037760,1614.7379150390625,405.552734375,0.0521990060806274,1.5343825817108154,0.0011941699776798
5282izw1,expfm_4g,explicit,43,50,3500032000,1591.780517578125,404.015625,0.052183024585247,1.5624878406524658,0.0013431627303361
5282izw1,expfm_4g,explicit,43,50,3510026240,1578.380859375,401.404296875,0.0529785975813865,1.5577757358551023,0.0013503906084224
5282izw1,expfm_4g,explicit,43,50,3520020480,1583.654052734375,402.37890625,0.0565112978219985,1.5617173910140991,0.0013129143044352
5282izw1,expfm_4g,explicit,43,50,3530014720,1557.474609375,396.833984375,0.0530614629387855,1.5431056022644043,0.0014103774446994
5282izw1,expfm_4g,explicit,43,50,3540008960,1638.056396484375,411.5546875,0.0490951165556907,1.5078349113464355,0.0010787319624796
5282izw1,expfm_4g,explicit,43,50,3550003200,1588.4832763671875,399.6923828125,0.0530624240636825,1.5141377449035645,0.0013723280280828
5282izw1,expfm_4g,explicit,43,50,3560079360,1606.81787109375,410.146484375,0.0527752973139286,1.554204344749451,0.0011078479001298
5282izw1,expfm_4g,explicit,43,50,3570073600,1629.23095703125,410.408203125,0.0590790957212448,1.5139429569244385,0.0010431602131575
5282izw1,expfm_4g,explicit,43,50,3580067840,1620.231201171875,411.3408203125,0.0532324351370334,1.575800895690918,0.0010381535394117
5282izw1,expfm_4g,explicit,43,50,3590062080,1578.04931640625,398.61328125,0.05557831376791,1.5244474411010742,0.0014170152135193
5282izw1,expfm_4g,explicit,43,50,3600056320,1580.698974609375,399.8583984375,0.0517472326755523,1.549388766288757,0.0013655573129653
5282izw1,expfm_4g,explicit,43,50,3610050560,1570.7589111328125,397.5888671875,0.0561091601848602,1.5476454496383667,0.0014612667728215
5282izw1,expfm_4g,explicit,43,50,3620044800,1601.833984375,405.0087890625,0.0528077408671379,1.545737624168396,0.0012158025056123
5282izw1,expfm_4g,explicit,43,50,3630039040,1598.931396484375,404.3994140625,0.0629021599888801,1.541110277175903,0.0012166089145466
5282izw1,expfm_4g,explicit,43,50,3640033280,1581.6295166015625,399.1953125,0.0527462363243103,1.5657851696014404,0.0013704063603654
5282izw1,expfm_4g,explicit,43,50,3650027520,1605.467041015625,405.4912109375,0.052764318883419,1.5578844547271729,0.0012008600169792
5282izw1,expfm_4g,explicit,43,50,3660021760,1605.78662109375,409.9833984375,0.0534756071865558,1.5772128105163574,0.0010730547364801
5282izw1,expfm_4g,explicit,43,50,3670016000,1597.65869140625,401.8369140625,0.0529359802603721,1.531476974487305,0.0013102327939122
5282izw1,expfm_4g,explicit,43,50,3680010240,1616.1220703125,407.6806640625,0.0496114194393157,1.537494421005249,0.0010983336251229
5282izw1,expfm_4g,explicit,43,50,3690004480,1625.38671875,408.248046875,0.0484744533896446,1.5355889797210691,0.0011336639290675
5282izw1,expfm_4g,explicit,43,50,3700080640,1582.721923828125,401.0537109375,0.0526459030807018,1.5714503526687622,0.0013640138786286
5282izw1,expfm_4g,explicit,43,50,3710074880,1588.66943359375,403.4052734375,0.0521102771162986,1.56901216506958,0.0012706273701041
5282izw1,expfm_4g,explicit,43,50,3720069120,1600.5828857421875,404.0341796875,0.0501831322908401,1.503912091255188,0.001253627706319
5282izw1,expfm_4g,explicit,43,50,3730063360,1572.5439453125,398.326171875,0.0561598017811775,1.5890953540802002,0.0014968088362365
5282izw1,expfm_4g,explicit,43,50,3740057600,1614.12890625,408.408203125,0.050232995301485,1.5310766696929932,0.0011342347133904
5282izw1,expfm_4g,explicit,43,50,3750051840,1626.02587890625,409.04296875,0.0475188121199607,1.508694410324097,0.0010602308902889
5282izw1,expfm_4g,explicit,43,50,3760046080,1626.78857421875,410.9033203125,0.0497588440775871,1.5491100549697876,0.0011019002413377
5282izw1,expfm_4g,explicit,43,50,3770040320,1618.939697265625,406.609375,0.0510622672736644,1.5259945392608645,0.0012302544200792
5282izw1,expfm_4g,explicit,43,50,3780034560,1638.442138671875,411.5595703125,0.0501558110117912,1.4992618560791016,0.0009891319787129
5282izw1,expfm_4g,explicit,43,50,3790028800,1630.4659423828125,409.6455078125,0.0497418902814388,1.5089691877365112,0.0010733542731031
5282izw1,expfm_4g,explicit,43,50,3800023040,1622.44970703125,408.6767578125,0.0485621318221092,1.508529782295227,0.0011327504180371
5282izw1,expfm_4g,explicit,43,50,3810017280,1641.17333984375,410.248046875,0.0478420443832874,1.503206729888916,0.0011077113449573
5282izw1,expfm_4g,explicit,43,50,3820011520,1603.01318359375,404.6875,0.0510311312973499,1.5060285329818726,0.0011894947383552
5282izw1,expfm_4g,explicit,43,50,3830005760,1607.53271484375,404.04296875,0.05072807893157,1.51648211479187,0.0012609898112714
5282izw1,expfm_4g,explicit,43,50,3840000000,1592.09130859375,401.4873046875,0.0534148141741752,1.562831163406372,0.0013884385116398
5282izw1,expfm_4g,explicit,43,50,3850076160,1625.640380859375,405.7734375,0.0478946566581726,1.5048974752426147,0.001192711526528
5282izw1,expfm_4g,explicit,43,50,3860070400,1640.937255859375,413.3310546875,0.0472366735339164,1.5436713695526123,0.0009660254581831
5282izw1,expfm_4g,explicit,43,50,3870064640,1612.0638427734375,411.5810546875,0.0500893518328666,1.5502614974975586,0.001086849020794
5282izw1,expfm_4g,explicit,43,50,3880058880,1609.818115234375,404.841796875,0.0523594990372657,1.5689480304718018,0.0012796761002391
5282izw1,expfm_4g,explicit,43,50,3890053120,1628.73291015625,409.8837890625,0.0492970868945121,1.513666033744812,0.0010729341302067
5282izw1,expfm_4g,explicit,43,50,3900047360,1635.991943359375,410.423828125,0.0488775297999382,1.5212974548339844,0.00107822206337
5282izw1,expfm_4g,explicit,43,50,3910041600,1645.4112548828125,413.7763671875,0.0476309433579444,1.512047290802002,0.0009529730305075
5282izw1,expfm_4g,explicit,43,50,3920035840,1619.4580078125,408.6474609375,0.0490945950150489,1.5181537866592407,0.0012081798631697
5282izw1,expfm_4g,explicit,43,50,3930030080,1602.46533203125,403.2177734375,0.0509406514465808,1.539036750793457,0.0012709882576018
5282izw1,expfm_4g,explicit,43,50,3940024320,1568.2470703125,401.1689453125,0.0512001886963844,1.5510611534118652,0.0013351042289286
5282izw1,expfm_4g,explicit,43,50,3950018560,1594.70751953125,404.05078125,0.057957749813795,1.5592432022094729,0.0012913655955344
5282izw1,expfm_4g,explicit,43,50,3960012800,1628.3896484375,409.212890625,0.0500477105379104,1.534335374832153,0.0011401185765862
5282izw1,expfm_4g,explicit,43,50,3970007040,1635.7509765625,411.2939453125,0.0487660393118858,1.5211327075958252,0.0010034095030277
5282izw1,expfm_4g,explicit,43,50,3980001280,1587.222412109375,399.1826171875,0.0515683777630329,1.5394381284713743,0.0013338136486709
5282izw1,expfm_4g,explicit,43,50,3990077440,1609.9385986328125,403.9853515625,0.052077479660511,1.5292770862579346,0.001205361681059
5282izw1,expfm_4g,explicit,43,50,4000071680,1571.4384765625,397.1259765625,0.0527887195348739,1.505927562713623,0.0015491155209019
eqr1acos,expfm_4g,explicit,43,30,10076160,560.5345458984375,221.49609375,0.0777460485696792,2.54338812828064,0.0107897156849503
eqr1acos,expfm_4g,explicit,43,30,20070400,593.3438110351562,231.9130859375,0.0756756141781807,2.5272738933563232,0.0091196428984403
eqr1acos,expfm_4g,explicit,43,30,30064640,632.152099609375,227.6826171875,0.0878360569477081,2.2147347927093506,0.0091348327696323
eqr1acos,expfm_4g,explicit,43,30,40058880,718.50634765625,251.2626953125,0.0743756890296936,2.247133731842041,0.0078543173149228
eqr1acos,expfm_4g,explicit,43,30,50053120,736.8690795898438,252.6884765625,0.0778757333755493,2.119319438934326,0.0079633370041847
eqr1acos,expfm_4g,explicit,43,30,60047360,782.458251953125,255.7490234375,0.0693440437316894,2.04763126373291,0.0070052649825811
eqr1acos,expfm_4g,explicit,43,30,70041600,795.9219970703125,258.0341796875,0.0667767077684402,1.974082469940185,0.0072875265032052
eqr1acos,expfm_4g,explicit,43,30,80035840,834.9007568359375,265.6748046875,0.0649624839425087,1.9577841758728027,0.006463867612183
eqr1acos,expfm_4g,explicit,43,30,90030080,861.0267333984375,267.810546875,0.0621020905673503,1.915744662284851,0.0062128705903887
eqr1acos,expfm_4g,explicit,43,30,100024320,864.4354248046875,271.8623046875,0.0613234043121337,1.9158024787902832,0.0061084455810487
eqr1acos,expfm_4g,explicit,43,30,110018560,894.0886840820312,275.42578125,0.0585580728948116,1.828315258026123,0.0058295801281929
eqr1acos,expfm_4g,explicit,43,30,120012800,888.7125244140625,272.404296875,0.063197523355484,1.9163687229156492,0.0058417571708559
eqr1acos,expfm_4g,explicit,43,30,130007040,926.8148193359376,280.4951171875,0.060682289302349,1.887786626815796,0.0055643990635871
eqr1acos,expfm_4g,explicit,43,30,140001280,928.9278564453124,279.5390625,0.0612787492573261,1.8483269214630127,0.0056436420418322
eqr1acos,expfm_4g,explicit,43,30,150077440,985.30517578125,299.029296875,0.0818651095032692,1.8591454029083248,0.0048273364081978
eqr1acos,expfm_4g,explicit,43,30,160071680,1020.6300048828124,302.5966796875,0.0676554143428802,1.7741515636444092,0.004746064543724
eqr1acos,expfm_4g,explicit,43,30,170065920,1074.97021484375,319.4443359375,0.068693570792675,1.8510494232177732,0.0043389732018113
eqr1acos,expfm_4g,explicit,43,30,180060160,1155.46435546875,340.8505859375,0.0627729818224906,1.8288578987121584,0.0037167719565331
eqr1acos,expfm_4g,explicit,43,30,190054400,1144.7945556640625,333.421875,0.0668884664773941,1.7971389293670654,0.0036528082564473
eqr1acos,expfm_4g,explicit,43,30,200048640,1168.768310546875,340.37890625,0.0650531649589538,1.816527366638184,0.0036460435949265
eqr1acos,expfm_4g,explicit,43,30,210042880,1171.5242919921875,339.3935546875,0.0628371387720108,1.7804744243621826,0.0034391770604997
eqr1acos,expfm_4g,explicit,43,30,220037120,1198.7244873046875,348.265625,0.063421681523323,1.7851991653442385,0.003288310021162
eqr1acos,expfm_4g,explicit,43,30,230031360,1206.1884765625,345.330078125,0.0604210197925567,1.7329025268554688,0.0033115604892373
eqr1acos,expfm_4g,explicit,43,30,240025600,1286.733642578125,368.12890625,0.0608055368065834,1.7383924722671509,0.0025509493425488
eqr1acos,expfm_4g,explicit,43,30,250019840,1264.3046875,357.177734375,0.0592438578605651,1.6888597011566162,0.0028908613603562
eqr1acos,expfm_4g,explicit,43,30,260014080,1277.899169921875,354.05078125,0.0618325471878051,1.6464388370513916,0.0029608588665723
eqr1acos,expfm_4g,explicit,43,30,270008320,1239.5728759765625,345.091796875,0.0641355663537979,1.662808179855347,0.0032356376759707
eqr1acos,expfm_4g,explicit,43,30,280002560,1260.5185546875,350.015625,0.0668438971042633,1.6875137090682983,0.0029772259294986
eqr1acos,expfm_4g,explicit,43,30,290078720,1255.307373046875,344.689453125,0.0648107975721359,1.6769447326660156,0.0031363083980977
eqr1acos,expfm_4g,explicit,43,30,300072960,1248.5426025390625,339.9638671875,0.0620014742016792,1.6162186861038208,0.0033612307161092
eqr1acos,expfm_4g,explicit,43,30,310067200,1283.435546875,349.3583984375,0.0603705085813999,1.616316318511963,0.0031851201783865
eqr1acos,expfm_4g,explicit,43,30,320061440,1296.22021484375,352.8720703125,0.0595658123493194,1.6151432991027832,0.0030416906811296
eqr1acos,expfm_4g,explicit,43,30,330055680,1350.859375,368.6748046875,0.0604633539915084,1.6621249914169312,0.002516973298043
eqr1acos,expfm_4g,explicit,43,30,340049920,1326.3477783203125,355.814453125,0.0601674914360046,1.628713607788086,0.0028677890077233
eqr1acos,expfm_4g,explicit,43,30,350044160,1334.5908203125,361.4970703125,0.0569357946515083,1.6152739524841309,0.0026331127155572
eqr1acos,expfm_4g,explicit,43,30,360038400,1323.298583984375,354.69140625,0.0592240579426288,1.597528338432312,0.0029459388460963
eqr1acos,expfm_4g,explicit,43,30,370032640,1363.3812255859375,363.4208984375,0.0569784939289093,1.598660230636597,0.0026983977295458
eqr1acos,expfm_4g,explicit,43,30,380026880,1334.0738525390625,354.759765625,0.0588093325495719,1.6209900379180908,0.0030049718916416
eqr1acos,expfm_4g,explicit,43,30,390021120,1392.1021728515625,372.791015625,0.0565256029367446,1.6249957084655762,0.002383172744885
eqr1acos,expfm_4g,explicit,43,30,400015360,1320.73974609375,353.169921875,0.0608124248683452,1.6426846981048584,0.0029856651090085
eqr1acos,expfm_4g,explicit,43,30,410009600,1303.65576171875,351.2109375,0.0585345104336738,1.5936840772628784,0.0029408885166049
eqr1acos,expfm_4g,explicit,43,30,420003840,1365.972900390625,359.0546875,0.0558800920844078,1.5374891757965088,0.002758374903351
eqr1acos,expfm_4g,explicit,43,30,430080000,1452.18701171875,379.9130859375,0.0525382980704307,1.5535500049591064,0.0020588643383234
eqr1acos,expfm_4g,explicit,43,30,440074240,1451.7021484375,380.9599609375,0.0543566644191741,1.5701096057891846,0.0021198070608079
eqr1acos,expfm_4g,explicit,43,30,450068480,1462.8804931640625,381.337890625,0.0521830096840858,1.5526471138000488,0.0022037904709577
eqr1acos,expfm_4g,explicit,43,30,460062720,1433.8310546875,380.0966796875,0.0554958656430244,1.623049259185791,0.0021059149876236
eqr1acos,expfm_4g,explicit,43,30,470056960,1431.6217041015625,377.673828125,0.0545949041843414,1.5983450412750244,0.0020848191343247
eqr1acos,expfm_4g,explicit,43,30,480051200,1411.17626953125,370.447265625,0.0579259656369686,1.5839943885803225,0.0023560603149235
eqr1acos,expfm_4g,explicit,43,30,490045440,1426.7894287109375,372.8837890625,0.0561771094799041,1.5776207447052002,0.0023715179413557
eqr1acos,expfm_4g,explicit,43,30,500039680,1440.4169921875,377.87109375,0.0572706758975982,1.5926766395568848,0.0022294379305094
eqr1acos,expfm_4g,explicit,43,30,510033920,1457.200439453125,380.8779296875,0.0528529658913612,1.560056209564209,0.002055442193523
eqr1acos,expfm_4g,explicit,43,30,520028160,1477.5283203125,386.2255859375,0.0536367669701576,1.552962064743042,0.0019766008481383
eqr1acos,expfm_4g,explicit,43,30,530022400,1473.2841796875,383.328125,0.053077857941389,1.5504429340362549,0.002044687513262
eqr1acos,expfm_4g,explicit,43,30,540016640,1486.394775390625,385.4130859375,0.052502267062664,1.5435354709625244,0.0019178646616637
eqr1acos,expfm_4g,explicit,43,30,550010880,1491.959228515625,388.1328125,0.0530661307275295,1.5634820461273191,0.0017971820197999
eqr1acos,expfm_4g,explicit,43,30,560005120,1490.611083984375,386.9228515625,0.049563892185688,1.5403327941894531,0.0017463670810684
eqr1acos,expfm_4g,explicit,43,30,570081280,1495.700439453125,387.2021484375,0.0527622029185295,1.546919822692871,0.0019138763891533
eqr1acos,expfm_4g,explicit,43,30,580075520,1453.20556640625,380.2080078125,0.0531186312437057,1.5570862293243408,0.0020847951527684
eqr1acos,expfm_4g,explicit,43,30,590069760,1477.873291015625,382.517578125,0.0540050528943538,1.5708681344985962,0.0020318110473454
eqr1acos,expfm_4g,explicit,43,30,600064000,1500.90283203125,384.94140625,0.0519379749894142,1.5062198638916016,0.0020287043880671
eqr1acos,expfm_4g,explicit,43,30,610058240,1496.36083984375,385.693359375,0.0515180528163909,1.5526127815246582,0.0019345106557011
eqr1acos,expfm_4g,explicit,43,30,620052480,1512.9862060546875,389.8779296875,0.0495632551610469,1.5176275968551636,0.0018359274836257
eqr1acos,expfm_4g,explicit,43,30,630046720,1522.7957763671875,395.1279296875,0.0502266362309455,1.5565989017486572,0.0016453897114843
eqr1acos,expfm_4g,explicit,43,30,640040960,1519.4862060546875,392.5537109375,0.0498462356626987,1.5224146842956543,0.0016972851008176
eqr1acos,expfm_4g,explicit,43,30,650035200,1522.308837890625,392.44921875,0.0505795702338218,1.5028538703918457,0.0017018037615343
eqr1acos,expfm_4g,explicit,43,30,660029440,1533.19482421875,396.876953125,0.0479098781943321,1.5113327503204346,0.0015503127360716
eqr1acos,expfm_4g,explicit,43,30,670023680,1545.7039794921875,395.6826171875,0.0458737909793853,1.4954715967178345,0.0015389610780403
eqr1acos,expfm_4g,explicit,43,30,680017920,1517.8638916015625,389.119140625,0.0493661537766456,1.5454562902450562,0.0017736093141138
eqr1acos,expfm_4g,explicit,43,30,690012160,1532.3272705078125,391.8662109375,0.0472285635769367,1.5469123125076294,0.0018768965965136
eqr1acos,expfm_4g,explicit,43,30,700006400,1516.458251953125,390.9091796875,0.0495330467820167,1.5346487760543823,0.0018460305873304
eqr1acos,expfm_4g,explicit,43,30,710000640,1547.84375,394.8701171875,0.0460205301642417,1.518648386001587,0.0016417087754234
eqr1acos,expfm_4g,explicit,43,30,720076800,1555.09228515625,397.9189453125,0.0466717183589935,1.519866943359375,0.0015284743858501
eqr1acos,expfm_4g,explicit,43,30,730071040,1527.475830078125,393.7177734375,0.0491424426436424,1.5418826341629028,0.0018770343158394
eqr1acos,expfm_4g,explicit,43,30,740065280,1564.080322265625,395.7939453125,0.0463957339525222,1.5103380680084229,0.0016282272990792
eqr1acos,expfm_4g,explicit,43,30,750059520,1562.044189453125,398.5517578125,0.0459678657352924,1.5334091186523438,0.0014973540091887
eqr1acos,expfm_4g,explicit,43,30,760053760,1548.5577392578125,394.3095703125,0.0482747107744216,1.5133938789367676,0.001679180888459
eqr1acos,expfm_4g,explicit,43,30,770048000,1569.1099853515625,397.8740234375,0.0472478345036506,1.5018320083618164,0.0015490198275074
eqr1acos,expfm_4g,explicit,43,30,780042240,1573.3095703125,401.62109375,0.0460455119609832,1.5280897617340088,0.0013900452759116
eqr1acos,expfm_4g,explicit,43,30,790036480,1591.8131103515625,402.169921875,0.0464038550853729,1.4913698434829712,0.001406583469361
eqr1acos,expfm_4g,explicit,43,30,800030720,1577.782470703125,398.228515625,0.0445510223507881,1.4960962533950806,0.001500968937762
eqr1acos,expfm_4g,explicit,43,30,810024960,1557.3140869140625,395.154296875,0.0506235733628273,1.532941222190857,0.0015781780239194
eqr1acos,expfm_4g,explicit,43,30,820019200,1534.7027587890625,391.1767578125,0.046046569943428,1.498003602027893,0.0016682627610862
eqr1acos,expfm_4g,explicit,43,30,830013440,1561.6934814453125,395.5556640625,0.0468562878668308,1.5177414417266846,0.0015197013271972
eqr1acos,expfm_4g,explicit,43,30,840007680,1602.49462890625,407.365234375,0.0440973751246929,1.5303843021392822,0.0012122428743168
eqr1acos,expfm_4g,explicit,43,30,850001920,1593.306396484375,404.3935546875,0.0443197935819625,1.5063560009002686,0.0012660711072385
eqr1acos,expfm_4g,explicit,43,30,860078080,1585.55126953125,401.02734375,0.0461480654776096,1.4974600076675415,0.0013380907475948
eqr1acos,expfm_4g,explicit,43,30,870072320,1566.441650390625,396.4755859375,0.0484778732061386,1.5250989198684692,0.0015358499949797
eqr1acos,expfm_4g,explicit,43,30,880066560,1596.250244140625,406.3681640625,0.0476459711790084,1.5140970945358276,0.0012477282434701
eqr1acos,expfm_4g,explicit,43,30,890060800,1568.3585205078125,396.970703125,0.0489597506821155,1.5302106142044067,0.0015250999713316
eqr1acos,expfm_4g,explicit,43,30,900055040,1571.4892578125,400.333984375,0.047760285437107,1.5100806951522827,0.0013793457765132
eqr1acos,expfm_4g,explicit,43,30,910049280,1559.888916015625,397.1884765625,0.0474850684404373,1.5403575897216797,0.001519042882137
eqr1acos,expfm_4g,explicit,43,30,920043520,1584.6439208984375,399.203125,0.0456688776612281,1.4994617700576782,0.0015186190139502
eqr1acos,expfm_4g,explicit,43,30,930037760,1579.980224609375,400.5625,0.0454318895936012,1.5332916975021362,0.0014035822823643
eqr1acos,expfm_4g,explicit,43,30,940032000,1596.02294921875,404.72265625,0.0458554662764072,1.531343698501587,0.0013293598312884
eqr1acos,expfm_4g,explicit,43,30,950026240,1616.63427734375,408.474609375,0.0425310246646404,1.491522192955017,0.0011198709253221
eqr1acos,expfm_4g,explicit,43,30,960020480,1621.0201416015625,407.8154296875,0.04145148396492,1.484357833862305,0.0011374824680387
eqr1acos,expfm_4g,explicit,43,30,970014720,1575.5587158203125,398.2802734375,0.0438425205647945,1.524225831031799,0.0014947202289476
eqr1acos,expfm_4g,explicit,43,30,980008960,1556.389892578125,392.4443359375,0.0479909963905811,1.521087884902954,0.0017055524513125
eqr1acos,expfm_4g,explicit,43,30,990003200,1619.271240234375,409.2919921875,0.0499446988105773,1.4976658821105957,0.0011464486597105
eqr1acos,expfm_4g,explicit,43,30,1000079360,1614.32177734375,405.0849609375,0.0425842404365539,1.4940804243087769,0.0012086371425539
eqr1acos,expfm_4g,explicit,43,30,1010073600,1600.5484619140625,401.724609375,0.0428885221481323,1.4921047687530518,0.0013355130795389
eqr1acos,expfm_4g,explicit,43,30,1020067840,1584.640869140625,400.517578125,0.0461201183497905,1.501401424407959,0.001448715571314
eqr1acos,expfm_4g,explicit,43,30,1030062080,1563.044677734375,396.1396484375,0.0479592606425285,1.5369398593902588,0.0016123820096254
eqr1acos,expfm_4g,explicit,43,30,1040056320,1607.1219482421875,402.3349609375,0.0444798208773136,1.4683071374893188,0.0013965426478534
eqr1acos,expfm_4g,explicit,43,30,1050050560,1600.0029296875,404.0947265625,0.0449578613042831,1.5273916721343994,0.0013923852238804
eqr1acos,expfm_4g,explicit,43,30,1060044800,1602.70068359375,401.294921875,0.0451806783676147,1.481157302856445,0.0014495903160423
eqr1acos,expfm_4g,explicit,43,30,1070039040,1574.2548828125,398.515625,0.0468057990074157,1.532597303390503,0.001477661775425
eqr1acos,expfm_4g,explicit,43,30,1080033280,1606.0653076171875,403.884765625,0.0439226925373077,1.5109302997589111,0.0013196578947827
eqr1acos,expfm_4g,explicit,43,30,1090027520,1605.8985595703125,403.4267578125,0.0452681221067905,1.5061676502227783,0.0014036889187991
eqr1acos,expfm_4g,explicit,43,30,1100021760,1604.7823486328125,404.431640625,0.0436187088489532,1.488689422607422,0.0013273494550958
eqr1acos,expfm_4g,explicit,43,30,1110016000,1623.718505859375,405.34765625,0.0412984080612659,1.4694715738296509,0.0013016436714679
eqr1acos,expfm_4g,explicit,43,30,1120010240,1627.7623291015625,409.23046875,0.0420128181576728,1.4860985279083252,0.0011424426920711
eqr1acos,expfm_4g,explicit,43,30,1130004480,1617.466552734375,405.1298828125,0.0426741763949394,1.4794304370880127,0.0013030304107815
eqr1acos,expfm_4g,explicit,43,30,1140080640,1616.22021484375,406.775390625,0.0435779206454753,1.526886224746704,0.0011990925995633
eqr1acos,expfm_4g,explicit,43,30,1150074880,1585.7523193359375,399.2216796875,0.0448915958404541,1.507748246192932,0.0014921290567144
eqr1acos,expfm_4g,explicit,43,30,1160069120,1616.85986328125,406.2001953125,0.0457345694303512,1.501484751701355,0.001320959883742
eqr1acos,expfm_4g,explicit,43,30,1170063360,1633.947509765625,404.73046875,0.0431390479207038,1.4622066020965576,0.0012989449314773
eqr1acos,expfm_4g,explicit,43,30,1180057600,1612.27197265625,403.966796875,0.0445460453629493,1.5023317337036133,0.0012737377546727
eqr1acos,expfm_4g,explicit,43,30,1190051840,1633.1688232421875,407.05078125,0.0440470054745674,1.4591615200042725,0.0011866013519465
eqr1acos,expfm_4g,explicit,43,30,1200046080,1622.3377685546875,405.8427734375,0.0427380986511707,1.4807417392730713,0.0011679301969707
eqr1acos,expfm_4g,explicit,43,30,1210040320,1602.77001953125,399.6435546875,0.0438106097280979,1.4866950511932373,0.0013907373649999
eqr1acos,expfm_4g,explicit,43,30,1220034560,1601.3701171875,401.3310546875,0.0429697856307029,1.4896819591522217,0.0013891464332118
eqr1acos,expfm_4g,explicit,43,30,1230028800,1610.8603515625,402.205078125,0.0452514700591564,1.483938694000244,0.0013420573668554
eqr1acos,expfm_4g,explicit,43,30,1240023040,1633.392333984375,407.27734375,0.0422438383102417,1.473249077796936,0.0012607064563781
eqr1acos,expfm_4g,explicit,43,30,1250017280,1638.130859375,409.2548828125,0.0424034744501113,1.479101538658142,0.0010821318719536
eqr1acos,expfm_4g,explicit,43,30,1260011520,1584.811767578125,396.03515625,0.0455657765269279,1.4836621284484863,0.0015419675037264
eqr1acos,expfm_4g,explicit,43,30,1270005760,1594.18212890625,399.5361328125,0.0472571961581707,1.471393346786499,0.0014235092094168
eqr1acos,expfm_4g,explicit,43,30,1280000000,1604.364501953125,401.3232421875,0.0413286313414573,1.4513795375823977,0.0013537346385419
eqr1acos,expfm_4g,explicit,43,30,1290076160,1596.11572265625,399.552734375,0.0428384430706501,1.4678640365600586,0.0013992220629006
eqr1acos,expfm_4g,explicit,43,30,1300070400,1611.947998046875,404.5048828125,0.0443530716001987,1.4811195135116575,0.0012398608960211
eqr1acos,expfm_4g,explicit,43,30,1310064640,1645.2791748046875,410.9521484375,0.0400324240326881,1.483091115951538,0.0011170260841026
eqr1acos,expfm_4g,explicit,43,30,1320058880,1624.772705078125,405.2333984375,0.0436319112777709,1.486140251159668,0.0013371161185204
eqr1acos,expfm_4g,explicit,43,30,1330053120,1654.7933349609375,412.556640625,0.0412600710988044,1.471262812614441,0.0010582524118945
eqr1acos,expfm_4g,explicit,43,30,1340047360,1623.3597412109375,406.041015625,0.0453441888093948,1.5067188739776611,0.0012408564798533
eqr1acos,expfm_4g,explicit,43,30,1350041600,1638.9244384765625,407.435546875,0.0418836064636707,1.4413925409317017,0.0011541966814547
eqr1acos,expfm_4g,explicit,43,30,1360035840,1629.2041015625,404.0751953125,0.041735753417015,1.4633290767669678,0.0013185216812416
eqr1acos,expfm_4g,explicit,43,30,1370030080,1596.2545166015625,397.857421875,0.0440530553460121,1.4875164031982422,0.0015187517274171
eqr1acos,expfm_4g,explicit,43,30,1380024320,1609.5404052734375,401.478515625,0.0413664951920509,1.4393088817596436,0.0013744446914643
eqr1acos,expfm_4g,explicit,43,30,1390018560,1625.06005859375,406.9501953125,0.0437837094068527,1.460736870765686,0.0011790653225034
eqr1acos,expfm_4g,explicit,43,30,1400012800,1675.485595703125,415.7001953125,0.0399430058896541,1.4440631866455078,0.0009618358453735
eqr1acos,expfm_4g,explicit,43,30,1410007040,1630.9659423828125,410.3056640625,0.0430640801787376,1.4884191751480105,0.0011069208849221
eqr1acos,expfm_4g,explicit,43,30,1420001280,1630.498046875,403.0517578125,0.0400976538658142,1.4273303747177124,0.0013522992376238
eqr1acos,expfm_4g,explicit,43,30,1430077440,1622.50537109375,406.0595703125,0.0456762239336967,1.4689583778381348,0.0012451789807528
eqr1acos,expfm_4g,explicit,43,30,1440071680,1657.346435546875,411.5166015625,0.0404489859938621,1.452301263809204,0.0010166757274419
eqr1acos,expfm_4g,explicit,43,30,1450065920,1617.26904296875,402.3388671875,0.0439106449484825,1.4621587991714478,0.0013058010954409
eqr1acos,expfm_4g,explicit,43,30,1460060160,1660.49072265625,410.1044921875,0.0399507470428943,1.4423930644989014,0.0010361479362472
eqr1acos,expfm_4g,explicit,43,30,1470054400,1644.4351806640625,408.1787109375,0.0414505377411842,1.463028907775879,0.001205526292324
eqr1acos,expfm_4g,explicit,43,30,1480048640,1649.29833984375,411.1005859375,0.0425938591361045,1.4650663137435913,0.0011246458161622
eqr1acos,expfm_4g,explicit,43,30,1490042880,1637.47314453125,406.9794921875,0.0447541624307632,1.4575934410095217,0.0011743959039449
eqr1acos,expfm_4g,explicit,43,30,1500037120,1658.3291015625,413.892578125,0.0402429774403572,1.4406479597091677,0.0010483239311724
eqr1acos,expfm_4g,explicit,43,30,1510031360,1648.869384765625,410.306640625,0.0396271869540214,1.4429190158843994,0.0010623729322105
eqr1acos,expfm_4g,explicit,43,30,1520025600,1635.9552001953125,407.6748046875,0.0404172241687774,1.451305627822876,0.0012105097994208
eqr1acos,expfm_4g,explicit,43,30,1530019840,1656.97509765625,412.615234375,0.0391479805111885,1.4334444999694824,0.0010048623662441
eqr1acos,expfm_4g,explicit,43,30,1540014080,1645.1123046875,408.3955078125,0.0431121960282325,1.4392011165618896,0.0011846722336485
eqr1acos,expfm_4g,explicit,43,30,1550008320,1646.082275390625,408.9873046875,0.0419429466128349,1.4482173919677734,0.0011316891759634
eqr1acos,expfm_4g,explicit,43,30,1560002560,1663.1318359375,413.95703125,0.0386742502450943,1.4496634006500244,0.0009567848173901
eqr1acos,expfm_4g,explicit,43,30,1570078720,1634.722900390625,408.728515625,0.0428837724030017,1.4486689567565918,0.0012605080846697
eqr1acos,expfm_4g,explicit,43,30,1580072960,1655.078125,407.7021484375,0.0396769344806671,1.428764581680298,0.0011929780011996
eqr1acos,expfm_4g,explicit,43,30,1590067200,1644.589599609375,408.9755859375,0.0428506284952163,1.459315299987793,0.0011509931646287
eqr1acos,expfm_4g,explicit,43,30,1600061440,1611.32275390625,400.1435546875,0.0431832820177078,1.445183038711548,0.0014560214476659
gla1tfc5,expfm_4g,explicit,43,20,10076160,547.0003662109375,209.494140625,0.072282388806343,2.4749600887298584,0.0106914136558771
gla1tfc5,expfm_4g,explicit,43,20,20070400,482.2705078125,197.4013671875,0.0832992643117904,2.193537712097168,0.0106576662510633
gla1tfc5,expfm_4g,explicit,43,20,30064640,647.73876953125,232.341796875,0.0709681659936904,2.1599910259246826,0.0092446263879537
gla1tfc5,expfm_4g,explicit,43,20,40058880,772.9597778320312,259.736328125,0.0543837808072567,2.0533607006073,0.0070633320137858
gla1tfc5,expfm_4g,explicit,43,20,50053120,825.124755859375,266.1591796875,0.0570084080100059,2.031737804412842,0.0067396154627203
gla1tfc5,expfm_4g,explicit,43,20,60047360,838.378173828125,264.767578125,0.0548826418817043,1.9514163732528689,0.0066169002093374
gla1tfc5,expfm_4g,explicit,43,20,70041600,873.2272338867188,270.50390625,0.0523677989840507,1.9085016250610352,0.0060494858771562
gla1tfc5,expfm_4g,explicit,43,20,80035840,899.6893920898438,273.0849609375,0.0515095330774784,1.8233799934387207,0.0059683481231331
gla1tfc5,expfm_4g,explicit,43,20,90030080,897.7457885742188,273.810546875,0.0520644448697567,1.8244529962539675,0.0060463771224021
gla1tfc5,expfm_4g,explicit,43,20,100024320,917.27001953125,276.404296875,0.0511200278997421,1.7782219648361206,0.0059446231462061
gla1tfc5,expfm_4g,explicit,43,20,110018560,915.078857421875,275.033203125,0.0502248108386993,1.738508939743042,0.005945187062025
gla1tfc5,expfm_4g,explicit,43,20,120012800,993.8921508789062,293.9892578125,0.050661526620388,1.7889811992645264,0.0049139093607664
gla1tfc5,expfm_4g,explicit,43,20,130007040,1036.9500732421875,310.8447265625,0.0542658828198909,1.7498023509979248,0.0048477449454367
gla1tfc5,expfm_4g,explicit,43,20,140001280,1090.257568359375,322.6123046875,0.0566746965050697,1.7998011112213137,0.0042641693726181
gla1tfc5,expfm_4g,explicit,43,20,150077440,1131.2021484375,328.548828125,0.0548354499042034,1.738157868385315,0.0042465040460228
gla1tfc5,expfm_4g,explicit,43,20,160071680,1198.6826171875,345.2001953125,0.0532436892390251,1.7506325244903564,0.0034199280198663
gla1tfc5,expfm_4g,explicit,43,20,170065920,1193.5294189453125,341.900390625,0.0499591417610645,1.7374463081359863,0.0035950038582086
gla1tfc5,expfm_4g,explicit,43,20,180060160,1191.9482421875,338.0986328125,0.0515826791524887,1.702540636062622,0.0037261466495692
gla1tfc5,expfm_4g,explicit,43,20,190054400,1213.0194091796875,343.8310546875,0.0527427904307842,1.7430408000946045,0.0032857004553079
gla1tfc5,expfm_4g,explicit,43,20,200048640,1248.348388671875,352.3759765625,0.0500889644026756,1.7080461978912354,0.0029719844460487
gla1tfc5,expfm_4g,explicit,43,20,210042880,1259.96435546875,351.8359375,0.0492918528616428,1.6754090785980225,0.0030264242086559
gla1tfc5,expfm_4g,explicit,43,20,220037120,1247.99853515625,347.7373046875,0.0497852563858032,1.657623529434204,0.0032754223793745
gla1tfc5,expfm_4g,explicit,43,20,230031360,1324.357666015625,362.025390625,0.0492961853742599,1.5953192710876465,0.0028697182424366
gla1tfc5,expfm_4g,explicit,43,20,240025600,1317.152099609375,362.7314453125,0.0507789701223373,1.617922067642212,0.0026792348362505
gla1tfc5,expfm_4g,explicit,43,20,250019840,1353.5166015625,369.611328125,0.0494642257690429,1.5967669486999512,0.0024812894407659
gla1tfc5,expfm_4g,explicit,43,20,260014080,1292.18017578125,354.484375,0.0537812635302543,1.6119093894958496,0.0029271561652421
gla1tfc5,expfm_4g,explicit,43,20,270008320,1324.606201171875,355.6982421875,0.0520785450935363,1.56905198097229,0.0028279651887714
gla1tfc5,expfm_4g,explicit,43,20,280002560,1377.8941650390625,366.490234375,0.0485605895519256,1.5607701539993286,0.0025172433815896
gla1tfc5,expfm_4g,explicit,43,20,290078720,1407.0322265625,372.0419921875,0.0477989464998245,1.5487308502197266,0.0023580330889672
gla1tfc5,expfm_4g,explicit,43,20,300072960,1380.11279296875,365.359375,0.0486999861896038,1.5431050062179563,0.0026383607182651
gla1tfc5,expfm_4g,explicit,43,20,310067200,1405.74267578125,372.49609375,0.0490061528980731,1.5538947582244873,0.002397836651653
gla1tfc5,expfm_4g,explicit,43,20,320061440,1454.93017578125,378.5634765625,0.0453709326684474,1.5224084854125977,0.0020713326521217
gla1tfc5,expfm_4g,explicit,43,20,330055680,1438.11083984375,373.1728515625,0.0473554506897926,1.5075722932815552,0.0024518836289644
gla1tfc5,expfm_4g,explicit,43,20,340049920,1450.6573486328125,380.1328125,0.045253150165081,1.5414880514144895,0.0021110144443809
gla1tfc5,expfm_4g,explicit,43,20,350044160,1466.397705078125,381.2119140625,0.0447443053126335,1.5287957191467283,0.002213662257418
gla1tfc5,expfm_4g,explicit,43,20,360038400,1468.5361328125,383.25390625,0.0435084253549575,1.5384060144424438,0.0020645058248192
gla1tfc5,expfm_4g,explicit,43,20,370032640,1516.166015625,393.189453125,0.0440721474587917,1.5297049283981323,0.0017509278841316
gla1tfc5,expfm_4g,explicit,43,20,380026880,1489.683349609375,386.7939453125,0.0448320508003234,1.5104352235794067,0.0019749063067138
gla1tfc5,expfm_4g,explicit,43,20,390021120,1521.093017578125,393.080078125,0.0409334301948547,1.506534457206726,0.0017154964152723
gla1tfc5,expfm_4g,explicit,43,20,400015360,1504.215576171875,388.32421875,0.0405922383069992,1.5129480361938477,0.001841826015152
gla1tfc5,expfm_4g,explicit,43,20,410009600,1488.162841796875,384.9169921875,0.044031836092472,1.5301284790039062,0.0020696080755442
gla1tfc5,expfm_4g,explicit,43,20,420003840,1548.1641845703125,396.201171875,0.041524700820446,1.500782489776611,0.0016951316501945
gla1tfc5,expfm_4g,explicit,43,20,430080000,1518.490966796875,387.1611328125,0.0452438555657863,1.5069161653518677,0.0019352838862687
gla1tfc5,expfm_4g,explicit,43,20,440074240,1557.22412109375,395.041015625,0.041079044342041,1.4996275901794434,0.0017201378941535
gla1tfc5,expfm_4g,explicit,43,20,450068480,1563.0858154296875,396.705078125,0.0401303954422473,1.496920108795166,0.0017619983991608
gla1tfc5,expfm_4g,explicit,43,20,460062720,1521.8857421875,386.6748046875,0.0429738387465477,1.4952521324157717,0.0019852111581712
gla1tfc5,expfm_4g,explicit,43,20,470056960,1522.285888671875,391.294921875,0.0425373278558254,1.5119516849517822,0.0017474886262789
gla1tfc5,expfm_4g,explicit,43,20,480051200,1506.8798828125,385.16015625,0.0456298291683197,1.55023455619812,0.0019476893357932
gla1tfc5,expfm_4g,explicit,43,20,490045440,1512.4964599609375,381.6376953125,0.0430586636066436,1.450446844100952,0.0022039785981178
gla1tfc5,expfm_4g,explicit,43,20,500039680,1560.607177734375,398.5283203125,0.0424967631697654,1.5023956298828125,0.001532667200081
gla1tfc5,expfm_4g,explicit,43,20,510033920,1563.84130859375,394.3564453125,0.0413568876683712,1.47588312625885,0.0017218578141182
gla1tfc5,expfm_4g,explicit,43,20,520028160,1583.994384765625,397.2197265625,0.0386087335646152,1.4667781591415403,0.0016056017484515
gla1tfc5,expfm_4g,explicit,43,20,530022400,1606.099853515625,404.30078125,0.0379447676241397,1.4755477905273438,0.0013188596349209
gla1tfc5,expfm_4g,explicit,43,20,540016640,1561.9814453125,396.3955078125,0.0409520752727985,1.5141801834106443,0.0015260799555107
gla1tfc5,expfm_4g,explicit,43,20,550010880,1618.4305419921875,408.5263671875,0.0367149710655212,1.4713642597198486,0.0011088440660387
gla1tfc5,expfm_4g,explicit,43,20,560005120,1567.693603515625,391.212890625,0.0384939461946487,1.4460448026657104,0.0017628729110583
gla1tfc5,expfm_4g,explicit,43,20,570081280,1615.0760498046875,407.5771484375,0.0401778370141983,1.475433588027954,0.0011859349906444
gla1tfc5,expfm_4g,explicit,43,20,580075520,1604.5767822265625,403.185546875,0.0370514057576656,1.4650382995605469,0.0013366112252697
gla1tfc5,expfm_4g,explicit,43,20,590069760,1606.91162109375,406.361328125,0.0380664952099323,1.487135648727417,0.0012680597137659
gla1tfc5,expfm_4g,explicit,43,20,600064000,1646.48486328125,411.806640625,0.0346221178770065,1.4411702156066897,0.001059882924892
gla1tfc5,expfm_4g,explicit,43,20,610058240,1615.28857421875,402.86328125,0.037763237953186,1.4810216426849363,0.0013745913747698
gla1tfc5,expfm_4g,explicit,43,20,620052480,1585.754638671875,397.1025390625,0.039941094815731,1.4808189868927002,0.0015800995752215
gla1tfc5,expfm_4g,explicit,43,20,630046720,1592.393798828125,399.447265625,0.0407845750451087,1.500267505645752,0.0014868262223899
gla1tfc5,expfm_4g,explicit,43,20,640040960,1602.1109619140625,399.6728515625,0.0371394604444503,1.4414215087890625,0.0014142312575131
gla1tfc5,expfm_4g,explicit,43,20,650035200,1625.425537109375,404.740234375,0.0355565249919891,1.433085560798645,0.0013359342701733
gla1tfc5,expfm_4g,explicit,43,20,660029440,1594.718994140625,398.7783203125,0.0374732241034507,1.4576399326324463,0.0014291455736383
gla1tfc5,expfm_4g,explicit,43,20,670023680,1652.67724609375,413.0595703125,0.0370388068258762,1.4536231756210327,0.0010282968869432
gla1tfc5,expfm_4g,explicit,43,20,680017920,1638.1817626953125,409.060546875,0.0368294529616832,1.4898951053619385,0.0011895297793671
gla1tfc5,expfm_4g,explicit,43,20,690012160,1635.807861328125,408.064453125,0.0465732216835022,1.4641501903533936,0.0013293389929458
gla1tfc5,expfm_4g,explicit,43,20,700006400,1641.2239990234375,406.2060546875,0.0351620316505432,1.4080708026885986,0.0012126056244596
gla1tfc5,expfm_4g,explicit,43,20,710000640,1636.7344970703125,404.5224609375,0.0367121882736682,1.4356539249420166,0.0012715767370536
gla1tfc5,expfm_4g,explicit,43,20,720076800,1667.9210205078125,413.28125,0.035390980541706,1.4561669826507568,0.0010118151549249
gla1tfc5,expfm_4g,explicit,43,20,730071040,1624.3466796875,404.216796875,0.0370547771453857,1.4402599334716797,0.0013159946538507
gla1tfc5,expfm_4g,explicit,43,20,740065280,1631.19140625,408.6943359375,0.0396580882370471,1.448737621307373,0.0012039481662213
gla1tfc5,expfm_4g,explicit,43,20,750059520,1668.1881103515625,410.8115234375,0.0346485897898674,1.414177417755127,0.001102635753341
gla1tfc5,expfm_4g,explicit,43,20,760053760,1657.724853515625,409.0615234375,0.0353253372013568,1.4271633625030518,0.0011758506298065
gla1tfc5,expfm_4g,explicit,43,20,770048000,1680.2449951171875,417.16796875,0.0342359393835067,1.4382245540618896,0.0009258257923647
gla1tfc5,expfm_4g,explicit,43,20,780042240,1651.5556640625,406.7451171875,0.0336068235337734,1.4260551929473877,0.0012072635581716
gla1tfc5,expfm_4g,explicit,43,20,790036480,1661.1068115234375,408.486328125,0.0348846204578876,1.421586513519287,0.0011730367550626
gla1tfc5,expfm_4g,explicit,43,20,800030720,1652.7430419921875,407.099609375,0.0347635857760906,1.4401795864105225,0.0011750034755095
gla1tfc5,expfm_4g,explicit,43,20,810024960,1632.9677734375,402.9560546875,0.0374173745512962,1.4343364238739014,0.0012791069457307
gla1tfc5,expfm_4g,explicit,43,20,820019200,1640.729248046875,403.1748046875,0.0353742316365242,1.424673557281494,0.0013223143760114
gla1tfc5,expfm_4g,explicit,43,20,830013440,1662.373779296875,407.283203125,0.0329521670937538,1.4207055568695068,0.0011690985411405
gla1tfc5,expfm_4g,explicit,43,20,840007680,1651.6552734375,406.8408203125,0.0363728888332843,1.4451030492782593,0.001227022963576
gla1tfc5,expfm_4g,explicit,43,20,850001920,1661.731689453125,408.2373046875,0.0356602072715759,1.4638751745224,0.0012411777861416
gla1tfc5,expfm_4g,explicit,43,20,860078080,1609.750244140625,397.3193359375,0.0400128215551376,1.4858033657073977,0.0015098603907972
gla1tfc5,expfm_4g,explicit,43,20,870072320,1644.13720703125,404.2314453125,0.0357093960046768,1.4437541961669922,0.0012842759024351
gla1tfc5,expfm_4g,explicit,43,20,880066560,1654.646240234375,406.9306640625,0.0372754409909248,1.422567367553711,0.0012019503628835
gla1tfc5,expfm_4g,explicit,43,20,890060800,1689.991455078125,415.412109375,0.0349361076951026,1.4202604293823242,0.001015989575535
gla1tfc5,expfm_4g,explicit,43,20,900055040,1675.1083984375,414.189453125,0.0323115661740303,1.4306747913360596,0.0009972107363864
gla1tfc5,expfm_4g,explicit,43,20,910049280,1646.945068359375,406.1767578125,0.037425797432661,1.4227852821350098,0.0013102603843435
gla1tfc5,expfm_4g,explicit,43,20,920043520,1665.5084228515625,408.0537109375,0.0342132896184921,1.3960936069488523,0.0012035719119012
gla1tfc5,expfm_4g,explicit,43,20,930037760,1657.409912109375,407.0107421875,0.0334906242787838,1.4144468307495115,0.0012869455385953
gla1tfc5,expfm_4g,explicit,43,20,940032000,1648.1925048828125,404.6279296875,0.0365850701928138,1.4075261354446411,0.0013126041740179
gla1tfc5,expfm_4g,explicit,43,20,950026240,1690.6422119140625,412.240234375,0.0320345610380172,1.3913936614990234,0.0010713337687775
gla1tfc5,expfm_4g,explicit,43,20,960020480,1687.5244140625,413.904296875,0.0326935946941375,1.404066562652588,0.0009633937152102
gla1tfc5,expfm_4g,explicit,43,20,970014720,1690.9361572265625,413.306640625,0.0329682640731334,1.4068024158477783,0.0010803886689245
gla1tfc5,expfm_4g,explicit,43,20,980008960,1706.021728515625,416.8955078125,0.0321375280618667,1.3860280513763428,0.000883046130184
gla1tfc5,expfm_4g,explicit,43,20,990003200,1677.3331298828125,412.78515625,0.035138688981533,1.4255104064941406,0.0011069695465266
gla1tfc5,expfm_4g,explicit,43,20,1000079360,1682.1561279296875,413.09375,0.0321002192795276,1.4264470338821411,0.0011011490132659
gla1tfc5,expfm_4g,explicit,43,20,1010073600,1675.7529296875,410.5380859375,0.0335061326622962,1.420376181602478,0.001100051915273
gla1tfc5,expfm_4g,explicit,43,20,1020067840,1654.081298828125,403.208984375,0.0348073467612266,1.4018399715423584,0.0013328890781849
gla1tfc5,expfm_4g,explicit,43,20,1030062080,1660.584716796875,409.228515625,0.0342320017516613,1.4521023035049438,0.0011437567882239
gla1tfc5,expfm_4g,explicit,43,20,1040056320,1717.5767822265625,417.1318359375,0.0323268622159957,1.3865621089935305,0.0009012254886329
gla1tfc5,expfm_4g,explicit,43,20,1050050560,1655.544189453125,407.2548828125,0.0345024093985557,1.4255743026733398,0.0011865495471283
gla1tfc5,expfm_4g,explicit,43,20,1060044800,1656.0755615234375,406.1015625,0.0349266752600669,1.4105085134506226,0.0011608817148953
gla1tfc5,expfm_4g,explicit,43,20,1070039040,1688.0252685546875,413.619140625,0.0334590375423431,1.4031046628952026,0.0009923020843416
gla1tfc5,expfm_4g,explicit,43,20,1080033280,1705.9886474609375,416.267578125,0.0324955284595489,1.4082372188568115,0.0009106762008741
gla1tfc5,expfm_4g,explicit,43,20,1090027520,1688.5760498046875,413.1025390625,0.0345175713300704,1.4176360368728638,0.0010275632375851
gla1tfc5,expfm_4g,explicit,43,20,1100021760,1698.35595703125,413.765625,0.0322730429470539,1.4063687324523926,0.0009644253295846
gla1tfc5,expfm_4g,explicit,43,20,1110016000,1705.4674072265625,416.7646484375,0.0315441414713859,1.406925082206726,0.0009463048772886
gla1tfc5,expfm_4g,explicit,43,20,1120010240,1679.893310546875,410.66015625,0.0339804627001285,1.4256999492645264,0.0010518362978473
gla1tfc5,expfm_4g,explicit,43,20,1130004480,1661.3037109375,405.69140625,0.0332134552299976,1.384514093399048,0.0012830102350562
gla1tfc5,expfm_4g,explicit,43,20,1140080640,1702.091796875,413.55078125,0.0327848717570304,1.3984622955322266,0.0009931899840012
gla1tfc5,expfm_4g,explicit,43,20,1150074880,1711.941162109375,417.3662109375,0.0303004849702119,1.3705099821090698,0.0008740664925426
gla1tfc5,expfm_4g,explicit,43,20,1160069120,1731.4141845703125,419.21484375,0.0298117846250534,1.3634086847305298,0.0008192682289518
gla1tfc5,expfm_4g,explicit,43,20,1170063360,1717.972412109375,415.3125,0.0318649299442768,1.3806582689285278,0.0009666602127254
gla1tfc5,expfm_4g,explicit,43,20,1180057600,1702.413330078125,414.2216796875,0.0309689566493034,1.406095027923584,0.0009642895311117
gla1tfc5,expfm_4g,explicit,43,20,1190051840,1680.7252197265625,408.1123046875,0.0336790159344673,1.3886897563934326,0.0011886615538969
gla1tfc5,expfm_4g,explicit,43,20,1200046080,1714.9615478515625,418.166015625,0.0333318449556827,1.409726858139038,0.000853669072967
gla1tfc5,expfm_4g,explicit,43,20,1210040320,1722.10009765625,417.123046875,0.030235406011343,1.3726158142089844,0.0008770222775638
gla1tfc5,expfm_4g,explicit,43,20,1220034560,1693.080810546875,410.15234375,0.0317323729395866,1.4023635387420654,0.0010448039975017
gla1tfc5,expfm_4g,explicit,43,20,1230028800,1714.8836669921875,415.6142578125,0.0396339893341064,1.3899483680725098,0.0009566642693243
gla1tfc5,expfm_4g,explicit,43,20,1240023040,1710.892333984375,416.798828125,0.0320295691490173,1.391863465309143,0.0008797927293926
gla1tfc5,expfm_4g,explicit,43,20,1250017280,1734.0380859375,421.9609375,0.0302783735096454,1.394159913063049,0.0007107831770554
gla1tfc5,expfm_4g,explicit,43,20,1260011520,1700.68212890625,411.9140625,0.0316810980439186,1.4019381999969482,0.0010769006330519
gla1tfc5,expfm_4g,explicit,43,20,1270005760,1711.716796875,414.7880859375,0.0308779906481504,1.3812390565872192,0.0009687596466392
gla1tfc5,expfm_4g,explicit,43,20,1280000000,1743.14892578125,422.0615234375,0.0310289822518825,1.397068977355957,0.0007669404149055
gla1tfc5,expfm_4g,explicit,43,20,1290076160,1697.5133056640625,411.4326171875,0.0454222857952117,1.3696233034133911,0.0011549453483894
gla1tfc5,expfm_4g,explicit,43,20,1300070400,1711.450439453125,415.3759765625,0.0307935886085033,1.385114669799805,0.0009628655388951
gla1tfc5,expfm_4g,explicit,43,20,1310064640,1690.6697998046875,410.0068359375,0.0338936895132064,1.3883682489395142,0.0010818196460604
gla1tfc5,expfm_4g,explicit,43,20,1320058880,1683.216064453125,408.8037109375,0.0352074988186359,1.4248929023742676,0.0012188985710963
gla1tfc5,expfm_4g,explicit,43,20,1330053120,1718.053466796875,415.5,0.0311790909618139,1.367311716079712,0.0009318483644165
gla1tfc5,expfm_4g,explicit,43,20,1340047360,1713.99365234375,415.1298828125,0.0329460501670837,1.3986002206802368,0.0009791450574994
gla1tfc5,expfm_4g,explicit,43,20,1350041600,1719.247802734375,419.921875,0.0305515900254249,1.3951927423477173,0.0008491004700772
gla1tfc5,expfm_4g,explicit,43,20,1360035840,1714.74365234375,413.2802734375,0.0330003052949905,1.3720511198043823,0.0010662856511771
gla1tfc5,expfm_4g,explicit,43,20,1370030080,1709.76220703125,413.37890625,0.033702440559864,1.4148576259613037,0.0010653969366103
gla1tfc5,expfm_4g,explicit,43,20,1380024320,1702.498779296875,411.84375,0.0322378128767013,1.39164137840271,0.0010709320195019
gla1tfc5,expfm_4g,explicit,43,20,1390018560,1693.1470947265625,408.794921875,0.032676063477993,1.4174258708953855,0.0012289066798985
gla1tfc5,expfm_4g,explicit,43,20,1400012800,1714.1678466796875,413.974609375,0.0321716964244842,1.3840309381484983,0.0009724413976073
gla1tfc5,expfm_4g,explicit,43,20,1410007040,1700.2049560546875,411.150390625,0.0333533063530921,1.3878836631774902,0.0011041082907468
gla1tfc5,expfm_4g,explicit,43,20,1420001280,1662.89013671875,404.6708984375,0.0352308079600334,1.410778284072876,0.0013376689748838
gla1tfc5,expfm_4g,explicit,43,20,1430077440,1739.5546875,419.607421875,0.0314488895237445,1.3714990615844729,0.0008053223136812
gla1tfc5,expfm_4g,explicit,43,20,1440071680,1680.55810546875,406.66796875,0.0338394120335578,1.4167466163635254,0.0013061817735433
gla1tfc5,expfm_4g,explicit,43,20,1450065920,1691.5465087890625,407.521484375,0.034213975071907,1.3823535442352295,0.0012091627577319
gla1tfc5,expfm_4g,explicit,43,20,1460060160,1733.3125,417.6728515625,0.031464397907257,1.4034383296966553,0.0008705493528395
gla1tfc5,expfm_4g,explicit,43,20,1470054400,1742.5831298828125,420.7685546875,0.0298261698335409,1.3721024990081787,0.00080811989028
gla1tfc5,expfm_4g,explicit,43,20,1480048640,1724.54638671875,413.8046875,0.0309062711894512,1.3751015663146973,0.0009525865898467
gla1tfc5,expfm_4g,explicit,43,20,1490042880,1760.431396484375,422.7109375,0.0287220645695924,1.3656103610992432,0.0007482109358534
gla1tfc5,expfm_4g,explicit,43,20,1500037120,1713.136962890625,413.7353515625,0.031863797456026,1.380162000656128,0.0010055261664092
gla1tfc5,expfm_4g,explicit,43,20,1510031360,1720.3046875,415.38671875,0.0301079414784908,1.3787004947662354,0.0009565727086737
gla1tfc5,expfm_4g,explicit,43,20,1520025600,1735.896728515625,417.1806640625,0.02988519705832,1.3940246105194092,0.0008235335117205
gla1tfc5,expfm_4g,explicit,43,20,1530019840,1754.388916015625,421.8427734375,0.0298261046409606,1.3729515075683594,0.0007145280251279
gla1tfc5,expfm_4g,explicit,43,20,1540014080,1725.3336181640625,415.65625,0.0303364470601081,1.3768199682235718,0.0009020346333272
gla1tfc5,expfm_4g,explicit,43,20,1550008320,1730.755126953125,418.4326171875,0.0327248573303222,1.400248646736145,0.0008946289890445
gla1tfc5,expfm_4g,explicit,43,20,1560002560,1747.94921875,420.4541015625,0.0302779525518417,1.3810995817184448,0.00075550947804
gla1tfc5,expfm_4g,explicit,43,20,1570078720,1732.233154296875,418.306640625,0.0315460711717605,1.3950130939483645,0.0008174330578185
gla1tfc5,expfm_4g,explicit,43,20,1580072960,1748.4130859375,420.625,0.0307554919272661,1.3801679611206057,0.0008031431352719
gla1tfc5,expfm_4g,explicit,43,20,1590067200,1767.4686279296875,425.640625,0.0297849550843238,1.3641101121902466,0.0006379831465892
gla1tfc5,expfm_4g,explicit,43,20,1600061440,1739.40478515625,415.8662109375,0.0292337462306022,1.3547343015670776,0.0009564384818077
gla1tfc5,expfm_4g,explicit,43,20,1610055680,1747.12939453125,419.9169921875,0.0284817479550838,1.360171914100647,0.0007882720092311
gla1tfc5,expfm_4g,explicit,43,20,1620049920,1738.80029296875,419.7490234375,0.0290411710739135,1.3558030128479004,0.0007838411838747
gla1tfc5,expfm_4g,explicit,43,20,1630044160,1741.7735595703125,419.880859375,0.0306522957980632,1.3751654624938965,0.0007906019454821
gla1tfc5,expfm_4g,explicit,43,20,1640038400,1747.972900390625,419.609375,0.031927652657032,1.3899266719818115,0.0008751110872253
gla1tfc5,expfm_4g,explicit,43,20,1650032640,1738.8818359375,419.884765625,0.0308062676340341,1.3983887434005735,0.0008357852930203
gla1tfc5,expfm_4g,explicit,43,20,1660026880,1685.5660400390625,406.322265625,0.0338354930281639,1.4103257656097412,0.0011539304396137
gla1tfc5,expfm_4g,explicit,43,20,1670021120,1721.59619140625,414.634765625,0.0350434631109237,1.3688664436340332,0.0009991292608901
gla1tfc5,expfm_4g,explicit,43,20,1680015360,1730.88720703125,417.2685546875,0.0317625924944877,1.393502950668335,0.0008554143714718
gla1tfc5,expfm_4g,explicit,43,20,1690009600,1733.077880859375,416.224609375,0.0300287101417779,1.3603888750076294,0.0009312953916378
gla1tfc5,expfm_4g,explicit,43,20,1700003840,1775.237548828125,424.6953125,0.0288762282580137,1.3479700088500977,0.000755914254114
gla1tfc5,expfm_4g,explicit,43,20,1710080000,1709.621337890625,413.640625,0.0332938134670257,1.3818387985229492,0.0009790535550564
gla1tfc5,expfm_4g,explicit,43,20,1720074240,1727.7822265625,415.48046875,0.0319723412394523,1.3932290077209473,0.0009600964840501
gla1tfc5,expfm_4g,explicit,43,20,1730068480,1767.781982421875,425.4716796875,0.0293456427752971,1.395122528076172,0.0006511940155178
gla1tfc5,expfm_4g,explicit,43,20,1740062720,1730.875,419.943359375,0.0313160195946693,1.3957751989364624,0.0008060208056122
gla1tfc5,expfm_4g,explicit,43,20,1750056960,1722.52685546875,415.619140625,0.0313977152109146,1.3868533372879028,0.0009113323758356
gla1tfc5,expfm_4g,explicit,43,20,1760051200,1737.019775390625,416.416015625,0.030703442171216,1.3662694692611694,0.0009448788478039
gla1tfc5,expfm_4g,explicit,43,20,1770045440,1720.1937255859375,413.6943359375,0.0344561673700809,1.3882875442504885,0.0010085359681397
gla1tfc5,expfm_4g,explicit,43,20,1780039680,1773.0345458984375,422.72265625,0.0276446528732776,1.3394871950149536,0.0007408941164612
gla1tfc5,expfm_4g,explicit,43,20,1790033920,1760.986328125,419.75390625,0.0283886045217514,1.3388464450836182,0.0008361174841411
gla1tfc5,expfm_4g,explicit,43,20,1800028160,1754.78515625,418.9599609375,0.0286536347121,1.353492259979248,0.0008343907538801
gla1tfc5,expfm_4g,explicit,43,20,1810022400,1710.814697265625,412.486328125,0.0325981751084327,1.3785197734832764,0.0010485900565981
gla1tfc5,expfm_4g,explicit,43,20,1820016640,1705.9864501953125,410.2392578125,0.0325855165719985,1.405517578125,0.001198227982968
gla1tfc5,expfm_4g,explicit,43,20,1830010880,1715.7509765625,414.724609375,0.0332187451422214,1.4065643548965454,0.0009450407233089
gla1tfc5,expfm_4g,explicit,43,20,1840005120,1735.853515625,416.2919921875,0.0308879371732473,1.3584082126617432,0.0009178058244287
gla1tfc5,expfm_4g,explicit,43,20,1850081280,1735.7647705078125,416.58984375,0.0303803756833076,1.3981893062591553,0.0008616084232926
gla1tfc5,expfm_4g,explicit,43,20,1860075520,1763.7928466796875,425.9501953125,0.0307326819747686,1.3842813968658447,0.0006617903709411
gla1tfc5,expfm_4g,explicit,43,20,1870069760,1757.6343994140625,420.4462890625,0.0298939608037471,1.3679697513580322,0.0008614099351689
gla1tfc5,expfm_4g,explicit,43,20,1880064000,1738.1898193359375,417.712890625,0.0304107386618852,1.3634380102157593,0.0009335592621937
gla1tfc5,expfm_4g,explicit,43,20,1890058240,1746.83203125,417.6474609375,0.031675562262535,1.3663184642791748,0.0009400884155184
gla1tfc5,expfm_4g,explicit,43,20,1900052480,1766.052001953125,422.40234375,0.0283404290676116,1.34630286693573,0.0007740755681879
gla1tfc5,expfm_4g,explicit,43,20,1910046720,1762.7064208984375,421.7421875,0.0290853325277566,1.3690681457519531,0.0007852091803215
gla1tfc5,expfm_4g,explicit,43,20,1920040960,1761.88916015625,420.5654296875,0.0300367102026939,1.3577812910079956,0.0008159668650478
gla1tfc5,expfm_4g,explicit,43,20,1930035200,1770.8154296875,427.8212890625,0.0292995832860469,1.3700950145721436,0.0006223509553819
gla1tfc5,expfm_4g,explicit,43,20,1940029440,1755.2515869140625,421.119140625,0.0289251133799552,1.3807969093322754,0.0007445707451552
gla1tfc5,expfm_4g,explicit,43,20,1950023680,1778.583984375,426.345703125,0.0271897502243518,1.3557660579681396,0.0006527206860482
gla1tfc5,expfm_4g,explicit,43,20,1960017920,1778.448974609375,427.09765625,0.0302794612944126,1.3914947509765625,0.0005791317671537
gla1tfc5,expfm_4g,explicit,43,20,1970012160,1756.0780029296875,420.4326171875,0.0291707664728164,1.3743817806243896,0.0007594043854624
gla1tfc5,expfm_4g,explicit,43,20,1980006400,1787.527099609375,429.564453125,0.0277680121362209,1.3558638095855713,0.0005162188899703
gla1tfc5,expfm_4g,explicit,43,20,1990000640,1783.300537109375,426.06640625,0.0284348856657743,1.363940715789795,0.0006634319433942
gla1tfc5,expfm_4g,explicit,43,20,2000076800,1754.59130859375,420.8544921875,0.0296021178364753,1.3715908527374268,0.0007953057065606
gla1tfc5,expfm_4g,explicit,43,20,2010071040,1738.4818115234375,418.1767578125,0.0297715235501527,1.3707664012908936,0.0008984467131085
gla1tfc5,expfm_4g,explicit,43,20,2020065280,1766.1142578125,420.05859375,0.0279997941106557,1.346064567565918,0.0008275841246359
gla1tfc5,expfm_4g,explicit,43,20,2030059520,1791.893310546875,430.0146484375,0.0285031273961067,1.3774679899215698,0.00054093147628
gla1tfc5,expfm_4g,explicit,43,20,2040053760,1741.750244140625,416.998046875,0.0294062048196792,1.3567993640899658,0.0009036884293891
gla1tfc5,expfm_4g,explicit,43,20,2050048000,1770.205322265625,421.1025390625,0.0293151717633008,1.3296294212341309,0.0007866609375923
gla1tfc5,expfm_4g,explicit,43,20,2060042240,1770.465087890625,421.79296875,0.0303287822753191,1.370769500732422,0.0007547420100308
gla1tfc5,expfm_4g,explicit,43,20,2070036480,1759.6292724609375,421.712890625,0.0306114256381988,1.3961873054504397,0.0008265207288786
gla1tfc5,expfm_4g,explicit,43,20,2080030720,1789.0050048828125,426.287109375,0.0279171429574489,1.3663250207901,0.0006747945444658
gla1tfc5,expfm_4g,explicit,43,20,2090024960,1787.869140625,427.17578125,0.0279012843966484,1.3420591354370115,0.0005920235998928
gla1tfc5,expfm_4g,explicit,43,20,2100019200,1763.6634521484375,421.8583984375,0.032497115433216,1.3556315898895264,0.0008126425673253
gla1tfc5,expfm_4g,explicit,43,20,2110013440,1788.871337890625,426.13671875,0.0288167223334312,1.3401665687561035,0.0006478716386482
gla1tfc5,expfm_4g,explicit,43,20,2120007680,1797.363525390625,429.099609375,0.0274524688720703,1.3375475406646729,0.0005631514941342
gla1tfc5,expfm_4g,explicit,43,20,2130001920,1768.41845703125,420.7041015625,0.02963662520051,1.3395724296569824,0.0008726425585336
gla1tfc5,expfm_4g,explicit,43,20,2140078080,1760.4774169921875,420.330078125,0.0273937322199344,1.3540602922439575,0.0007488422561436
gla1tfc5,expfm_4g,explicit,43,20,2150072320,1771.871337890625,423.7236328125,0.0286836214363574,1.3568406105041504,0.0006768001476302
gla1tfc5,expfm_4g,explicit,43,20,2160066560,1796.127197265625,430.052734375,0.0367471203207969,1.3743131160736084,0.0004763773758895
gla1tfc5,expfm_4g,explicit,43,20,2170060800,1812.6298828125,432.64453125,0.0270792935043573,1.3556568622589111,0.000440317671746
gla1tfc5,expfm_4g,explicit,43,20,2180055040,1782.958984375,425.18359375,0.0269141681492328,1.3557440042495728,0.000653110910207
gla1tfc5,expfm_4g,explicit,43,20,2190049280,1768.6768798828125,421.5625,0.0283403322100639,1.3602787256240845,0.0008019747911021
gla1tfc5,expfm_4g,explicit,43,20,2200043520,1792.288330078125,428.4541015625,0.0267136804759502,1.3557978868484497,0.0005741368513554
gla1tfc5,expfm_4g,explicit,43,20,2210037760,1780.8509521484375,424.4951171875,0.029116541147232,1.36423921585083,0.000744471733924
gla1tfc5,expfm_4g,explicit,43,20,2220032000,1750.913818359375,419.38671875,0.028749780729413,1.361783504486084,0.0008816387271508
gla1tfc5,expfm_4g,explicit,43,20,2230026240,1801.6279296875,428.126953125,0.0288464240729808,1.3562448024749756,0.0006255746120586
gla1tfc5,expfm_4g,explicit,43,20,2240020480,1802.051025390625,431.26171875,0.0265535414218902,1.359067440032959,0.0004953588941134
gla1tfc5,expfm_4g,explicit,43,20,2250014720,1789.4649658203125,426.2919921875,0.0288100764155387,1.3398667573928833,0.0007041748031042
gla1tfc5,expfm_4g,explicit,43,20,2260008960,1787.8369140625,425.51953125,0.0293908379971981,1.3559736013412476,0.0006268277065828
gla1tfc5,expfm_4g,explicit,43,20,2270003200,1768.450927734375,423.177734375,0.0307720191776752,1.3970812559127808,0.0007007513195276
gla1tfc5,expfm_4g,explicit,43,20,2280079360,1772.7470703125,422.12890625,0.0286292247474193,1.3623034954071045,0.0007522704545408
gla1tfc5,expfm_4g,explicit,43,20,2290073600,1794.0301513671875,427.3251953125,0.0293304603546857,1.3413829803466797,0.0006137447198852
gla1tfc5,expfm_4g,explicit,43,20,2300067840,1816.6416015625,432.251953125,0.0261687561869621,1.3404500484466553,0.0004660937702283
gla1tfc5,expfm_4g,explicit,43,20,2310062080,1796.534912109375,428.9765625,0.0282161813229322,1.351592779159546,0.0005578198470175
gla1tfc5,expfm_4g,explicit,43,20,2320056320,1797.469482421875,426.591796875,0.0259894169867038,1.3506182432174685,0.0006170881097204
gla1tfc5,expfm_4g,explicit,43,20,2330050560,1740.841552734375,415.8916015625,0.0301483701914548,1.3783050775527954,0.0010329134529456
gla1tfc5,expfm_4g,explicit,43,20,2340044800,1794.747802734375,428.2763671875,0.0273972302675247,1.375469446182251,0.0005644555785693
gla1tfc5,expfm_4g,explicit,43,20,2350039040,1788.12158203125,425.8173828125,0.0294381473213434,1.36340069770813,0.0007391563267447
gla1tfc5,expfm_4g,explicit,43,20,2360033280,1805.043212890625,428.197265625,0.0271800719201564,1.331791639328003,0.0005743190995417
gla1tfc5,expfm_4g,explicit,43,20,2370027520,1774.108154296875,422.861328125,0.0291420966386795,1.3617398738861084,0.000710965890903
gla1tfc5,expfm_4g,explicit,43,20,2380021760,1789.9791259765625,424.8681640625,0.0264030266553163,1.3478562831878662,0.0006788459722883
gla1tfc5,expfm_4g,explicit,43,20,2390016000,1777.362060546875,424.6865234375,0.0275247357785701,1.3498529195785522,0.0007168496958911
gla1tfc5,expfm_4g,explicit,43,20,2400010240,1792.982666015625,425.0703125,0.0276257079094648,1.3412492275238037,0.000647114298772
gla1tfc5,expfm_4g,explicit,43,20,2410004480,1738.415283203125,414.31640625,0.0317693799734115,1.3750205039978027,0.0009744336712174
gla1tfc5,expfm_4g,explicit,43,20,2420080640,1795.84228515625,427.2080078125,0.0298796966671943,1.3676533699035645,0.000619361991994
gla1tfc5,expfm_4g,explicit,43,20,2430074880,1766.5809326171875,423.7548828125,0.0344371199607849,1.3668348789215088,0.0006585983210243
gla1tfc5,expfm_4g,explicit,43,20,2440069120,1779.3934326171875,423.7392578125,0.0274727828800678,1.3588272333145142,0.0008303738432005
gla1tfc5,expfm_4g,explicit,43,20,2450063360,1780.7391357421875,422.48046875,0.0284518040716648,1.3592491149902344,0.0007500740466639
gla1tfc5,expfm_4g,explicit,43,20,2460057600,1765.352783203125,422.517578125,0.0311362575739622,1.3707668781280518,0.0007445593946613
gla1tfc5,expfm_4g,explicit,43,20,2470051840,1797.6480712890625,427.0673828125,0.0275986492633819,1.3448643684387207,0.000582211127039
gla1tfc5,expfm_4g,explicit,43,20,2480046080,1806.7440185546875,430.1591796875,0.0290079787373542,1.34063458442688,0.0005253155250102
gla1tfc5,expfm_4g,explicit,43,20,2490040320,1806.6341552734373,430.7412109375,0.0269373636692762,1.346608281135559,0.0004986835992895
gla1tfc5,expfm_4g,explicit,43,20,2500034560,1801.802490234375,427.384765625,0.0269371457397937,1.353651762008667,0.0006455876864492
gla1tfc5,expfm_4g,explicit,43,20,2510028800,1793.25,426.169921875,0.0270523224025964,1.328231930732727,0.0006596373859792
gla1tfc5,expfm_4g,explicit,43,20,2520023040,1791.162841796875,424.923828125,0.0271297544240951,1.3372113704681396,0.0007186307921074
gla1tfc5,expfm_4g,explicit,43,20,2530017280,1784.4931640625,427.419921875,0.029021730646491,1.3563603162765503,0.0006075839046388
gla1tfc5,expfm_4g,explicit,43,20,2540011520,1802.703369140625,430.3564453125,0.0274440180510282,1.3791189193725586,0.0004999067750759
gla1tfc5,expfm_4g,explicit,43,20,2550005760,1811.7164306640625,430.5146484375,0.0261238031089305,1.3425740003585815,0.0004860752669628
gla1tfc5,expfm_4g,explicit,43,20,2560000000,1767.6822509765625,423.451171875,0.0310958307236433,1.3797986507415771,0.0007542612729594
gla1tfc5,expfm_4g,explicit,43,20,2570076160,1813.014892578125,428.6494140625,0.0267051737755537,1.3503950834274292,0.0005167502094991
gla1tfc5,expfm_4g,explicit,43,20,2580070400,1761.52294921875,423.505859375,0.0324655175209045,1.3673362731933594,0.0007605539867654
gla1tfc5,expfm_4g,explicit,43,20,2590064640,1800.6248779296875,427.158203125,0.0281759314239025,1.3259873390197754,0.0006295227212831
gla1tfc5,expfm_4g,explicit,43,20,2600058880,1788.1461181640625,427.4970703125,0.0275940988212823,1.35546875,0.0006109672249294
gla1tfc5,expfm_4g,explicit,43,20,2610053120,1785.494140625,422.5810546875,0.0265659783035516,1.33966326713562,0.0007479646010324
gla1tfc5,expfm_4g,explicit,43,20,2620047360,1810.286376953125,430.1943359375,0.02705779671669,1.3575561046600342,0.0005622387398034
gla1tfc5,expfm_4g,explicit,43,20,2630041600,1816.659423828125,430.87890625,0.0270004384219646,1.3552124500274658,0.0004943252424709
gla1tfc5,expfm_4g,explicit,43,20,2640035840,1784.652099609375,426.8095703125,0.028904739767313,1.3682870864868164,0.0006008354248479
gla1tfc5,expfm_4g,explicit,43,20,2650030080,1794.04248046875,426.779296875,0.0269282832741737,1.3353521823883057,0.0006575378938578
gla1tfc5,expfm_4g,explicit,43,20,2660024320,1787.4541015625,425.9970703125,0.0273977518081665,1.3582143783569336,0.0006853453814983
gla1tfc5,expfm_4g,explicit,43,20,2670018560,1769.6397705078125,425.3603515625,0.0270737912505865,1.3576993942260742,0.0006354679353535
gla1tfc5,expfm_4g,explicit,43,20,2680012800,1796.66357421875,428.3154296875,0.027233351022005,1.331444501876831,0.0005868882872164
gla1tfc5,expfm_4g,explicit,43,20,2690007040,1810.326416015625,431.4169921875,0.0270277112722396,1.372607707977295,0.0004855853330809
gla1tfc5,expfm_4g,explicit,43,20,2700001280,1797.851318359375,429.3369140625,0.0286336969584226,1.3778636455535889,0.0005578311975114
gla1tfc5,expfm_4g,explicit,43,20,2710077440,1791.222900390625,425.73046875,0.0281207356601953,1.3421742916107178,0.000639920530375
gla1tfc5,expfm_4g,explicit,43,20,2720071680,1800.1614990234375,428.2734375,0.0268953740596771,1.3406503200531006,0.0006026289192959
gla1tfc5,expfm_4g,explicit,43,20,2730065920,1784.4622802734375,425.3291015625,0.0287640430033206,1.3507065773010254,0.0006399462581612
gla1tfc5,expfm_4g,explicit,43,20,2740060160,1815.810302734375,431.63671875,0.0253545120358467,1.3319573402404783,0.0004699085257016
gla1tfc5,expfm_4g,explicit,43,20,2750054400,1782.53759765625,424.9052734375,0.0289408564567565,1.3483235836029053,0.0006387432804331
gla1tfc5,expfm_4g,explicit,43,20,2760048640,1803.7308349609373,429.994140625,0.0305201485753059,1.3340067863464355,0.000548361625988
gla1tfc5,expfm_4g,explicit,43,20,2770042880,1792.34228515625,428.541015625,0.0263276752084493,1.3497235774993896,0.0005542861181311
gla1tfc5,expfm_4g,explicit,43,20,2780037120,1816.801513671875,430.6591796875,0.0265074539929628,1.3259739875793457,0.0005264412611722
gla1tfc5,expfm_4g,explicit,43,20,2790031360,1775.62646484375,423.248046875,0.0295798107981681,1.3567651510238647,0.0007525719702243
gla1tfc5,expfm_4g,explicit,43,20,2800025600,1776.8525390625,419.951171875,0.0268129128962755,1.3279918432235718,0.0008069886825978
gla1tfc5,expfm_4g,explicit,43,20,2810019840,1780.70166015625,425.0498046875,0.02776132337749,1.3608973026275637,0.0006749434396624
gla1tfc5,expfm_4g,explicit,43,20,2820014080,1818.1033935546875,430.3935546875,0.025915078818798,1.3208277225494385,0.0005648697260767
gla1tfc5,expfm_4g,explicit,43,20,2830008320,1826.580078125,431.2783203125,0.0254633147269487,1.3258438110351562,0.00049342692364
gla1tfc5,expfm_4g,explicit,43,20,2840002560,1832.614501953125,433.7529296875,0.0257838815450668,1.3335165977478027,0.0004496057517826
gla1tfc5,expfm_4g,explicit,43,20,2850078720,1783.2412109375,426.7666015625,0.0277368444949388,1.3795955181121826,0.0006244555115699
gla1tfc5,expfm_4g,explicit,43,20,2860072960,1810.57666015625,430.287109375,0.0264201685786247,1.3307396173477173,0.0005415744963102
gla1tfc5,expfm_4g,explicit,43,20,2870067200,1823.606201171875,432.904296875,0.0267629772424697,1.3423322439193726,0.0004223833675496
gla1tfc5,expfm_4g,explicit,43,20,2880061440,1810.93798828125,429.2265625,0.0257513523101806,1.3408187627792358,0.0005383163224905
gla1tfc5,expfm_4g,explicit,43,20,2890055680,1766.5103759765625,421.3583984375,0.0282461456954479,1.3780746459960938,0.0008674280252307
gla1tfc5,expfm_4g,explicit,43,20,2900049920,1810.11572265625,431.2333984375,0.0267884209752082,1.3600133657455444,0.0004902380751445
gla1tfc5,expfm_4g,explicit,43,20,2910044160,1777.806884765625,422.4326171875,0.0298638362437486,1.3478312492370603,0.0008131846552714
gla1tfc5,expfm_4g,explicit,43,20,2920038400,1804.59912109375,428.662109375,0.0256556738168001,1.3330504894256592,0.000609525013715
gla1tfc5,expfm_4g,explicit,43,20,2930032640,1833.048095703125,434.75,0.0243818815797567,1.32763934135437,0.0003625776735134
gla1tfc5,expfm_4g,explicit,43,20,2940026880,1820.34423828125,432.68359375,0.0251011531800031,1.336221694946289,0.0004577457730192
gla1tfc5,expfm_4g,explicit,43,20,2950021120,1734.7725830078125,422.4716796875,0.029796740040183,1.3822917938232422,0.0007864552899263
gla1tfc5,expfm_4g,explicit,43,20,2960015360,1793.065673828125,424.80078125,0.02768474817276,1.3316148519515991,0.0007014301372691
gla1tfc5,expfm_4g,explicit,43,20,2970009600,1828.4849853515625,430.5771484375,0.0245380159467458,1.326673984527588,0.000475445529446
gla1tfc5,expfm_4g,explicit,43,20,2980003840,1797.11572265625,427.4404296875,0.027832243591547,1.3372843265533447,0.0005942722782492
gla1tfc5,expfm_4g,explicit,43,20,2990080000,1815.4075927734373,429.44921875,0.0272788386791944,1.3324018716812134,0.0005140402936376
gla1tfc5,expfm_4g,explicit,43,20,3000074240,1823.84423828125,431.45703125,0.0261406078934669,1.33752703666687,0.000503463379573
gla1tfc5,expfm_4g,explicit,43,20,3010068480,1799.169921875,425.193359375,0.0269115008413791,1.3286577463150024,0.0006654455792158
gla1tfc5,expfm_4g,explicit,43,20,3020062720,1795.6251220703125,427.4287109375,0.0365789830684661,1.3286089897155762,0.0005687691736966
gla1tfc5,expfm_4g,explicit,43,20,3030056960,1818.026611328125,428.7880859375,0.0250391475856304,1.3211244344711304,0.0005449554300867
gla1tfc5,expfm_4g,explicit,43,20,3040051200,1807.388916015625,428.376953125,0.0266216751188039,1.332624435424805,0.0006002655718475
gla1tfc5,expfm_4g,explicit,43,20,3050045440,1805.869384765625,427.84375,0.0296536553651094,1.3318078517913818,0.0006423684535548
gla1tfc5,expfm_4g,explicit,43,20,3060039680,1806.96728515625,427.9755859375,0.0281034354120492,1.3132662773132324,0.0006008929340168
gla1tfc5,expfm_4g,explicit,43,20,3070033920,1811.718017578125,429.40625,0.024720799177885,1.3264360427856443,0.0005297614261507
gla1tfc5,expfm_4g,explicit,43,20,3080028160,1791.2720947265625,424.6953125,0.0290124882012605,1.343353033065796,0.0006454819231294
gla1tfc5,expfm_4g,explicit,43,20,3090022400,1823.6826171875,430.609375,0.0256141982972621,1.342104196548462,0.0005464444402605
gla1tfc5,expfm_4g,explicit,43,20,3100016640,1842.506591796875,435.421875,0.0238591916859149,1.3082211017608645,0.0003266211715526
gla1tfc5,expfm_4g,explicit,43,20,3110010880,1811.843017578125,431.5615234375,0.025129958987236,1.3438100814819336,0.000470536906505
gla1tfc5,expfm_4g,explicit,43,20,3120005120,1793.1104736328125,424.2802734375,0.0269097816199064,1.3493422269821167,0.0006700068479403
gla1tfc5,expfm_4g,explicit,43,20,3130081280,1829.149169921875,432.662109375,0.0251397043466568,1.3261860609054563,0.0004745413025375
gla1tfc5,expfm_4g,explicit,43,20,3140075520,1816.133056640625,431.6025390625,0.0263207629323005,1.3238786458969116,0.000494503416121
gla1tfc5,expfm_4g,explicit,43,20,3150069760,1820.67578125,430.1884765625,0.023770535364747,1.3259083032608032,0.0005102471914142
gla1tfc5,expfm_4g,explicit,43,20,3160064000,1833.02880859375,433.6923828125,0.0254837814718484,1.3357058763504028,0.0004021927015855
gla1tfc5,expfm_4g,explicit,43,20,3170058240,1824.1396484375,432.24609375,0.0298212338238954,1.3570411205291748,0.0004426502273418
gla1tfc5,expfm_4g,explicit,43,20,3180052480,1828.5743408203125,430.919921875,0.0243924614042043,1.31551992893219,0.0005299191689118
gla1tfc5,expfm_4g,explicit,43,20,3190046720,1814.7100830078125,431.876953125,0.0268539544194936,1.3428666591644287,0.0004867075476795
gla1tfc5,expfm_4g,explicit,43,20,3200040960,1834.389404296875,434.828125,0.0243243426084518,1.341639757156372,0.0003980222973041
gla1tfc5,expfm_4g,explicit,43,20,3210035200,1811.862060546875,429.9013671875,0.0250112600624561,1.3232816457748413,0.0004966864362359
gla1tfc5,expfm_4g,explicit,43,20,3220029440,1840.90673828125,434.3583984375,0.0238438360393047,1.3123608827590942,0.0003771206538658
gla1tfc5,expfm_4g,explicit,43,20,3230023680,1840.22900390625,434.0478515625,0.0246198959648609,1.3149664402008057,0.000454987748526
gla1tfc5,expfm_4g,explicit,43,20,3240017920,1829.5703125,433.2333984375,0.0252571441233158,1.3226271867752075,0.0004687855835072
gla1tfc5,expfm_4g,explicit,43,20,3250012160,1801.907958984375,426.83984375,0.027096202597022,1.3530259132385254,0.0006192697910591
gla1tfc5,expfm_4g,explicit,43,20,3260006400,1798.8592529296875,424.7666015625,0.0278860554099082,1.310563087463379,0.0006475663394667
gla1tfc5,expfm_4g,explicit,43,20,3270000640,1820.52880859375,430.6435546875,0.0260668657720088,1.3160722255706787,0.0005195654812268
gla1tfc5,expfm_4g,explicit,43,20,3280076800,1811.7685546875,427.7861328125,0.0246230140328407,1.3199725151062012,0.0005950783379375
gla1tfc5,expfm_4g,explicit,43,20,3290071040,1812.1116943359373,428.857421875,0.0293723512440919,1.331751585006714,0.0005742913344874
gla1tfc5,expfm_4g,explicit,43,20,3300065280,1821.86962890625,429.6806640625,0.0255531854927539,1.30254864692688,0.0005087000899948
gla1tfc5,expfm_4g,explicit,43,20,3310059520,1825.3824462890625,431.1220703125,0.0237102955579757,1.324690341949463,0.0005130537319928
gla1tfc5,expfm_4g,explicit,43,20,3320053760,1807.861572265625,427.5751953125,0.0260309688746929,1.33820903301239,0.0006876873085275
gla1tfc5,expfm_4g,explicit,43,20,3330048000,1823.351806640625,429.705078125,0.0248492714017629,1.3190608024597168,0.0005066833691671
gla1tfc5,expfm_4g,explicit,43,20,3340042240,1825.751220703125,433.23046875,0.025390226393938,1.3598670959472656,0.0004405456129461
gla1tfc5,expfm_4g,explicit,43,20,3350036480,1795.3232421875,426.1005859375,0.0285159442573785,1.3199584484100342,0.0006308542215265
gla1tfc5,expfm_4g,explicit,43,20,3360030720,1812.785888671875,429.6328125,0.0246411934494972,1.328596830368042,0.0004960969090461
gla1tfc5,expfm_4g,explicit,43,20,3370024960,1819.90283203125,432.255859375,0.0273538697510957,1.3369563817977903,0.0004737824492622
gla1tfc5,expfm_4g,explicit,43,20,3380019200,1843.32373046875,433.62109375,0.023376103490591,1.3218824863433838,0.0004074887838214
gla1tfc5,expfm_4g,explicit,43,20,3390013440,1830.51171875,432.0185546875,0.0249576196074485,1.3314406871795654,0.0004088561108801
gla1tfc5,expfm_4g,explicit,43,20,3400007680,1830.245849609375,431.337890625,0.0261445641517639,1.3089371919631958,0.0004991649184376
gla1tfc5,expfm_4g,explicit,43,20,3410001920,1830.5465087890625,433.4765625,0.0253930557519197,1.3267760276794434,0.0004045618698
gla1tfc5,expfm_4g,explicit,43,20,3420078080,1800.026611328125,427.4697265625,0.0265570636838674,1.339646816253662,0.0005227067740634
gla1tfc5,expfm_4g,explicit,43,20,3430072320,1786.0274658203125,423.64453125,0.0279577914625406,1.3248180150985718,0.0007203639252111
gla1tfc5,expfm_4g,explicit,43,20,3440066560,1818.636474609375,429.16796875,0.0265811085700988,1.3297526836395264,0.0005305927479639
gla1tfc5,expfm_4g,explicit,43,20,3450060800,1830.544921875,431.18359375,0.025820754468441,1.3166940212249756,0.000503540970385
gla1tfc5,expfm_4g,explicit,43,20,3460055040,1796.85107421875,427.232421875,0.0267299748957157,1.3371490240097046,0.0006567910313606
gla1tfc5,expfm_4g,explicit,43,20,3470049280,1839.081787109375,434.798828125,0.0254208780825138,1.3201922178268433,0.0003551118134055
gla1tfc5,expfm_4g,explicit,43,20,3480043520,1783.6895751953125,423.3994140625,0.0296130254864692,1.334990620613098,0.0007718681590631
gla1tfc5,expfm_4g,explicit,43,20,3490037760,1833.0721435546875,434.767578125,0.0279373191297054,1.3284510374069214,0.000427602790296
gla1tfc5,expfm_4g,explicit,43,20,3500032000,1816.91552734375,428.9716796875,0.0256626307964324,1.3225014209747314,0.0005708915996365
gla1tfc5,expfm_4g,explicit,43,20,3510026240,1831.985107421875,432.3642578125,0.024467734619975,1.3382279872894287,0.0004650138143915
gla1tfc5,expfm_4g,explicit,43,20,3520020480,1797.3516845703125,425.564453125,0.0256699733436107,1.331568479537964,0.0006546686636283
gla1tfc5,expfm_4g,explicit,43,20,3530014720,1826.366455078125,431.08203125,0.0250150486826896,1.3233628273010254,0.0005152472876943
gla1tfc5,expfm_4g,explicit,43,20,3540008960,1834.9150390625,433.30859375,0.0236815251410007,1.3163557052612305,0.0004040831699967
gla1tfc5,expfm_4g,explicit,43,20,3550003200,1830.202392578125,430.8544921875,0.0256306584924459,1.3073726892471311,0.0004733189125545
gla1tfc5,expfm_4g,explicit,43,20,3560079360,1847.028564453125,434.669921875,0.0239041335880756,1.2993690967559814,0.0003796216624323
gla1tfc5,expfm_4g,explicit,43,20,3570073600,1819.98779296875,430.6513671875,0.025951026007533,1.3266806602478027,0.0005240103928372
gla1tfc5,expfm_4g,explicit,43,20,3580067840,1785.3209228515625,422.046875,0.0295020937919616,1.336433172225952,0.0006777876988053
gla1tfc5,expfm_4g,explicit,43,20,3590062080,1790.5986328125,422.931640625,0.0267984643578529,1.3291878700256348,0.0007684985175728
gla1tfc5,expfm_4g,explicit,43,20,3600056320,1781.164306640625,422.470703125,0.0266508385539054,1.347089409828186,0.0007125937845557
gla1tfc5,expfm_4g,explicit,43,20,3610050560,1826.86669921875,429.7236328125,0.0256702285259962,1.3232054710388184,0.0005609458312392
gla1tfc5,expfm_4g,explicit,43,20,3620044800,1825.041015625,430.443359375,0.0258754901587963,1.3162872791290283,0.0005432407488115
gla1tfc5,expfm_4g,explicit,43,20,3630039040,1820.1025390625,428.9580078125,0.0269197728484869,1.3135172128677368,0.0005358380149118
gla1tfc5,expfm_4g,explicit,43,20,3640033280,1820.736572265625,430.0673828125,0.0240269713103771,1.3197929859161377,0.0005435370840132
gla1tfc5,expfm_4g,explicit,43,20,3650027520,1841.36767578125,433.2431640625,0.0249609015882015,1.3132801055908203,0.0004401024198159
gla1tfc5,expfm_4g,explicit,43,20,3660021760,1821.6319580078125,428.3857421875,0.0247557666152715,1.3130390644073486,0.0005783603992313
gla1tfc5,expfm_4g,explicit,43,20,3670016000,1830.132568359375,431.7021484375,0.0246221087872982,1.3046724796295166,0.0004939382197335
gla1tfc5,expfm_4g,explicit,43,20,3680010240,1827.858154296875,431.1171875,0.0241053327918052,1.299174666404724,0.000494870764669
gla1tfc5,expfm_4g,explicit,43,20,3690004480,1767.116455078125,422.783203125,0.0374240390956401,1.360952615737915,0.000740212155506
gla1tfc5,expfm_4g,explicit,43,20,3700080640,1805.487060546875,425.609375,0.0271345674991607,1.3461090326309204,0.0006780944531783
gla1tfc5,expfm_4g,explicit,43,20,3710074880,1841.661376953125,434.873046875,0.0238669365644454,1.32477068901062,0.000428688887041
gla1tfc5,expfm_4g,explicit,43,20,3720069120,1845.70068359375,433.4736328125,0.0237726215273141,1.2996437549591064,0.0004511045990511
gla1tfc5,expfm_4g,explicit,43,20,3730063360,1824.82470703125,429.8203125,0.0255894847214221,1.3287403583526611,0.0006234793690964
gla1tfc5,expfm_4g,explicit,43,20,3740057600,1835.7392578125,432.705078125,0.0258062332868576,1.3057442903518677,0.0004384598578326
gla1tfc5,expfm_4g,explicit,43,20,3750051840,1838.186279296875,433.1201171875,0.0236505940556526,1.3280363082885742,0.0004296711413189
gla1tfc5,expfm_4g,explicit,43,20,3760046080,1809.441162109375,427.3515625,0.0249570216983556,1.337439775466919,0.0006122247432358
gla1tfc5,expfm_4g,explicit,43,20,3770040320,1841.1729736328125,434.083984375,0.0243253484368324,1.308440327644348,0.000448022969067
gla1tfc5,expfm_4g,explicit,43,20,3780034560,1816.034912109375,431.08203125,0.027145680040121,1.3395627737045288,0.0005157614359632
gla1tfc5,expfm_4g,explicit,43,20,3790028800,1847.3427734375,435.82421875,0.0240841060876846,1.318348407745361,0.000357941375114
gla1tfc5,expfm_4g,explicit,43,20,3800023040,1831.3564453125,433.9296875,0.0240653455257415,1.3148655891418457,0.00040734311915
gla1tfc5,expfm_4g,explicit,43,20,3810017280,1838.9522705078125,432.9423828125,0.0245161894708871,1.303830862045288,0.000499598798342
gla1tfc5,expfm_4g,explicit,43,20,3820011520,1834.30419921875,431.744140625,0.0240584388375282,1.3097662925720217,0.0004625896981451
gla1tfc5,expfm_4g,explicit,43,20,3830005760,1808.7752685546875,426.8369140625,0.0249721445143222,1.311253547668457,0.0006381446728482
gla1tfc5,expfm_4g,explicit,43,20,3840000000,1815.52490234375,427.8896484375,0.0271883178502321,1.314164400100708,0.0005693232524208
gla1tfc5,expfm_4g,explicit,43,20,3850076160,1809.8153076171875,428.009765625,0.0261330623179674,1.3291139602661133,0.0005632420070469
gla1tfc5,expfm_4g,explicit,43,20,3860070400,1809.30419921875,426.05078125,0.026209644973278,1.3278865814208984,0.0007138685905374
gla1tfc5,expfm_4g,explicit,43,20,3870064640,1824.13623046875,430.4248046875,0.0264554787427186,1.3416614532470703,0.0005255845608189
gla1tfc5,expfm_4g,explicit,43,20,3880058880,1825.6708984375,429.34765625,0.0243380703032016,1.322174310684204,0.000604826665949
gla1tfc5,expfm_4g,explicit,43,20,3890053120,1832.609375,429.8701171875,0.0243043787777423,1.3024067878723145,0.0005804685642942
gla1tfc5,expfm_4g,explicit,43,20,3900047360,1783.0570068359375,421.80859375,0.026239464059472,1.3348851203918457,0.000753212836571
gla1tfc5,expfm_4g,explicit,43,20,3910041600,1841.2861328125,433.9228515625,0.0239577144384384,1.294520378112793,0.0003623616648837
gla1tfc5,expfm_4g,explicit,43,20,3920035840,1811.533447265625,427.576171875,0.0267034247517585,1.311039924621582,0.0006021686713211
gla1tfc5,expfm_4g,explicit,43,20,3930030080,1811.893798828125,428.07421875,0.0254300534725189,1.339243769645691,0.0006419706624001
gla1tfc5,expfm_4g,explicit,43,20,3940024320,1805.639892578125,428.1953125,0.0269106104969978,1.3405888080596924,0.0005639544688165
gla1tfc5,expfm_4g,explicit,43,20,3950018560,1842.023681640625,434.68359375,0.0238484628498554,1.2945616245269775,0.0004187602899037
gla1tfc5,expfm_4g,explicit,43,20,3960012800,1804.1236572265625,427.4833984375,0.0257803834974765,1.3068997859954834,0.0005722035421058
gla1tfc5,expfm_4g,explicit,43,20,3970007040,1781.5389404296875,421.6748046875,0.0276971757411956,1.3391374349594116,0.0008785362588241
gla1tfc5,expfm_4g,explicit,43,20,3980001280,1844.5416259765625,434.0224609375,0.0239428728818893,1.3102068901062012,0.0004329535586293
gla1tfc5,expfm_4g,explicit,43,20,3990077440,1822.484375,430.5712890625,0.0250987950712442,1.32464861869812,0.0005120932473801
gla1tfc5,expfm_4g,explicit,43,20,4000071680,1823.219970703125,428.447265625,0.0244372114539146,1.3271491527557373,0.0005712601123377
macs28xu,expfm_4g,explicit,43,40,10076160,528.99951171875,211.2939453125,0.0970363393425941,2.5514955520629883,0.0112411919981241
macs28xu,expfm_4g,explicit,43,40,20070400,539.0745849609375,203.2568359375,0.1012596860527992,2.3249144554138184,0.0103565966710448
macs28xu,expfm_4g,explicit,43,40,30064640,564.2514038085938,217.6279296875,0.0973242223262786,2.316182374954224,0.0101394262164831
macs28xu,expfm_4g,explicit,43,40,40058880,721.634033203125,256.8232421875,0.0779304280877113,2.356988906860352,0.0073516955599188
macs28xu,expfm_4g,explicit,43,40,50053120,729.7754516601562,250.7685546875,0.0759536251425743,2.135082721710205,0.007777040824294
macs28xu,expfm_4g,explicit,43,40,60047360,786.9888305664062,263.6982421875,0.0727912336587905,2.1050596237182617,0.0065797474235296
macs28xu,expfm_4g,explicit,43,40,70041600,787.4073486328125,258.4375,0.0777506455779075,2.110011577606201,0.0066773877479135
macs28xu,expfm_4g,explicit,43,40,80035840,808.0951538085938,262.50390625,0.0702195465564727,2.0126256942749023,0.006808971054852
macs28xu,expfm_4g,explicit,43,40,90030080,842.3887939453125,265.2900390625,0.0685688853263855,1.938439130783081,0.0065553742460906
macs28xu,expfm_4g,explicit,43,40,100024320,816.3167724609375,260.4052734375,0.0736591964960098,1.989276647567749,0.0063792634755373
macs28xu,expfm_4g,explicit,43,40,110018560,828.820068359375,262.408203125,0.0694117546081543,1.8537135124206543,0.0064452090300619
macs28xu,expfm_4g,explicit,43,40,120012800,857.79833984375,268.6396484375,0.0721182152628898,1.8832473754882808,0.0060454686172306
macs28xu,expfm_4g,explicit,43,40,130007040,903.76513671875,282.6103515625,0.0639835000038147,1.8806474208831787,0.0053487168624997
macs28xu,expfm_4g,explicit,43,40,140001280,921.753173828125,284.744140625,0.0690260753035545,1.9185121059417725,0.0050566000863909
macs28xu,expfm_4g,explicit,43,40,150077440,961.8897705078124,292.6650390625,0.0724353119730949,1.906140923500061,0.0048663732595741
macs28xu,expfm_4g,explicit,43,40,160071680,990.3268432617188,297.755859375,0.0746124759316444,1.9108989238739011,0.0047137401998043
macs28xu,expfm_4g,explicit,43,40,170065920,936.9390869140624,286.4140625,0.0764292553067207,1.882225751876831,0.0050401231274008
macs28xu,expfm_4g,explicit,43,40,180060160,1077.6461181640625,323.556640625,0.0760901123285293,1.8825979232788088,0.0039073312655091
macs28xu,expfm_4g,explicit,43,40,190054400,1061.836669921875,320.8916015625,0.0741638094186782,1.91711699962616,0.0040214359760284
macs28xu,expfm_4g,explicit,43,40,200048640,1108.034423828125,331.7587890625,0.0751145780086517,1.9632840156555176,0.0036497619003057
macs28xu,expfm_4g,explicit,43,40,210042880,1134.015380859375,336.73046875,0.0728084594011306,1.8985114097595213,0.0034723100252449
macs28xu,expfm_4g,explicit,43,40,220037120,1130.5098876953125,334.876953125,0.0782195329666137,1.9340176582336424,0.0035888478159904
macs28xu,expfm_4g,explicit,43,40,230031360,1098.42333984375,331.923828125,0.0773950815200805,1.9185285568237305,0.0037408745847642
macs28xu,expfm_4g,explicit,43,40,240025600,1139.7099609375,336.873046875,0.0777586251497268,1.9160363674163816,0.0036684947554022
macs28xu,expfm_4g,explicit,43,40,250019840,1144.747314453125,334.4345703125,0.0735865458846092,1.883902072906494,0.0035209313500672
macs28xu,expfm_4g,explicit,43,40,260014080,1146.764892578125,338.73046875,0.0737657994031906,1.8688781261444087,0.0034546845126897
macs28xu,expfm_4g,explicit,43,40,270008320,1165.3863525390625,341.33984375,0.0745103955268859,1.8510582447052,0.0034778311382979
macs28xu,expfm_4g,explicit,43,40,280002560,1199.895263671875,344.470703125,0.0751023143529892,1.8461697101593015,0.0034149521961808
macs28xu,expfm_4g,explicit,43,40,290078720,1185.44775390625,341.1201171875,0.072146326303482,1.808678388595581,0.0035459068603813
macs28xu,expfm_4g,explicit,43,40,300072960,1214.460693359375,349.3798828125,0.0691233426332473,1.827061653137207,0.0031866314820945
macs28xu,expfm_4g,explicit,43,40,310067200,1253.0738525390625,359.228515625,0.0686349421739578,1.7978298664093018,0.0028311992064118
macs28xu,expfm_4g,explicit,43,40,320061440,1265.640869140625,361.2548828125,0.0747513175010681,1.845535397529602,0.0027828488964587
macs28xu,expfm_4g,explicit,43,40,330055680,1275.494140625,360.349609375,0.0683331862092018,1.748581886291504,0.0026690135709941
macs28xu,expfm_4g,explicit,43,40,340049920,1205.2816162109375,345.19921875,0.073956698179245,1.7920479774475098,0.0033435414079576
macs28xu,expfm_4g,explicit,43,40,350044160,1272.861083984375,364.3828125,0.0713831931352615,1.815290451049805,0.0026380505878478
macs28xu,expfm_4g,explicit,43,40,360038400,1279.1243896484375,360.30078125,0.0691889077425003,1.762847661972046,0.002720003016293
macs28xu,expfm_4g,explicit,43,40,370032640,1274.6627197265625,358.943359375,0.0725019797682762,1.7398312091827393,0.0027652913704514
macs28xu,expfm_4g,explicit,43,40,380026880,1267.1478271484375,356.0615234375,0.0726431459188461,1.7239975929260254,0.002853650599718
macs28xu,expfm_4g,explicit,43,40,390021120,1269.2469482421875,355.1181640625,0.0739820152521133,1.6752746105194092,0.0028689610771834
macs28xu,expfm_4g,explicit,43,40,400015360,1313.1259765625,364.4208984375,0.0706007033586502,1.7102038860321045,0.0024244673550128
macs28xu,expfm_4g,explicit,43,40,410009600,1255.5565185546875,351.3994140625,0.0760333091020584,1.7404835224151611,0.0029624374583363
macs28xu,expfm_4g,explicit,43,40,420003840,1247.530517578125,346.05859375,0.0738746374845504,1.7193918228149414,0.0030262861400842
macs28xu,expfm_4g,explicit,43,40,430080000,1303.3621826171875,359.060546875,0.0702975317835807,1.666609764099121,0.0026239645667374
macs28xu,expfm_4g,explicit,43,40,440074240,1330.179443359375,364.09765625,0.0692517682909965,1.6787185668945312,0.0024520591832697
macs28xu,expfm_4g,explicit,43,40,450068480,1328.29443359375,363.6005859375,0.0700593888759613,1.6633657217025757,0.0025640879757702
macs28xu,expfm_4g,explicit,43,40,460062720,1299.957275390625,355.017578125,0.0671396031975746,1.6242613792419434,0.0028278520330786
macs28xu,expfm_4g,explicit,43,40,470056960,1321.697021484375,358.669921875,0.0681933760643005,1.631561279296875,0.0028521935455501
macs28xu,expfm_4g,explicit,43,40,480051200,1399.824951171875,376.298828125,0.0650999397039413,1.608186960220337,0.0021121453028172
macs28xu,expfm_4g,explicit,43,40,490045440,1354.56689453125,367.9033203125,0.068273551762104,1.6617045402526855,0.0023920396342873
macs28xu,expfm_4g,explicit,43,40,500039680,1388.5428466796875,373.8955078125,0.065946027636528,1.6208162307739258,0.0021811611950397
macs28xu,expfm_4g,explicit,43,40,510033920,1349.467529296875,365.6044921875,0.064811423420906,1.6322556734085083,0.0023068026639521
macs28xu,expfm_4g,explicit,43,40,520028160,1373.726806640625,369.447265625,0.0661326125264167,1.6461623907089231,0.0023457100614905
macs28xu,expfm_4g,explicit,43,40,530022400,1379.31396484375,366.7724609375,0.0643806532025337,1.5880229473114014,0.0025309175252914
macs28xu,expfm_4g,explicit,43,40,540016640,1390.9691162109375,370.7216796875,0.0640562623739242,1.6309678554534912,0.0023059404920786
macs28xu,expfm_4g,explicit,43,40,550010880,1391.4158935546875,371.7294921875,0.0627459734678268,1.6241414546966553,0.0022965986281633
macs28xu,expfm_4g,explicit,43,40,560005120,1355.3199462890625,364.3798828125,0.0665275007486343,1.667380928993225,0.0025910707190632
macs28xu,expfm_4g,explicit,43,40,570081280,1347.9560546875,366.5087890625,0.0707760602235794,1.6988327503204346,0.0024361130781471
macs28xu,expfm_4g,explicit,43,40,580075520,1359.976806640625,361.8408203125,0.0657220035791397,1.628208875656128,0.002670792164281
macs28xu,expfm_4g,explicit,43,40,590069760,1387.660888671875,371.232421875,0.0618754029273986,1.6290314197540283,0.002191218547523
macs28xu,expfm_4g,explicit,43,40,600064000,1417.1181640625,374.056640625,0.063415378332138,1.6221508979797363,0.0022100219503045
macs28xu,expfm_4g,explicit,43,40,610058240,1413.809326171875,377.1708984375,0.0620022714138031,1.626073122024536,0.002083986531943
macs28xu,expfm_4g,explicit,43,40,620052480,1397.34716796875,374.583984375,0.0646215081214904,1.7021137475967407,0.0021425930317491
macs28xu,expfm_4g,explicit,43,40,630046720,1419.251220703125,378.080078125,0.0629757791757583,1.6131350994110107,0.0021467031911015
macs28xu,expfm_4g,explicit,43,40,640040960,1437.475830078125,379.083984375,0.0631515309214592,1.5990965366363523,0.0020430879667401
macs28xu,expfm_4g,explicit,43,40,650035200,1459.503173828125,383.6220703125,0.0587023384869098,1.588794469833374,0.0019140564836561
macs28xu,expfm_4g,explicit,43,40,660029440,1421.9078369140625,375.9970703125,0.0602682121098041,1.5973689556121826,0.0022207228466868
macs28xu,expfm_4g,explicit,43,40,670023680,1433.544677734375,377.7353515625,0.0596230328083038,1.6037896871566772,0.002208950696513
macs28xu,expfm_4g,explicit,43,40,680017920,1467.520263671875,388.9951171875,0.0599860846996307,1.637359380722046,0.0017564499285072
macs28xu,expfm_4g,explicit,43,40,690012160,1455.513671875,382.0517578125,0.0608974695205688,1.6090835332870483,0.0019416688010096
macs28xu,expfm_4g,explicit,43,40,700006400,1430.2421875,376.9638671875,0.0600212663412094,1.625516414642334,0.0020831716246902
macs28xu,expfm_4g,explicit,43,40,710000640,1454.570556640625,381.84765625,0.0584087967872619,1.5863181352615356,0.0019942345097661
macs28xu,expfm_4g,explicit,43,40,720076800,1439.8668212890625,380.0400390625,0.0597245506942272,1.639562726020813,0.0020231958478689
macs28xu,expfm_4g,explicit,43,40,730071040,1478.3350830078125,386.3603515625,0.0564585514366626,1.579620122909546,0.0019156381022185
macs28xu,expfm_4g,explicit,43,40,740065280,1462.655517578125,382.8828125,0.0609501376748085,1.5633879899978638,0.0020497301593422
macs28xu,expfm_4g,explicit,43,40,750059520,1487.0560302734375,389.2783203125,0.0580871067941188,1.617692947387695,0.0017706586513668
macs28xu,expfm_4g,explicit,43,40,760053760,1482.992431640625,389.076171875,0.0551422387361526,1.575997829437256,0.0018185782246291
macs28xu,expfm_4g,explicit,43,40,770048000,1475.82275390625,385.1103515625,0.0575822293758392,1.5951106548309326,0.001923709991388
macs28xu,expfm_4g,explicit,43,40,780042240,1468.4044189453125,385.8515625,0.0603106394410133,1.6487613916397097,0.0017537043895572
macs28xu,expfm_4g,explicit,43,40,790036480,1527.39306640625,398.3076171875,0.0544261336326599,1.5764226913452148,0.0014427034184336
macs28xu,expfm_4g,explicit,43,40,800030720,1471.0513916015625,385.65625,0.0589684173464775,1.6214139461517334,0.0018558371812105
macs28xu,expfm_4g,explicit,43,40,810024960,1443.746826171875,380.599609375,0.0584003590047359,1.6276311874389648,0.0019951886497437
macs28xu,expfm_4g,explicit,43,40,820019200,1492.6416015625,390.7421875,0.0562066361308097,1.590233325958252,0.0016541494987905
macs28xu,expfm_4g,explicit,43,40,830013440,1470.619384765625,384.244140625,0.0570173375308513,1.5932567119598389,0.0020010594744235
macs28xu,expfm_4g,explicit,43,40,840007680,1476.46435546875,388.0537109375,0.0614727586507797,1.643667459487915,0.0017707985825836
macs28xu,expfm_4g,explicit,43,40,850001920,1511.4072265625,392.16796875,0.0552434548735618,1.6051980257034302,0.0016453779535368
macs28xu,expfm_4g,explicit,43,40,860078080,1530.127685546875,395.375,0.0523416548967361,1.5720748901367188,0.0014280818868428
macs28xu,expfm_4g,explicit,43,40,870072320,1497.84912109375,388.82421875,0.0556926354765892,1.582662582397461,0.0016876932932063
macs28xu,expfm_4g,explicit,43,40,880066560,1533.2713623046875,396.2158203125,0.0547484867274761,1.5738286972045898,0.0015757909277454
macs28xu,expfm_4g,explicit,43,40,890060800,1473.22998046875,384.109375,0.0581761077046394,1.5904748439788818,0.0021603002678602
macs28xu,expfm_4g,explicit,43,40,900055040,1532.0703125,401.248046875,0.0520695336163044,1.5922908782958984,0.0013939046766608
macs28xu,expfm_4g,explicit,43,40,910049280,1523.815673828125,396.58984375,0.051837682723999,1.5878411531448364,0.0014803241938352
macs28xu,expfm_4g,explicit,43,40,920043520,1565.7435302734375,402.908203125,0.0520769357681274,1.562333583831787,0.0012822300195693
macs28xu,expfm_4g,explicit,43,40,930037760,1513.8712158203125,391.533203125,0.0538931638002395,1.568589687347412,0.0015669305576011
macs28xu,expfm_4g,explicit,43,40,940032000,1524.94677734375,401.0615234375,0.0531886741518974,1.6109349727630615,0.0014348323456943
macs28xu,expfm_4g,explicit,43,40,950026240,1521.0048828125,392.7021484375,0.0549189001321792,1.5791997909545898,0.0016501198988407
macs28xu,expfm_4g,explicit,43,40,960020480,1554.5213623046875,401.2646484375,0.0541609823703765,1.5634572505950928,0.0013809320516884
macs28xu,expfm_4g,explicit,43,40,970014720,1490.290771484375,386.8134765625,0.0544752851128578,1.6239328384399414,0.0017983267316594
macs28xu,expfm_4g,explicit,43,40,980008960,1524.83203125,396.88671875,0.0541797280311584,1.5763285160064695,0.0015348917804658
macs28xu,expfm_4g,explicit,43,40,990003200,1516.10791015625,395.40625,0.0541797205805778,1.575658082962036,0.0017278054729104
macs28xu,expfm_4g,explicit,43,40,1000079360,1531.6884765625,396.5927734375,0.0530478581786155,1.5744677782058716,0.0015833809738978
macs28xu,expfm_4g,explicit,43,40,1010073600,1533.945068359375,395.7890625,0.0538249611854553,1.5392768383026123,0.0016277411486953
macs28xu,expfm_4g,explicit,43,40,1020067840,1511.89892578125,392.294921875,0.0524904355406761,1.5758543014526367,0.0016344501636922
macs28xu,expfm_4g,explicit,43,40,1030062080,1554.798583984375,401.3212890625,0.0534625500440597,1.5552669763565063,0.0015194453299045
macs28xu,expfm_4g,explicit,43,40,1040056320,1478.79052734375,384.337890625,0.0716559439897537,1.5683614015579224,0.0018341212999075
macs28xu,expfm_4g,explicit,43,40,1050050560,1543.646484375,399.0458984375,0.0539429150521755,1.5839059352874756,0.0014578595291823
macs28xu,expfm_4g,explicit,43,40,1060044800,1552.8544921875,399.6435546875,0.0519383698701858,1.5467731952667236,0.0015143093187361
macs28xu,expfm_4g,explicit,43,40,1070039040,1520.048828125,394.1015625,0.053652711212635,1.5693118572235107,0.0014816862531006
macs28xu,expfm_4g,explicit,43,40,1080033280,1571.34423828125,404.5869140625,0.0516018271446228,1.5777652263641355,0.0012020978610962
macs28xu,expfm_4g,explicit,43,40,1090027520,1556.5780029296875,402.7431640625,0.0548880994319915,1.57178795337677,0.001298995106481
macs28xu,expfm_4g,explicit,43,40,1100021760,1543.48046875,396.9541015625,0.0534044876694679,1.5428311824798584,0.0015433495864272
macs28xu,expfm_4g,explicit,43,40,1110016000,1506.439453125,387.59375,0.0573874413967132,1.5544949769973757,0.00186104234308
macs28xu,expfm_4g,explicit,43,40,1120010240,1531.2744140625,390.0966796875,0.0552625991404056,1.5588546991348269,0.0018488833447918
macs28xu,expfm_4g,explicit,43,40,1130004480,1530.72021484375,395.2060546875,0.0538665056228637,1.5939910411834717,0.0016120306681841
macs28xu,expfm_4g,explicit,43,40,1140080640,1539.742431640625,393.1455078125,0.0527257323265075,1.5521292686462402,0.0016454802826046
macs28xu,expfm_4g,explicit,43,40,1150074880,1539.510009765625,398.58984375,0.0539518110454082,1.5784416198730469,0.001449461444281
macs28xu,expfm_4g,explicit,43,40,1160069120,1552.031982421875,397.94140625,0.0517858043313026,1.5518014430999756,0.0014403755776584
macs28xu,expfm_4g,explicit,43,40,1170063360,1548.8292236328125,398.5615234375,0.049046192318201,1.5621885061264038,0.0013667704770341
macs28xu,expfm_4g,explicit,43,40,1180057600,1505.531005859375,386.1376953125,0.0553276427090168,1.5763671398162842,0.0020368662662804
macs28xu,expfm_4g,explicit,43,40,1190051840,1536.988525390625,395.2080078125,0.0591546818614006,1.60002863407135,0.0015174387954175
macs28xu,expfm_4g,explicit,43,40,1200046080,1566.208984375,400.912109375,0.0520051643252372,1.5756429433822632,0.0013087862171232
macs28xu,expfm_4g,explicit,43,40,1210040320,1568.8087158203125,400.92578125,0.0521784797310829,1.5487496852874756,0.0013684418518096
macs28xu,expfm_4g,explicit,43,40,1220034560,1596.78857421875,405.8232421875,0.0500508546829223,1.524848222732544,0.0012191778514534
macs28xu,expfm_4g,explicit,43,40,1230028800,1562.5675048828125,399.919921875,0.0537284426391124,1.5851757526397705,0.0014114575460553
macs28xu,expfm_4g,explicit,43,40,1240023040,1555.782958984375,397.791015625,0.0509291067719459,1.5323024988174438,0.00158025638666
macs28xu,expfm_4g,explicit,43,40,1250017280,1575.8955078125,401.359375,0.0486498102545738,1.5615246295928955,0.0013168627629056
macs28xu,expfm_4g,explicit,43,40,1260011520,1548.4034423828125,394.767578125,0.060965210199356,1.5878264904022217,0.0015553447883576
macs28xu,expfm_4g,explicit,43,40,1270005760,1553.7330322265625,397.892578125,0.0531384050846099,1.587454319000244,0.0014207805506885
macs28xu,expfm_4g,explicit,43,40,1280000000,1585.7178955078125,404.453125,0.050452671945095,1.5469889640808103,0.0013333116658031
macs28xu,expfm_4g,explicit,43,40,1290076160,1569.6641845703125,400.4306640625,0.0481761693954467,1.5679396390914917,0.0013870447874069
macs28xu,expfm_4g,explicit,43,40,1300070400,1567.8931884765625,400.9423828125,0.0510449409484863,1.5377196073532104,0.0013908130349591
macs28xu,expfm_4g,explicit,43,40,1310064640,1568.25927734375,401.220703125,0.0509806424379348,1.5466821193695068,0.0013909505214542
macs28xu,expfm_4g,explicit,43,40,1320058880,1574.00537109375,400.7939453125,0.0538745485246181,1.5564441680908203,0.0014010117156431
macs28xu,expfm_4g,explicit,43,40,1330053120,1569.750732421875,395.9560546875,0.0501341894268989,1.510433554649353,0.0016334849642589
macs28xu,expfm_4g,explicit,43,40,1340047360,1573.282958984375,402.13671875,0.0504016727209091,1.532234787940979,0.001278318464756
macs28xu,expfm_4g,explicit,43,40,1350041600,1528.221923828125,390.9599609375,0.0518027357757091,1.5681545734405518,0.0016945241950452
macs28xu,expfm_4g,explicit,43,40,1360035840,1554.5513916015625,398.7470703125,0.0531149059534072,1.5646140575408936,0.0013505925890058
macs28xu,expfm_4g,explicit,43,40,1370030080,1555.694580078125,399.076171875,0.0523919239640235,1.5830562114715576,0.0013910664711147
macs28xu,expfm_4g,explicit,43,40,1380024320,1597.2965087890625,405.6240234375,0.0489966943860054,1.5436789989471436,0.0012514393310993
macs28xu,expfm_4g,explicit,43,40,1390018560,1574.356689453125,404.9951171875,0.048230092972517,1.5608620643615725,0.0012831697240471
macs28xu,expfm_4g,explicit,43,40,1400012800,1545.279296875,392.1376953125,0.0513405427336692,1.5355274677276611,0.001538751181215
macs28xu,expfm_4g,explicit,43,40,1410007040,1572.552734375,398.43359375,0.0489994063973426,1.5057806968688965,0.0014664771733805
macs28xu,expfm_4g,explicit,43,40,1420001280,1559.323974609375,399.2646484375,0.049187883734703,1.556635856628418,0.0013884936925023
macs28xu,expfm_4g,explicit,43,40,1430077440,1599.186279296875,405.458984375,0.0487632751464843,1.535549521446228,0.0011497891973704
macs28xu,expfm_4g,explicit,43,40,1440071680,1534.40087890625,393.958984375,0.0510929003357887,1.5505998134613037,0.0016369229415431
macs28xu,expfm_4g,explicit,43,40,1450065920,1555.906005859375,396.388671875,0.0501676723361015,1.530657172203064,0.0014968547038733
macs28xu,expfm_4g,explicit,43,40,1460060160,1537.269775390625,391.4453125,0.0648343414068222,1.5672261714935305,0.0016716460231691
macs28xu,expfm_4g,explicit,43,40,1470054400,1604.70703125,404.0302734375,0.0480374172329902,1.5054396390914917,0.001209667418152
macs28xu,expfm_4g,explicit,43,40,1480048640,1586.9312744140625,400.8388671875,0.0509945079684257,1.5361628532409668,0.0013378586154431
macs28xu,expfm_4g,explicit,43,40,1490042880,1563.32373046875,395.69921875,0.0495384223759174,1.540855884552002,0.0014953216305002
macs28xu,expfm_4g,explicit,43,40,1500037120,1532.83203125,390.287109375,0.0535964630544185,1.599955439567566,0.0017095780931413
macs28xu,expfm_4g,explicit,43,40,1510031360,1614.88232421875,406.35546875,0.0480735823512077,1.5081939697265625,0.0012143347412347
macs28xu,expfm_4g,explicit,43,40,1520025600,1595.01220703125,403.2451171875,0.0503634773194789,1.5393023490905762,0.0013572523603215
macs28xu,expfm_4g,explicit,43,40,1530019840,1602.9140625,405.650390625,0.0501536428928375,1.5110646486282349,0.0013123203534632
macs28xu,expfm_4g,explicit,43,40,1540014080,1593.88623046875,405.7158203125,0.0502987056970596,1.564838171005249,0.0012227169936522
macs28xu,expfm_4g,explicit,43,40,1550008320,1585.9129638671875,404.220703125,0.0495317503809928,1.5693352222442627,0.0012937042629346
macs28xu,expfm_4g,explicit,43,40,1560002560,1620.1778564453125,409.708984375,0.0456706136465072,1.5309727191925049,0.0010741370497271
macs28xu,expfm_4g,explicit,43,40,1570078720,1579.7083740234375,401.9072265625,0.0503005683422088,1.5630524158477783,0.0013429783284664
macs28xu,expfm_4g,explicit,43,40,1580072960,1593.31787109375,404.4208984375,0.0485013909637928,1.5518641471862793,0.0012590771075338
macs28xu,expfm_4g,explicit,43,40,1590067200,1582.05712890625,401.7294921875,0.0576171763241291,1.5639724731445312,0.0012731491588056
macs28xu,expfm_4g,explicit,43,40,1600061440,1590.166748046875,401.8330078125,0.0505152381956577,1.5501513481140137,0.0013794237747788
macs28xu,expfm_4g,explicit,43,40,1610055680,1620.2808837890625,408.9150390625,0.0463959574699401,1.5317373275756836,0.0011088423198089
macs28xu,expfm_4g,explicit,43,40,1620049920,1580.1060791015625,400.015625,0.0505387932062149,1.540791153907776,0.00144831801299
macs28xu,expfm_4g,explicit,43,40,1630044160,1591.00390625,404.3193359375,0.049231581389904,1.557729721069336,0.0013357152929529
macs28xu,expfm_4g,explicit,43,40,1640038400,1595.047119140625,402.4375,0.0475671328604221,1.506572961807251,0.0013315207324922
macs28xu,expfm_4g,explicit,43,40,1650032640,1591.2025146484375,401.990234375,0.0494840666651725,1.5365607738494873,0.0013305705506354
macs28xu,expfm_4g,explicit,43,40,1660026880,1597.6397705078125,405.5341796875,0.0509768910706043,1.5938606262207031,0.0012627092655748
macs28xu,expfm_4g,explicit,43,40,1670021120,1633.4609375,411.1396484375,0.046633243560791,1.5211224555969238,0.0010514259338378
macs28xu,expfm_4g,explicit,43,40,1680015360,1590.83447265625,402.099609375,0.0481038391590118,1.495866775512695,0.0013047554530203
macs28xu,expfm_4g,explicit,43,40,1690009600,1603.7265625,405.130859375,0.0487699955701828,1.5145567655563354,0.0012689317809417
macs28xu,expfm_4g,explicit,43,40,1700003840,1553.333984375,392.490234375,0.0511531494557857,1.5384202003479004,0.001615916728042
macs28xu,expfm_4g,explicit,43,40,1710080000,1566.4388427734375,401.115234375,0.0530634447932243,1.5737987756729126,0.0013281067367643
macs28xu,expfm_4g,explicit,43,40,1720074240,1627.0233154296875,412.8759765625,0.0479862391948699,1.5264568328857422,0.0010082032531499
macs28xu,expfm_4g,explicit,43,40,1730068480,1629.08935546875,410.5458984375,0.0467253848910331,1.5130267143249512,0.0010692744981497
macs28xu,expfm_4g,explicit,43,40,1740062720,1597.188232421875,402.3740234375,0.0483252443373203,1.5215339660644531,0.0013115456094965
macs28xu,expfm_4g,explicit,43,40,1750056960,1587.3411865234375,407.4716796875,0.0487004145979881,1.591517210006714,0.0012259930372238
macs28xu,expfm_4g,explicit,43,40,1760051200,1598.305908203125,401.5693359375,0.0483573973178863,1.4946907758712769,0.0013857756275683
macs28xu,expfm_4g,explicit,43,40,1770045440,1619.260498046875,406.5380859375,0.0474813356995582,1.5104119777679443,0.0012737439246848
macs28xu,expfm_4g,explicit,43,40,1780039680,1606.3846435546875,404.1630859375,0.049110323190689,1.521150827407837,0.0013501102803274
macs28xu,expfm_4g,explicit,43,40,1790033920,1609.294921875,405.123046875,0.0508737526834011,1.5383012294769287,0.0012566426303237
macs28xu,expfm_4g,explicit,43,40,1800028160,1599.2861328125,405.0439453125,0.0501626133918762,1.5518481731414795,0.0011731972917914
macs28xu,expfm_4g,explicit,43,40,1810022400,1609.48486328125,405.9248046875,0.0471454188227653,1.5163352489471436,0.0012710803421214
macs28xu,expfm_4g,explicit,43,40,1820016640,1544.5458984375,390.2021484375,0.0532707720994949,1.5355015993118286,0.0017341841012239
macs28xu,expfm_4g,explicit,43,40,1830010880,1608.0111083984375,404.552734375,0.0470457375049591,1.5030639171600342,0.0012787684099748
macs28xu,expfm_4g,explicit,43,40,1840005120,1621.909912109375,410.0966796875,0.0460998862981796,1.5133471488952637,0.0010595642961561
macs28xu,expfm_4g,explicit,43,40,1850081280,1584.7435302734375,399.2451171875,0.046627189964056,1.496941089630127,0.0014451298629865
macs28xu,expfm_4g,explicit,43,40,1860075520,1544.6474609375,391.8623046875,0.0539519190788269,1.5465494394302368,0.0015692627057433
macs28xu,expfm_4g,explicit,43,40,1870069760,1619.5830078125,408.990234375,0.0485124811530113,1.5355708599090576,0.0010689725168049
macs28xu,expfm_4g,explicit,43,40,1880064000,1635.8818359375,410.1337890625,0.0460317619144916,1.507084608078003,0.0011156526161357
macs28xu,expfm_4g,explicit,43,40,1890058240,1630.9716796875,412.015625,0.0449908226728439,1.4969608783721924,0.0010482739889994
macs28xu,expfm_4g,explicit,43,40,1900052480,1600.1595458984375,401.830078125,0.0472569726407527,1.501681566238403,0.0013066409155726
macs28xu,expfm_4g,explicit,43,40,1910046720,1584.611083984375,400.7978515625,0.0495882108807563,1.5583175420761108,0.00137475784868
macs28xu,expfm_4g,explicit,43,40,1920040960,1585.0540771484375,397.0498046875,0.0510564073920249,1.5338270664215088,0.0015307418070733
macs28xu,expfm_4g,explicit,43,40,1930035200,1630.0689697265625,408.4287109375,0.0468063205480575,1.4940739870071411,0.0012065488845109
macs28xu,expfm_4g,explicit,43,40,1940029440,1593.505126953125,402.7060546875,0.0499655082821846,1.528218150138855,0.0013338407734408
macs28xu,expfm_4g,explicit,43,40,1950023680,1575.093017578125,397.2314453125,0.049933522939682,1.5372200012207031,0.0014325000811368
macs28xu,expfm_4g,explicit,43,40,1960017920,1611.71728515625,405.115234375,0.0469245091080665,1.5017918348312378,0.0012928857468068
macs28xu,expfm_4g,explicit,43,40,1970012160,1621.61572265625,409.4619140625,0.0440498143434524,1.5086455345153809,0.00108960759826
macs28xu,expfm_4g,explicit,43,40,1980006400,1597.815673828125,400.705078125,0.0603557266294956,1.5307974815368652,0.0014092995552346
macs28xu,expfm_4g,explicit,43,40,1990000640,1583.192138671875,398.4765625,0.0495912544429302,1.5333576202392578,0.0014437664067372
macs28xu,expfm_4g,explicit,43,40,2000076800,1603.048583984375,402.1279296875,0.0475013889372348,1.5113985538482666,0.0012891050428152
macs28xu,expfm_4g,explicit,43,40,2010071040,1609.39306640625,406.5078125,0.0500110499560833,1.5320860147476196,0.0011763654183596
macs28xu,expfm_4g,explicit,43,40,2020065280,1613.30078125,405.845703125,0.0459493994712829,1.5351731777191162,0.0012634373269975
macs28xu,expfm_4g,explicit,43,40,2030059520,1640.438720703125,410.26953125,0.0463583841919899,1.4807082414627075,0.0010934275342151
macs28xu,expfm_4g,explicit,43,40,2040053760,1597.755126953125,401.853515625,0.04892248660326,1.5247687101364136,0.0013389900559559
macs28xu,expfm_4g,explicit,43,40,2050048000,1629.873046875,406.89453125,0.0458093509078025,1.4680086374282837,0.0011719474568963
macs28xu,expfm_4g,explicit,43,40,2060042240,1640.3072509765625,409.3359375,0.0461014509201049,1.4809114933013916,0.0010951552540063
macs28xu,expfm_4g,explicit,43,40,2070036480,1617.57666015625,406.078125,0.0504876524209976,1.5345134735107422,0.0012712286552414
macs28xu,expfm_4g,explicit,43,40,2080030720,1595.8851318359375,400.14453125,0.0501367971301078,1.4995737075805664,0.0014022376853972
macs28xu,expfm_4g,explicit,43,40,2090024960,1597.22412109375,405.3447265625,0.0499662794172763,1.5360088348388672,0.0011826117988675
macs28xu,expfm_4g,explicit,43,40,2100019200,1625.4163818359375,408.14453125,0.0472434610128402,1.506486892700195,0.0012189655099064
macs28xu,expfm_4g,explicit,43,40,2110013440,1677.05322265625,419.84765625,0.0433764792978763,1.4915940761566162,0.0008119494304992
macs28xu,expfm_4g,explicit,43,40,2120007680,1654.40283203125,412.62109375,0.043078988790512,1.47905695438385,0.0009994553402066
macs28xu,expfm_4g,explicit,43,40,2130001920,1635.6890869140625,406.1396484375,0.0459774807095527,1.4708876609802246,0.0012161848135292
macs28xu,expfm_4g,explicit,43,40,2140078080,1606.64599609375,403.8828125,0.0491570644080638,1.5350525379180908,0.001247746287845
macs28xu,expfm_4g,explicit,43,40,2150072320,1650.702880859375,411.375,0.0445776358246803,1.4862749576568604,0.0010319256689399
macs28xu,expfm_4g,explicit,43,40,2160066560,1612.5416259765625,401.953125,0.0471348091959953,1.4782205820083618,0.0013674937654286
macs28xu,expfm_4g,explicit,43,40,2170060800,1604.005126953125,402.9970703125,0.0508276000618934,1.5150747299194336,0.001384082948789
macs28xu,expfm_4g,explicit,43,40,2180055040,1586.318603515625,398.01953125,0.0478779450058937,1.5193367004394531,0.0014396628830581
macs28xu,expfm_4g,explicit,43,40,2190049280,1621.11865234375,405.1611328125,0.045460045337677,1.491333246231079,0.001250117085874
macs28xu,expfm_4g,explicit,43,40,2200043520,1635.4090576171875,412.5380859375,0.0467318296432495,1.5146348476409912,0.0010086158290505
macs28xu,expfm_4g,explicit,43,40,2210037760,1629.63134765625,408.1748046875,0.0457279756665229,1.5034902095794678,0.0011418524663895
macs28xu,expfm_4g,explicit,43,40,2220032000,1625.57080078125,404.2177734375,0.0479638800024986,1.4880931377410889,0.0012210615677759
macs28xu,expfm_4g,explicit,43,40,2230026240,1634.66845703125,408.533203125,0.0453885346651077,1.5172533988952637,0.0011162223527207
macs28xu,expfm_4g,explicit,43,40,2240020480,1598.741455078125,404.6201171875,0.0485840290784835,1.5416457653045654,0.0012377193197607
macs28xu,expfm_4g,explicit,43,40,2250014720,1608.4375,405.8740234375,0.0493889190256595,1.559103012084961,0.001233925926499
macs28xu,expfm_4g,explicit,43,40,2260008960,1618.404052734375,405.00390625,0.0465003177523613,1.4829792976379397,0.0011900472454726
macs28xu,expfm_4g,explicit,43,40,2270003200,1575.4736328125,394.677734375,0.048723567277193,1.5380240678787231,0.0015767912846058
macs28xu,expfm_4g,explicit,43,40,2280079360,1636.415771484375,406.9873046875,0.0443510971963405,1.4904308319091797,0.0011850505834445
macs28xu,expfm_4g,explicit,43,40,2290073600,1646.68896484375,409.0224609375,0.0442440249025821,1.4741744995117188,0.0010530443396419
macs28xu,expfm_4g,explicit,43,40,2300067840,1592.9697265625,397.724609375,0.0470115765929222,1.494303584098816,0.0013880749465897
macs28xu,expfm_4g,explicit,43,40,2310062080,1625.952392578125,403.9013671875,0.0462498888373374,1.4613851308822632,0.0012532718246802
macs28xu,expfm_4g,explicit,43,40,2320056320,1623.827880859375,404.095703125,0.0471561178565025,1.4794317483901978,0.0013220391701906
macs28xu,expfm_4g,explicit,43,40,2330050560,1602.343505859375,399.9833984375,0.047006718814373,1.4999232292175293,0.0014184492174535
macs28xu,expfm_4g,explicit,43,40,2340044800,1630.0645751953125,410.828125,0.0460447818040847,1.5327296257019043,0.0010582866379991
macs28xu,expfm_4g,explicit,43,40,2350039040,1610.290771484375,406.2197265625,0.0469059124588966,1.5137200355529783,0.0012593996943905
macs28xu,expfm_4g,explicit,43,40,2360033280,1618.4063720703125,401.4130859375,0.0451341047883033,1.4677495956420898,0.0012986331712454
macs28xu,expfm_4g,explicit,43,40,2370027520,1564.798583984375,396.8828125,0.0516174212098121,1.5409528017044067,0.0015545148635283
macs28xu,expfm_4g,explicit,43,40,2380021760,1634.908447265625,407.4716796875,0.0474059730768203,1.5051376819610596,0.0011619080323725
macs28xu,expfm_4g,explicit,43,40,2390016000,1587.8291015625,399.1513671875,0.0498712882399559,1.52422833442688,0.0013982618693262
macs28xu,expfm_4g,explicit,43,40,2400010240,1644.255615234375,409.2138671875,0.0484033972024917,1.4747718572616575,0.0010705336462706
macs28xu,expfm_4g,explicit,43,40,2410004480,1633.401123046875,406.82421875,0.0460306107997894,1.4736974239349363,0.0012201311765238
macs28xu,expfm_4g,explicit,43,40,2420080640,1637.642333984375,403.6826171875,0.0463053174316883,1.4312052726745603,0.0013378710718825
macs28xu,expfm_4g,explicit,43,40,2430074880,1607.036376953125,400.65234375,0.0484591834247112,1.4763526916503906,0.0013615821953862
macs28xu,expfm_4g,explicit,43,40,2440069120,1539.4322509765625,388.4765625,0.0579910092055797,1.54911470413208,0.0017867246642708
macs28xu,expfm_4g,explicit,43,40,2450063360,1651.12548828125,409.4970703125,0.0429446771740913,1.46201753616333,0.0010796631686389
macs28xu,expfm_4g,explicit,43,40,2460057600,1610.21533203125,402.4853515625,0.047766238451004,1.505479335784912,0.0013143266551196
macs28xu,expfm_4g,explicit,43,40,2470051840,1647.96875,411.66015625,0.0445325933396816,1.447781324386597,0.0010456565069034
macs28xu,expfm_4g,explicit,43,40,2480046080,1643.9586181640625,408.9716796875,0.0453807339072227,1.469348430633545,0.0011142382863909
macs28xu,expfm_4g,explicit,43,40,2490040320,1648.271240234375,410.650390625,0.0453035309910774,1.4706830978393557,0.0010752859525382
macs28xu,expfm_4g,explicit,43,40,2500034560,1625.442626953125,405.041015625,0.0465309582650661,1.498268961906433,0.0012047297786921
macs28xu,expfm_4g,explicit,43,40,2510028800,1626.2503662109375,404.2197265625,0.0456542260944843,1.487518310546875,0.0012825939338654
macs28xu,expfm_4g,explicit,43,40,2520023040,1627.241455078125,404.822265625,0.0488520935177803,1.4815776348114014,0.0012057486455887
macs28xu,expfm_4g,explicit,43,40,2530017280,1645.0706787109375,409.83984375,0.0443755015730857,1.4891362190246582,0.0010659388499334
macs28xu,expfm_4g,explicit,43,40,2540011520,1621.55859375,406.78125,0.04855877161026,1.5216429233551023,0.0011668974766507
macs28xu,expfm_4g,explicit,43,40,2550005760,1635.1077880859375,406.30078125,0.0454348772764205,1.4844145774841309,0.0012271672021597
macs28xu,expfm_4g,explicit,43,40,2560000000,1624.89892578125,405.5732421875,0.0480556413531303,1.520768165588379,0.0012767743319272
macs28xu,expfm_4g,explicit,43,40,2570076160,1594.9224853515625,401.265625,0.0592180825769901,1.5179184675216677,0.0014597419649362
macs28xu,expfm_4g,explicit,43,40,2580070400,1637.3292236328125,406.73046875,0.0470745228230953,1.5028374195098877,0.001199604361318
macs28xu,expfm_4g,explicit,43,40,2590064640,1632.5830078125,402.2509765625,0.0490014106035232,1.4797500371932983,0.0013513114536181
macs28xu,expfm_4g,explicit,43,40,2600058880,1652.571533203125,408.5810546875,0.0443949326872825,1.4741156101226809,0.0010928716510534
macs28xu,expfm_4g,explicit,43,40,2610053120,1608.826416015625,401.849609375,0.049376830458641,1.4981777667999268,0.0012942815665155
macs28xu,expfm_4g,explicit,43,40,2620047360,1673.391357421875,413.8056640625,0.0439351201057434,1.4897345304489136,0.0010004335781559
macs28xu,expfm_4g,explicit,43,40,2630041600,1646.82666015625,407.3095703125,0.0463336110115051,1.4760076999664309,0.0012545884819701
macs28xu,expfm_4g,explicit,43,40,2640035840,1609.32568359375,403.1826171875,0.0474310889840126,1.5430490970611572,0.0013218608219176
macs28xu,expfm_4g,explicit,43,40,2650030080,1622.514892578125,403.478515625,0.0476209744811058,1.506130933761597,0.0013203009730204
macs28xu,expfm_4g,explicit,43,40,2660024320,1642.5517578125,404.4345703125,0.0445051118731498,1.4656574726104736,0.0012860699789598
macs28xu,expfm_4g,explicit,43,40,2670018560,1635.4261474609375,409.4326171875,0.046723686158657,1.4844568967819214,0.0010660582920536
macs28xu,expfm_4g,explicit,43,40,2680012800,1605.4940185546875,401.66796875,0.045357309281826,1.4985496997833252,0.0014983187429606
macs28xu,expfm_4g,explicit,43,40,2690007040,1658.08203125,409.8779296875,0.0440305285155773,1.4776034355163574,0.0011144338641315
macs28xu,expfm_4g,explicit,43,40,2700001280,1624.3408203125,403.79296875,0.0448073111474514,1.4734017848968506,0.0012294530170038
macs28xu,expfm_4g,explicit,43,40,2710077440,1653.0966796875,412.8759765625,0.0489329509437084,1.502037525177002,0.0009863297455012
macs28xu,expfm_4g,explicit,43,40,2720071680,1644.60546875,408.3955078125,0.0464512333273887,1.477997064590454,0.0011734947329387
macs28xu,expfm_4g,explicit,43,40,2730065920,1641.696044921875,405.6025390625,0.0451040379703044,1.4555730819702148,0.0011765130329877
macs28xu,expfm_4g,explicit,43,40,2740060160,1636.2320556640625,406.1220703125,0.0472653470933437,1.4839706420898438,0.0012125086504966
macs28xu,expfm_4g,explicit,43,40,2750054400,1642.887939453125,405.23828125,0.0463446080684661,1.46505606174469,0.001233521150425
macs28xu,expfm_4g,explicit,43,40,2760048640,1671.8829345703125,414.677734375,0.0421869158744812,1.4618470668792725,0.0009008557535707
macs28xu,expfm_4g,explicit,43,40,2770042880,1652.3150634765625,410.10546875,0.0445349067449569,1.485919952392578,0.0010863633360713
macs28xu,expfm_4g,explicit,43,40,2780037120,1621.52978515625,404.4990234375,0.0434174761176109,1.4594213962554932,0.0012795554939657
macs28xu,expfm_4g,explicit,43,40,2790031360,1663.651611328125,412.5185546875,0.0423832423985004,1.486356258392334,0.0009536513825878
macs28xu,expfm_4g,explicit,43,40,2800025600,1627.82080078125,408.740234375,0.0466984286904335,1.5210028886795044,0.0010996179189532
macs28xu,expfm_4g,explicit,43,40,2810019840,1662.002197265625,412.9697265625,0.045360941439867,1.4851367473602295,0.0009936022106558
macs28xu,expfm_4g,explicit,43,40,2820014080,1645.6278076171875,408.185546875,0.0490635260939598,1.4569618701934814,0.001190596492961
macs28xu,expfm_4g,explicit,43,40,2830008320,1664.425048828125,413.96484375,0.0440738163888454,1.4762370586395264,0.0009724822593852
macs28xu,expfm_4g,explicit,43,40,2840002560,1652.204833984375,408.7197265625,0.0418652966618537,1.4567158222198486,0.0011233881814405
macs28xu,expfm_4g,explicit,43,40,2850078720,1624.099609375,403.408203125,0.045826818794012,1.4950233697891235,0.0012450850335881
macs28xu,expfm_4g,explicit,43,40,2860072960,1604.3734130859375,400.1689453125,0.0483618155121803,1.5055418014526367,0.0014097354141995
macs28xu,expfm_4g,explicit,43,40,2870067200,1650.1617431640625,407.626953125,0.0452140718698501,1.4585516452789309,0.0011500981636345
macs28xu,expfm_4g,explicit,43,40,2880061440,1654.3597412109375,409.6650390625,0.0423161461949348,1.4554641246795654,0.001109360367991
macs28xu,expfm_4g,explicit,43,40,2890055680,1665.5760498046875,411.5546875,0.0438079796731472,1.4503047466278076,0.0010612584883347
macs28xu,expfm_4g,explicit,43,40,2900049920,1653.84423828125,407.6689453125,0.0439532920718193,1.4582173824310305,0.001153067802079
macs28xu,expfm_4g,explicit,43,40,2910044160,1617.796630859375,400.3232421875,0.0455516763031482,1.481187105178833,0.0014062295667827
macs28xu,expfm_4g,explicit,43,40,2920038400,1661.828125,412.7841796875,0.043273702263832,1.4694105386734009,0.0010737064294517
macs28xu,expfm_4g,explicit,43,40,2930032640,1642.091796875,407.0693359375,0.0443626642227172,1.4622619152069092,0.0012319909874349
macs28xu,expfm_4g,explicit,43,40,2940026880,1686.00732421875,416.30078125,0.040840845555067,1.4324839115142822,0.0008870258461683
macs28xu,expfm_4g,explicit,43,40,2950021120,1630.122802734375,402.03515625,0.0455758534371852,1.4352667331695557,0.0013545578112825
macs28xu,expfm_4g,explicit,43,40,2960015360,1631.118896484375,406.9560546875,0.0469555929303169,1.475370168685913,0.0012382492423057
macs28xu,expfm_4g,explicit,43,40,2970009600,1585.729736328125,397.02734375,0.046850249171257,1.5077985525131226,0.0014434407930821
macs28xu,expfm_4g,explicit,43,40,2980003840,1657.594970703125,410.6796875,0.0436160005629062,1.4699110984802246,0.0009855679236352
macs28xu,expfm_4g,explicit,43,40,2990080000,1649.749267578125,408.51953125,0.0446236059069633,1.4986085891723633,0.0011356479953974
macs28xu,expfm_4g,explicit,43,40,3000074240,1669.949462890625,415.107421875,0.0430410727858543,1.488333225250244,0.0009420537971891
macs28xu,expfm_4g,explicit,43,40,3010068480,1646.1810302734375,408.271484375,0.0451360121369361,1.494067907333374,0.0011091297492384
macs28xu,expfm_4g,explicit,43,40,3020062720,1639.4461669921875,406.1474609375,0.045504406094551,1.4702143669128418,0.0011897743679583
macs28xu,expfm_4g,explicit,43,40,3030056960,1630.3446044921875,403.5224609375,0.0474556684494018,1.4807721376419067,0.0013599067460745
macs28xu,expfm_4g,explicit,43,40,3040051200,1635.163330078125,404.8896484375,0.0436155200004577,1.4755003452301023,0.0013262308202683
macs28xu,expfm_4g,explicit,43,40,3050045440,1642.2864990234375,404.9462890625,0.0439734794199466,1.4662325382232666,0.0012895764084532
macs28xu,expfm_4g,explicit,43,40,3060039680,1629.576904296875,401.228515625,0.0455348864197731,1.45866858959198,0.0013288485351949
macs28xu,expfm_4g,explicit,43,40,3070033920,1613.1041259765625,399.732421875,0.0465371087193489,1.5094642639160156,0.0014061948750168
macs28xu,expfm_4g,explicit,43,40,3080028160,1659.7623291015625,409.634765625,0.0426211804151535,1.4631781578063965,0.0011049783788621
macs28xu,expfm_4g,explicit,43,40,3090022400,1640.2635498046875,405.2451171875,0.0456414222717285,1.4667017459869385,0.00124017521739
macs28xu,expfm_4g,explicit,43,40,3100016640,1626.66162109375,406.4794921875,0.048216089606285,1.5128358602523804,0.0011980066774412
macs28xu,expfm_4g,explicit,43,40,3110010880,1672.784912109375,412.1064453125,0.0416023060679435,1.4651535749435425,0.0010826020734384
macs28xu,expfm_4g,explicit,43,40,3120005120,1672.28662109375,415.1142578125,0.0439117401838302,1.4755396842956543,0.0009899992728605
macs28xu,expfm_4g,explicit,43,40,3130081280,1663.8997802734375,410.9306640625,0.0425576157867908,1.4574058055877686,0.0010242885909974
macs28xu,expfm_4g,explicit,43,40,3140075520,1665.8939208984375,411.7001953125,0.0415584221482276,1.4701191186904907,0.0010000423062592
macs28xu,expfm_4g,explicit,43,40,3150069760,1637.354736328125,405.208984375,0.0474723279476165,1.4375178813934326,0.0012766780564561
macs28xu,expfm_4g,explicit,43,40,3160064000,1643.9761962890625,407.44921875,0.0441426858305931,1.4794878959655762,0.0012098000152036
macs28xu,expfm_4g,explicit,43,40,3170058240,1629.17041015625,400.8662109375,0.0459586530923843,1.4383292198181152,0.0013577898498624
macs28xu,expfm_4g,explicit,43,40,3180052480,1686.55078125,417.6748046875,0.0425357073545455,1.4662020206451416,0.0008466294966638
macs28xu,expfm_4g,explicit,43,40,3190046720,1636.680908203125,405.810546875,0.0438129790127277,1.473560094833374,0.0011782392393797
macs28xu,expfm_4g,explicit,43,40,3200040960,1678.0333251953125,413.626953125,0.0408163294196128,1.4406601190567017,0.000953450682573
macs28xu,expfm_4g,explicit,43,40,3210035200,1655.0440673828125,409.2685546875,0.0418271794915199,1.4763505458831787,0.0010683971922844
macs28xu,expfm_4g,explicit,43,40,3220029440,1656.281494140625,411.25390625,0.0436450392007827,1.4743154048919678,0.0010179714299738
macs28xu,expfm_4g,explicit,43,40,3230023680,1635.4674072265625,405.025390625,0.0444225743412971,1.4408899545669556,0.0012561158509925
macs28xu,expfm_4g,explicit,43,40,3240017920,1656.93017578125,408.556640625,0.0432310849428176,1.4644334316253662,0.0010814093984663
macs28xu,expfm_4g,explicit,43,40,3250012160,1657.5860595703125,407.111328125,0.0437974035739898,1.4418915510177612,0.0012471186928451
macs28xu,expfm_4g,explicit,43,40,3260006400,1652.180908203125,407.6689453125,0.0422916635870933,1.4632028341293335,0.0011483554262667
macs28xu,expfm_4g,explicit,43,40,3270000640,1644.156494140625,406.185546875,0.0445590056478977,1.4770573377609253,0.0011838274076581
macs28xu,expfm_4g,explicit,43,40,3280076800,1645.3280029296875,405.111328125,0.043240025639534,1.4473779201507568,0.001303814118728
macs28xu,expfm_4g,explicit,43,40,3290071040,1648.092041015625,405.5126953125,0.0424354523420333,1.4378039836883545,0.0012376379454508
macs28xu,expfm_4g,explicit,43,40,3300065280,1652.658447265625,409.46484375,0.0418101474642753,1.4607813358306885,0.0010713464580476
macs28xu,expfm_4g,explicit,43,40,3310059520,1653.4857177734375,408.9111328125,0.0445379093289375,1.4870789051055908,0.0011959801195189
macs28xu,expfm_4g,explicit,43,40,3320053760,1628.0404052734375,400.3427734375,0.0450416132807731,1.450389385223389,0.0014336260501295
macs28xu,expfm_4g,explicit,43,40,3330048000,1633.346435546875,406.919921875,0.0455459393560886,1.4886770248413086,0.0011694451095536
macs28xu,expfm_4g,explicit,43,40,3340042240,1641.04150390625,407.025390625,0.0423751696944236,1.4687652587890625,0.0011714950669556
macs28xu,expfm_4g,explicit,43,40,3350036480,1646.8023681640625,405.2724609375,0.0434584766626358,1.4556376934051514,0.0012089145602658
macs28xu,expfm_4g,explicit,43,40,3360030720,1624.905029296875,399.837890625,0.0427161194384098,1.438291072845459,0.0014174825046211
macs28xu,expfm_4g,explicit,43,40,3370024960,1594.7769775390625,394.306640625,0.0461062863469123,1.472543478012085,0.0015604838263243
macs28xu,expfm_4g,explicit,43,40,3380019200,1686.894775390625,414.1728515625,0.0403673909604549,1.4319703578948977,0.0009644330712035
macs28xu,expfm_4g,explicit,43,40,3390013440,1654.1834716796875,407.8037109375,0.0434087738394737,1.4653689861297607,0.0011370570864528
macs28xu,expfm_4g,explicit,43,40,3400007680,1662.84765625,411.5576171875,0.043697714805603,1.447954535484314,0.0010529482970014
macs28xu,expfm_4g,explicit,43,40,3410001920,1629.98388671875,407.4033203125,0.0601446144282817,1.4915432929992676,0.0012469614157453
macs28xu,expfm_4g,explicit,43,40,3420078080,1680.017333984375,417.404296875,0.0525729581713676,1.468406081199646,0.0007913967128843
macs28xu,expfm_4g,explicit,43,40,3430072320,1679.023193359375,415.8779296875,0.0413939654827117,1.472644329071045,0.0009030374349094
macs28xu,expfm_4g,explicit,43,40,3440066560,1677.284423828125,414.314453125,0.0428817048668861,1.47611403465271,0.0009496635757386
macs28xu,expfm_4g,explicit,43,40,3450060800,1676.6968994140625,412.3779296875,0.0420661643147468,1.4621355533599854,0.0010104347020387
macs28xu,expfm_4g,explicit,43,40,3460055040,1677.253662109375,414.1923828125,0.042830154299736,1.4627965688705444,0.0010683394502848
macs28xu,expfm_4g,explicit,43,40,3470049280,1633.18603515625,406.98046875,0.0461900308728218,1.4816131591796875,0.0012268184218555
macs28xu,expfm_4g,explicit,43,40,3480043520,1675.7960205078125,413.126953125,0.0425118841230869,1.4655109643936155,0.0009513611439615
macs28xu,expfm_4g,explicit,43,40,3490037760,1652.6865234375,406.591796875,0.0454545617103576,1.475606918334961,0.0011797721963375
macs28xu,expfm_4g,explicit,43,40,3500032000,1702.58642578125,419.353515625,0.0415239855647087,1.454385757446289,0.0007879370823502
macs28xu,expfm_4g,explicit,43,40,3510026240,1703.0693359375,417.462890625,0.0401647314429283,1.432997226715088,0.0008819723152555
macs28xu,expfm_4g,explicit,43,40,3520020480,1674.7569580078125,410.9365234375,0.041954968124628,1.456061601638794,0.0010710840579122
macs28xu,expfm_4g,explicit,43,40,3530014720,1608.8955078125,399.046875,0.0519704818725585,1.4879528284072876,0.001526660984382
macs28xu,expfm_4g,explicit,43,40,3540008960,1661.3914794921875,411.09765625,0.0440305136144161,1.4718860387802124,0.0010410584509372
macs28xu,expfm_4g,explicit,43,40,3550003200,1663.905029296875,409.9453125,0.0427921861410141,1.4426259994506836,0.0010782005265355
macs28xu,expfm_4g,explicit,43,40,3560079360,1683.6688232421875,418.0009765625,0.0405518189072608,1.4512734413146973,0.0008244042983278
macs28xu,expfm_4g,explicit,43,40,3570073600,1652.56591796875,409.5283203125,0.0447339639067649,1.4679216146469116,0.0011095603695139
macs28xu,expfm_4g,explicit,43,40,3580067840,1630.622802734375,403.193359375,0.0464897528290748,1.5000061988830566,0.0013276205863803
macs28xu,expfm_4g,explicit,43,40,3590062080,1673.7310791015625,413.4677734375,0.0421003252267837,1.4625825881958008,0.0009548544185236
macs28xu,expfm_4g,explicit,43,40,3600056320,1676.3995361328125,411.4833984375,0.0421872735023498,1.4248740673065186,0.0010782431345432
macs28xu,expfm_4g,explicit,43,40,3610050560,1656.0235595703125,408.205078125,0.0439151115715503,1.4301881790161133,0.0011440134840086
macs28xu,expfm_4g,explicit,43,40,3620044800,1630.658935546875,402.0830078125,0.0447871088981628,1.472670316696167,0.0012841884745284
macs28xu,expfm_4g,explicit,43,40,3630039040,1659.811279296875,411.3359375,0.042521558701992,1.4399046897888184,0.0011075631482526
macs28xu,expfm_4g,explicit,43,40,3640033280,1661.7999267578125,412.529296875,0.0453142151236534,1.5096869468688965,0.0010461378842592
macs28xu,expfm_4g,explicit,43,40,3650027520,1660.3277587890625,411.208984375,0.0428247451782226,1.478354573249817,0.0011437081266194
macs28xu,expfm_4g,explicit,43,40,3660021760,1668.5555419921875,410.9853515625,0.0432959198951721,1.4813451766967771,0.0010795956477522
macs28xu,expfm_4g,explicit,43,40,3670016000,1663.859130859375,407.5546875,0.0456976220011711,1.4597437381744385,0.0012719198130071
macs28xu,expfm_4g,explicit,43,40,3680010240,1678.470947265625,412.380859375,0.0401472710072994,1.4600858688354492,0.0010640838881954
macs28xu,expfm_4g,explicit,43,40,3690004480,1647.108642578125,407.1494140625,0.0439795553684234,1.4781869649887085,0.0012067987117916
macs28xu,expfm_4g,explicit,43,40,3700080640,1658.4261474609375,410.30859375,0.0481659434735775,1.515265941619873,0.0011519568506628
macs28xu,expfm_4g,explicit,43,40,3710074880,1696.10546875,418.4052734375,0.041475374251604,1.4752655029296875,0.0008828081772662
macs28xu,expfm_4g,explicit,43,40,3720069120,1620.8382568359375,404.15625,0.0463543571531772,1.5322871208190918,0.0012393497163429
macs28xu,expfm_4g,explicit,43,40,3730063360,1709.9033203125,422.7392578125,0.0407922603189945,1.470022678375244,0.0007844733772799
macs28xu,expfm_4g,explicit,43,40,3740057600,1642.5634765625,408.1103515625,0.0487692430615425,1.5206210613250732,0.0011441982351243
macs28xu,expfm_4g,explicit,43,40,3750051840,1665.7509765625,408.5009765625,0.0417980328202247,1.4488297700881958,0.0010933595476672
macs28xu,expfm_4g,explicit,43,40,3760046080,1661.0833740234375,413.5166015625,0.0423204638063907,1.458026885986328,0.0010136577766388
macs28xu,expfm_4g,explicit,43,40,3770040320,1657.681884765625,409.65625,0.0442829653620719,1.4687447547912598,0.0011145749595016
macs28xu,expfm_4g,explicit,43,40,3780034560,1681.7518310546875,414.392578125,0.0419686213135719,1.4723694324493408,0.0010370227973908
macs28xu,expfm_4g,explicit,43,40,3790028800,1648.5767822265625,408.662109375,0.0489529967308044,1.4581184387207031,0.0012025757459923
macs28xu,expfm_4g,explicit,43,40,3800023040,1668.536376953125,409.61328125,0.0422965697944164,1.4605655670166016,0.0011490111937746
macs28xu,expfm_4g,explicit,43,40,3810017280,1697.521728515625,416.572265625,0.0414221882820129,1.441364884376526,0.0009607380488887
macs28xu,expfm_4g,explicit,43,40,3820011520,1656.125,409.0693359375,0.042016863822937,1.4757187366485596,0.0011456348001956
macs28xu,expfm_4g,explicit,43,40,3830005760,1662.054443359375,409.0087890625,0.0423492304980754,1.4774857759475708,0.0012222663499414
macs28xu,expfm_4g,explicit,43,40,3840000000,1640.4183349609375,404.5224609375,0.044909369200468,1.498669147491455,0.001347120036371
macs28xu,expfm_4g,explicit,43,40,3850076160,1655.11279296875,407.86328125,0.0416606143116951,1.476069450378418,0.0012581399641931
macs28xu,expfm_4g,explicit,43,40,3860070400,1663.019287109375,408.9814453125,0.0432495027780532,1.45436692237854,0.001189325004816
macs28xu,expfm_4g,explicit,43,40,3870064640,1650.7574462890625,406.9052734375,0.045027956366539,1.471660852432251,0.0011970892082899
macs28xu,expfm_4g,explicit,43,40,3880058880,1694.93212890625,416.1806640625,0.0424653403460979,1.457607626914978,0.00091550021898
macs28xu,expfm_4g,explicit,43,40,3890053120,1671.7308349609375,411.3896484375,0.0434253625571727,1.4581785202026367,0.001056374865584
macs28xu,expfm_4g,explicit,43,40,3900047360,1663.9180908203125,413.91015625,0.0422100722789764,1.4882450103759766,0.0010585634736344
macs28xu,expfm_4g,explicit,43,40,3910041600,1695.143310546875,414.7783203125,0.03969257324934,1.4167380332946775,0.0009774643694981
macs28xu,expfm_4g,explicit,43,40,3920035840,1660.236328125,410.8623046875,0.0427166670560836,1.4630370140075684,0.0011251255637034
macs28xu,expfm_4g,explicit,43,40,3930030080,1666.95751953125,408.45703125,0.0431051738560199,1.4634385108947754,0.0012273675529286
macs28xu,expfm_4g,explicit,43,40,3940024320,1682.1063232421875,413.1396484375,0.0413668639957904,1.4574451446533203,0.0009680989314801
macs28xu,expfm_4g,explicit,43,40,3950018560,1671.657958984375,410.1337890625,0.0437093749642372,1.4552419185638428,0.001043886411935
macs28xu,expfm_4g,explicit,43,40,3960012800,1646.854248046875,405.3359375,0.0446573533117771,1.4430601596832275,0.0012590821133926
macs28xu,expfm_4g,explicit,43,40,3970007040,1561.9805908203125,388.57421875,0.0494261085987091,1.508275866508484,0.0017646786291152
macs28xu,expfm_4g,explicit,43,40,3980001280,1689.7852783203125,415.248046875,0.0404606238007545,1.442432165145874,0.0009886594489216
macs28xu,expfm_4g,explicit,43,40,3990077440,1671.659912109375,409.4521484375,0.0421406254172325,1.4626106023788452,0.0011156508699059
macs28xu,expfm_4g,explicit,43,40,4000071680,1673.2935791015625,412.3515625,0.0433804541826248,1.4745314121246338,0.0010869302786886
vvcvtmzl,expfm_4g,explicit,43,30,10076160,509.13958740234375,204.7177734375,0.0875111371278762,2.5711240768432617,0.0116953589022159
vvcvtmzl,expfm_4g,explicit,43,30,20070400,544.560302734375,204.3369140625,0.0973511561751365,2.3183536529541016,0.0103951226919889
vvcvtmzl,expfm_4g,explicit,43,30,30064640,686.908447265625,245.615234375,0.0742797553539276,2.293130874633789,0.0079256016761064
vvcvtmzl,expfm_4g,explicit,43,30,40058880,708.121337890625,245.697265625,0.0716311484575271,2.084438800811768,0.0081757009029388
vvcvtmzl,expfm_4g,explicit,43,30,50053120,774.6053466796875,255.1416015625,0.0619372390210628,2.0242462158203125,0.0070955948904156
vvcvtmzl,expfm_4g,explicit,43,30,60047360,807.9911499023438,257.236328125,0.0642959251999855,1.9678188562393188,0.0070569170638918
vvcvtmzl,expfm_4g,explicit,43,30,70041600,822.8817138671875,261.7109375,0.0637446045875549,1.945404052734375,0.0068995403125882
vvcvtmzl,expfm_4g,explicit,43,30,80035840,860.55517578125,269.87109375,0.0586423315107822,1.92174232006073,0.0060759293846786
vvcvtmzl,expfm_4g,explicit,43,30,90030080,864.8025512695312,269.955078125,0.060049220919609,1.9690909385681152,0.0058789062313735
vvcvtmzl,expfm_4g,explicit,43,30,100024320,875.68212890625,268.990234375,0.0599154606461524,1.8537098169326784,0.0060702394694089
vvcvtmzl,expfm_4g,explicit,43,30,110018560,898.1876220703125,275.453125,0.0558804646134376,1.7891108989715576,0.0060471096076071
vvcvtmzl,expfm_4g,explicit,43,30,120012800,904.1592407226562,277.8466796875,0.0610998570919036,1.8471465110778809,0.0053865048103034
vvcvtmzl,expfm_4g,explicit,43,30,130007040,926.881103515625,281.12890625,0.0577701032161712,1.8128678798675537,0.0052476800046861
vvcvtmzl,expfm_4g,explicit,43,30,140001280,946.0252685546876,285.6826171875,0.062369767576456,1.861973762512207,0.0052152313292026
vvcvtmzl,expfm_4g,explicit,43,30,150077440,1015.0823974609376,300.7119140625,0.0633805394172668,1.811737060546875,0.0047703934833407
vvcvtmzl,expfm_4g,explicit,43,30,160071680,1083.143798828125,323.86328125,0.0649767592549324,1.8862048387527464,0.0041574933566153
vvcvtmzl,expfm_4g,explicit,43,30,170065920,1049.546875,316.85546875,0.0675082206726074,1.889551281929016,0.0041963215917348
vvcvtmzl,expfm_4g,explicit,43,30,180060160,1106.354736328125,329.076171875,0.0679987668991088,1.8730406761169436,0.0036689329426735
vvcvtmzl,expfm_4g,explicit,43,30,190054400,1091.52880859375,325.7236328125,0.0674713850021362,1.846943497657776,0.0039205262437462
vvcvtmzl,expfm_4g,explicit,43,30,200048640,1120.7073974609375,330.966796875,0.0683820992708206,1.880592465400696,0.0039015950169414
vvcvtmzl,expfm_4g,explicit,43,30,210042880,1140.12158203125,337.345703125,0.0661420226097107,1.8815122842788696,0.0033712261356413
vvcvtmzl,expfm_4g,explicit,43,30,220037120,1182.853515625,348.0966796875,0.0603374764323234,1.835808277130127,0.0030312184244394
vvcvtmzl,expfm_4g,explicit,43,30,230031360,1194.8544921875,343.7421875,0.0638854652643203,1.7641000747680664,0.0032889004796743
vvcvtmzl,expfm_4g,explicit,43,30,240025600,1230.5738525390625,355.0029296875,0.0603786930441856,1.7755557298660278,0.0028147031553089
vvcvtmzl,expfm_4g,explicit,43,30,250019840,1219.1005859375,354.0576171875,0.0637277066707611,1.778960943222046,0.0028127836994826
vvcvtmzl,expfm_4g,explicit,43,30,260014080,1262.3275146484375,361.0224609375,0.0582274347543716,1.7417819499969482,0.002539686858654
vvcvtmzl,expfm_4g,explicit,43,30,270008320,1195.93603515625,340.498046875,0.0603427663445472,1.6835250854492188,0.0036078384146094
vvcvtmzl,expfm_4g,explicit,43,30,280002560,1241.203369140625,347.8935546875,0.0626640319824218,1.690739631652832,0.0030834772624075
vvcvtmzl,expfm_4g,explicit,43,30,290078720,1286.34375,358.0234375,0.063983678817749,1.7214579582214355,0.0030379621312022
vvcvtmzl,expfm_4g,explicit,43,30,300072960,1307.35595703125,356.048828125,0.0641811415553093,1.6199171543121338,0.0029530371539294
vvcvtmzl,expfm_4g,explicit,43,30,310067200,1308.3458251953125,362.5615234375,0.0634535700082779,1.6614725589752195,0.0024910573847591
vvcvtmzl,expfm_4g,explicit,43,30,320061440,1272.171630859375,348.9814453125,0.0611924529075622,1.597585916519165,0.0030518635176122
vvcvtmzl,expfm_4g,explicit,43,30,330055680,1319.365234375,357.4580078125,0.0618577785789966,1.6228023767471311,0.0028295149095356
vvcvtmzl,expfm_4g,explicit,43,30,340049920,1328.23583984375,360.0478515625,0.0639896988868713,1.6049035787582395,0.0026921178214251
vvcvtmzl,expfm_4g,explicit,43,30,350044160,1288.370361328125,351.1611328125,0.0632097572088241,1.6270225048065186,0.0029427900444716
vvcvtmzl,expfm_4g,explicit,43,30,360038400,1305.709716796875,353.7568359375,0.0655073076486587,1.6486854553222656,0.0030442681163549
vvcvtmzl,expfm_4g,explicit,43,30,370032640,1369.5477294921875,369.6982421875,0.0574311316013336,1.6169884204864502,0.0023984059225767
vvcvtmzl,expfm_4g,explicit,43,30,380026880,1353.172119140625,364.5654296875,0.055366538465023,1.5792961120605469,0.0025384812615811
vvcvtmzl,expfm_4g,explicit,43,30,390021120,1369.75390625,368.982421875,0.0593939758837223,1.6475982666015625,0.0024813027121126
vvcvtmzl,expfm_4g,explicit,43,30,400015360,1370.9268798828125,363.5263671875,0.0563908293843269,1.5928503274917605,0.0024973431136459
vvcvtmzl,expfm_4g,explicit,43,30,410009600,1391.7608642578125,369.5654296875,0.0566983148455619,1.5751886367797852,0.002369977068156
vvcvtmzl,expfm_4g,explicit,43,30,420003840,1397.150634765625,367.064453125,0.0597115457057952,1.5754461288452148,0.0025001771282404
vvcvtmzl,expfm_4g,explicit,43,30,430080000,1388.360107421875,368.4345703125,0.0581601783633232,1.5938763618469238,0.0025873649865388
vvcvtmzl,expfm_4g,explicit,43,30,440074240,1336.676513671875,356.4072265625,0.0572596713900566,1.620885133743286,0.0028395093977451
vvcvtmzl,expfm_4g,explicit,43,30,450068480,1422.03759765625,375.0458984375,0.0568046793341636,1.5904321670532229,0.0024096053093671
vvcvtmzl,expfm_4g,explicit,43,30,460062720,1437.4161376953125,377.01171875,0.0554094612598419,1.592524170875549,0.0022982095833867
vvcvtmzl,expfm_4g,explicit,43,30,470056960,1421.284912109375,375.5478515625,0.055667407810688,1.5691862106323242,0.0022427611984312
vvcvtmzl,expfm_4g,explicit,43,30,480051200,1428.9364013671875,378.4892578125,0.0548468828201293,1.632267713546753,0.0021911223884671
vvcvtmzl,expfm_4g,explicit,43,30,490045440,1475.49755859375,383.451171875,0.05202367156744,1.5439434051513672,0.002029581926763
vvcvtmzl,expfm_4g,explicit,43,30,500039680,1486.95654296875,387.884765625,0.0644205659627914,1.5397850275039673,0.0019417277071624
vvcvtmzl,expfm_4g,explicit,43,30,510033920,1428.7037353515625,373.96875,0.0538839064538478,1.5386884212493896,0.0023963111452758
vvcvtmzl,expfm_4g,explicit,43,30,520028160,1452.990234375,379.1083984375,0.0532936155796051,1.5634353160858154,0.0022104049567133
vvcvtmzl,expfm_4g,explicit,43,30,530022400,1459.3798828125,378.8173828125,0.0529499799013137,1.557849645614624,0.0022652959451079
vvcvtmzl,expfm_4g,explicit,43,30,540016640,1468.828857421875,381.9072265625,0.0512320175766944,1.5593181848526,0.0020825653336942
vvcvtmzl,expfm_4g,explicit,43,30,550010880,1508.9029541015625,389.548828125,0.0499051809310913,1.5608556270599363,0.0017833239398896
vvcvtmzl,expfm_4g,explicit,43,30,560005120,1495.9385986328125,390.4326171875,0.0521814078092575,1.5586479902267456,0.0017527530435472
vvcvtmzl,expfm_4g,explicit,43,30,570081280,1495.601806640625,389.4951171875,0.0517405644059181,1.572842359542847,0.0019015254219993
vvcvtmzl,expfm_4g,explicit,43,30,580075520,1526.6539306640625,395.1328125,0.0481395572423934,1.538835048675537,0.0016415725694969
vvcvtmzl,expfm_4g,explicit,43,30,590069760,1500.571044921875,389.4267578125,0.0501113682985305,1.5317692756652832,0.0017503341659903
vvcvtmzl,expfm_4g,explicit,43,30,600064000,1535.174072265625,395.966796875,0.0457568988204002,1.5293445587158203,0.0015925732441246
vvcvtmzl,expfm_4g,explicit,43,30,610058240,1492.6790771484375,390.6318359375,0.0546491146087646,1.606671690940857,0.0019736331887543
vvcvtmzl,expfm_4g,explicit,43,30,620052480,1513.709716796875,391.125,0.0508267059922218,1.5835943222045898,0.0017075741197913
vvcvtmzl,expfm_4g,explicit,43,30,630046720,1552.3656005859375,395.7548828125,0.0487894937396049,1.510451078414917,0.0016248000320047
vvcvtmzl,expfm_4g,explicit,43,30,640040960,1494.8900146484375,385.7841796875,0.0524954050779342,1.51614248752594,0.0019882903434336
vvcvtmzl,expfm_4g,explicit,43,30,650035200,1524.3751220703125,393.13671875,0.0500816144049167,1.5445778369903564,0.0017239465378224
vvcvtmzl,expfm_4g,explicit,43,30,660029440,1508.91748046875,387.8544921875,0.0519658029079437,1.5321108102798462,0.0019444583449512
vvcvtmzl,expfm_4g,explicit,43,30,670023680,1511.910400390625,395.4140625,0.0522293597459793,1.628037929534912,0.0015223174123093
vvcvtmzl,expfm_4g,explicit,43,30,680017920,1507.180908203125,390.4677734375,0.0516199022531509,1.570532202720642,0.0017339789774268
vvcvtmzl,expfm_4g,explicit,43,30,690012160,1551.9471435546875,400.41015625,0.0465008988976478,1.5498076677322388,0.0014253910630941
vvcvtmzl,expfm_4g,explicit,43,30,700006400,1525.387939453125,389.2275390625,0.049890249967575,1.5497910976409912,0.00184733630158
vvcvtmzl,expfm_4g,explicit,43,30,710000640,1540.418212890625,391.7275390625,0.0510472320020198,1.4853585958480835,0.0018385155126452
vvcvtmzl,expfm_4g,explicit,43,30,720076800,1573.643310546875,399.921875,0.0440941751003265,1.4902807474136353,0.0014429436996579
vvcvtmzl,expfm_4g,explicit,43,30,730071040,1572.459716796875,399.759765625,0.0466784946620464,1.504448652267456,0.0014582292642444
vvcvtmzl,expfm_4g,explicit,43,30,740065280,1519.724853515625,391.1455078125,0.050559788942337,1.551435470581055,0.001642933813855
vvcvtmzl,expfm_4g,explicit,43,30,750059520,1519.9501953125,392.3115234375,0.0490075349807739,1.5204622745513916,0.0017714423593133
vvcvtmzl,expfm_4g,explicit,43,30,760053760,1544.869384765625,396.4228515625,0.049843031913042,1.541716456413269,0.0015325045678764
vvcvtmzl,expfm_4g,explicit,43,30,770048000,1571.277587890625,400.619140625,0.054813016206026,1.5257972478866575,0.0013737486442551
vvcvtmzl,expfm_4g,explicit,43,30,780042240,1562.76513671875,398.3564453125,0.0468900650739669,1.5035415887832642,0.0014845547266304
vvcvtmzl,expfm_4g,explicit,43,30,790036480,1578.50048828125,400.998046875,0.0465388447046279,1.5350303649902344,0.0014053344493731
vvcvtmzl,expfm_4g,explicit,43,30,800030720,1593.08740234375,408.7998046875,0.0438094288110733,1.5079760551452637,0.0010853973217308
vvcvtmzl,expfm_4g,explicit,43,30,810024960,1570.24853515625,398.7451171875,0.04606943577528,1.4937238693237305,0.0014478922821581
vvcvtmzl,expfm_4g,explicit,43,30,820019200,1561.3502197265625,398.1171875,0.0457413271069526,1.5196491479873655,0.001460630679503
vvcvtmzl,expfm_4g,explicit,43,30,830013440,1570.74658203125,397.279296875,0.0458931475877761,1.4881608486175537,0.0015209414996206
vvcvtmzl,expfm_4g,explicit,43,30,840007680,1582.2120361328125,401.5390625,0.0467284135520458,1.5237630605697632,0.0013987687416374
vvcvtmzl,expfm_4g,explicit,43,30,850001920,1593.313232421875,401.4873046875,0.0460778847336769,1.486771821975708,0.0014356803148984
vvcvtmzl,expfm_4g,explicit,43,30,860078080,1576.256103515625,400.4541015625,0.0468387678265571,1.5310392379760742,0.0015087728388607
vvcvtmzl,expfm_4g,explicit,43,30,870072320,1555.628662109375,394.125,0.0482182204723358,1.5318652391433716,0.0015264571411535
vvcvtmzl,expfm_4g,explicit,43,30,880066560,1606.3262939453125,405.9208984375,0.0453017950057983,1.5080358982086182,0.001235659350641
vvcvtmzl,expfm_4g,explicit,43,30,890060800,1590.114990234375,403.080078125,0.0446600243449211,1.5039631128311155,0.0012863166630268
vvcvtmzl,expfm_4g,explicit,43,30,900055040,1605.506103515625,405.5048828125,0.0453721806406974,1.5353790521621704,0.0012069591321051
vvcvtmzl,expfm_4g,explicit,43,30,910049280,1622.75439453125,408.904296875,0.0413286350667476,1.463178634643555,0.0011281096376478
vvcvtmzl,expfm_4g,explicit,43,30,920043520,1569.53369140625,398.9677734375,0.0509409010410308,1.5290372371673584,0.001497070887126
vvcvtmzl,expfm_4g,explicit,43,30,930037760,1601.193115234375,404.3115234375,0.0446501225233078,1.5007725954055786,0.0012951989192515
vvcvtmzl,expfm_4g,explicit,43,30,940032000,1626.163330078125,409.0908203125,0.043154489248991,1.5083402395248413,0.0011678040027618
vvcvtmzl,expfm_4g,explicit,43,30,950026240,1598.0555419921875,403.8154296875,0.0437854155898094,1.5098860263824463,0.0012529474915936
vvcvtmzl,expfm_4g,explicit,43,30,960020480,1594.971923828125,401.544921875,0.0430452451109886,1.5094926357269287,0.0013229692121967
vvcvtmzl,expfm_4g,explicit,43,30,970014720,1594.14794921875,404.5537109375,0.0454991534352302,1.53607177734375,0.0012839044211432
vvcvtmzl,expfm_4g,explicit,43,30,980008960,1609.7647705078125,408.00390625,0.0437793433666229,1.5000931024551392,0.001122829504311
vvcvtmzl,expfm_4g,explicit,43,30,990003200,1595.00537109375,401.9970703125,0.0447173528373241,1.5107386112213137,0.0013574250042438
vvcvtmzl,expfm_4g,explicit,43,30,1000079360,1588.2900390625,401.744140625,0.0432848334312438,1.4978933334350586,0.0013705329038202
vvcvtmzl,expfm_4g,explicit,43,30,1010073600,1584.67333984375,398.6220703125,0.0446691513061523,1.4846328496932983,0.0015367860905826
vvcvtmzl,expfm_4g,explicit,43,30,1020067840,1632.6640625,408.2041015625,0.0418523624539375,1.4752968549728394,0.0011729696998372
vvcvtmzl,expfm_4g,explicit,43,30,1030062080,1611.510498046875,404.8232421875,0.0443582646548748,1.4779525995254517,0.0012739507947117
vvcvtmzl,expfm_4g,explicit,43,30,1040056320,1614.4658203125,406.2255859375,0.0435569733381271,1.5079944133758545,0.0012105552013963
vvcvtmzl,expfm_4g,explicit,43,30,1050050560,1624.0174560546875,407.7470703125,0.0430201552808284,1.4927167892456057,0.0011888572480529
vvcvtmzl,expfm_4g,explicit,43,30,1060044800,1606.197509765625,403.3203125,0.042100578546524,1.4590063095092771,0.0013225546572357
vvcvtmzl,expfm_4g,explicit,43,30,1070039040,1625.589599609375,407.876953125,0.0467004813253879,1.4755927324295044,0.0011892236070707
vvcvtmzl,expfm_4g,explicit,43,30,1080033280,1638.6341552734375,413.3125,0.0418178886175155,1.4926599264144895,0.0010657828534021
vvcvtmzl,expfm_4g,explicit,43,30,1090027520,1593.981689453125,401.2119140625,0.0451555363833904,1.491065502166748,0.0014135555829852
vvcvtmzl,expfm_4g,explicit,43,30,1100021760,1600.606201171875,406.2255859375,0.0492807105183601,1.538663029670715,0.0012075686827301
vvcvtmzl,expfm_4g,explicit,43,30,1110016000,1607.1732177734375,406.416015625,0.0419718399643898,1.5020402669906616,0.001274159643799
vvcvtmzl,expfm_4g,explicit,43,30,1120010240,1636.608642578125,407.49609375,0.0491299070417881,1.469417929649353,0.00120256585069
vvcvtmzl,expfm_4g,explicit,43,30,1130004480,1613.335693359375,404.2265625,0.0455735549330711,1.4837064743041992,0.0013386460486799
vvcvtmzl,expfm_4g,explicit,43,30,1140080640,1634.152587890625,410.5068359375,0.0426725074648857,1.4639824628829956,0.0010491053108125
vvcvtmzl,expfm_4g,explicit,43,30,1150074880,1619.714599609375,406.947265625,0.0457985252141952,1.500656247138977,0.0011288973037153
vvcvtmzl,expfm_4g,explicit,43,30,1160069120,1589.8392333984375,400.9267578125,0.0438377931714057,1.5070185661315918,0.0014725152868777
vvcvtmzl,expfm_4g,explicit,43,30,1170063360,1645.401611328125,412.0947265625,0.042054433375597,1.4558340311050415,0.0011609294451773
vvcvtmzl,expfm_4g,explicit,43,30,1180057600,1625.710693359375,406.841796875,0.0414323285222053,1.473824977874756,0.0012327856384217
vvcvtmzl,expfm_4g,explicit,43,30,1190051840,1626.9974365234375,407.998046875,0.0389149412512779,1.444915533065796,0.0012064157053828
vvcvtmzl,expfm_4g,explicit,43,30,1200046080,1616.490966796875,405.71875,0.0434223860502243,1.497327446937561,0.0012161047197878
vvcvtmzl,expfm_4g,explicit,43,30,1210040320,1604.75341796875,401.111328125,0.0424948930740356,1.45826518535614,0.0013894771691411
vvcvtmzl,expfm_4g,explicit,43,30,1220034560,1634.3057861328125,407.2333984375,0.0400598831474781,1.446502447128296,0.0011714616557583
vvcvtmzl,expfm_4g,explicit,43,30,1230028800,1619.736083984375,406.677734375,0.0431136637926101,1.480167269706726,0.0011678405571728
vvcvtmzl,expfm_4g,explicit,43,30,1240023040,1602.51123046875,401.2724609375,0.0429297611117363,1.4757778644561768,0.0013223416171967
vvcvtmzl,expfm_4g,explicit,43,30,1250017280,1633.634765625,406.126953125,0.041610088199377,1.464292287826538,0.0012893076054751
vvcvtmzl,expfm_4g,explicit,43,30,1260011520,1645.4404296875,411.4833984375,0.0450900681316852,1.4995594024658203,0.0010771153029054
vvcvtmzl,expfm_4g,explicit,43,30,1270005760,1619.8056640625,403.9970703125,0.0431782715022563,1.4889185428619385,0.001306930091232
vvcvtmzl,expfm_4g,explicit,43,30,1280000000,1655.712158203125,414.447265625,0.0406480282545089,1.476043939590454,0.0009359711548313
vvcvtmzl,expfm_4g,explicit,43,30,1290076160,1636.705322265625,407.5927734375,0.0433691814541816,1.4869558811187744,0.0011926859151571
vvcvtmzl,expfm_4g,explicit,43,30,1300070400,1595.21044921875,400.1748046875,0.0441917963325977,1.4755253791809082,0.0013307468034327
vvcvtmzl,expfm_4g,explicit,43,30,1310064640,1602.85986328125,400.2392578125,0.0433560013771057,1.5005159378051758,0.0014661576133221
vvcvtmzl,expfm_4g,explicit,43,30,1320058880,1648.048583984375,409.005859375,0.0402677282691001,1.4713430404663086,0.0011627885978668
vvcvtmzl,expfm_4g,explicit,43,30,1330053120,1673.2744140625,418.1689453125,0.0383043512701988,1.450624704360962,0.0008279798785224
vvcvtmzl,expfm_4g,explicit,43,30,1340047360,1626.439697265625,404.7265625,0.0449574962258338,1.4631425142288208,0.0012182535137981
vvcvtmzl,expfm_4g,explicit,43,30,1350041600,1600.229736328125,399.638671875,0.0462467297911644,1.4835671186447144,0.0014320868067443
vvcvtmzl,expfm_4g,explicit,43,30,1360035840,1628.474365234375,406.8232421875,0.0419642627239227,1.4791266918182373,0.0011570430360734
vvcvtmzl,expfm_4g,explicit,43,30,1370030080,1630.6878662109375,406.5595703125,0.0411805845797061,1.4686813354492188,0.0011660365853458
vvcvtmzl,expfm_4g,explicit,43,30,1380024320,1620.9931640625,403.2666015625,0.0428594201803207,1.476728081703186,0.0012995435390621
vvcvtmzl,expfm_4g,explicit,43,30,1390018560,1623.6907958984375,406.447265625,0.0445887483656406,1.502064228057861,0.0011688333470374
vvcvtmzl,expfm_4g,explicit,43,30,1400012800,1671.4169921875,417.0361328125,0.038805715739727,1.4633593559265137,0.000875451369211
vvcvtmzl,expfm_4g,explicit,43,30,1410007040,1638.673828125,409.0205078125,0.0436385460197925,1.520298719406128,0.0011911875335499
vvcvtmzl,expfm_4g,explicit,43,30,1420001280,1601.386962890625,395.9296875,0.0436540432274341,1.4680113792419434,0.0015993235865607
vvcvtmzl,expfm_4g,explicit,43,30,1430077440,1644.2098388671875,410.697265625,0.0409576967358589,1.483202576637268,0.0011728664394468
vvcvtmzl,expfm_4g,explicit,43,30,1440071680,1640.4427490234375,410.595703125,0.0412200689315795,1.4976909160614014,0.0010740323923528
vvcvtmzl,expfm_4g,explicit,43,30,1450065920,1651.860107421875,408.7685546875,0.0418598800897598,1.4768779277801514,0.0010894889710471
vvcvtmzl,expfm_4g,explicit,43,30,1460060160,1631.912353515625,406.25390625,0.0416513383388519,1.4556753635406494,0.0011903904378414
vvcvtmzl,expfm_4g,explicit,43,30,1470054400,1621.98388671875,402.9052734375,0.043401937931776,1.5017133951187134,0.0013096828479319
vvcvtmzl,expfm_4g,explicit,43,30,1480048640,1624.421630859375,405.7529296875,0.0422579273581504,1.4984278678894043,0.0012610738631337
vvcvtmzl,expfm_4g,explicit,43,30,1490042880,1632.38037109375,404.8505859375,0.0423227399587631,1.489130973815918,0.0012615310261026
vvcvtmzl,expfm_4g,explicit,43,30,1500037120,1632.85107421875,408.2255859375,0.0417191162705421,1.4952471256256104,0.0011038224911317
vvcvtmzl,expfm_4g,explicit,43,30,1510031360,1624.3504638671875,407.1181640625,0.0414275638759136,1.4947164058685305,0.0011652440298348
vvcvtmzl,expfm_4g,explicit,43,30,1520025600,1650.5035400390625,410.9521484375,0.0391447991132736,1.4569964408874512,0.0010518794879317
vvcvtmzl,expfm_4g,explicit,43,30,1530019840,1615.08740234375,405.43359375,0.0431711748242378,1.4471752643585205,0.0011940323747694
vvcvtmzl,expfm_4g,explicit,43,30,1540014080,1672.929931640625,411.9267578125,0.0389320701360702,1.4368336200714111,0.0010692060459405
vvcvtmzl,expfm_4g,explicit,43,30,1550008320,1636.7327880859375,407.193359375,0.041930042207241,1.4609090089797974,0.0011831431183964
vvcvtmzl,expfm_4g,explicit,43,30,1560002560,1632.944091796875,406.8193359375,0.0414669699966907,1.470993995666504,0.0011857871431857
vvcvtmzl,expfm_4g,explicit,43,30,1570078720,1659.4462890625,412.091796875,0.0399124287068843,1.4676965475082395,0.0010290287900716
vvcvtmzl,expfm_4g,explicit,43,30,1580072960,1648.7794189453125,407.908203125,0.0425300747156143,1.4552175998687744,0.0012538528535515
vvcvtmzl,expfm_4g,explicit,43,30,1590067200,1632.398193359375,405.4873046875,0.0426260791718959,1.4455639123916626,0.0012672326993197
vvcvtmzl,expfm_4g,explicit,43,30,1600061440,1654.4769287109375,410.2109375,0.0402023419737815,1.425006866455078,0.0011095616500824
vvcvtmzl,expfm_4g,explicit,43,30,1610055680,1643.57177734375,409.0205078125,0.0424653626978397,1.4709339141845703,0.0011651928070932
vvcvtmzl,expfm_4g,explicit,43,30,1620049920,1678.2071533203125,414.2685546875,0.0396473668515682,1.4538953304290771,0.0010262532159686
vvcvtmzl,expfm_4g,explicit,43,30,1630044160,1681.902587890625,417.7939453125,0.040402352809906,1.456954002380371,0.0008777091861702
vvcvtmzl,expfm_4g,explicit,43,30,1640038400,1643.6971435546875,407.1318359375,0.0417023748159408,1.4693243503570557,0.0012173650320619
vvcvtmzl,expfm_4g,explicit,43,30,1650032640,1625.9493408203125,401.9296875,0.0435962900519371,1.4807467460632324,0.0013372143730521
vvcvtmzl,expfm_4g,explicit,43,30,1660026880,1641.037841796875,406.978515625,0.0410499162971973,1.4527966976165771,0.0011842038948088
vvcvtmzl,expfm_4g,explicit,43,30,1670021120,1636.2713623046875,406.150390625,0.0413029044866561,1.4762604236602783,0.0012637301115319
vvcvtmzl,expfm_4g,explicit,43,30,1680015360,1664.88037109375,411.5888671875,0.04218340665102,1.4885578155517578,0.0010581905953586
vvcvtmzl,expfm_4g,explicit,43,30,1690009600,1632.962890625,405.423828125,0.0427855066955089,1.4560387134552002,0.0012243764940649
vvcvtmzl,expfm_4g,explicit,43,30,1700003840,1668.157470703125,411.5654296875,0.0406585894525051,1.4410626888275146,0.0010458069154992
vvcvtmzl,expfm_4g,explicit,43,30,1710080000,1651.318359375,408.2314453125,0.0413443371653556,1.4878225326538086,0.0011239831801503
vvcvtmzl,expfm_4g,explicit,43,30,1720074240,1646.8118896484375,405.7412109375,0.039821870625019,1.4400148391723633,0.0012043562019243
vvcvtmzl,expfm_4g,explicit,43,30,1730068480,1647.1904296875,408.0615234375,0.0399346612393856,1.463856220245361,0.0011610118672251
vvcvtmzl,expfm_4g,explicit,43,30,1740062720,1652.3662109375,405.3154296875,0.0391258709132671,1.4176362752914429,0.0011984637239947
vvcvtmzl,expfm_4g,explicit,43,30,1750056960,1632.1328125,403.396484375,0.0414845533668994,1.439521312713623,0.0014104931615293
vvcvtmzl,expfm_4g,explicit,43,30,1760051200,1660.7119140625,409.921875,0.0438855476677417,1.4211084842681885,0.0010874595027416
vvcvtmzl,expfm_4g,explicit,43,30,1770045440,1610.2696533203125,398.1806640625,0.0442293137311935,1.4789166450500488,0.0015825976151973
vvcvtmzl,expfm_4g,explicit,43,30,1780039680,1675.24462890625,409.873046875,0.0400343835353851,1.4058771133422852,0.0011321447091177
vvcvtmzl,expfm_4g,explicit,43,30,1790033920,1624.8177490234375,402.5625,0.0416271314024925,1.4455300569534302,0.0012579793110489
vvcvtmzl,expfm_4g,explicit,43,30,1800028160,1670.7645263671875,412.2177734375,0.0390117317438125,1.4393973350524902,0.0010384605266153
vvcvtmzl,expfm_4g,explicit,43,30,1810022400,1681.6646728515625,415.763671875,0.0372344776988029,1.431509017944336,0.0009225307148881
vvcvtmzl,expfm_4g,explicit,43,30,1820016640,1662.763427734375,409.5751953125,0.0432595461606979,1.4307377338409424,0.0011392638552933
vvcvtmzl,expfm_4g,explicit,43,30,1830010880,1663.354248046875,410.27734375,0.0397338345646858,1.427640676498413,0.0010595615021884
vvcvtmzl,expfm_4g,explicit,43,30,1840005120,1640.760498046875,405.0888671875,0.0424883998930454,1.4571568965911863,0.001257688854821
vvcvtmzl,expfm_4g,explicit,43,30,1850081280,1684.70751953125,414.6396484375,0.0374861806631088,1.448291301727295,0.0008917001541703
vvcvtmzl,expfm_4g,explicit,43,30,1860075520,1657.494384765625,407.3828125,0.041656743735075,1.442028522491455,0.0011357169132679
vvcvtmzl,expfm_4g,explicit,43,30,1870069760,1677.798828125,413.279296875,0.03867819160223,1.4306719303131104,0.0010310821235179
vvcvtmzl,expfm_4g,explicit,43,30,1880064000,1686.178466796875,416.3251953125,0.0402780920267105,1.4435572624206543,0.0008940438274294
vvcvtmzl,expfm_4g,explicit,43,30,1890058240,1701.671142578125,417.791015625,0.038513034582138,1.4195835590362549,0.0008424164261668
vvcvtmzl,expfm_4g,explicit,43,30,1900052480,1628.265625,402.3369140625,0.0415033623576164,1.431466817855835,0.0012687755515798
vvcvtmzl,expfm_4g,explicit,43,30,1910046720,1660.779296875,410.7548828125,0.0510010533034801,1.4257338047027588,0.0010692211799323
vvcvtmzl,expfm_4g,explicit,43,30,1920040960,1624.873779296875,401.826171875,0.0435031466186046,1.4712449312210083,0.001311412313953
vvcvtmzl,expfm_4g,explicit,43,30,1930035200,1674.442626953125,411.99609375,0.0394667275249958,1.4486441612243652,0.000974090420641
vvcvtmzl,expfm_4g,explicit,43,30,1940029440,1661.5592041015625,405.58203125,0.039495326578617,1.4225794076919556,0.0012796493247151
vvcvtmzl,expfm_4g,explicit,43,30,1950023680,1643.5013427734375,405.05859375,0.0467336140573024,1.4542863368988037,0.0012038985732942
vvcvtmzl,expfm_4g,explicit,43,30,1960017920,1696.17041015625,416.3427734375,0.0372504107654094,1.4096689224243164,0.0009314602357335
vvcvtmzl,expfm_4g,explicit,43,30,1970012160,1666.044677734375,413.130859375,0.0386499390006065,1.4287811517715454,0.0010310823563486
vvcvtmzl,expfm_4g,explicit,43,30,1980006400,1651.2264404296875,407.7734375,0.0414227209985256,1.4470072984695437,0.0011610492365434
vvcvtmzl,expfm_4g,explicit,43,30,1990000640,1681.10107421875,413.359375,0.0402132980525493,1.441645622253418,0.0010416784789413
vvcvtmzl,expfm_4g,explicit,43,30,2000076800,1676.648681640625,412.7548828125,0.0401029214262962,1.473402738571167,0.0009785708971321
vvcvtmzl,expfm_4g,explicit,43,30,2010071040,1646.29052734375,404.7490234375,0.0434876307845115,1.4587137699127195,0.0011951327323913
vvcvtmzl,expfm_4g,explicit,43,30,2020065280,1628.1109619140625,402.9609375,0.043575644493103,1.50403892993927,0.0013155775377526
vvcvtmzl,expfm_4g,explicit,43,30,2030059520,1663.7646484375,412.2412109375,0.0394114628434181,1.477053165435791,0.0010363361798226
vvcvtmzl,expfm_4g,explicit,43,30,2040053760,1670.0411376953125,413.6708984375,0.0385860055685043,1.4598108530044556,0.0009998682653531
vvcvtmzl,expfm_4g,explicit,43,30,2050048000,1676.8612060546875,409.9306640625,0.0388488210737705,1.4207364320755005,0.0011105679441243
vvcvtmzl,expfm_4g,explicit,43,30,2060042240,1682.2666015625,414.775390625,0.0392710268497467,1.4535666704177856,0.0009292017202824
vvcvtmzl,expfm_4g,explicit,43,30,2070036480,1675.083984375,409.5224609375,0.0389447025954723,1.4196304082870483,0.0011053583584725
vvcvtmzl,expfm_4g,explicit,43,30,2080030720,1667.2132568359375,411.3916015625,0.0387119278311729,1.461513638496399,0.0011091737542301
vvcvtmzl,expfm_4g,explicit,43,30,2090024960,1641.12451171875,403.1943359375,0.042395643889904,1.45593523979187,0.0013254571240395
vvcvtmzl,expfm_4g,explicit,43,30,2100019200,1702.442626953125,420.2939453125,0.0432470589876174,1.4552994966506958,0.000797466665972
vvcvtmzl,expfm_4g,explicit,43,30,2110013440,1729.0289306640625,424.9208984375,0.0366396605968475,1.416690707206726,0.0006079862359911
vvcvtmzl,expfm_4g,explicit,43,30,2120007680,1678.44287109375,412.771484375,0.0402631908655166,1.4385894536972046,0.0010122184175997
vvcvtmzl,expfm_4g,explicit,43,30,2130001920,1687.646728515625,414.771484375,0.0380197018384933,1.4028985500335691,0.0009835964301601
vvcvtmzl,expfm_4g,explicit,43,30,2140078080,1669.1129150390625,410.2451171875,0.0395157933235168,1.4165782928466797,0.0010597538203001
vvcvtmzl,expfm_4g,explicit,43,30,2150072320,1700.185302734375,416.92578125,0.0375823900103569,1.4407800436019895,0.0009061144664883
vvcvtmzl,expfm_4g,explicit,43,30,2160066560,1617.3690185546875,401.0361328125,0.0584370829164981,1.4998246431350708,0.001368198543787
vvcvtmzl,expfm_4g,explicit,43,30,2170060800,1653.36376953125,406.955078125,0.0399717912077903,1.455219268798828,0.0011470499448478
vvcvtmzl,expfm_4g,explicit,43,30,2180055040,1693.935302734375,414.3896484375,0.0371992625296115,1.4027726650238037,0.0009466350311413
vvcvtmzl,expfm_4g,explicit,43,30,2190049280,1654.79541015625,404.38671875,0.0395246669650077,1.4181993007659912,0.0012772545451298
vvcvtmzl,expfm_4g,explicit,43,30,2200043520,1669.50048828125,408.46484375,0.0394403226673603,1.4484710693359375,0.0010892851278185
vvcvtmzl,expfm_4g,explicit,43,30,2210037760,1679.263671875,410.994140625,0.0400025248527526,1.4276882410049438,0.0010523584205657
vvcvtmzl,expfm_4g,explicit,43,30,2220032000,1697.00390625,414.150390625,0.0354126542806625,1.4128576517105105,0.0009623689693398
vvcvtmzl,expfm_4g,explicit,43,30,2230026240,1702.88671875,419.552734375,0.0349877178668975,1.4199681282043457,0.0008035859791561
vvcvtmzl,expfm_4g,explicit,43,30,2240020480,1634.2845458984375,405.0068359375,0.0431717932224273,1.4782639741897583,0.0012112304102629
vvcvtmzl,expfm_4g,explicit,43,30,2250014720,1670.0809326171875,408.31640625,0.0404401533305645,1.4230080842971802,0.0011013393523171
vvcvtmzl,expfm_4g,explicit,43,30,2260008960,1681.090576171875,412.2197265625,0.0376882851123809,1.4233440160751345,0.0009929111693054
vvcvtmzl,expfm_4g,explicit,43,30,2270003200,1702.8306884765625,418.0654296875,0.0373823642730712,1.4293091297149658,0.0008384906104765
vvcvtmzl,expfm_4g,explicit,43,30,2280079360,1696.0732421875,414.0,0.0375730134546756,1.427871584892273,0.0009730736492201
vvcvtmzl,expfm_4g,explicit,43,30,2290073600,1691.2335205078125,414.7109375,0.0391369014978408,1.454089879989624,0.0009483292815275
vvcvtmzl,expfm_4g,explicit,43,30,2300067840,1688.6441650390625,413.6201171875,0.0380217023193836,1.4218215942382812,0.0009719699155539
vvcvtmzl,expfm_4g,explicit,43,30,2310062080,1641.17529296875,402.556640625,0.0385224036872386,1.4221903085708618,0.0013070909772068
vvcvtmzl,expfm_4g,explicit,43,30,2320056320,1664.3514404296875,407.021484375,0.0392584949731826,1.4407939910888672,0.0011363218072801
vvcvtmzl,expfm_4g,explicit,43,30,2330050560,1677.762939453125,409.7880859375,0.038261279463768,1.4353055953979492,0.0011138340923935
vvcvtmzl,expfm_4g,explicit,43,30,2340044800,1695.197265625,414.38671875,0.0367506518959999,1.42397141456604,0.0009439177229069
vvcvtmzl,expfm_4g,explicit,43,30,2350039040,1671.071044921875,410.48828125,0.0413318946957588,1.435379981994629,0.0010238055838271
vvcvtmzl,expfm_4g,explicit,43,30,2360033280,1684.556884765625,409.32421875,0.0388349294662475,1.4215211868286133,0.0011714923894032
vvcvtmzl,expfm_4g,explicit,43,30,2370027520,1656.1644287109375,404.8603515625,0.0387667417526245,1.4291212558746338,0.0012094774283468
vvcvtmzl,expfm_4g,explicit,43,30,2380021760,1608.47412109375,397.60546875,0.0436310619115829,1.4403162002563477,0.0015749267768114
vvcvtmzl,expfm_4g,explicit,43,30,2390016000,1673.55322265625,408.2685546875,0.0402745157480239,1.4359588623046875,0.0010681136045604
vvcvtmzl,expfm_4g,explicit,43,30,2400010240,1655.084716796875,406.158203125,0.0414383187890052,1.4316785335540771,0.0012485680636018
vvcvtmzl,expfm_4g,explicit,43,30,2410004480,1670.3626708984375,407.0458984375,0.0398565717041492,1.3948335647583008,0.0011748910183086
vvcvtmzl,expfm_4g,explicit,43,30,2420080640,1683.976806640625,410.763671875,0.0390821546316146,1.4179408550262451,0.0010880550835281
vvcvtmzl,expfm_4g,explicit,43,30,2430074880,1682.016357421875,414.6630859375,0.0374061278998851,1.4136414527893066,0.0009479334112256
vvcvtmzl,expfm_4g,explicit,43,30,2440069120,1656.3770751953125,407.9580078125,0.0404521897435188,1.4136193990707395,0.0012606550008058
vvcvtmzl,expfm_4g,explicit,43,30,2450063360,1693.3736572265625,414.4130859375,0.0389125794172287,1.4227734804153442,0.0009571242844685
vvcvtmzl,expfm_4g,explicit,43,30,2460057600,1695.00634765625,413.2099609375,0.0375426784157753,1.4138216972351074,0.0010215289657935
vvcvtmzl,expfm_4g,explicit,43,30,2470051840,1639.232177734375,403.4033203125,0.041861105710268,1.4596991539001465,0.001253776717931
vvcvtmzl,expfm_4g,explicit,43,30,2480046080,1676.517822265625,411.201171875,0.0384758412837982,1.4339909553527832,0.0010468673426657
vvcvtmzl,expfm_4g,explicit,43,30,2490040320,1684.6064453125,411.2373046875,0.0383127070963382,1.4217886924743652,0.001018606359139
vvcvtmzl,expfm_4g,explicit,43,30,2500034560,1705.043212890625,416.5869140625,0.0359856896102428,1.4219661951065063,0.0008902089903131
vvcvtmzl,expfm_4g,explicit,43,30,2510028800,1711.2364501953125,417.7021484375,0.0365060940384864,1.4128904342651367,0.0008511811029165
vvcvtmzl,expfm_4g,explicit,43,30,2520023040,1694.51220703125,414.45703125,0.03811040148139,1.41169273853302,0.0009542840416543
vvcvtmzl,expfm_4g,explicit,43,30,2530017280,1675.80615234375,410.5166015625,0.0386646389961242,1.4240217208862305,0.0010676374658942
vvcvtmzl,expfm_4g,explicit,43,30,2540011520,1682.3585205078125,411.994140625,0.0364732220768928,1.4097700119018557,0.0009648657869547
vvcvtmzl,expfm_4g,explicit,43,30,2550005760,1670.91650390625,409.44921875,0.039986252784729,1.431493878364563,0.0010971243027597
vvcvtmzl,expfm_4g,explicit,43,30,2560000000,1703.551513671875,416.3916015625,0.0346078053116798,1.385713815689087,0.0008252981351688
vvcvtmzl,expfm_4g,explicit,43,30,2570076160,1683.28662109375,411.037109375,0.0389458984136581,1.4290847778320312,0.0009972403058782
vvcvtmzl,expfm_4g,explicit,43,30,2580070400,1690.357666015625,411.6005859375,0.0378431603312492,1.4001233577728271,0.0010685685556381
vvcvtmzl,expfm_4g,explicit,43,30,2590064640,1704.5701904296875,418.4716796875,0.0367027483880519,1.4365408420562744,0.0008755053859204
vvcvtmzl,expfm_4g,explicit,43,30,2600058880,1683.305908203125,407.7236328125,0.0367328077554702,1.4159905910491943,0.0011418344220146
vvcvtmzl,expfm_4g,explicit,43,30,2610053120,1685.94921875,411.8720703125,0.0381877571344375,1.4548765420913696,0.0010155113413929
vvcvtmzl,expfm_4g,explicit,43,30,2620047360,1693.88427734375,413.146484375,0.0356564223766326,1.420446753501892,0.0009591084672138
vvcvtmzl,expfm_4g,explicit,43,30,2630041600,1677.8702392578125,411.8701171875,0.0365025885403156,1.4247210025787354,0.0010422822088003
vvcvtmzl,expfm_4g,explicit,43,30,2640035840,1704.7216796875,415.064453125,0.039392702281475,1.4084374904632568,0.000911004433874
vvcvtmzl,expfm_4g,explicit,43,30,2650030080,1684.337158203125,412.44140625,0.0381226390600204,1.4464681148529053,0.0009891705121845
vvcvtmzl,expfm_4g,explicit,43,30,2660024320,1681.68505859375,412.2236328125,0.0383948944509029,1.442413568496704,0.0010132291354238
vvcvtmzl,expfm_4g,explicit,43,30,2670018560,1681.6455078125,411.27734375,0.0378688499331474,1.451817512512207,0.0010304811876267
vvcvtmzl,expfm_4g,explicit,43,30,2680012800,1694.6424560546875,412.8251953125,0.0368507429957389,1.418893814086914,0.0009707471472211
vvcvtmzl,expfm_4g,explicit,43,30,2690007040,1718.61572265625,418.765625,0.0356173701584339,1.40638530254364,0.000815596897155
vvcvtmzl,expfm_4g,explicit,43,30,2700001280,1683.653564453125,411.6982421875,0.045196309685707,1.4011249542236328,0.0011083813151344
vvcvtmzl,expfm_4g,explicit,43,30,2710077440,1725.3184814453125,420.482421875,0.0345169231295585,1.3755195140838623,0.0007880832999944
vvcvtmzl,expfm_4g,explicit,43,30,2720071680,1707.12353515625,415.6328125,0.0373715609312057,1.395779013633728,0.0009341306285932
vvcvtmzl,expfm_4g,explicit,43,30,2730065920,1713.212646484375,416.3291015625,0.0362260490655899,1.387172818183899,0.0010048786643892
vvcvtmzl,expfm_4g,explicit,43,30,2740060160,1700.546630859375,413.55078125,0.0357719510793685,1.3965647220611572,0.0009338150266557
vvcvtmzl,expfm_4g,explicit,43,30,2750054400,1715.734375,419.580078125,0.0368345417082309,1.4269980192184448,0.0008202994940802
vvcvtmzl,expfm_4g,explicit,43,30,2760048640,1705.684814453125,413.97265625,0.0356642827391624,1.3945810794830322,0.0009791624033823
vvcvtmzl,expfm_4g,explicit,43,30,2770042880,1715.0230712890625,418.18359375,0.0372877046465873,1.4017586708068848,0.000784870586358
vvcvtmzl,expfm_4g,explicit,43,30,2780037120,1707.7904052734375,415.1357421875,0.0367588549852371,1.4032139778137207,0.0009086686768569
vvcvtmzl,expfm_4g,explicit,43,30,2790031360,1681.743896484375,410.8037109375,0.0392699539661407,1.4406863451004028,0.0010516853071749
vvcvtmzl,expfm_4g,explicit,43,30,2800025600,1690.1390380859375,410.39453125,0.0383101478219032,1.4027382135391235,0.0011277983430773
vvcvtmzl,expfm_4g,explicit,43,30,2810019840,1664.13037109375,406.4921875,0.0372185334563255,1.422642946243286,0.0012088699731975
vvcvtmzl,expfm_4g,explicit,43,30,2820014080,1719.35302734375,420.666015625,0.0359008461236953,1.4000117778778076,0.0008198989089578
vvcvtmzl,expfm_4g,explicit,43,30,2830008320,1697.4844970703125,414.2724609375,0.0375174060463905,1.424425482749939,0.0009293433395214
vvcvtmzl,expfm_4g,explicit,43,30,2840002560,1692.249267578125,414.1572265625,0.0372976213693618,1.423218011856079,0.0009194838930852
vvcvtmzl,expfm_4g,explicit,43,30,2850078720,1701.013916015625,413.90234375,0.0364392548799514,1.4171173572540283,0.0009868257911875
vvcvtmzl,expfm_4g,explicit,43,30,2860072960,1716.2747802734375,418.6123046875,0.0355567708611488,1.4147422313690186,0.0008486300939694
vvcvtmzl,expfm_4g,explicit,43,30,2870067200,1719.372802734375,418.1552734375,0.0362436920404434,1.4130733013153076,0.000851108925417
vvcvtmzl,expfm_4g,explicit,43,30,2880061440,1711.730712890625,414.3974609375,0.0357373468577861,1.3984181880950928,0.0009833737276494
vvcvtmzl,expfm_4g,explicit,43,30,2890055680,1697.0537109375,410.216796875,0.0360628999769687,1.4054689407348633,0.0010688313050195
vvcvtmzl,expfm_4g,explicit,43,30,2900049920,1696.419921875,411.8203125,0.0373810678720474,1.433924674987793,0.0010239325929433
vvcvtmzl,expfm_4g,explicit,43,30,2910044160,1696.1600341796875,413.3427734375,0.0402802154421806,1.4433674812316897,0.0009645677637308
vvcvtmzl,expfm_4g,explicit,43,30,2920038400,1708.106689453125,415.1357421875,0.0370236188173294,1.4299561977386477,0.0009096052963286
vvcvtmzl,expfm_4g,explicit,43,30,2930032640,1716.36572265625,417.763671875,0.0344576612114906,1.418850302696228,0.0008526778547093
vvcvtmzl,expfm_4g,explicit,43,30,2940026880,1722.4091796875,417.984375,0.0343106091022491,1.4142839908599854,0.0008513429202139
16qfobwj,pgfm,implicit,42,100,10076160,429.490478515625,176.6572265625,0.5175310373306274,2.5819239616394043,0.0126953534781932
16qfobwj,pgfm,implicit,42,100,20070400,466.6675415039063,179.05078125,0.4777957201004028,2.502691984176636,0.0112364152446389
16qfobwj,pgfm,implicit,42,100,30064640,518.443359375,194.9482421875,0.4755993485450744,2.5156354904174805,0.0103655513375997
16qfobwj,pgfm,implicit,42,100,40058880,569.5614013671875,209.02734375,0.435591846704483,2.454076051712036,0.0091438349336385
16qfobwj,pgfm,implicit,42,100,50053120,558.5885009765625,207.0556640625,0.4133629202842712,2.331430435180664,0.0087641347199678
16qfobwj,pgfm,implicit,42,100,60047360,591.9036254882812,217.3193359375,0.4296116232872009,2.420897960662842,0.0085513908416032
16qfobwj,pgfm,implicit,42,100,70041600,596.0389404296875,220.2294921875,0.4906957447528839,2.405296087265014,0.0081134736537933
16qfobwj,pgfm,implicit,42,100,80035840,590.3536987304688,212.833984375,0.4311434626579284,2.373765707015991,0.0080169066786766
16qfobwj,pgfm,implicit,42,100,90030080,592.1365966796875,206.890625,0.4620975255966186,2.420914649963379,0.0079286396503448
16qfobwj,pgfm,implicit,42,100,100024320,657.1360473632812,234.955078125,0.4351265430450439,2.562953472137451,0.0068598254583776
16qfobwj,pgfm,implicit,42,100,110018560,620.7178344726562,222.9638671875,0.4349696934223175,2.5059311389923096,0.0070456345565617
16qfobwj,pgfm,implicit,42,100,120012800,601.5175170898438,219.224609375,0.4862854480743408,2.5361852645874023,0.0068776439875364
16qfobwj,pgfm,implicit,42,100,130007040,722.908203125,249.4072265625,0.474253237247467,2.467196464538574,0.0060815624892711
16qfobwj,pgfm,implicit,42,100,140001280,651.2048950195312,230.482421875,0.4696065187454223,2.4409844875335693,0.0066820913925766
16qfobwj,pgfm,implicit,42,100,150077440,662.6937866210938,237.18359375,0.4931315779685974,2.521134853363037,0.0062977448105812
16qfobwj,pgfm,implicit,42,100,160071680,683.595458984375,242.0322265625,0.497761994600296,2.5156078338623047,0.0063265757635235
16qfobwj,pgfm,implicit,42,100,170065920,683.958984375,242.0068359375,0.5102555155754089,2.4862735271453857,0.0058605354279279
16qfobwj,pgfm,implicit,42,100,180060160,646.0811157226562,226.701171875,0.5310304164886475,2.4536571502685547,0.0064470567740499
16qfobwj,pgfm,implicit,42,100,190054400,645.6956176757812,222.1259765625,0.5059119462966919,2.4883761405944824,0.0063310833647847
16qfobwj,pgfm,implicit,42,100,200048640,661.8671264648438,228.802734375,0.5248733758926392,2.4888479709625244,0.0062121273949742
16qfobwj,pgfm,implicit,42,100,210042880,706.2620849609375,242.9384765625,0.5270615816116333,2.516340970993042,0.0057823993265628
16qfobwj,pgfm,implicit,42,100,220037120,691.549560546875,237.861328125,0.511661946773529,2.4889540672302246,0.0058938590809702
16qfobwj,pgfm,implicit,42,100,230031360,643.8958740234375,214.6357421875,0.5017146468162537,2.4210808277130127,0.006189988926053
16qfobwj,pgfm,implicit,42,100,240025600,681.7947998046875,232.939453125,0.53079754114151,2.489171028137207,0.0059970426373183
16qfobwj,pgfm,implicit,42,100,250019840,657.222900390625,225.53515625,0.5445374250411987,2.474644184112549,0.006092183291912
16qfobwj,pgfm,implicit,42,100,260014080,702.4065551757812,239.09765625,0.5224534273147583,2.466975212097168,0.0060764197260141
16qfobwj,pgfm,implicit,42,100,270008320,738.2867431640625,254.787109375,0.5552301406860352,2.5337958335876465,0.0054527213796973
16qfobwj,pgfm,implicit,42,100,280002560,687.48095703125,233.888671875,0.5283945798873901,2.4859859943389893,0.0058577805757522
16qfobwj,pgfm,implicit,42,100,290078720,753.3350830078125,256.646484375,0.5323807597160339,2.4306325912475586,0.005407755728811
16qfobwj,pgfm,implicit,42,100,300072960,726.826416015625,250.8115234375,0.5800241231918335,2.5048155784606934,0.0053605148568749
16qfobwj,pgfm,implicit,42,100,310067200,736.4374389648438,249.8720703125,0.5308891534805298,2.479825735092163,0.0053103454411029
16qfobwj,pgfm,implicit,42,100,320061440,723.8359985351562,245.763671875,0.5415482521057129,2.49561071395874,0.0053470409475266
16qfobwj,pgfm,implicit,42,100,330055680,777.73974609375,265.1943359375,0.5472393035888672,2.4447450637817383,0.0051101674325764
16qfobwj,pgfm,implicit,42,100,340049920,785.8179931640625,267.8916015625,0.5779509544372559,2.464524745941162,0.005022294819355
16qfobwj,pgfm,implicit,42,100,350044160,771.8240966796875,262.9287109375,0.607210636138916,2.419044017791748,0.0050975615158677
16qfobwj,pgfm,implicit,42,100,360038400,765.4923706054688,260.03515625,0.563347339630127,2.416382312774658,0.0053028296679258
16qfobwj,pgfm,implicit,42,100,370032640,769.452392578125,260.6796875,0.5690020322799683,2.492243766784668,0.0051109362393617
16qfobwj,pgfm,implicit,42,100,380026880,783.5462646484375,265.0087890625,0.6115560531616211,2.4463770389556885,0.0050901416689157
16qfobwj,pgfm,implicit,42,100,390021120,785.1842041015625,266.087890625,0.5685099959373474,2.437943458557129,0.0050738006830215
16qfobwj,pgfm,implicit,42,100,400015360,778.5885009765625,263.6015625,0.6031326651573181,2.4382219314575195,0.0050711240619421
16qfobwj,pgfm,implicit,42,100,410009600,798.6914672851562,271.4072265625,0.6435332298278809,2.5141873359680176,0.0047195572406053
16qfobwj,pgfm,implicit,42,100,420003840,790.2520751953125,267.9033203125,0.618302047252655,2.4304678440093994,0.0048377127386629
16qfobwj,pgfm,implicit,42,100,430080000,804.816650390625,270.8154296875,0.6370849609375,2.450207233428955,0.004896440077573
16qfobwj,pgfm,implicit,42,100,440074240,802.8177490234375,270.037109375,0.6333528161048889,2.425645589828491,0.0048061599954962
16qfobwj,pgfm,implicit,42,100,450068480,764.998291015625,260.853515625,0.6361527442932129,2.457425594329834,0.0050563123077154
16qfobwj,pgfm,implicit,42,100,460062720,764.3224487304688,258.490234375,0.6313418745994568,2.46535873413086,0.0049859853461384
16qfobwj,pgfm,implicit,42,100,470056960,752.31298828125,252.0244140625,0.6665772199630737,2.4261815547943115,0.0053982627578079
16qfobwj,pgfm,implicit,42,100,480051200,760.7781982421875,255.8759765625,0.6647016406059265,2.401066303253174,0.0051404344849288
16qfobwj,pgfm,implicit,42,100,490045440,813.4564208984375,275.8486328125,0.6638981699943542,2.440236806869507,0.0048214839771389
16qfobwj,pgfm,implicit,42,100,500039680,770.918701171875,261.6123046875,0.6313095688819885,2.461287260055542,0.0049533615820109
16qfobwj,pgfm,implicit,42,100,510033920,773.795166015625,261.068359375,0.615493893623352,2.3978593349456787,0.0050879828631877
16qfobwj,pgfm,implicit,42,100,520028160,723.13671875,238.36328125,0.631361722946167,2.3930625915527344,0.0054668225347995
16qfobwj,pgfm,implicit,42,100,530022400,757.1663818359375,253.109375,0.6291780471801758,2.42777156829834,0.0053714159876108
16qfobwj,pgfm,implicit,42,100,540016640,813.21044921875,275.974609375,0.6589270830154419,2.398195266723633,0.0047952532768249
16qfobwj,pgfm,implicit,42,100,550010880,788.9178466796875,271.2431640625,0.659339189529419,2.466769933700561,0.0048082298599183
16qfobwj,pgfm,implicit,42,100,560005120,781.1353759765625,266.19140625,0.6785385012626648,2.408747673034668,0.0050205001607537
16qfobwj,pgfm,implicit,42,100,570081280,784.3878173828125,265.8583984375,0.6591287851333618,2.399568557739258,0.0049241152592003
16qfobwj,pgfm,implicit,42,100,580075520,796.343017578125,268.4189453125,0.6703078746795654,2.445294141769409,0.0046657212078571
16qfobwj,pgfm,implicit,42,100,590069760,769.9403076171875,267.05078125,0.7103499174118042,2.476405382156372,0.004865787923336
16qfobwj,pgfm,implicit,42,100,600064000,789.1575927734375,274.46484375,0.7654439806938171,2.4317007064819336,0.0047039175406098
7qsntx62,pgfm,implicit,42,3,10076160,589.380615234375,229.9599609375,0.5048601627349854,2.839853286743164,0.0105309225618839
7qsntx62,pgfm,implicit,42,3,20070400,671.9641723632812,237.029296875,0.4721240401268005,2.549310207366944,0.0101218670606613
7qsntx62,pgfm,implicit,42,3,30064640,686.3140869140625,234.123046875,0.5668894052505493,2.484531879425049,0.0087508223950862
7qsntx62,pgfm,implicit,42,3,40058880,684.85205078125,238.6650390625,0.6361228823661804,2.430770874023437,0.0083586890250444
7qsntx62,pgfm,implicit,42,3,50053120,760.546630859375,255.978515625,0.6034493446350098,2.2917370796203613,0.0076407231390476
7qsntx62,pgfm,implicit,42,3,60047360,819.568359375,270.0419921875,0.5398563146591187,2.130666732788086,0.006543475203216
7qsntx62,pgfm,implicit,42,3,70041600,868.5352172851562,276.689453125,0.4748046696186065,2.018383026123047,0.0061520948074758
7qsntx62,pgfm,implicit,42,3,80035840,882.93505859375,272.0361328125,0.4439201653003692,1.974353313446045,0.0063487477600574
7qsntx62,pgfm,implicit,42,3,90030080,916.2081298828124,273.0625,0.4335268139839172,1.935740947723389,0.005632328800857
7qsntx62,pgfm,implicit,42,3,100024320,989.2982788085938,287.0322265625,0.4195697903633117,1.8148542642593384,0.005054528824985
7qsntx62,pgfm,implicit,42,3,110018560,1036.0965576171875,294.3125,0.4289125204086303,1.753103733062744,0.0046291444450616
7qsntx62,pgfm,implicit,42,3,120012800,1054.1744384765625,301.49609375,0.4684401452541351,1.7746185064315796,0.0041295415721833
7qsntx62,pgfm,implicit,42,3,130007040,1162.8271484375,321.857421875,0.4560965895652771,1.7364580631256104,0.003496004268527
7qsntx62,pgfm,implicit,42,3,140001280,1224.7598876953125,328.4560546875,0.4344359338283539,1.653982639312744,0.0032234764657914
7qsntx62,pgfm,implicit,42,3,150077440,1321.139404296875,352.7373046875,0.4470769762992859,1.64294695854187,0.0025406279601156
7qsntx62,pgfm,implicit,42,3,160071680,1373.17138671875,358.841796875,0.4697937965393066,1.5929173231124878,0.0024660117924213
7qsntx62,pgfm,implicit,42,3,170065920,1502.4564208984375,385.5302734375,0.4696916341781616,1.527737021446228,0.0016620669048279
7qsntx62,pgfm,implicit,42,3,180060160,1639.6077880859375,410.076171875,0.4510852992534637,1.4759879112243652,0.0010132387978956
7qsntx62,pgfm,implicit,42,3,190054400,1728.814453125,426.9228515625,0.4475622177124023,1.4332798719406128,0.0005928389728069
7qsntx62,pgfm,implicit,42,3,200048640,1766.1507568359375,430.0185546875,0.4365600645542145,1.3948755264282229,0.0004900966887362
7qsntx62,pgfm,implicit,42,3,210042880,1782.347412109375,430.3642578125,0.4406088590621948,1.3851193189620972,0.0004710505891125
7qsntx62,pgfm,implicit,42,3,220037120,1794.98291015625,431.41015625,0.4466860294342041,1.362732172012329,0.000471206207294
7qsntx62,pgfm,implicit,42,3,230031360,1824.2955322265625,436.2607421875,0.4400740265846252,1.3523985147476196,0.0003139424952678
7qsntx62,pgfm,implicit,42,3,240025600,1840.270263671875,438.712890625,0.4491612017154693,1.355432629585266,0.0002336973848287
7qsntx62,pgfm,implicit,42,3,250019840,1864.11328125,440.2744140625,0.4248678684234619,1.3296902179718018,0.0002242775517515
7qsntx62,pgfm,implicit,42,3,260014080,1861.4927978515625,438.181640625,0.4196515679359436,1.3259398937225342,0.0002852509205695
7qsntx62,pgfm,implicit,42,3,270008320,1873.0760498046875,439.775390625,0.4241340756416321,1.3236041069030762,0.0002648787631187
7qsntx62,pgfm,implicit,42,3,280002560,1885.814697265625,441.041015625,0.4206754565238952,1.302113056182861,0.0001886828395072
7qsntx62,pgfm,implicit,42,3,290078720,1860.4320068359373,438.388671875,0.432898998260498,1.3328361511230469,0.0002312485303264
7qsntx62,pgfm,implicit,42,3,300072960,1894.6492919921875,441.5283203125,0.4230121672153473,1.299483060836792,0.0001648100733291
7qsntx62,pgfm,implicit,42,3,310067200,1877.1474609375,438.455078125,0.4301638007164001,1.3026427030563354,0.0002446286962367
7qsntx62,pgfm,implicit,42,3,320061440,1885.43701171875,439.494140625,0.4275416135787964,1.3094873428344729,0.0002188217767979
7qsntx62,pgfm,implicit,42,3,330055680,1902.7490234375,441.794921875,0.43013396859169,1.293310046195984,0.0001406319788657
7qsntx62,pgfm,implicit,42,3,340049920,1903.1148681640625,441.529296875,0.418123185634613,1.292028307914734,0.0001753700635163
7qsntx62,pgfm,implicit,42,3,350044160,1901.575439453125,441.6923828125,0.4166314005851745,1.3013659715652466,0.0001719350839266
7qsntx62,pgfm,implicit,42,3,360038400,1924.8109130859373,443.740234375,0.4195549488067627,1.2808027267456057,9.6836949524004e-05
7qsntx62,pgfm,implicit,42,3,370032640,1922.97265625,443.8583984375,0.4342401623725891,1.2911922931671145,9.647582191973925e-05
7qsntx62,pgfm,implicit,42,3,380026880,1926.5078125,442.505859375,0.4346469044685364,1.269296407699585,0.000131431617774
7qsntx62,pgfm,implicit,42,3,390021120,1925.060546875,443.0498046875,0.4336009919643402,1.2727906703948977,0.0001035943278111
7qsntx62,pgfm,implicit,42,3,400015360,1924.93408203125,442.6689453125,0.4272403717041015,1.280017614364624,0.0001369853998767
7qsntx62,pgfm,implicit,42,3,410009600,1906.10205078125,439.4912109375,0.4406903088092804,1.2994459867477417,0.0002047966991085
7qsntx62,pgfm,implicit,42,3,420003840,1937.88720703125,444.251953125,0.4389680027961731,1.2725396156311035,0.0001027212565531
7qsntx62,pgfm,implicit,42,3,430080000,1936.793701171875,444.2265625,0.4344464540481567,1.2595086097717283,6.913342804182321e-05
7qsntx62,pgfm,implicit,42,3,440074240,1924.553955078125,441.6123046875,0.4281947314739227,1.263648509979248,0.0001489593123551
7qsntx62,pgfm,implicit,42,3,450068480,1940.8226318359373,444.0771484375,0.4364063143730163,1.2377729415893557,0.0001041989089571
7qsntx62,pgfm,implicit,42,3,460062720,1944.5906982421875,444.2783203125,0.4212119579315185,1.2502822875976562,8.311471901834011e-05
7qsntx62,pgfm,implicit,42,3,470056960,1931.919677734375,441.4833984375,0.4331621527671814,1.247416377067566,0.0001983711554203
7qsntx62,pgfm,implicit,42,3,480051200,1938.81103515625,443.1787109375,0.4333884716033935,1.2480947971343994,0.0001322910247836
7qsntx62,pgfm,implicit,42,3,490045440,1952.4656982421875,445.63671875,0.4239853918552398,1.2498589754104614,5.6597840739414096e-05
7qsntx62,pgfm,implicit,42,3,500039680,1938.26513671875,442.53515625,0.4364500939846039,1.24704909324646,0.0001246871252078
7qsntx62,pgfm,implicit,42,3,510033920,1951.9052734375,445.025390625,0.4309613704681396,1.2375385761260986,6.796540401410311e-05
7qsntx62,pgfm,implicit,42,3,520028160,1955.7890625,444.8271484375,0.4328965544700622,1.2289855480194092,6.89663938828744e-05
7qsntx62,pgfm,implicit,42,3,530022400,1946.336181640625,443.7119140625,0.4453917443752289,1.2408747673034668,8.365517714992166e-05
7qsntx62,pgfm,implicit,42,3,540016640,1941.473876953125,442.0849609375,0.4404600858688354,1.2309294939041138,0.0001463035441702
7qsntx62,pgfm,implicit,42,3,550010880,1947.797119140625,443.134765625,0.4306837320327759,1.2301764488220217,0.000124043202959
7qsntx62,pgfm,implicit,42,3,560005120,1956.1444091796875,445.376953125,0.4416552484035492,1.2385880947113037,6.283145921770483e-05
7qsntx62,pgfm,implicit,42,3,570081280,1949.421875,443.7431640625,0.4460610747337341,1.2459242343902588,8.47079063532874e-05
7qsntx62,pgfm,implicit,42,3,580075520,1937.43798828125,442.65625,0.4601812958717346,1.2477039098739624,0.000130136788357
7qsntx62,pgfm,implicit,42,3,590069760,1946.25732421875,442.154296875,0.4451184272766113,1.217274785041809,0.0001465773966629
7qsntx62,pgfm,implicit,42,3,600064000,1963.129638671875,445.283203125,0.4398458003997803,1.22719144821167,4.112188980798237e-05
cgs8q5gj,pgfm,implicit,42,10,10076160,580.2741088867188,223.0537109375,0.4415368735790252,2.6483683586120605,0.0119491256773471
cgs8q5gj,pgfm,implicit,42,10,20070400,630.348388671875,225.48046875,0.53840172290802,2.536181926727295,0.0109835900366306
cgs8q5gj,pgfm,implicit,42,10,30064640,577.7862548828125,206.9404296875,0.596505880355835,2.5381999015808105,0.0110589507967233
cgs8q5gj,pgfm,implicit,42,10,40058880,517.9505004882812,182.0927734375,0.6036126613616943,2.3119850158691406,0.0116055365651845
cgs8q5gj,pgfm,implicit,42,10,50053120,602.8572998046875,218.455078125,0.651189923286438,2.530138731002808,0.0091214012354612
cgs8q5gj,pgfm,implicit,42,10,60047360,561.393798828125,209.4501953125,0.7287695407867432,2.5850796699523926,0.0092273354530334
cgs8q5gj,pgfm,implicit,42,10,70041600,703.06982421875,245.830078125,0.5743210315704346,2.455845832824707,0.0075160358101129
cgs8q5gj,pgfm,implicit,42,10,80035840,706.4034423828125,241.765625,0.5772703886032104,2.373063564300537,0.0078032244928181
cgs8q5gj,pgfm,implicit,42,10,90030080,780.10302734375,265.669921875,0.5602673888206482,2.362138271331787,0.0066670626401901
cgs8q5gj,pgfm,implicit,42,10,100024320,774.3948364257812,264.7939453125,0.5912988185882568,2.3010518550872803,0.006890753749758
cgs8q5gj,pgfm,implicit,42,10,110018560,795.5762939453125,271.3251953125,0.5376441478729248,2.2688093185424805,0.0063676694408059
cgs8q5gj,pgfm,implicit,42,10,120012800,852.8643798828125,274.9833984375,0.5137688517570496,2.1593708992004395,0.00612623244524
cgs8q5gj,pgfm,implicit,42,10,130007040,863.9118041992188,275.0693359375,0.5053088068962097,2.062556266784668,0.0060505382716655
cgs8q5gj,pgfm,implicit,42,10,140001280,835.453857421875,276.4794921875,0.5243567228317261,2.209585189819336,0.0056772753596305
cgs8q5gj,pgfm,implicit,42,10,150077440,876.505126953125,281.8427734375,0.5021358132362366,2.1479923725128174,0.0051602656021714
cgs8q5gj,pgfm,implicit,42,10,160071680,910.2843627929688,282.193359375,0.4922453761100769,1.9798206090927124,0.0051425453275442
cgs8q5gj,pgfm,implicit,42,10,170065920,940.2242431640624,282.873046875,0.4785686135292053,1.9435012340545652,0.005142486654222
cgs8q5gj,pgfm,implicit,42,10,180060160,973.2994384765624,286.609375,0.462708830833435,1.864019513130188,0.0051584970206022
cgs8q5gj,pgfm,implicit,42,10,190054400,1024.826416015625,299.861328125,0.4515963196754455,1.8197410106658936,0.0044677499681711
cgs8q5gj,pgfm,implicit,42,10,200048640,1049.7064208984375,300.1123046875,0.4159263968467712,1.7296428680419922,0.0043657193891704
cgs8q5gj,pgfm,implicit,42,10,210042880,1005.5628662109376,288.5244140625,0.447405993938446,1.7227354049682615,0.0050993799231946
cgs8q5gj,pgfm,implicit,42,10,220037120,1088.697021484375,304.654296875,0.4402585029602051,1.7040188312530518,0.0041046827100217
cgs8q5gj,pgfm,implicit,42,10,230031360,1093.4024658203125,305.859375,0.4451765716075897,1.6820228099822998,0.0041478741914033
cgs8q5gj,pgfm,implicit,42,10,240025600,1129.68310546875,313.5869140625,0.4773446321487427,1.719829797744751,0.0038259129505604
cgs8q5gj,pgfm,implicit,42,10,250019840,1131.96533203125,312.1748046875,0.4733106791973114,1.6452524662017822,0.0039181425236165
cgs8q5gj,pgfm,implicit,42,10,260014080,1220.6329345703125,332.001953125,0.5094910264015198,1.636873483657837,0.0032757432200014
cgs8q5gj,pgfm,implicit,42,10,270008320,1222.738525390625,331.4130859375,0.5043361186981201,1.571396827697754,0.0032601966522634
cgs8q5gj,pgfm,implicit,42,10,280002560,1335.109619140625,356.08984375,0.4966961741447449,1.5761995315551758,0.0027370862662792
cgs8q5gj,pgfm,implicit,42,10,290078720,1387.4786376953125,364.26953125,0.4739612340927124,1.5240943431854248,0.0026268986985087
cgs8q5gj,pgfm,implicit,42,10,300072960,1433.5087890625,374.3515625,0.4703807830810547,1.5319056510925293,0.0022678920067846
cgs8q5gj,pgfm,implicit,42,10,310067200,1485.9439697265625,381.9130859375,0.4659933745861053,1.481696367263794,0.0020583495497703
cgs8q5gj,pgfm,implicit,42,10,320061440,1458.99169921875,375.197265625,0.4560481905937195,1.480224370956421,0.0022087693214416
cgs8q5gj,pgfm,implicit,42,10,330055680,1463.983642578125,376.65234375,0.4592417776584625,1.5016822814941406,0.0020888904109597
cgs8q5gj,pgfm,implicit,42,10,340049920,1486.530029296875,378.9931640625,0.4476653337478637,1.4750242233276367,0.0019385800696909
cgs8q5gj,pgfm,implicit,42,10,350044160,1541.6285400390625,389.5458984375,0.4714202284812927,1.4554245471954346,0.0017230728408321
cgs8q5gj,pgfm,implicit,42,10,360038400,1567.5577392578125,393.7734375,0.4422299861907959,1.4527485370635986,0.0016000017058104
cgs8q5gj,pgfm,implicit,42,10,370032640,1568.348388671875,395.2353515625,0.4511651396751404,1.4407166242599487,0.001512608025223
cgs8q5gj,pgfm,implicit,42,10,380026880,1574.7000732421875,393.2431640625,0.4589952826499939,1.441469430923462,0.0015467749908566
cgs8q5gj,pgfm,implicit,42,10,390021120,1628.308349609375,401.98828125,0.463508129119873,1.4038677215576172,0.0013366232160478
cgs8q5gj,pgfm,implicit,42,10,400015360,1642.004638671875,407.7001953125,0.4602939784526825,1.4065712690353394,0.0011180147994309
cgs8q5gj,pgfm,implicit,42,10,410009600,1638.23974609375,403.5009765625,0.4611130952835083,1.4176466464996338,0.0012607923708856
cgs8q5gj,pgfm,implicit,42,10,420003840,1653.7724609375,406.697265625,0.4466685354709625,1.4054830074310305,0.0012074171099811
cgs8q5gj,pgfm,implicit,42,10,430080000,1650.4434814453125,402.4453125,0.4471393823623657,1.3932057619094849,0.0012828673934563
cgs8q5gj,pgfm,implicit,42,10,440074240,1676.5185546875,408.87109375,0.4447414875030517,1.4045003652572632,0.0011382735101506
cgs8q5gj,pgfm,implicit,42,10,450068480,1685.29296875,411.96484375,0.4535121023654938,1.4112861156463623,0.0010127404239028
cgs8q5gj,pgfm,implicit,42,10,460062720,1715.8369140625,420.4560546875,0.4427603483200073,1.3894948959350586,0.000691779423505
cgs8q5gj,pgfm,implicit,42,10,470056960,1711.805908203125,416.75,0.4563093781471252,1.4228651523590088,0.0008901258697733
cgs8q5gj,pgfm,implicit,42,10,480051200,1701.904296875,414.4658203125,0.4555242657661438,1.3967461585998535,0.0009384777513332
cgs8q5gj,pgfm,implicit,42,10,490045440,1720.648681640625,416.4814453125,0.4496465027332306,1.3876307010650637,0.0008981347782537
cgs8q5gj,pgfm,implicit,42,10,500039680,1710.80322265625,412.9580078125,0.4428334832191467,1.372330904006958,0.0009719069348648
cgs8q5gj,pgfm,implicit,42,10,510033920,1739.8115234375,420.5546875,0.4502185583114624,1.3512128591537476,0.000706311664544
cgs8q5gj,pgfm,implicit,42,10,520028160,1751.891357421875,421.412109375,0.4373776316642761,1.351082444190979,0.0007128334254957
cgs8q5gj,pgfm,implicit,42,10,530022400,1755.653564453125,421.28125,0.4330694079399109,1.3470888137817385,0.0007235764060169
cgs8q5gj,pgfm,implicit,42,10,540016640,1743.51708984375,418.5478515625,0.460777223110199,1.367822289466858,0.0008104548905976
cgs8q5gj,pgfm,implicit,42,10,550010880,1766.028076171875,423.9326171875,0.4630279541015625,1.3622575998306274,0.0006599280168302
cgs8q5gj,pgfm,implicit,42,10,560005120,1755.096435546875,421.91796875,0.4605695605278015,1.367780685424805,0.0007360248710028
cgs8q5gj,pgfm,implicit,42,10,570081280,1754.9130859375,420.154296875,0.4663876295089721,1.368921995162964,0.000795206404291
cgs8q5gj,pgfm,implicit,42,10,580075520,1757.2999267578125,420.37890625,0.4535040259361267,1.346237063407898,0.0007592792971991
cgs8q5gj,pgfm,implicit,42,10,590069760,1753.4156494140625,419.3642578125,0.4636558592319488,1.3670611381530762,0.0008230926468968
cgs8q5gj,pgfm,implicit,42,10,600064000,1753.2088623046875,419.25390625,0.4617536067962646,1.3683075904846191,0.0007984789554029
efc0z8fe,pgfm,implicit,42,0,10076160,639.695556640625,238.3330078125,0.5279744863510132,2.639413833618164,0.0086822481825947
efc0z8fe,pgfm,implicit,42,0,20070400,795.5201416015625,266.3681640625,0.4565280079841614,2.4025392532348637,0.0072402935475111
efc0z8fe,pgfm,implicit,42,0,30064640,871.4298095703125,272.4541015625,0.4118060171604156,2.143709182739258,0.0067279702052474
efc0z8fe,pgfm,implicit,42,0,40058880,934.0542602539062,285.830078125,0.4149315655231476,2.098299980163574,0.0057449359446763
efc0z8fe,pgfm,implicit,42,0,50053120,1036.20361328125,302.8857421875,0.4117301404476166,1.9742395877838133,0.0046655470505356
efc0z8fe,pgfm,implicit,42,0,60047360,1172.5390625,332.5625,0.4341811537742615,1.9258683919906616,0.0033475940581411
efc0z8fe,pgfm,implicit,42,0,70041600,1324.526123046875,368.5224609375,0.4602464735507965,1.9076138734817505,0.002219101646915
efc0z8fe,pgfm,implicit,42,0,80035840,1478.380859375,396.4931640625,0.4565569758415222,1.7616395950317385,0.0014885046985
efc0z8fe,pgfm,implicit,42,0,90030080,1603.75830078125,411.6767578125,0.4589250683784485,1.6058664321899414,0.0009518221486359
efc0z8fe,pgfm,implicit,42,0,100024320,1682.5745849609375,422.5,0.4433040022850036,1.5173324346542358,0.0006636455655097
efc0z8fe,pgfm,implicit,42,0,110018560,1755.401611328125,430.9658203125,0.4264244437217712,1.4229750633239746,0.0004291268705856
efc0z8fe,pgfm,implicit,42,0,120012800,1798.8897705078125,435.935546875,0.4114786386489868,1.3899781703948977,0.0002984917373396
efc0z8fe,pgfm,implicit,42,0,130007040,1842.9869384765625,439.8779296875,0.4137623906135559,1.3586969375610352,0.0001803358172765
efc0z8fe,pgfm,implicit,42,0,140001280,1872.23974609375,441.8740234375,0.4034641087055206,1.323696255683899,0.0001264619349967
efc0z8fe,pgfm,implicit,42,0,150077440,1876.14306640625,441.255859375,0.404042899608612,1.311007022857666,0.0001311558298766
efc0z8fe,pgfm,implicit,42,0,160071680,1901.7847900390625,442.7939453125,0.4029418528079986,1.2931115627288818,0.0001329597143922
efc0z8fe,pgfm,implicit,42,0,170065920,1908.52294921875,442.3193359375,0.3964548408985138,1.2758102416992188,0.0001506484404671
efc0z8fe,pgfm,implicit,42,0,180060160,1892.6114501953125,438.9697265625,0.4080407917499542,1.2888751029968262,0.0002298758627148
efc0z8fe,pgfm,implicit,42,0,190054400,1919.113525390625,443.2197265625,0.4052544832229614,1.2685083150863647,9.5582683570683e-05
efc0z8fe,pgfm,implicit,42,0,200048640,1898.553466796875,437.7744140625,0.4140074253082275,1.2693264484405518,0.0002281623746966
efc0z8fe,pgfm,implicit,42,0,210042880,1915.5885009765625,439.9072265625,0.4095742702484131,1.2542083263397217,0.0001729524374241
efc0z8fe,pgfm,implicit,42,0,220037120,1938.65673828125,444.208984375,0.415626049041748,1.238497018814087,9.561691695125774e-05
efc0z8fe,pgfm,implicit,42,0,230031360,1938.26318359375,443.7548828125,0.4126887917518616,1.2449313402175903,8.310080011142418e-05
efc0z8fe,pgfm,implicit,42,0,240025600,1925.93212890625,440.1015625,0.4202683269977569,1.2441511154174805,0.0001756934216246
efc0z8fe,pgfm,implicit,42,0,250019840,1922.2138671875,439.328125,0.4219242632389068,1.2469922304153442,0.000212430168176
efc0z8fe,pgfm,implicit,42,0,260014080,1940.4371337890625,442.34765625,0.4111641645431518,1.2201666831970217,0.0001478111371397
efc0z8fe,pgfm,implicit,42,0,270008320,1948.8167724609373,443.40234375,0.4078582525253296,1.2259111404418943,7.982110400917009e-05
efc0z8fe,pgfm,implicit,42,0,280002560,1956.2611083984373,443.94140625,0.4169333577156067,1.215822696685791,0.0001060666618286
efc0z8fe,pgfm,implicit,42,0,290078720,1949.577392578125,442.4970703125,0.4192114770412445,1.222018837928772,0.000117757685075
efc0z8fe,pgfm,implicit,42,0,300072960,1956.5965576171875,444.1181640625,0.4296217560768127,1.2184494733810425,0.0001081119407899
efc0z8fe,pgfm,implicit,42,0,310067200,1957.2137451171875,444.787109375,0.4304842948913574,1.2149224281311035,6.060145824449137e-05
efc0z8fe,pgfm,implicit,42,0,320061440,1958.21826171875,444.5283203125,0.4399139285087585,1.2134840488433838,6.132788257673383e-05
efc0z8fe,pgfm,implicit,42,0,330055680,1965.91064453125,444.822265625,0.4349069595336914,1.2086296081542969,5.268806853564456e-05
efc0z8fe,pgfm,implicit,42,0,340049920,1966.4078369140625,444.7744140625,0.4297725260257721,1.1963194608688354,5.489681279868819e-05
efc0z8fe,pgfm,implicit,42,0,350044160,1975.587646484375,445.6962890625,0.431257963180542,1.1893465518951416,2.4767987270024605e-05
efc0z8fe,pgfm,implicit,42,0,360038400,1969.566650390625,445.0517578125,0.4327594041824341,1.1950185298919678,5.065456934971735e-05
efc0z8fe,pgfm,implicit,42,0,370032640,1971.8231201171875,445.3212890625,0.4374072849750519,1.195498824119568,6.39728968963027e-05
efc0z8fe,pgfm,implicit,42,0,380026880,1971.337158203125,444.703125,0.4335267543792724,1.199483871459961,5.117841647006571e-05
efc0z8fe,pgfm,implicit,42,0,390021120,1974.2183837890625,444.220703125,0.4341884255409241,1.1763839721679688,6.726395804435015e-05
efc0z8fe,pgfm,implicit,42,0,400015360,1980.0213623046875,445.75390625,0.4333117604255676,1.1844985485076904,2.623273030621931e-05
efc0z8fe,pgfm,implicit,42,0,410009600,1978.321044921875,445.5185546875,0.4346398711204529,1.1827375888824463,3.347649908391759e-05
efc0z8fe,pgfm,implicit,42,0,420003840,1979.4603271484373,445.2900390625,0.4426246881484985,1.1915762424468994,3.60417107003741e-05
efc0z8fe,pgfm,implicit,42,0,430080000,1977.68798828125,445.310546875,0.459417462348938,1.1832876205444336,4.051721043651924e-05
efc0z8fe,pgfm,implicit,42,0,440074240,1975.9407958984373,444.185546875,0.4665275514125824,1.1679480075836182,6.843398296041414e-05
efc0z8fe,pgfm,implicit,42,0,450068480,1984.369873046875,445.3251953125,0.4429572820663452,1.1783757209777832,3.646106051746756e-05
efc0z8fe,pgfm,implicit,42,0,460062720,1985.81884765625,446.3984375,0.4510599374771118,1.1795077323913574,1.4085439943301026e-05
efc0z8fe,pgfm,implicit,42,0,470056960,1984.0986328125,445.720703125,0.4478560090065002,1.175920844078064,2.833380494848825e-05
efc0z8fe,pgfm,implicit,42,0,480051200,1986.609375,445.46875,0.4487989842891693,1.159935712814331,3.2550175092183053e-05
efc0z8fe,pgfm,implicit,42,0,490045440,1992.67138671875,446.1884765625,0.4507477879524231,1.1666905879974363,1.820699071686249e-05
efc0z8fe,pgfm,implicit,42,0,500039680,1992.0068359375,446.1806640625,0.4534716308116913,1.164565920829773,2.0813437004107985e-05
efc0z8fe,pgfm,implicit,42,0,510033920,1988.9417724609373,445.5771484375,0.4561164379119873,1.1635966300964355,5.464846617542207e-05
efc0z8fe,pgfm,implicit,42,0,520028160,1989.5963134765625,445.4951171875,0.4577463567256927,1.1688024997711182,2.597481034172233e-05
efc0z8fe,pgfm,implicit,42,0,530022400,1993.48388671875,446.595703125,0.443550556898117,1.1589218378067017,8.775417882134207e-06
efc0z8fe,pgfm,implicit,42,0,540016640,1996.748779296875,446.25,0.4489818811416626,1.1558798551559448,1.2401750609569716e-05
efc0z8fe,pgfm,implicit,42,0,550010880,2000.2183837890625,446.837890625,0.4558107256889343,1.1421459913253784,0.0
efc0z8fe,pgfm,implicit,42,0,560005120,1993.3538818359373,445.1474609375,0.458263635635376,1.1518954038619995,4.0414601244265214e-05
efc0z8fe,pgfm,implicit,42,0,570081280,1994.162109375,445.498046875,0.4621128141880035,1.160200834274292,3.700183151522651e-05
efc0z8fe,pgfm,implicit,42,0,580075520,1997.494384765625,446.2646484375,0.4532104432582855,1.1495764255523682,1.5630088455509394e-05
efc0z8fe,pgfm,implicit,42,0,590069760,2001.6165771484373,446.7509765625,0.4550848305225372,1.1527408361434937,5.055809197074268e-06
efc0z8fe,pgfm,implicit,42,0,600064000,1999.728759765625,446.6044921875,0.4596852660179138,1.1498914957046509,6.958955964364577e-06
jtjbb7u6,pgfm,implicit,42,2,10076160,638.78125,243.376953125,0.4336458742618561,2.696615219116211,0.0101770758628845
jtjbb7u6,pgfm,implicit,42,2,20070400,693.10693359375,242.203125,0.5049165487289429,2.5426783561706543,0.0087382895871996
jtjbb7u6,pgfm,implicit,42,2,30064640,685.8314819335938,235.388671875,0.589134156703949,2.2968618869781494,0.0083896294236183
jtjbb7u6,pgfm,implicit,42,2,40058880,765.6495361328125,263.8359375,0.5901293754577637,2.272826671600342,0.0067731379531323
jtjbb7u6,pgfm,implicit,42,2,50053120,846.50146484375,272.49609375,0.4950499534606933,2.1318230628967285,0.0066515211947262
jtjbb7u6,pgfm,implicit,42,2,60047360,886.31640625,276.3740234375,0.4731297194957733,2.001981735229492,0.0061316648498177
jtjbb7u6,pgfm,implicit,42,2,70041600,944.3694458007812,281.1025390625,0.4392672777175903,1.8846683502197263,0.0057144211605191
jtjbb7u6,pgfm,implicit,42,2,80035840,978.41650390625,281.24609375,0.4319195747375488,1.7490229606628418,0.0057161701843142
jtjbb7u6,pgfm,implicit,42,2,90030080,992.56298828125,282.9794921875,0.4265883564949035,1.7097160816192627,0.0051775118336081
jtjbb7u6,pgfm,implicit,42,2,100024320,1071.66650390625,300.04296875,0.4618399739265442,1.7449195384979248,0.0043972888961434
jtjbb7u6,pgfm,implicit,42,2,110018560,1189.9140625,322.7939453125,0.4444182515144348,1.7026472091674805,0.003573041409254
jtjbb7u6,pgfm,implicit,42,2,120012800,1324.8701171875,352.2705078125,0.4680584073066711,1.6338379383087158,0.0025954828597605
jtjbb7u6,pgfm,implicit,42,2,130007040,1464.058349609375,382.421875,0.4760670661926269,1.5752403736114502,0.0017865789122879
jtjbb7u6,pgfm,implicit,42,2,140001280,1560.4447021484375,396.9306640625,0.47117480635643,1.5273797512054443,0.0014107660390436
jtjbb7u6,pgfm,implicit,42,2,150077440,1681.141357421875,417.8212890625,0.4520090818405151,1.4698143005371094,0.0008710814290679
jtjbb7u6,pgfm,implicit,42,2,160071680,1715.220947265625,423.8427734375,0.4432136416435241,1.4295382499694824,0.0007709846831858
jtjbb7u6,pgfm,implicit,42,2,170065920,1786.360595703125,433.9677734375,0.4228379726409912,1.3900282382965088,0.0004537884669844
jtjbb7u6,pgfm,implicit,42,2,180060160,1827.08447265625,439.1025390625,0.424926608800888,1.3437625169754028,0.0002720729680731
jtjbb7u6,pgfm,implicit,42,2,190054400,1836.816162109375,440.3623046875,0.4322107434272766,1.3554275035858154,0.000193332292838
jtjbb7u6,pgfm,implicit,42,2,200048640,1836.492431640625,436.9765625,0.4345036447048187,1.331106424331665,0.0002955182571895
jtjbb7u6,pgfm,implicit,42,2,210042880,1863.60986328125,441.7294921875,0.4250617921352386,1.3218770027160645,0.0001558759686304
jtjbb7u6,pgfm,implicit,42,2,220037120,1873.51953125,440.8740234375,0.4125460982322693,1.306067705154419,0.0001865362282842
jtjbb7u6,pgfm,implicit,42,2,230031360,1890.0072021484373,444.2822265625,0.4176406860351562,1.290541172027588,6.267794378800318e-05
jtjbb7u6,pgfm,implicit,42,2,240025600,1882.0408935546875,441.0791015625,0.4163697361946106,1.3051047325134275,0.0002042504056589
jtjbb7u6,pgfm,implicit,42,2,250019840,1898.56640625,442.6767578125,0.4208405315876007,1.2959425449371338,0.0001472691947128
jtjbb7u6,pgfm,implicit,42,2,260014080,1915.396484375,444.36328125,0.4147856831550598,1.2694816589355469,7.651922351215035e-05
jtjbb7u6,pgfm,implicit,42,2,270008320,1916.010986328125,443.953125,0.4164406955242157,1.2772047519683838,0.0001103722897823
jtjbb7u6,pgfm,implicit,42,2,280002560,1906.759521484375,441.7080078125,0.4225348234176636,1.292400360107422,0.0001685419265413
jtjbb7u6,pgfm,implicit,42,2,290078720,1914.34521484375,442.9248046875,0.4203566312789917,1.283990740776062,0.0001551757450215
jtjbb7u6,pgfm,implicit,42,2,300072960,1913.90966796875,441.4326171875,0.4211665391921997,1.2714290618896484,0.0001914421591209
jtjbb7u6,pgfm,implicit,42,2,310067200,1920.093505859375,442.9453125,0.4165016114711761,1.2628793716430664,9.869433415587991e-05
jtjbb7u6,pgfm,implicit,42,2,320061440,1916.953857421875,440.6181640625,0.4193187952041626,1.2476310729980469,0.0002053891948889
jtjbb7u6,pgfm,implicit,42,2,330055680,1936.6341552734373,445.6904296875,0.4184253811836242,1.2745102643966677,6.618124461965635e-05
jtjbb7u6,pgfm,implicit,42,2,340049920,1928.22216796875,444.2861328125,0.4182077646255493,1.2612965106964111,6.880788714624941e-05
jtjbb7u6,pgfm,implicit,42,2,350044160,1930.97412109375,443.400390625,0.4289819300174713,1.2478476762771606,0.000126974468003
jtjbb7u6,pgfm,implicit,42,2,360038400,1933.376953125,443.400390625,0.4169984459877014,1.2517343759536743,0.0001093821338145
jtjbb7u6,pgfm,implicit,42,2,370032640,1932.3192138671875,443.064453125,0.4308280944824219,1.255711317062378,0.0001206542365252
jtjbb7u6,pgfm,implicit,42,2,380026880,1939.765869140625,442.8759765625,0.426670104265213,1.2463451623916626,0.0001403718779329
jtjbb7u6,pgfm,implicit,42,2,390021120,1932.34716796875,442.20703125,0.4301390051841736,1.2512667179107666,0.0001387439406244
jtjbb7u6,pgfm,implicit,42,2,400015360,1950.8836669921875,444.828125,0.4113380312919616,1.2363417148590088,8.610614167992026e-05
jtjbb7u6,pgfm,implicit,42,2,410009600,1940.025634765625,442.5654296875,0.4267609715461731,1.2357797622680664,0.0001371509570162
jtjbb7u6,pgfm,implicit,42,2,420003840,1939.357666015625,441.94140625,0.4413241147994995,1.241407871246338,0.0001529167639091
jtjbb7u6,pgfm,implicit,42,2,430080000,1958.763916015625,445.8642578125,0.4302320182323456,1.234805941581726,1.98291727429023e-05
jtjbb7u6,pgfm,implicit,42,2,440074240,1956.6199951171875,445.69921875,0.431352287530899,1.234679937362671,4.712806548923254e-05
jtjbb7u6,pgfm,implicit,42,2,450068480,1954.3101806640625,444.5791015625,0.4321131110191345,1.2264962196350098,9.451732330489904e-05
jtjbb7u6,pgfm,implicit,42,2,460062720,1955.893798828125,444.197265625,0.4192703366279602,1.2237221002578735,0.0001024744997266
jtjbb7u6,pgfm,implicit,42,2,470056960,1956.02685546875,444.39453125,0.4267903566360473,1.22496235370636,7.580827514175326e-05
jtjbb7u6,pgfm,implicit,42,2,480051200,1958.2412109375,444.5361328125,0.4302155077457428,1.2118958234786987,9.0168890892528e-05
jtjbb7u6,pgfm,implicit,42,2,490045440,1962.427001953125,445.3076171875,0.4335707426071167,1.224136233329773,8.216428977902979e-05
jtjbb7u6,pgfm,implicit,42,2,500039680,1953.2972412109373,442.8662109375,0.4418731927871704,1.21346116065979,0.0001561852259328
jtjbb7u6,pgfm,implicit,42,2,510033920,1950.126953125,442.6845703125,0.4435480237007141,1.2224273681640625,0.0001270165084861
jtjbb7u6,pgfm,implicit,42,2,520028160,1970.64892578125,445.44140625,0.4317358732223511,1.2059136629104614,6.468134233728051e-05
jtjbb7u6,pgfm,implicit,42,2,530022400,1966.6396484375,445.3603515625,0.4239446520805359,1.203036189079285,4.303413152229041e-05
jtjbb7u6,pgfm,implicit,42,2,540016640,1968.355712890625,444.9111328125,0.429981380701065,1.2143665552139282,4.664056541514583e-05
jtjbb7u6,pgfm,implicit,42,2,550010880,1962.62060546875,444.1162109375,0.4276279509067535,1.2091269493103027,8.849744335748255e-05
jtjbb7u6,pgfm,implicit,42,2,560005120,1961.688720703125,443.8935546875,0.4409492015838623,1.2048261165618896,8.297760359710082e-05
jtjbb7u6,pgfm,implicit,42,2,570081280,1967.7506103515625,444.412109375,0.4338205456733703,1.1986933946609497,5.534915180760436e-05
jtjbb7u6,pgfm,implicit,42,2,580075520,1977.439697265625,446.0341796875,0.4419002532958984,1.1934053897857666,2.3685845008003525e-05
jtjbb7u6,pgfm,implicit,42,2,590069760,1969.2059326171875,445.2880859375,0.4363153874874115,1.195617914199829,3.4384767786832526e-05
jtjbb7u6,pgfm,implicit,42,2,600064000,1966.13037109375,444.2880859375,0.4521038234233856,1.208477020263672,6.257747008930892e-05
k4cwiv1u,pgfm,implicit,42,15,10076160,537.845703125,208.72265625,0.4365920424461365,2.594512462615967,0.012090221978724
k4cwiv1u,pgfm,implicit,42,15,20070400,549.3831787109375,197.5673828125,0.5680742859840393,2.474894523620605,0.0124191045761108
k4cwiv1u,pgfm,implicit,42,15,30064640,578.88525390625,205.4365234375,0.5347634553909302,2.46444034576416,0.0107051255181431
k4cwiv1u,pgfm,implicit,42,15,40058880,503.2230224609375,182.685546875,0.5649383068084717,2.37090277671814,0.0113971456885337
k4cwiv1u,pgfm,implicit,42,15,50053120,593.8316040039062,208.33984375,0.5560734272003174,2.364266872406006,0.0095502054318785
k4cwiv1u,pgfm,implicit,42,15,60047360,599.233154296875,213.681640625,0.5853011608123779,2.436345338821411,0.0093990685418248
k4cwiv1u,pgfm,implicit,42,15,70041600,698.2591552734375,241.9326171875,0.5338090658187866,2.399220466613769,0.0076609761454164
k4cwiv1u,pgfm,implicit,42,15,80035840,737.127197265625,251.890625,0.5515202283859253,2.453230381011963,0.007233721204102
k4cwiv1u,pgfm,implicit,42,15,90030080,705.5115966796875,244.50390625,0.5449904203414917,2.3704402446746826,0.0076806098222732
k4cwiv1u,pgfm,implicit,42,15,100024320,755.0957641601562,260.958984375,0.5519833564758301,2.3363707065582275,0.0070918994024395
k4cwiv1u,pgfm,implicit,42,15,110018560,743.6832275390625,256.98828125,0.5707521438598633,2.3684372901916504,0.0068761613219976
k4cwiv1u,pgfm,implicit,42,15,120012800,808.8800048828125,270.521484375,0.5566030740737915,2.3049230575561523,0.006304389797151
k4cwiv1u,pgfm,implicit,42,15,130007040,809.930908203125,267.98828125,0.5269320011138916,2.261137008666992,0.0064378594979643
k4cwiv1u,pgfm,implicit,42,15,140001280,820.8556518554688,268.828125,0.4837263524532318,2.1850528717041016,0.0063155861571431
k4cwiv1u,pgfm,implicit,42,15,150077440,829.5413818359375,272.34765625,0.4924645721912384,2.1724331378936768,0.0062050465494394
k4cwiv1u,pgfm,implicit,42,15,160071680,830.2661743164062,273.1611328125,0.5002114176750183,2.146606922149658,0.0061096348799765
k4cwiv1u,pgfm,implicit,42,15,170065920,872.1043701171875,274.40625,0.4731919765472412,2.0567786693573,0.0057129580527544
k4cwiv1u,pgfm,implicit,42,15,180060160,786.6304321289062,253.71484375,0.4969077110290527,2.03809118270874,0.0065840655006468
k4cwiv1u,pgfm,implicit,42,15,190054400,930.4884033203124,283.412109375,0.4761410355567932,1.9550220966339111,0.0054310387931764
k4cwiv1u,pgfm,implicit,42,15,200048640,914.666259765625,281.0419921875,0.4942700266838074,1.9563000202178955,0.0053866216912865
k4cwiv1u,pgfm,implicit,42,15,210042880,956.445068359375,286.1259765625,0.4844545722007751,1.9614195823669436,0.0053128218278288
k4cwiv1u,pgfm,implicit,42,15,220037120,941.876220703125,281.8798828125,0.4804785549640655,1.906167268753052,0.005543534643948
k4cwiv1u,pgfm,implicit,42,15,230031360,977.8004760742188,290.74609375,0.4491276144981384,1.860381245613098,0.0049431347288191
k4cwiv1u,pgfm,implicit,42,15,240025600,992.3096923828124,288.880859375,0.4592852890491485,1.8138357400894165,0.0050495779141783
k4cwiv1u,pgfm,implicit,42,15,250019840,1010.0164794921876,291.029296875,0.4488717913627624,1.7782641649246216,0.0049613178707659
k4cwiv1u,pgfm,implicit,42,15,260014080,1027.1043701171875,296.7177734375,0.4675186276435852,1.7782970666885376,0.0045464602299034
k4cwiv1u,pgfm,implicit,42,15,270008320,1054.681640625,299.8349609375,0.4990741610527038,1.7819167375564575,0.0044846548698842
k4cwiv1u,pgfm,implicit,42,15,280002560,1059.4302978515625,301.3359375,0.4942526817321777,1.803054690361023,0.0042406432330608
k4cwiv1u,pgfm,implicit,42,15,290078720,1081.274658203125,305.2509765625,0.4820174872875213,1.762392520904541,0.0042802183888852
k4cwiv1u,pgfm,implicit,42,15,300072960,1030.8558349609375,289.708984375,0.5078243017196655,1.7160193920135498,0.0051358481869101
k4cwiv1u,pgfm,implicit,42,15,310067200,1100.258544921875,305.9921875,0.4999337196350097,1.6757121086120603,0.004127278458327
k4cwiv1u,pgfm,implicit,42,15,320061440,1168.6226806640625,322.26953125,0.5123946666717529,1.6578422784805298,0.0036269761621952
k4cwiv1u,pgfm,implicit,42,15,330055680,1186.9678955078125,325.1220703125,0.5189138650894165,1.6468006372451782,0.0035476293414831
k4cwiv1u,pgfm,implicit,42,15,340049920,1212.4091796875,333.0234375,0.5237768292427063,1.6587042808532717,0.0034309094771742
k4cwiv1u,pgfm,implicit,42,15,350044160,1332.0589599609375,359.4833984375,0.5268288850784302,1.6234121322631836,0.0025920218322426
k4cwiv1u,pgfm,implicit,42,15,360038400,1344.362548828125,361.8017578125,0.5165704488754272,1.5890825986862185,0.0025465125218033
k4cwiv1u,pgfm,implicit,42,15,370032640,1312.8302001953125,353.0673828125,0.5131295919418335,1.589811086654663,0.0028349333442747
k4cwiv1u,pgfm,implicit,42,15,380026880,1331.204345703125,353.7109375,0.5017470717430115,1.533454656600952,0.0029229738283902
k4cwiv1u,pgfm,implicit,42,15,390021120,1409.643310546875,369.0390625,0.4923649728298187,1.533043384552002,0.0024341777898371
k4cwiv1u,pgfm,implicit,42,15,400015360,1394.27490234375,367.9384765625,0.4738315939903259,1.532611608505249,0.0023647104389965
k4cwiv1u,pgfm,implicit,42,15,410009600,1450.447265625,379.9267578125,0.4560372233390808,1.517303228378296,0.0020732264965772
k4cwiv1u,pgfm,implicit,42,15,420003840,1455.20458984375,379.8203125,0.4788293242454529,1.5041606426239014,0.0020840223878622
k4cwiv1u,pgfm,implicit,42,15,430080000,1461.03564453125,383.10546875,0.4742815494537353,1.5453474521636963,0.0020072010811418
k4cwiv1u,pgfm,implicit,42,15,440074240,1508.730712890625,389.2275390625,0.4698314070701599,1.5116522312164309,0.0017968697939068
k4cwiv1u,pgfm,implicit,42,15,450068480,1493.074462890625,387.7490234375,0.4717468023300171,1.5459650754928589,0.0017866452690213
k4cwiv1u,pgfm,implicit,42,15,460062720,1514.111572265625,388.701171875,0.4503368735313415,1.4950549602508545,0.001887903898023
k4cwiv1u,pgfm,implicit,42,15,470056960,1500.49658203125,387.7861328125,0.4500810205936432,1.503079175949097,0.0017067964654415
k4cwiv1u,pgfm,implicit,42,15,480051200,1559.0198974609375,396.2236328125,0.4416632056236267,1.479560613632202,0.0015018120175227
k4cwiv1u,pgfm,implicit,42,15,490045440,1501.9549560546875,384.6572265625,0.4637807011604309,1.4951189756393433,0.0018757984507828
k4cwiv1u,pgfm,implicit,42,15,500039680,1554.369873046875,393.978515625,0.453115701675415,1.4776015281677246,0.0016063372604548
k4cwiv1u,pgfm,implicit,42,15,510033920,1537.7191162109375,388.619140625,0.4368386566638946,1.445486545562744,0.0017268827650696
k4cwiv1u,pgfm,implicit,42,15,520028160,1542.81640625,391.8837890625,0.4381715655326843,1.4620938301086426,0.001789070549421
k4cwiv1u,pgfm,implicit,42,15,530022400,1572.1796875,397.8984375,0.43356853723526,1.488243818283081,0.0014066263101994
k4cwiv1u,pgfm,implicit,42,15,540016640,1529.05078125,389.4453125,0.4531591534614563,1.4740800857543943,0.0018051213119179
k4cwiv1u,pgfm,implicit,42,15,550010880,1566.267822265625,396.3017578125,0.4467363953590393,1.4873578548431396,0.0014333847211673
k4cwiv1u,pgfm,implicit,42,15,560005120,1542.22265625,389.81640625,0.441424012184143,1.4649815559387207,0.0017115732189267
k4cwiv1u,pgfm,implicit,42,15,570081280,1597.2431640625,400.8076171875,0.4438458383083343,1.4466427564620972,0.001358943991363
k4cwiv1u,pgfm,implicit,42,15,580075520,1596.9129638671875,399.8212890625,0.4439263045787811,1.4602508544921875,0.0014503670390695
k4cwiv1u,pgfm,implicit,42,15,590069760,1597.72705078125,402.2431640625,0.4573037624359131,1.4944097995758057,0.001342843635939
k4cwiv1u,pgfm,implicit,42,15,600064000,1594.3428955078125,399.1767578125,0.4378157258033752,1.4534523487091064,0.0014293072745203
kwk401pl,pgfm,implicit,42,10,10076160,550.5927734375,214.8720703125,0.4921743869781494,2.641305923461914,0.0129966270178556
kwk401pl,pgfm,implicit,42,10,20070400,590.7613525390625,212.9580078125,0.5475621223449707,2.553709983825684,0.0116641614586114
kwk401pl,pgfm,implicit,42,10,30064640,601.2564697265625,214.775390625,0.5667879581451416,2.541706323623657,0.0107737090438604
kwk401pl,pgfm,implicit,42,10,40058880,556.7980346679688,207.736328125,0.6646326780319214,2.583097457885742,0.010059155523777
kwk401pl,pgfm,implicit,42,10,50053120,537.634033203125,195.791015625,0.6188976764678955,2.397733449935913,0.0102383997291326
kwk401pl,pgfm,implicit,42,10,60047360,646.8992919921875,233.919921875,0.5979087948799133,2.498521327972412,0.0084356535226106
kwk401pl,pgfm,implicit,42,10,70041600,734.3653564453125,247.8603515625,0.5775982737541199,2.396547317504883,0.0078332452103495
kwk401pl,pgfm,implicit,42,10,80035840,723.9495849609375,254.66796875,0.5543777346611023,2.3821730613708496,0.0074038989841938
kwk401pl,pgfm,implicit,42,10,90030080,750.4193115234375,253.1455078125,0.5255218148231506,2.245177745819092,0.0070879096165299
kwk401pl,pgfm,implicit,42,10,100024320,818.7440185546875,267.791015625,0.4989410042762756,2.2100634574890137,0.0063162501901388
kwk401pl,pgfm,implicit,42,10,110018560,793.1643676757812,262.0009765625,0.501970648765564,2.1652936935424805,0.0061188349500298
kwk401pl,pgfm,implicit,42,10,120012800,813.171142578125,264.4892578125,0.5073853731155396,2.1287283897399902,0.0065092388540506
kwk401pl,pgfm,implicit,42,10,130007040,830.0697021484375,266.7294921875,0.4995742440223694,2.0848135948181152,0.0058930763043463
kwk401pl,pgfm,implicit,42,10,140001280,865.7837524414062,270.96875,0.4667159914970398,1.9364967346191408,0.0060565629974007
kwk401pl,pgfm,implicit,42,10,150077440,895.5606689453125,275.5869140625,0.4531624913215637,1.86303186416626,0.0061470703221857
kwk401pl,pgfm,implicit,42,10,160071680,976.6820068359376,288.4248046875,0.4537856578826904,1.881675243377685,0.0050786491483449
kwk401pl,pgfm,implicit,42,10,170065920,979.2576293945312,286.591796875,0.4499429166316986,1.843766927719116,0.0053077163174748
kwk401pl,pgfm,implicit,42,10,180060160,992.2330322265624,290.701171875,0.4495574235916137,1.840033769607544,0.0050112977623939
kwk401pl,pgfm,implicit,42,10,190054400,1025.197021484375,296.37109375,0.4585698246955871,1.7982275485992432,0.0047727478668093
kwk401pl,pgfm,implicit,42,10,200048640,1038.2816162109375,297.359375,0.4427462220191955,1.734589695930481,0.0047469260171055
kwk401pl,pgfm,implicit,42,10,210042880,1036.761962890625,295.6884765625,0.4448906779289245,1.7284526824951172,0.0046985438093543
kwk401pl,pgfm,implicit,42,10,220037120,1096.91162109375,308.5810546875,0.4314886033535003,1.6797549724578855,0.0042577814310789
kwk401pl,pgfm,implicit,42,10,230031360,1191.845458984375,327.40625,0.4311023950576782,1.65390944480896,0.0035126865841448
kwk401pl,pgfm,implicit,42,10,240025600,1221.807373046875,330.3671875,0.4440978169441223,1.6267530918121338,0.0033985930494964
kwk401pl,pgfm,implicit,42,10,250019840,1264.4541015625,339.384765625,0.4495241045951843,1.5808918476104736,0.0032542692497372
kwk401pl,pgfm,implicit,42,10,260014080,1374.0391845703125,363.478515625,0.4377776980400085,1.5284925699234009,0.0024602112825959
kwk401pl,pgfm,implicit,42,10,270008320,1397.2625732421875,366.60546875,0.4484181404113769,1.5098426342010498,0.0024594538845121
kwk401pl,pgfm,implicit,42,10,280002560,1435.552978515625,374.00390625,0.4287550449371338,1.4901247024536133,0.0023814132437109
kwk401pl,pgfm,implicit,42,10,290078720,1419.3348388671875,365.1826171875,0.4329861402511596,1.4843943119049072,0.0025229542516171
kwk401pl,pgfm,implicit,42,10,300072960,1445.2919921875,373.4658203125,0.4465495347976684,1.535165309906006,0.0023103645071387
kwk401pl,pgfm,implicit,42,10,310067200,1535.394775390625,390.3564453125,0.4384646415710449,1.471548080444336,0.001680911052972
kwk401pl,pgfm,implicit,42,10,320061440,1551.161865234375,394.8603515625,0.4370180964469909,1.4811890125274658,0.0016247967723757
kwk401pl,pgfm,implicit,42,10,330055680,1547.39453125,391.7890625,0.4392328262329101,1.4771803617477417,0.0017337079625576
kwk401pl,pgfm,implicit,42,10,340049920,1552.9090576171875,393.005859375,0.4384506344795227,1.460516095161438,0.0016842597397044
kwk401pl,pgfm,implicit,42,10,350044160,1585.4404296875,399.7744140625,0.4519225358963012,1.4623723030090332,0.0014406605623662
kwk401pl,pgfm,implicit,42,10,360038400,1594.567138671875,399.4755859375,0.4438219666481018,1.4776991605758667,0.0014328643446788
kwk401pl,pgfm,implicit,42,10,370032640,1614.708251953125,403.8017578125,0.4412289261817932,1.4682037830352783,0.0012823625002056
kwk401pl,pgfm,implicit,42,10,380026880,1629.638671875,404.4296875,0.4343261122703552,1.457540512084961,0.0012569389073178
kwk401pl,pgfm,implicit,42,10,390021120,1654.443359375,408.4267578125,0.4188042879104614,1.4184448719024658,0.0011293371208012
kwk401pl,pgfm,implicit,42,10,400015360,1665.421630859375,410.4326171875,0.4207507967948913,1.4084036350250244,0.0011462850961834
kwk401pl,pgfm,implicit,42,10,410009600,1664.684326171875,410.6240234375,0.4267522692680359,1.4147512912750244,0.0011202073656022
kwk401pl,pgfm,implicit,42,10,420003840,1666.15478515625,408.4296875,0.442896693944931,1.4074243307113647,0.0011677714064717
kwk401pl,pgfm,implicit,42,10,430080000,1652.451904296875,407.75,0.4370068907737732,1.4348750114440918,0.0012038275599479
kwk401pl,pgfm,implicit,42,10,440074240,1670.00146484375,408.42578125,0.444673478603363,1.399927258491516,0.0011855867924168
kwk401pl,pgfm,implicit,42,10,450068480,1671.671142578125,411.7939453125,0.4500318169593811,1.4238008260726929,0.0010979146463796
kwk401pl,pgfm,implicit,42,10,460062720,1686.00390625,412.5771484375,0.4374175071716308,1.412358045578003,0.0010019612964242
kwk401pl,pgfm,implicit,42,10,470056960,1708.54931640625,417.828125,0.4430936276912689,1.407192587852478,0.0008972840150818
kwk401pl,pgfm,implicit,42,10,480051200,1681.699951171875,410.470703125,0.4424917101860046,1.3877958059310913,0.0010443265782669
kwk401pl,pgfm,implicit,42,10,490045440,1695.322998046875,412.033203125,0.4362064599990845,1.3765283823013306,0.0010079811327159
kwk401pl,pgfm,implicit,42,10,500039680,1727.1724853515625,417.833984375,0.440513551235199,1.381860852241516,0.0008080599363893
kwk401pl,pgfm,implicit,42,10,510033920,1743.8978271484375,421.9228515625,0.4440513849258423,1.4015841484069824,0.0007087116828188
kwk401pl,pgfm,implicit,42,10,520028160,1756.806640625,422.9931640625,0.4263272285461426,1.3628325462341309,0.0006746047874912
kwk401pl,pgfm,implicit,42,10,530022400,1739.10986328125,421.8046875,0.443721204996109,1.3868378400802612,0.000753222964704
kwk401pl,pgfm,implicit,42,10,540016640,1735.6444091796875,418.6875,0.4524755775928497,1.3849635124206543,0.0008096877718344
kwk401pl,pgfm,implicit,42,10,550010880,1745.7734375,420.59375,0.4437308311462402,1.376751184463501,0.0007934958557598
kwk401pl,pgfm,implicit,42,10,560005120,1763.830078125,423.509765625,0.4379392564296722,1.359001636505127,0.0006731625762768
kwk401pl,pgfm,implicit,42,10,570081280,1774.4718017578125,424.6240234375,0.4381668269634247,1.3490653038024902,0.0006222748779691
kwk401pl,pgfm,implicit,42,10,580075520,1766.842529296875,423.7958984375,0.4507718384265899,1.3705796003341677,0.0006820597918704
kwk401pl,pgfm,implicit,42,10,590069760,1791.480224609375,426.9697265625,0.4488752484321594,1.3453736305236816,0.0005686371587216
kwk401pl,pgfm,implicit,42,10,600064000,1775.4158935546875,423.8505859375,0.4361971020698547,1.3509052991867063,0.0006613192381337
lxgp2zfn,pgfm,implicit,42,50,10076160,474.63677978515625,202.5498046875,0.5797978639602661,2.804150342941284,0.0116095943376421
lxgp2zfn,pgfm,implicit,42,50,20070400,521.198486328125,205.0029296875,0.5189143419265747,2.5950734615325928,0.0110481847077608
lxgp2zfn,pgfm,implicit,42,50,30064640,590.3856201171875,220.7568359375,0.51214998960495,2.537564754486084,0.0091278264299035
lxgp2zfn,pgfm,implicit,42,50,40058880,591.6149291992188,218.603515625,0.5218388438224792,2.481297492980957,0.0091203935444355
lxgp2zfn,pgfm,implicit,42,50,50053120,567.050537109375,208.6044921875,0.4936127066612243,2.3884739875793457,0.0090613067150115
lxgp2zfn,pgfm,implicit,42,50,60047360,607.1339721679688,220.2177734375,0.5316506624221802,2.513383626937866,0.0082035008817911
lxgp2zfn,pgfm,implicit,42,50,70041600,631.1851806640625,228.3623046875,0.4862714409828186,2.4117989540100098,0.007883746176958
lxgp2zfn,pgfm,implicit,42,50,80035840,587.250732421875,215.900390625,0.4835949242115021,2.424387216567993,0.0078087942674756
lxgp2zfn,pgfm,implicit,42,50,90030080,615.228759765625,223.7890625,0.4764804244041443,2.419484615325928,0.0078272651880979
lxgp2zfn,pgfm,implicit,42,50,100024320,597.1732177734375,215.306640625,0.4698075950145721,2.403277635574341,0.0077588981948792
lxgp2zfn,pgfm,implicit,42,50,110018560,681.8413696289062,238.287109375,0.4596403241157532,2.4843759536743164,0.0066859908401966
lxgp2zfn,pgfm,implicit,42,50,120012800,684.64111328125,240.0927734375,0.4920874238014221,2.471127510070801,0.0068853846751153
lxgp2zfn,pgfm,implicit,42,50,130007040,666.548828125,232.8759765625,0.4716084897518158,2.424415111541748,0.0071050599217414
lxgp2zfn,pgfm,implicit,42,50,140001280,682.78759765625,239.1181640625,0.5140632390975952,2.511181116104126,0.0067588882520794
lxgp2zfn,pgfm,implicit,42,50,150077440,701.3718872070312,247.40625,0.5039660930633545,2.530266761779785,0.0065358476713299
lxgp2zfn,pgfm,implicit,42,50,160071680,713.7587890625,252.875,0.5103502869606018,2.4719467163085938,0.0063924277201294
lxgp2zfn,pgfm,implicit,42,50,170065920,744.1268310546875,260.5908203125,0.4932600855827331,2.4806020259857178,0.0057709645479917
lxgp2zfn,pgfm,implicit,42,50,180060160,754.848388671875,261.5537109375,0.5371189713478088,2.462277412414551,0.0058691692538559
lxgp2zfn,pgfm,implicit,42,50,190054400,771.0770263671875,269.9462890625,0.5463638305664062,2.5300216674804688,0.0055112736299633
lxgp2zfn,pgfm,implicit,42,50,200048640,759.92431640625,258.9892578125,0.5561270713806152,2.4410717487335205,0.0060512451454997
lxgp2zfn,pgfm,implicit,42,50,210042880,795.8822021484375,272.8115234375,0.5467418432235718,2.4377100467681885,0.0054503981955349
lxgp2zfn,pgfm,implicit,42,50,220037120,786.2786865234375,269.2509765625,0.5250810384750366,2.389540195465088,0.005624066106975
lxgp2zfn,pgfm,implicit,42,50,230031360,789.758056640625,266.693359375,0.5246044993400574,2.379056453704834,0.0054649887606501
lxgp2zfn,pgfm,implicit,42,50,240025600,796.259033203125,269.9560546875,0.5483525991439819,2.4313063621521,0.005468379240483
lxgp2zfn,pgfm,implicit,42,50,250019840,763.814453125,264.458984375,0.5456452965736389,2.44108510017395,0.0057646799832582
lxgp2zfn,pgfm,implicit,42,50,260014080,800.37841796875,275.87890625,0.5499192476272583,2.441902637481689,0.0054589621722698
lxgp2zfn,pgfm,implicit,42,50,270008320,795.5708618164062,270.693359375,0.5317082405090332,2.3908095359802246,0.0055102007463574
lxgp2zfn,pgfm,implicit,42,50,280002560,822.92919921875,277.5849609375,0.5171641707420349,2.373551845550537,0.0051002730615437
lxgp2zfn,pgfm,implicit,42,50,290078720,816.2364501953125,274.5166015625,0.5562055706977844,2.410656213760376,0.0051105357706546
lxgp2zfn,pgfm,implicit,42,50,300072960,817.562255859375,274.00390625,0.545291006565094,2.340946674346924,0.0052653676830232
lxgp2zfn,pgfm,implicit,42,50,310067200,804.4439697265625,272.5107421875,0.5682768225669861,2.3651223182678223,0.0053769657388329
lxgp2zfn,pgfm,implicit,42,50,320061440,794.0928955078125,274.568359375,0.588167667388916,2.4463160037994385,0.0050133913755416
lxgp2zfn,pgfm,implicit,42,50,330055680,801.3350830078125,274.3662109375,0.5499227046966553,2.3857741355896,0.0049552829004824
lxgp2zfn,pgfm,implicit,42,50,340049920,789.0267944335938,266.203125,0.5575156211853027,2.3134264945983887,0.005387507379055
lxgp2zfn,pgfm,implicit,42,50,350044160,817.905517578125,278.44140625,0.5750092267990112,2.3610739707946777,0.0049283225089311
lxgp2zfn,pgfm,implicit,42,50,360038400,790.996337890625,267.255859375,0.5641366839408875,2.331667184829712,0.0054044420830905
lxgp2zfn,pgfm,implicit,42,50,370032640,818.572021484375,274.5634765625,0.5816121697425842,2.306967735290528,0.0051284562796354
lxgp2zfn,pgfm,implicit,42,50,380026880,806.5216674804688,271.0546875,0.5706130862236023,2.269843339920044,0.0050978702493011
lxgp2zfn,pgfm,implicit,42,50,390021120,834.91162109375,276.9560546875,0.6097865700721741,2.325081825256348,0.0048684636130928
lxgp2zfn,pgfm,implicit,42,50,400015360,824.1038818359375,276.4326171875,0.5971059799194336,2.2744274139404297,0.0052283005788922
lxgp2zfn,pgfm,implicit,42,50,410009600,818.142822265625,275.3740234375,0.6439434885978699,2.3403263092041016,0.0050994828343391
lxgp2zfn,pgfm,implicit,42,50,420003840,821.7611083984375,275.8505859375,0.6151556968688965,2.3192358016967773,0.0050703538581728
lxgp2zfn,pgfm,implicit,42,50,430080000,844.4976806640625,280.8134765625,0.6023282408714294,2.35571813583374,0.005022426135838
lxgp2zfn,pgfm,implicit,42,50,440074240,851.728515625,279.7138671875,0.639846682548523,2.3064286708831787,0.0050812014378607
lxgp2zfn,pgfm,implicit,42,50,450068480,850.8277587890625,277.427734375,0.6324448585510254,2.281801700592041,0.0049463901668787
lxgp2zfn,pgfm,implicit,42,50,460062720,865.8837280273438,285.9150390625,0.6299424171447754,2.294628143310547,0.0047459658235311
lxgp2zfn,pgfm,implicit,42,50,470056960,867.1939697265625,284.2333984375,0.6256948709487915,2.2712650299072266,0.0048070969060063
lxgp2zfn,pgfm,implicit,42,50,480051200,858.757568359375,282.21875,0.6306676864624023,2.3277347087860107,0.0047361636534333
lxgp2zfn,pgfm,implicit,42,50,490045440,843.0079345703125,274.24609375,0.6671291589736938,2.247144222259521,0.0050252089276909
lxgp2zfn,pgfm,implicit,42,50,500039680,845.9658813476562,281.1005859375,0.6329793930053711,2.267565488815308,0.0047129411250352
lxgp2zfn,pgfm,implicit,42,50,510033920,820.6231689453125,272.2490234375,0.6913442015647888,2.280059099197388,0.004975002259016
lxgp2zfn,pgfm,implicit,42,50,520028160,850.195068359375,279.462890625,0.6608058214187622,2.2730462551116943,0.0048409807495772
lxgp2zfn,pgfm,implicit,42,50,530022400,859.4443969726562,282.3046875,0.6634654402732849,2.332557678222656,0.0047806021757423
lxgp2zfn,pgfm,implicit,42,50,540016640,846.7555541992188,279.896484375,0.6801794767379761,2.2936325073242188,0.0045788586139678
lxgp2zfn,pgfm,implicit,42,50,550010880,884.6974487304688,289.6904296875,0.6870571374893188,2.282479763031006,0.0043177055194973
lxgp2zfn,pgfm,implicit,42,50,560005120,888.960693359375,289.66796875,0.698766827583313,2.2971413135528564,0.0044244490563869
lxgp2zfn,pgfm,implicit,42,50,570081280,864.9942626953125,284.4169921875,0.6913552284240723,2.3101933002471924,0.0045507606118917
lxgp2zfn,pgfm,implicit,42,50,580075520,887.299560546875,288.9658203125,0.681900143623352,2.2414097785949707,0.0044178110547363
lxgp2zfn,pgfm,implicit,42,50,590069760,884.9454345703125,287.068359375,0.6674288511276245,2.2117223739624023,0.0045267203822731
lxgp2zfn,pgfm,implicit,42,50,600064000,850.0670166015625,283.49609375,0.7263671159744263,2.3330743312835693,0.0046450109221041
mwaeczx8,pgfm,implicit,42,1,10076160,644.1044921875,244.5390625,0.3931218683719635,2.685173511505127,0.008524214848876
mwaeczx8,pgfm,implicit,42,1,20070400,690.906005859375,240.287109375,0.4885771572589874,2.431790828704834,0.0084326295182108
mwaeczx8,pgfm,implicit,42,1,30064640,793.0135498046875,266.8369140625,0.4597302377223968,2.203805685043335,0.007455710787326
mwaeczx8,pgfm,implicit,42,1,40058880,858.9002685546875,272.13671875,0.4290641844272613,2.0266759395599365,0.0067762238904833
mwaeczx8,pgfm,implicit,42,1,50053120,922.4249267578124,284.3466796875,0.4234990179538727,1.9474449157714844,0.005672057159245
mwaeczx8,pgfm,implicit,42,1,60047360,962.55810546875,285.6337890625,0.432806521654129,1.8067400455474851,0.0057400302030146
mwaeczx8,pgfm,implicit,42,1,70041600,1056.85107421875,300.0947265625,0.4212948679924011,1.7273218631744385,0.0045273872092366
mwaeczx8,pgfm,implicit,42,1,80035840,1056.078125,300.85546875,0.4342944025993347,1.740293264389038,0.0043727559968829
mwaeczx8,pgfm,implicit,42,1,90030080,1207.2913818359375,338.220703125,0.4241350293159485,1.7335257530212402,0.0030161258764564
mwaeczx8,pgfm,implicit,42,1,100024320,1301.758544921875,360.7060546875,0.4901094436645508,1.7904131412506104,0.0024932869710028
mwaeczx8,pgfm,implicit,42,1,110018560,1434.919677734375,386.4150390625,0.4749027788639068,1.6848604679107666,0.0017038994701579
mwaeczx8,pgfm,implicit,42,1,120012800,1531.385498046875,397.822265625,0.4722880721092224,1.5898823738098145,0.0013679293915629
mwaeczx8,pgfm,implicit,42,1,130007040,1597.542724609375,407.7919921875,0.4564753770828247,1.5227946043014526,0.0010739406570792
mwaeczx8,pgfm,implicit,42,1,140001280,1685.8653564453125,420.78515625,0.4393534064292907,1.4452787637710571,0.0007275047246366
mwaeczx8,pgfm,implicit,42,1,150077440,1764.615234375,431.048828125,0.4413605630397796,1.42039954662323,0.0004623890272341
mwaeczx8,pgfm,implicit,42,1,160071680,1811.70263671875,437.1708984375,0.4378029406070709,1.3844294548034668,0.0002877740189433
mwaeczx8,pgfm,implicit,42,1,170065920,1827.0521240234373,436.1904296875,0.4300966262817383,1.3559541702270508,0.0003026988706551
mwaeczx8,pgfm,implicit,42,1,180060160,1863.4730224609373,441.7587890625,0.4250562787055969,1.3306041955947876,0.0001438354083802
mwaeczx8,pgfm,implicit,42,1,190054400,1865.1578369140625,439.931640625,0.435625672340393,1.3278340101242063,0.0002387249551247
mwaeczx8,pgfm,implicit,42,1,200048640,1885.7862548828125,440.7568359375,0.4128144383430481,1.3005857467651367,0.0001615161600057
mwaeczx8,pgfm,implicit,42,1,210042880,1897.2529296875,442.294921875,0.4240256547927856,1.3108452558517456,0.0001266867038793
mwaeczx8,pgfm,implicit,42,1,220037120,1888.306396484375,439.6591796875,0.4278709888458252,1.3028405904769895,0.000190063539776
mwaeczx8,pgfm,implicit,42,1,230031360,1907.0782470703125,442.8642578125,0.4160090684890747,1.2927581071853638,0.0001267679908778
mwaeczx8,pgfm,implicit,42,1,240025600,1922.856201171875,444.7998046875,0.4114950299263,1.280124545097351,8.384385728277266e-05
mwaeczx8,pgfm,implicit,42,1,250019840,1924.7255859375,443.8125,0.4114960432052612,1.2640013694763184,0.0001096274645533
mwaeczx8,pgfm,implicit,42,1,260014080,1931.6890869140625,445.0029296875,0.4107863306999206,1.274432897567749,4.764940240420401e-05
mwaeczx8,pgfm,implicit,42,1,270008320,1927.1495361328125,442.9228515625,0.4153790175914764,1.2605509757995603,0.0001087677155737
mwaeczx8,pgfm,implicit,42,1,280002560,1934.3448486328125,445.1123046875,0.4167225360870361,1.2776620388031006,4.842160706175491e-05
mwaeczx8,pgfm,implicit,42,1,290078720,1946.7919921875,445.3486328125,0.4134178757667541,1.2475242614746094,7.36465080990456e-05
mwaeczx8,pgfm,implicit,42,1,300072960,1941.505126953125,444.5419921875,0.4142460227012634,1.244262456893921,5.702360795112327e-05
mwaeczx8,pgfm,implicit,42,1,310067200,1940.2646484375,443.69921875,0.4162919521331787,1.2565540075302124,7.795016426825896e-05
mwaeczx8,pgfm,implicit,42,1,320061440,1939.3511962890625,443.51953125,0.4138907790184021,1.239922285079956,9.038830467034133e-05
mwaeczx8,pgfm,implicit,42,1,330055680,1940.615234375,443.251953125,0.4151035249233246,1.2364044189453125,8.399150829063728e-05
mwaeczx8,pgfm,implicit,42,1,340049920,1949.226318359375,443.8896484375,0.4190375804901123,1.2228716611862185,7.52324122004211e-05
mwaeczx8,pgfm,implicit,42,1,350044160,1962.0693359375,446.0595703125,0.4224937558174133,1.2137839794158936,1.9863135094055903e-05
mwaeczx8,pgfm,implicit,42,1,360038400,1951.536865234375,443.98046875,0.4232974946498871,1.2347332239151,0.0001044010132318
mwaeczx8,pgfm,implicit,42,1,370032640,1944.47802734375,442.4365234375,0.4258074760437011,1.2273197174072266,0.0001525286061223
mwaeczx8,pgfm,implicit,42,1,380026880,1950.7548828125,443.0673828125,0.4157268404960632,1.212280035018921,0.0001125105918617
mwaeczx8,pgfm,implicit,42,1,390021120,1953.3289794921875,443.6513671875,0.4197718501091003,1.219391107559204,0.0001235775271197
mwaeczx8,pgfm,implicit,42,1,400015360,1957.258544921875,443.4658203125,0.4224061369895935,1.2116427421569824,0.0001013845540001
mwaeczx8,pgfm,implicit,42,1,410009600,1963.491943359375,444.392578125,0.4169720411300659,1.2185722589492798,8.586698095314205e-05
mwaeczx8,pgfm,implicit,42,1,420003840,1969.028564453125,445.6064453125,0.4105540513992309,1.2114624977111816,6.455627590185031e-05
mwaeczx8,pgfm,implicit,42,1,430080000,1967.707275390625,445.0673828125,0.4164163470268249,1.2220202684402466,4.560757224680856e-05
mwaeczx8,pgfm,implicit,42,1,440074240,1968.4991455078125,445.4169921875,0.4231124520301819,1.2003010511398315,3.8228623452596366e-05
mwaeczx8,pgfm,implicit,42,1,450068480,1971.81982421875,445.701171875,0.4205367565155029,1.2086002826690674,2.5749061023816463e-05
mwaeczx8,pgfm,implicit,42,1,460062720,1952.689208984375,441.3935546875,0.4315245449542999,1.1956905126571655,0.0001513266761321
mwaeczx8,pgfm,implicit,42,1,470056960,1962.521728515625,442.6982421875,0.4294139742851257,1.18561053276062,0.0001552130997879
mwaeczx8,pgfm,implicit,42,1,480051200,1969.9415283203125,444.6787109375,0.432918906211853,1.195545673370361,7.010660192463547e-05
mwaeczx8,pgfm,implicit,42,1,490045440,1966.344970703125,444.267578125,0.4386466741561889,1.201982498168945,9.726372081786394e-05
mwaeczx8,pgfm,implicit,42,1,500039680,1982.374267578125,446.5048828125,0.4249962866306305,1.1778970956802368,1.5024248568806796e-05
mwaeczx8,pgfm,implicit,42,1,510033920,1983.37353515625,446.4130859375,0.4364320039749145,1.1898213624954224,1.6213783965213224e-05
mwaeczx8,pgfm,implicit,42,1,520028160,1980.443115234375,444.921875,0.4352214634418487,1.171588897705078,5.4412354074884206e-05
mwaeczx8,pgfm,implicit,42,1,530022400,1978.8292236328125,444.578125,0.4279000759124756,1.1740903854370115,8.923546556616202e-05
mwaeczx8,pgfm,implicit,42,1,540016640,1973.2139892578125,443.6298828125,0.4382966160774231,1.1766560077667236,0.0001133266559918
mwaeczx8,pgfm,implicit,42,1,550010880,1987.9345703125,446.4326171875,0.4281501770019531,1.1750693321228027,9.85128826869186e-06
mwaeczx8,pgfm,implicit,42,1,560005120,1984.876953125,445.748046875,0.4379862546920776,1.168038249015808,5.5008498748065904e-05
mwaeczx8,pgfm,implicit,42,1,570081280,1990.601806640625,446.7490234375,0.4396977722644806,1.174802303314209,2.822434908011928e-06
mwaeczx8,pgfm,implicit,42,1,580075520,1990.46875,446.3525390625,0.4377972483634949,1.1636873483657837,1.3609034795081245e-05
mwaeczx8,pgfm,implicit,42,1,590069760,1985.270263671875,445.375,0.4488569796085357,1.161593675613403,3.5403365473030135e-05
mwaeczx8,pgfm,implicit,42,1,600064000,1990.12890625,446.470703125,0.4489281773567199,1.1682846546173096,8.965378583525307e-06
tb05rkir,pgfm,implicit,42,70,10076160,391.1851806640625,169.51953125,0.5937570333480835,2.6625189781188965,0.0122098755091428
tb05rkir,pgfm,implicit,42,70,20070400,525.9183349609375,204.7490234375,0.494439035654068,2.6206390857696533,0.0105815371498465
tb05rkir,pgfm,implicit,42,70,30064640,484.03704833984375,183.1552734375,0.4851499497890472,2.44856858253479,0.0108899315819144
tb05rkir,pgfm,implicit,42,70,40058880,495.3631591796875,185.23828125,0.5208929777145386,2.367364883422852,0.0104925315827131
tb05rkir,pgfm,implicit,42,70,50053120,514.86474609375,191.8515625,0.4803241491317749,2.354328155517578,0.0095584187656641
tb05rkir,pgfm,implicit,42,70,60047360,597.1775512695312,220.138671875,0.4580964148044586,2.4925265312194824,0.0080005824565887
tb05rkir,pgfm,implicit,42,70,70041600,520.2413330078125,190.505859375,0.4747103154659271,2.3975071907043457,0.0087417997419834
tb05rkir,pgfm,implicit,42,70,80035840,572.2765502929688,205.7646484375,0.4773039221763611,2.4249072074890137,0.0079043777659535
tb05rkir,pgfm,implicit,42,70,90030080,594.7533569335938,218.6181640625,0.4489310979843139,2.416886568069458,0.0077233063057065
tb05rkir,pgfm,implicit,42,70,100024320,590.8997802734375,221.251953125,0.470908910036087,2.4042418003082275,0.0074717076495289
tb05rkir,pgfm,implicit,42,70,110018560,632.1319580078125,232.16796875,0.458497405052185,2.41200852394104,0.0071345716714859
tb05rkir,pgfm,implicit,42,70,120012800,575.8336181640625,207.2724609375,0.4779037237167358,2.466533660888672,0.0074577676132321
tb05rkir,pgfm,implicit,42,70,130007040,593.3623046875,215.091796875,0.4898548722267151,2.44412899017334,0.0072091338224709
tb05rkir,pgfm,implicit,42,70,140001280,612.2449951171875,217.888671875,0.4910781383514404,2.4704434871673584,0.0071183587424457
tb05rkir,pgfm,implicit,42,70,150077440,610.4359130859375,218.609375,0.4879007637500763,2.429790735244751,0.0070430203340947
tb05rkir,pgfm,implicit,42,70,160071680,674.9666137695312,243.1748046875,0.4979894459247589,2.412165403366089,0.0061720702797174
tb05rkir,pgfm,implicit,42,70,170065920,661.3848266601562,239.6572265625,0.5085786581039429,2.4666452407836914,0.0064814500510692
tb05rkir,pgfm,implicit,42,70,180060160,656.7118530273438,234.048828125,0.4937604069709778,2.3982954025268555,0.0066289179958403
tb05rkir,pgfm,implicit,42,70,190054400,680.9813232421875,245.041015625,0.5082758069038391,2.4311351776123047,0.0060322894714772
tb05rkir,pgfm,implicit,42,70,200048640,716.5054931640625,253.51171875,0.5226761102676392,2.422935962677002,0.0060182837769389
tb05rkir,pgfm,implicit,42,70,210042880,692.1843872070312,239.880859375,0.5156188011169434,2.4329965114593506,0.0060674007982015
tb05rkir,pgfm,implicit,42,70,220037120,700.9970703125,247.8505859375,0.510858416557312,2.442349433898926,0.0058268443681299
tb05rkir,pgfm,implicit,42,70,230031360,691.47216796875,243.72265625,0.5200183391571045,2.449285984039306,0.0060757868923246
tb05rkir,pgfm,implicit,42,70,240025600,735.8506469726562,255.119140625,0.5346606969833374,2.417088270187378,0.0057865972630679
tb05rkir,pgfm,implicit,42,70,250019840,706.617431640625,247.4638671875,0.5517911314964294,2.3856868743896484,0.0060374564491212
tb05rkir,pgfm,implicit,42,70,260014080,726.051513671875,254.6572265625,0.5568195581436157,2.4023091793060303,0.005593760870397
tb05rkir,pgfm,implicit,42,70,270008320,676.5908203125,239.576171875,0.5612928867340088,2.291365146636963,0.0060845990665256
tb05rkir,pgfm,implicit,42,70,280002560,690.2799682617188,237.943359375,0.5386885404586792,2.2413549423217773,0.0062893629074096
tb05rkir,pgfm,implicit,42,70,290078720,731.9261474609375,248.9189453125,0.5274102687835693,2.212852478027344,0.0056702066212892
tb05rkir,pgfm,implicit,42,70,300072960,735.6478271484375,252.072265625,0.5528836250305176,2.36665153503418,0.0056786383502185
tb05rkir,pgfm,implicit,42,70,310067200,764.0902099609375,260.09765625,0.5830285549163818,2.4192686080932617,0.005582695826888
tb05rkir,pgfm,implicit,42,70,320061440,754.0023193359375,256.1943359375,0.5941334962844849,2.4037013053894043,0.0056078131310641
tb05rkir,pgfm,implicit,42,70,330055680,780.9566650390625,262.4853515625,0.5584582090377808,2.351120710372925,0.005446751601994
tb05rkir,pgfm,implicit,42,70,340049920,768.3253173828125,258.6005859375,0.5448389649391174,2.3411741256713867,0.0055894088000059
tb05rkir,pgfm,implicit,42,70,350044160,806.1395263671875,271.4375,0.5286651849746704,2.424078941345215,0.0048765735700726
tb05rkir,pgfm,implicit,42,70,360038400,804.4085693359375,274.236328125,0.5944743752479553,2.422231674194336,0.0049366662278771
tb05rkir,pgfm,implicit,42,70,370032640,776.400634765625,267.0068359375,0.5767928957939148,2.3156371116638184,0.0053151003085076
tb05rkir,pgfm,implicit,42,70,380026880,749.4139404296875,256.2294921875,0.5661882758140564,2.373263359069824,0.0053157163783907
tb05rkir,pgfm,implicit,42,70,390021120,768.08203125,262.29296875,0.6085572242736816,2.354888916015625,0.0054650218226015
tb05rkir,pgfm,implicit,42,70,400015360,774.9002075195312,263.3974609375,0.6058605313301086,2.41648006439209,0.005113014485687
tb05rkir,pgfm,implicit,42,70,410009600,790.9479370117188,265.8798828125,0.5916321277618408,2.416429042816162,0.0052416464313864
tb05rkir,pgfm,implicit,42,70,420003840,769.7296142578125,257.759765625,0.6054876446723938,2.3949294090271,0.0055564884096384
tb05rkir,pgfm,implicit,42,70,430080000,775.7083129882812,264.1328125,0.6091604232788086,2.379176139831543,0.0054187946952879
tb05rkir,pgfm,implicit,42,70,440074240,804.4735107421875,271.056640625,0.6121726036071777,2.403863906860352,0.0049121999181807
tb05rkir,pgfm,implicit,42,70,450068480,790.3580322265625,268.0029296875,0.630954921245575,2.391753673553467,0.0048468871973454
tb05rkir,pgfm,implicit,42,70,460062720,791.1595458984375,268.9189453125,0.621375560760498,2.329772472381592,0.0050496663898229
tb05rkir,pgfm,implicit,42,70,470056960,766.9237670898438,261.7041015625,0.5993908047676086,2.3339669704437256,0.0050463788211345
tb05rkir,pgfm,implicit,42,70,480051200,753.7064208984375,259.9443359375,0.6288998126983643,2.3215811252593994,0.005317136645317
tb05rkir,pgfm,implicit,42,70,490045440,794.1860961914062,269.2744140625,0.6405292749404907,2.3335108757019043,0.0049736141227185
tb05rkir,pgfm,implicit,42,70,500039680,792.0844116210938,268.8427734375,0.6170574426651001,2.355350971221924,0.0049916291609406
tb05rkir,pgfm,implicit,42,70,510033920,801.083740234375,270.8798828125,0.6403423547744751,2.357527017593384,0.0048006456345319
tb05rkir,pgfm,implicit,42,70,520028160,812.0963134765625,273.630859375,0.6384204626083374,2.325317621231079,0.0047236685641109
tb05rkir,pgfm,implicit,42,70,530022400,814.5863037109375,278.1884765625,0.6403464078903198,2.355210304260254,0.0047659683041274
tb05rkir,pgfm,implicit,42,70,540016640,793.3505859375,271.515625,0.7189852595329285,2.4054043292999268,0.0048899324610829
tb05rkir,pgfm,implicit,42,70,550010880,773.96484375,265.1455078125,0.672278881072998,2.3904051780700684,0.0051400088705122
tb05rkir,pgfm,implicit,42,70,560005120,793.1594848632812,272.6220703125,0.6351841688156128,2.393974781036377,0.0049877236597239
tb05rkir,pgfm,implicit,42,70,570081280,803.876953125,270.818359375,0.6471127271652222,2.381350040435791,0.0047580124810338
tb05rkir,pgfm,implicit,42,70,580075520,791.7566528320312,270.1708984375,0.6654516458511353,2.368513584136963,0.0050500049255788
tb05rkir,pgfm,implicit,42,70,590069760,812.6746826171875,273.4833984375,0.6772644519805908,2.392373561859131,0.004918226506561
tb05rkir,pgfm,implicit,42,70,600064000,838.1060791015625,282.578125,0.6733706593513489,2.4334540367126465,0.0044640055857598
th9oxbti,pgfm,implicit,42,5,10076160,595.402587890625,229.0966796875,0.4575451910495758,2.7043685913085938,0.0106291826814413
th9oxbti,pgfm,implicit,42,5,20070400,642.5513916015625,228.076171875,0.5596425533294678,2.621586799621582,0.010780032724142
th9oxbti,pgfm,implicit,42,5,30064640,584.133056640625,203.87890625,0.595030665397644,2.501052141189575,0.0115623623132705
th9oxbti,pgfm,implicit,42,5,40058880,523.6640625,185.14453125,0.6245462894439697,2.447543144226074,0.0110292779281735
th9oxbti,pgfm,implicit,42,5,50053120,687.7308349609375,238.013671875,0.6311146020889282,2.5054194927215576,0.0081949839368462
th9oxbti,pgfm,implicit,42,5,60047360,695.577880859375,247.9677734375,0.6217904686927795,2.4100074768066406,0.0076733492314815
th9oxbti,pgfm,implicit,42,5,70041600,771.3531494140625,258.4140625,0.557951807975769,2.262986183166504,0.0070184362120926
th9oxbti,pgfm,implicit,42,5,80035840,814.8418579101562,261.9482421875,0.5419831275939941,2.191545963287353,0.0073217516764998
th9oxbti,pgfm,implicit,42,5,90030080,887.83642578125,275.21484375,0.4945577681064605,2.066075325012207,0.0061062383465468
th9oxbti,pgfm,implicit,42,5,100024320,893.7891845703125,277.0087890625,0.4832959473133087,2.0198044776916504,0.0056515969336032
th9oxbti,pgfm,implicit,42,5,110018560,930.8098754882812,284.0302734375,0.4663434028625488,2.006446361541748,0.0050475243479013
th9oxbti,pgfm,implicit,42,5,120012800,986.4546508789062,293.4599609375,0.4497348666191101,1.8831241130828855,0.0046746293082833
th9oxbti,pgfm,implicit,42,5,130007040,991.255615234375,288.2392578125,0.4607728123664856,1.8270610570907595,0.0049482095055282
th9oxbti,pgfm,implicit,42,5,140001280,1046.2496337890625,298.576171875,0.4285507798194885,1.789111852645874,0.0043423566967248
th9oxbti,pgfm,implicit,42,5,150077440,1070.98388671875,305.1435546875,0.4246605336666107,1.80182147026062,0.0040485141798853
th9oxbti,pgfm,implicit,42,5,160071680,1141.1962890625,319.3310546875,0.4166498780250549,1.783332347869873,0.0035788444802165
th9oxbti,pgfm,implicit,42,5,170065920,1198.32275390625,328.537109375,0.440114676952362,1.763974666595459,0.0033110498916357
th9oxbti,pgfm,implicit,42,5,180060160,1271.296630859375,342.6142578125,0.4541974365711212,1.704450607299805,0.0028919568285346
th9oxbti,pgfm,implicit,42,5,190054400,1326.2027587890625,353.23828125,0.4800906479358673,1.6456327438354492,0.0025371261872351
th9oxbti,pgfm,implicit,42,5,200048640,1484.8284912109375,386.798828125,0.4701617360115051,1.581905961036682,0.001718558720313
th9oxbti,pgfm,implicit,42,5,210042880,1558.2576904296875,394.240234375,0.4682637453079223,1.4751336574554443,0.0015397857641801
th9oxbti,pgfm,implicit,42,5,220037120,1655.03466796875,412.7861328125,0.4466433227062225,1.4479148387908936,0.0009721374954096
th9oxbti,pgfm,implicit,42,5,230031360,1699.5728759765625,419.546875,0.4418836832046509,1.4436745643615725,0.0007720605935901
th9oxbti,pgfm,implicit,42,5,240025600,1763.61474609375,432.595703125,0.433615505695343,1.4219865798950195,0.0004100379301235
th9oxbti,pgfm,implicit,42,5,250019840,1779.269287109375,433.1474609375,0.4364413917064667,1.4164522886276243,0.0004115298797842
th9oxbti,pgfm,implicit,42,5,260014080,1793.802001953125,435.1884765625,0.4400079548358917,1.3926551342010498,0.000314284407068
th9oxbti,pgfm,implicit,42,5,270008320,1814.0035400390625,436.9931640625,0.4380738437175751,1.3696410655975342,0.0002868105075322
th9oxbti,pgfm,implicit,42,5,280002560,1814.82373046875,436.103515625,0.431909441947937,1.3615028858184814,0.0003000074648298
th9oxbti,pgfm,implicit,42,5,290078720,1821.98828125,437.08203125,0.4246981739997864,1.371464729309082,0.0002640607417561
th9oxbti,pgfm,implicit,42,5,300072960,1824.454345703125,436.44140625,0.4402675032615661,1.372209072113037,0.0002486890298314
th9oxbti,pgfm,implicit,42,5,310067200,1852.13232421875,440.634765625,0.4299697577953338,1.3351507186889648,0.0002042525738943
th9oxbti,pgfm,implicit,42,5,320061440,1845.7733154296875,439.1416015625,0.4326397180557251,1.3384578227996826,0.0002272812853334
th9oxbti,pgfm,implicit,42,5,330055680,1865.8338623046875,441.451171875,0.4284562468528747,1.320560336112976,0.0001359547604806
th9oxbti,pgfm,implicit,42,5,340049920,1874.6953125,440.578125,0.4177687764167785,1.3102848529815674,0.0001864331716205
th9oxbti,pgfm,implicit,42,5,350044160,1870.4437255859373,440.2373046875,0.4099794626235962,1.31370210647583,0.0001874850859167
th9oxbti,pgfm,implicit,42,5,360038400,1876.026123046875,439.947265625,0.4296975135803222,1.304093360900879,0.0002450515166856
th9oxbti,pgfm,implicit,42,5,370032640,1870.554443359375,439.1328125,0.4226395487785339,1.3020485639572144,0.0002246575022581
th9oxbti,pgfm,implicit,42,5,380026880,1874.326904296875,439.3623046875,0.42204549908638,1.314204454421997,0.0002216766588389
th9oxbti,pgfm,implicit,42,5,390021120,1875.11767578125,438.533203125,0.4258996844291687,1.3003239631652832,0.0002270832774229
th9oxbti,pgfm,implicit,42,5,400015360,1875.6845703125,438.83203125,0.4302735328674316,1.310789704322815,0.0002500226837582
th9oxbti,pgfm,implicit,42,5,410009600,1856.999267578125,435.13671875,0.4253703355789184,1.3197890520095823,0.0002867842267733
th9oxbti,pgfm,implicit,42,5,420003840,1898.73681640625,441.33984375,0.4184027314186096,1.2893121242523191,0.0001842266647145
th9oxbti,pgfm,implicit,42,5,430080000,1889.40380859375,440.333984375,0.4246068894863128,1.2831988334655762,0.000208774319617
th9oxbti,pgfm,implicit,42,5,440074240,1903.7313232421875,442.8828125,0.4225172400474548,1.2904090881347656,0.0001180392428068
th9oxbti,pgfm,implicit,42,5,450068480,1888.6966552734373,438.9052734375,0.4306899309158325,1.3159469366073608,0.0002239783498225
th9oxbti,pgfm,implicit,42,5,460062720,1907.155517578125,442.8046875,0.4266803562641144,1.2911537885665894,0.0001262352743651
th9oxbti,pgfm,implicit,42,5,470056960,1886.444580078125,439.4375,0.4219652414321899,1.29728901386261,0.0002268250100314
th9oxbti,pgfm,implicit,42,5,480051200,1894.9449462890625,439.3818359375,0.4216485023498535,1.290706753730774,0.000228370539844
th9oxbti,pgfm,implicit,42,5,490045440,1891.923828125,438.9609375,0.4337773621082306,1.2871648073196411,0.0002260757610201
th9oxbti,pgfm,implicit,42,5,500039680,1916.6434326171875,443.2578125,0.4305843710899353,1.2863454818725586,0.0001085258409148
th9oxbti,pgfm,implicit,42,5,510033920,1914.1077880859373,442.8984375,0.4330636858940124,1.2809679508209229,0.0001346313802059
th9oxbti,pgfm,implicit,42,5,520028160,1911.8494873046875,442.068359375,0.4269936084747314,1.28519606590271,0.0001245487073902
th9oxbti,pgfm,implicit,42,5,530022400,1923.584716796875,443.80078125,0.4280740618705749,1.2669191360473633,0.0001268642372451
th9oxbti,pgfm,implicit,42,5,540016640,1917.17578125,441.9228515625,0.4193248748779297,1.247124433517456,0.0001585385471116
th9oxbti,pgfm,implicit,42,5,550010880,1922.2869873046875,444.0029296875,0.4180780351161957,1.2706072330474854,9.037341078510508e-05
th9oxbti,pgfm,implicit,42,5,560005120,1917.087890625,441.0185546875,0.4278483986854553,1.2630305290222168,0.0001873095607152
th9oxbti,pgfm,implicit,42,5,570081280,1923.9637451171875,442.23046875,0.4240813255310058,1.2556583881378174,0.000156552196131
th9oxbti,pgfm,implicit,42,5,580075520,1920.9979248046875,442.396484375,0.4259465634822845,1.2643287181854248,0.0001444382069166
th9oxbti,pgfm,implicit,42,5,590069760,1925.642333984375,441.53125,0.4340549111366272,1.2545455694198608,0.0001724613830447
th9oxbti,pgfm,implicit,42,5,600064000,1918.3121337890625,441.1923828125,0.434561014175415,1.260127067565918,0.000200128997676
via4qt5i,pgfm,implicit,42,30,10076160,480.8935546875,194.041015625,0.5271843075752258,2.7474679946899414,0.0117582799866795
via4qt5i,pgfm,implicit,42,30,20070400,495.6422119140625,189.677734375,0.5171079635620117,2.5081844329833984,0.0119066182523965
via4qt5i,pgfm,implicit,42,30,30064640,521.0828857421875,195.8701171875,0.5280548334121704,2.431294679641724,0.0105511490255594
via4qt5i,pgfm,implicit,42,30,40058880,561.1864013671875,205.53515625,0.5418349504470825,2.4465484619140625,0.0097411358729004
via4qt5i,pgfm,implicit,42,30,50053120,550.8575439453125,205.7919921875,0.5236924886703491,2.4027109146118164,0.0093001648783683
via4qt5i,pgfm,implicit,42,30,60047360,611.0165405273438,222.2509765625,0.5230268239974976,2.3491203784942627,0.0086540859192609
via4qt5i,pgfm,implicit,42,30,70041600,661.15869140625,238.2568359375,0.5149202346801758,2.46551251411438,0.007370117586106
via4qt5i,pgfm,implicit,42,30,80035840,664.758056640625,240.3818359375,0.5312096476554871,2.4555411338806152,0.0074895527213811
via4qt5i,pgfm,implicit,42,30,90030080,694.2059936523438,252.4814453125,0.5068579912185669,2.423821449279785,0.0070973923429846
via4qt5i,pgfm,implicit,42,30,100024320,711.269287109375,247.953125,0.4931962788105011,2.41890811920166,0.0071270503103733
via4qt5i,pgfm,implicit,42,30,110018560,711.3660888671875,251.7978515625,0.5141679048538208,2.4644269943237305,0.0067197899334132
via4qt5i,pgfm,implicit,42,30,120012800,755.0435180664062,260.1943359375,0.5207456350326538,2.4938032627105717,0.0065059415064752
via4qt5i,pgfm,implicit,42,30,130007040,779.65380859375,266.974609375,0.4719759523868561,2.4009106159210205,0.0061073526740074
via4qt5i,pgfm,implicit,42,30,140001280,756.0419921875,262.9541015625,0.5287460684776306,2.45569372177124,0.006093137897551
via4qt5i,pgfm,implicit,42,30,150077440,808.127685546875,272.4755859375,0.5366693735122681,2.456685304641724,0.0056001627817749
via4qt5i,pgfm,implicit,42,30,160071680,790.269287109375,269.1181640625,0.5274317860603333,2.4219014644622803,0.0057930396869778
via4qt5i,pgfm,implicit,42,30,170065920,765.3240356445312,267.357421875,0.530714213848114,2.436002254486084,0.0057771783322095
via4qt5i,pgfm,implicit,42,30,180060160,795.34912109375,271.0751953125,0.5343824625015259,2.3135874271392822,0.0057915393263101
via4qt5i,pgfm,implicit,42,30,190054400,767.2735595703125,266.50390625,0.5416261553764343,2.3577120304107666,0.0056901527568697
via4qt5i,pgfm,implicit,42,30,200048640,800.8423461914062,267.9453125,0.5249201655387878,2.2318289279937744,0.0060431221500039
via4qt5i,pgfm,implicit,42,30,210042880,791.26171875,264.9033203125,0.5215935707092285,2.27976655960083,0.0057900263927876
via4qt5i,pgfm,implicit,42,30,220037120,796.654052734375,264.6416015625,0.5325891971588135,2.2444896697998047,0.0058088158257305
via4qt5i,pgfm,implicit,42,30,230031360,797.6109619140625,267.4697265625,0.5597860813140869,2.2663912773132324,0.0059330575168132
via4qt5i,pgfm,implicit,42,30,240025600,779.730712890625,263.845703125,0.5603115558624268,2.191502571105957,0.0058491704985499
via4qt5i,pgfm,implicit,42,30,250019840,823.1661376953125,274.8564453125,0.5373697876930237,2.1974337100982666,0.0055188969708979
via4qt5i,pgfm,implicit,42,30,260014080,844.96240234375,280.4833984375,0.536043107509613,2.1847612857818604,0.0051308572292327
via4qt5i,pgfm,implicit,42,30,270008320,839.6316528320312,272.3515625,0.545730710029602,2.143289566040039,0.0055202250368893
via4qt5i,pgfm,implicit,42,30,280002560,822.468017578125,266.390625,0.5364047288894653,2.125491142272949,0.0057500158436596
via4qt5i,pgfm,implicit,42,30,290078720,871.1712646484375,278.5322265625,0.5561387538909912,2.134364604949951,0.0054756887257099
via4qt5i,pgfm,implicit,42,30,300072960,832.0687866210938,275.25,0.5863250494003296,2.1372547149658203,0.0057020056992769
via4qt5i,pgfm,implicit,42,30,310067200,900.8594970703124,282.6455078125,0.5442992448806763,2.081875801086426,0.0048663327470421
via4qt5i,pgfm,implicit,42,30,320061440,842.9927978515625,264.984375,0.5270967483520508,2.095556259155273,0.0055252723395824
via4qt5i,pgfm,implicit,42,30,330055680,886.0914306640625,275.1279296875,0.5115064978599548,2.028207540512085,0.0055143535137176
via4qt5i,pgfm,implicit,42,30,340049920,897.573486328125,274.537109375,0.5194869041442871,1.9812713861465452,0.0055175689049065
via4qt5i,pgfm,implicit,42,30,350044160,892.0012817382812,280.1474609375,0.5224865674972534,2.051858901977539,0.0050547644495964
via4qt5i,pgfm,implicit,42,30,360038400,939.7780151367188,286.19140625,0.5197833180427551,1.9690366983413696,0.0050009367987513
via4qt5i,pgfm,implicit,42,30,370032640,888.6210327148438,277.15234375,0.5212923288345337,1.9977753162384035,0.005276178009808
via4qt5i,pgfm,implicit,42,30,380026880,880.7406005859375,273.1279296875,0.5304608345031738,1.9852745532989504,0.0053440751507878
via4qt5i,pgfm,implicit,42,30,390021120,867.6889038085938,273.8701171875,0.5515321493148804,1.9804558753967283,0.0051837898790836
via4qt5i,pgfm,implicit,42,30,400015360,911.7841796875,281.6865234375,0.532600462436676,1.9716806411743164,0.0050109652802348
via4qt5i,pgfm,implicit,42,30,410009600,923.4904174804688,279.6826171875,0.5361282825469971,1.9447832107543943,0.0051251370459795
via4qt5i,pgfm,implicit,42,30,420003840,946.468505859375,287.9267578125,0.5079677104949951,1.9207367897033687,0.0048752585425972
via4qt5i,pgfm,implicit,42,30,430080000,933.3878173828124,284.1806640625,0.5343315601348877,1.9132134914398196,0.00493915239349
via4qt5i,pgfm,implicit,42,30,440074240,936.14453125,285.3642578125,0.5364272594451904,1.9282159805297847,0.0049106534570455
via4qt5i,pgfm,implicit,42,30,450068480,900.11376953125,281.7470703125,0.5302753448486328,1.9333467483520508,0.0048560304567217
via4qt5i,pgfm,implicit,42,30,460062720,928.78369140625,286.529296875,0.5507010221481323,1.9186899662017824,0.0047042379155755
via4qt5i,pgfm,implicit,42,30,470056960,930.5819091796876,284.392578125,0.5464626550674438,1.932185173034668,0.0049090664833784
via4qt5i,pgfm,implicit,42,30,480051200,961.8214111328124,293.4892578125,0.5533076524734497,1.9625177383422847,0.0045404555276036
via4qt5i,pgfm,implicit,42,30,490045440,984.6578369140624,292.7568359375,0.5190623998641968,1.943486213684082,0.0043898383155465
via4qt5i,pgfm,implicit,42,30,500039680,978.137451171875,296.392578125,0.5322343111038208,1.921914339065552,0.0044114254415035
via4qt5i,pgfm,implicit,42,30,510033920,952.8077392578124,290.8330078125,0.5382331609725952,1.905734062194824,0.0044825845398008
via4qt5i,pgfm,implicit,42,30,520028160,975.2577514648438,294.2138671875,0.5430415868759155,1.9215774536132808,0.0043748682364821
via4qt5i,pgfm,implicit,42,30,530022400,984.2412109375,296.0537109375,0.5459492802619934,1.9077231884002688,0.0045967889018356
via4qt5i,pgfm,implicit,42,30,540016640,1022.2208251953124,303.41796875,0.5602781772613525,1.9137063026428225,0.0040461020544171
via4qt5i,pgfm,implicit,42,30,550010880,1019.8221435546876,304.48828125,0.5647119283676147,1.9456281661987305,0.0040385294705629
via4qt5i,pgfm,implicit,42,30,560005120,982.3677978515624,295.5615234375,0.5857978463172913,1.971988677978516,0.0046423557214438
via4qt5i,pgfm,implicit,42,30,570081280,1035.251220703125,307.177734375,0.5481088757514954,1.9634684324264529,0.0040457732975482
via4qt5i,pgfm,implicit,42,30,580075520,978.5833129882812,295.8720703125,0.5601853132247925,1.9613299369812007,0.0043492661789059
via4qt5i,pgfm,implicit,42,30,590069760,1063.8662109375,312.0185546875,0.5601478815078735,1.9182994365692136,0.0039205430075526
via4qt5i,pgfm,implicit,42,30,600064000,1034.98681640625,307.8564453125,0.5575563907623291,1.9414490461349487,0.0041242465376853
yt776s6d,pgfm,implicit,42,20,10076160,536.1962890625,212.7119140625,0.4860571026802063,2.802031278610229,0.0115334969013929
yt776s6d,pgfm,implicit,42,20,20070400,505.6911010742188,185.1025390625,0.5488052368164062,2.434466361999512,0.0123265776783227
yt776s6d,pgfm,implicit,42,20,30064640,439.677001953125,158.0654296875,0.5940680503845215,2.352238655090332,0.0127685312181711
yt776s6d,pgfm,implicit,42,20,40058880,489.655029296875,178.1259765625,0.562616229057312,2.453319549560547,0.0107764508575201
yt776s6d,pgfm,implicit,42,20,50053120,562.111572265625,202.1591796875,0.5335198640823364,2.40632438659668,0.0097736939787864
yt776s6d,pgfm,implicit,42,20,60047360,539.9718017578125,202.4130859375,0.5626409649848938,2.4314887523651123,0.0094015635550022
yt776s6d,pgfm,implicit,42,20,70041600,670.813720703125,238.6982421875,0.5341674089431763,2.4302711486816406,0.008243778720498
yt776s6d,pgfm,implicit,42,20,80035840,663.7971801757812,240.0625,0.5783741474151611,2.495436429977417,0.0079038860276341
yt776s6d,pgfm,implicit,42,20,90030080,691.4905395507812,247.125,0.5541120171546936,2.491384983062744,0.0072609051130712
yt776s6d,pgfm,implicit,42,20,100024320,738.005859375,249.8232421875,0.5276844501495361,2.3717265129089355,0.0072086565196514
yt776s6d,pgfm,implicit,42,20,110018560,744.1981201171875,258.7578125,0.6116248965263367,2.4198150634765625,0.0066614830866456
yt776s6d,pgfm,implicit,42,20,120012800,777.4224853515625,260.8408203125,0.5391917824745178,2.265984058380127,0.0066986763849854
yt776s6d,pgfm,implicit,42,20,130007040,777.9764404296875,264.6240234375,0.5505998134613037,2.3363943099975586,0.0063748061656951
yt776s6d,pgfm,implicit,42,20,140001280,778.6495361328125,261.5078125,0.5213189125061035,2.2714314460754395,0.0063862772658467
yt776s6d,pgfm,implicit,42,20,150077440,812.0877685546875,266.38671875,0.5040553212165833,2.23803973197937,0.006343109998852
yt776s6d,pgfm,implicit,42,20,160071680,849.9790649414062,276.734375,0.5066996812820435,2.135293483734131,0.0057381251826882
yt776s6d,pgfm,implicit,42,20,170065920,839.504638671875,272.2724609375,0.5132982134819031,2.173478603363037,0.0062352423556149
yt776s6d,pgfm,implicit,42,20,180060160,804.2811889648438,263.51953125,0.519467830657959,2.15035343170166,0.0063211368396878
yt776s6d,pgfm,implicit,42,20,190054400,804.76318359375,264.0498046875,0.5238295793533325,2.1405348777771,0.0060542859137058
yt776s6d,pgfm,implicit,42,20,200048640,834.95654296875,266.484375,0.5150156617164612,2.040402412414551,0.0060898759402334
yt776s6d,pgfm,implicit,42,20,210042880,887.3961181640625,280.193359375,0.5166193246841431,2.0488085746765137,0.0052116173319518
yt776s6d,pgfm,implicit,42,20,220037120,864.199951171875,276.39453125,0.5177372097969055,2.039628505706787,0.0055946512147784
yt776s6d,pgfm,implicit,42,20,230031360,922.9615478515624,284.6904296875,0.5123873353004456,2.023832321166992,0.0050733182579278
yt776s6d,pgfm,implicit,42,20,240025600,896.8753662109375,279.220703125,0.5608400106430054,1.9971349239349363,0.0055915126577019
yt776s6d,pgfm,implicit,42,20,250019840,914.3619384765624,285.3046875,0.5157730579376221,1.9857969284057615,0.0050235334783792
yt776s6d,pgfm,implicit,42,20,260014080,954.9815673828124,289.9287109375,0.4903488457202911,1.891706705093384,0.004951530136168
yt776s6d,pgfm,implicit,42,20,270008320,942.8728637695312,284.205078125,0.4810689389705658,1.8996487855911253,0.0050508445128798
yt776s6d,pgfm,implicit,42,20,280002560,993.0684814453124,296.15625,0.4692868292331695,1.8762104511260984,0.0045750103890895
yt776s6d,pgfm,implicit,42,20,290078720,1008.9068603515624,297.4453125,0.4868921041488647,1.816253662109375,0.0045512965880334
yt776s6d,pgfm,implicit,42,20,300072960,1027.9346923828125,302.4619140625,0.5006712675094604,1.8716990947723389,0.0042524170130491
yt776s6d,pgfm,implicit,42,20,310067200,998.1685180664062,293.8603515625,0.4932628571987152,1.82195258140564,0.0045732026919722
yt776s6d,pgfm,implicit,42,20,320061440,999.2171020507812,294.7841796875,0.5310089588165283,1.7879726886749268,0.0045245182700455
yt776s6d,pgfm,implicit,42,20,330055680,1022.987548828125,294.8076171875,0.4668175876140594,1.7383326292037964,0.0046890317462384
yt776s6d,pgfm,implicit,42,20,340049920,1026.673828125,298.28515625,0.4983440339565277,1.7545372247695925,0.0045120972208678
yt776s6d,pgfm,implicit,42,20,350044160,1042.6199951171875,299.958984375,0.484821081161499,1.7400593757629397,0.0043147206306457
yt776s6d,pgfm,implicit,42,20,360038400,1043.854736328125,301.3955078125,0.480144590139389,1.717260718345642,0.0043104356154799
yt776s6d,pgfm,implicit,42,20,370032640,1055.89208984375,300.7138671875,0.4978977143764496,1.73429536819458,0.0042800782248377
yt776s6d,pgfm,implicit,42,20,380026880,1071.6397705078125,304.369140625,0.5218667984008789,1.7208664417266846,0.004138009622693
yt776s6d,pgfm,implicit,42,20,390021120,1062.1435546875,305.4267578125,0.5204029679298401,1.701498031616211,0.0042641512118279
yt776s6d,pgfm,implicit,42,20,400015360,1119.2545166015625,315.849609375,0.5083222389221191,1.6942253112792969,0.0038156632799655
yt776s6d,pgfm,implicit,42,20,410009600,1108.4085693359375,306.8349609375,0.5158025026321411,1.621260404586792,0.004090026486665
yt776s6d,pgfm,implicit,42,20,420003840,1143.890625,318.1494140625,0.5167427062988281,1.64521324634552,0.0036882548592984
yt776s6d,pgfm,implicit,42,20,430080000,1174.7581787109375,324.8662109375,0.5219459533691406,1.6388258934020996,0.0035822670906782
yt776s6d,pgfm,implicit,42,20,440074240,1188.36865234375,324.962890625,0.531125545501709,1.5961875915527344,0.0036272564902901
yt776s6d,pgfm,implicit,42,20,450068480,1196.2930908203125,330.5419921875,0.4976482689380646,1.5854027271270752,0.0034528237301856
yt776s6d,pgfm,implicit,42,20,460062720,1263.851318359375,344.662109375,0.4967754483222961,1.5889296531677246,0.0029027026612311
yt776s6d,pgfm,implicit,42,20,470056960,1222.705322265625,332.5673828125,0.509610652923584,1.561236023902893,0.0034907017834484
yt776s6d,pgfm,implicit,42,20,480051200,1241.654541015625,339.2900390625,0.5042418241500854,1.5653014183044434,0.0034923115745186
yt776s6d,pgfm,implicit,42,20,490045440,1281.942626953125,346.587890625,0.4895761013031006,1.5622220039367676,0.0030380929820239
yt776s6d,pgfm,implicit,42,20,500039680,1338.48486328125,354.6259765625,0.4850025177001953,1.523832082748413,0.0027347288560122
yt776s6d,pgfm,implicit,42,20,510033920,1345.9739990234375,360.14453125,0.464093267917633,1.5446090698242188,0.0024908084888011
yt776s6d,pgfm,implicit,42,20,520028160,1324.3924560546875,354.59375,0.4777736663818359,1.5586678981781006,0.0027188039384782
yt776s6d,pgfm,implicit,42,20,530022400,1318.9990234375,354.3779296875,0.4986535310745239,1.582164287567139,0.0027167228981852
yt776s6d,pgfm,implicit,42,20,540016640,1360.05029296875,363.15625,0.4657556414604187,1.553196668624878,0.0024195383302867
yt776s6d,pgfm,implicit,42,20,550010880,1398.73974609375,369.466796875,0.4751462936401367,1.552400827407837,0.0023594568483531
yt776s6d,pgfm,implicit,42,20,560005120,1377.3154296875,365.146484375,0.473949134349823,1.543604016304016,0.0024517744313925
yt776s6d,pgfm,implicit,42,20,570081280,1350.9189453125,361.5244140625,0.4938883185386657,1.5923852920532229,0.0025102398358285
yt776s6d,pgfm,implicit,42,20,580075520,1403.1669921875,369.8359375,0.4754541516304016,1.5272793769836426,0.0023110578767955
yt776s6d,pgfm,implicit,42,20,590069760,1425.457275390625,375.3447265625,0.4624720811843872,1.5386111736297607,0.0020772833377122
yt776s6d,pgfm,implicit,42,20,600064000,1438.64404296875,377.072265625,0.477065235376358,1.5640367269515991,0.0020710807293653
1dbmh27r,pgfm_2g,implicit,42,10,10076160,566.702392578125,216.9326171875,0.448347806930542,2.6061367988586426,0.0125794354826211
1dbmh27r,pgfm_2g,implicit,42,10,20070400,472.86859130859375,174.3427734375,0.6129084229469299,2.470689296722412,0.0140440864488482
1dbmh27r,pgfm_2g,implicit,42,10,30064640,543.438232421875,193.6591796875,0.5691211223602295,2.489990711212158,0.0106993662193417
1dbmh27r,pgfm_2g,implicit,42,10,40058880,570.1343994140625,203.970703125,0.6053625345230103,2.5034189224243164,0.0100243147462606
1dbmh27r,pgfm_2g,implicit,42,10,50053120,644.3148193359375,229.5673828125,0.5853288173675537,2.6073803901672363,0.0086016803979873
1dbmh27r,pgfm_2g,implicit,42,10,60047360,639.9547729492188,231.326171875,0.6020005941390991,2.5730113983154297,0.0086493166163563
1dbmh27r,pgfm_2g,implicit,42,10,70041600,715.5051879882812,256.5400390625,0.5453271865844727,2.5728182792663574,0.0069988081231713
1dbmh27r,pgfm_2g,implicit,42,10,80035840,704.8709716796875,249.248046875,0.5458011627197266,2.46632719039917,0.007355679757893
1dbmh27r,pgfm_2g,implicit,42,10,90030080,783.896484375,265.7802734375,0.5202420949935913,2.338508367538452,0.0069419387727975
1dbmh27r,pgfm_2g,implicit,42,10,100024320,819.3308715820312,270.1416015625,0.5182399153709412,2.2026233673095703,0.0065989135764539
1dbmh27r,pgfm_2g,implicit,42,10,110018560,823.4218139648438,271.1044921875,0.5163558721542358,2.179016351699829,0.0064003122970461
1dbmh27r,pgfm_2g,implicit,42,10,120012800,850.998291015625,273.8203125,0.5081028938293457,2.1464524269104004,0.0060353223234415
1dbmh27r,pgfm_2g,implicit,42,10,130007040,863.2913208007812,271.5205078125,0.5076400637626648,2.041879415512085,0.0060058617964386
1dbmh27r,pgfm_2g,implicit,42,10,140001280,897.912841796875,278.5224609375,0.483200192451477,1.977998733520508,0.0057164710015058
1dbmh27r,pgfm_2g,implicit,42,10,150077440,926.3623657226562,281.912109375,0.4862610697746277,1.9842150211334229,0.0055020069703459
1dbmh27r,pgfm_2g,implicit,42,10,160071680,890.7911376953125,272.201171875,0.4757938683032989,1.922839641571045,0.0061343749985098
1dbmh27r,pgfm_2g,implicit,42,10,170065920,951.6849365234376,283.712890625,0.4710633754730224,1.918229103088379,0.0053249318152666
1dbmh27r,pgfm_2g,implicit,42,10,180060160,975.4834594726562,287.2255859375,0.4807229936122894,1.874961853027344,0.0051846876740455
1dbmh27r,pgfm_2g,implicit,42,10,190054400,1004.7050170898438,289.1123046875,0.463810384273529,1.7802557945251465,0.0049329847097396
1dbmh27r,pgfm_2g,implicit,42,10,200048640,1045.982177734375,298.51171875,0.4635076522827148,1.7944447994232178,0.004470195621252
1dbmh27r,pgfm_2g,implicit,42,10,210042880,1035.3936767578125,296.1591796875,0.4615294635295868,1.7612212896347046,0.0047223293222486
1dbmh27r,pgfm_2g,implicit,42,10,220037120,1094.983154296875,308.1083984375,0.4503411054611206,1.750608205795288,0.0039857644587755
1dbmh27r,pgfm_2g,implicit,42,10,230031360,1091.3438720703125,305.248046875,0.4573812484741211,1.7257297039031982,0.0042779464274644
1dbmh27r,pgfm_2g,implicit,42,10,240025600,1142.994873046875,312.0517578125,0.4844943881034851,1.6437926292419434,0.0040794657543301
1dbmh27r,pgfm_2g,implicit,42,10,250019840,1202.0457763671875,322.0,0.4715896844863891,1.574192762374878,0.0037534721195697
1dbmh27r,pgfm_2g,implicit,42,10,260014080,1298.86279296875,348.3779296875,0.4758898019790649,1.6030948162078855,0.0028361827135086
1dbmh27r,pgfm_2g,implicit,42,10,270008320,1361.12158203125,360.748046875,0.4725509881973266,1.5848605632781982,0.0024824202992022
1dbmh27r,pgfm_2g,implicit,42,10,280002560,1455.619873046875,379.5791015625,0.4607409834861755,1.533812165260315,0.0020326846279203
1dbmh27r,pgfm_2g,implicit,42,10,290078720,1459.71533203125,375.6396484375,0.4493674635887146,1.4712693691253662,0.0023521715775132
1dbmh27r,pgfm_2g,implicit,42,10,300072960,1441.4283447265625,371.0341796875,0.4533863365650177,1.478864669799805,0.0023944773711264
1dbmh27r,pgfm_2g,implicit,42,10,310067200,1464.7669677734375,376.8408203125,0.454756498336792,1.4969863891601562,0.0021702176891267
1dbmh27r,pgfm_2g,implicit,42,10,320061440,1547.35888671875,392.0341796875,0.4418493509292602,1.4959383010864258,0.0016695337835699
1dbmh27r,pgfm_2g,implicit,42,10,330055680,1523.086181640625,385.5791015625,0.4539554417133331,1.4450417757034302,0.0019133646273985
1dbmh27r,pgfm_2g,implicit,42,10,340049920,1547.5465087890625,390.1787109375,0.4481307864189148,1.4658914804458618,0.0018014458473771
1dbmh27r,pgfm_2g,implicit,42,10,350044160,1568.1900634765625,393.66015625,0.450506329536438,1.442946434020996,0.0015944491606205
1dbmh27r,pgfm_2g,implicit,42,10,360038400,1574.89013671875,395.1376953125,0.4448173940181732,1.4504027366638184,0.0015780013054609
1dbmh27r,pgfm_2g,implicit,42,10,370032640,1566.951171875,391.6044921875,0.447279691696167,1.431912899017334,0.0016575091285631
1dbmh27r,pgfm_2g,implicit,42,10,380026880,1602.0465087890625,396.0517578125,0.4499762654304504,1.4126079082489014,0.0016147288260981
1dbmh27r,pgfm_2g,implicit,42,10,390021120,1624.4771728515625,403.4609375,0.4409419298171997,1.4254392385482788,0.0013256222009658
1dbmh27r,pgfm_2g,implicit,42,10,400015360,1633.8916015625,404.8681640625,0.4311690926551819,1.4081954956054688,0.0012410031631588
1dbmh27r,pgfm_2g,implicit,42,10,410009600,1642.132568359375,405.69140625,0.4272688627243042,1.4091596603393557,0.0011765358503907
1dbmh27r,pgfm_2g,implicit,42,10,420003840,1667.78759765625,411.7060546875,0.4318766295909881,1.4480836391448977,0.0009885057806968
1dbmh27r,pgfm_2g,implicit,42,10,430080000,1649.410400390625,407.861328125,0.4472447037696838,1.4311456680297852,0.0011344429804012
1dbmh27r,pgfm_2g,implicit,42,10,440074240,1674.401611328125,411.11328125,0.426673412322998,1.415619730949402,0.0010396555298939
1dbmh27r,pgfm_2g,implicit,42,10,450068480,1695.8544921875,414.677734375,0.4331266283988952,1.3968185186386108,0.0009796030353754
1dbmh27r,pgfm_2g,implicit,42,10,460062720,1706.54541015625,415.19140625,0.4323602318763733,1.3983004093170166,0.0008726706728339
1dbmh27r,pgfm_2g,implicit,42,10,470056960,1748.32861328125,426.1142578125,0.418060153722763,1.4037456512451172,0.0005358920898288
1dbmh27r,pgfm_2g,implicit,42,10,480051200,1708.901611328125,414.73046875,0.4205357432365417,1.3722960948944092,0.0009526806534267
1dbmh27r,pgfm_2g,implicit,42,10,490045440,1715.168701171875,414.404296875,0.4358620345592499,1.3480912446975708,0.0009779169922694
1dbmh27r,pgfm_2g,implicit,42,10,500039680,1729.9654541015625,418.744140625,0.4399794340133667,1.3898802995681765,0.0008630555239506
1dbmh27r,pgfm_2g,implicit,42,10,510033920,1757.1219482421875,423.2646484375,0.436355710029602,1.356348752975464,0.0006598770269192
1dbmh27r,pgfm_2g,implicit,42,10,520028160,1749.448486328125,421.822265625,0.4370917677879333,1.3725683689117432,0.0007461034692823
1dbmh27r,pgfm_2g,implicit,42,10,530022400,1748.90185546875,421.6591796875,0.4452194571495056,1.3924731016159058,0.0006945475470274
1dbmh27r,pgfm_2g,implicit,42,10,540016640,1742.555908203125,418.662109375,0.4477969408035278,1.3795825242996216,0.000806288793683
1dbmh27r,pgfm_2g,implicit,42,10,550010880,1749.37646484375,420.0341796875,0.4341742694377899,1.3625686168670654,0.000749071710743
1dbmh27r,pgfm_2g,implicit,42,10,560005120,1767.821533203125,425.11328125,0.4358395338058471,1.373397707939148,0.0006128716049715
1dbmh27r,pgfm_2g,implicit,42,10,570081280,1781.501708984375,427.2880859375,0.4264138340950012,1.3501170873641968,0.000558876490686
1dbmh27r,pgfm_2g,implicit,42,10,580075520,1799.689697265625,429.46875,0.4327068626880646,1.32787823677063,0.00052803568542
1dbmh27r,pgfm_2g,implicit,42,10,590069760,1822.0992431640625,433.39453125,0.4321275651454925,1.327503681182861,0.0004327092319726
1dbmh27r,pgfm_2g,implicit,42,10,600064000,1815.533447265625,433.3037109375,0.4399104118347168,1.342839002609253,0.0003842615697067
1dbmh27r,pgfm_2g,implicit,42,10,610058240,1805.8369140625,431.169921875,0.446280837059021,1.3641831874847412,0.0004349343071226
1dbmh27r,pgfm_2g,implicit,42,10,620052480,1798.5106201171875,428.482421875,0.4304125905036926,1.3411132097244265,0.0005166993942111
1dbmh27r,pgfm_2g,implicit,42,10,630046720,1807.36767578125,432.7294921875,0.4257806837558746,1.3567876815795898,0.0003757993108592
1dbmh27r,pgfm_2g,implicit,42,10,640040960,1796.551513671875,429.5546875,0.4317936599254608,1.357982873916626,0.0004990177112631
1dbmh27r,pgfm_2g,implicit,42,10,650035200,1819.288330078125,432.162109375,0.437781810760498,1.3367249965667725,0.0004267706535756
1dbmh27r,pgfm_2g,implicit,42,10,660029440,1829.7274169921875,434.54296875,0.4308890998363495,1.352505087852478,0.0003326333535369
1dbmh27r,pgfm_2g,implicit,42,10,670023680,1800.217041015625,428.2109375,0.4414840340614319,1.358445405960083,0.0005059774266555
1dbmh27r,pgfm_2g,implicit,42,10,680017920,1815.61328125,431.2451171875,0.4479806423187256,1.3315632343292236,0.000437403388787
1dbmh27r,pgfm_2g,implicit,42,10,690012160,1782.43798828125,425.455078125,0.4625080823898315,1.36668062210083,0.0005684985080733
1dbmh27r,pgfm_2g,implicit,42,10,700006400,1820.8663330078125,433.0439453125,0.4411747455596924,1.346484661102295,0.0004006185045
1dbmh27r,pgfm_2g,implicit,42,10,710000640,1789.9271240234375,425.576171875,0.449506938457489,1.3481578826904297,0.0005821757949888
1dbmh27r,pgfm_2g,implicit,42,10,720076800,1818.375,431.6376953125,0.4366256594657898,1.3303532600402832,0.0004103402607142
1dbmh27r,pgfm_2g,implicit,42,10,730071040,1831.08349609375,432.978515625,0.4386846423149109,1.3243722915649414,0.0004015741869807
1dbmh27r,pgfm_2g,implicit,42,10,740065280,1832.7325439453125,433.310546875,0.4345047175884247,1.327244758605957,0.0003770518815144
1dbmh27r,pgfm_2g,implicit,42,10,750059520,1839.5377197265625,435.5693359375,0.4510253369808197,1.3302539587020874,0.0003335352521389
1dbmh27r,pgfm_2g,implicit,42,10,760053760,1825.4315185546875,433.0517578125,0.436249166727066,1.330090880393982,0.0004179004463367
1dbmh27r,pgfm_2g,implicit,42,10,770048000,1851.9818115234373,437.478515625,0.435256153345108,1.3313319683074951,0.0002647858345881
1dbmh27r,pgfm_2g,implicit,42,10,780042240,1855.59326171875,437.4873046875,0.4423981010913849,1.3202991485595703,0.0002544192248024
1dbmh27r,pgfm_2g,implicit,42,10,790036480,1840.5093994140625,435.2392578125,0.4537880718708038,1.3374696969985962,0.0003579416370484
1dbmh27r,pgfm_2g,implicit,42,10,800030720,1846.1689453125,436.4462890625,0.4405456185340881,1.3297991752624512,0.0002729711704887
1dbmh27r,pgfm_2g,implicit,42,10,810024960,1832.420166015625,433.5107421875,0.4312942624092102,1.3255199193954468,0.0004093855095561
1dbmh27r,pgfm_2g,implicit,42,10,820019200,1851.39013671875,437.38671875,0.4404255449771881,1.3520183563232422,0.0002803216339088
1dbmh27r,pgfm_2g,implicit,42,10,830013440,1843.2493896484373,433.369140625,0.4411741197109222,1.342461109161377,0.0003820178972091
1dbmh27r,pgfm_2g,implicit,42,10,840007680,1850.2119140625,436.5478515625,0.4414160251617431,1.3400945663452148,0.0002907324233092
1dbmh27r,pgfm_2g,implicit,42,10,850001920,1856.02978515625,437.3486328125,0.4411833882331848,1.3105545043945312,0.0002941640559583
1dbmh27r,pgfm_2g,implicit,42,10,860078080,1852.416015625,436.3388671875,0.4413967132568359,1.3198111057281494,0.0003010685322806
1dbmh27r,pgfm_2g,implicit,42,10,870072320,1870.9542236328125,439.6904296875,0.4338297843933105,1.3121850490570068,0.0002006111026275
1dbmh27r,pgfm_2g,implicit,42,10,880066560,1874.6888427734373,440.12890625,0.4314013719558716,1.3081316947937012,0.0002419975062366
1dbmh27r,pgfm_2g,implicit,42,10,890060800,1854.781982421875,436.375,0.4397583603858948,1.316009759902954,0.0003529469831846
1dbmh27r,pgfm_2g,implicit,42,10,900055040,1862.06787109375,437.7265625,0.4430474638938904,1.3214325904846191,0.0002735087473411
1dbmh27r,pgfm_2g,implicit,42,10,910049280,1867.3665771484373,438.1669921875,0.4350042939186096,1.3062338829040527,0.0002678513992577
1dbmh27r,pgfm_2g,implicit,42,10,920043520,1855.9112548828125,436.01953125,0.4512863755226135,1.311026096343994,0.0002921466948464
1dbmh27r,pgfm_2g,implicit,42,10,930037760,1866.227783203125,437.48046875,0.4578201472759247,1.2882061004638672,0.0002773257147055
1dbmh27r,pgfm_2g,implicit,42,10,940032000,1865.4345703125,437.0625,0.4535042643547058,1.2954720258712769,0.0003107017255388
1dbmh27r,pgfm_2g,implicit,42,10,950026240,1856.3055419921875,434.97265625,0.4468120634555816,1.3050658702850342,0.0003653624444268
1dbmh27r,pgfm_2g,implicit,42,10,960020480,1886.86181640625,440.7509765625,0.438682347536087,1.2945475578308103,0.0001863231009338
1dbmh27r,pgfm_2g,implicit,42,10,970014720,1869.2294921875,438.939453125,0.4462324380874634,1.3184958696365356,0.0002161788434023
1dbmh27r,pgfm_2g,implicit,42,10,980008960,1884.4407958984373,440.642578125,0.4382120370864868,1.303720235824585,0.0001744724286254
1dbmh27r,pgfm_2g,implicit,42,10,990003200,1862.869873046875,437.146484375,0.4489532113075256,1.323930263519287,0.0002818840148393
1dbmh27r,pgfm_2g,implicit,42,10,1000079360,1881.87353515625,438.919921875,0.4449069797992706,1.3102822303771973,0.0002475520013831
1dbmh27r,pgfm_2g,implicit,42,10,1010073600,1893.0711669921875,441.779296875,0.443289041519165,1.3128318786621094,0.0001636095985304
1dbmh27r,pgfm_2g,implicit,42,10,1020067840,1889.9931640625,441.7783203125,0.4366211295127868,1.3113560676574707,0.0001492573501309
1dbmh27r,pgfm_2g,implicit,42,10,1030062080,1887.341796875,441.12109375,0.4419306516647339,1.312787652015686,0.0001665248128119
1dbmh27r,pgfm_2g,implicit,42,10,1040056320,1883.5013427734373,439.1669921875,0.444728136062622,1.29844868183136,0.0001949281577253
1dbmh27r,pgfm_2g,implicit,42,10,1050050560,1857.404296875,435.1787109375,0.4456696808338165,1.3135740756988523,0.0003105072828475
1dbmh27r,pgfm_2g,implicit,42,10,1060044800,1865.45166015625,437.083984375,0.4491912424564361,1.3048996925354004,0.0002697743475437
1dbmh27r,pgfm_2g,implicit,42,10,1070039040,1884.939208984375,439.642578125,0.4372079968452453,1.290938377380371,0.000200865775696
1dbmh27r,pgfm_2g,implicit,42,10,1080033280,1885.1065673828125,439.123046875,0.4415381252765655,1.2864165306091309,0.0002222412731498
1dbmh27r,pgfm_2g,implicit,42,10,1090027520,1897.241455078125,442.1396484375,0.4346965551376343,1.2924078702926636,0.0001299518771702
1dbmh27r,pgfm_2g,implicit,42,10,1100021760,1881.65478515625,438.9169921875,0.4442563056945801,1.3066108226776123,0.000255688704783
1dbmh27r,pgfm_2g,implicit,42,10,1110016000,1881.984619140625,438.4169921875,0.4444321691989898,1.3025431632995603,0.0002424501581117
1dbmh27r,pgfm_2g,implicit,42,10,1120010240,1886.365478515625,440.43359375,0.4543512165546417,1.291615009307861,0.0001803699997253
1dbmh27r,pgfm_2g,implicit,42,10,1130004480,1892.8001708984373,440.8115234375,0.4429371356964111,1.3106029033660889,0.0001767308422131
1dbmh27r,pgfm_2g,implicit,42,10,1140080640,1899.950927734375,442.5263671875,0.445794939994812,1.2963590621948242,0.0001273767993552
1dbmh27r,pgfm_2g,implicit,42,10,1150074880,1884.381103515625,439.1435546875,0.4501053690910339,1.2983081340789795,0.0002258567837998
1dbmh27r,pgfm_2g,implicit,42,10,1160069120,1892.3294677734373,441.2568359375,0.450206458568573,1.2951105833053589,0.0001913975429488
1dbmh27r,pgfm_2g,implicit,42,10,1170063360,1888.5635986328125,439.9443359375,0.4445001780986786,1.2856483459472656,0.0001755443081492
1dbmh27r,pgfm_2g,implicit,42,10,1180057600,1886.1092529296875,439.6640625,0.4435798525810241,1.2976688146591189,0.0002026333822868
1dbmh27r,pgfm_2g,implicit,42,10,1190051840,1869.505859375,435.6552734375,0.4450824856758117,1.296595335006714,0.0003116314765065
1dbmh27r,pgfm_2g,implicit,42,10,1200046080,1876.507568359375,435.984375,0.4521464109420776,1.291898488998413,0.0003449534415267
1dbmh27r,pgfm_2g,implicit,42,10,1210040320,1876.98828125,437.009765625,0.4565822780132293,1.3014068603515625,0.000287787959678
1dbmh27r,pgfm_2g,implicit,42,10,1220034560,1892.7081298828125,439.57421875,0.4483148455619812,1.2841802835464478,0.0001730944495648
1dbmh27r,pgfm_2g,implicit,42,10,1230028800,1889.743896484375,438.3935546875,0.4648364782333374,1.2887773513793943,0.0002737857867032
1dbmh27r,pgfm_2g,implicit,42,10,1240023040,1884.122314453125,438.013671875,0.4584253430366516,1.3074817657470703,0.0002587214985396
1dbmh27r,pgfm_2g,implicit,42,10,1250017280,1904.7308349609373,441.5986328125,0.4433401226997375,1.292921543121338,0.0001654232328291
1dbmh27r,pgfm_2g,implicit,42,10,1260011520,1881.578369140625,436.4521484375,0.4460982084274292,1.2928329706192017,0.0003052927204407
1dbmh27r,pgfm_2g,implicit,42,10,1270005760,1893.17431640625,440.01171875,0.4577404260635376,1.3019373416900637,0.0002338949998375
1dbmh27r,pgfm_2g,implicit,42,10,1280000000,1873.81640625,436.140625,0.4723915755748749,1.3076598644256592,0.000327680259943
1dbmh27r,pgfm_2g,implicit,42,10,1290076160,1897.190185546875,439.80859375,0.4444795250892639,1.2790510654449463,0.0002019941457547
1dbmh27r,pgfm_2g,implicit,42,10,1300070400,1899.423583984375,441.5791015625,0.4580786824226379,1.3053407669067385,0.0001597331283846
1dbmh27r,pgfm_2g,implicit,42,10,1310064640,1891.88232421875,440.259765625,0.4491976499557495,1.3048028945922852,0.0001899788330774
1dbmh27r,pgfm_2g,implicit,42,10,1320058880,1900.65087890625,440.7783203125,0.4535073637962341,1.306773662567139,0.0001903470547404
1dbmh27r,pgfm_2g,implicit,42,10,1330053120,1901.663818359375,442.501953125,0.4490758180618286,1.3093373775482178,0.0001372019323753
1dbmh27r,pgfm_2g,implicit,42,10,1340047360,1904.4947509765625,442.3759765625,0.4502893090248108,1.2981702089309692,0.0001480044302297
1dbmh27r,pgfm_2g,implicit,42,10,1350041600,1906.204833984375,441.517578125,0.4554029703140259,1.299451470375061,0.0001511494192527
1dbmh27r,pgfm_2g,implicit,42,10,1360035840,1896.76025390625,440.380859375,0.4589599967002868,1.289044737815857,0.000179817987373
1dbmh27r,pgfm_2g,implicit,42,10,1370030080,1898.57470703125,440.541015625,0.4517372846603393,1.2859474420547483,0.0001599568931851
1dbmh27r,pgfm_2g,implicit,42,10,1380024320,1899.4853515625,440.896484375,0.4478188753128052,1.2957788705825806,0.0001449852861696
1dbmh27r,pgfm_2g,implicit,42,10,1390018560,1907.349853515625,442.3798828125,0.4471777081489563,1.286158561706543,0.0001114788465201
1dbmh27r,pgfm_2g,implicit,42,10,1400012800,1906.952880859375,442.3369140625,0.4540477991104126,1.2893633842468262,0.000140766162076
1dbmh27r,pgfm_2g,implicit,42,10,1410007040,1909.8475341796875,442.2158203125,0.457221657037735,1.2807811498641968,0.0001463495427742
1dbmh27r,pgfm_2g,implicit,42,10,1420001280,1910.16455078125,442.287109375,0.4487561583518982,1.28637957572937,0.0001495133619755
1dbmh27r,pgfm_2g,implicit,42,10,1430077440,1905.4453125,441.9013671875,0.4486387968063354,1.2920736074447632,0.0001331413805019
1dbmh27r,pgfm_2g,implicit,42,10,1440071680,1904.595947265625,442.1318359375,0.4646066427230835,1.3082525730133057,0.0001496981421951
1dbmh27r,pgfm_2g,implicit,42,10,1450065920,1907.254150390625,440.5556640625,0.4456746578216553,1.2891557216644287,0.0001758864091243
1dbmh27r,pgfm_2g,implicit,42,10,1460060160,1902.1058349609373,441.1552734375,0.4626666605472564,1.290264129638672,0.0001636497763684
1dbmh27r,pgfm_2g,implicit,42,10,1470054400,1895.4443359375,439.2451171875,0.4668439030647278,1.2971402406692505,0.0002085248706862
1dbmh27r,pgfm_2g,implicit,42,10,1480048640,1926.4375,444.37109375,0.4557338654994964,1.2734745740890503,6.108067464083433e-05
1dbmh27r,pgfm_2g,implicit,42,10,1490042880,1902.2530517578125,440.705078125,0.4676632881164551,1.286568522453308,0.0001811857509892
1dbmh27r,pgfm_2g,implicit,42,10,1500037120,1883.25146484375,437.048828125,0.4647878408432007,1.288137674331665,0.0003367169992998
1dbmh27r,pgfm_2g,implicit,42,10,1510031360,1896.1923828125,438.984375,0.4626714587211609,1.2893842458724976,0.0002475043875165
1dbmh27r,pgfm_2g,implicit,42,10,1520025600,1897.655029296875,439.0673828125,0.4639407396316528,1.2966656684875488,0.0002218403096776
1dbmh27r,pgfm_2g,implicit,42,10,1530019840,1906.63330078125,440.7861328125,0.4586571156978607,1.2839374542236328,0.0001375657448079
1dbmh27r,pgfm_2g,implicit,42,10,1540014080,1901.96728515625,439.666015625,0.4677421450614929,1.298278570175171,0.0002079432597383
1dbmh27r,pgfm_2g,implicit,42,10,1550008320,1896.293701171875,439.2978515625,0.4666904211044311,1.3083598613739014,0.0002153003006242
1dbmh27r,pgfm_2g,implicit,42,10,1560002560,1907.28662109375,440.3388671875,0.4633436203002929,1.273730993270874,0.0002118816628353
1dbmh27r,pgfm_2g,implicit,42,10,1570078720,1893.9354248046875,438.73046875,0.4721646904945373,1.28671133518219,0.000224090879783
1dbmh27r,pgfm_2g,implicit,42,10,1580072960,1903.160888671875,439.3681640625,0.4662039875984192,1.2851568460464478,0.0002428726875223
1dbmh27r,pgfm_2g,implicit,42,10,1590067200,1912.3529052734373,441.6337890625,0.4722588658332824,1.280278205871582,0.0001363219635095
1dbmh27r,pgfm_2g,implicit,42,10,1600061440,1896.1175537109373,438.6318359375,0.4753628373146057,1.3026279211044312,0.0002286903618369
1dbmh27r,pgfm_2g,implicit,42,10,1610055680,1903.8309326171875,440.451171875,0.4655407071113586,1.3032495975494385,0.000182638541446
1dbmh27r,pgfm_2g,implicit,42,10,1620049920,1906.349365234375,440.771484375,0.4794128537178039,1.2882752418518066,0.000170185463503
1dbmh27r,pgfm_2g,implicit,42,10,1630044160,1906.627197265625,440.2412109375,0.4610284864902496,1.2752256393432615,0.0001889025443233
1dbmh27r,pgfm_2g,implicit,42,10,1640038400,1920.08740234375,442.9404296875,0.4672187268733978,1.287771701812744,9.471910016145556e-05
1dbmh27r,pgfm_2g,implicit,42,10,1650032640,1917.171142578125,442.412109375,0.461790919303894,1.2864265441894531,0.0001233589719049
1dbmh27r,pgfm_2g,implicit,42,10,1660026880,1906.97119140625,441.2607421875,0.4658514857292175,1.2983856201171875,0.0001717095001367
1dbmh27r,pgfm_2g,implicit,42,10,1670021120,1918.31591796875,442.5615234375,0.4582118093967438,1.2859095335006714,0.0001129321972257
1dbmh27r,pgfm_2g,implicit,42,10,1680015360,1911.2158203125,441.8251953125,0.4728256464004516,1.325258493423462,0.0001635352527955
1dbmh27r,pgfm_2g,implicit,42,10,1690009600,1906.6739501953125,439.9375,0.4651619791984558,1.290231466293335,0.0002084300067508
1dbmh27r,pgfm_2g,implicit,42,10,1700003840,1908.856689453125,440.1494140625,0.4651106297969818,1.2947114706039429,0.0002052745840046
1dbmh27r,pgfm_2g,implicit,42,10,1710080000,1917.00537109375,442.0576171875,0.4630434811115265,1.2931804656982422,0.0001649972400628
1dbmh27r,pgfm_2g,implicit,42,10,1720074240,1919.412841796875,443.2548828125,0.4753820598125458,1.3084969520568848,0.0001202321145683
1dbmh27r,pgfm_2g,implicit,42,10,1730068480,1918.1436767578125,441.9619140625,0.4668301045894623,1.281551718711853,0.0001439788611605
1dbmh27r,pgfm_2g,implicit,42,10,1740062720,1895.8248291015625,436.9375,0.4780410528182983,1.280547022819519,0.0002972121292259
1dbmh27r,pgfm_2g,implicit,42,10,1750056960,1920.282958984375,442.625,0.4644172787666321,1.2727270126342771,0.0001077944034477
1dbmh27r,pgfm_2g,implicit,42,10,1760051200,1916.8681640625,442.4345703125,0.4725946187973022,1.2969748973846436,0.0001271014334633
1dbmh27r,pgfm_2g,implicit,42,10,1770045440,1911.4310302734373,441.30078125,0.4884518384933471,1.286919116973877,0.0001721204607747
1dbmh27r,pgfm_2g,implicit,42,10,1780039680,1911.5328369140625,440.7900390625,0.4719194769859314,1.2913057804107666,0.0001694201491773
1dbmh27r,pgfm_2g,implicit,42,10,1790033920,1918.983154296875,442.001953125,0.4597114324569702,1.27422297000885,0.0001670478231972
1dbmh27r,pgfm_2g,implicit,42,10,1800028160,1920.9459228515625,442.9931640625,0.4702404141426086,1.292349934577942,0.0001095008774427
1dbmh27r,pgfm_2g,implicit,42,10,1810022400,1912.348876953125,441.2099609375,0.4699626564979553,1.2700016498565674,0.0001669837656663
1dbmh27r,pgfm_2g,implicit,42,10,1820016640,1904.247802734375,439.3251953125,0.4795185923576355,1.2857365608215332,0.0002216738357674
1dbmh27r,pgfm_2g,implicit,42,10,1830010880,1934.349365234375,444.267578125,0.4583294987678528,1.2565269470214844,8.46043840283528e-05
1dbmh27r,pgfm_2g,implicit,42,10,1840005120,1919.72900390625,441.4794921875,0.4726691842079162,1.2622839212417605,0.000148707840708
1dbmh27r,pgfm_2g,implicit,42,10,1850081280,1929.7303466796875,443.7109375,0.4660373628139496,1.2825524806976318,7.255538366734982e-05
1dbmh27r,pgfm_2g,implicit,42,10,1860075520,1908.37890625,440.158203125,0.4685138165950775,1.29152250289917,0.0001774002739693
1dbmh27r,pgfm_2g,implicit,42,10,1870069760,1896.535888671875,438.4267578125,0.4702475368976593,1.2965797185897827,0.0002352902665734
1dbmh27r,pgfm_2g,implicit,42,10,1880064000,1921.32177734375,441.9931640625,0.4648047089576721,1.2873895168304443,0.0001464001252315
1dbmh27r,pgfm_2g,implicit,42,10,1890058240,1917.99755859375,441.81640625,0.4765705466270447,1.2813425064086914,0.0001508756540715
1dbmh27r,pgfm_2g,implicit,42,10,1900052480,1913.444091796875,440.7041015625,0.475327730178833,1.2657560110092163,0.0002069797774311
1dbmh27r,pgfm_2g,implicit,42,10,1910046720,1920.9700927734373,441.1474609375,0.465826153755188,1.2868750095367432,0.0001713356177788
1dbmh27r,pgfm_2g,implicit,42,10,1920040960,1920.54052734375,441.9482421875,0.4615035355091095,1.2849265336990356,0.0001470557763241
1dbmh27r,pgfm_2g,implicit,42,10,1930035200,1943.6627197265625,445.9521484375,0.4586771130561828,1.2655527591705322,2.371024129388388e-05
1dbmh27r,pgfm_2g,implicit,42,10,1940029440,1926.908447265625,442.0341796875,0.4573112428188324,1.2655137777328491,0.0001236835814779
1dbmh27r,pgfm_2g,implicit,42,10,1950023680,1929.8294677734373,443.2578125,0.4798406958580017,1.2840297222137451,0.0001022741926135
1dbmh27r,pgfm_2g,implicit,42,10,1960017920,1919.7303466796875,441.072265625,0.4674357771873474,1.2959332466125488,0.0001402263587806
1dbmh27r,pgfm_2g,implicit,42,10,1970012160,1932.1739501953125,443.744140625,0.4608949422836303,1.2783398628234863,9.944834164343774e-05
1dbmh27r,pgfm_2g,implicit,42,10,1980006400,1914.859619140625,439.845703125,0.4684236943721771,1.278963565826416,0.0002029220486292
1dbmh27r,pgfm_2g,implicit,42,10,1990000640,1924.885009765625,443.0146484375,0.4637917876243591,1.279462456703186,0.0001074486935976
1dbmh27r,pgfm_2g,implicit,42,10,2000076800,1932.0458984375,443.5625,0.4726500213146209,1.2671657800674438,7.71351478761062e-05
6jz9o5p4,pgfm_2g,implicit,42,50,10076160,458.03125,189.1171875,0.4887934923171997,2.643298625946045,0.0116138290613889
6jz9o5p4,pgfm_2g,implicit,42,50,20070400,511.5260620117188,202.5830078125,0.4987843930721283,2.553598403930664,0.0108588747680187
6jz9o5p4,pgfm_2g,implicit,42,50,30064640,517.4791259765625,194.41015625,0.4637906551361084,2.4207332134246826,0.0105307903140783
6jz9o5p4,pgfm_2g,implicit,42,50,40058880,496.526611328125,187.783203125,0.495779275894165,2.337437629699707,0.0100796241313219
6jz9o5p4,pgfm_2g,implicit,42,50,50053120,521.4476318359375,199.3955078125,0.5234087705612183,2.396714210510254,0.0094144288450479
6jz9o5p4,pgfm_2g,implicit,42,50,60047360,531.4699096679688,200.1875,0.5024451613426208,2.364453077316284,0.0092468243092298
6jz9o5p4,pgfm_2g,implicit,42,50,70041600,550.9136962890625,205.1611328125,0.5233421325683594,2.381467819213867,0.0085619911551475
6jz9o5p4,pgfm_2g,implicit,42,50,80035840,498.4109802246094,191.51953125,0.5390152931213379,2.3978657722473145,0.0092348791658878
6jz9o5p4,pgfm_2g,implicit,42,50,90030080,522.06298828125,200.8056640625,0.5193684101104736,2.4504594802856445,0.0087056504562497
6jz9o5p4,pgfm_2g,implicit,42,50,100024320,613.7977905273438,226.6240234375,0.5098905563354492,2.421595811843872,0.0079209376126527
6jz9o5p4,pgfm_2g,implicit,42,50,110018560,614.5353393554688,229.8818359375,0.5183271169662476,2.397381544113159,0.0075945449061691
6jz9o5p4,pgfm_2g,implicit,42,50,120012800,665.6192016601562,241.4951171875,0.4965595006942749,2.4831950664520264,0.0069027077406644
6jz9o5p4,pgfm_2g,implicit,42,50,130007040,601.216064453125,225.44140625,0.501711368560791,2.4938642978668213,0.0075133629143238
6jz9o5p4,pgfm_2g,implicit,42,50,140001280,650.72412109375,238.0439453125,0.5336930751800537,2.563566207885742,0.0067042359150946
6jz9o5p4,pgfm_2g,implicit,42,50,150077440,711.3448486328125,255.5703125,0.5146205425262451,2.59131383895874,0.0060701742768287
6jz9o5p4,pgfm_2g,implicit,42,50,160071680,702.734619140625,253.6455078125,0.5360738635063171,2.474352598190308,0.0062635047361254
6jz9o5p4,pgfm_2g,implicit,42,50,170065920,690.7984619140625,247.9970703125,0.5329859256744385,2.548989772796631,0.0062338719144463
6jz9o5p4,pgfm_2g,implicit,42,50,180060160,736.7620239257812,261.0458984375,0.4953024089336395,2.4638512134552,0.005998196080327
6jz9o5p4,pgfm_2g,implicit,42,50,190054400,761.8140869140625,267.1328125,0.556282103061676,2.467260837554932,0.0059231156483292
6jz9o5p4,pgfm_2g,implicit,42,50,200048640,749.5555419921875,260.451171875,0.5264679193496704,2.4164772033691406,0.0058027845807373
6jz9o5p4,pgfm_2g,implicit,42,50,210042880,727.8204345703125,256.5107421875,0.5836536884307861,2.4145188331604004,0.0058569815009832
6jz9o5p4,pgfm_2g,implicit,42,50,220037120,712.8919677734375,253.33203125,0.5588757395744324,2.4358391761779785,0.0062639811076223
6jz9o5p4,pgfm_2g,implicit,42,50,230031360,725.3128662109375,252.923828125,0.5700637102127075,2.339533805847168,0.0061747464351356
6jz9o5p4,pgfm_2g,implicit,42,50,240025600,756.8357543945312,263.138671875,0.5625871419906616,2.3436264991760254,0.0056444881483912
6jz9o5p4,pgfm_2g,implicit,42,50,250019840,790.0053100585938,267.1689453125,0.5684750080108643,2.3373122215271,0.0057291947305202
6jz9o5p4,pgfm_2g,implicit,42,50,260014080,767.7644653320312,263.7529296875,0.5657427310943604,2.311328649520874,0.0056109461002051
6jz9o5p4,pgfm_2g,implicit,42,50,270008320,786.224853515625,266.0,0.5619340538978577,2.2649905681610107,0.0057170670479536
6jz9o5p4,pgfm_2g,implicit,42,50,280002560,775.41796875,269.77734375,0.5800009965896606,2.3218390941619877,0.005397031083703
6jz9o5p4,pgfm_2g,implicit,42,50,290078720,753.5881958007812,263.150390625,0.5908658504486084,2.3234965801239014,0.0052625201642513
6jz9o5p4,pgfm_2g,implicit,42,50,300072960,782.1072998046875,266.6953125,0.5736116170883179,2.3243722915649414,0.0054482161067426
6jz9o5p4,pgfm_2g,implicit,42,50,310067200,803.662109375,272.3115234375,0.5636776685714722,2.308608055114746,0.0051772026345133
6jz9o5p4,pgfm_2g,implicit,42,50,320061440,754.056884765625,261.7490234375,0.5613000392913818,2.2361302375793457,0.0056580398231744
6jz9o5p4,pgfm_2g,implicit,42,50,330055680,785.063720703125,269.056640625,0.5851107239723206,2.309978723526001,0.0052831871435046
6jz9o5p4,pgfm_2g,implicit,42,50,340049920,816.73095703125,275.2353515625,0.581282913684845,2.3638386726379395,0.004977005533874
6jz9o5p4,pgfm_2g,implicit,42,50,350044160,822.0097045898438,274.2177734375,0.5770951509475708,2.319401264190674,0.005321635864675
6jz9o5p4,pgfm_2g,implicit,42,50,360038400,864.9334106445312,286.896484375,0.5991834402084351,2.346436023712158,0.0045318147167563
6jz9o5p4,pgfm_2g,implicit,42,50,370032640,868.2440185546875,285.3564453125,0.5943365097045898,2.3121581077575684,0.0046892212703824
6jz9o5p4,pgfm_2g,implicit,42,50,380026880,826.2244873046875,272.544921875,0.5843271017074585,2.2373242378234863,0.0050697601400315
6jz9o5p4,pgfm_2g,implicit,42,50,390021120,843.101806640625,279.896484375,0.565558910369873,2.2794713973999023,0.0048787798732519
6jz9o5p4,pgfm_2g,implicit,42,50,400015360,850.7188720703125,277.9296875,0.564713180065155,2.2319767475128174,0.005035500973463
6jz9o5p4,pgfm_2g,implicit,42,50,410009600,810.0390014648438,275.001953125,0.6318967342376709,2.3082096576690674,0.0049635879695415
6jz9o5p4,pgfm_2g,implicit,42,50,420003840,815.8030395507812,278.9130859375,0.6158032417297363,2.3406572341918945,0.0049398373812437
6jz9o5p4,pgfm_2g,implicit,42,50,430080000,808.5570068359375,273.7548828125,0.5987917184829712,2.321881055831909,0.0050748791545629
6jz9o5p4,pgfm_2g,implicit,42,50,440074240,810.739013671875,276.765625,0.6198863387107849,2.344545841217041,0.0048735789023339
6jz9o5p4,pgfm_2g,implicit,42,50,450068480,833.548583984375,277.15625,0.6059856414794922,2.281147003173828,0.005055527202785
6jz9o5p4,pgfm_2g,implicit,42,50,460062720,797.63037109375,265.916015625,0.6540959477424622,2.268488883972168,0.0050907181575894
6jz9o5p4,pgfm_2g,implicit,42,50,470056960,848.8975830078125,278.2587890625,0.6241849064826965,2.2368338108062744,0.0049835322424769
6jz9o5p4,pgfm_2g,implicit,42,50,480051200,884.888427734375,289.2197265625,0.6124652028083801,2.2954869270324707,0.0045656664296984
6jz9o5p4,pgfm_2g,implicit,42,50,490045440,848.673095703125,278.390625,0.6242355108261108,2.248896837234497,0.0049342634156346
6jz9o5p4,pgfm_2g,implicit,42,50,500039680,855.0821533203125,280.94140625,0.6172722578048706,2.254037380218506,0.0048653166741132
6jz9o5p4,pgfm_2g,implicit,42,50,510033920,852.4004516601562,282.525390625,0.6511785984039307,2.2688772678375244,0.0045697335153818
6jz9o5p4,pgfm_2g,implicit,42,50,520028160,825.338623046875,276.474609375,0.7005909085273743,2.284685611724853,0.0049160849303007
6jz9o5p4,pgfm_2g,implicit,42,50,530022400,851.05029296875,287.6455078125,0.6811818480491638,2.3363494873046875,0.0045586442574858
6jz9o5p4,pgfm_2g,implicit,42,50,540016640,863.991455078125,289.2138671875,0.7259047627449036,2.3649139404296875,0.0043434761464595
6jz9o5p4,pgfm_2g,implicit,42,50,550010880,868.5723876953125,292.7587890625,0.7191612720489502,2.413684129714966,0.0042669712565839
6jz9o5p4,pgfm_2g,implicit,42,50,560005120,848.646728515625,287.4814453125,0.7125307321548462,2.316126108169556,0.004444268066436
6jz9o5p4,pgfm_2g,implicit,42,50,570081280,857.1331787109375,291.51953125,0.7197449803352356,2.3596620559692383,0.004287994466722
6jz9o5p4,pgfm_2g,implicit,42,50,580075520,864.0054931640625,288.2978515625,0.6877524852752686,2.314573049545288,0.0045026140287518
6jz9o5p4,pgfm_2g,implicit,42,50,590069760,842.8890380859375,283.5078125,0.7163612842559814,2.2889537811279297,0.004547662101686
6jz9o5p4,pgfm_2g,implicit,42,50,600064000,855.8819580078125,292.1259765625,0.7051349878311157,2.3183393478393555,0.0042189238592982
6jz9o5p4,pgfm_2g,implicit,42,50,610058240,873.8312377929688,292.3916015625,0.6897491812705994,2.290787696838379,0.0043150633573532
6jz9o5p4,pgfm_2g,implicit,42,50,620052480,897.081787109375,294.548828125,0.6906740069389343,2.293949604034424,0.0042377263307571
6jz9o5p4,pgfm_2g,implicit,42,50,630046720,861.3502197265625,285.708984375,0.7653295993804932,2.2935383319854736,0.0044375667348504
6jz9o5p4,pgfm_2g,implicit,42,50,640040960,864.455810546875,284.53515625,0.7015843987464905,2.275346279144287,0.004645936191082
6jz9o5p4,pgfm_2g,implicit,42,50,650035200,866.715576171875,286.892578125,0.6903178691864014,2.262324810028076,0.0044980007223784
6jz9o5p4,pgfm_2g,implicit,42,50,660029440,889.472900390625,292.470703125,0.6837750673294067,2.3078556060791016,0.0043349908664822
6jz9o5p4,pgfm_2g,implicit,42,50,670023680,862.96240234375,285.416015625,0.6634855270385742,2.353323221206665,0.0044325469061732
6jz9o5p4,pgfm_2g,implicit,42,50,680017920,870.1116943359375,290.30859375,0.6695986986160278,2.2935571670532227,0.0042926697060465
6jz9o5p4,pgfm_2g,implicit,42,50,690012160,830.7577514648438,285.84765625,0.714221179485321,2.386316537857056,0.0044691041111946
6jz9o5p4,pgfm_2g,implicit,42,50,700006400,821.1536865234375,278.61328125,0.7168817520141602,2.293108463287353,0.0046999482437968
6jz9o5p4,pgfm_2g,implicit,42,50,710000640,828.3021240234375,279.826171875,0.7349445819854736,2.355852603912353,0.0046871025115251
6jz9o5p4,pgfm_2g,implicit,42,50,720076800,832.1806030273438,280.60546875,0.7055513858795166,2.329838514328003,0.0047218012623488
6jz9o5p4,pgfm_2g,implicit,42,50,730071040,859.5421142578125,283.6689453125,0.7306569814682007,2.3133199214935303,0.0046273875050246
6jz9o5p4,pgfm_2g,implicit,42,50,740065280,849.377197265625,283.1494140625,0.7615889310836792,2.28757905960083,0.004765753634274
6jz9o5p4,pgfm_2g,implicit,42,50,750059520,871.816650390625,290.408203125,0.7562119960784912,2.3535802364349365,0.0043171257711946
6jz9o5p4,pgfm_2g,implicit,42,50,760053760,856.5971069335938,287.1953125,0.750846803188324,2.328709125518799,0.0044346470385789
6jz9o5p4,pgfm_2g,implicit,42,50,770048000,878.4234619140625,290.1845703125,0.7643834352493286,2.3573689460754395,0.0043826671317219
6jz9o5p4,pgfm_2g,implicit,42,50,780042240,866.6607666015625,288.9599609375,0.7712711095809937,2.3254616260528564,0.0044199735857546
6jz9o5p4,pgfm_2g,implicit,42,50,790036480,856.9623413085938,283.556640625,0.7760379314422607,2.3144567012786865,0.004609134979546
6jz9o5p4,pgfm_2g,implicit,42,50,800030720,856.922607421875,286.3779296875,0.7603124976158142,2.28092098236084,0.004368538968265
6jz9o5p4,pgfm_2g,implicit,42,50,810024960,857.821533203125,288.6484375,0.7633503079414368,2.370136260986328,0.0043080965988337
6jz9o5p4,pgfm_2g,implicit,42,50,820019200,835.640625,284.3642578125,0.8396412134170532,2.300799608230591,0.004643318708986
6jz9o5p4,pgfm_2g,implicit,42,50,830013440,847.7415771484375,284.6767578125,0.8231862187385559,2.395537614822388,0.0045986250042915
6jz9o5p4,pgfm_2g,implicit,42,50,840007680,858.8319091796875,290.486328125,0.805608868598938,2.408396482467652,0.004258963279426
6jz9o5p4,pgfm_2g,implicit,42,50,850001920,829.4456787109375,283.3974609375,0.8571619391441345,2.41378116607666,0.0046818940900266
6jz9o5p4,pgfm_2g,implicit,42,50,860078080,825.5674438476562,277.533203125,0.8092297315597534,2.297952651977539,0.0048218369483947
6jz9o5p4,pgfm_2g,implicit,42,50,870072320,853.9366455078125,287.1748046875,0.8189139366149902,2.3362245559692383,0.0045177796855568
6jz9o5p4,pgfm_2g,implicit,42,50,880066560,872.4969482421875,292.318359375,0.8222689032554626,2.391709089279175,0.0042647086083889
6jz9o5p4,pgfm_2g,implicit,42,50,890060800,849.8316650390625,288.939453125,0.8462907671928406,2.398333072662353,0.0044122207909822
6jz9o5p4,pgfm_2g,implicit,42,50,900055040,825.3079833984375,284.1396484375,0.8483062982559204,2.408884048461914,0.0045075248926877
6jz9o5p4,pgfm_2g,implicit,42,50,910049280,839.295654296875,288.271484375,0.8495277166366577,2.4638185501098637,0.0043217968195676
6jz9o5p4,pgfm_2g,implicit,42,50,920043520,835.4087524414062,286.83984375,0.7828818559646606,2.4744019508361816,0.0045339921489357
6jz9o5p4,pgfm_2g,implicit,42,50,930037760,845.1099243164062,291.22265625,0.8811327219009399,2.4984726905822754,0.0042219394817948
6jz9o5p4,pgfm_2g,implicit,42,50,940032000,849.0445556640625,291.8203125,0.8560961484909058,2.4427690505981445,0.0042221499606966
6jz9o5p4,pgfm_2g,implicit,42,50,950026240,858.254638671875,290.7236328125,0.8457762002944946,2.432446241378784,0.0042446088045835
6jz9o5p4,pgfm_2g,implicit,42,50,960020480,805.4398193359375,280.0625,0.8703136444091797,2.4036130905151367,0.0046749901957809
6jz9o5p4,pgfm_2g,implicit,42,50,970014720,823.1248168945312,287.431640625,0.8831634521484375,2.448413848876953,0.0043026865459978
6jz9o5p4,pgfm_2g,implicit,42,50,980008960,837.7752685546875,288.638671875,0.8386876583099365,2.425330400466919,0.0043652327731251
6jz9o5p4,pgfm_2g,implicit,42,50,990003200,842.9979248046875,286.1865234375,0.8041679859161377,2.439703941345215,0.0044488394632935
6jz9o5p4,pgfm_2g,implicit,42,50,1000079360,853.6546630859375,288.982421875,0.8226311206817627,2.428873062133789,0.0043011866509914
6jz9o5p4,pgfm_2g,implicit,42,50,1010073600,834.4027099609375,287.783203125,0.8480895757675171,2.455330848693848,0.0043435469269752
6jz9o5p4,pgfm_2g,implicit,42,50,1020067840,825.1174926757812,283.703125,0.8435218930244446,2.4562878608703613,0.0045999875292181
6jz9o5p4,pgfm_2g,implicit,42,50,1030062080,829.1253051757812,285.1181640625,0.8511570692062378,2.473076820373535,0.004394784104079
6jz9o5p4,pgfm_2g,implicit,42,50,1040056320,851.1767578125,290.5810546875,0.8574534058570862,2.453004837036133,0.0043261004611849
6jz9o5p4,pgfm_2g,implicit,42,50,1050050560,815.7860107421875,281.0498046875,0.8524951934814453,2.3578009605407715,0.0045629534870386
6jz9o5p4,pgfm_2g,implicit,42,50,1060044800,830.2891235351562,281.3642578125,0.8327073454856873,2.3934130668640137,0.0046368627808988
6jz9o5p4,pgfm_2g,implicit,42,50,1070039040,833.83251953125,282.552734375,0.8612014055252075,2.3682761192321777,0.0046213041059672
6jz9o5p4,pgfm_2g,implicit,42,50,1080033280,847.6588134765625,286.58984375,0.8278442621231079,2.390574216842652,0.0043058134615421
6jz9o5p4,pgfm_2g,implicit,42,50,1090027520,827.0625,285.529296875,0.9011387825012208,2.4114818572998047,0.0043803080916404
6jz9o5p4,pgfm_2g,implicit,42,50,1100021760,819.185791015625,286.4775390625,0.8876623511314392,2.491400957107544,0.0042596394196152
6jz9o5p4,pgfm_2g,implicit,42,50,1110016000,844.945068359375,290.353515625,0.844283938407898,2.4551026821136475,0.0042624548077583
6jz9o5p4,pgfm_2g,implicit,42,50,1120010240,834.0977172851562,287.44921875,0.8966066837310791,2.4717421531677246,0.0044169882312417
6jz9o5p4,pgfm_2g,implicit,42,50,1130004480,830.5089111328125,285.16796875,0.9028903841972352,2.427522659301758,0.0045799110084772
6jz9o5p4,pgfm_2g,implicit,42,50,1140080640,821.1405029296875,288.8076171875,0.9252794981002808,2.4696412086486816,0.0043635005131363
6jz9o5p4,pgfm_2g,implicit,42,50,1150074880,828.4346923828125,288.7705078125,0.8743863105773926,2.4318885803222656,0.0043173707090318
6jz9o5p4,pgfm_2g,implicit,42,50,1160069120,856.9925537109375,292.021484375,0.8898048400878906,2.409935474395752,0.0042028254829347
6jz9o5p4,pgfm_2g,implicit,42,50,1170063360,865.8673095703125,295.4619140625,0.8465945720672607,2.3627216815948486,0.0042346995323896
6jz9o5p4,pgfm_2g,implicit,42,50,1180057600,859.5780029296875,295.53515625,0.8882091045379639,2.3893303871154785,0.0040581109933555
6jz9o5p4,pgfm_2g,implicit,42,50,1190051840,856.0267333984375,292.0693359375,0.8692694902420044,2.384420394897461,0.004201641306281
6jz9o5p4,pgfm_2g,implicit,42,50,1200046080,839.3745727539062,286.4013671875,0.8734531402587891,2.4002647399902344,0.0046242331154644
6jz9o5p4,pgfm_2g,implicit,42,50,1210040320,841.0648803710938,287.6611328125,0.8835567235946655,2.501812219619751,0.0043398682028055
6jz9o5p4,pgfm_2g,implicit,42,50,1220034560,864.5257568359375,292.1220703125,0.8811864852905273,2.422367572784424,0.0041962279938161
6jz9o5p4,pgfm_2g,implicit,42,50,1230028800,838.526611328125,286.2724609375,0.8857464790344238,2.373929977416992,0.0043999762274324
6jz9o5p4,pgfm_2g,implicit,42,50,1240023040,849.5328979492188,290.8896484375,0.8691427707672119,2.4295928478240967,0.0044062607921659
6jz9o5p4,pgfm_2g,implicit,42,50,1250017280,814.1444091796875,284.72265625,0.8880499601364136,2.5274405479431152,0.0043806871399283
6jz9o5p4,pgfm_2g,implicit,42,50,1260011520,834.3394775390625,286.4873046875,0.8940749168395996,2.489659786224365,0.0044442769140005
6jz9o5p4,pgfm_2g,implicit,42,50,1270005760,818.0494384765625,281.7998046875,0.939866065979004,2.4886040687561035,0.0046232477761805
6jz9o5p4,pgfm_2g,implicit,42,50,1280000000,809.801513671875,279.44140625,0.95965176820755,2.496301889419556,0.0046451538801193
6jz9o5p4,pgfm_2g,implicit,42,50,1290076160,784.5291137695312,273.5849609375,0.9563069939613342,2.4679605960845947,0.0048097912222146
6jz9o5p4,pgfm_2g,implicit,42,50,1300070400,826.825439453125,285.6865234375,0.9581637382507324,2.468444347381592,0.0045398152433335
6jz9o5p4,pgfm_2g,implicit,42,50,1310064640,831.917724609375,288.521484375,0.9299955368041992,2.507373571395874,0.0043109022080898
6jz9o5p4,pgfm_2g,implicit,42,50,1320058880,818.714599609375,281.076171875,0.92416512966156,2.4506447315216064,0.0045719039626419
6jz9o5p4,pgfm_2g,implicit,42,50,1330053120,807.5943603515625,276.7255859375,0.9842007160186768,2.4528701305389404,0.0047490643337368
6jz9o5p4,pgfm_2g,implicit,42,50,1340047360,798.8472900390625,277.7265625,0.915458917617798,2.524788379669189,0.004686418455094
6jz9o5p4,pgfm_2g,implicit,42,50,1350041600,816.34375,278.3681640625,0.9096413850784302,2.480151653289795,0.0046757739037275
6jz9o5p4,pgfm_2g,implicit,42,50,1360035840,766.2586669921875,271.654296875,0.9473235011100768,2.4894864559173584,0.0049267285503447
6jz9o5p4,pgfm_2g,implicit,42,50,1370030080,772.1036987304688,274.376953125,1.0011811256408691,2.5821332931518555,0.0048297285102307
6jz9o5p4,pgfm_2g,implicit,42,50,1380024320,809.796875,281.4833984375,0.9561959505081176,2.5744194984436035,0.0045802174136042
6jz9o5p4,pgfm_2g,implicit,42,50,1390018560,820.405029296875,284.0537109375,0.9392801523208618,2.4837899208068848,0.0045352317392826
6jz9o5p4,pgfm_2g,implicit,42,50,1400012800,797.8015747070312,275.8310546875,0.9008485078811646,2.530587673187256,0.0047915498726069
6jz9o5p4,pgfm_2g,implicit,42,50,1410007040,803.8795166015625,277.32421875,0.9228248596191406,2.6007745265960693,0.0046269628219306
6jz9o5p4,pgfm_2g,implicit,42,50,1420001280,827.7183837890625,286.0087890625,0.9469056129455566,2.585436582565308,0.0043247686699032
6jz9o5p4,pgfm_2g,implicit,42,50,1430077440,806.4376220703125,279.5263671875,0.9373509883880616,2.595449447631836,0.0045214495621621
6jz9o5p4,pgfm_2g,implicit,42,50,1440071680,805.1663208007812,276.5458984375,0.9234936237335204,2.530221939086914,0.0046668676659464
6jz9o5p4,pgfm_2g,implicit,42,50,1450065920,814.525390625,284.1142578125,0.9664190411567688,2.6132736206054688,0.0044065648689866
6jz9o5p4,pgfm_2g,implicit,42,50,1460060160,817.0943603515625,281.19921875,0.9446144700050354,2.578373908996582,0.0044180694967508
6jz9o5p4,pgfm_2g,implicit,42,50,1470054400,846.1259765625,287.4140625,0.9622188210487366,2.5111007690429688,0.0043747294694185
6jz9o5p4,pgfm_2g,implicit,42,50,1480048640,831.8202514648438,287.5546875,0.9739581942558287,2.529505491256714,0.0043660285882651
6jz9o5p4,pgfm_2g,implicit,42,50,1490042880,791.7537841796875,274.546875,0.9861813187599182,2.576899528503418,0.0046441182494163
6jz9o5p4,pgfm_2g,implicit,42,50,1500037120,833.244384765625,286.8271484375,1.0098190307617188,2.554920196533203,0.0043640220537781
6jz9o5p4,pgfm_2g,implicit,42,50,1510031360,725.7724609375,258.8447265625,1.081819772720337,2.510324001312256,0.0053579322993755
6jz9o5p4,pgfm_2g,implicit,42,50,1520025600,787.8282470703125,275.0908203125,1.022566318511963,2.525228977203369,0.0047104880213737
6jz9o5p4,pgfm_2g,implicit,42,50,1530019840,793.229736328125,276.3134765625,1.0306804180145264,2.549022674560547,0.0046429522335529
6jz9o5p4,pgfm_2g,implicit,42,50,1540014080,806.958984375,283.0302734375,1.0716134309768677,2.550999402999878,0.0044124913401901
6jz9o5p4,pgfm_2g,implicit,42,50,1550008320,815.9017944335938,279.46875,1.0744585990905762,2.4990782737731934,0.004515416920185
6jz9o5p4,pgfm_2g,implicit,42,50,1560002560,818.1187744140625,286.0986328125,1.0543971061706543,2.5512351989746094,0.004411706700921
6jz9o5p4,pgfm_2g,implicit,42,50,1570078720,800.4249267578125,282.630859375,1.089390993118286,2.5565345287323,0.0045305471867322
6jz9o5p4,pgfm_2g,implicit,42,50,1580072960,807.4888916015625,281.9990234375,1.0297722816467283,2.54817008972168,0.0044614821672439
6jz9o5p4,pgfm_2g,implicit,42,50,1590067200,828.63525390625,289.6953125,1.0123422145843506,2.538249492645264,0.0043920064345002
6jz9o5p4,pgfm_2g,implicit,42,50,1600061440,840.5991821289062,290.4013671875,1.001831293106079,2.5026965141296387,0.0043556615710258
6jz9o5p4,pgfm_2g,implicit,42,50,1610055680,813.1741943359375,285.7578125,1.042025089263916,2.53774356842041,0.0045207533985376
6jz9o5p4,pgfm_2g,implicit,42,50,1620049920,802.138916015625,287.4482421875,1.049816608428955,2.5791356563568115,0.0043411371298134
6jz9o5p4,pgfm_2g,implicit,42,50,1630044160,764.0201416015625,272.6279296875,1.083179950714111,2.5348997116088867,0.004953933879733
6jz9o5p4,pgfm_2g,implicit,42,50,1640038400,725.9519653320312,265.3369140625,1.1058073043823242,2.541432380676269,0.0049736173823475
6jz9o5p4,pgfm_2g,implicit,42,50,1650032640,762.6473388671875,270.88671875,1.123070240020752,2.64175796508789,0.0048459735698997
6jz9o5p4,pgfm_2g,implicit,42,50,1660026880,754.0443115234375,270.5009765625,1.1665983200073242,2.6864542961120605,0.0047588674351572
6jz9o5p4,pgfm_2g,implicit,42,50,1670021120,791.9634399414062,277.80078125,1.14584481716156,2.5943703651428223,0.0046143271028995
6jz9o5p4,pgfm_2g,implicit,42,50,1680015360,787.73046875,278.8994140625,1.1549322605133057,2.6325511932373047,0.0045349998399615
6jz9o5p4,pgfm_2g,implicit,42,50,1690009600,722.5179443359375,258.998046875,1.1715831756591797,2.540970802307129,0.0050797364674508
6jz9o5p4,pgfm_2g,implicit,42,50,1700003840,740.2261962890625,264.2666015625,1.1245901584625244,2.624455451965332,0.0049787475727498
6jz9o5p4,pgfm_2g,implicit,42,50,1710080000,772.2745361328125,273.8203125,1.1760849952697754,2.5902109146118164,0.0047712959349155
6jz9o5p4,pgfm_2g,implicit,42,50,1720074240,784.0985107421875,276.724609375,1.1254358291625977,2.579725980758667,0.0048739495687186
6jz9o5p4,pgfm_2g,implicit,42,50,1730068480,790.2286987304688,274.310546875,1.1139620542526243,2.54121732711792,0.0046754758805036
6jz9o5p4,pgfm_2g,implicit,42,50,1740062720,824.2474975585938,284.283203125,1.0232290029525757,2.493894577026367,0.0044228164479136
6jz9o5p4,pgfm_2g,implicit,42,50,1750056960,808.4445190429688,282.48046875,1.0753415822982788,2.538859844207764,0.004450041335076
6jz9o5p4,pgfm_2g,implicit,42,50,1760051200,799.0623168945312,276.1943359375,1.1112806797027588,2.511672019958496,0.0046000154688954
6jz9o5p4,pgfm_2g,implicit,42,50,1770045440,805.3736572265625,277.732421875,1.0434000492095947,2.497566938400269,0.0047880304045975
6jz9o5p4,pgfm_2g,implicit,42,50,1780039680,803.97119140625,279.177734375,1.0926486253738403,2.5566203594207764,0.0045175696723163
6jz9o5p4,pgfm_2g,implicit,42,50,1790033920,844.6307373046875,291.1943359375,1.0665451288223269,2.4990413188934326,0.0042476747184991
6jz9o5p4,pgfm_2g,implicit,42,50,1800028160,812.2603759765625,283.3603515625,1.0594229698181152,2.4814703464508057,0.0045638810843229
6jz9o5p4,pgfm_2g,implicit,42,50,1810022400,810.662841796875,282.9833984375,1.0611891746520996,2.50093936920166,0.0045452169142663
6jz9o5p4,pgfm_2g,implicit,42,50,1820016640,802.0709228515625,281.1357421875,1.0345133543014526,2.528303623199463,0.0047397762537002
6jz9o5p4,pgfm_2g,implicit,42,50,1830010880,797.0382690429688,279.3291015625,1.0704693794250488,2.5077366828918457,0.0046801692806184
6jz9o5p4,pgfm_2g,implicit,42,50,1840005120,816.7355346679688,286.3779296875,1.0096805095672607,2.523487091064453,0.0044443490915
6jz9o5p4,pgfm_2g,implicit,42,50,1850081280,838.0403442382812,288.4541015625,1.0044033527374268,2.5122690200805664,0.0043348013423383
6jz9o5p4,pgfm_2g,implicit,42,50,1860075520,811.3353881835938,284.1474609375,1.023295760154724,2.539050340652466,0.0046100411564111
6jz9o5p4,pgfm_2g,implicit,42,50,1870069760,829.14013671875,287.0947265625,1.073927879333496,2.508874654769897,0.0044061746448278
6jz9o5p4,pgfm_2g,implicit,42,50,1880064000,827.249755859375,285.146484375,1.0132501125335691,2.510690212249756,0.0044810096733272
6jz9o5p4,pgfm_2g,implicit,42,50,1890058240,819.7811889648438,282.4287109375,1.0542534589767456,2.4675631523132324,0.0044982796534895
6jz9o5p4,pgfm_2g,implicit,42,50,1900052480,820.0367431640625,287.572265625,1.0427203178405762,2.5032501220703125,0.0044002151116728
6jz9o5p4,pgfm_2g,implicit,42,50,1910046720,793.51220703125,277.814453125,1.0286415815353394,2.5100722312927246,0.0046387426555156
6jz9o5p4,pgfm_2g,implicit,42,50,1920040960,810.932373046875,285.4296875,1.0053077936172483,2.490175247192383,0.0044041248038411
6jz9o5p4,pgfm_2g,implicit,42,50,1930035200,778.1404418945312,274.9443359375,1.0705068111419678,2.4820780754089355,0.0048562260344624
6jz9o5p4,pgfm_2g,implicit,42,50,1940029440,808.3101806640625,281.443359375,1.0106709003448486,2.514617443084717,0.0044979350641369
6jz9o5p4,pgfm_2g,implicit,42,50,1950023680,830.822509765625,287.6201171875,0.9989385008811952,2.505342960357666,0.0042731165885925
6jz9o5p4,pgfm_2g,implicit,42,50,1960017920,821.0755615234375,286.5966796875,0.988902747631073,2.500494241714477,0.0042189098894596
6jz9o5p4,pgfm_2g,implicit,42,50,1970012160,810.0573120117188,284.3056640625,1.0138636827468872,2.4929919242858887,0.0044344710186123
6jz9o5p4,pgfm_2g,implicit,42,50,1980006400,823.4122924804688,289.115234375,0.9892414808273317,2.503523349761963,0.0043626502156257
6jz9o5p4,pgfm_2g,implicit,42,50,1990000640,819.5653076171875,287.10546875,1.0000572204589844,2.485759735107422,0.0043581966310739
6jz9o5p4,pgfm_2g,implicit,42,50,2000076800,809.0042114257812,281.984375,1.0068347454071045,2.5273327827453613,0.0045826151035726
nsfdsuk2,pgfm_2g,implicit,42,0,10076160,632.2279052734375,235.3818359375,0.5287059545516968,2.530984401702881,0.0087022501975297
nsfdsuk2,pgfm_2g,implicit,42,0,20070400,747.38427734375,256.40234375,0.5183697938919067,2.4169178009033203,0.0076901945285499
nsfdsuk2,pgfm_2g,implicit,42,0,30064640,837.7091674804688,265.3173828125,0.4453997015953064,2.184403419494629,0.0068958788178861
nsfdsuk2,pgfm_2g,implicit,42,0,40058880,949.25634765625,281.6953125,0.4271293878555298,2.005265712738037,0.0056400662288069
nsfdsuk2,pgfm_2g,implicit,42,0,50053120,1044.391357421875,304.03125,0.4194139838218689,1.976876974105835,0.0042993389070034
nsfdsuk2,pgfm_2g,implicit,42,0,60047360,1160.283935546875,328.33984375,0.4470917284488678,1.96390163898468,0.0035409764386713
nsfdsuk2,pgfm_2g,implicit,42,0,70041600,1266.5164794921875,347.5458984375,0.4590711593627929,1.8579754829406736,0.002874321071431
nsfdsuk2,pgfm_2g,implicit,42,0,80035840,1512.900146484375,411.298828125,0.4924593567848205,1.804829835891724,0.0010536450427025
nsfdsuk2,pgfm_2g,implicit,42,0,90030080,1632.3330078125,421.18359375,0.4559146463871002,1.6193723678588867,0.0007413012208417
nsfdsuk2,pgfm_2g,implicit,42,0,100024320,1691.807373046875,425.357421875,0.4324885010719299,1.5151190757751465,0.0006481548771262
nsfdsuk2,pgfm_2g,implicit,42,0,110018560,1738.244873046875,427.697265625,0.426161527633667,1.4579514265060425,0.0005196600104682
nsfdsuk2,pgfm_2g,implicit,42,0,120012800,1791.5743408203125,433.09375,0.4396272897720337,1.391331672668457,0.0004039113991893
nsfdsuk2,pgfm_2g,implicit,42,0,130007040,1834.1947021484373,439.3095703125,0.4184922575950622,1.3673436641693115,0.0002331499708816
nsfdsuk2,pgfm_2g,implicit,42,0,140001280,1833.551513671875,436.2841796875,0.4210226237773895,1.3513007164001465,0.0003079626185353
nsfdsuk2,pgfm_2g,implicit,42,0,150077440,1849.6614990234373,437.7197265625,0.4254829883575439,1.335597038269043,0.0002485598088242
nsfdsuk2,pgfm_2g,implicit,42,0,160071680,1870.752197265625,439.9169921875,0.4191378057003021,1.3077352046966553,0.0001717230770736
nsfdsuk2,pgfm_2g,implicit,42,0,170065920,1892.2763671875,441.203125,0.4170562922954559,1.2858843803405762,0.0001569448213558
nsfdsuk2,pgfm_2g,implicit,42,0,180060160,1907.65283203125,442.9150390625,0.4071587324142456,1.262237548828125,0.0001063695526681
nsfdsuk2,pgfm_2g,implicit,42,0,190054400,1910.70947265625,442.1640625,0.4087523818016052,1.2658114433288574,0.0001332150422967
nsfdsuk2,pgfm_2g,implicit,42,0,200048640,1913.036865234375,441.556640625,0.414261907339096,1.2657616138458252,0.0001366565120406
nsfdsuk2,pgfm_2g,implicit,42,0,210042880,1929.2720947265625,444.7529296875,0.4113770127296448,1.2617380619049072,5.291928391670808e-05
nsfdsuk2,pgfm_2g,implicit,42,0,220037120,1927.137451171875,443.15625,0.4105303585529327,1.2448686361312866,9.399362897966056e-05
nsfdsuk2,pgfm_2g,implicit,42,0,230031360,1936.8226318359373,445.19140625,0.4100313782691955,1.2575536966323853,4.861425986746326e-05
nsfdsuk2,pgfm_2g,implicit,42,0,240025600,1925.989013671875,441.470703125,0.413041353225708,1.2332377433776855,0.000144198842463
nsfdsuk2,pgfm_2g,implicit,42,0,250019840,1925.470947265625,441.0107421875,0.4176021218299866,1.2569642066955566,0.000180647461093
nsfdsuk2,pgfm_2g,implicit,42,0,260014080,1939.2867431640625,442.9892578125,0.4113525748252868,1.2384312152862549,0.0001077205524779
nsfdsuk2,pgfm_2g,implicit,42,0,270008320,1954.198486328125,444.2099609375,0.4099789559841156,1.2220821380615234,7.876515155658126e-05
nsfdsuk2,pgfm_2g,implicit,42,0,280002560,1957.047119140625,444.708984375,0.4167131781578064,1.2123746871948242,5.880915705347434e-05
nsfdsuk2,pgfm_2g,implicit,42,0,290078720,1953.0933837890625,443.904296875,0.4176665842533111,1.2170641422271729,7.63623247621581e-05
nsfdsuk2,pgfm_2g,implicit,42,0,300072960,1951.7127685546875,443.61328125,0.4192694425582886,1.2178493738174438,9.15410346351564e-05
nsfdsuk2,pgfm_2g,implicit,42,0,310067200,1953.587890625,443.0791015625,0.4205603003501892,1.2105915546417236,8.803010859992355e-05
nsfdsuk2,pgfm_2g,implicit,42,0,320061440,1952.163330078125,443.8251953125,0.4221338629722595,1.2287081480026243,8.243716729339212e-05
nsfdsuk2,pgfm_2g,implicit,42,0,330055680,1951.099365234375,443.048828125,0.4338594675064087,1.2063417434692385,9.48829692788422e-05
nsfdsuk2,pgfm_2g,implicit,42,0,340049920,1962.8983154296875,444.1337890625,0.4355809986591339,1.2052133083343506,8.258070738520473e-05
nsfdsuk2,pgfm_2g,implicit,42,0,350044160,1970.4798583984373,444.7451171875,0.4310232400894165,1.1916974782943726,4.801102113560773e-05
nsfdsuk2,pgfm_2g,implicit,42,0,360038400,1966.239501953125,444.3623046875,0.4307590425014496,1.1990910768508911,5.9915204474236816e-05
nsfdsuk2,pgfm_2g,implicit,42,0,370032640,1964.006103515625,444.2099609375,0.4334565103054046,1.206637263298035,5.742828216170892e-05
nsfdsuk2,pgfm_2g,implicit,42,0,380026880,1975.750244140625,445.4482421875,0.4321464896202087,1.190333604812622,4.048104528919794e-05
nsfdsuk2,pgfm_2g,implicit,42,0,390021120,1977.244384765625,445.880859375,0.4297702312469482,1.1893514394760132,3.091993130510673e-05
nsfdsuk2,pgfm_2g,implicit,42,0,400015360,1981.4644775390625,446.28125,0.4384350478649139,1.1968439817428589,1.726889968267642e-05
nsfdsuk2,pgfm_2g,implicit,42,0,410009600,1970.849365234375,443.791015625,0.4419921338558197,1.1818349361419678,9.135917935054748e-05
nsfdsuk2,pgfm_2g,implicit,42,0,420003840,1978.68310546875,445.25390625,0.4471024572849273,1.1894580125808716,3.483637556200847e-05
nsfdsuk2,pgfm_2g,implicit,42,0,430080000,1982.5321044921875,445.556640625,0.4527613222599029,1.166293025016785,3.2157266105059534e-05
nsfdsuk2,pgfm_2g,implicit,42,0,440074240,1986.10302734375,444.9833984375,0.444251149892807,1.166225552558899,7.039264164632186e-05
nsfdsuk2,pgfm_2g,implicit,42,0,450068480,1989.01904296875,446.48828125,0.4484455585479736,1.163298726081848,1.2223458725202365e-05
nsfdsuk2,pgfm_2g,implicit,42,0,460062720,1992.33203125,446.2822265625,0.4478974342346191,1.1608941555023191,3.7313577195163816e-05
nsfdsuk2,pgfm_2g,implicit,42,0,470056960,1991.938720703125,446.55859375,0.4480127990245819,1.150932788848877,8.61239095684141e-06
nsfdsuk2,pgfm_2g,implicit,42,0,480051200,1994.001220703125,446.837890625,0.4448058605194092,1.1599444150924685,0.0
nsfdsuk2,pgfm_2g,implicit,42,0,490045440,1993.461669921875,445.62109375,0.4492908716201782,1.160881519317627,4.957831697538495e-05
nsfdsuk2,pgfm_2g,implicit,42,0,500039680,1992.7919921875,445.9541015625,0.4483729004859924,1.1543354988098145,2.033022428804543e-05
nsfdsuk2,pgfm_2g,implicit,42,0,510033920,1989.372802734375,445.9267578125,0.4549427628517151,1.1612998247146606,2.4087094061542302e-05
nsfdsuk2,pgfm_2g,implicit,42,0,520028160,1990.662841796875,445.7802734375,0.4644722640514374,1.1639469861984253,4.907077891402878e-05
nsfdsuk2,pgfm_2g,implicit,42,0,530022400,1992.4005126953125,446.0556640625,0.4665749073028564,1.1522897481918335,1.5300174709409475e-05
nsfdsuk2,pgfm_2g,implicit,42,0,540016640,1999.1590576171875,446.4462890625,0.4614986181259155,1.1547949314117432,1.179409991891589e-05
nsfdsuk2,pgfm_2g,implicit,42,0,550010880,1998.60791015625,446.10546875,0.458571195602417,1.148121356964111,1.8598577298689637e-05
nsfdsuk2,pgfm_2g,implicit,42,0,560005120,1995.427001953125,445.8720703125,0.4632010459899902,1.153367042541504,5.889005842618644e-05
nsfdsuk2,pgfm_2g,implicit,42,0,570081280,2003.0655517578125,446.7001953125,0.4504273533821106,1.1430401802062988,3.014081812580116e-06
nsfdsuk2,pgfm_2g,implicit,42,0,580075520,1997.930419921875,446.1044921875,0.4570977091789245,1.1367080211639404,2.017202677961905e-05
nsfdsuk2,pgfm_2g,implicit,42,0,590069760,1996.616455078125,445.306640625,0.4692150354385376,1.1496078968048096,6.224773096619174e-05
nsfdsuk2,pgfm_2g,implicit,42,0,600064000,2005.3367919921875,446.677734375,0.4658397436141968,1.1418055295944214,3.890687366947532e-06
nsfdsuk2,pgfm_2g,implicit,42,0,610058240,1999.3023681640625,446.0869140625,0.4621953964233398,1.1423454284667969,1.793349474610295e-05
nsfdsuk2,pgfm_2g,implicit,42,0,620052480,2005.689697265625,446.744140625,0.4583581089973449,1.129011869430542,4.82358973385999e-06
nsfdsuk2,pgfm_2g,implicit,42,0,630046720,1998.322021484375,445.2353515625,0.4611592888832092,1.1290055513381958,3.832131915260106e-05
nsfdsuk2,pgfm_2g,implicit,42,0,640040960,2007.79541015625,446.837890625,0.4653992652893066,1.135133147239685,0.0
nsfdsuk2,pgfm_2g,implicit,42,0,650035200,2004.424072265625,446.26953125,0.4635475873947143,1.1446261405944824,1.262703699467238e-05
nsfdsuk2,pgfm_2g,implicit,42,0,660029440,2007.0469970703125,446.3427734375,0.4625696241855621,1.1377252340316772,1.628362588235177e-05
nsfdsuk2,pgfm_2g,implicit,42,0,670023680,2004.71923828125,446.333984375,0.4566832780838012,1.1411676406860352,1.0487092367839068e-05
nsfdsuk2,pgfm_2g,implicit,42,0,680017920,2005.6241455078125,446.3330078125,0.4625700116157532,1.1334208250045776,1.1402002201066352e-05
nsfdsuk2,pgfm_2g,implicit,42,0,690012160,2000.029541015625,445.087890625,0.4723955392837524,1.1448346376419067,8.659427840029821e-05
nsfdsuk2,pgfm_2g,implicit,42,0,700006400,2004.0772705078125,446.0537109375,0.4694886803627014,1.1367034912109375,3.780484985327348e-05
nsfdsuk2,pgfm_2g,implicit,42,0,710000640,2005.294189453125,446.837890625,0.473353624343872,1.132301926612854,0.0
nsfdsuk2,pgfm_2g,implicit,42,0,720076800,2004.6307373046875,446.001953125,0.4673350751399994,1.1433700323104858,2.4043563826126046e-05
nsfdsuk2,pgfm_2g,implicit,42,0,730071040,2007.2904052734373,446.625,0.4638384282588959,1.1389296054840088,3.6035517041455023e-06
nsfdsuk2,pgfm_2g,implicit,42,0,740065280,2004.476318359375,446.3017578125,0.4677660465240478,1.145100712776184,1.2527801118267234e-05
nsfdsuk2,pgfm_2g,implicit,42,0,750059520,1999.521240234375,445.794921875,0.4693280458450317,1.1386523246765137,4.854306462220848e-05
nsfdsuk2,pgfm_2g,implicit,42,0,760053760,2005.1025390625,445.5185546875,0.4667495489120483,1.1213457584381104,6.634526653215289e-05
nsfdsuk2,pgfm_2g,implicit,42,0,770048000,2005.4805908203125,446.3720703125,0.4752147197723388,1.1302368640899658,1.8128735973732543e-05
nsfdsuk2,pgfm_2g,implicit,42,0,780042240,2004.392822265625,445.755859375,0.4725247919559479,1.1250619888305664,3.158378603984602e-05
nsfdsuk2,pgfm_2g,implicit,42,0,790036480,2009.759765625,446.30859375,0.4638937413692474,1.119611144065857,1.0100719919137193e-05
nsfdsuk2,pgfm_2g,implicit,42,0,800030720,2011.7791748046875,446.4140625,0.472737580537796,1.1253644227981567,1.1160829672007822e-05
nsfdsuk2,pgfm_2g,implicit,42,0,810024960,2012.0482177734373,446.837890625,0.458544909954071,1.1211316585540771,0.0
nsfdsuk2,pgfm_2g,implicit,42,0,820019200,2010.6942138671875,446.30859375,0.4683545231819153,1.1229677200317385,3.3678836189210415e-05
nsfdsuk2,pgfm_2g,implicit,42,0,830013440,2012.9296875,446.7041015625,0.4632609188556671,1.1269710063934326,2.790178541545174e-06
nsfdsuk2,pgfm_2g,implicit,42,0,840007680,2014.27734375,446.5576171875,0.4692963063716888,1.1258525848388672,5.307404990162468e-06
nsfdsuk2,pgfm_2g,implicit,42,0,850001920,2012.0927734375,446.3173828125,0.4702513813972473,1.1214666366577148,1.4916292457201052e-05
nsfdsuk2,pgfm_2g,implicit,42,0,860078080,2013.364501953125,446.5439453125,0.4804795384407043,1.12644624710083,9.564540050632786e-06
nsfdsuk2,pgfm_2g,implicit,42,0,870072320,2013.962890625,446.5703125,0.4739326238632202,1.1207529306411743,8.02364775154274e-06
nsfdsuk2,pgfm_2g,implicit,42,0,880066560,2014.7694091796875,446.5732421875,0.4830159544944763,1.1261892318725586,7.347020073211752e-06
nsfdsuk2,pgfm_2g,implicit,42,0,890060800,2014.472412109375,446.814453125,0.4886258840560913,1.122316837310791,2.255340632473235e-06
nsfdsuk2,pgfm_2g,implicit,42,0,900055040,2010.406494140625,445.7783203125,0.4856120944023132,1.1160638332366943,3.114113133051433e-05
nsfdsuk2,pgfm_2g,implicit,42,0,910049280,2017.3541259765625,446.8349609375,0.4741988182067871,1.1285650730133057,2.104660552504356e-06
nsfdsuk2,pgfm_2g,implicit,42,0,920043520,2017.7559814453125,446.677734375,0.4835714101791382,1.123775839805603,3.061324605369009e-06
nsfdsuk2,pgfm_2g,implicit,42,0,930037760,2016.162841796875,446.8203125,0.4822149276733398,1.1173439025878906,2.2658064153802115e-06
nsfdsuk2,pgfm_2g,implicit,42,0,940032000,2017.1226806640625,446.7109375,0.4795462489128113,1.1190513372421265,5.19086006534053e-06
nsfdsuk2,pgfm_2g,implicit,42,0,950026240,2014.7186279296875,445.732421875,0.4905250668525696,1.1213444471359253,5.85857815167401e-05
nsfdsuk2,pgfm_2g,implicit,42,0,960020480,2019.242431640625,446.6630859375,0.4797608554363251,1.1250991821289062,3.906250185536919e-06
nsfdsuk2,pgfm_2g,implicit,42,0,970014720,2018.1534423828125,446.474609375,0.4807216227054596,1.1148173809051514,3.150201519019902e-05
nsfdsuk2,pgfm_2g,implicit,42,0,980008960,2018.72021484375,446.185546875,0.4914634823799133,1.1126794815063477,1.721993430692237e-05
nsfdsuk2,pgfm_2g,implicit,42,0,990003200,2018.0927734375,446.837890625,0.4916969239711761,1.1256903409957886,0.0
nsfdsuk2,pgfm_2g,implicit,42,0,1000079360,2017.28857421875,446.470703125,0.4860759377479553,1.1182780265808103,3.616898175096139e-05
nsfdsuk2,pgfm_2g,implicit,42,0,1010073600,2017.85107421875,446.7958984375,0.488381564617157,1.1251492500305176,2.4053263132373104e-06
nsfdsuk2,pgfm_2g,implicit,42,0,1020067840,2020.431884765625,446.4990234375,0.4890889525413513,1.1141787767410278,1.743861685099546e-05
nsfdsuk2,pgfm_2g,implicit,42,0,1030062080,2018.733642578125,446.4541015625,0.4883463382720947,1.1176130771636963,1.3348297215998173e-05
nsfdsuk2,pgfm_2g,implicit,42,0,1040056320,2021.358642578125,446.837890625,0.4852166771888733,1.120771884918213,0.0
nsfdsuk2,pgfm_2g,implicit,42,0,1050050560,2018.919921875,446.591796875,0.4893868863582611,1.123857498168945,4.542151145869866e-06
nsfdsuk2,pgfm_2g,implicit,42,0,1060044800,2017.4508056640625,446.0361328125,0.4975712597370147,1.120516300201416,3.979358370997943e-05
nsfdsuk2,pgfm_2g,implicit,42,0,1070039040,2016.551513671875,445.953125,0.4814220368862152,1.1224567890167236,6.771798507543281e-05
nsfdsuk2,pgfm_2g,implicit,42,0,1080033280,2020.44189453125,446.5537109375,0.4873685836791992,1.1191755533218384,6.327264600258786e-06
nsfdsuk2,pgfm_2g,implicit,42,0,1090027520,2023.730712890625,446.837890625,0.4842017590999603,1.1166690587997437,0.0
nsfdsuk2,pgfm_2g,implicit,42,0,1100021760,2021.14892578125,446.2236328125,0.4926362633705139,1.1154940128326416,1.4363948139362035e-05
nsfdsuk2,pgfm_2g,implicit,42,0,1110016000,2017.2822265625,446.837890625,0.4934914112091064,1.1356810331344604,0.0
nsfdsuk2,pgfm_2g,implicit,42,0,1120010240,2020.9437255859373,446.7197265625,0.490925133228302,1.1149377822875977,3.1913807561068097e-06
nsfdsuk2,pgfm_2g,implicit,42,0,1130004480,2021.97509765625,446.765625,0.4843526482582092,1.122997522354126,2.5497715796518605e-06
nsfdsuk2,pgfm_2g,implicit,42,0,1140080640,2020.512939453125,446.837890625,0.4893541932106018,1.1219619512557983,0.0
nsfdsuk2,pgfm_2g,implicit,42,0,1150074880,2016.138427734375,446.837890625,0.4852195978164673,1.1249768733978271,0.0
nsfdsuk2,pgfm_2g,implicit,42,0,1160069120,2018.8623046875,446.0673828125,0.49405437707901,1.120162010192871,1.715694452286698e-05
nsfdsuk2,pgfm_2g,implicit,42,0,1170063360,2017.7640380859373,446.1142578125,0.4893019199371338,1.1222695112228394,1.552823778183665e-05
nsfdsuk2,pgfm_2g,implicit,42,0,1180057600,2020.95068359375,446.474609375,0.4854229092597961,1.113673210144043,3.150201519019902e-05
nsfdsuk2,pgfm_2g,implicit,42,0,1190051840,2022.266357421875,446.837890625,0.4868268966674804,1.1057796478271484,0.0
nsfdsuk2,pgfm_2g,implicit,42,0,1200046080,2019.214111328125,446.0751953125,0.4946897625923157,1.1083173751831057,1.7379472410539165e-05
nsfdsuk2,pgfm_2g,implicit,42,0,1210040320,2021.870849609375,446.1904296875,0.4940558075904846,1.108354568481445,3.810041016549803e-05
nsfdsuk2,pgfm_2g,implicit,42,0,1220034560,2015.680908203125,445.6806640625,0.4988945126533508,1.1196188926696775,4.3978216126561165e-05
nsfdsuk2,pgfm_2g,implicit,42,0,1230028800,2022.4068603515625,446.2841796875,0.4906628429889679,1.1100623607635498,1.715154394332785e-05
nsfdsuk2,pgfm_2g,implicit,42,0,1240023040,2024.40478515625,446.517578125,0.4941842555999756,1.1132054328918457,6.06560570304282e-06
nsfdsuk2,pgfm_2g,implicit,42,0,1250017280,2022.323974609375,446.837890625,0.4926560521125793,1.1081289052963257,0.0
nsfdsuk2,pgfm_2g,implicit,42,0,1260011520,2021.8939208984373,446.3056640625,0.4924590587615967,1.1060194969177246,4.198123497189954e-05
nsfdsuk2,pgfm_2g,implicit,42,0,1270005760,2022.332763671875,446.5263671875,0.4963811039924621,1.1085611581802368,6.978988494665828e-06
nsfdsuk2,pgfm_2g,implicit,42,0,1280000000,2024.822509765625,446.4541015625,0.4993323087692261,1.1048692464828491,1.7757827663444914e-05
nsfdsuk2,pgfm_2g,implicit,42,0,1290076160,2023.3775634765625,446.142578125,0.5043727159500122,1.1109225749969482,1.831052577472292e-05
nsfdsuk2,pgfm_2g,implicit,42,0,1300070400,2028.259521484375,446.837890625,0.505294680595398,1.1040644645690918,0.0
nsfdsuk2,pgfm_2g,implicit,42,0,1310064640,2024.448974609375,446.46875,0.4972463250160217,1.1057658195495603,7.844381798349787e-06
nsfdsuk2,pgfm_2g,implicit,42,0,1320058880,2025.334228515625,446.4765625,0.5019131302833557,1.1116843223571775,2.9592802093247883e-05
nsfdsuk2,pgfm_2g,implicit,42,0,1330053120,2021.4859619140625,445.9716796875,0.5092393159866333,1.1140280961990356,1.7571208445588127e-05
nsfdsuk2,pgfm_2g,implicit,42,0,1340047360,2025.48828125,446.4853515625,0.5017620325088501,1.099733829498291,2.325148852833081e-05
nsfdsuk2,pgfm_2g,implicit,42,0,1350041600,2023.15380859375,445.9755859375,0.5053540468215942,1.103766918182373,2.3324131689150818e-05
nsfdsuk2,pgfm_2g,implicit,42,0,1360035840,2021.269287109375,446.6103515625,0.4950260519981384,1.0965003967285156,4.1379767026228365e-06
nsfdsuk2,pgfm_2g,implicit,42,0,1370030080,2023.13232421875,446.763671875,0.5090819001197815,1.1003293991088867,2.618130110931816e-06
nsfdsuk2,pgfm_2g,implicit,42,0,1380024320,2024.1536865234373,446.1708984375,0.5095174908638,1.0980888605117798,1.841420998971444e-05
nsfdsuk2,pgfm_2g,implicit,42,0,1390018560,2024.5751953125,446.3671875,0.5167908072471619,1.1077182292938232,1.2425742170307784e-05
nsfdsuk2,pgfm_2g,implicit,42,0,1400012800,2025.1488037109373,446.251953125,0.4979224503040313,1.1071107387542725,2.1071660739835352e-05
nsfdsuk2,pgfm_2g,implicit,42,0,1410007040,2022.6036376953125,445.6865234375,0.5007335543632507,1.0986157655715942,3.1765383027959615e-05
nsfdsuk2,pgfm_2g,implicit,42,0,1420001280,2022.329833984375,445.416015625,0.503962516784668,1.0983035564422607,6.198189657879993e-05
nsfdsuk2,pgfm_2g,implicit,42,0,1430077440,2027.5374755859373,446.6357421875,0.5062564611434937,1.1000808477401731,4.245923719281564e-06
nsfdsuk2,pgfm_2g,implicit,42,0,1440071680,2025.668701171875,446.2021484375,0.5007402896881104,1.1020886898040771,4.635028017219156e-05
nsfdsuk2,pgfm_2g,implicit,42,0,1450065920,2023.729248046875,446.466796875,0.4936524629592895,1.1081511974334717,1.812130540201906e-05
nsfdsuk2,pgfm_2g,implicit,42,0,1460060160,2028.048583984375,446.5654296875,0.4931703805923462,1.0960029363632202,5.7444854064669926e-06
nsfdsuk2,pgfm_2g,implicit,42,0,1470054400,2026.48193359375,446.7919921875,0.5011146664619446,1.0966434478759766,2.4660669168952154e-06
nsfdsuk2,pgfm_2g,implicit,42,0,1480048640,2027.3895263671875,446.837890625,0.4988488554954529,1.100764513015747,0.0
nsfdsuk2,pgfm_2g,implicit,42,0,1490042880,2024.052978515625,446.6181640625,0.4961788058280945,1.091062307357788,3.699100261655986e-06
nsfdsuk2,pgfm_2g,implicit,42,0,1500037120,2029.0921630859373,446.837890625,0.4987029433250427,1.0947551727294922,0.0
nsfdsuk2,pgfm_2g,implicit,42,0,1510031360,2024.933349609375,446.5341796875,0.4979920983314514,1.108728289604187,7.402086339425296e-06
nsfdsuk2,pgfm_2g,implicit,42,0,1520025600,2023.260986328125,445.7802734375,0.4988948106765747,1.1047511100769043,5.183587200008333e-05
nsfdsuk2,pgfm_2g,implicit,42,0,1530019840,2027.3262939453125,446.4013671875,0.4988917410373688,1.1008220911026,8.88309659785591e-06
nsfdsuk2,pgfm_2g,implicit,42,0,1540014080,2028.0068359375,446.4091796875,0.5080223083496094,1.1077390909194946,1.0578998626442626e-05
nsfdsuk2,pgfm_2g,implicit,42,0,1550008320,2030.4617919921875,446.837890625,0.5034111738204956,1.0977783203125,0.0
nsfdsuk2,pgfm_2g,implicit,42,0,1560002560,2027.36962890625,446.6123046875,0.4979698657989502,1.1067761182785034,4.1379767026228365e-06
nsfdsuk2,pgfm_2g,implicit,42,0,1570078720,2028.0703125,446.5849609375,0.5018287897109985,1.0987908840179443,4.245923719281564e-06
nsfdsuk2,pgfm_2g,implicit,42,0,1580072960,2029.34765625,446.5244140625,0.5028532147407532,1.1015384197235107,1.1909298336831853e-05
nsfdsuk2,pgfm_2g,implicit,42,0,1590067200,2029.986572265625,446.529296875,0.5071995258331299,1.1016504764556885,1.1224856280023232e-05
nsfdsuk2,pgfm_2g,implicit,42,0,1600061440,2028.4847412109373,446.4501953125,0.5039712190628052,1.0997562408447266,1.627604251552839e-05
nsfdsuk2,pgfm_2g,implicit,42,0,1610055680,2025.760986328125,446.33203125,0.5081189870834351,1.0988134145736694,2.164868601539638e-05
nsfdsuk2,pgfm_2g,implicit,42,0,1620049920,2030.3758544921875,446.5673828125,0.5109294652938843,1.0936821699142456,6.781684078305261e-06
nsfdsuk2,pgfm_2g,implicit,42,0,1630044160,2031.392822265625,446.837890625,0.5005201697349548,1.0954298973083496,0.0
nsfdsuk2,pgfm_2g,implicit,42,0,1640038400,2028.03662109375,446.5419921875,0.5113018751144409,1.0911946296691897,6.868011951155495e-06
nsfdsuk2,pgfm_2g,implicit,42,0,1650032640,2030.463623046875,446.509765625,0.5068948268890381,1.0875808000564575,7.103489224391524e-06
nsfdsuk2,pgfm_2g,implicit,42,0,1660026880,2028.6064453125,446.3193359375,0.5030980110168457,1.100277543067932,2.300759297213517e-05
nsfdsuk2,pgfm_2g,implicit,42,0,1670021120,2030.616943359375,446.484375,0.5008665919303894,1.0975006818771362,2.3818596673663706e-05
nsfdsuk2,pgfm_2g,implicit,42,0,1680015360,2032.3995361328125,446.837890625,0.5024911761283875,1.0927650928497314,0.0
nsfdsuk2,pgfm_2g,implicit,42,0,1690009600,2030.13623046875,446.5615234375,0.5028717517852783,1.0916699171066284,7.875503797549754e-06
nsfdsuk2,pgfm_2g,implicit,42,0,1700003840,2031.3135986328125,446.837890625,0.502100944519043,1.0909042358398438,0.0
nsfdsuk2,pgfm_2g,implicit,42,0,1710080000,2031.1693115234373,446.837890625,0.5030247569084167,1.096329927444458,0.0
nsfdsuk2,pgfm_2g,implicit,42,0,1720074240,2029.125244140625,446.837890625,0.4984364509582519,1.0970094203948977,0.0
nsfdsuk2,pgfm_2g,implicit,42,0,1730068480,2031.17138671875,446.7861328125,0.5047773718833923,1.093064785003662,2.4172338726202725e-06
nsfdsuk2,pgfm_2g,implicit,42,0,1740062720,2030.738037109375,446.837890625,0.5119622945785522,1.0996291637420654,0.0
nsfdsuk2,pgfm_2g,implicit,42,0,1750056960,2029.994384765625,446.2197265625,0.5074869990348816,1.0953891277313232,2.86530648736516e-05
nsfdsuk2,pgfm_2g,implicit,42,0,1760051200,2028.09228515625,446.1943359375,0.5045298933982849,1.094578504562378,4.242899740347639e-05
nsfdsuk2,pgfm_2g,implicit,42,0,1770045440,2029.8408203125,446.837890625,0.4991118311882019,1.102326273918152,0.0
nsfdsuk2,pgfm_2g,implicit,42,0,1780039680,2029.4984130859373,446.2578125,0.5097236633300781,1.0918824672698977,2.8047163141309284e-05
nsfdsuk2,pgfm_2g,implicit,42,0,1790033920,2032.503173828125,446.837890625,0.5035637617111206,1.0882530212402344,0.0
nsfdsuk2,pgfm_2g,implicit,42,0,1800028160,2029.968017578125,446.240234375,0.5105042457580566,1.091092586517334,5.525795859284699e-05
nsfdsuk2,pgfm_2g,implicit,42,0,1810022400,2028.33154296875,446.556640625,0.5171087980270386,1.089696168899536,8.133050869219005e-06
nsfdsuk2,pgfm_2g,implicit,42,0,1820016640,2032.535888671875,446.822265625,0.5149057507514954,1.0879566669464111,2.3086583951226203e-06
nsfdsuk2,pgfm_2g,implicit,42,0,1830010880,2028.7015380859373,446.484375,0.5076137185096741,1.0963115692138672,2.3818596673663706e-05
nsfdsuk2,pgfm_2g,implicit,42,0,1840005120,2030.61767578125,446.5361328125,0.5157685279846191,1.096402645111084,7.576229108963162e-06
nsfdsuk2,pgfm_2g,implicit,42,0,1850081280,2032.2373046875,446.837890625,0.5065100193023682,1.0960520505905151,0.0
nsfdsuk2,pgfm_2g,implicit,42,0,1860075520,2034.375244140625,446.837890625,0.5032038688659668,1.0923141241073608,0.0
nsfdsuk2,pgfm_2g,implicit,42,0,1870069760,2033.3709716796875,446.6806640625,0.502590000629425,1.089530348777771,3.150201564494637e-06
nsfdsuk2,pgfm_2g,implicit,42,0,1880064000,2034.062744140625,446.791015625,0.512671172618866,1.085919737815857,2.43531803789665e-06
nsfdsuk2,pgfm_2g,implicit,42,0,1890058240,2032.2623291015625,446.544921875,0.5099297165870667,1.09409499168396,5.166997652850114e-06
nsfdsuk2,pgfm_2g,implicit,42,0,1900052480,2032.4151611328125,446.4736328125,0.5090038776397705,1.0892791748046875,8.71930842549773e-06
nsfdsuk2,pgfm_2g,implicit,42,0,1910046720,2032.9766845703125,446.837890625,0.5102815628051758,1.0872743129730225,0.0
nsfdsuk2,pgfm_2g,implicit,42,0,1920040960,2033.37109375,446.837890625,0.5134512186050415,1.0901933908462524,0.0
nsfdsuk2,pgfm_2g,implicit,42,0,1930035200,2031.315673828125,446.837890625,0.5189996361732483,1.079158067703247,0.0
nsfdsuk2,pgfm_2g,implicit,42,0,1940029440,2029.81103515625,446.271484375,0.5285594463348389,1.0973162651062012,2.7569276426220316e-05
nsfdsuk2,pgfm_2g,implicit,42,0,1950023680,2033.623291015625,446.837890625,0.5199350714683533,1.0945377349853516,0.0
nsfdsuk2,pgfm_2g,implicit,42,0,1960017920,2030.1873779296875,446.2607421875,0.5175275802612305,1.0957016944885254,1.4527464372804388e-05
nsfdsuk2,pgfm_2g,implicit,42,0,1970012160,2030.9522705078125,446.837890625,0.5178003907203674,1.096174716949463,0.0
nsfdsuk2,pgfm_2g,implicit,42,0,1980006400,2029.48876953125,446.271484375,0.5173007249832153,1.0875288248062134,1.4163128071231768e-05
nsfdsuk2,pgfm_2g,implicit,42,0,1990000640,2032.8671875,446.837890625,0.5118839740753174,1.0876436233520508,0.0
nsfdsuk2,pgfm_2g,implicit,42,0,2000076800,2033.510498046875,446.837890625,0.5200741291046143,1.088825821876526,0.0
x1wjdvt9,pgfm_2g,implicit,42,20,10076160,529.3634033203125,209.650390625,0.503006100654602,2.7056870460510254,0.0112088220193982
x1wjdvt9,pgfm_2g,implicit,42,20,20070400,465.242431640625,169.904296875,0.5318645238876343,2.3571314811706543,0.0134503319859504
x1wjdvt9,pgfm_2g,implicit,42,20,30064640,586.005859375,205.3046875,0.5218327045440674,2.426864624023437,0.0106369964778423
x1wjdvt9,pgfm_2g,implicit,42,20,40058880,516.7603759765625,188.626953125,0.5532340407371521,2.436042547225952,0.0105027686804533
x1wjdvt9,pgfm_2g,implicit,42,20,50053120,563.9652099609375,202.98046875,0.5897769927978516,2.44970440864563,0.0096295531839132
x1wjdvt9,pgfm_2g,implicit,42,20,60047360,654.520263671875,232.4921875,0.5779946446418762,2.4704830646514893,0.0081046661362051
x1wjdvt9,pgfm_2g,implicit,42,20,70041600,675.820556640625,239.2744140625,0.5869646668434143,2.4701452255249023,0.0077390554361045
x1wjdvt9,pgfm_2g,implicit,42,20,80035840,602.5623168945312,227.7529296875,0.6011714935302734,2.3794713020324707,0.0084127560257911
x1wjdvt9,pgfm_2g,implicit,42,20,90030080,667.1929931640625,241.78125,0.5839496850967407,2.437640190124512,0.0075759198516607
x1wjdvt9,pgfm_2g,implicit,42,20,100024320,693.8796997070312,246.1767578125,0.5539611577987671,2.3426289558410645,0.0072963964194059
x1wjdvt9,pgfm_2g,implicit,42,20,110018560,728.0096435546875,257.0302734375,0.5689946413040161,2.330944776535034,0.0067329946905374
x1wjdvt9,pgfm_2g,implicit,42,20,120012800,756.8003540039062,261.953125,0.5457540154457092,2.374351978302002,0.0061722416430711
x1wjdvt9,pgfm_2g,implicit,42,20,130007040,733.597412109375,258.7412109375,0.5462584495544434,2.27712345123291,0.0068663600832223
x1wjdvt9,pgfm_2g,implicit,42,20,140001280,787.0435180664062,267.671875,0.575687050819397,2.3740837574005127,0.0061465026810765
x1wjdvt9,pgfm_2g,implicit,42,20,150077440,781.734130859375,261.841796875,0.5411893129348755,2.2484936714172363,0.0064735300838947
x1wjdvt9,pgfm_2g,implicit,42,20,160071680,835.6353149414062,275.724609375,0.5342816114425659,2.234100818634033,0.005691931117326
x1wjdvt9,pgfm_2g,implicit,42,20,170065920,775.3692626953125,257.7900390625,0.5794597268104553,2.2072293758392334,0.0065856794826686
x1wjdvt9,pgfm_2g,implicit,42,20,180060160,805.2117309570312,268.28125,0.5386257171630859,2.2166643142700195,0.005790221504867
x1wjdvt9,pgfm_2g,implicit,42,20,190054400,787.7252197265625,258.7626953125,0.5618458986282349,2.18684196472168,0.0059029897674918
x1wjdvt9,pgfm_2g,implicit,42,20,200048640,821.7055053710938,267.0009765625,0.5384039878845215,2.140643835067749,0.0056887045502662
x1wjdvt9,pgfm_2g,implicit,42,20,210042880,853.6328125,275.99609375,0.5150590538978577,2.070054054260254,0.0055253976024687
x1wjdvt9,pgfm_2g,implicit,42,20,220037120,857.482421875,275.5322265625,0.524904727935791,2.1212046146392822,0.0055921706371009
x1wjdvt9,pgfm_2g,implicit,42,20,230031360,832.1524047851562,269.080078125,0.524541974067688,2.077278614044189,0.0059150597080588
x1wjdvt9,pgfm_2g,implicit,42,20,240025600,869.03564453125,270.9599609375,0.5249310731887817,2.0258665084838867,0.0056777792051434
x1wjdvt9,pgfm_2g,implicit,42,20,250019840,880.5850830078125,274.650390625,0.4979469180107116,1.977388858795166,0.0055650947615504
x1wjdvt9,pgfm_2g,implicit,42,20,260014080,912.9593505859376,282.3740234375,0.5163362622261047,1.9715492725372317,0.005341081880033
x1wjdvt9,pgfm_2g,implicit,42,20,270008320,954.9688720703124,287.04296875,0.5169171094894409,1.992453694343567,0.0049855369143188
x1wjdvt9,pgfm_2g,implicit,42,20,280002560,930.8154907226562,277.755859375,0.5079425573348999,1.8905233144760127,0.005534267053008
x1wjdvt9,pgfm_2g,implicit,42,20,290078720,976.1915893554688,289.3515625,0.4972450733184814,1.8583714962005613,0.0049447091296315
x1wjdvt9,pgfm_2g,implicit,42,20,300072960,1003.0552978515624,289.849609375,0.4787984192371368,1.7982466220855713,0.0050829900428652
x1wjdvt9,pgfm_2g,implicit,42,20,310067200,993.98388671875,289.79296875,0.4922927916049957,1.8103339672088623,0.0050348434597253
x1wjdvt9,pgfm_2g,implicit,42,20,320061440,1012.6336669921876,291.0517578125,0.495594710111618,1.760356307029724,0.005024928599596
x1wjdvt9,pgfm_2g,implicit,42,20,330055680,1008.1868896484376,293.962890625,0.5034358501434326,1.7387967109680176,0.0047841211780905
x1wjdvt9,pgfm_2g,implicit,42,20,340049920,1022.8433837890624,298.509765625,0.507637083530426,1.795843243598938,0.0046431706286966
x1wjdvt9,pgfm_2g,implicit,42,20,350044160,1038.709716796875,298.1611328125,0.5109244585037231,1.747793436050415,0.0047445241361856
x1wjdvt9,pgfm_2g,implicit,42,20,360038400,1025.411376953125,291.4912109375,0.5028101205825806,1.6893655061721802,0.0048146480694413
x1wjdvt9,pgfm_2g,implicit,42,20,370032640,1066.61767578125,300.4951171875,0.4943000972270965,1.669036030769348,0.004281816072762
x1wjdvt9,pgfm_2g,implicit,42,20,380026880,1044.947509765625,297.654296875,0.4964150190353393,1.6478605270385742,0.0043745134025812
x1wjdvt9,pgfm_2g,implicit,42,20,390021120,1072.11669921875,302.23046875,0.4973046481609344,1.636145830154419,0.0043447744101285
x1wjdvt9,pgfm_2g,implicit,42,20,400015360,1083.734375,304.4921875,0.5224786996841431,1.6257930994033811,0.0043120398186147
x1wjdvt9,pgfm_2g,implicit,42,20,410009600,1113.5732421875,308.6220703125,0.5048192739486694,1.6146286725997925,0.0041292952373623
x1wjdvt9,pgfm_2g,implicit,42,20,420003840,1141.15478515625,313.9501953125,0.4915026724338531,1.5996925830841064,0.0038391354028135
x1wjdvt9,pgfm_2g,implicit,42,20,430080000,1157.573486328125,320.8046875,0.5192831158638,1.6213786602020264,0.0036553165409713
x1wjdvt9,pgfm_2g,implicit,42,20,440074240,1216.774658203125,335.2451171875,0.5059221982955933,1.6012804508209229,0.0032120733521878
x1wjdvt9,pgfm_2g,implicit,42,20,450068480,1244.7435302734375,340.064453125,0.511464536190033,1.5894596576690674,0.0032018590718507
x1wjdvt9,pgfm_2g,implicit,42,20,460062720,1269.8653564453125,345.12109375,0.5000685453414917,1.573959469795227,0.002996671712026
x1wjdvt9,pgfm_2g,implicit,42,20,470056960,1277.828125,350.1298828125,0.5022042989730835,1.61725115776062,0.0029315440915524
x1wjdvt9,pgfm_2g,implicit,42,20,480051200,1300.6507568359375,355.326171875,0.4966746866703033,1.5975193977355957,0.0027110106311738
x1wjdvt9,pgfm_2g,implicit,42,20,490045440,1328.063720703125,358.2958984375,0.4862176179885864,1.5570827722549438,0.0026669295039027
x1wjdvt9,pgfm_2g,implicit,42,20,500039680,1345.788818359375,360.2880859375,0.493264377117157,1.5461798906326294,0.0026426212862133
x1wjdvt9,pgfm_2g,implicit,42,20,510033920,1398.07177734375,369.0185546875,0.4615910351276397,1.550100803375244,0.0024013717193156
x1wjdvt9,pgfm_2g,implicit,42,20,520028160,1385.27978515625,368.794921875,0.4735040366649627,1.562952995300293,0.002402170561254
x1wjdvt9,pgfm_2g,implicit,42,20,530022400,1334.411865234375,356.38671875,0.4651439189910888,1.5532233715057373,0.0028100996278226
x1wjdvt9,pgfm_2g,implicit,42,20,540016640,1346.530517578125,356.5732421875,0.4884319901466369,1.5141959190368652,0.0028064888902008
x1wjdvt9,pgfm_2g,implicit,42,20,550010880,1350.917236328125,361.5986328125,0.4684348702430725,1.5305578708648682,0.0026111195329576
x1wjdvt9,pgfm_2g,implicit,42,20,560005120,1406.8221435546875,367.958984375,0.4656938314437866,1.502485275268555,0.002517077839002
x1wjdvt9,pgfm_2g,implicit,42,20,570081280,1414.7880859375,372.5234375,0.4720089733600616,1.5592749118804932,0.0022276286035776
x1wjdvt9,pgfm_2g,implicit,42,20,580075520,1394.743896484375,371.78125,0.4777095317840576,1.5762321949005127,0.0023040266241878
x1wjdvt9,pgfm_2g,implicit,42,20,590069760,1470.939208984375,384.7392578125,0.4605633914470672,1.5514788627624512,0.0018044405151158
x1wjdvt9,pgfm_2g,implicit,42,20,600064000,1416.0745849609375,373.3876953125,0.4744228720664978,1.571489930152893,0.0024363975971937
x1wjdvt9,pgfm_2g,implicit,42,20,610058240,1485.948974609375,383.83203125,0.4487209320068359,1.5110068321228027,0.0019625148270279
x1wjdvt9,pgfm_2g,implicit,42,20,620052480,1471.0943603515625,384.775390625,0.4578575491905212,1.5581728219985962,0.0018309832084923
x1wjdvt9,pgfm_2g,implicit,42,20,630046720,1485.509033203125,385.12109375,0.4423389434814453,1.5250279903411863,0.0018804369028657
x1wjdvt9,pgfm_2g,implicit,42,20,640040960,1482.0263671875,387.2509765625,0.462389200925827,1.5665686130523682,0.0017552329227328
x1wjdvt9,pgfm_2g,implicit,42,20,650035200,1522.7073974609375,393.0,0.4438484907150268,1.5112707614898682,0.0015847824979573
x1wjdvt9,pgfm_2g,implicit,42,20,660029440,1452.3466796875,378.78125,0.4602969884872436,1.5679116249084473,0.0019892491400241
x1wjdvt9,pgfm_2g,implicit,42,20,670023680,1486.9742431640625,384.2626953125,0.4510945677757263,1.522668480873108,0.0019965781830251
x1wjdvt9,pgfm_2g,implicit,42,20,680017920,1483.1326904296875,385.412109375,0.4679877758026123,1.5526926517486572,0.0018174317665398
x1wjdvt9,pgfm_2g,implicit,42,20,690012160,1492.711181640625,386.7119140625,0.4636813104152679,1.5560033321380615,0.001780763734132
x1wjdvt9,pgfm_2g,implicit,42,20,700006400,1482.54052734375,384.630859375,0.461988627910614,1.559406280517578,0.0019417717121541
x1wjdvt9,pgfm_2g,implicit,42,20,710000640,1459.4150390625,379.7412109375,0.4469346702098846,1.59198260307312,0.0021264324896037
x1wjdvt9,pgfm_2g,implicit,42,20,720076800,1502.59375,391.1337890625,0.4532960653305053,1.5938608646392822,0.0016495340969413
x1wjdvt9,pgfm_2g,implicit,42,20,730071040,1473.287109375,382.63671875,0.4476385116577148,1.5436391830444336,0.001879439339973
x1wjdvt9,pgfm_2g,implicit,42,20,740065280,1525.3516845703125,394.150390625,0.4576893448829651,1.541364669799805,0.0015280781080946
x1wjdvt9,pgfm_2g,implicit,42,20,750059520,1499.80029296875,387.193359375,0.4648220539093017,1.5293575525283811,0.0017477432265877
x1wjdvt9,pgfm_2g,implicit,42,20,760053760,1515.811279296875,389.9912109375,0.4529727101325989,1.5173574686050415,0.0016690597403794
x1wjdvt9,pgfm_2g,implicit,42,20,770048000,1511.78466796875,386.49609375,0.455152302980423,1.499333381652832,0.0018318905495107
x1wjdvt9,pgfm_2g,implicit,42,20,780042240,1551.3055419921875,396.375,0.4596270620822906,1.5334031581878662,0.0015168411191552
x1wjdvt9,pgfm_2g,implicit,42,20,790036480,1569.3525390625,400.498046875,0.4447288811206817,1.503941535949707,0.0014041904360055
x1wjdvt9,pgfm_2g,implicit,42,20,800030720,1534.789306640625,392.29296875,0.4517634510993957,1.5095874071121216,0.0016153529286384
x1wjdvt9,pgfm_2g,implicit,42,20,810024960,1592.60986328125,403.7939453125,0.4451107382774353,1.4885417222976685,0.0012301125098019
x1wjdvt9,pgfm_2g,implicit,42,20,820019200,1572.8736572265625,401.3134765625,0.4606702327728271,1.5124932527542114,0.0012922841124236
x1wjdvt9,pgfm_2g,implicit,42,20,830013440,1592.8641357421875,405.4873046875,0.4486885666847229,1.525445818901062,0.001179399434477
x1wjdvt9,pgfm_2g,implicit,42,20,840007680,1554.56298828125,395.375,0.4581332504749298,1.506420612335205,0.0015332151670008
x1wjdvt9,pgfm_2g,implicit,42,20,850001920,1563.4345703125,397.7177734375,0.4536953270435333,1.5182592868804932,0.0014470560709014
x1wjdvt9,pgfm_2g,implicit,42,20,860078080,1553.0389404296875,396.5654296875,0.4501462280750274,1.5264965295791626,0.0014703937340527
x1wjdvt9,pgfm_2g,implicit,42,20,870072320,1573.81640625,397.3232421875,0.4438539147377014,1.4970773458480835,0.0014810794964432
x1wjdvt9,pgfm_2g,implicit,42,20,880066560,1586.0830078125,399.8544921875,0.4499900341033935,1.4958665370941162,0.0013561110245063
x1wjdvt9,pgfm_2g,implicit,42,20,890060800,1573.0654296875,400.076171875,0.4634431302547455,1.5411429405212402,0.0013870527036488
x1wjdvt9,pgfm_2g,implicit,42,20,900055040,1567.78466796875,397.1318359375,0.4711629152297973,1.5152987241744995,0.0014287058729678
x1wjdvt9,pgfm_2g,implicit,42,20,910049280,1561.699951171875,397.4765625,0.4672401845455169,1.518990993499756,0.001373169478029
x1wjdvt9,pgfm_2g,implicit,42,20,920043520,1597.893310546875,403.5537109375,0.4532219767570495,1.5003843307495115,0.0012279822258278
x1wjdvt9,pgfm_2g,implicit,42,20,930037760,1543.880126953125,391.5166015625,0.4538276791572571,1.5340468883514404,0.0014811115106567
x1wjdvt9,pgfm_2g,implicit,42,20,940032000,1576.288330078125,397.337890625,0.4614529013633728,1.5054500102996826,0.00137999211438
x1wjdvt9,pgfm_2g,implicit,42,20,950026240,1549.2313232421875,392.0625,0.463454931974411,1.4960598945617676,0.001648056320846
x1wjdvt9,pgfm_2g,implicit,42,20,960020480,1512.061767578125,388.2548828125,0.4665137529373169,1.550059795379639,0.0016687335446476
x1wjdvt9,pgfm_2g,implicit,42,20,970014720,1546.676025390625,392.6533203125,0.4641635417938232,1.5644277334213257,0.0015954124974086
x1wjdvt9,pgfm_2g,implicit,42,20,980008960,1587.314208984375,399.7626953125,0.4588128328323364,1.5154834985733032,0.001311563886702
x1wjdvt9,pgfm_2g,implicit,42,20,990003200,1564.622314453125,396.05859375,0.4590380191802978,1.4983747005462646,0.0014595658285543
x1wjdvt9,pgfm_2g,implicit,42,20,1000079360,1548.4580078125,395.25390625,0.4780293703079223,1.560110569000244,0.0014686246868222
x1wjdvt9,pgfm_2g,implicit,42,20,1010073600,1574.661376953125,394.326171875,0.4575749039649963,1.4973318576812744,0.0014935075305402
x1wjdvt9,pgfm_2g,implicit,42,20,1020067840,1550.955322265625,391.982421875,0.4706675410270691,1.5174074172973633,0.0014768089167773
x1wjdvt9,pgfm_2g,implicit,42,20,1030062080,1561.6749267578125,392.8271484375,0.4639255404472351,1.5394799709320068,0.0015918795252218
x1wjdvt9,pgfm_2g,implicit,42,20,1040056320,1576.968505859375,394.513671875,0.4516401886940002,1.4921705722808838,0.0015480003785341
x1wjdvt9,pgfm_2g,implicit,42,20,1050050560,1583.5458984375,395.703125,0.4549435377120971,1.4761431217193604,0.0015452075749635
x1wjdvt9,pgfm_2g,implicit,42,20,1060044800,1548.08740234375,390.16796875,0.4602988064289093,1.495004415512085,0.0017291565891355
x1wjdvt9,pgfm_2g,implicit,42,20,1070039040,1585.1712646484375,396.92578125,0.4560433030128479,1.5025041103363037,0.001460813335143
x1wjdvt9,pgfm_2g,implicit,42,20,1080033280,1557.544189453125,391.626953125,0.4690274894237518,1.5061668157577517,0.0015800276305526
x1wjdvt9,pgfm_2g,implicit,42,20,1090027520,1546.4927978515625,391.220703125,0.4703490734100342,1.5404008626937866,0.0016179655212908
x1wjdvt9,pgfm_2g,implicit,42,20,1100021760,1602.9779052734375,400.859375,0.4602854251861572,1.4800716638565063,0.0013243067078292
x1wjdvt9,pgfm_2g,implicit,42,20,1110016000,1581.069580078125,395.1923828125,0.4639818966388702,1.5001366138458252,0.0014936599181964
x1wjdvt9,pgfm_2g,implicit,42,20,1120010240,1613.5093994140625,402.5263671875,0.4574588537216186,1.477864384651184,0.0013348942156881
x1wjdvt9,pgfm_2g,implicit,42,20,1130004480,1621.9134521484375,402.9033203125,0.463211178779602,1.4685139656066897,0.0012564624194055
x1wjdvt9,pgfm_2g,implicit,42,20,1140080640,1603.981689453125,399.212890625,0.4526814222335815,1.4729681015014648,0.001420046435669
x1wjdvt9,pgfm_2g,implicit,42,20,1150074880,1627.8466796875,404.6591796875,0.447685033082962,1.467505693435669,0.0012112392578274
x1wjdvt9,pgfm_2g,implicit,42,20,1160069120,1600.2615966796875,401.087890625,0.4571824371814728,1.4994271993637085,0.001349298399873
x1wjdvt9,pgfm_2g,implicit,42,20,1170063360,1547.94140625,389.8515625,0.468991756439209,1.5147839784622192,0.0015845759771764
x1wjdvt9,pgfm_2g,implicit,42,20,1180057600,1602.293701171875,401.8623046875,0.4673113226890564,1.4988558292388916,0.0012818139512091
x1wjdvt9,pgfm_2g,implicit,42,20,1190051840,1653.05029296875,408.953125,0.4463649690151214,1.449418067932129,0.0010977936908602
x1wjdvt9,pgfm_2g,implicit,42,20,1200046080,1620.679931640625,402.1787109375,0.4475259482860565,1.4584239721298218,0.001242249389179
x1wjdvt9,pgfm_2g,implicit,42,20,1210040320,1611.47021484375,400.291015625,0.4615650773048401,1.478259563446045,0.001297041773796
x1wjdvt9,pgfm_2g,implicit,42,20,1220034560,1623.245361328125,402.412109375,0.4436412453651428,1.44325852394104,0.0012700255028903
x1wjdvt9,pgfm_2g,implicit,42,20,1230028800,1630.747802734375,406.560546875,0.4623220264911651,1.4637113809585571,0.001156585291028
x1wjdvt9,pgfm_2g,implicit,42,20,1240023040,1646.847900390625,408.017578125,0.4510365724563598,1.470695734024048,0.0011014010524377
x1wjdvt9,pgfm_2g,implicit,42,20,1250017280,1630.8802490234375,405.3681640625,0.4533609747886657,1.4667514562606812,0.0011810458963736
x1wjdvt9,pgfm_2g,implicit,42,20,1260011520,1671.704345703125,413.072265625,0.4364966750144958,1.4496358633041382,0.0009189358679577
x1wjdvt9,pgfm_2g,implicit,42,20,1270005760,1636.375,404.2001953125,0.4586875438690185,1.461073398590088,0.0011771370191127
x1wjdvt9,pgfm_2g,implicit,42,20,1280000000,1658.0457763671875,409.958984375,0.4556007981300354,1.4698140621185305,0.0010582560207694
x1wjdvt9,pgfm_2g,implicit,42,20,1290076160,1636.166015625,405.310546875,0.4556517601013183,1.4978206157684326,0.0011485256254673
x1wjdvt9,pgfm_2g,implicit,42,20,1300070400,1645.7073974609375,406.7578125,0.4606286883354187,1.47206449508667,0.0011466671712696
x1wjdvt9,pgfm_2g,implicit,42,20,1310064640,1627.8795166015625,405.8251953125,0.4665439128875732,1.5085301399230957,0.0011739118490368
x1wjdvt9,pgfm_2g,implicit,42,20,1320058880,1635.0712890625,404.3583984375,0.4583203792572021,1.4743292331695557,0.0012157914461567
x1wjdvt9,pgfm_2g,implicit,42,20,1330053120,1626.8297119140625,402.26171875,0.447559118270874,1.4933518171310425,0.0012753539485856
x1wjdvt9,pgfm_2g,implicit,42,20,1340047360,1636.485595703125,404.3564453125,0.4633567035198211,1.4846529960632324,0.0011801086366176
x1wjdvt9,pgfm_2g,implicit,42,20,1350041600,1609.067138671875,399.1943359375,0.4693786799907684,1.4764461517333984,0.0014290504623204
x1wjdvt9,pgfm_2g,implicit,42,20,1360035840,1644.60400390625,406.1669921875,0.4677399098873138,1.471697449684143,0.0011592567898333
x1wjdvt9,pgfm_2g,implicit,42,20,1370030080,1640.6402587890625,404.892578125,0.4732419550418854,1.462942600250244,0.0011624090839177
x1wjdvt9,pgfm_2g,implicit,42,20,1380024320,1659.19970703125,407.34765625,0.4628607034683227,1.4544346332550049,0.0010946625843644
x1wjdvt9,pgfm_2g,implicit,42,20,1390018560,1670.192138671875,408.7412109375,0.4582057595252991,1.4284571409225464,0.0010667901951819
x1wjdvt9,pgfm_2g,implicit,42,20,1400012800,1665.400390625,409.087890625,0.4354477822780609,1.4317022562026978,0.0010572450701147
x1wjdvt9,pgfm_2g,implicit,42,20,1410007040,1663.052978515625,406.541015625,0.4475752711296081,1.4328293800354004,0.0011250316165387
x1wjdvt9,pgfm_2g,implicit,42,20,1420001280,1641.7113037109375,403.267578125,0.4632690548896789,1.454575538635254,0.0012760502286255
x1wjdvt9,pgfm_2g,implicit,42,20,1430077440,1653.62109375,406.8935546875,0.4737691879272461,1.4614906311035156,0.0011634703259915
x1wjdvt9,pgfm_2g,implicit,42,20,1440071680,1625.790283203125,400.033203125,0.4673637747764587,1.4626905918121338,0.0013519375352188
x1wjdvt9,pgfm_2g,implicit,42,20,1450065920,1658.77783203125,406.92578125,0.460124671459198,1.440082550048828,0.0011731346603482
x1wjdvt9,pgfm_2g,implicit,42,20,1460060160,1673.503173828125,409.9365234375,0.4386458098888397,1.428072214126587,0.0010777030838653
x1wjdvt9,pgfm_2g,implicit,42,20,1470054400,1669.3160400390625,408.3349609375,0.4472212791442871,1.4118130207061768,0.0011484194546937
x1wjdvt9,pgfm_2g,implicit,42,20,1480048640,1654.859619140625,406.0078125,0.4520049691200256,1.4343819618225098,0.0011466046562418
x1wjdvt9,pgfm_2g,implicit,42,20,1490042880,1645.66650390625,404.478515625,0.4642882943153381,1.4340605735778809,0.0012376963859423
x1wjdvt9,pgfm_2g,implicit,42,20,1500037120,1626.987060546875,400.34375,0.4753846228122711,1.467287540435791,0.0014437781646847
x1wjdvt9,pgfm_2g,implicit,42,20,1510031360,1631.68017578125,400.4755859375,0.4633783400058746,1.4518394470214844,0.0013223917922005
x1wjdvt9,pgfm_2g,implicit,42,20,1520025600,1649.59619140625,404.037109375,0.4612483382225036,1.4466791152954102,0.0011784425005316
x1wjdvt9,pgfm_2g,implicit,42,20,1530019840,1649.275634765625,404.654296875,0.4675094187259674,1.4739770889282229,0.0012334337225183
x1wjdvt9,pgfm_2g,implicit,42,20,1540014080,1612.56591796875,398.5595703125,0.475167453289032,1.454333782196045,0.0013709578197449
x1wjdvt9,pgfm_2g,implicit,42,20,1550008320,1609.198486328125,395.296875,0.4687469601631164,1.4423834085464478,0.001493570394814
x1wjdvt9,pgfm_2g,implicit,42,20,1560002560,1635.212158203125,401.5732421875,0.4604997634887695,1.446354866027832,0.0013736515538766
x1wjdvt9,pgfm_2g,implicit,42,20,1570078720,1656.4913330078125,407.603515625,0.4570194482803345,1.4508380889892578,0.0011067778104916
x1wjdvt9,pgfm_2g,implicit,42,20,1580072960,1632.5928955078125,400.8583984375,0.4492878913879394,1.4586201906204224,0.0012909894576296
x1wjdvt9,pgfm_2g,implicit,42,20,1590067200,1640.3310546875,401.9189453125,0.4667425751686096,1.4815421104431152,0.0013088074047118
x1wjdvt9,pgfm_2g,implicit,42,20,1600061440,1657.670166015625,405.3388671875,0.4606989622116089,1.4138379096984863,0.0011794177116826
x1wjdvt9,pgfm_2g,implicit,42,20,1610055680,1656.35107421875,405.3505859375,0.4616584181785583,1.451824188232422,0.0011394978500902
x1wjdvt9,pgfm_2g,implicit,42,20,1620049920,1648.6322021484375,403.0771484375,0.4626005887985229,1.4759231805801392,0.001331856008619
x1wjdvt9,pgfm_2g,implicit,42,20,1630044160,1644.677734375,402.5439453125,0.4727214276790619,1.4554283618927002,0.0012558996677398
x1wjdvt9,pgfm_2g,implicit,42,20,1640038400,1653.5631103515625,405.841796875,0.4754708707332611,1.4759738445281982,0.0011725145159289
x1wjdvt9,pgfm_2g,implicit,42,20,1650032640,1629.4290771484375,401.7763671875,0.4837612807750702,1.4730172157287598,0.0012515203561633
x1wjdvt9,pgfm_2g,implicit,42,20,1660026880,1658.076416015625,405.5615234375,0.4704870581626892,1.4534730911254885,0.0012297119246795
x1wjdvt9,pgfm_2g,implicit,42,20,1670021120,1647.125,404.70703125,0.4600851535797119,1.4686918258666992,0.0011916020885109
x1wjdvt9,pgfm_2g,implicit,42,20,1680015360,1647.701416015625,402.6962890625,0.4666623473167419,1.4638352394104004,0.0012250462314113
x1wjdvt9,pgfm_2g,implicit,42,20,1690009600,1640.1434326171875,403.447265625,0.4776560664176941,1.4801441431045532,0.0012647687690332
x1wjdvt9,pgfm_2g,implicit,42,20,1700003840,1645.3594970703125,405.580078125,0.4736453294754028,1.4738794565200806,0.0012291222810745
x1wjdvt9,pgfm_2g,implicit,42,20,1710080000,1636.54638671875,402.0419921875,0.4704058766365051,1.470534086227417,0.0012672276934608
x1wjdvt9,pgfm_2g,implicit,42,20,1720074240,1662.646484375,405.2841796875,0.4629225134849548,1.4495556354522705,0.0011377847986295
x1wjdvt9,pgfm_2g,implicit,42,20,1730068480,1637.757568359375,402.486328125,0.4855895042419433,1.4886553287506104,0.0012377251405268
x1wjdvt9,pgfm_2g,implicit,42,20,1740062720,1640.766845703125,400.962890625,0.4801234602928161,1.4534547328948977,0.0013191581238061
x1wjdvt9,pgfm_2g,implicit,42,20,1750056960,1644.30224609375,403.294921875,0.4882287979125976,1.4619673490524292,0.0012315667700022
x1wjdvt9,pgfm_2g,implicit,42,20,1760051200,1678.881103515625,409.9248046875,0.4767804443836212,1.458472490310669,0.0010018174070864
x1wjdvt9,pgfm_2g,implicit,42,20,1770045440,1676.5888671875,408.4423828125,0.4754601716995239,1.4497020244598389,0.0010569245787337
x1wjdvt9,pgfm_2g,implicit,42,20,1780039680,1679.88818359375,410.701171875,0.4750422239303589,1.4475737810134888,0.0010397110600024
x1wjdvt9,pgfm_2g,implicit,42,20,1790033920,1677.133544921875,408.671875,0.4687225818634033,1.43451189994812,0.0011051318142563
x1wjdvt9,pgfm_2g,implicit,42,20,1800028160,1667.037109375,406.8515625,0.482563853263855,1.4258191585540771,0.0011222036555409
x1wjdvt9,pgfm_2g,implicit,42,20,1810022400,1653.252197265625,404.1376953125,0.4738508462905884,1.4518237113952637,0.0011684326454997
x1wjdvt9,pgfm_2g,implicit,42,20,1820016640,1650.39208984375,400.76171875,0.4732301235198974,1.4413496255874634,0.001413882127963
x1wjdvt9,pgfm_2g,implicit,42,20,1830010880,1677.494140625,408.8798828125,0.4748242497444153,1.443394899368286,0.0011327932588756
x1wjdvt9,pgfm_2g,implicit,42,20,1840005120,1668.8203125,405.537109375,0.4692361354827881,1.4350690841674805,0.0012684583198279
x1wjdvt9,pgfm_2g,implicit,42,20,1850081280,1673.0634765625,407.220703125,0.4595763087272644,1.4334170818328855,0.0011053045745939
x1wjdvt9,pgfm_2g,implicit,42,20,1860075520,1652.791015625,402.64453125,0.4607507586479187,1.4449529647827148,0.0012391541386023
x1wjdvt9,pgfm_2g,implicit,42,20,1870069760,1674.914794921875,408.0546875,0.4558066725730896,1.429185390472412,0.0010698054684326
x1wjdvt9,pgfm_2g,implicit,42,20,1880064000,1680.786376953125,407.8759765625,0.454848051071167,1.43597674369812,0.0010943089146167
x1wjdvt9,pgfm_2g,implicit,42,20,1890058240,1684.2724609375,409.6494140625,0.4578781127929687,1.4331917762756348,0.0010725342435762
x1wjdvt9,pgfm_2g,implicit,42,20,1900052480,1689.973388671875,410.8251953125,0.4588810205459595,1.4129523038864136,0.0010385089553892
x1wjdvt9,pgfm_2g,implicit,42,20,1910046720,1695.0157470703125,411.8720703125,0.4580894708633423,1.43359112739563,0.0010217088274657
x1wjdvt9,pgfm_2g,implicit,42,20,1920040960,1705.301513671875,414.8701171875,0.4697787761688232,1.4351060390472412,0.0009387839236296
x1wjdvt9,pgfm_2g,implicit,42,20,1930035200,1698.275390625,413.6728515625,0.46541827917099,1.4223203659057615,0.0009233980672433
x1wjdvt9,pgfm_2g,implicit,42,20,1940029440,1700.192138671875,413.3212890625,0.4656335711479187,1.4461528062820437,0.0009584495564922
x1wjdvt9,pgfm_2g,implicit,42,20,1950023680,1666.049560546875,406.17578125,0.470161885023117,1.4339549541473389,0.0011257459409534
x1wjdvt9,pgfm_2g,implicit,42,20,1960017920,1698.525146484375,411.69140625,0.4670276045799255,1.4315272569656372,0.0009889425709843
x1wjdvt9,pgfm_2g,implicit,42,20,1970012160,1686.0372314453125,410.2958984375,0.468689501285553,1.4428483247756958,0.0010295116808265
x1wjdvt9,pgfm_2g,implicit,42,20,1980006400,1700.986083984375,413.1904296875,0.465969979763031,1.426807522773743,0.0009626628016121
x1wjdvt9,pgfm_2g,implicit,42,20,1990000640,1720.718017578125,416.70703125,0.4593090415000915,1.4129924774169922,0.0008759829215705
x1wjdvt9,pgfm_2g,implicit,42,20,2000076800,1712.02734375,414.52734375,0.4686731398105621,1.4185242652893066,0.0009178082691505
2pk2qbb4,pgfm_4g,implicit,43,20,10076160,485.778564453125,193.29296875,0.448941707611084,2.5910868644714355,0.0127260647714138
2pk2qbb4,pgfm_4g,implicit,43,20,20070400,456.3155517578125,168.58984375,0.5174576640129089,2.3667352199554443,0.013445409014821
2pk2qbb4,pgfm_4g,implicit,43,20,30064640,482.9514770507813,169.72265625,0.5834765434265137,2.3528406620025635,0.0129450047388672
2pk2qbb4,pgfm_4g,implicit,43,20,40058880,594.5852661132812,209.03515625,0.4984272718429565,2.5048015117645264,0.009434163570404
2pk2qbb4,pgfm_4g,implicit,43,20,50053120,560.764892578125,198.0146484375,0.5636606216430664,2.4147772789001465,0.0101938564330339
2pk2qbb4,pgfm_4g,implicit,43,20,60047360,580.6949462890625,207.63671875,0.5494294762611389,2.442779064178467,0.0092231445014476
2pk2qbb4,pgfm_4g,implicit,43,20,70041600,649.3656005859375,234.2998046875,0.5396929979324341,2.41974139213562,0.0081622917205095
2pk2qbb4,pgfm_4g,implicit,43,20,80035840,669.9873657226562,234.1455078125,0.5345110893249512,2.3619606494903564,0.0079821292310953
2pk2qbb4,pgfm_4g,implicit,43,20,90030080,660.20361328125,232.3408203125,0.5702193975448608,2.3541762828826904,0.0083222687244415
2pk2qbb4,pgfm_4g,implicit,43,20,100024320,612.495361328125,223.875,0.5712064504623413,2.29277777671814,0.008435022085905
2pk2qbb4,pgfm_4g,implicit,43,20,110018560,686.489990234375,240.111328125,0.5596095323562622,2.3114583492279053,0.0075058522634208
2pk2qbb4,pgfm_4g,implicit,43,20,120012800,715.6526489257812,248.0068359375,0.5759605765342712,2.3232574462890625,0.007140320725739
2pk2qbb4,pgfm_4g,implicit,43,20,130007040,719.21142578125,247.029296875,0.5512478351593018,2.258259057998657,0.0069210915826261
2pk2qbb4,pgfm_4g,implicit,43,20,140001280,725.318603515625,249.8662109375,0.5501531958580017,2.2565805912017822,0.0066558122634887
2pk2qbb4,pgfm_4g,implicit,43,20,150077440,772.3900146484375,259.705078125,0.5480506420135498,2.21980094909668,0.0064139645546674
2pk2qbb4,pgfm_4g,implicit,43,20,160071680,763.2047119140625,260.0673828125,0.5393226146697998,2.26645827293396,0.0059939501807093
2pk2qbb4,pgfm_4g,implicit,43,20,170065920,785.872802734375,261.419921875,0.5726938247680664,2.1785287857055664,0.0062336130067706
2pk2qbb4,pgfm_4g,implicit,43,20,180060160,809.7717895507812,263.54296875,0.5419410467147827,2.136343479156494,0.0060157869011163
2pk2qbb4,pgfm_4g,implicit,43,20,190054400,822.0855102539062,265.240234375,0.5054153800010681,2.065885066986084,0.0061481166630983
2pk2qbb4,pgfm_4g,implicit,43,20,200048640,836.0269165039062,267.021484375,0.4986209869384765,2.055835723876953,0.005826739128679
2pk2qbb4,pgfm_4g,implicit,43,20,210042880,807.7060546875,257.15234375,0.5158156752586365,2.0593631267547607,0.006107757333666
2pk2qbb4,pgfm_4g,implicit,43,20,220037120,843.6651611328125,268.6767578125,0.5088541507720947,2.040255308151245,0.0059233596548438
2pk2qbb4,pgfm_4g,implicit,43,20,230031360,854.8941650390625,269.9208984375,0.5049651861190796,1.9367328882217407,0.0058531193062663
2pk2qbb4,pgfm_4g,implicit,43,20,240025600,874.86962890625,271.5849609375,0.5028092861175537,1.9218837022781368,0.0060990108177065
2pk2qbb4,pgfm_4g,implicit,43,20,250019840,906.279052734375,276.8466796875,0.4869909584522247,1.9307005405426023,0.0055356337688863
2pk2qbb4,pgfm_4g,implicit,43,20,260014080,886.47119140625,276.447265625,0.4891268014907837,1.8929005861282349,0.0054522459395229
2pk2qbb4,pgfm_4g,implicit,43,20,270008320,918.3702392578124,279.2724609375,0.5117982625961304,1.900442600250244,0.0055153216235339
2pk2qbb4,pgfm_4g,implicit,43,20,280002560,899.4739990234375,276.9443359375,0.5040313601493835,1.8945698738098145,0.0057121776044368
2pk2qbb4,pgfm_4g,implicit,43,20,290078720,907.671875,276.880859375,0.488866925239563,1.8607511520385744,0.0055016856640577
2pk2qbb4,pgfm_4g,implicit,43,20,300072960,897.4714965820312,274.517578125,0.4869022667407989,1.8503258228302,0.0055283140391111
2pk2qbb4,pgfm_4g,implicit,43,20,310067200,940.5281372070312,278.798828125,0.4820019006729126,1.8284077644348145,0.0053968215361237
2pk2qbb4,pgfm_4g,implicit,43,20,320061440,968.8740234375,284.935546875,0.4890180826187134,1.7781038284301758,0.0049922885373234
2pk2qbb4,pgfm_4g,implicit,43,20,330055680,953.2060546875,284.8671875,0.487133264541626,1.7754404544830322,0.0052442862652242
2pk2qbb4,pgfm_4g,implicit,43,20,340049920,980.123779296875,287.41796875,0.4978059232234955,1.7811808586120603,0.0050031938590109
2pk2qbb4,pgfm_4g,implicit,43,20,350044160,1001.0855102539062,291.05859375,0.4975691735744476,1.752960205078125,0.0048214620910584
2pk2qbb4,pgfm_4g,implicit,43,20,360038400,1032.4559326171875,296.775390625,0.4887453019618988,1.792879939079285,0.0045285047963261
2pk2qbb4,pgfm_4g,implicit,43,20,370032640,1024.9697265625,294.90625,0.4911470413208008,1.736552357673645,0.0047136573120951
2pk2qbb4,pgfm_4g,implicit,43,20,380026880,1008.9757080078124,290.30078125,0.4878831505775451,1.7243173122406006,0.0049530677497386
2pk2qbb4,pgfm_4g,implicit,43,20,390021120,1037.6007080078125,296.7080078125,0.5123593807220459,1.7181669473648071,0.0044268984347581
2pk2qbb4,pgfm_4g,implicit,43,20,400015360,1050.023193359375,299.63671875,0.4954369962215423,1.6868107318878174,0.0044838371686637
2pk2qbb4,pgfm_4g,implicit,43,20,410009600,1089.8465576171875,309.400390625,0.4971000552177429,1.7042264938354492,0.0041259629651904
2pk2qbb4,pgfm_4g,implicit,43,20,420003840,1145.9969482421875,323.1533203125,0.5236144065856934,1.712849259376526,0.0035903560929
2pk2qbb4,pgfm_4g,implicit,43,20,430080000,1110.783203125,314.103515625,0.5473586320877075,1.697544813156128,0.003958061337471
2pk2qbb4,pgfm_4g,implicit,43,20,440074240,1054.207275390625,299.7431640625,0.5191154479980469,1.651697874069214,0.0045259818434715
2pk2qbb4,pgfm_4g,implicit,43,20,450068480,1120.12890625,314.5478515625,0.5108579993247986,1.6194761991500854,0.0040060393512248
2pk2qbb4,pgfm_4g,implicit,43,20,460062720,1184.78515625,329.736328125,0.5041373372077942,1.6501734256744385,0.003348343539983
2pk2qbb4,pgfm_4g,implicit,43,20,470056960,1151.96435546875,322.3310546875,0.532174825668335,1.662714600563049,0.003530804766342
2pk2qbb4,pgfm_4g,implicit,43,20,480051200,1183.77099609375,328.080078125,0.5064719915390015,1.6051456928253174,0.0034210868179798
2pk2qbb4,pgfm_4g,implicit,43,20,490045440,1157.71240234375,322.8544921875,0.5264070630073547,1.6244165897369385,0.003558206371963
2pk2qbb4,pgfm_4g,implicit,43,20,500039680,1206.7724609375,330.8447265625,0.4922332763671875,1.5808494091033936,0.0033724172972142
2pk2qbb4,pgfm_4g,implicit,43,20,510033920,1251.0338134765625,341.369140625,0.5089101791381836,1.5813411474227903,0.0030694894958287
2pk2qbb4,pgfm_4g,implicit,43,20,520028160,1268.762451171875,345.6865234375,0.4962624907493591,1.5903204679489136,0.0028515672311186
2pk2qbb4,pgfm_4g,implicit,43,20,530022400,1193.8658447265625,327.818359375,0.4922281503677368,1.6126993894577026,0.0034587471745908
2pk2qbb4,pgfm_4g,implicit,43,20,540016640,1225.070556640625,332.775390625,0.5006136894226074,1.583126664161682,0.003432837780565
2pk2qbb4,pgfm_4g,implicit,43,20,550010880,1255.043701171875,340.44140625,0.5027980208396912,1.581082820892334,0.0030589026864618
2pk2qbb4,pgfm_4g,implicit,43,20,560005120,1268.81787109375,342.984375,0.4904271364212036,1.5873373746871948,0.0029642335139214
2pk2qbb4,pgfm_4g,implicit,43,20,570081280,1292.5889892578125,346.970703125,0.4818155467510223,1.5864784717559814,0.0028432582039386
2pk2qbb4,pgfm_4g,implicit,43,20,580075520,1298.9522705078125,350.2021484375,0.474328339099884,1.5951483249664309,0.0026897888164967
2pk2qbb4,pgfm_4g,implicit,43,20,590069760,1352.5235595703125,360.4228515625,0.4683499634265899,1.564157485961914,0.0023945341818034
2pk2qbb4,pgfm_4g,implicit,43,20,600064000,1310.9530029296875,349.955078125,0.4732635021209717,1.5553631782531738,0.0028173951432108
2pk2qbb4,pgfm_4g,implicit,43,20,610058240,1347.74072265625,359.4951171875,0.4768254160881042,1.561187982559204,0.0025876616127789
2pk2qbb4,pgfm_4g,implicit,43,20,620052480,1386.6585693359375,363.51953125,0.4762602150440216,1.5706331729888916,0.0024601188488304
2pk2qbb4,pgfm_4g,implicit,43,20,630046720,1418.5361328125,371.482421875,0.4790575504302978,1.5579543113708496,0.0021887740585952
2pk2qbb4,pgfm_4g,implicit,43,20,640040960,1362.381591796875,360.32421875,0.4774047136306762,1.5576274394989014,0.0025117297191172
2pk2qbb4,pgfm_4g,implicit,43,20,650035200,1400.8455810546875,366.4619140625,0.4727858304977417,1.5444544553756714,0.0024555497802793
2pk2qbb4,pgfm_4g,implicit,43,20,660029440,1347.50439453125,354.697265625,0.4668943881988525,1.571056246757507,0.0026821778155863
2pk2qbb4,pgfm_4g,implicit,43,20,670023680,1397.1531982421875,363.50390625,0.4619516730308532,1.53871488571167,0.0025219097733497
2pk2qbb4,pgfm_4g,implicit,43,20,680017920,1411.2078857421875,369.9541015625,0.4769922196865082,1.541476488113403,0.0021744747646152
2pk2qbb4,pgfm_4g,implicit,43,20,690012160,1427.751708984375,372.0048828125,0.4824356734752655,1.5405914783477783,0.0021446240134537
2pk2qbb4,pgfm_4g,implicit,43,20,700006400,1442.1083984375,375.5673828125,0.4722670316696167,1.5571439266204834,0.0020569367334246
2pk2qbb4,pgfm_4g,implicit,43,20,710000640,1436.553955078125,371.7939453125,0.480410486459732,1.5489896535873413,0.0022095025051385
2pk2qbb4,pgfm_4g,implicit,43,20,720076800,1399.276123046875,364.2724609375,0.4745551645755768,1.536365270614624,0.0024072835221886
2pk2qbb4,pgfm_4g,implicit,43,20,730071040,1452.041015625,378.90625,0.4721351265907287,1.5644652843475342,0.0019089038250967
2pk2qbb4,pgfm_4g,implicit,43,20,740065280,1426.0191650390625,371.7783203125,0.47271329164505,1.55260169506073,0.0021548944059759
2pk2qbb4,pgfm_4g,implicit,43,20,750059520,1463.470703125,380.740234375,0.4670977890491485,1.543529748916626,0.0019747652113437
2pk2qbb4,pgfm_4g,implicit,43,20,760053760,1444.126708984375,375.673828125,0.4697511196136474,1.5530822277069092,0.002091446891427
2pk2qbb4,pgfm_4g,implicit,43,20,770048000,1467.4329833984375,382.2666015625,0.4645529687404632,1.5151808261871338,0.0018672316800802
2pk2qbb4,pgfm_4g,implicit,43,20,780042240,1444.0887451171875,374.8671875,0.486094057559967,1.5493093729019165,0.0020332965068519
2pk2qbb4,pgfm_4g,implicit,43,20,790036480,1437.483642578125,377.84375,0.4763926863670349,1.572575330734253,0.0019102710066363
2pk2qbb4,pgfm_4g,implicit,43,20,800030720,1455.3453369140625,379.669921875,0.471310555934906,1.6018455028533936,0.0019346023909747
2pk2qbb4,pgfm_4g,implicit,43,20,810024960,1484.495361328125,383.4853515625,0.4667907655239105,1.5629613399505615,0.0018541333265602
2pk2qbb4,pgfm_4g,implicit,43,20,820019200,1501.888916015625,387.7421875,0.4628328680992126,1.5532264709472656,0.0016680321423336
2pk2qbb4,pgfm_4g,implicit,43,20,830013440,1494.752197265625,383.1689453125,0.4674849212169647,1.5061687231063845,0.0018005936872214
2pk2qbb4,pgfm_4g,implicit,43,20,840007680,1524.0672607421875,390.5234375,0.4581227004528045,1.5204687118530271,0.0016199219971895
2pk2qbb4,pgfm_4g,implicit,43,20,850001920,1520.58349609375,389.7431640625,0.4477762579917907,1.5284873247146606,0.0016093263402581
2pk2qbb4,pgfm_4g,implicit,43,20,860078080,1492.5643310546875,384.1259765625,0.4729676842689514,1.549776554107666,0.0018385021248832
2pk2qbb4,pgfm_4g,implicit,43,20,870072320,1522.8463134765625,391.03125,0.4800821840763092,1.543065309524536,0.0015901483129709
2pk2qbb4,pgfm_4g,implicit,43,20,880066560,1523.67431640625,388.6748046875,0.4638358950614929,1.5270862579345703,0.0016214523930102
2pk2qbb4,pgfm_4g,implicit,43,20,890060800,1527.9603271484375,390.697265625,0.4554980993270874,1.5410661697387695,0.0015987292863428
2pk2qbb4,pgfm_4g,implicit,43,20,900055040,1508.07958984375,386.4150390625,0.4659430384635925,1.5545841455459597,0.0017589944181963
2pk2qbb4,pgfm_4g,implicit,43,20,910049280,1505.103759765625,385.5341796875,0.4675335884094238,1.559981346130371,0.0018428602488711
2pk2qbb4,pgfm_4g,implicit,43,20,920043520,1516.502197265625,388.7666015625,0.477893590927124,1.567371845245361,0.0016064583323895
2pk2qbb4,pgfm_4g,implicit,43,20,930037760,1460.1895751953125,378.2626953125,0.4934591650962829,1.6003621816635132,0.0019999558571726
2pk2qbb4,pgfm_4g,implicit,43,20,940032000,1518.1671142578125,389.662109375,0.494781494140625,1.5461094379425049,0.0016488385153934
2pk2qbb4,pgfm_4g,implicit,43,20,950026240,1512.367919921875,387.7822265625,0.5033481121063232,1.559340000152588,0.001731430646032
2pk2qbb4,pgfm_4g,implicit,43,20,960020480,1518.431884765625,389.8046875,0.483269989490509,1.5563753843307495,0.0016371926758438
2pk2qbb4,pgfm_4g,implicit,43,20,970014720,1499.44189453125,385.0888671875,0.48361337184906,1.5504988431930542,0.0018341339891776
2pk2qbb4,pgfm_4g,implicit,43,20,980008960,1538.8099365234375,390.599609375,0.4764174222946167,1.5220444202423096,0.0017231469973921
2pk2qbb4,pgfm_4g,implicit,43,20,990003200,1520.485107421875,389.3388671875,0.4708842635154724,1.551112413406372,0.0016764099709689
2pk2qbb4,pgfm_4g,implicit,43,20,1000079360,1535.107666015625,390.96484375,0.4808368682861328,1.5449291467666626,0.0016577325295656
2pk2qbb4,pgfm_4g,implicit,43,20,1010073600,1560.1805419921875,395.9619140625,0.4684278070926666,1.5275402069091797,0.0014254711568355
2pk2qbb4,pgfm_4g,implicit,43,20,1020067840,1522.5325927734375,387.9638671875,0.4834282398223877,1.5413849353790283,0.0017095361836254
2pk2qbb4,pgfm_4g,implicit,43,20,1030062080,1517.51611328125,386.732421875,0.4729356169700622,1.5260025262832642,0.0016626414144411
2pk2qbb4,pgfm_4g,implicit,43,20,1040056320,1558.2359619140625,396.037109375,0.4709023237228393,1.5338659286499023,0.0014277643058449
2pk2qbb4,pgfm_4g,implicit,43,20,1050050560,1586.105712890625,400.17578125,0.4485673606395721,1.5141347646713257,0.0013014657888561
2pk2qbb4,pgfm_4g,implicit,43,20,1060044800,1556.12255859375,395.3173828125,0.4688941240310669,1.5390620231628418,0.0014371307333931
2pk2qbb4,pgfm_4g,implicit,43,20,1070039040,1553.247802734375,391.548828125,0.4632284343242645,1.510211706161499,0.0016240499680861
2pk2qbb4,pgfm_4g,implicit,43,20,1080033280,1552.0684814453125,391.294921875,0.4720656871795654,1.498727798461914,0.0016201804392039
2pk2qbb4,pgfm_4g,implicit,43,20,1090027520,1552.6849365234375,396.376953125,0.4850032329559326,1.5326437950134275,0.0014722127234563
2pk2qbb4,pgfm_4g,implicit,43,20,1100021760,1530.5302734375,387.41015625,0.4981777966022491,1.526940941810608,0.0017103035934269
2pk2qbb4,pgfm_4g,implicit,43,20,1110016000,1579.1636962890625,395.482421875,0.4728580117225647,1.4769552946090698,0.00147435371764
2pk2qbb4,pgfm_4g,implicit,43,20,1120010240,1574.7113037109375,398.162109375,0.49130380153656,1.5383204221725464,0.0014173975214362
2pk2qbb4,pgfm_4g,implicit,43,20,1130004480,1562.1373291015625,395.841796875,0.4721647500991821,1.5391536951065063,0.0014261050382629
2pk2qbb4,pgfm_4g,implicit,43,20,1140080640,1537.385986328125,391.1484375,0.4815407395362854,1.540079116821289,0.0015308738220483
2pk2qbb4,pgfm_4g,implicit,43,20,1150074880,1517.9013671875,383.109375,0.4856112599372864,1.524570107460022,0.0018573321867734
2pk2qbb4,pgfm_4g,implicit,43,20,1160069120,1575.5611572265625,398.6708984375,0.4753856062889099,1.5263044834136963,0.0013786737108603
2pk2qbb4,pgfm_4g,implicit,43,20,1170063360,1583.22119140625,398.7060546875,0.4744974970817566,1.5281617641448977,0.0013906778767704
2pk2qbb4,pgfm_4g,implicit,43,20,1180057600,1583.19384765625,396.8896484375,0.4654698371887207,1.5006064176559448,0.0014219223521649
2pk2qbb4,pgfm_4g,implicit,43,20,1190051840,1573.6307373046875,397.21484375,0.4809968173503876,1.514727234840393,0.0014843207318335
2pk2qbb4,pgfm_4g,implicit,43,20,1200046080,1576.718505859375,396.4951171875,0.479485422372818,1.505519151687622,0.0015035369433462
2pk2qbb4,pgfm_4g,implicit,43,20,1210040320,1575.2783203125,395.859375,0.4916573464870453,1.4897043704986572,0.0015270509757101
2pk2qbb4,pgfm_4g,implicit,43,20,1220034560,1587.328369140625,397.1181640625,0.4767234027385711,1.4917784929275513,0.0014755062293261
2pk2qbb4,pgfm_4g,implicit,43,20,1230028800,1574.281982421875,395.7568359375,0.4853240549564361,1.4948139190673828,0.0014862335519865
2pk2qbb4,pgfm_4g,implicit,43,20,1240023040,1548.6474609375,388.4443359375,0.4684946537017822,1.4961371421813965,0.0016591444145888
2pk2qbb4,pgfm_4g,implicit,43,20,1250017280,1563.0606689453125,394.19140625,0.4742180109024048,1.5033528804779053,0.0015146222431212
2pk2qbb4,pgfm_4g,implicit,43,20,1260011520,1569.6273193359375,393.3466796875,0.483720600605011,1.49988055229187,0.0015225654933601
2pk2qbb4,pgfm_4g,implicit,43,20,1270005760,1615.8282470703125,402.75,0.4737502336502075,1.4785850048065186,0.0013025809312239
2pk2qbb4,pgfm_4g,implicit,43,20,1280000000,1594.6123046875,398.201171875,0.475995123386383,1.4902946949005127,0.0013796982821077
2pk2qbb4,pgfm_4g,implicit,43,20,1290076160,1603.7591552734375,400.92578125,0.4772475957870483,1.4887189865112305,0.0013519551139324
2pk2qbb4,pgfm_4g,implicit,43,20,1300070400,1603.022216796875,400.1875,0.4684834480285644,1.4775900840759275,0.0014426014386117
2pk2qbb4,pgfm_4g,implicit,43,20,1310064640,1585.2432861328125,395.3388671875,0.4773304462432861,1.480161190032959,0.0015873131342232
2pk2qbb4,pgfm_4g,implicit,43,20,1320058880,1623.1490478515625,406.3642578125,0.4887420237064361,1.5038410425186155,0.0011777010513469
2pk2qbb4,pgfm_4g,implicit,43,20,1330053120,1558.95556640625,391.1337890625,0.4882727265357971,1.509374499320984,0.0016842703334987
2pk2qbb4,pgfm_4g,implicit,43,20,1340047360,1573.576416015625,393.7705078125,0.4840051531791687,1.4838244915008545,0.0015074604889377
2pk2qbb4,pgfm_4g,implicit,43,20,1350041600,1556.4873046875,391.896484375,0.5066070556640625,1.516026735305786,0.0015927267959341
2pk2qbb4,pgfm_4g,implicit,43,20,1360035840,1578.5838623046875,392.4619140625,0.4786837100982666,1.4784770011901855,0.0016756381373852
2pk2qbb4,pgfm_4g,implicit,43,20,1370030080,1586.9432373046875,395.1806640625,0.4726997911930084,1.4678678512573242,0.0015105581842362
2pk2qbb4,pgfm_4g,implicit,43,20,1380024320,1569.58935546875,391.060546875,0.4812920689582824,1.4664287567138672,0.001708768075332
2pk2qbb4,pgfm_4g,implicit,43,20,1390018560,1571.0738525390625,389.9130859375,0.492415189743042,1.4861276149749756,0.0016942959045991
2pk2qbb4,pgfm_4g,implicit,43,20,1400012800,1594.93701171875,398.0634765625,0.480761706829071,1.479496955871582,0.0014228613581508
2pk2qbb4,pgfm_4g,implicit,43,20,1410007040,1615.52490234375,402.611328125,0.4895704090595245,1.4846904277801514,0.0013466225937008
2pk2qbb4,pgfm_4g,implicit,43,20,1420001280,1625.99560546875,404.771484375,0.4854046702384949,1.45866060256958,0.0011823049280792
2pk2qbb4,pgfm_4g,implicit,43,20,1430077440,1587.2850341796875,397.201171875,0.4848412871360779,1.4859826564788818,0.0014296993613243
2pk2qbb4,pgfm_4g,implicit,43,20,1440071680,1609.4000244140625,401.3466796875,0.4890560209751129,1.4813895225524902,0.0013147012796252
2pk2qbb4,pgfm_4g,implicit,43,20,1450065920,1601.3505859375,400.771484375,0.4761898517608642,1.4693801403045654,0.0012988685630261
2pk2qbb4,pgfm_4g,implicit,43,20,1460060160,1589.522216796875,395.541015625,0.4971524178981781,1.4747068881988523,0.0014490627218037
2pk2qbb4,pgfm_4g,implicit,43,20,1470054400,1632.0745849609375,407.0927734375,0.4849461317062378,1.46644926071167,0.0011444820556789
2pk2qbb4,pgfm_4g,implicit,43,20,1480048640,1569.0767822265625,395.7001953125,0.50107342004776,1.5181951522827148,0.0014436886413022
2pk2qbb4,pgfm_4g,implicit,43,20,1490042880,1594.3350830078125,398.3583984375,0.4926343858242035,1.5165661573410034,0.0013982446398586
2pk2qbb4,pgfm_4g,implicit,43,20,1500037120,1610.617431640625,401.98046875,0.4844964146614074,1.5092260837554932,0.0012344490969553
2pk2qbb4,pgfm_4g,implicit,43,20,1510031360,1608.99169921875,400.90234375,0.4970367848873138,1.493543028831482,0.0013207816518843
2pk2qbb4,pgfm_4g,implicit,43,20,1520025600,1598.2227783203125,397.9130859375,0.4918894469738006,1.5117087364196775,0.0013546233531087
2pk2qbb4,pgfm_4g,implicit,43,20,1530019840,1610.629638671875,403.611328125,0.4859488606452942,1.5228444337844849,0.0011790744028985
2pk2qbb4,pgfm_4g,implicit,43,20,1540014080,1621.041259765625,403.9853515625,0.4824760556221008,1.472698211669922,0.0012543711345642
2pk2qbb4,pgfm_4g,implicit,43,20,1550008320,1610.464111328125,400.8203125,0.4858607053756714,1.4850740432739258,0.0012388385366648
2pk2qbb4,pgfm_4g,implicit,43,20,1560002560,1630.99560546875,404.26171875,0.4772824048995971,1.4764258861541748,0.0011874879710376
2pk2qbb4,pgfm_4g,implicit,43,20,1570078720,1613.4248046875,400.7060546875,0.4778799414634704,1.480410933494568,0.0012581510236486
2pk2qbb4,pgfm_4g,implicit,43,20,1580072960,1628.3642578125,403.4658203125,0.4794644117355346,1.4693899154663086,0.001201614155434
2pk2qbb4,pgfm_4g,implicit,43,20,1590067200,1615.037353515625,401.396484375,0.4892873764038086,1.4821068048477173,0.0012116676662117
2pk2qbb4,pgfm_4g,implicit,43,20,1600061440,1586.1337890625,395.25,0.4919746518135071,1.4986674785614014,0.0014584113378077
2pk2qbb4,pgfm_4g,implicit,43,20,1610055680,1627.1455078125,403.427734375,0.4954950511455536,1.476726770401001,0.0012201132485643
2pk2qbb4,pgfm_4g,implicit,43,20,1620049920,1598.6058349609375,397.283203125,0.4906783103942871,1.4639073610305786,0.0013842285843566
2pk2qbb4,pgfm_4g,implicit,43,20,1630044160,1603.0347900390625,396.8916015625,0.4820104539394378,1.445063829421997,0.0013747700722888
2pk2qbb4,pgfm_4g,implicit,43,20,1640038400,1650.1669921875,405.72265625,0.4710836410522461,1.446899175643921,0.0011698501184582
2pk2qbb4,pgfm_4g,implicit,43,20,1650032640,1634.39599609375,404.50390625,0.4774020910263061,1.4701780080795288,0.0012116536963731
2pk2qbb4,pgfm_4g,implicit,43,20,1660026880,1646.719970703125,404.861328125,0.4715803265571594,1.443098545074463,0.0011905316496267
2pk2qbb4,pgfm_4g,implicit,43,20,1670021120,1562.25537109375,390.126953125,0.4874774813652038,1.4967498779296875,0.0015822474379092
2pk2qbb4,pgfm_4g,implicit,43,20,1680015360,1612.628662109375,397.67578125,0.4813573062419891,1.452373504638672,0.0013622362166643
2pk2qbb4,pgfm_4g,implicit,43,20,1690009600,1649.4056396484375,405.2568359375,0.4750916361808777,1.4474421739578247,0.0012041529407724
2pk2qbb4,pgfm_4g,implicit,43,20,1700003840,1667.9373779296875,410.8291015625,0.4739387035369873,1.4852418899536133,0.0010488680563867
2pk2qbb4,pgfm_4g,implicit,43,20,1710080000,1646.5487060546875,406.7978515625,0.4849157929420471,1.4576373100280762,0.0012181338388472
2pk2qbb4,pgfm_4g,implicit,43,20,1720074240,1647.70751953125,407.4111328125,0.4790822267532348,1.4551806449890137,0.0011484046699479
2pk2qbb4,pgfm_4g,implicit,43,20,1730068480,1647.7613525390625,405.19921875,0.4834709167480469,1.4532842636108398,0.0012557273730635
2pk2qbb4,pgfm_4g,implicit,43,20,1740062720,1647.66455078125,408.4794921875,0.4942943751811981,1.487828254699707,0.0011363907251507
2pk2qbb4,pgfm_4g,implicit,43,20,1750056960,1654.588623046875,407.9365234375,0.4847960174083709,1.4547786712646484,0.001109697506763
2pk2qbb4,pgfm_4g,implicit,43,20,1760051200,1649.1513671875,407.0947265625,0.4833768308162689,1.4810891151428225,0.0011868822621181
2pk2qbb4,pgfm_4g,implicit,43,20,1770045440,1672.4964599609375,411.142578125,0.4856594204902649,1.456326961517334,0.0010857968591153
2pk2qbb4,pgfm_4g,implicit,43,20,1780039680,1674.467529296875,412.1669921875,0.4800933599472046,1.4556822776794434,0.00106295151636
2pk2qbb4,pgfm_4g,implicit,43,20,1790033920,1664.681640625,407.2958984375,0.4736291170120239,1.4292340278625488,0.001157272607088
2pk2qbb4,pgfm_4g,implicit,43,20,1800028160,1652.619140625,408.515625,0.4857522547245025,1.4678795337677002,0.001037924317643
2pk2qbb4,pgfm_4g,implicit,43,20,1810022400,1657.056396484375,408.599609375,0.4779630005359649,1.4468040466308594,0.0010964941466227
2pk2qbb4,pgfm_4g,implicit,43,20,1820016640,1652.8106689453125,405.072265625,0.4817119836807251,1.4439150094985962,0.0012311063474044
2pk2qbb4,pgfm_4g,implicit,43,20,1830010880,1639.5086669921875,402.8427734375,0.478881299495697,1.4562623500823977,0.0012552561238408
2pk2qbb4,pgfm_4g,implicit,43,20,1840005120,1652.5992431640625,403.998046875,0.4752058386802673,1.4428091049194336,0.0012784389546141
2pk2qbb4,pgfm_4g,implicit,43,20,1850081280,1652.584716796875,405.3173828125,0.4807882905006408,1.451252579689026,0.001234408118762
2pk2qbb4,pgfm_4g,implicit,43,20,1860075520,1652.89501953125,403.7607421875,0.4884524643421173,1.4336775541305542,0.0012839450500905
2pk2qbb4,pgfm_4g,implicit,43,20,1870069760,1667.252685546875,410.6572265625,0.4761896431446075,1.4720553159713743,0.001061588875018
2pk2qbb4,pgfm_4g,implicit,43,20,1880064000,1694.24755859375,415.1025390625,0.4726511240005493,1.4375650882720947,0.0009318580268882
2pk2qbb4,pgfm_4g,implicit,43,20,1890058240,1651.0302734375,405.10546875,0.4872847199440002,1.4333020448684692,0.0011839300859719
2pk2qbb4,pgfm_4g,implicit,43,20,1900052480,1664.25146484375,408.2314453125,0.4769190549850464,1.431477189064026,0.0010977870551869
2pk2qbb4,pgfm_4g,implicit,43,20,1910046720,1657.1473388671875,406.4248046875,0.4761017560958862,1.4404317140579224,0.0012140583712607
2pk2qbb4,pgfm_4g,implicit,43,20,1920040960,1674.561767578125,408.265625,0.4789833426475525,1.4195899963378906,0.0010845883516594
2pk2qbb4,pgfm_4g,implicit,43,20,1930035200,1662.8577880859375,406.6591796875,0.4721201658248901,1.4221961498260498,0.0011706601362675
2pk2qbb4,pgfm_4g,implicit,43,20,1940029440,1662.771728515625,407.833984375,0.4889085590839386,1.4518346786499023,0.0011434083571657
2pk2qbb4,pgfm_4g,implicit,43,20,1950023680,1675.52685546875,410.23828125,0.4869347214698791,1.4417871236801147,0.0010896235471591
2pk2qbb4,pgfm_4g,implicit,43,20,1960017920,1696.228515625,413.5849609375,0.4720020890235901,1.4266998767852783,0.0010035311570391
2pk2qbb4,pgfm_4g,implicit,43,20,1970012160,1704.9815673828125,416.0751953125,0.4751804769039154,1.423180103302002,0.0008575250394642
2pk2qbb4,pgfm_4g,implicit,43,20,1980006400,1677.21435546875,410.7890625,0.4742498993873596,1.4155161380767822,0.0010239995317533
2pk2qbb4,pgfm_4g,implicit,43,20,1990000640,1690.39453125,414.150390625,0.4734120368957519,1.4315564632415771,0.0009366887970827
2pk2qbb4,pgfm_4g,implicit,43,20,2000076800,1712.276123046875,418.3134765625,0.456177294254303,1.4243813753128052,0.0008031773031689
2pk2qbb4,pgfm_4g,implicit,43,20,2010071040,1693.33935546875,415.0107421875,0.4720556139945984,1.4299025535583496,0.0008465871214866
2pk2qbb4,pgfm_4g,implicit,43,20,2020065280,1675.2962646484375,410.0771484375,0.4899916052818298,1.429793357849121,0.0009990043472498
2pk2qbb4,pgfm_4g,implicit,43,20,2030059520,1672.534912109375,409.8720703125,0.4852767884731293,1.429775595664978,0.0009991456754505
2pk2qbb4,pgfm_4g,implicit,43,20,2040053760,1701.27099609375,417.177734375,0.4712806940078735,1.4398808479309082,0.0008362008957192
2pk2qbb4,pgfm_4g,implicit,43,20,2050048000,1675.8768310546875,409.4755859375,0.4974109828472137,1.4414823055267334,0.0010733825620263
2pk2qbb4,pgfm_4g,implicit,43,20,2060042240,1679.9461669921875,408.044921875,0.4836267232894897,1.423041582107544,0.0011611124500632
2pk2qbb4,pgfm_4g,implicit,43,20,2070036480,1699.078857421875,414.337890625,0.4839043319225311,1.4278079271316528,0.0008990009082481
2pk2qbb4,pgfm_4g,implicit,43,20,2080030720,1677.554931640625,409.744140625,0.482043445110321,1.4429218769073486,0.0010610216995701
2pk2qbb4,pgfm_4g,implicit,43,20,2090024960,1677.47998046875,409.1630859375,0.4836563766002655,1.427612066268921,0.0010338495485484
2pk2qbb4,pgfm_4g,implicit,43,20,2100019200,1662.053955078125,404.453125,0.4841760694980621,1.434701919555664,0.0011894644703716
2pk2qbb4,pgfm_4g,implicit,43,20,2110013440,1667.046142578125,407.546875,0.4848365485668182,1.421062469482422,0.0010988609865307
2pk2qbb4,pgfm_4g,implicit,43,20,2120007680,1688.8800048828125,410.625,0.4815483689308166,1.4067379236221311,0.0010295725660398
2pk2qbb4,pgfm_4g,implicit,43,20,2130001920,1673.63037109375,410.8310546875,0.4776734709739685,1.4423983097076416,0.001074839150533
2pk2qbb4,pgfm_4g,implicit,43,20,2140078080,1667.3363037109375,405.572265625,0.4813372492790222,1.4415032863616943,0.0011801565997302
2pk2qbb4,pgfm_4g,implicit,43,20,2150072320,1670.2203369140625,406.279296875,0.4832105636596679,1.438658595085144,0.0011483770795166
2pk2qbb4,pgfm_4g,implicit,43,20,2160066560,1693.337646484375,412.892578125,0.4833734035491943,1.4278090000152588,0.0009820887353271
2pk2qbb4,pgfm_4g,implicit,43,20,2170060800,1687.50927734375,412.3486328125,0.4767881631851196,1.4117798805236816,0.0010210963664576
2pk2qbb4,pgfm_4g,implicit,43,20,2180055040,1705.363037109375,414.625,0.4695158004760742,1.4063578844070437,0.000946270127315
2pk2qbb4,pgfm_4g,implicit,43,20,2190049280,1691.890869140625,413.2568359375,0.4796596169471741,1.4155290126800537,0.0010143019026145
2pk2qbb4,pgfm_4g,implicit,43,20,2200043520,1693.32763671875,411.5048828125,0.4725338220596313,1.3974493741989136,0.0010088870767503
2pk2qbb4,pgfm_4g,implicit,43,20,2210037760,1692.86279296875,412.1552734375,0.4680068790912628,1.402279257774353,0.000928723718971
2pk2qbb4,pgfm_4g,implicit,43,20,2220032000,1663.603759765625,407.0,0.4727768003940582,1.4235888719558716,0.0011209012009203
2pk2qbb4,pgfm_4g,implicit,43,20,2230026240,1666.6988525390625,406.8203125,0.4886055290699005,1.4165900945663452,0.0011694717686623
2pk2qbb4,pgfm_4g,implicit,43,20,2240020480,1704.1103515625,413.8125,0.4871310591697693,1.409889817237854,0.0010199714452028
2pk2qbb4,pgfm_4g,implicit,43,20,2250014720,1665.7744140625,406.23046875,0.4773006439208984,1.4050185680389404,0.001167218782939
2pk2qbb4,pgfm_4g,implicit,43,20,2260008960,1691.2218017578125,412.0859375,0.4810878038406372,1.4326012134552002,0.0009800039697438
2pk2qbb4,pgfm_4g,implicit,43,20,2270003200,1694.380126953125,411.55859375,0.4792353212833404,1.402420997619629,0.0010078584309667
2pk2qbb4,pgfm_4g,implicit,43,20,2280079360,1683.7314453125,409.2060546875,0.4930341839790344,1.41398024559021,0.0010654116049408
2pk2qbb4,pgfm_4g,implicit,43,20,2290073600,1705.134521484375,413.8720703125,0.4785318970680237,1.404929518699646,0.0009730308083817
2pk2qbb4,pgfm_4g,implicit,43,20,2300067840,1667.8779296875,407.3291015625,0.4965164065361023,1.439239740371704,0.0011926942970603
2pk2qbb4,pgfm_4g,implicit,43,20,2310062080,1681.481201171875,409.08984375,0.4870187938213348,1.376957654953003,0.0011413355823606
2pk2qbb4,pgfm_4g,implicit,43,20,2320056320,1682.800537109375,408.5263671875,0.4916829168796539,1.4032864570617676,0.0011074633803218
2pk2qbb4,pgfm_4g,implicit,43,20,2330050560,1675.4237060546875,408.8623046875,0.4903300106525421,1.423733472824097,0.0010918222833424
2pk2qbb4,pgfm_4g,implicit,43,20,2340044800,1719.8138427734375,416.912109375,0.4917026162147522,1.4152865409851074,0.0008763152873143
2pk2qbb4,pgfm_4g,implicit,43,20,2350039040,1705.133056640625,415.177734375,0.4987146556377411,1.435250997543335,0.0009438326233066
2pk2qbb4,pgfm_4g,implicit,43,20,2360033280,1700.065673828125,415.0703125,0.4958699345588684,1.4302445650100708,0.0009045203332789
2pk2qbb4,pgfm_4g,implicit,43,20,2370027520,1679.51123046875,408.5556640625,0.507479190826416,1.4384121894836426,0.0010304830502718
2pk2qbb4,pgfm_4g,implicit,43,20,2380021760,1670.17041015625,409.8232421875,0.5058508515357971,1.4473414421081543,0.0010386663489043
2pk2qbb4,pgfm_4g,implicit,43,20,2390016000,1684.44970703125,409.921875,0.5044424533843994,1.449580192565918,0.0010234634391963
2pk2qbb4,pgfm_4g,implicit,43,20,2400010240,1673.201416015625,407.09765625,0.5093246102333069,1.438019037246704,0.0011487293522804
2pk2qbb4,pgfm_4g,implicit,43,20,2410004480,1674.5152587890625,407.94140625,0.5133110284805298,1.4384958744049072,0.0010988600552082
2pk2qbb4,pgfm_4g,implicit,43,20,2420080640,1708.70556640625,415.369140625,0.4914367794990539,1.4146958589553833,0.0009083645418286
2pk2qbb4,pgfm_4g,implicit,43,20,2430074880,1678.59814453125,408.4140625,0.5073562860488892,1.4340640306472778,0.001101862755604
2pk2qbb4,pgfm_4g,implicit,43,20,2440069120,1683.6181640625,408.9404296875,0.4992071986198425,1.436518907546997,0.0010571622988209
2pk2qbb4,pgfm_4g,implicit,43,20,2450063360,1682.0438232421875,410.169921875,0.5008362531661987,1.4435362815856934,0.001001947093755
2pk2qbb4,pgfm_4g,implicit,43,20,2460057600,1675.51318359375,407.9482421875,0.4844997823238373,1.4168554544448853,0.0010970544535666
2pk2qbb4,pgfm_4g,implicit,43,20,2470051840,1714.9521484375,416.7333984375,0.5017300844192505,1.406336545944214,0.0008509740582667
2pk2qbb4,pgfm_4g,implicit,43,20,2480046080,1687.939453125,409.0732421875,0.5012333393096924,1.393425226211548,0.0011514868820086
2pk2qbb4,pgfm_4g,implicit,43,20,2490040320,1691.9376220703125,411.14453125,0.5016343593597412,1.410332202911377,0.0010307012125849
2pk2qbb4,pgfm_4g,implicit,43,20,2500034560,1719.166748046875,417.3466796875,0.4744564592838287,1.406590461730957,0.0008419956429861
2pk2qbb4,pgfm_4g,implicit,43,20,2510028800,1707.990966796875,413.99609375,0.5016367435455322,1.4091012477874756,0.0010328142670914
2pk2qbb4,pgfm_4g,implicit,43,20,2520023040,1693.98291015625,411.4638671875,0.495893120765686,1.4234710931777954,0.0010071014985442
2pk2qbb4,pgfm_4g,implicit,43,20,2530017280,1724.5662841796875,418.0888671875,0.5111225843429565,1.4047307968139648,0.0008203091565519
2pk2qbb4,pgfm_4g,implicit,43,20,2540011520,1702.2010498046875,414.18359375,0.4969250559806824,1.3865513801574707,0.0009799724211916
2pk2qbb4,pgfm_4g,implicit,43,20,2550005760,1700.1905517578125,411.8916015625,0.4953997731208801,1.3932878971099854,0.0010172391775995
2pk2qbb4,pgfm_4g,implicit,43,20,2560000000,1696.3802490234375,413.041015625,0.5146198272705078,1.4221101999282837,0.0009583686478435
2pk2qbb4,pgfm_4g,implicit,43,20,2570076160,1676.8741455078125,407.3505859375,0.5145294070243835,1.41096830368042,0.001157317077741
2pk2qbb4,pgfm_4g,implicit,43,20,2580070400,1687.6019287109375,409.8662109375,0.499297946691513,1.409343719482422,0.0010593105107545
2pk2qbb4,pgfm_4g,implicit,43,20,2590064640,1712.18701171875,415.4931640625,0.5025362968444824,1.401191234588623,0.0008972323266789
2pk2qbb4,pgfm_4g,implicit,43,20,2600058880,1697.893798828125,411.9228515625,0.4984514117240906,1.3905457258224487,0.0010647673625499
2pk2qbb4,pgfm_4g,implicit,43,20,2610053120,1698.2734375,412.798828125,0.5030652284622192,1.3908095359802246,0.0009682609234005
2pk2qbb4,pgfm_4g,implicit,43,20,2620047360,1696.781982421875,412.314453125,0.4965772628784179,1.4084887504577637,0.0010290693026036
2pk2qbb4,pgfm_4g,implicit,43,20,2630041600,1717.36572265625,415.4755859375,0.4911307692527771,1.3833272457122805,0.0009208596311509
2pk2qbb4,pgfm_4g,implicit,43,20,2640035840,1691.2100830078125,411.1689453125,0.5022554397583008,1.4120142459869385,0.0009956678841263
2pk2qbb4,pgfm_4g,implicit,43,20,2650030080,1709.598876953125,413.619140625,0.4944140613079071,1.397700309753418,0.0009647274273447
2pk2qbb4,pgfm_4g,implicit,43,20,2660024320,1702.22216796875,410.9150390625,0.492678701877594,1.3909962177276611,0.0010244369041174
2pk2qbb4,pgfm_4g,implicit,43,20,2670018560,1740.58349609375,419.5322265625,0.4900187849998474,1.3874764442443848,0.0008189090294763
2pk2qbb4,pgfm_4g,implicit,43,20,2680012800,1716.449462890625,413.89453125,0.4878081083297729,1.390622615814209,0.0009544639033265
2pk2qbb4,pgfm_4g,implicit,43,20,2690007040,1689.1795654296875,410.1630859375,0.495557963848114,1.4146628379821775,0.0010620778193697
2pk2qbb4,pgfm_4g,implicit,43,20,2700001280,1699.340576171875,412.1787109375,0.504374623298645,1.4036691188812256,0.0009511857060715
2pk2qbb4,pgfm_4g,implicit,43,20,2710077440,1718.36376953125,416.9931640625,0.4856842458248138,1.4189398288726809,0.0008387919515371
2pk2qbb4,pgfm_4g,implicit,43,20,2720071680,1685.821044921875,409.7880859375,0.5045537948608398,1.4191362857818604,0.0010387322399765
2pk2qbb4,pgfm_4g,implicit,43,20,2730065920,1722.448486328125,415.4013671875,0.4915051460266113,1.405123591423035,0.0009327068692073
2pk2qbb4,pgfm_4g,implicit,43,20,2740060160,1717.3243408203125,414.5927734375,0.4986140727996826,1.4089635610580444,0.0009415746899321
2pk2qbb4,pgfm_4g,implicit,43,20,2750054400,1711.08154296875,415.1767578125,0.4935781359672546,1.4119560718536377,0.0009518825099803
2pk2qbb4,pgfm_4g,implicit,43,20,2760048640,1704.263671875,412.70703125,0.4948926568031311,1.4047937393188477,0.0009843343868851
2pk2qbb4,pgfm_4g,implicit,43,20,2770042880,1695.909912109375,412.259765625,0.5058746933937073,1.426863193511963,0.0009460560977458
2pk2qbb4,pgfm_4g,implicit,43,20,2780037120,1682.741455078125,406.7548828125,0.5067891478538513,1.3960843086242676,0.0011410783044993
2pk2qbb4,pgfm_4g,implicit,43,20,2790031360,1718.283447265625,415.6025390625,0.4956107139587402,1.3941586017608645,0.0008901256369426
2pk2qbb4,pgfm_4g,implicit,43,20,2800025600,1697.041015625,412.3525390625,0.5035585165023804,1.4325191974639893,0.0010214841458946
2pk2qbb4,pgfm_4g,implicit,43,20,2810019840,1702.4549560546875,412.8955078125,0.512245774269104,1.43298602104187,0.0009676931076683
2pk2qbb4,pgfm_4g,implicit,43,20,2820014080,1699.5908203125,410.423828125,0.496735006570816,1.4155447483062744,0.0010195445502176
2pk2qbb4,pgfm_4g,implicit,43,20,2830008320,1734.1038818359375,417.8603515625,0.4991763234138489,1.3990347385406494,0.0008517865790054
2pk2qbb4,pgfm_4g,implicit,43,20,2840002560,1710.17529296875,413.927734375,0.5059542059898376,1.4080387353897097,0.0009138805326074
2pk2qbb4,pgfm_4g,implicit,43,20,2850078720,1728.6240234375,416.41796875,0.507352352142334,1.3985975980758667,0.0008977334364317
2pk2qbb4,pgfm_4g,implicit,43,20,2860072960,1712.8707275390625,412.474609375,0.4944661855697632,1.3977452516555786,0.0009695714688859
2pk2qbb4,pgfm_4g,implicit,43,20,2870067200,1698.373779296875,410.1943359375,0.501291036605835,1.4039369821548462,0.0010541339870542
2pk2qbb4,pgfm_4g,implicit,43,20,2880061440,1710.316162109375,413.994140625,0.4964219331741333,1.4128797054290771,0.0009716188651509
2pk2qbb4,pgfm_4g,implicit,43,20,2890055680,1717.162841796875,414.7783203125,0.4903538823127746,1.4127603769302368,0.0009578301105648
2pk2qbb4,pgfm_4g,implicit,43,20,2900049920,1697.3175048828125,410.689453125,0.4986293911933899,1.424786925315857,0.001067076344043
2pk2qbb4,pgfm_4g,implicit,43,20,2910044160,1693.1402587890625,408.189453125,0.5078797340393066,1.4153770208358765,0.001130283344537
2pk2qbb4,pgfm_4g,implicit,43,20,2920038400,1721.8427734375,415.1064453125,0.5030323266983032,1.409341812133789,0.0009838724508881
2pk2qbb4,pgfm_4g,implicit,43,20,2930032640,1693.9366455078125,411.24609375,0.5082998275756836,1.4489154815673828,0.0010363988112658
2pk2qbb4,pgfm_4g,implicit,43,20,2940026880,1682.232666015625,407.392578125,0.5173416137695312,1.4658114910125732,0.001109990524128
2pk2qbb4,pgfm_4g,implicit,43,20,2950021120,1687.9169921875,407.9580078125,0.5222493410110474,1.4441611766815186,0.00120232894551
2pk2qbb4,pgfm_4g,implicit,43,20,2960015360,1710.11376953125,411.5771484375,0.5130782127380371,1.41435444355011,0.001056607463397
2pk2qbb4,pgfm_4g,implicit,43,20,2970009600,1686.144775390625,407.740234375,0.5375083684921265,1.4266053438186646,0.0011497562518343
2pk2qbb4,pgfm_4g,implicit,43,20,2980003840,1713.5484619140625,412.6083984375,0.5103407502174377,1.4080458879470823,0.0009845485910773
4298lhzu,pgfm_4g,implicit,43,30,10076160,402.5784912109375,167.7392578125,0.5348144769668579,2.682684898376465,0.0134291611611843
4298lhzu,pgfm_4g,implicit,43,30,20070400,540.7197265625,201.99609375,0.5074091553688049,2.56083083152771,0.0111033553257584
4298lhzu,pgfm_4g,implicit,43,30,30064640,518.3197021484375,190.5341796875,0.5316228866577148,2.442732095718384,0.0108833126723766
4298lhzu,pgfm_4g,implicit,43,30,40058880,546.784423828125,198.5146484375,0.5216457843780518,2.4115700721740723,0.009584367275238
4298lhzu,pgfm_4g,implicit,43,30,50053120,575.0291137695312,207.9443359375,0.522598385810852,2.4513893127441406,0.008958832360804
4298lhzu,pgfm_4g,implicit,43,30,60047360,569.2742919921875,207.94921875,0.5281025171279907,2.491333246231079,0.0086688548326492
4298lhzu,pgfm_4g,implicit,43,30,70041600,561.7422485351562,209.693359375,0.5342698693275452,2.487041473388672,0.0083475830033421
4298lhzu,pgfm_4g,implicit,43,30,80035840,560.2117919921875,202.4951171875,0.5041496157646179,2.452166557312012,0.0088474787771701
4298lhzu,pgfm_4g,implicit,43,30,90030080,628.0432739257812,229.8525390625,0.49540776014328,2.4660677909851074,0.0078900475054979
4298lhzu,pgfm_4g,implicit,43,30,100024320,656.8546142578125,234.755859375,0.5425078868865967,2.437458038330078,0.007880549877882
4298lhzu,pgfm_4g,implicit,43,30,110018560,672.5296020507812,242.2138671875,0.5013396739959717,2.4236056804656982,0.0071446420624852
4298lhzu,pgfm_4g,implicit,43,30,120012800,714.2003173828125,251.302734375,0.5468233823776245,2.4609079360961914,0.0068391500972211
4298lhzu,pgfm_4g,implicit,43,30,130007040,698.1522216796875,247.28125,0.5411723852157593,2.3870112895965576,0.0068447869271039
4298lhzu,pgfm_4g,implicit,43,30,140001280,680.354248046875,242.9482421875,0.5527498126029968,2.3666892051696777,0.0070363627746701
4298lhzu,pgfm_4g,implicit,43,30,150077440,730.5625610351562,254.5107421875,0.5477542877197266,2.3582260608673096,0.0067078219726681
4298lhzu,pgfm_4g,implicit,43,30,160071680,722.2816162109375,252.6083984375,0.552080512046814,2.315633773803711,0.0064582643099129
4298lhzu,pgfm_4g,implicit,43,30,170065920,757.692138671875,262.4404296875,0.562874436378479,2.329672336578369,0.0063348091207444
4298lhzu,pgfm_4g,implicit,43,30,180060160,768.3380126953125,262.705078125,0.5678896307945251,2.355503559112549,0.0062755616381764
4298lhzu,pgfm_4g,implicit,43,30,190054400,766.0064697265625,259.9072265625,0.5395095944404602,2.2395179271698,0.0064406609162688
4298lhzu,pgfm_4g,implicit,43,30,200048640,791.583740234375,268.3369140625,0.575629711151123,2.2704031467437744,0.0056616417132318
4298lhzu,pgfm_4g,implicit,43,30,210042880,740.4749755859375,256.6943359375,0.5695818662643433,2.284031391143799,0.0063506783917546
4298lhzu,pgfm_4g,implicit,43,30,220037120,782.8211059570312,264.529296875,0.593028724193573,2.2577221393585205,0.0060264589264988
4298lhzu,pgfm_4g,implicit,43,30,230031360,785.3658447265625,265.66796875,0.5820537805557251,2.2438931465148926,0.0058675506152212
4298lhzu,pgfm_4g,implicit,43,30,240025600,817.5262451171875,268.94921875,0.5418294668197632,2.1976561546325684,0.0060476576909422
4298lhzu,pgfm_4g,implicit,43,30,250019840,840.027587890625,272.4287109375,0.5567028522491455,2.207012891769409,0.0053855217993259
4298lhzu,pgfm_4g,implicit,43,30,260014080,802.6626586914062,266.5576171875,0.6078324317932129,2.239333391189575,0.0060514495708048
4298lhzu,pgfm_4g,implicit,43,30,270008320,832.13671875,266.8349609375,0.5574580430984497,2.102981805801392,0.0058126915246248
4298lhzu,pgfm_4g,implicit,43,30,280002560,832.1419677734375,272.4150390625,0.5741622447967529,2.1427032947540283,0.0056504802778363
4298lhzu,pgfm_4g,implicit,43,30,290078720,861.2713623046875,275.1962890625,0.5539132356643677,2.113638401031494,0.0055129555985331
4298lhzu,pgfm_4g,implicit,43,30,300072960,888.5543212890625,281.404296875,0.5373744964599609,2.146334648132324,0.0049384264275431
4298lhzu,pgfm_4g,implicit,43,30,310067200,866.8682861328125,273.5390625,0.5544124841690063,2.067328453063965,0.0054008844308555
4298lhzu,pgfm_4g,implicit,43,30,320061440,851.3018798828125,268.40625,0.5349135994911194,2.0063729286193848,0.0055957855656743
4298lhzu,pgfm_4g,implicit,43,30,330055680,833.459716796875,266.279296875,0.5701136589050293,2.055243015289306,0.0054748388938605
4298lhzu,pgfm_4g,implicit,43,30,340049920,806.2564697265625,262.142578125,0.5562160015106201,2.0435285568237305,0.0057827001437544
4298lhzu,pgfm_4g,implicit,43,30,350044160,886.91552734375,274.6123046875,0.5674662590026855,2.0041561126708984,0.005376542918384
4298lhzu,pgfm_4g,implicit,43,30,360038400,849.1072387695312,269.841796875,0.5524685382843018,1.99388325214386,0.0056250756606459
4298lhzu,pgfm_4g,implicit,43,30,370032640,875.82861328125,280.4208984375,0.5788599252700806,2.0364584922790527,0.0051262425258755
4298lhzu,pgfm_4g,implicit,43,30,380026880,877.1922607421875,272.9599609375,0.5841416120529175,1.9946308135986328,0.0053448677062988
4298lhzu,pgfm_4g,implicit,43,30,390021120,900.390380859375,279.822265625,0.5749033689498901,1.9942471981048584,0.0050245425663888
4298lhzu,pgfm_4g,implicit,43,30,400015360,910.0403442382812,279.861328125,0.5423498153686523,1.9855339527130127,0.0049354843795299
4298lhzu,pgfm_4g,implicit,43,30,410009600,917.2957153320312,283.34765625,0.5640453696250916,1.9919573068618772,0.0048565506003797
4298lhzu,pgfm_4g,implicit,43,30,420003840,935.0878295898438,283.796875,0.5578014850616455,1.9768935441970823,0.0050122193060815
4298lhzu,pgfm_4g,implicit,43,30,430080000,915.2828369140624,282.4189453125,0.5637474060058594,1.9349215030670168,0.0049288244917988
4298lhzu,pgfm_4g,implicit,43,30,440074240,905.7811889648438,274.49609375,0.5460305213928223,1.908553123474121,0.0052614444866776
4298lhzu,pgfm_4g,implicit,43,30,450068480,906.74560546875,273.4765625,0.5637525320053101,1.8837003707885744,0.0055372859351336
4298lhzu,pgfm_4g,implicit,43,30,460062720,947.5413818359376,281.216796875,0.545722246170044,1.8762235641479488,0.0050659263506531
4298lhzu,pgfm_4g,implicit,43,30,470056960,960.802490234375,289.5322265625,0.5532256364822388,1.8966424465179443,0.0045436238870024
4298lhzu,pgfm_4g,implicit,43,30,480051200,957.8988647460938,285.6611328125,0.5456293225288391,1.8793672323226929,0.0048440266400575
4298lhzu,pgfm_4g,implicit,43,30,490045440,973.4058837890624,288.5068359375,0.5511363744735718,1.865058660507202,0.0046686939895153
4298lhzu,pgfm_4g,implicit,43,30,500039680,999.3811645507812,296.2607421875,0.5460526943206787,1.907517910003662,0.0043873414397239
4298lhzu,pgfm_4g,implicit,43,30,510033920,973.7584228515624,287.490234375,0.5638387799263,1.8486629724502563,0.0049683740362524
4298lhzu,pgfm_4g,implicit,43,30,520028160,977.6617431640624,289.1884765625,0.5755587220191956,1.8764994144439695,0.0046252887696027
4298lhzu,pgfm_4g,implicit,43,30,530022400,988.7312622070312,291.2421875,0.5258930325508118,1.8611665964126587,0.0048417523503303
4298lhzu,pgfm_4g,implicit,43,30,540016640,1003.212158203125,293.15625,0.5239848494529724,1.829995393753052,0.0046895891427993
4298lhzu,pgfm_4g,implicit,43,30,550010880,982.7935791015624,292.37890625,0.550804853439331,1.8832520246505735,0.0045674727298319
4298lhzu,pgfm_4g,implicit,43,30,560005120,978.6369018554688,294.2001953125,0.5508483648300171,1.8506484031677248,0.0044770296663045
4298lhzu,pgfm_4g,implicit,43,30,570081280,1002.4537353515624,299.2890625,0.5749621391296387,1.9182183742523196,0.0043631261214613
4298lhzu,pgfm_4g,implicit,43,30,580075520,1004.0499267578124,297.6416015625,0.5499137043952942,1.8756606578826904,0.0044027995318174
4298lhzu,pgfm_4g,implicit,43,30,590069760,1039.32861328125,304.4306640625,0.5819106101989746,1.8933554887771609,0.0040894839912652
4298lhzu,pgfm_4g,implicit,43,30,600064000,1028.601806640625,299.9677734375,0.5543487668037415,1.8513786792755127,0.0043166745454072
4298lhzu,pgfm_4g,implicit,43,30,610058240,1009.038330078125,293.521484375,0.5849751234054565,1.855686068534851,0.0047629503533244
4298lhzu,pgfm_4g,implicit,43,30,620052480,1016.0690307617188,300.9638671875,0.5553269386291504,1.859724998474121,0.0041971397586166
4298lhzu,pgfm_4g,implicit,43,30,630046720,982.6488037109376,291.6259765625,0.5500161647796631,1.8473540544509888,0.0047748433426022
4298lhzu,pgfm_4g,implicit,43,30,640040960,1033.58251953125,304.736328125,0.5622835159301758,1.8761844635009768,0.003999781794846
4298lhzu,pgfm_4g,implicit,43,30,650035200,1052.797607421875,310.47265625,0.5809190273284912,1.9124977588653564,0.0039781876839697
4298lhzu,pgfm_4g,implicit,43,30,660029440,1034.18115234375,309.328125,0.616806149482727,1.9314966201782229,0.0041709234938025
4298lhzu,pgfm_4g,implicit,43,30,670023680,1050.2723388671875,308.251953125,0.6004502773284912,1.8871549367904663,0.0039217704907059
4298lhzu,pgfm_4g,implicit,43,30,680017920,1050.489501953125,312.04296875,0.5858461856842041,1.9036619663238523,0.0039594592526555
4298lhzu,pgfm_4g,implicit,43,30,690012160,1071.438232421875,310.8212890625,0.5662037134170532,1.8233520984649656,0.0038095959462225
4298lhzu,pgfm_4g,implicit,43,30,700006400,1095.1651611328125,319.79296875,0.6038569211959839,1.855530023574829,0.003547184402123
4298lhzu,pgfm_4g,implicit,43,30,710000640,1094.397216796875,314.728515625,0.6057647466659546,1.8192706108093264,0.0037621876690536
4298lhzu,pgfm_4g,implicit,43,30,720076800,1078.2052001953125,312.66796875,0.5750874280929565,1.7999978065490725,0.0037777386605739
4298lhzu,pgfm_4g,implicit,43,30,730071040,1061.2120361328125,307.3828125,0.6081042289733887,1.7849133014678955,0.003955053165555
4298lhzu,pgfm_4g,implicit,43,30,740065280,1076.3031005859375,308.75390625,0.5954128503799438,1.780898094177246,0.0038632033392786
4298lhzu,pgfm_4g,implicit,43,30,750059520,1064.77783203125,309.3095703125,0.6219414472579956,1.804665684700012,0.0040207495912909
4298lhzu,pgfm_4g,implicit,43,30,760053760,1066.835205078125,306.3857421875,0.5747089982032776,1.7703907489776611,0.0040092496201395
4298lhzu,pgfm_4g,implicit,43,30,770048000,1080.7283935546875,313.4697265625,0.5711560845375061,1.769873857498169,0.0037726559676229
4298lhzu,pgfm_4g,implicit,43,30,780042240,1078.4697265625,314.5966796875,0.5881360769271851,1.8221399784088133,0.0037420880980789
4298lhzu,pgfm_4g,implicit,43,30,790036480,1105.0889892578125,320.63671875,0.6074745655059814,1.7797123193740845,0.0037732534110546
4298lhzu,pgfm_4g,implicit,43,30,800030720,1086.95751953125,317.8232421875,0.597705602645874,1.8048588037490845,0.0038462826050817
4298lhzu,pgfm_4g,implicit,43,30,810024960,1088.97119140625,315.533203125,0.586410403251648,1.769120216369629,0.0039420300163328
4298lhzu,pgfm_4g,implicit,43,30,820019200,1107.4962158203125,317.912109375,0.5728816390037537,1.7538981437683103,0.0037301727570593
4298lhzu,pgfm_4g,implicit,43,30,830013440,1143.783447265625,327.3212890625,0.5624339580535889,1.7319371700286863,0.0035288403742015
4298lhzu,pgfm_4g,implicit,43,30,840007680,1170.704345703125,337.4609375,0.576450526714325,1.7940239906311035,0.0030968333594501
4298lhzu,pgfm_4g,implicit,43,30,850001920,1128.335693359375,319.9365234375,0.564267635345459,1.71681809425354,0.0035730586387217
4298lhzu,pgfm_4g,implicit,43,30,860078080,1167.345703125,328.744140625,0.5446707606315613,1.6975021362304688,0.0033960521686822
4298lhzu,pgfm_4g,implicit,43,30,870072320,1155.6212158203125,328.9072265625,0.5678936839103699,1.7172553539276123,0.0033067055046558
4298lhzu,pgfm_4g,implicit,43,30,880066560,1177.0394287109375,336.9736328125,0.5600510835647583,1.7508172988891602,0.0031041835900396
4298lhzu,pgfm_4g,implicit,43,30,890060800,1119.3951416015625,323.314453125,0.5798497200012207,1.7788201570510864,0.0034504698123782
4298lhzu,pgfm_4g,implicit,43,30,900055040,1169.936767578125,332.63671875,0.5742908716201782,1.7363672256469729,0.0031912717968225
4298lhzu,pgfm_4g,implicit,43,30,910049280,1146.007080078125,324.81640625,0.5605164170265198,1.7224557399749756,0.0034801063593477
4298lhzu,pgfm_4g,implicit,43,30,920043520,1150.796142578125,326.3916015625,0.5615146160125732,1.727971076965332,0.0035012669395655
4298lhzu,pgfm_4g,implicit,43,30,930037760,1216.505126953125,339.314453125,0.5703594088554382,1.673227071762085,0.0031797206029295
4298lhzu,pgfm_4g,implicit,43,30,940032000,1200.5162353515625,335.0595703125,0.5468661189079285,1.669610857963562,0.0031817285344004
4298lhzu,pgfm_4g,implicit,43,30,950026240,1228.1181640625,342.3671875,0.563906729221344,1.7261810302734375,0.0030903150327503
4298lhzu,pgfm_4g,implicit,43,30,960020480,1161.4788818359375,330.3583984375,0.560020923614502,1.7622759342193604,0.0032622329890727
4298lhzu,pgfm_4g,implicit,43,30,970014720,1158.060302734375,327.125,0.5679327249526978,1.7253658771514893,0.0033638740424066
4298lhzu,pgfm_4g,implicit,43,30,980008960,1134.568603515625,326.7138671875,0.5569679141044617,1.7464799880981443,0.0034033781848847
4298lhzu,pgfm_4g,implicit,43,30,990003200,1159.432861328125,326.6357421875,0.5790423154830933,1.7607401609420776,0.003380689304322
4298lhzu,pgfm_4g,implicit,43,30,1000079360,1175.1160888671875,334.4375,0.5980504751205444,1.778899908065796,0.0030271257273852
4298lhzu,pgfm_4g,implicit,43,30,1010073600,1183.6795654296875,336.353515625,0.5908101797103882,1.755624294281006,0.0030908319167792
4298lhzu,pgfm_4g,implicit,43,30,1020067840,1217.06298828125,340.62109375,0.556564211845398,1.74261736869812,0.0029355208389461
4298lhzu,pgfm_4g,implicit,43,30,1030062080,1208.3861083984375,338.220703125,0.5564391613006592,1.7232444286346436,0.0030822639819234
4298lhzu,pgfm_4g,implicit,43,30,1040056320,1255.81494140625,346.291015625,0.5616791248321533,1.727144718170166,0.0028408614452928
4298lhzu,pgfm_4g,implicit,43,30,1050050560,1273.289794921875,351.0,0.5309858322143555,1.6990212202072144,0.0028065657243132
4298lhzu,pgfm_4g,implicit,43,30,1060044800,1215.759033203125,339.2294921875,0.5525195598602295,1.737539529800415,0.0030266498215496
4298lhzu,pgfm_4g,implicit,43,30,1070039040,1253.5634765625,347.4853515625,0.5657018423080444,1.7337919473648071,0.002831628313288
4298lhzu,pgfm_4g,implicit,43,30,1080033280,1255.24853515625,347.009765625,0.5481529235839844,1.7123264074325562,0.0027336329221725
4298lhzu,pgfm_4g,implicit,43,30,1090027520,1266.6947021484375,349.7763671875,0.5487431883811951,1.6868624687194824,0.0026696308050304
4298lhzu,pgfm_4g,implicit,43,30,1100021760,1254.5391845703125,348.8994140625,0.569237470626831,1.744789958000183,0.0027780509553849
4298lhzu,pgfm_4g,implicit,43,30,1110016000,1272.528076171875,353.353515625,0.6014412641525269,1.7721096277236938,0.0025951738934963
4298lhzu,pgfm_4g,implicit,43,30,1120010240,1269.116943359375,350.1259765625,0.552925169467926,1.6882634162902832,0.0028033261187374
4298lhzu,pgfm_4g,implicit,43,30,1130004480,1282.003173828125,349.4541015625,0.5563938021659851,1.6647522449493408,0.0028090747073292
4298lhzu,pgfm_4g,implicit,43,30,1140080640,1286.599609375,354.36328125,0.5715982913970947,1.7503606081008911,0.002632092218846
4298lhzu,pgfm_4g,implicit,43,30,1150074880,1331.320068359375,365.044921875,0.5602911710739136,1.758121132850647,0.0024265786632895
4298lhzu,pgfm_4g,implicit,43,30,1160069120,1313.7677001953125,362.900390625,0.5468137264251709,1.7795872688293457,0.0024800240062177
4298lhzu,pgfm_4g,implicit,43,30,1170063360,1279.5283203125,354.2294921875,0.5439684987068176,1.7867944240570068,0.0026400641072541
4298lhzu,pgfm_4g,implicit,43,30,1180057600,1253.53759765625,350.9345703125,0.5507654547691345,1.7973867654800415,0.0027022617869079
4298lhzu,pgfm_4g,implicit,43,30,1190051840,1275.4798583984375,354.2431640625,0.545912504196167,1.7534401416778564,0.0026063465047627
4298lhzu,pgfm_4g,implicit,43,30,1200046080,1317.694580078125,362.0302734375,0.5631601810455322,1.793658971786499,0.0024385945871472
4298lhzu,pgfm_4g,implicit,43,30,1210040320,1330.658935546875,362.7822265625,0.5236124992370605,1.8041181564331052,0.0024005291052162
4298lhzu,pgfm_4g,implicit,43,30,1220034560,1282.1650390625,353.986328125,0.5433660745620728,1.7711710929870603,0.0025824410840868
4298lhzu,pgfm_4g,implicit,43,30,1230028800,1323.660888671875,360.42578125,0.5414993166923523,1.7505416870117188,0.0025264052674174
4298lhzu,pgfm_4g,implicit,43,30,1240023040,1257.2037353515625,346.1337890625,0.5545207262039185,1.7146034240722656,0.0028479900211095
4298lhzu,pgfm_4g,implicit,43,30,1250017280,1311.798095703125,355.4287109375,0.5372672080993652,1.701451539993286,0.0026295119896531
4298lhzu,pgfm_4g,implicit,43,30,1260011520,1336.1500244140625,361.6298828125,0.5411304235458374,1.701338291168213,0.0023581003770232
4298lhzu,pgfm_4g,implicit,43,30,1270005760,1316.9122314453125,358.443359375,0.5411280393600464,1.7002122402191162,0.0025172543246299
4298lhzu,pgfm_4g,implicit,43,30,1280000000,1363.16162109375,368.0869140625,0.5284641981124878,1.7200086116790771,0.0022532227449119
4298lhzu,pgfm_4g,implicit,43,30,1290076160,1357.6435546875,369.013671875,0.5373804569244385,1.7139164209365845,0.0021373569034039
4298lhzu,pgfm_4g,implicit,43,30,1300070400,1312.668701171875,355.78515625,0.5577504634857178,1.7127119302749634,0.0026470590382814
4298lhzu,pgfm_4g,implicit,43,30,1310064640,1393.045166015625,373.2314453125,0.5260472893714905,1.6816598176956177,0.0020665964111685
4298lhzu,pgfm_4g,implicit,43,30,1320058880,1342.591796875,363.40625,0.5292092561721802,1.7200976610183716,0.0024356073699891
4298lhzu,pgfm_4g,implicit,43,30,1330053120,1351.9476318359375,363.4658203125,0.5118515491485596,1.6830123662948608,0.0024372045882046
4298lhzu,pgfm_4g,implicit,43,30,1340047360,1369.21142578125,368.669921875,0.5465758442878723,1.6795899868011477,0.0023655449040234
4298lhzu,pgfm_4g,implicit,43,30,1350041600,1360.173583984375,365.2373046875,0.5430564284324646,1.6859488487243652,0.0024594126734882
4298lhzu,pgfm_4g,implicit,43,30,1360035840,1347.8096923828125,364.59765625,0.5644861459732056,1.7072193622589111,0.0023924340493977
4298lhzu,pgfm_4g,implicit,43,30,1370030080,1344.1033935546875,361.986328125,0.5362290740013123,1.6529840230941772,0.0025396037381142
4298lhzu,pgfm_4g,implicit,43,30,1380024320,1384.291259765625,373.544921875,0.5345631837844849,1.692463994026184,0.0021514701656997
4298lhzu,pgfm_4g,implicit,43,30,1390018560,1390.838134765625,375.0234375,0.5550298094749451,1.714851140975952,0.0020360946655273
4298lhzu,pgfm_4g,implicit,43,30,1400012800,1375.012939453125,370.384765625,0.5279343128204346,1.6956377029418943,0.0022600383963435
4298lhzu,pgfm_4g,implicit,43,30,1410007040,1361.6427001953125,365.8017578125,0.5397928953170776,1.676095724105835,0.002371514448896
4298lhzu,pgfm_4g,implicit,43,30,1420001280,1360.03564453125,364.6357421875,0.5250933170318604,1.6556963920593262,0.0024979864247143
4298lhzu,pgfm_4g,implicit,43,30,1430077440,1398.099609375,373.8212890625,0.5603955388069153,1.6772072315216064,0.0020594792440533
4298lhzu,pgfm_4g,implicit,43,30,1440071680,1410.5631103515625,377.4453125,0.5331845879554749,1.663057565689087,0.0020591057837009
4298lhzu,pgfm_4g,implicit,43,30,1450065920,1388.1103515625,371.5029296875,0.5436743497848511,1.6666295528411863,0.0022470746189355
4298lhzu,pgfm_4g,implicit,43,30,1460060160,1364.22900390625,365.302734375,0.5474672317504883,1.6950498819351196,0.002381867961958
4298lhzu,pgfm_4g,implicit,43,30,1470054400,1401.9813232421875,373.4970703125,0.5357238054275513,1.6739170551300049,0.0021214596927165
4298lhzu,pgfm_4g,implicit,43,30,1480048640,1404.869384765625,373.1494140625,0.5337414741516113,1.68726646900177,0.0021573933772742
4298lhzu,pgfm_4g,implicit,43,30,1490042880,1353.87158203125,366.3740234375,0.5454339385032654,1.718524694442749,0.0022957976907491
4298lhzu,pgfm_4g,implicit,43,30,1500037120,1326.0189208984375,358.330078125,0.550091564655304,1.7089118957519531,0.0024883565492928
4298lhzu,pgfm_4g,implicit,43,30,1510031360,1378.535888671875,368.0703125,0.5418490171432495,1.6737704277038574,0.0023059519007802
4298lhzu,pgfm_4g,implicit,43,30,1520025600,1357.26513671875,363.193359375,0.537352442741394,1.690093755722046,0.0023577264510095
4298lhzu,pgfm_4g,implicit,43,30,1530019840,1392.193115234375,369.0146484375,0.5206129550933838,1.6461371183395386,0.0022229270543903
4298lhzu,pgfm_4g,implicit,43,30,1540014080,1369.203857421875,369.119140625,0.5613964796066284,1.730616807937622,0.0022238930687308
4298lhzu,pgfm_4g,implicit,43,30,1550008320,1358.8809814453125,367.08203125,0.5554030537605286,1.726304531097412,0.0023190909996628
4298lhzu,pgfm_4g,implicit,43,30,1560002560,1376.776123046875,365.7412109375,0.542040228843689,1.6726980209350586,0.0024597351439297
4298lhzu,pgfm_4g,implicit,43,30,1570078720,1395.34423828125,372.0478515625,0.5351656675338745,1.6717944145202637,0.0022384137846529
4298lhzu,pgfm_4g,implicit,43,30,1580072960,1382.83251953125,369.4736328125,0.5528849363327026,1.6865757703781128,0.0022124173119664
4298lhzu,pgfm_4g,implicit,43,30,1590067200,1367.700927734375,363.466796875,0.5532984733581543,1.682798147201538,0.0025072223506867
4298lhzu,pgfm_4g,implicit,43,30,1600061440,1383.692138671875,369.0546875,0.5442533493041992,1.7234172821044922,0.0022835026029497
4298lhzu,pgfm_4g,implicit,43,30,1610055680,1381.856689453125,370.1015625,0.5386503338813782,1.708401441574097,0.0022659038659185
4298lhzu,pgfm_4g,implicit,43,30,1620049920,1415.2786865234375,375.36328125,0.5156280994415283,1.6622109413146973,0.002049502916634
4298lhzu,pgfm_4g,implicit,43,30,1630044160,1430.5765380859375,380.681640625,0.5413427352905273,1.685302495956421,0.0019212967017665
4298lhzu,pgfm_4g,implicit,43,30,1640038400,1375.987548828125,370.9462890625,0.5306113362312317,1.7064578533172607,0.0021882581058889
4298lhzu,pgfm_4g,implicit,43,30,1650032640,1392.162841796875,369.4453125,0.5269804000854492,1.6743338108062744,0.0022503151558339
4298lhzu,pgfm_4g,implicit,43,30,1660026880,1400.224365234375,368.9140625,0.5155611038208008,1.6280906200408936,0.0022746461909264
4298lhzu,pgfm_4g,implicit,43,30,1670021120,1402.7969970703125,370.58203125,0.5371374487876892,1.677617430686951,0.0021443553268909
4298lhzu,pgfm_4g,implicit,43,30,1680015360,1384.994873046875,366.7412109375,0.5797994136810303,1.6772968769073486,0.0023050098679959
4298lhzu,pgfm_4g,implicit,43,30,1690009600,1395.9945068359375,373.30078125,0.5697207450866699,1.7194873094558716,0.0020586110185831
4298lhzu,pgfm_4g,implicit,43,30,1700003840,1393.670166015625,371.9921875,0.5548597574234009,1.6888024806976318,0.0021059559658169
4298lhzu,pgfm_4g,implicit,43,30,1710080000,1385.8275146484375,371.7353515625,0.5303902626037598,1.7001806497573853,0.0021163693163543
4298lhzu,pgfm_4g,implicit,43,30,1720074240,1430.905029296875,379.083984375,0.5362207293510437,1.663994312286377,0.0019274110672995
4298lhzu,pgfm_4g,implicit,43,30,1730068480,1409.193115234375,373.041015625,0.5480514168739319,1.6664292812347412,0.0021001731511205
4298lhzu,pgfm_4g,implicit,43,30,1740062720,1379.064697265625,367.2548828125,0.5671542882919312,1.705742359161377,0.0022498907055705
4298lhzu,pgfm_4g,implicit,43,30,1750056960,1402.718017578125,369.439453125,0.5578354597091675,1.671384572982788,0.0022653427440673
4298lhzu,pgfm_4g,implicit,43,30,1760051200,1443.76904296875,379.224609375,0.5409330129623413,1.6488313674926758,0.0018786087166517
4298lhzu,pgfm_4g,implicit,43,30,1770045440,1409.0908203125,371.0205078125,0.5647428631782532,1.6603903770446775,0.0022152913734316
4298lhzu,pgfm_4g,implicit,43,30,1780039680,1411.4638671875,372.583984375,0.5522884130477905,1.6291940212249756,0.0020948324818164
4298lhzu,pgfm_4g,implicit,43,30,1790033920,1436.406494140625,375.3466796875,0.5621658563613892,1.6348462104797363,0.0021004208829253
4298lhzu,pgfm_4g,implicit,43,30,1800028160,1433.6884765625,373.65625,0.5538196563720703,1.6444451808929443,0.002205645898357
4298lhzu,pgfm_4g,implicit,43,30,1810022400,1438.1964111328125,379.951171875,0.5482205152511597,1.668163776397705,0.0019579387735575
4298lhzu,pgfm_4g,implicit,43,30,1820016640,1420.55859375,371.083984375,0.54170823097229,1.6290664672851562,0.0022210024762898
4298lhzu,pgfm_4g,implicit,43,30,1830010880,1395.983154296875,368.5810546875,0.5519529581069946,1.6445560455322266,0.0021740137599408
4298lhzu,pgfm_4g,implicit,43,30,1840005120,1433.620849609375,377.087890625,0.5630275011062622,1.6622693538665771,0.0020133866928517
4298lhzu,pgfm_4g,implicit,43,30,1850081280,1429.798583984375,373.0478515625,0.529422402381897,1.6132383346557615,0.0021904907189309
4298lhzu,pgfm_4g,implicit,43,30,1860075520,1408.8232421875,371.2138671875,0.5583200454711914,1.6658132076263428,0.0022393073886632
4298lhzu,pgfm_4g,implicit,43,30,1870069760,1417.7783203125,370.9375,0.530217707157135,1.611206293106079,0.0021563051268458
4298lhzu,pgfm_4g,implicit,43,30,1880064000,1412.304443359375,370.5947265625,0.5414538383483887,1.625786304473877,0.0021979552693665
4298lhzu,pgfm_4g,implicit,43,30,1890058240,1404.775146484375,369.0888671875,0.5348399877548218,1.6155215501785278,0.0022387434728443
4298lhzu,pgfm_4g,implicit,43,30,1900052480,1441.47705078125,375.4501953125,0.5393002033233643,1.5981007814407349,0.0020781331695616
4298lhzu,pgfm_4g,implicit,43,30,1910046720,1423.2220458984375,374.9658203125,0.5495384335517883,1.654768466949463,0.0019930775742977
4298lhzu,pgfm_4g,implicit,43,30,1920040960,1454.88671875,380.3359375,0.532807469367981,1.613785982131958,0.0018883326556533
4298lhzu,pgfm_4g,implicit,43,30,1930035200,1418.320068359375,370.6611328125,0.5358670949935913,1.6387150287628174,0.0021929000504314
4298lhzu,pgfm_4g,implicit,43,30,1940029440,1435.376220703125,374.5166015625,0.537912130355835,1.6261200904846191,0.0020744299981743
4298lhzu,pgfm_4g,implicit,43,30,1950023680,1460.285888671875,380.8271484375,0.5282909870147705,1.6178210973739624,0.0019239620305597
4298lhzu,pgfm_4g,implicit,43,30,1960017920,1456.806884765625,381.990234375,0.5228543281555176,1.6545844078063965,0.0018281638622283
4298lhzu,pgfm_4g,implicit,43,30,1970012160,1451.689208984375,380.9619140625,0.5357658863067627,1.6289058923721311,0.0019599886145442
4298lhzu,pgfm_4g,implicit,43,30,1980006400,1400.6378173828125,372.2841796875,0.55231112241745,1.6550616025924685,0.0021659862250089
4298lhzu,pgfm_4g,implicit,43,30,1990000640,1441.538818359375,376.3125,0.5512357950210571,1.6202107667922974,0.0020180677529424
4298lhzu,pgfm_4g,implicit,43,30,2000076800,1417.72216796875,370.9638671875,0.5254480242729187,1.613384246826172,0.0021201816853135
4298lhzu,pgfm_4g,implicit,43,30,2010071040,1430.01708984375,376.1474609375,0.5554718971252441,1.637292504310608,0.0018788271117955
4298lhzu,pgfm_4g,implicit,43,30,2020065280,1394.591796875,366.26953125,0.554829478263855,1.6118314266204834,0.0022662971168756
4298lhzu,pgfm_4g,implicit,43,30,2030059520,1434.2401123046875,377.033203125,0.5562587976455688,1.630997896194458,0.0019173379987478
4298lhzu,pgfm_4g,implicit,43,30,2040053760,1405.17529296875,369.26171875,0.5514664649963379,1.6079740524291992,0.0020893909968435
4298lhzu,pgfm_4g,implicit,43,30,2050048000,1435.0284423828125,378.89453125,0.5713999271392822,1.6514828205108645,0.0018789139576256
4298lhzu,pgfm_4g,implicit,43,30,2060042240,1444.781005859375,380.86328125,0.562688410282135,1.6634657382965088,0.0018221887294203
4298lhzu,pgfm_4g,implicit,43,30,2070036480,1476.87451171875,381.9287109375,0.5227220058441162,1.5996087789535522,0.0017833018209785
4298lhzu,pgfm_4g,implicit,43,30,2080030720,1424.0521240234375,374.8232421875,0.5442872047424316,1.644662380218506,0.0020683887414634
4298lhzu,pgfm_4g,implicit,43,30,2090024960,1427.9576416015625,374.783203125,0.5374253988265991,1.6276471614837646,0.002002805005759
4298lhzu,pgfm_4g,implicit,43,30,2100019200,1458.1885986328125,381.435546875,0.5620092153549194,1.638138771057129,0.0018617089372128
4298lhzu,pgfm_4g,implicit,43,30,2110013440,1431.9190673828125,377.78515625,0.5592098236083984,1.6411455869674685,0.0019613285548985
4298lhzu,pgfm_4g,implicit,43,30,2120007680,1407.5018310546875,371.2783203125,0.5651043653488159,1.6471054553985596,0.0020724637433886
4298lhzu,pgfm_4g,implicit,43,30,2130001920,1430.4483642578125,378.4521484375,0.5637482404708862,1.6425821781158447,0.0019203486153855
4298lhzu,pgfm_4g,implicit,43,30,2140078080,1429.570556640625,374.0927734375,0.5456724166870117,1.6089527606964111,0.0019874428398907
4298lhzu,pgfm_4g,implicit,43,30,2150072320,1400.457763671875,370.8271484375,0.5570372939109802,1.6506354808807373,0.0021189204417169
4298lhzu,pgfm_4g,implicit,43,30,2160066560,1442.28759765625,379.8017578125,0.5674437880516052,1.6321535110473633,0.0019263406284153
4298lhzu,pgfm_4g,implicit,43,30,2170060800,1434.7138671875,379.7373046875,0.5597836375236511,1.644845485687256,0.0018723361426964
4298lhzu,pgfm_4g,implicit,43,30,2180055040,1476.817626953125,388.5712890625,0.5454592704772949,1.6298952102661133,0.0016434466233476
4298lhzu,pgfm_4g,implicit,43,30,2190049280,1458.78759765625,381.6142578125,0.5592504143714905,1.6007248163223269,0.0019031441770493
4298lhzu,pgfm_4g,implicit,43,30,2200043520,1417.9193115234375,372.521484375,0.5665680170059204,1.6457202434539795,0.0021127548534423
4298lhzu,pgfm_4g,implicit,43,30,2210037760,1444.6695556640625,379.7119140625,0.5703009366989136,1.619502305984497,0.0018755979835987
4298lhzu,pgfm_4g,implicit,43,30,2220032000,1416.70458984375,371.650390625,0.5767480134963989,1.6522395610809326,0.002127693966031
4298lhzu,pgfm_4g,implicit,43,30,2230026240,1378.4775390625,365.5234375,0.5856908559799194,1.6450331211090088,0.002212110441178
4298lhzu,pgfm_4g,implicit,43,30,2240020480,1383.4130859375,365.7548828125,0.590327262878418,1.6568701267242432,0.0022426738869398
4298lhzu,pgfm_4g,implicit,43,30,2250014720,1401.510009765625,371.123046875,0.5793925523757935,1.6563029289245603,0.00207922141999
4298lhzu,pgfm_4g,implicit,43,30,2260008960,1411.550537109375,374.9755859375,0.614963173866272,1.6768851280212402,0.001977156382054
4298lhzu,pgfm_4g,implicit,43,30,2270003200,1411.306884765625,369.4541015625,0.5682054758071899,1.617218255996704,0.0022276169620454
4298lhzu,pgfm_4g,implicit,43,30,2280079360,1428.961669921875,376.6337890625,0.5673328638076782,1.6387028694152832,0.0019782353192567
4298lhzu,pgfm_4g,implicit,43,30,2290073600,1419.361572265625,376.32421875,0.5933401584625244,1.6751691102981567,0.0019262573914602
4298lhzu,pgfm_4g,implicit,43,30,2300067840,1450.9136962890625,381.5615234375,0.601661741733551,1.6583614349365234,0.0018372619524598
4298lhzu,pgfm_4g,implicit,43,30,2310062080,1442.3399658203125,377.533203125,0.5888807773590088,1.6316014528274536,0.0019514227751642
4298lhzu,pgfm_4g,implicit,43,30,2320056320,1453.068115234375,380.7158203125,0.5902758836746216,1.645570993423462,0.0019485460361465
4298lhzu,pgfm_4g,implicit,43,30,2330050560,1452.94970703125,379.4013671875,0.5789741277694702,1.6166167259216309,0.0019222681876271
4298lhzu,pgfm_4g,implicit,43,30,2340044800,1431.6383056640625,376.2578125,0.5555907487869263,1.6101559400558472,0.0021127378568053
4298lhzu,pgfm_4g,implicit,43,30,2350039040,1436.17529296875,375.361328125,0.5598180294036865,1.614349603652954,0.0019617108628153
4298lhzu,pgfm_4g,implicit,43,30,2360033280,1427.2340087890625,375.96484375,0.5725926160812378,1.641756296157837,0.0019958468619734
4298lhzu,pgfm_4g,implicit,43,30,2370027520,1449.701904296875,382.0185546875,0.5692977905273438,1.6261961460113523,0.0018386108567938
4298lhzu,pgfm_4g,implicit,43,30,2380021760,1476.3369140625,384.23046875,0.5483815670013428,1.5730366706848145,0.0017818284686654
4298lhzu,pgfm_4g,implicit,43,30,2390016000,1469.2215576171875,383.6826171875,0.5526003837585449,1.605116605758667,0.0018021090654656
4298lhzu,pgfm_4g,implicit,43,30,2400010240,1469.3837890625,382.546875,0.5562708377838135,1.591248869895935,0.0018966009374707
4298lhzu,pgfm_4g,implicit,43,30,2410004480,1450.61572265625,378.572265625,0.5628983378410339,1.601532220840454,0.0020263958722352
4298lhzu,pgfm_4g,implicit,43,30,2420080640,1458.1986083984375,379.361328125,0.5579668283462524,1.6140495538711548,0.0019191929604858
4298lhzu,pgfm_4g,implicit,43,30,2430074880,1466.2705078125,382.962890625,0.5612750053405762,1.6210360527038574,0.0017262890469282
4298lhzu,pgfm_4g,implicit,43,30,2440069120,1444.2362060546875,378.7685546875,0.5574301481246948,1.6290971040725708,0.0019513093866407
4298lhzu,pgfm_4g,implicit,43,30,2450063360,1436.2352294921875,380.5185546875,0.58946692943573,1.6838396787643433,0.001859571551904
4298lhzu,pgfm_4g,implicit,43,30,2460057600,1437.056884765625,379.361328125,0.5758918523788452,1.6721093654632568,0.001955185085535
4298lhzu,pgfm_4g,implicit,43,30,2470051840,1436.4500732421875,377.951171875,0.5837989449501038,1.6522880792617798,0.001896376023069
4298lhzu,pgfm_4g,implicit,43,30,2480046080,1450.9495849609375,379.1044921875,0.5614546537399292,1.6235122680664062,0.0019822630565613
4298lhzu,pgfm_4g,implicit,43,30,2490040320,1415.613037109375,372.3427734375,0.5642521977424622,1.6210215091705322,0.0021389599423855
4298lhzu,pgfm_4g,implicit,43,30,2500034560,1438.66259765625,377.2548828125,0.5614445209503174,1.6319259405136108,0.0019509710837155
4298lhzu,pgfm_4g,implicit,43,30,2510028800,1492.43994140625,389.3251953125,0.5434466600418091,1.6130013465881348,0.0016574671026319
4298lhzu,pgfm_4g,implicit,43,30,2520023040,1466.9671630859375,383.3720703125,0.5566233396530151,1.625227451324463,0.0017870450392365
4298lhzu,pgfm_4g,implicit,43,30,2530017280,1467.783935546875,385.728515625,0.5707242488861084,1.6322317123413086,0.0017181537114083
4298lhzu,pgfm_4g,implicit,43,30,2540011520,1452.928955078125,379.8994140625,0.5601637959480286,1.614670753479004,0.0018663469236344
4298lhzu,pgfm_4g,implicit,43,30,2550005760,1476.2998046875,382.689453125,0.54482102394104,1.6011875867843628,0.0017804064555093
4298lhzu,pgfm_4g,implicit,43,30,2560000000,1482.9779052734375,386.2021484375,0.5619721412658691,1.5975961685180664,0.001700562541373
4298lhzu,pgfm_4g,implicit,43,30,2570076160,1465.812255859375,382.12109375,0.5527937412261963,1.6057374477386477,0.0017920343670994
4298lhzu,pgfm_4g,implicit,43,30,2580070400,1450.113525390625,376.5732421875,0.5541606545448303,1.6123600006103516,0.0020226535852998
4298lhzu,pgfm_4g,implicit,43,30,2590064640,1470.400634765625,380.23828125,0.5427812337875366,1.5858995914459229,0.0019097023177891
4298lhzu,pgfm_4g,implicit,43,30,2600058880,1478.76953125,384.7314453125,0.5663328170776367,1.615640640258789,0.0017621489241719
4298lhzu,pgfm_4g,implicit,43,30,2610053120,1435.028564453125,376.3564453125,0.5803101658821106,1.6440227031707764,0.0020464872941374
4298lhzu,pgfm_4g,implicit,43,30,2620047360,1474.71875,381.548828125,0.5645564198493958,1.6022385358810425,0.0019371181260794
4298lhzu,pgfm_4g,implicit,43,30,2630041600,1437.32373046875,374.427734375,0.5739148855209351,1.6026597023010254,0.0020303535275161
4298lhzu,pgfm_4g,implicit,43,30,2640035840,1489.03759765625,385.626953125,0.5612612962722778,1.5914708375930786,0.0017774418229237
4298lhzu,pgfm_4g,implicit,43,30,2650030080,1437.963134765625,375.8916015625,0.5670412182807922,1.6086561679840088,0.0020701407920569
4298lhzu,pgfm_4g,implicit,43,30,2660024320,1437.743408203125,376.9462890625,0.5896774530410767,1.6463719606399536,0.0020728032104671
4298lhzu,pgfm_4g,implicit,43,30,2670018560,1469.108154296875,384.9482421875,0.5766844749450684,1.6006414890289309,0.0017492228653281
4298lhzu,pgfm_4g,implicit,43,30,2680012800,1477.890380859375,386.4736328125,0.5918867588043213,1.6496222019195557,0.0016862681368365
4298lhzu,pgfm_4g,implicit,43,30,2690007040,1460.763916015625,382.447265625,0.599280834197998,1.6152973175048828,0.0018685229588299
4298lhzu,pgfm_4g,implicit,43,30,2700001280,1414.730712890625,374.056640625,0.6277859210968018,1.6592035293579102,0.0020234566181898
4298lhzu,pgfm_4g,implicit,43,30,2710077440,1494.382080078125,386.6015625,0.5844897031784058,1.6027166843414309,0.0017274150159209
4298lhzu,pgfm_4g,implicit,43,30,2720071680,1457.0028076171875,381.02734375,0.6000915169715881,1.623453140258789,0.0017830017022788
4298lhzu,pgfm_4g,implicit,43,30,2730065920,1471.834228515625,380.4794921875,0.5801248550415039,1.5910526514053345,0.0019180334638804
4298lhzu,pgfm_4g,implicit,43,30,2740060160,1481.5106201171875,386.9404296875,0.5919305086135864,1.62442946434021,0.0017168603371828
4298lhzu,pgfm_4g,implicit,43,30,2750054400,1461.4927978515625,385.5556640625,0.6141883730888367,1.6575279235839844,0.0016923962393775
4298lhzu,pgfm_4g,implicit,43,30,2760048640,1481.80908203125,387.5927734375,0.5876610279083252,1.6101469993591309,0.0016970972064882
4298lhzu,pgfm_4g,implicit,43,30,2770042880,1474.4593505859375,385.7548828125,0.5786640644073486,1.5946006774902344,0.0017100537661463
4298lhzu,pgfm_4g,implicit,43,30,2780037120,1446.08251953125,378.013671875,0.6032282114028931,1.599085569381714,0.0019862125627696
4298lhzu,pgfm_4g,implicit,43,30,2790031360,1439.36181640625,376.9150390625,0.6182981133460999,1.6013367176055908,0.0020635924302041
4298lhzu,pgfm_4g,implicit,43,30,2800025600,1458.6485595703125,379.087890625,0.612197995185852,1.578953981399536,0.0020318781025707
4298lhzu,pgfm_4g,implicit,43,30,2810019840,1413.045654296875,372.025390625,0.6105202436447144,1.6030192375183103,0.002098866039887
4298lhzu,pgfm_4g,implicit,43,30,2820014080,1444.1904296875,378.2236328125,0.6172581315040588,1.6074110269546509,0.0019026934169232
4298lhzu,pgfm_4g,implicit,43,30,2830008320,1491.4718017578125,387.6240234375,0.6211079359054565,1.592402696609497,0.0016888121608644
4298lhzu,pgfm_4g,implicit,43,30,2840002560,1445.330078125,375.7509765625,0.6012712121009827,1.5860395431518557,0.0020187860354781
4298lhzu,pgfm_4g,implicit,43,30,2850078720,1469.0487060546875,382.0341796875,0.5951629877090454,1.587755799293518,0.0018808805616572
4298lhzu,pgfm_4g,implicit,43,30,2860072960,1463.4383544921875,380.7041015625,0.5941038131713867,1.5949796438217163,0.0019729249179363
4298lhzu,pgfm_4g,implicit,43,30,2870067200,1466.8046875,383.412109375,0.6409589052200317,1.6119009256362915,0.0018729746807366
4298lhzu,pgfm_4g,implicit,43,30,2880061440,1457.0311279296875,380.5185546875,0.6202223896980286,1.6247721910476685,0.00186225597281
4298lhzu,pgfm_4g,implicit,43,30,2890055680,1464.699462890625,380.0,0.6213980913162231,1.608163356781006,0.0019940766505897
4298lhzu,pgfm_4g,implicit,43,30,2900049920,1470.641845703125,382.314453125,0.613821804523468,1.586917757987976,0.0019338390557095
4298lhzu,pgfm_4g,implicit,43,30,2910044160,1464.3106689453125,381.3671875,0.6079882383346558,1.6268906593322754,0.0019276757957413
4298lhzu,pgfm_4g,implicit,43,30,2920038400,1444.5482177734375,376.4453125,0.6067471504211426,1.6156914234161377,0.0019594354089349
4298lhzu,pgfm_4g,implicit,43,30,2930032640,1458.41015625,377.5419921875,0.6074881553649902,1.6118803024291992,0.0019729323685169
4298lhzu,pgfm_4g,implicit,43,30,2940026880,1454.597412109375,377.16796875,0.616995096206665,1.625864028930664,0.0020028515718877
4298lhzu,pgfm_4g,implicit,43,30,2950021120,1503.727783203125,386.919921875,0.5884284973144531,1.5956521034240725,0.0017627836205065
4298lhzu,pgfm_4g,implicit,43,30,2960015360,1483.27392578125,385.1083984375,0.6025205254554749,1.605799436569214,0.0017412998713552
4298lhzu,pgfm_4g,implicit,43,30,2970009600,1475.4833984375,383.2265625,0.6436062455177307,1.623002290725708,0.0017836701590567
4298lhzu,pgfm_4g,implicit,43,30,2980003840,1452.925048828125,377.7548828125,0.6446614861488342,1.6090764999389648,0.0020812535658478
4298lhzu,pgfm_4g,implicit,43,30,2990080000,1474.647216796875,384.2939453125,0.6236189603805542,1.6258113384246826,0.0017189753707498
4298lhzu,pgfm_4g,implicit,43,30,3000074240,1495.1844482421875,384.5888671875,0.6057800054550171,1.575059175491333,0.0017768347170203
4298lhzu,pgfm_4g,implicit,43,30,3010068480,1460.89013671875,378.4462890625,0.6268919706344604,1.6081749200820925,0.0020013530738651
4298lhzu,pgfm_4g,implicit,43,30,3020062720,1476.300048828125,383.16015625,0.6233804225921631,1.6185541152954102,0.0017986836610361
4298lhzu,pgfm_4g,implicit,43,30,3030056960,1481.267578125,382.640625,0.6510541439056396,1.603954553604126,0.001850307919085
4298lhzu,pgfm_4g,implicit,43,30,3040051200,1474.56005859375,379.984375,0.650262713432312,1.6050901412963867,0.0019181736279278
4298lhzu,pgfm_4g,implicit,43,30,3050045440,1478.54296875,381.6455078125,0.6351145505905151,1.6092360019683838,0.0018787663429975
4298lhzu,pgfm_4g,implicit,43,30,3060039680,1447.892822265625,376.046875,0.6551600694656372,1.6373231410980225,0.0020344497170299
4298lhzu,pgfm_4g,implicit,43,30,3070033920,1517.153076171875,390.0478515625,0.6273730993270874,1.576164722442627,0.001601948402822
4298lhzu,pgfm_4g,implicit,43,30,3080028160,1529.6409912109375,390.84375,0.6444979906082153,1.5778461694717407,0.0015745072159916
4298lhzu,pgfm_4g,implicit,43,30,3090022400,1503.228515625,386.306640625,0.6204933524131775,1.5904691219329834,0.0017082840204238
4298lhzu,pgfm_4g,implicit,43,30,3100016640,1506.643798828125,385.7255859375,0.6035680174827576,1.552112102508545,0.0017334977164864
4298lhzu,pgfm_4g,implicit,43,30,3110010880,1475.69775390625,383.2451171875,0.6324170827865601,1.6089787483215332,0.0017848119605332
4298lhzu,pgfm_4g,implicit,43,30,3120005120,1483.19970703125,382.615234375,0.6161590218544006,1.5794310569763184,0.0017715250141918
4298lhzu,pgfm_4g,implicit,43,30,3130081280,1507.4007568359375,389.8017578125,0.6147817969322205,1.608994960784912,0.0016008720267564
4298lhzu,pgfm_4g,implicit,43,30,3140075520,1460.359130859375,378.7158203125,0.6213820576667786,1.5996073484420776,0.0020217201672494
4298lhzu,pgfm_4g,implicit,43,30,3150069760,1488.768310546875,383.1943359375,0.60434490442276,1.58687162399292,0.0018314621411263
4298lhzu,pgfm_4g,implicit,43,30,3160064000,1489.5394287109375,387.0849609375,0.6150909066200256,1.6014275550842283,0.0016981433145701
4298lhzu,pgfm_4g,implicit,43,30,3170058240,1507.33642578125,388.8310546875,0.6197096705436707,1.6079442501068115,0.0016554072499275
4298lhzu,pgfm_4g,implicit,43,30,3180052480,1504.9130859375,390.4443359375,0.6126868724822998,1.61739182472229,0.0015635633608326
4298lhzu,pgfm_4g,implicit,43,30,3190046720,1489.8150634765625,384.0146484375,0.5938268899917603,1.5908585786819458,0.0017753047868609
4298lhzu,pgfm_4g,implicit,43,30,3200040960,1503.564453125,389.7978515625,0.6297605633735657,1.6103363037109375,0.001664298819378
4298lhzu,pgfm_4g,implicit,43,30,3210035200,1472.1669921875,380.3857421875,0.6058332920074463,1.5785449743270874,0.0019716089591383
4298lhzu,pgfm_4g,implicit,43,30,3220029440,1476.060302734375,379.7822265625,0.6163275241851807,1.5857927799224854,0.0019712704233825
4298lhzu,pgfm_4g,implicit,43,30,3230023680,1524.840087890625,392.462890625,0.5966894626617432,1.6097159385681152,0.0015719557413831
4298lhzu,pgfm_4g,implicit,43,30,3240017920,1531.680419921875,391.3994140625,0.622928261756897,1.5944087505340576,0.0016848596278578
4298lhzu,pgfm_4g,implicit,43,30,3250012160,1485.889404296875,383.0244140625,0.6351785063743591,1.6000957489013672,0.0018486604094505
4298lhzu,pgfm_4g,implicit,43,30,3260006400,1524.8221435546875,391.185546875,0.6222108006477356,1.583935022354126,0.0016309395432472
4298lhzu,pgfm_4g,implicit,43,30,3270000640,1494.7860107421875,384.59375,0.5992953777313232,1.562605381011963,0.0017620963044464
4298lhzu,pgfm_4g,implicit,43,30,3280076800,1529.0897216796875,393.482421875,0.621148943901062,1.5822588205337524,0.0015335319330915
4298lhzu,pgfm_4g,implicit,43,30,3290071040,1511.1495361328125,389.470703125,0.6120070219039917,1.575855731964111,0.0015961291501298
4298lhzu,pgfm_4g,implicit,43,30,3300065280,1543.8681640625,396.9501953125,0.6243429183959961,1.5945885181427002,0.0014043957926332
4298lhzu,pgfm_4g,implicit,43,30,3310059520,1500.408935546875,386.7314453125,0.6251769065856934,1.592766284942627,0.0016626478172838
4298lhzu,pgfm_4g,implicit,43,30,3320053760,1493.0360107421875,383.5146484375,0.6208075284957886,1.564653754234314,0.0019086307147517
4298lhzu,pgfm_4g,implicit,43,30,3330048000,1507.5020751953125,387.802734375,0.6032840013504028,1.5579454898834229,0.0016347827622666
4298lhzu,pgfm_4g,implicit,43,30,3340042240,1506.13427734375,386.1474609375,0.6137995719909668,1.5818510055541992,0.0017302812775596
4298lhzu,pgfm_4g,implicit,43,30,3350036480,1474.630126953125,381.4404296875,0.6365852952003479,1.6028563976287842,0.0018694695318117
4298lhzu,pgfm_4g,implicit,43,30,3360030720,1461.09619140625,375.33984375,0.6257952451705933,1.601144552230835,0.0020307751838117
4298lhzu,pgfm_4g,implicit,43,30,3370024960,1500.6768798828125,384.896484375,0.6166586875915527,1.5842444896697998,0.0017500959802418
4298lhzu,pgfm_4g,implicit,43,30,3380019200,1519.34521484375,385.8916015625,0.6172381639480591,1.5706148147583008,0.0017814664170145
4298lhzu,pgfm_4g,implicit,43,30,3390013440,1497.3648681640625,382.5400390625,0.629149317741394,1.5594007968902588,0.0017962153069674
4298lhzu,pgfm_4g,implicit,43,30,3400007680,1521.720947265625,388.505859375,0.6098041534423828,1.5480808019638062,0.0016584440600126
4298lhzu,pgfm_4g,implicit,43,30,3410001920,1506.850341796875,386.5703125,0.6204095482826233,1.5690834522247314,0.0017552010249346
4298lhzu,pgfm_4g,implicit,43,30,3420078080,1503.78564453125,385.4189453125,0.6357429027557373,1.5641372203826904,0.0017923559062182
4298lhzu,pgfm_4g,implicit,43,30,3430072320,1511.39794921875,385.90625,0.6272717714309692,1.554770827293396,0.0017630262300372
4298lhzu,pgfm_4g,implicit,43,30,3440066560,1496.0599365234375,385.68359375,0.6434908509254456,1.578244924545288,0.0017270911484956
4298lhzu,pgfm_4g,implicit,43,30,3450060800,1510.10009765625,385.4921875,0.6075789928436279,1.5437067747116089,0.00173159991391
4298lhzu,pgfm_4g,implicit,43,30,3460055040,1497.7012939453125,385.4208984375,0.616438627243042,1.5616185665130615,0.0017429401632398
4298lhzu,pgfm_4g,implicit,43,30,3470049280,1554.050048828125,396.2919921875,0.6066553592681885,1.564899444580078,0.0014424368273466
4298lhzu,pgfm_4g,implicit,43,30,3480043520,1527.8157958984375,388.6494140625,0.6067374348640442,1.5553867816925049,0.0017108567990362
4298lhzu,pgfm_4g,implicit,43,30,3490037760,1550.16796875,397.484375,0.6194847822189331,1.5698599815368652,0.0014115772210061
4298lhzu,pgfm_4g,implicit,43,30,3500032000,1508.7286376953125,386.44140625,0.6090716123580933,1.5600945949554443,0.0017555146478116
4298lhzu,pgfm_4g,implicit,43,30,3510026240,1527.405029296875,390.498046875,0.5910878777503967,1.565492033958435,0.0016153249889612
4298lhzu,pgfm_4g,implicit,43,30,3520020480,1523.67578125,389.1640625,0.610980749130249,1.588940978050232,0.0016462116036564
4298lhzu,pgfm_4g,implicit,43,30,3530014720,1531.8436279296875,390.1796875,0.5770126581192017,1.5715219974517822,0.0017153940862044
4298lhzu,pgfm_4g,implicit,43,30,3540008960,1499.0230712890625,383.341796875,0.5841124057769775,1.570556640625,0.0018396682571619
4298lhzu,pgfm_4g,implicit,43,30,3550003200,1490.48876953125,378.6865234375,0.5915320515632629,1.5488731861114502,0.0020818752236664
4298lhzu,pgfm_4g,implicit,43,30,3560079360,1535.6673583984375,390.3642578125,0.5867692232131958,1.5649713277816772,0.0016807517968118
4298lhzu,pgfm_4g,implicit,43,30,3570073600,1539.065185546875,392.4462890625,0.5754268169403076,1.5632878541946411,0.0015802455600351
4298lhzu,pgfm_4g,implicit,43,30,3580067840,1518.698974609375,386.927734375,0.6107350587844849,1.5826120376586914,0.0017278771847486
4298lhzu,pgfm_4g,implicit,43,30,3590062080,1535.7705078125,389.7412109375,0.5806038975715637,1.5295305252075195,0.0016330577200278
4298lhzu,pgfm_4g,implicit,43,30,3600056320,1516.07177734375,385.9658203125,0.5965597629547119,1.5675649642944336,0.0017453472828492
4298lhzu,pgfm_4g,implicit,43,30,3610050560,1510.955322265625,385.42578125,0.6061672568321228,1.5885310173034668,0.0017484825802966
4298lhzu,pgfm_4g,implicit,43,30,3620044800,1492.6298828125,382.45703125,0.6302354335784912,1.5937339067459106,0.0018930503865703
4298lhzu,pgfm_4g,implicit,43,30,3630039040,1542.234130859375,390.5556640625,0.5924083590507507,1.55409836769104,0.0016867321683093
4298lhzu,pgfm_4g,implicit,43,30,3640033280,1517.69921875,387.931640625,0.5991378426551819,1.5738112926483154,0.0017508547753095
4298lhzu,pgfm_4g,implicit,43,30,3650027520,1526.12451171875,390.2392578125,0.6001678705215454,1.5769803524017334,0.0015836493112146
4298lhzu,pgfm_4g,implicit,43,30,3660021760,1542.7315673828125,392.5205078125,0.5761276483535767,1.551160216331482,0.0015742598334327
4298lhzu,pgfm_4g,implicit,43,30,3670016000,1544.187744140625,392.009765625,0.6000648140907288,1.549261212348938,0.0016326124314218
4298lhzu,pgfm_4g,implicit,43,30,3680010240,1542.4764404296875,393.9248046875,0.6034098863601685,1.545503854751587,0.0015525978524237
4298lhzu,pgfm_4g,implicit,43,30,3690004480,1545.9521484375,393.982421875,0.6146184206008911,1.573089361190796,0.001491546165198
4298lhzu,pgfm_4g,implicit,43,30,3700080640,1520.1490478515625,388.7890625,0.617857813835144,1.560435771942139,0.0015873298980295
4298lhzu,pgfm_4g,implicit,43,30,3710074880,1517.13623046875,389.580078125,0.6272836923599243,1.60166597366333,0.0015974938869476
4298lhzu,pgfm_4g,implicit,43,30,3720069120,1536.4588623046875,391.796875,0.6130681037902832,1.5767822265625,0.0015997552545741
4298lhzu,pgfm_4g,implicit,43,30,3730063360,1517.5830078125,389.53515625,0.6052414774894714,1.5943866968154907,0.0016516540199518
4298lhzu,pgfm_4g,implicit,43,30,3740057600,1509.6068115234375,385.86328125,0.6119738817214966,1.5667731761932373,0.0017390022985637
4298lhzu,pgfm_4g,implicit,43,30,3750051840,1523.7281494140625,388.060546875,0.6098920106887817,1.5770175457000732,0.0017135085072368
4298lhzu,pgfm_4g,implicit,43,30,3760046080,1515.675048828125,386.6328125,0.6116132736206055,1.5433127880096436,0.0017358241602778
4298lhzu,pgfm_4g,implicit,43,30,3770040320,1520.288818359375,388.07421875,0.6193407773971558,1.5644841194152832,0.0015996545553207
4298lhzu,pgfm_4g,implicit,43,30,3780034560,1501.3970947265625,384.970703125,0.6265672445297241,1.6079977750778198,0.0017228593351319
4298lhzu,pgfm_4g,implicit,43,30,3790028800,1515.755615234375,387.2841796875,0.6201064586639404,1.5817413330078125,0.0016317979898303
4298lhzu,pgfm_4g,implicit,43,30,3800023040,1544.670166015625,392.1787109375,0.6006662845611572,1.5506000518798828,0.0014521296834573
4298lhzu,pgfm_4g,implicit,43,30,3810017280,1530.321044921875,391.1083984375,0.6138208508491516,1.5846974849700928,0.0015729932347312
4298lhzu,pgfm_4g,implicit,43,30,3820011520,1514.06787109375,387.3974609375,0.6305282115936279,1.583865761756897,0.0017310825642198
4298lhzu,pgfm_4g,implicit,43,30,3830005760,1521.784423828125,387.814453125,0.6238853931427002,1.5707316398620603,0.0016381936147809
4298lhzu,pgfm_4g,implicit,43,30,3840000000,1544.041015625,394.900390625,0.6099971532821655,1.5901100635528564,0.0014209285145625
4298lhzu,pgfm_4g,implicit,43,30,3850076160,1522.3905029296875,387.453125,0.6084078550338745,1.571331262588501,0.001655398402363
4298lhzu,pgfm_4g,implicit,43,30,3860070400,1516.4005126953125,389.2587890625,0.62096107006073,1.5886530876159668,0.0015625123633071
4298lhzu,pgfm_4g,implicit,43,30,3870064640,1501.3759765625,385.169921875,0.6365680694580078,1.5749365091323853,0.0017040898092091
4298lhzu,pgfm_4g,implicit,43,30,3880058880,1482.07470703125,381.5517578125,0.6730334162712097,1.6194123029708862,0.0018653150182217
4298lhzu,pgfm_4g,implicit,43,30,3890053120,1515.116943359375,385.7890625,0.6153101325035095,1.5588139295578003,0.0016687919851392
4298lhzu,pgfm_4g,implicit,43,30,3900047360,1503.412109375,382.8935546875,0.6317094564437866,1.555178165435791,0.001809716806747
4298lhzu,pgfm_4g,implicit,43,30,3910041600,1516.728271484375,387.0361328125,0.6156539916992188,1.5645722150802612,0.0017144042067229
4298lhzu,pgfm_4g,implicit,43,30,3920035840,1506.4661865234375,385.685546875,0.6260921359062195,1.5597214698791504,0.001715951715596
4298lhzu,pgfm_4g,implicit,43,30,3930030080,1501.14697265625,382.69140625,0.6146665811538696,1.5492815971374512,0.0018385036382824
4298lhzu,pgfm_4g,implicit,43,30,3940024320,1530.55908203125,387.0439453125,0.6076638698577881,1.5522242784500122,0.0016619900707155
4298lhzu,pgfm_4g,implicit,43,30,3950018560,1511.734130859375,384.1064453125,0.6053338050842285,1.5286651849746704,0.0018297699280083
4298lhzu,pgfm_4g,implicit,43,30,3960012800,1537.9217529296875,390.8359375,0.6208909153938293,1.540861964225769,0.0016153185861185
4298lhzu,pgfm_4g,implicit,43,30,3970007040,1534.0111083984375,388.4765625,0.6172637343406677,1.5335233211517334,0.0017081948462873
4298lhzu,pgfm_4g,implicit,43,30,3980001280,1545.2064208984375,391.880859375,0.6119035482406616,1.5565667152404783,0.0015691784210503
4298lhzu,pgfm_4g,implicit,43,30,3990077440,1500.214111328125,379.4931640625,0.6170189380645752,1.5568668842315674,0.0019813240505754
4298lhzu,pgfm_4g,implicit,43,30,4000071680,1501.032958984375,384.458984375,0.6122068166732788,1.570850849151611,0.001811918336898
eaj28ijq,pgfm_4g,implicit,43,40,10076160,454.842041015625,187.828125,0.6343586444854736,2.7405500411987305,0.0117200156673789
eaj28ijq,pgfm_4g,implicit,43,40,20070400,513.722900390625,196.333984375,0.4850286841392517,2.546463251113892,0.0115728620439767
eaj28ijq,pgfm_4g,implicit,43,40,30064640,499.9625244140625,185.646484375,0.5138657093048096,2.422071933746338,0.0116301570087671
eaj28ijq,pgfm_4g,implicit,43,40,40058880,530.1239013671875,194.6943359375,0.5156339406967163,2.3817391395568848,0.0101617546752095
eaj28ijq,pgfm_4g,implicit,43,40,50053120,517.7587890625,192.7861328125,0.5539469122886658,2.47593355178833,0.0098197050392627
eaj28ijq,pgfm_4g,implicit,43,40,60047360,575.9072875976562,207.6552734375,0.5299291014671326,2.5058817863464355,0.0087860655039548
eaj28ijq,pgfm_4g,implicit,43,40,70041600,558.4129028320312,200.7900390625,0.5535331964492798,2.5023715496063232,0.0090238954871892
eaj28ijq,pgfm_4g,implicit,43,40,80035840,559.3704833984375,207.1005859375,0.5598635077476501,2.574784278869629,0.0085269948467612
eaj28ijq,pgfm_4g,implicit,43,40,90030080,552.6258544921875,200.0517578125,0.533502459526062,2.540769338607788,0.008467424660921
eaj28ijq,pgfm_4g,implicit,43,40,100024320,597.9319458007812,215.3486328125,0.5216522216796875,2.5190892219543457,0.0079161450266838
eaj28ijq,pgfm_4g,implicit,43,40,110018560,582.849365234375,215.130859375,0.5115077495574951,2.4726624488830566,0.0077054328285157
eaj28ijq,pgfm_4g,implicit,43,40,120012800,589.462646484375,220.8291015625,0.5130647420883179,2.5816707611083984,0.007528681308031
eaj28ijq,pgfm_4g,implicit,43,40,130007040,627.5706787109375,231.125,0.5207284688949585,2.5446128845214844,0.0074576213955879
eaj28ijq,pgfm_4g,implicit,43,40,140001280,699.0476684570312,253.7587890625,0.5386536717414856,2.472353219985962,0.0064905770123004
eaj28ijq,pgfm_4g,implicit,43,40,150077440,666.0635986328125,243.0341796875,0.5884789228439331,2.4862992763519287,0.0068774409592151
eaj28ijq,pgfm_4g,implicit,43,40,160071680,700.33642578125,248.3662109375,0.5982182025909424,2.4423704147338867,0.0067311469465494
eaj28ijq,pgfm_4g,implicit,43,40,170065920,678.56640625,244.22265625,0.6157496571540833,2.4776716232299805,0.0067313220351934
eaj28ijq,pgfm_4g,implicit,43,40,180060160,690.6673583984375,242.3935546875,0.5431565642356873,2.3715686798095703,0.0065424386411905
eaj28ijq,pgfm_4g,implicit,43,40,190054400,698.9288330078125,248.8671875,0.577511191368103,2.3650712966918945,0.0064429393969476
eaj28ijq,pgfm_4g,implicit,43,40,200048640,731.1031494140625,258.708984375,0.6061421632766724,2.354331970214844,0.0061514042317867
eaj28ijq,pgfm_4g,implicit,43,40,210042880,689.219482421875,239.7939453125,0.5853599905967712,2.3486461639404297,0.0066188350319862
eaj28ijq,pgfm_4g,implicit,43,40,220037120,732.7322387695312,258.736328125,0.5711482763290405,2.410498857498169,0.006130673456937
eaj28ijq,pgfm_4g,implicit,43,40,230031360,701.5415649414062,248.1669921875,0.594484806060791,2.363857746124268,0.0062695620581507
eaj28ijq,pgfm_4g,implicit,43,40,240025600,759.3359375,257.16796875,0.5915820598602295,2.3327999114990234,0.006037538871169
eaj28ijq,pgfm_4g,implicit,43,40,250019840,737.5330810546875,250.8193359375,0.5738188624382019,2.3606390953063965,0.0063044629059731
eaj28ijq,pgfm_4g,implicit,43,40,260014080,783.9489135742188,266.9853515625,0.5632053017616272,2.3701958656311035,0.0054636434651911
eaj28ijq,pgfm_4g,implicit,43,40,270008320,750.8797607421875,254.5166015625,0.5566321015357971,2.277573823928833,0.0058787032030522
eaj28ijq,pgfm_4g,implicit,43,40,280002560,797.94482421875,268.375,0.5684958696365356,2.3464033603668213,0.0054944902658462
eaj28ijq,pgfm_4g,implicit,43,40,290078720,801.123046875,271.5419921875,0.5717053413391113,2.3067102432250977,0.0054051619954407
eaj28ijq,pgfm_4g,implicit,43,40,300072960,819.2802734375,273.9501953125,0.5865386724472046,2.2961816787719727,0.0051682256162166
eaj28ijq,pgfm_4g,implicit,43,40,310067200,808.30615234375,268.787109375,0.5449264049530029,2.2760932445526123,0.0054798549972474
eaj28ijq,pgfm_4g,implicit,43,40,320061440,818.146240234375,274.01171875,0.586276113986969,2.3027782440185547,0.0051383059471845
eaj28ijq,pgfm_4g,implicit,43,40,330055680,813.3652954101562,267.36328125,0.5932238101959229,2.263262987136841,0.0056551992893218
eaj28ijq,pgfm_4g,implicit,43,40,340049920,825.0509033203125,275.353515625,0.6029014587402344,2.3351001739501958,0.005148977972567
eaj28ijq,pgfm_4g,implicit,43,40,350044160,789.7451171875,268.8505859375,0.5785567760467529,2.330656051635742,0.0052121514454483
eaj28ijq,pgfm_4g,implicit,43,40,360038400,799.7298583984375,267.4208984375,0.5845577716827393,2.2360105514526367,0.0055951829999685
eaj28ijq,pgfm_4g,implicit,43,40,370032640,826.1195678710938,272.4638671875,0.5853778123855591,2.1673550605773926,0.0053873434662818
eaj28ijq,pgfm_4g,implicit,43,40,380026880,806.076171875,268.6357421875,0.5742673277854919,2.233142852783203,0.0053751058876514
eaj28ijq,pgfm_4g,implicit,43,40,390021120,852.955810546875,279.9072265625,0.6061491966247559,2.2316136360168457,0.0048240055330097
eaj28ijq,pgfm_4g,implicit,43,40,400015360,850.6749267578125,272.224609375,0.5833034515380859,2.2279438972473145,0.0052171256393194
eaj28ijq,pgfm_4g,implicit,43,40,410009600,846.989501953125,275.0546875,0.5994784832000732,2.236170768737793,0.0050171860493719
eaj28ijq,pgfm_4g,implicit,43,40,420003840,840.5158081054688,271.6240234375,0.6021953821182251,2.209357738494873,0.0051192017272114
eaj28ijq,pgfm_4g,implicit,43,40,430080000,788.203369140625,264.23828125,0.6110572814941406,2.185281276702881,0.0057251867838203
eaj28ijq,pgfm_4g,implicit,43,40,440074240,844.83544921875,273.4091796875,0.599311351776123,2.1626193523406982,0.0053919926285743
eaj28ijq,pgfm_4g,implicit,43,40,450068480,855.56298828125,278.734375,0.6038103699684143,2.2180957794189453,0.0051104826852679
eaj28ijq,pgfm_4g,implicit,43,40,460062720,868.2061767578125,281.130859375,0.6248692274093628,2.287358522415161,0.0048144236207008
eaj28ijq,pgfm_4g,implicit,43,40,470056960,863.810302734375,277.52734375,0.6233506202697754,2.15905237197876,0.0050552608445286
eaj28ijq,pgfm_4g,implicit,43,40,480051200,892.8328857421875,280.8505859375,0.5958510637283325,2.138657093048096,0.004844285082072
eaj28ijq,pgfm_4g,implicit,43,40,490045440,891.8564453125,282.828125,0.6727164387702942,2.243070602416992,0.0047473097220063
eaj28ijq,pgfm_4g,implicit,43,40,500039680,900.1764526367188,286.291015625,0.6691116094589233,2.251011848449707,0.0045977532863616
eaj28ijq,pgfm_4g,implicit,43,40,510033920,869.435302734375,276.78515625,0.6004459261894226,2.0972371101379395,0.0051592043600976
eaj28ijq,pgfm_4g,implicit,43,40,520028160,898.061767578125,282.4248046875,0.5941078662872314,2.196354627609253,0.0047624194994568
eaj28ijq,pgfm_4g,implicit,43,40,530022400,868.167236328125,278.611328125,0.6161630153656006,2.1259241104125977,0.0050332616083323
eaj28ijq,pgfm_4g,implicit,43,40,540016640,863.4346923828125,271.9423828125,0.5703165531158447,2.088128566741944,0.0051774987950921
eaj28ijq,pgfm_4g,implicit,43,40,550010880,860.9205322265625,274.2705078125,0.5847333669662476,2.0342671871185303,0.0050659165717661
eaj28ijq,pgfm_4g,implicit,43,40,560005120,850.99365234375,270.9755859375,0.5946875810623169,2.0944571495056152,0.005075647495687
eaj28ijq,pgfm_4g,implicit,43,40,570081280,848.9783935546875,273.49609375,0.5902467370033264,2.095376253128052,0.0050245290622115
eaj28ijq,pgfm_4g,implicit,43,40,580075520,854.3726196289062,274.9912109375,0.5893895626068115,2.0895400047302246,0.0048824092373251
eaj28ijq,pgfm_4g,implicit,43,40,590069760,866.5582885742188,272.5263671875,0.5710948705673218,2.0662527084350586,0.0048859342932701
eaj28ijq,pgfm_4g,implicit,43,40,600064000,873.711181640625,279.2060546875,0.586837887763977,2.1055750846862797,0.0048608528450131
eaj28ijq,pgfm_4g,implicit,43,40,610058240,842.513671875,270.48828125,0.5850437879562378,2.1358492374420166,0.0052308575250208
eaj28ijq,pgfm_4g,implicit,43,40,620052480,857.5565185546875,272.541015625,0.5727043151855469,2.096002578735352,0.0050580371171236
eaj28ijq,pgfm_4g,implicit,43,40,630046720,840.6168212890625,266.787109375,0.5861176252365112,2.033088445663452,0.0053882785141468
eaj28ijq,pgfm_4g,implicit,43,40,640040960,841.58740234375,266.7578125,0.5998291969299316,2.0659122467041016,0.0052736280485987
eaj28ijq,pgfm_4g,implicit,43,40,650035200,897.7388916015625,279.1591796875,0.5871028304100037,2.112583637237549,0.0048713600262999
eaj28ijq,pgfm_4g,implicit,43,40,660029440,910.5286865234376,281.57421875,0.5966306924819946,2.094970226287842,0.0046922676265239
eaj28ijq,pgfm_4g,implicit,43,40,670023680,884.1605224609375,276.0283203125,0.6107161045074463,2.081631183624268,0.0049503934569656
eaj28ijq,pgfm_4g,implicit,43,40,680017920,926.2100830078124,290.3291015625,0.6211088299751282,2.120078086853028,0.0043161120265722
eaj28ijq,pgfm_4g,implicit,43,40,690012160,931.8934326171876,288.185546875,0.5924550890922546,2.071073055267334,0.0043695764616131
eaj28ijq,pgfm_4g,implicit,43,40,700006400,909.3705444335938,281.9033203125,0.6011689901351929,2.018036127090454,0.0047330330125987
eaj28ijq,pgfm_4g,implicit,43,40,710000640,909.1912841796876,287.6943359375,0.6360156536102295,2.08495831489563,0.0044277640990912
eaj28ijq,pgfm_4g,implicit,43,40,720076800,890.2359619140625,281.783203125,0.6458068490028381,2.050015926361084,0.0047735581174492
eaj28ijq,pgfm_4g,implicit,43,40,730071040,919.4627685546876,285.5791015625,0.6055522561073303,2.047358751296997,0.0044815279543399
eaj28ijq,pgfm_4g,implicit,43,40,740065280,946.6992797851562,294.888671875,0.6240040063858032,2.058244466781616,0.0040967613458633
eaj28ijq,pgfm_4g,implicit,43,40,750059520,919.9134521484376,290.1767578125,0.6157472133636475,2.109825134277344,0.0043735597282648
eaj28ijq,pgfm_4g,implicit,43,40,760053760,935.234619140625,293.1865234375,0.6141216158866882,2.072404384613037,0.0042012208141386
eaj28ijq,pgfm_4g,implicit,43,40,770048000,938.9091186523438,291.62890625,0.6344623565673828,2.101630210876465,0.0042195483110845
eaj28ijq,pgfm_4g,implicit,43,40,780042240,959.759033203125,296.91015625,0.6289979815483093,2.1167755126953125,0.0041840057820081
eaj28ijq,pgfm_4g,implicit,43,40,790036480,942.1583251953124,292.7744140625,0.613174319267273,2.090870857238769,0.0042789252474904
eaj28ijq,pgfm_4g,implicit,43,40,800030720,924.7007446289062,290.0361328125,0.6385284066200256,2.0894720554351807,0.0045417100191116
eaj28ijq,pgfm_4g,implicit,43,40,810024960,947.7869262695312,295.830078125,0.6269763112068176,2.0888819694519043,0.0042475592344999
eaj28ijq,pgfm_4g,implicit,43,40,820019200,906.0296630859376,284.75390625,0.631375789642334,2.101284980773926,0.0044375378638505
eaj28ijq,pgfm_4g,implicit,43,40,830013440,928.4434814453124,290.287109375,0.6254721879959106,2.075719118118286,0.0043144025839865
eaj28ijq,pgfm_4g,implicit,43,40,840007680,961.0413818359376,294.0009765625,0.6232810616493225,2.069286346435547,0.0041686464101076
eaj28ijq,pgfm_4g,implicit,43,40,850001920,902.7293090820312,282.4775390625,0.627869725227356,2.060125827789306,0.0047633689828217
eaj28ijq,pgfm_4g,implicit,43,40,860078080,954.7874145507812,294.01171875,0.6180799007415771,2.059678554534912,0.0041532558389008
eaj28ijq,pgfm_4g,implicit,43,40,870072320,914.7085571289062,286.423828125,0.6183789968490601,2.0380563735961914,0.0045334822498261
eaj28ijq,pgfm_4g,implicit,43,40,880066560,943.215087890625,293.576171875,0.6227458715438843,2.0496397018432617,0.004208380356431
eaj28ijq,pgfm_4g,implicit,43,40,890060800,975.7066650390624,300.171875,0.6305646896362305,2.115527391433716,0.0040055275894701
eaj28ijq,pgfm_4g,implicit,43,40,900055040,986.6080322265624,304.958984375,0.627092182636261,2.104233264923096,0.0039360150694847
eaj28ijq,pgfm_4g,implicit,43,40,910049280,979.5906982421876,305.12890625,0.6598677635192871,2.090757369995117,0.0039980579167604
eaj28ijq,pgfm_4g,implicit,43,40,920043520,972.6790771484376,303.6083984375,0.6520189046859741,2.0874147415161133,0.0039091953076422
eaj28ijq,pgfm_4g,implicit,43,40,930037760,989.6651000976562,306.1826171875,0.6417772173881531,2.0820040702819824,0.0038038659840822
eaj28ijq,pgfm_4g,implicit,43,40,940032000,999.163818359375,307.2197265625,0.6528793573379517,2.04299259185791,0.0038451058790087
eaj28ijq,pgfm_4g,implicit,43,40,950026240,959.15478515625,297.6455078125,0.6813620328903198,2.042431592941284,0.0040538348257541
eaj28ijq,pgfm_4g,implicit,43,40,960020480,1001.467041015625,309.0390625,0.6623280644416809,2.0515949726104736,0.0037724582944065
eaj28ijq,pgfm_4g,implicit,43,40,970014720,977.6195068359376,304.3046875,0.653079628944397,2.0650110244750977,0.0038787093944847
eaj28ijq,pgfm_4g,implicit,43,40,980008960,997.8268432617188,309.4658203125,0.6645318269729614,2.0616984367370605,0.0037817249540239
eaj28ijq,pgfm_4g,implicit,43,40,990003200,969.5411376953124,303.0439453125,0.6852476596832275,2.050300121307373,0.0039887875318527
eaj28ijq,pgfm_4g,implicit,43,40,1000079360,974.2935791015624,305.1337890625,0.67091304063797,2.090364694595337,0.003903767792508
eaj28ijq,pgfm_4g,implicit,43,40,1010073600,967.2545166015624,297.25390625,0.6745598316192627,2.0515637397766118,0.0042821685783565
eaj28ijq,pgfm_4g,implicit,43,40,1020067840,925.172607421875,290.54296875,0.665804922580719,2.011214017868042,0.0045380727387964
eaj28ijq,pgfm_4g,implicit,43,40,1030062080,905.1049194335938,287.7353515625,0.6801301836967468,2.075551986694336,0.0043772216886281
eaj28ijq,pgfm_4g,implicit,43,40,1040056320,996.4818115234376,310.3876953125,0.6670229434967041,2.084818124771118,0.0037148548290133
eaj28ijq,pgfm_4g,implicit,43,40,1050050560,964.79150390625,302.986328125,0.6989044547080994,2.133979797363281,0.0039583123289048
eaj28ijq,pgfm_4g,implicit,43,40,1060044800,962.6697387695312,299.564453125,0.6778976321220398,2.048142671585083,0.0041963225230574
eaj28ijq,pgfm_4g,implicit,43,40,1070039040,992.6260375976562,303.8818359375,0.6722584962844849,2.0465731620788574,0.003938022069633
eaj28ijq,pgfm_4g,implicit,43,40,1080033280,1017.27490234375,314.4990234375,0.703696608543396,2.1052350997924805,0.003696640022099
eaj28ijq,pgfm_4g,implicit,43,40,1090027520,995.0748291015624,304.205078125,0.7125241160392761,2.064845323562622,0.0040108477696776
eaj28ijq,pgfm_4g,implicit,43,40,1100021760,998.289794921875,308.3447265625,0.7127350568771362,2.114510536193848,0.0038062576204538
eaj28ijq,pgfm_4g,implicit,43,40,1110016000,958.2257080078124,297.65234375,0.6860302686691284,2.049636125564575,0.0040745669975876
eaj28ijq,pgfm_4g,implicit,43,40,1120010240,986.7698974609376,308.009765625,0.7171849012374878,2.1016387939453125,0.0038767410442233
eaj28ijq,pgfm_4g,implicit,43,40,1130004480,1003.1381225585938,311.01953125,0.7200235724449158,2.0864243507385254,0.003834927920252
eaj28ijq,pgfm_4g,implicit,43,40,1140080640,1001.512451171875,313.1962890625,0.7616192698478699,2.0841970443725586,0.0038466027472168
eaj28ijq,pgfm_4g,implicit,43,40,1150074880,1028.068359375,317.3896484375,0.7250961661338806,2.0919947624206543,0.0036742577794939
eaj28ijq,pgfm_4g,implicit,43,40,1160069120,977.25537109375,303.43359375,0.7210696935653687,2.055065870285034,0.0042873751372098
eaj28ijq,pgfm_4g,implicit,43,40,1170063360,979.2071533203124,308.064453125,0.7244118452072144,2.08596420288086,0.0039092041552066
eaj28ijq,pgfm_4g,implicit,43,40,1180057600,1010.7012939453124,310.9638671875,0.6694163084030151,2.031317710876465,0.0039157345890998
eaj28ijq,pgfm_4g,implicit,43,40,1190051840,1000.7575073242188,309.21484375,0.7047834396362305,2.0943310260772705,0.0038793429266661
eaj28ijq,pgfm_4g,implicit,43,40,1200046080,1039.9288330078125,322.5146484375,0.7281659245491028,2.0607779026031494,0.0034695086069405
eaj28ijq,pgfm_4g,implicit,43,40,1210040320,1011.9069213867188,315.3388671875,0.7106552124023438,2.093752384185791,0.0037268796004354
eaj28ijq,pgfm_4g,implicit,43,40,1220034560,1004.77197265625,309.25390625,0.6954941749572754,2.0208187103271484,0.0038852239958941
eaj28ijq,pgfm_4g,implicit,43,40,1230028800,987.4752807617188,305.166015625,0.7225492000579834,2.055939197540283,0.0040982104837894
eaj28ijq,pgfm_4g,implicit,43,40,1240023040,1030.4656982421875,318.1181640625,0.7113466262817383,2.076597213745117,0.0036529870703816
eaj28ijq,pgfm_4g,implicit,43,40,1250017280,972.6488037109376,298.732421875,0.6845945119857788,2.027882575988769,0.004040079191327
eaj28ijq,pgfm_4g,implicit,43,40,1260011520,950.9641723632812,297.400390625,0.7099365592002869,2.098156213760376,0.0041622705757617
eaj28ijq,pgfm_4g,implicit,43,40,1270005760,988.73388671875,307.8720703125,0.7104477286338806,2.131731510162353,0.0039763464592397
eaj28ijq,pgfm_4g,implicit,43,40,1280000000,993.5037231445312,307.1943359375,0.7338770627975464,2.0885956287384038,0.0039614969864487
eaj28ijq,pgfm_4g,implicit,43,40,1290076160,993.2132568359376,308.8447265625,0.7759557962417603,2.1050796508789062,0.0040746107697486
eaj28ijq,pgfm_4g,implicit,43,40,1300070400,1023.323974609375,317.9521484375,0.764518678188324,2.1394402980804443,0.0036773085594177
eaj28ijq,pgfm_4g,implicit,43,40,1310064640,983.78564453125,308.1650390625,0.7966008186340332,2.133749008178711,0.0040014069527387
eaj28ijq,pgfm_4g,implicit,43,40,1320058880,963.8948974609376,303.609375,0.7372109889984131,2.115931987762451,0.0043718861415982
eaj28ijq,pgfm_4g,implicit,43,40,1330053120,974.9655151367188,305.951171875,0.7688837051391602,2.10141396522522,0.0042447270825505
eaj28ijq,pgfm_4g,implicit,43,40,1340047360,984.2371215820312,308.9794921875,0.7748059630393982,2.1686224937438965,0.0038996855728328
eaj28ijq,pgfm_4g,implicit,43,40,1350041600,1000.7796630859376,315.63671875,0.7944766283035278,2.189312219619751,0.0037051332183182
eaj28ijq,pgfm_4g,implicit,43,40,1360035840,1016.0118408203124,316.033203125,0.7462887763977051,2.146427631378174,0.0037121081259101
eaj28ijq,pgfm_4g,implicit,43,40,1370030080,982.6431274414062,311.1015625,0.7992671132087708,2.162475109100342,0.0038691812660545
eaj28ijq,pgfm_4g,implicit,43,40,1380024320,951.382568359375,298.6220703125,0.7390763759613037,2.071747303009033,0.0043510776013135
eaj28ijq,pgfm_4g,implicit,43,40,1390018560,973.36669921875,305.6748046875,0.757549524307251,2.1026394367218018,0.0042040096595883
eaj28ijq,pgfm_4g,implicit,43,40,1400012800,1001.2147216796876,312.4716796875,0.7695542573928833,2.135354995727539,0.0040730540640652
eaj28ijq,pgfm_4g,implicit,43,40,1410007040,991.5777587890624,311.79296875,0.757547914981842,2.1769466400146484,0.0039255530573427
eaj28ijq,pgfm_4g,implicit,43,40,1420001280,993.849365234375,306.9404296875,0.7429887652397156,2.184234380722046,0.0039777625352144
eaj28ijq,pgfm_4g,implicit,43,40,1430077440,997.6851196289062,314.6865234375,0.7709058523178101,2.179093360900879,0.0038609453476965
eaj28ijq,pgfm_4g,implicit,43,40,1440071680,975.2156982421876,306.7197265625,0.7484574317932129,2.145780086517334,0.0042091440409421
eaj28ijq,pgfm_4g,implicit,43,40,1450065920,1004.0689697265624,313.2646484375,0.7446094155311584,2.1278228759765625,0.0038043740205466
eaj28ijq,pgfm_4g,implicit,43,40,1460060160,991.91845703125,311.939453125,0.7467687129974365,2.142723321914673,0.0039438437670469
eaj28ijq,pgfm_4g,implicit,43,40,1470054400,988.434326171875,312.2734375,0.7560879588127136,2.1521248817443848,0.003829394467175
eaj28ijq,pgfm_4g,implicit,43,40,1480048640,980.6970825195312,308.8818359375,0.7647069692611694,2.175562858581543,0.0039535202085971
eaj28ijq,pgfm_4g,implicit,43,40,1490042880,948.827880859375,301.0966796875,0.7582571506500244,2.123697280883789,0.0041800085455179
eaj28ijq,pgfm_4g,implicit,43,40,1500037120,953.2122802734376,302.8134765625,0.7553080320358276,2.099893808364868,0.004322085995227
eaj28ijq,pgfm_4g,implicit,43,40,1510031360,967.979248046875,307.6484375,0.7868409156799316,2.1714870929718018,0.0040324800647795
eaj28ijq,pgfm_4g,implicit,43,40,1520025600,973.2350463867188,308.146484375,0.7562669515609741,2.140338659286499,0.0040495665743947
eaj28ijq,pgfm_4g,implicit,43,40,1530019840,958.2686767578124,309.255859375,0.7566680908203125,2.190552234649658,0.0041539007797837
eaj28ijq,pgfm_4g,implicit,43,40,1540014080,937.6771850585938,298.697265625,0.7656968832015991,2.12125825881958,0.0043636979535222
eaj28ijq,pgfm_4g,implicit,43,40,1550008320,962.5191650390624,304.732421875,0.7454712390899658,2.165618419647217,0.0039942408911883
eaj28ijq,pgfm_4g,implicit,43,40,1560002560,963.330322265625,305.12109375,0.726321280002594,2.16884994506836,0.0040251957252621
eaj28ijq,pgfm_4g,implicit,43,40,1570078720,951.0562744140624,300.810546875,0.7542787194252014,2.2084076404571533,0.0041496455669403
eaj28ijq,pgfm_4g,implicit,43,40,1580072960,978.550048828125,308.1025390625,0.7564437389373779,2.18237566947937,0.0039470605552196
eaj28ijq,pgfm_4g,implicit,43,40,1590067200,1008.0211791992188,311.3994140625,0.7181147336959839,2.134939670562744,0.0041254134848713
eaj28ijq,pgfm_4g,implicit,43,40,1600061440,992.02294921875,310.5966796875,0.7350172400474548,2.1279540061950684,0.0038662182632833
eaj28ijq,pgfm_4g,implicit,43,40,1610055680,978.4945068359376,311.1728515625,0.7728397846221924,2.149426221847534,0.003798607038334
eaj28ijq,pgfm_4g,implicit,43,40,1620049920,1002.3123779296876,314.529296875,0.7666160464286804,2.1584696769714355,0.0037794306408613
eaj28ijq,pgfm_4g,implicit,43,40,1630044160,988.941162109375,313.3359375,0.7259080410003662,2.1696934700012207,0.0037484962958842
eaj28ijq,pgfm_4g,implicit,43,40,1640038400,992.2965087890624,313.7841796875,0.7590665817260742,2.2023487091064453,0.0037551550194621
eaj28ijq,pgfm_4g,implicit,43,40,1650032640,1001.31591796875,314.029296875,0.7449750900268555,2.165855407714844,0.0036715744063258
eaj28ijq,pgfm_4g,implicit,43,40,1660026880,1007.9501953125,315.2666015625,0.7397368550300598,2.122671604156494,0.003775121178478
eaj28ijq,pgfm_4g,implicit,43,40,1670021120,955.6199340820312,303.3232421875,0.747889518737793,2.106034755706787,0.0043700905516743
eaj28ijq,pgfm_4g,implicit,43,40,1680015360,999.0444946289062,312.373046875,0.7734730243682861,2.159719228744507,0.0037641059607267
eaj28ijq,pgfm_4g,implicit,43,40,1690009600,996.6396484375,315.1435546875,0.7737242579460144,2.1482462882995605,0.0036559500731527
eaj28ijq,pgfm_4g,implicit,43,40,1700003840,968.8350830078124,307.89453125,0.7804663777351379,2.1399588584899902,0.0039404770359396
eaj28ijq,pgfm_4g,implicit,43,40,1710080000,961.50146484375,311.2880859375,0.7631642818450928,2.208414077758789,0.0038937733042985
eaj28ijq,pgfm_4g,implicit,43,40,1720074240,1004.9459228515624,315.58984375,0.780818521976471,2.224340438842773,0.0037115975283086
eaj28ijq,pgfm_4g,implicit,43,40,1730068480,958.3453369140624,307.3544921875,0.7938838005065918,2.2491114139556885,0.0038737773429602
eaj28ijq,pgfm_4g,implicit,43,40,1740062720,932.8516235351562,303.2900390625,0.7848453521728516,2.2211899757385254,0.004104496911168
eaj28ijq,pgfm_4g,implicit,43,40,1750056960,962.20947265625,305.9619140625,0.8074543476104736,2.182650089263916,0.0040590073913335
eaj28ijq,pgfm_4g,implicit,43,40,1760051200,945.1456298828124,302.078125,0.7977346181869507,2.221083641052246,0.0040551209822297
eaj28ijq,pgfm_4g,implicit,43,40,1770045440,953.6693115234376,306.005859375,0.8043128252029419,2.182119369506836,0.0040033808909356
eaj28ijq,pgfm_4g,implicit,43,40,1780039680,937.5230712890624,306.3623046875,0.8247762322425842,2.1956586837768555,0.0039395010098814
eaj28ijq,pgfm_4g,implicit,43,40,1790033920,965.8638916015624,309.3740234375,0.8085660934448242,2.1894898414611816,0.0039237113669514
eaj28ijq,pgfm_4g,implicit,43,40,1800028160,967.869140625,309.544921875,0.8215880990028381,2.190174102783203,0.0038843699730932
eaj28ijq,pgfm_4g,implicit,43,40,1810022400,950.3784790039062,304.9169921875,0.826960027217865,2.2107908725738525,0.0039501460269093
eaj28ijq,pgfm_4g,implicit,43,40,1820016640,940.6995849609376,300.0087890625,0.8220514059066772,2.202655792236328,0.0040799397975206
eaj28ijq,pgfm_4g,implicit,43,40,1830010880,951.5676879882812,304.7998046875,0.7854338884353638,2.145294666290283,0.0039776358753442
eaj28ijq,pgfm_4g,implicit,43,40,1840005120,969.6766357421876,311.2392578125,0.8061423301696777,2.163525104522705,0.0038161049596965
eaj28ijq,pgfm_4g,implicit,43,40,1850081280,933.7550659179688,304.1640625,0.8641694784164429,2.201106548309326,0.0039757452905178
eaj28ijq,pgfm_4g,implicit,43,40,1860075520,944.0533447265624,303.4501953125,0.8188220262527466,2.172727108001709,0.0040717767551541
eaj28ijq,pgfm_4g,implicit,43,40,1870069760,949.9908447265624,305.9345703125,0.7918023467063904,2.175628662109375,0.0040492019616067
eaj28ijq,pgfm_4g,implicit,43,40,1880064000,938.3682861328124,303.830078125,0.8223464488983154,2.198503017425537,0.0041518993675708
eaj28ijq,pgfm_4g,implicit,43,40,1890058240,930.0909423828124,301.2265625,0.8517974615097046,2.1727893352508545,0.0042071994394063
eaj28ijq,pgfm_4g,implicit,43,40,1900052480,944.244384765625,305.76953125,0.8510433435440063,2.2073535919189453,0.0040671457536518
eaj28ijq,pgfm_4g,implicit,43,40,1910046720,945.9910278320312,304.4443359375,0.8566107749938965,2.213840961456299,0.0041247708722949
eaj28ijq,pgfm_4g,implicit,43,40,1920040960,954.2853393554688,308.7099609375,0.8611770868301392,2.285255193710327,0.0040009804069995
eaj28ijq,pgfm_4g,implicit,43,40,1930035200,947.709716796875,306.6015625,0.859237790107727,2.254469394683838,0.003966683987528
eaj28ijq,pgfm_4g,implicit,43,40,1940029440,978.9081420898438,311.9951171875,0.7990683317184448,2.22380805015564,0.0039102416485548
eaj28ijq,pgfm_4g,implicit,43,40,1950023680,962.970947265625,304.2666015625,0.7922195196151733,2.2021076679229736,0.0042805024422705
eaj28ijq,pgfm_4g,implicit,43,40,1960017920,955.0831909179688,305.7978515625,0.8028468489646912,2.200771808624268,0.0040940563194453
eaj28ijq,pgfm_4g,implicit,43,40,1970012160,930.2813110351562,298.7099609375,0.7986016273498535,2.1674275398254395,0.0043339212425053
eaj28ijq,pgfm_4g,implicit,43,40,1980006400,914.2872314453124,294.6806640625,0.7973266839981079,2.1495912075042725,0.0045360727235674
eaj28ijq,pgfm_4g,implicit,43,40,1990000640,927.628173828125,300.2548828125,0.7733097076416016,2.165849208831787,0.0043530617840588
eaj28ijq,pgfm_4g,implicit,43,40,2000076800,947.1972045898438,305.419921875,0.8024410009384155,2.169684410095215,0.0041184383444488
eaj28ijq,pgfm_4g,implicit,43,40,2010071040,939.664794921875,303.53125,0.8032345771789551,2.159335136413574,0.0041531380265951
eaj28ijq,pgfm_4g,implicit,43,40,2020065280,958.2457275390624,305.470703125,0.8232834339141846,2.1959547996521,0.0041148280724883
eaj28ijq,pgfm_4g,implicit,43,40,2030059520,938.040771484375,301.322265625,0.8898253440856934,2.2088441848754883,0.0042285546660423
eaj28ijq,pgfm_4g,implicit,43,40,2040053760,940.4501953125,303.51953125,0.8304892778396606,2.201157569885254,0.0041366089135408
eaj28ijq,pgfm_4g,implicit,43,40,2050048000,970.4401245117188,309.7216796875,0.8125354051589966,2.1880459785461426,0.0039825765416026
eaj28ijq,pgfm_4g,implicit,43,40,2060042240,984.311767578125,311.62890625,0.8320451378822327,2.231034517288208,0.0039165550842881
eaj28ijq,pgfm_4g,implicit,43,40,2070036480,921.7802734375,296.1015625,0.8665242195129395,2.232621669769287,0.0042857266962528
eaj28ijq,pgfm_4g,implicit,43,40,2080030720,958.1239013671876,306.482421875,0.8775370121002197,2.252264499664306,0.0039389333687722
eaj28ijq,pgfm_4g,implicit,43,40,2090024960,965.5450439453124,308.962890625,0.8670892119407654,2.236050605773926,0.0040307492017745
eaj28ijq,pgfm_4g,implicit,43,40,2100019200,981.7291870117188,314.68359375,0.8815909624099731,2.2571942806243896,0.0038106199353933
eaj28ijq,pgfm_4g,implicit,43,40,2110013440,954.5531616210938,306.458984375,0.8815150260925293,2.227775812149048,0.0039555812254548
eaj28ijq,pgfm_4g,implicit,43,40,2120007680,956.572509765625,307.8798828125,0.9134705662727356,2.262051582336426,0.0038595688529312
eaj28ijq,pgfm_4g,implicit,43,40,2130001920,917.950927734375,302.427734375,0.8808626532554626,2.227459192276001,0.0040642917156219
eaj28ijq,pgfm_4g,implicit,43,40,2140078080,940.9658813476562,306.373046875,0.8782827258110046,2.2568719387054443,0.0039635943248867
eaj28ijq,pgfm_4g,implicit,43,40,2150072320,924.5230712890624,300.3701171875,0.8862735629081726,2.193777322769165,0.0042338636703789
eaj28ijq,pgfm_4g,implicit,43,40,2160066560,923.4297485351562,301.3203125,0.9341660141944884,2.256000518798828,0.0041208136826753
eaj28ijq,pgfm_4g,implicit,43,40,2170060800,894.9706420898438,294.3876953125,0.8915532827377319,2.2210497856140137,0.0044147903099656
eaj28ijq,pgfm_4g,implicit,43,40,2180055040,932.5078125,306.2734375,0.8921657204627991,2.2443788051605225,0.0039832228794693
eaj28ijq,pgfm_4g,implicit,43,40,2190049280,925.1341552734376,301.5126953125,0.8602835536003113,2.22448468208313,0.0041382042691111
eaj28ijq,pgfm_4g,implicit,43,40,2200043520,959.743408203125,307.052734375,0.8768327236175537,2.214465618133545,0.0040463586337864
eaj28ijq,pgfm_4g,implicit,43,40,2210037760,966.37841796875,311.412109375,0.8652760982513428,2.249805212020874,0.0039561348967254
eaj28ijq,pgfm_4g,implicit,43,40,2220032000,942.5706787109376,303.234375,0.8577573895454407,2.249941110610962,0.0043962313793599
eaj28ijq,pgfm_4g,implicit,43,40,2230026240,970.09521484375,310.111328125,0.8470356464385986,2.203453063964844,0.0039507509209215
eaj28ijq,pgfm_4g,implicit,43,40,2240020480,984.24072265625,312.087890625,0.8318098783493042,2.175682306289673,0.0039623333141207
eaj28ijq,pgfm_4g,implicit,43,40,2250014720,984.4718017578124,313.3974609375,0.8709792494773865,2.2134711742401123,0.0037938142195343
eaj28ijq,pgfm_4g,implicit,43,40,2260008960,928.3463745117188,297.2412109375,0.9145451784133912,2.195967197418213,0.0043429243378341
eaj28ijq,pgfm_4g,implicit,43,40,2270003200,961.9301147460938,305.88671875,0.8973615169525146,2.2167623043060303,0.0040290276519954
eaj28ijq,pgfm_4g,implicit,43,40,2280079360,927.8609008789062,300.3232421875,0.8912968635559082,2.2429330348968506,0.0042137810960412
eaj28ijq,pgfm_4g,implicit,43,40,2290073600,949.9628295898438,310.0830078125,0.919173300266266,2.278181552886963,0.0039605824276804
eaj28ijq,pgfm_4g,implicit,43,40,2300067840,905.5086059570312,294.677734375,0.9035249948501588,2.2361955642700195,0.0044266385957598
eaj28ijq,pgfm_4g,implicit,43,40,2310062080,905.38134765625,293.640625,0.913185715675354,2.2276318073272705,0.0044449754059314
eaj28ijq,pgfm_4g,implicit,43,40,2320056320,917.2311401367188,297.2880859375,0.8550683259963989,2.2157702445983887,0.0043193236924707
eaj28ijq,pgfm_4g,implicit,43,40,2330050560,933.3745727539062,304.849609375,0.8575025796890259,2.2801647186279297,0.0040947096422314
eaj28ijq,pgfm_4g,implicit,43,40,2340044800,910.231689453125,297.5830078125,0.8779563903808594,2.304245710372925,0.0043287351727485
eaj28ijq,pgfm_4g,implicit,43,40,2350039040,929.7060546875,303.2529296875,0.924392819404602,2.2927818298339844,0.0042307549156248
eaj28ijq,pgfm_4g,implicit,43,40,2360033280,934.6448364257812,304.2255859375,0.8763967752456665,2.2506654262542725,0.0042239045724272
eaj28ijq,pgfm_4g,implicit,43,40,2370027520,927.136962890625,305.2939453125,0.9233348369598388,2.3106818199157715,0.003969726152718
eaj28ijq,pgfm_4g,implicit,43,40,2380021760,882.9384155273438,299.0400390625,0.9185730814933776,2.367619037628174,0.0042474437505006
eaj28ijq,pgfm_4g,implicit,43,40,2390016000,899.59228515625,294.3955078125,0.8900743722915649,2.287060260772705,0.0043862112797796
eaj28ijq,pgfm_4g,implicit,43,40,2400010240,916.2308349609376,299.8193359375,0.8952139616012573,2.266860008239746,0.0041577205993235
eaj28ijq,pgfm_4g,implicit,43,40,2410004480,940.7061767578124,304.64453125,0.8921372890472412,2.2795605659484863,0.0039788484573364
eaj28ijq,pgfm_4g,implicit,43,40,2420080640,893.1856079101562,293.9501953125,0.8681319355964661,2.197322368621826,0.004340561106801
eaj28ijq,pgfm_4g,implicit,43,40,2430074880,918.54931640625,303.458984375,0.9205604195594788,2.246469497680664,0.0041186809539794
eaj28ijq,pgfm_4g,implicit,43,40,2440069120,921.6868896484376,298.6650390625,0.9227839708328248,2.262957096099853,0.0042447512969374
eaj28ijq,pgfm_4g,implicit,43,40,2450063360,901.51611328125,293.49609375,0.885583758354187,2.1984901428222656,0.0045271445997059
eaj28ijq,pgfm_4g,implicit,43,40,2460057600,927.306640625,302.236328125,0.8915613889694214,2.251500129699707,0.0041354564018547
eaj28ijq,pgfm_4g,implicit,43,40,2470051840,939.502197265625,307.361328125,0.890700101852417,2.261887788772583,0.0041450001299381
eaj28ijq,pgfm_4g,implicit,43,40,2480046080,910.1790771484376,305.1650390625,0.8994946479797363,2.2423319816589355,0.004185710567981
eaj28ijq,pgfm_4g,implicit,43,40,2490040320,909.6346435546876,296.7412109375,0.8593976497650146,2.22619104385376,0.0044139791280031
eaj28ijq,pgfm_4g,implicit,43,40,2500034560,905.6835327148438,299.3486328125,0.9228768348693848,2.2849698066711426,0.0042232796549797
eaj28ijq,pgfm_4g,implicit,43,40,2510028800,913.563232421875,300.3125,0.918941617012024,2.2696847915649414,0.0041818325407803
eaj28ijq,pgfm_4g,implicit,43,40,2520023040,906.4989013671876,300.533203125,0.9141993522644044,2.2915406227111816,0.0041389521211385
eaj28ijq,pgfm_4g,implicit,43,40,2530017280,932.5982055664062,304.2236328125,0.8899993896484375,2.2818117141723637,0.0040711387991905
eaj28ijq,pgfm_4g,implicit,43,40,2540011520,912.43505859375,301.55859375,0.92861008644104,2.280076026916504,0.004193851724267
eaj28ijq,pgfm_4g,implicit,43,40,2550005760,947.2599487304688,310.7958984375,0.9045648574829102,2.2525265216827397,0.0038692415691912
eaj28ijq,pgfm_4g,implicit,43,40,2560000000,904.9427490234376,301.22265625,0.9388725757598876,2.28833270072937,0.0041837827302515
eaj28ijq,pgfm_4g,implicit,43,40,2570076160,914.8311157226562,303.541015625,0.9016662836074828,2.2697620391845703,0.0040822029113769
eaj28ijq,pgfm_4g,implicit,43,40,2580070400,957.652099609375,315.818359375,0.9670458436012268,2.3159613609313965,0.0037594712339341
eaj28ijq,pgfm_4g,implicit,43,40,2590064640,925.6128540039062,303.451171875,0.9204545617103576,2.231391668319702,0.0041745714843273
eaj28ijq,pgfm_4g,implicit,43,40,2600058880,900.8088989257812,298.0419921875,0.9477613568305968,2.209392547607422,0.0044543044641613
eaj28ijq,pgfm_4g,implicit,43,40,2610053120,984.9740600585938,315.9375,0.9403188228607178,2.2509307861328125,0.0037977863103151
eaj28ijq,pgfm_4g,implicit,43,40,2620047360,969.900390625,311.4345703125,0.9252595901489258,2.2342100143432617,0.0039168833754956
eaj28ijq,pgfm_4g,implicit,43,40,2630041600,989.7145385742188,316.0390625,0.9230040311813354,2.226994037628174,0.0038497615605592
eaj28ijq,pgfm_4g,implicit,43,40,2640035840,956.4046630859376,305.58984375,0.9290040731430054,2.228044033050537,0.0041891206055879
eaj28ijq,pgfm_4g,implicit,43,40,2650030080,964.238037109375,308.607421875,0.9597203135490416,2.2326602935791016,0.0042318664491176
eaj28ijq,pgfm_4g,implicit,43,40,2660024320,978.730224609375,311.408203125,1.0158408880233765,2.259981155395508,0.0041431738063693
eaj28ijq,pgfm_4g,implicit,43,40,2670018560,1001.0755615234376,318.7890625,0.992812991142273,2.2807962894439697,0.0037293639034032
eaj28ijq,pgfm_4g,implicit,43,40,2680012800,983.4161376953124,311.4091796875,0.9864931702613832,2.2803633213043213,0.0038879597559571
eaj28ijq,pgfm_4g,implicit,43,40,2690007040,942.186279296875,300.6123046875,0.9629971981048584,2.2074270248413086,0.0043492564000189
eaj28ijq,pgfm_4g,implicit,43,40,2700001280,971.6524047851562,307.6650390625,0.9848390817642212,2.234994649887085,0.0041459435597062
eaj28ijq,pgfm_4g,implicit,43,40,2710077440,987.8345336914062,313.8310546875,1.0557947158813477,2.3126156330108643,0.003805823624134
eaj28ijq,pgfm_4g,implicit,43,40,2720071680,993.9527587890624,314.970703125,1.0151958465576172,2.274280548095703,0.003779824823141
eaj28ijq,pgfm_4g,implicit,43,40,2730065920,965.8976440429688,308.2197265625,1.0716924667358398,2.2736940383911133,0.0040162289515137
eaj28ijq,pgfm_4g,implicit,43,40,2740060160,969.9761352539062,313.6181640625,1.0745151042938232,2.282304286956787,0.004011683166027
eaj28ijq,pgfm_4g,implicit,43,40,2750054400,984.8318481445312,315.2236328125,1.108003854751587,2.2677130699157715,0.0038039917126297
eaj28ijq,pgfm_4g,implicit,43,40,2760048640,978.12451171875,315.3310546875,1.0656107664108276,2.280418872833252,0.0039245104417204
eaj28ijq,pgfm_4g,implicit,43,40,2770042880,978.7271118164062,313.7294921875,1.086487054824829,2.282556295394897,0.0037750764749944
eaj28ijq,pgfm_4g,implicit,43,40,2780037120,957.016357421875,306.0810546875,1.0296616554260254,2.2579965591430664,0.0040611797012388
eaj28ijq,pgfm_4g,implicit,43,40,2790031360,969.6629028320312,312.0166015625,1.081513524055481,2.287927389144897,0.0038506728596985
eaj28ijq,pgfm_4g,implicit,43,40,2800025600,968.7693481445312,310.919921875,1.0258064270019531,2.2552599906921387,0.0038575418293476
eaj28ijq,pgfm_4g,implicit,43,40,2810019840,961.9442749023438,310.2138671875,1.0267581939697266,2.200995445251465,0.004032377153635
eaj28ijq,pgfm_4g,implicit,43,40,2820014080,970.1243896484376,312.98828125,1.0081173181533811,2.278430938720703,0.003802842926234
eaj28ijq,pgfm_4g,implicit,43,40,2830008320,933.264404296875,303.0048828125,0.9733699560165404,2.191420555114746,0.0041575767099857
eaj28ijq,pgfm_4g,implicit,43,40,2840002560,940.4039306640624,305.953125,0.9940390586853028,2.229851245880127,0.0039734644815325
eaj28ijq,pgfm_4g,implicit,43,40,2850078720,969.4495849609376,313.8056640625,0.9958618879318236,2.2694880962371826,0.0037075059954077
eaj28ijq,pgfm_4g,implicit,43,40,2860072960,970.16259765625,313.361328125,1.0525827407836914,2.2548444271087646,0.0038425498642027
eaj28ijq,pgfm_4g,implicit,43,40,2870067200,977.1331176757812,312.1142578125,1.052551507949829,2.243593215942383,0.0038520852103829
eaj28ijq,pgfm_4g,implicit,43,40,2880061440,967.066650390625,308.7890625,1.01232647895813,2.2113969326019287,0.0040360521525144
eaj28ijq,pgfm_4g,implicit,43,40,2890055680,975.5918579101562,314.5400390625,0.9988736510276794,2.238231658935547,0.0038181808777153
eaj28ijq,pgfm_4g,implicit,43,40,2900049920,977.8548583984376,315.876953125,1.0622648000717163,2.270576238632202,0.0037119104526937
eaj28ijq,pgfm_4g,implicit,43,40,2910044160,973.3895263671876,310.6123046875,1.0026099681854248,2.253387451171875,0.0037937187589704
eaj28ijq,pgfm_4g,implicit,43,40,2920038400,958.9549560546876,306.2666015625,1.0120887756347656,2.2338414192199707,0.0038878873456269
eaj28ijq,pgfm_4g,implicit,43,40,2930032640,955.0924682617188,306.04296875,1.0103118419647217,2.2410364151000977,0.0040112072601914
eaj28ijq,pgfm_4g,implicit,43,40,2940026880,975.4720458984376,311.1328125,1.0458143949508667,2.2431297302246094,0.0038895234465599
eaj28ijq,pgfm_4g,implicit,43,40,2950021120,972.215087890625,315.236328125,1.0524895191192627,2.3060688972473145,0.0037469179369509
eaj28ijq,pgfm_4g,implicit,43,40,2960015360,963.5072021484376,307.8447265625,1.016571044921875,2.2712032794952397,0.0039780200459063
eaj28ijq,pgfm_4g,implicit,43,40,2970009600,972.9683837890624,312.2724609375,1.0354812145233154,2.256689071655273,0.0039059903938323
eaj28ijq,pgfm_4g,implicit,43,40,2980003840,968.576904296875,312.47265625,1.0308163166046145,2.2782998085021973,0.0040532001294195
eaj28ijq,pgfm_4g,implicit,43,40,2990080000,986.305908203125,318.3359375,1.0480592250823977,2.269552230834961,0.0038030436262488
eaj28ijq,pgfm_4g,implicit,43,40,3000074240,925.599853515625,301.7744140625,1.054768681526184,2.273860454559326,0.0042615444399416
eaj28ijq,pgfm_4g,implicit,43,40,3010068480,951.1907958984376,305.697265625,1.0231759548187256,2.2652816772460938,0.0041539734229445
eaj28ijq,pgfm_4g,implicit,43,40,3020062720,953.898193359375,308.0830078125,1.0467665195465088,2.3011107444763184,0.0040846900083124
eaj28ijq,pgfm_4g,implicit,43,40,3030056960,983.5953369140624,311.423828125,1.0261011123657229,2.2798023223876958,0.003919250331819
eaj28ijq,pgfm_4g,implicit,43,40,3040051200,1013.3182373046876,323.96484375,1.0363171100616455,2.2424330711364746,0.0035025246907025
eaj28ijq,pgfm_4g,implicit,43,40,3050045440,981.1294555664062,314.1572265625,1.0807499885559082,2.2703006267547607,0.0037420322187244
eaj28ijq,pgfm_4g,implicit,43,40,3060039680,978.69677734375,311.587890625,0.9812716245651244,2.224961757659912,0.0038062154781073
eaj28ijq,pgfm_4g,implicit,43,40,3070033920,963.548828125,307.0869140625,1.0119340419769287,2.195064067840576,0.0039452379569411
eaj28ijq,pgfm_4g,implicit,43,40,3080028160,983.7769775390624,311.04296875,1.0615828037261963,2.2211720943450928,0.0039025598671287
eaj28ijq,pgfm_4g,implicit,43,40,3090022400,998.0330200195312,316.7607421875,1.067875862121582,2.2331137657165527,0.0036545344628393
eaj28ijq,pgfm_4g,implicit,43,40,3100016640,995.182861328125,318.076171875,1.0435433387756348,2.267393112182617,0.0037914449349045
eaj28ijq,pgfm_4g,implicit,43,40,3110010880,980.219970703125,317.2841796875,1.1085139513015747,2.321855068206787,0.0036133495159447
eaj28ijq,pgfm_4g,implicit,43,40,3120005120,989.7896728515624,315.8515625,1.0544710159301758,2.283909797668457,0.0037483684718608
eaj28ijq,pgfm_4g,implicit,43,40,3130081280,971.742919921875,314.076171875,1.0569839477539062,2.2595534324646,0.0038748704828321
eaj28ijq,pgfm_4g,implicit,43,40,3140075520,952.1484375,307.384765625,1.051337480545044,2.278071880340576,0.0039743352681398
eaj28ijq,pgfm_4g,implicit,43,40,3150069760,938.565185546875,302.9931640625,1.0563092231750488,2.221688270568848,0.0040583573281764
eaj28ijq,pgfm_4g,implicit,43,40,3160064000,952.3861083984376,310.009765625,1.0784223079681396,2.2801406383514404,0.0038197180256247
eaj28ijq,pgfm_4g,implicit,43,40,3170058240,937.3818969726562,308.1923828125,1.0698120594024658,2.2887539863586426,0.0038315434940159
eaj28ijq,pgfm_4g,implicit,43,40,3180052480,946.6502685546876,309.498046875,1.0525898933410645,2.2755446434021,0.0038663395680487
eaj28ijq,pgfm_4g,implicit,43,40,3190046720,938.1228637695312,306.169921875,1.0391591787338257,2.2568609714508057,0.0039823823608458
eaj28ijq,pgfm_4g,implicit,43,40,3200040960,909.4486083984376,296.654296875,1.0183334350585938,2.217522621154785,0.004310390446335
eaj28ijq,pgfm_4g,implicit,43,40,3210035200,908.7071533203124,299.0380859375,1.0717082023620603,2.267958641052246,0.0041219131089746
eaj28ijq,pgfm_4g,implicit,43,40,3220029440,921.9208984375,304.330078125,1.0823920965194702,2.314528465270996,0.0038836642634123
eaj28ijq,pgfm_4g,implicit,43,40,3230023680,899.4608764648438,299.2158203125,1.1143927574157717,2.2597196102142334,0.0041158385574817
eaj28ijq,pgfm_4g,implicit,43,40,3240017920,899.2006225585938,297.896484375,1.085372805595398,2.3205389976501465,0.0041585494764149
eaj28ijq,pgfm_4g,implicit,43,40,3250012160,896.1901245117188,295.6748046875,1.0518193244934082,2.2670373916625977,0.0043536648154258
eaj28ijq,pgfm_4g,implicit,43,40,3260006400,939.7098388671876,305.4033203125,1.0824358463287354,2.2456743717193604,0.0038941183593124
eaj28ijq,pgfm_4g,implicit,43,40,3270000640,966.8155517578124,314.6484375,1.1037379503250122,2.270357608795166,0.0037572139408439
eaj28ijq,pgfm_4g,implicit,43,40,3280076800,969.742919921875,312.5234375,1.073690414428711,2.281423568725586,0.0038700378499925
eaj28ijq,pgfm_4g,implicit,43,40,3290071040,898.1776123046875,291.7607421875,1.0722033977508545,2.208180904388428,0.0043795555830001
eaj28ijq,pgfm_4g,implicit,43,40,3300065280,940.1793823242188,304.6015625,1.08999764919281,2.2209315299987797,0.0038907341659069
eaj28ijq,pgfm_4g,implicit,43,40,3310059520,913.1106567382812,298.99609375,1.113511085510254,2.297404766082764,0.0041000242345035
eaj28ijq,pgfm_4g,implicit,43,40,3320053760,936.6585693359376,306.5107421875,1.1258516311645508,2.313062906265259,0.0039452943019568
eaj28ijq,pgfm_4g,implicit,43,40,3330048000,943.0975341796876,309.2880859375,1.1549835205078125,2.320897340774536,0.0038728835061192
eaj28ijq,pgfm_4g,implicit,43,40,3340042240,962.5250244140624,311.076171875,1.1099404096603394,2.290940523147583,0.0039340062066912
eaj28ijq,pgfm_4g,implicit,43,40,3350036480,958.767578125,311.6396484375,1.1188418865203855,2.303883552551269,0.0038448455743491
eaj28ijq,pgfm_4g,implicit,43,40,3360030720,951.9281005859376,309.333984375,1.127406358718872,2.293132305145264,0.0037653404287993
eaj28ijq,pgfm_4g,implicit,43,40,3370024960,907.6954345703124,297.59765625,1.1210410594940186,2.2829127311706543,0.0041705295443534
eaj28ijq,pgfm_4g,implicit,43,40,3380019200,919.31689453125,302.5859375,1.155032992362976,2.298184394836426,0.0041124830022454
eaj28ijq,pgfm_4g,implicit,43,40,3390013440,914.6704711914062,302.57421875,1.14811372756958,2.322160005569458,0.0041189850308001
eaj28ijq,pgfm_4g,implicit,43,40,3400007680,932.433349609375,306.365234375,1.09232759475708,2.297229766845703,0.003916120622307
eaj28ijq,pgfm_4g,implicit,43,40,3410001920,926.18359375,305.65234375,1.1187117099761963,2.3116374015808105,0.0038822316564619
eaj28ijq,pgfm_4g,implicit,43,40,3420078080,948.8621826171876,309.78515625,1.1222484111785889,2.335953712463379,0.0037592418957501
eaj28ijq,pgfm_4g,implicit,43,40,3430072320,935.4609375,302.517578125,1.1600499153137207,2.2912709712982178,0.0041754161939024
eaj28ijq,pgfm_4g,implicit,43,40,3440066560,1005.85302734375,320.2939453125,1.1517452001571655,2.288973331451416,0.0035874533932656
eaj28ijq,pgfm_4g,implicit,43,40,3450060800,1004.4912109375,319.208984375,1.1130821704864502,2.2552921772003174,0.0036227786913514
eaj28ijq,pgfm_4g,implicit,43,40,3460055040,949.24560546875,305.279296875,1.1441638469696045,2.245471477508545,0.0040196566842496
eaj28ijq,pgfm_4g,implicit,43,40,3470049280,939.059814453125,298.64453125,1.1232900619506836,2.2350876331329346,0.0041505815461277
eaj28ijq,pgfm_4g,implicit,43,40,3480043520,977.0502319335938,312.87890625,1.1290152072906494,2.2453529834747314,0.0038746087811887
eaj28ijq,pgfm_4g,implicit,43,40,3490037760,1000.9461669921876,317.8154296875,1.1208927631378174,2.264906167984009,0.0035221865400671
eaj28ijq,pgfm_4g,implicit,43,40,3500032000,989.48193359375,317.6572265625,1.168955683708191,2.293973684310913,0.0036540266592055
eaj28ijq,pgfm_4g,implicit,43,40,3510026240,959.4938354492188,308.3740234375,1.1367008686065674,2.269869089126587,0.0038949716836214
eaj28ijq,pgfm_4g,implicit,43,40,3520020480,986.109130859375,318.443359375,1.1217145919799805,2.3103139400482178,0.0036044663283973
eaj28ijq,pgfm_4g,implicit,43,40,3530014720,944.0614013671876,306.1328125,1.1250007152557373,2.294508934020996,0.0040501914918422
eaj28ijq,pgfm_4g,implicit,43,40,3540008960,989.428466796875,316.794921875,1.1423521041870115,2.295538902282715,0.0037795200478285
eaj28ijq,pgfm_4g,implicit,43,40,3550003200,962.6859130859376,312.943359375,1.1480071544647217,2.295027017593384,0.0037023620679974
eaj28ijq,pgfm_4g,implicit,43,40,3560079360,977.0540771484376,313.8984375,1.1320514678955078,2.2823939323425293,0.0036574122495949
eaj28ijq,pgfm_4g,implicit,43,40,3570073600,979.7999877929688,316.267578125,1.131885290145874,2.300931453704834,0.0037216283380985
eaj28ijq,pgfm_4g,implicit,43,40,3580067840,994.0106201171876,319.7060546875,1.1505743265151978,2.3144619464874268,0.003578963689506
eaj28ijq,pgfm_4g,implicit,43,40,3590062080,986.80029296875,313.609375,1.1165002584457395,2.29085636138916,0.0037208069115877
eaj28ijq,pgfm_4g,implicit,43,40,3600056320,982.648681640625,314.0849609375,1.1511192321777344,2.3405041694641118,0.0036504042800515
eaj28ijq,pgfm_4g,implicit,43,40,3610050560,999.5491943359376,318.720703125,1.1171311140060425,2.3462305068969727,0.0036727609112858
eaj28ijq,pgfm_4g,implicit,43,40,3620044800,982.332763671875,315.5439453125,1.1075739860534668,2.349189758300781,0.003720098407939
eaj28ijq,pgfm_4g,implicit,43,40,3630039040,964.918212890625,313.09765625,1.1326292753219604,2.319979190826416,0.003706102957949
eaj28ijq,pgfm_4g,implicit,43,40,3640033280,984.841796875,315.8828125,1.125567078590393,2.3452582359313965,0.0035999824758619
eaj28ijq,pgfm_4g,implicit,43,40,3650027520,977.9346923828124,316.6005859375,1.1215611696243286,2.307566404342652,0.0037317471578717
eaj28ijq,pgfm_4g,implicit,43,40,3660021760,969.383056640625,311.1484375,1.1604299545288086,2.2837700843811035,0.0038176183588802
eaj28ijq,pgfm_4g,implicit,43,40,3670016000,970.61865234375,313.66015625,1.1542344093322754,2.3098416328430176,0.0038518614601343
eaj28ijq,pgfm_4g,implicit,43,40,3680010240,961.2662353515624,312.458984375,1.1602697372436523,2.3778650760650635,0.003819802775979
eaj28ijq,pgfm_4g,implicit,43,40,3690004480,963.7880859375,313.611328125,1.1499054431915283,2.3165392875671387,0.0037209456786513
eaj28ijq,pgfm_4g,implicit,43,40,3700080640,956.222900390625,312.060546875,1.1127965450286863,2.3250327110290527,0.0038617237005382
eaj28ijq,pgfm_4g,implicit,43,40,3710074880,980.688232421875,320.943359375,1.150017499923706,2.3891048431396484,0.0035289507359266
eaj28ijq,pgfm_4g,implicit,43,40,3720069120,979.5657958984376,323.021484375,1.1296470165252686,2.4279229640960693,0.0034333677031099
eaj28ijq,pgfm_4g,implicit,43,40,3730063360,977.8253173828124,318.7578125,1.1277518272399902,2.4104700088500977,0.0036883365828543
eaj28ijq,pgfm_4g,implicit,43,40,3740057600,962.3867797851562,311.078125,1.1255755424499512,2.3416779041290283,0.0039161066524684
eaj28ijq,pgfm_4g,implicit,43,40,3750051840,970.7689819335938,316.2099609375,1.1403207778930664,2.384275197982788,0.0037872958928346
eaj28ijq,pgfm_4g,implicit,43,40,3760046080,961.1965942382812,311.2001953125,1.0979231595993042,2.335115432739258,0.0038216258399188
eaj28ijq,pgfm_4g,implicit,43,40,3770040320,965.7106323242188,313.5439453125,1.142178654670715,2.392345905303955,0.0037702568806707
eaj28ijq,pgfm_4g,implicit,43,40,3780034560,975.7847290039062,317.9697265625,1.1980524063110352,2.4132211208343506,0.0037301536649465
eaj28ijq,pgfm_4g,implicit,43,40,3790028800,956.4098510742188,316.2431640625,1.167001485824585,2.444668769836426,0.003758986480534
eaj28ijq,pgfm_4g,implicit,43,40,3800023040,963.9461669921876,310.12109375,1.154538869857788,2.315791606903076,0.003914670087397
eaj28ijq,pgfm_4g,implicit,43,40,3810017280,926.8480224609376,302.0625,1.1389987468719482,2.364376783370972,0.0042117298580706
eaj28ijq,pgfm_4g,implicit,43,40,3820011520,956.0220947265624,309.3076171875,1.0873678922653198,2.3391919136047363,0.0040023503825068
eaj28ijq,pgfm_4g,implicit,43,40,3830005760,920.9293212890624,302.2353515625,1.1532707214355469,2.38742995262146,0.0041237473487854
eaj28ijq,pgfm_4g,implicit,43,40,3840000000,961.885498046875,312.8271484375,1.1132164001464844,2.385695457458496,0.00393005926162
eaj28ijq,pgfm_4g,implicit,43,40,3850076160,955.802490234375,311.8876953125,1.1264162063598633,2.387070655822754,0.0037875557318329
eaj28ijq,pgfm_4g,implicit,43,40,3860070400,957.0926513671876,313.59375,1.1507543325424194,2.384369373321533,0.0037902554031461
eaj28ijq,pgfm_4g,implicit,43,40,3870064640,954.493896484375,311.69921875,1.1557308435440063,2.3327624797821045,0.0039061703719198
eaj28ijq,pgfm_4g,implicit,43,40,3880058880,960.9007568359376,318.2158203125,1.1309641599655151,2.402167797088623,0.0036770016886293
eaj28ijq,pgfm_4g,implicit,43,40,3890053120,964.0865478515624,312.6357421875,1.0825077295303345,2.3506553173065186,0.0038424343802034
eaj28ijq,pgfm_4g,implicit,43,40,3900047360,959.8876953125,312.6826171875,1.087387204170227,2.355098962783813,0.0037186527624726
eaj28ijq,pgfm_4g,implicit,43,40,3910041600,998.2463989257812,322.865234375,1.0890398025512695,2.36832046508789,0.0035893502645194
eaj28ijq,pgfm_4g,implicit,43,40,3920035840,995.5634155273438,320.140625,1.1116580963134766,2.335853099822998,0.0036952167283743
eaj28ijq,pgfm_4g,implicit,43,40,3930030080,959.5272216796876,310.025390625,1.1411056518554688,2.32241439819336,0.0040462235920131
eaj28ijq,pgfm_4g,implicit,43,40,3940024320,1006.4566650390624,323.083984375,1.1118160486221311,2.3552889823913574,0.0035748570226132
eaj28ijq,pgfm_4g,implicit,43,40,3950018560,973.1861572265624,317.0126953125,1.1786458492279053,2.406909942626953,0.0037255983334034
eaj28ijq,pgfm_4g,implicit,43,40,3960012800,972.1076049804688,314.26953125,1.133100509643555,2.362340211868286,0.0037763048894703
eaj28ijq,pgfm_4g,implicit,43,40,3970007040,962.758544921875,312.0478515625,1.1053547859191897,2.382014036178589,0.0039146500639617
eaj28ijq,pgfm_4g,implicit,43,40,3980001280,948.49072265625,307.9697265625,1.1540426015853882,2.342074394226074,0.0042043263092637
eaj28ijq,pgfm_4g,implicit,43,40,3990077440,956.9407958984376,315.7587890625,1.1662023067474363,2.421457290649414,0.0038457950577139
eaj28ijq,pgfm_4g,implicit,43,40,4000071680,952.959228515625,310.953125,1.1859354972839355,2.3761754035949707,0.004047361202538
hrchcmls,pgfm_4g,implicit,43,50,10076160,387.10498046875,162.3544921875,0.4612630903720855,2.537968635559082,0.0140806958079338
hrchcmls,pgfm_4g,implicit,43,50,20070400,385.15869140625,146.9072265625,0.5150654911994934,2.339991569519043,0.0137859266251325
hrchcmls,pgfm_4g,implicit,43,50,30064640,527.2298583984375,195.0458984375,0.5444371104240417,2.450218677520752,0.0105882510542869
hrchcmls,pgfm_4g,implicit,43,50,40058880,524.9264526367188,191.5751953125,0.4886959791183471,2.3178114891052246,0.0102345813065767
hrchcmls,pgfm_4g,implicit,43,50,50053120,587.5557250976562,214.2958984375,0.5220951437950134,2.4399518966674805,0.0087335454300045
hrchcmls,pgfm_4g,implicit,43,50,60047360,568.1156005859375,208.94921875,0.5176135301589966,2.419052124023437,0.0090038571506738
hrchcmls,pgfm_4g,implicit,43,50,70041600,622.480712890625,222.37109375,0.518027663230896,2.399717330932617,0.0086417160928249
hrchcmls,pgfm_4g,implicit,43,50,80035840,590.2550048828125,211.3056640625,0.4934561848640442,2.3477704524993896,0.0084683233872056
hrchcmls,pgfm_4g,implicit,43,50,90030080,625.6112060546875,222.3427734375,0.5360285043716431,2.429603815078736,0.0078848293051123
hrchcmls,pgfm_4g,implicit,43,50,100024320,544.1011962890625,199.177734375,0.5437356233596802,2.46792984008789,0.00829788018018
hrchcmls,pgfm_4g,implicit,43,50,110018560,611.8558349609375,227.775390625,0.5038100481033325,2.4041342735290527,0.0073980470187962
hrchcmls,pgfm_4g,implicit,43,50,120012800,559.387939453125,206.470703125,0.5157007575035095,2.399287700653076,0.0078731784597039
hrchcmls,pgfm_4g,implicit,43,50,130007040,602.9901123046875,223.826171875,0.5024456977844238,2.3607842922210693,0.0076797930523753
hrchcmls,pgfm_4g,implicit,43,50,140001280,633.631591796875,233.55078125,0.5072454214096069,2.462240219116211,0.0070493170060217
hrchcmls,pgfm_4g,implicit,43,50,150077440,682.3926391601562,240.7607421875,0.5085214376449585,2.4100558757781982,0.0066037634387612
hrchcmls,pgfm_4g,implicit,43,50,160071680,683.1414794921875,242.8212890625,0.5510379076004028,2.3895695209503174,0.0067445151507854
hrchcmls,pgfm_4g,implicit,43,50,170065920,621.5797729492188,226.958984375,0.5321376323699951,2.367729663848877,0.0073321759700775
hrchcmls,pgfm_4g,implicit,43,50,180060160,641.182861328125,232.296875,0.5623529553413391,2.352384090423584,0.0071354582905769
hrchcmls,pgfm_4g,implicit,43,50,190054400,648.936767578125,233.3583984375,0.5683419108390808,2.410426139831543,0.0067104049958288
hrchcmls,pgfm_4g,implicit,43,50,200048640,646.085693359375,229.6259765625,0.5766304731369019,2.3320701122283936,0.0068994425237178
hrchcmls,pgfm_4g,implicit,43,50,210042880,686.5977783203125,241.1435546875,0.5581284165382385,2.392519950866699,0.0066904393024742
hrchcmls,pgfm_4g,implicit,43,50,220037120,693.81103515625,246.662109375,0.5489493608474731,2.369703769683838,0.0061113727279007
hrchcmls,pgfm_4g,implicit,43,50,230031360,706.3927612304688,246.408203125,0.5547955632209778,2.354496479034424,0.0060948729515075
hrchcmls,pgfm_4g,implicit,43,50,240025600,712.8037109375,245.5576171875,0.5668084621429443,2.349480628967285,0.0063071772456169
hrchcmls,pgfm_4g,implicit,43,50,250019840,725.72021484375,249.328125,0.5672357082366943,2.2831289768218994,0.0060877948999404
hrchcmls,pgfm_4g,implicit,43,50,260014080,745.47119140625,255.15625,0.5241326689720154,2.327755928039551,0.0057629090733826
hrchcmls,pgfm_4g,implicit,43,50,270008320,753.839111328125,251.1494140625,0.5436728000640869,2.2819745540618896,0.0060279378667473
hrchcmls,pgfm_4g,implicit,43,50,280002560,697.2725830078125,238.6748046875,0.5429002642631531,2.24332857131958,0.0062476727180182
hrchcmls,pgfm_4g,implicit,43,50,290078720,795.8067626953125,264.4697265625,0.5319955348968506,2.237751007080078,0.0056051476858556
hrchcmls,pgfm_4g,implicit,43,50,300072960,780.62744140625,263.43359375,0.5600751638412476,2.3476364612579346,0.0053851976990699
hrchcmls,pgfm_4g,implicit,43,50,310067200,737.491943359375,251.2734375,0.6045679450035095,2.311931848526001,0.0059361914172768
hrchcmls,pgfm_4g,implicit,43,50,320061440,740.5540161132812,251.423828125,0.5889325141906738,2.329833030700684,0.0058656139299273
hrchcmls,pgfm_4g,implicit,43,50,330055680,773.660400390625,262.6318359375,0.6155602335929871,2.2918801307678223,0.0053654960356652
hrchcmls,pgfm_4g,implicit,43,50,340049920,783.0943603515625,264.36328125,0.5635875463485718,2.273580551147461,0.0052964352071285
hrchcmls,pgfm_4g,implicit,43,50,350044160,777.0419921875,259.625,0.5645875334739685,2.289334774017334,0.005437022075057
hrchcmls,pgfm_4g,implicit,43,50,360038400,790.9405517578125,263.3408203125,0.5511599183082581,2.319354295730591,0.0054675000719726
hrchcmls,pgfm_4g,implicit,43,50,370032640,807.328369140625,269.28515625,0.5816295146942139,2.370168924331665,0.0050693377852439
hrchcmls,pgfm_4g,implicit,43,50,380026880,783.2933349609375,264.3916015625,0.5744378566741943,2.4028286933898926,0.0054676318541169
hrchcmls,pgfm_4g,implicit,43,50,390021120,796.4425048828125,265.3671875,0.5752694010734558,2.377875804901123,0.0053237248212099
hrchcmls,pgfm_4g,implicit,43,50,400015360,796.7885131835938,268.177734375,0.595727801322937,2.392167568206787,0.0053562708199024
hrchcmls,pgfm_4g,implicit,43,50,410009600,784.10791015625,267.5185546875,0.5912185311317444,2.3582584857940674,0.0054427869617938
hrchcmls,pgfm_4g,implicit,43,50,420003840,791.6477661132812,263.1005859375,0.6034513711929321,2.3315000534057617,0.0057662716135382
hrchcmls,pgfm_4g,implicit,43,50,430080000,817.64990234375,269.728515625,0.5971029996871948,2.2827699184417725,0.005274849012494
hrchcmls,pgfm_4g,implicit,43,50,440074240,797.9290771484375,261.8701171875,0.6056983470916748,2.279989004135132,0.0055987304076552
hrchcmls,pgfm_4g,implicit,43,50,450068480,826.8880004882812,270.4716796875,0.5958889126777649,2.2977123260498047,0.0052576074376702
hrchcmls,pgfm_4g,implicit,43,50,460062720,836.8139038085938,270.7314453125,0.6134285926818848,2.292689323425293,0.0053455056622624
hrchcmls,pgfm_4g,implicit,43,50,470056960,844.7620849609375,276.7255859375,0.6250267624855042,2.2984979152679443,0.0049897339195013
hrchcmls,pgfm_4g,implicit,43,50,480051200,845.15625,276.3955078125,0.6032794713973999,2.271855115890503,0.005088169593364
hrchcmls,pgfm_4g,implicit,43,50,490045440,832.6954956054688,274.677734375,0.6189157962799072,2.3121228218078613,0.0050030294805765
hrchcmls,pgfm_4g,implicit,43,50,500039680,814.5652465820312,272.759765625,0.623667299747467,2.3733954429626465,0.0050363931804895
hrchcmls,pgfm_4g,implicit,43,50,510033920,819.6177978515625,275.4443359375,0.636106550693512,2.3772919178009038,0.0049169659614562
hrchcmls,pgfm_4g,implicit,43,50,520028160,846.873291015625,276.2919921875,0.621311366558075,2.340983390808105,0.004759594798088
hrchcmls,pgfm_4g,implicit,43,50,530022400,825.462646484375,273.1865234375,0.6201633214950562,2.316253662109375,0.0051276092417538
hrchcmls,pgfm_4g,implicit,43,50,540016640,803.1605834960938,265.0947265625,0.6067578792572021,2.275805711746216,0.005356905516237
hrchcmls,pgfm_4g,implicit,43,50,550010880,850.8792114257812,277.6669921875,0.5979559421539307,2.269006967544556,0.0050144819542765
hrchcmls,pgfm_4g,implicit,43,50,560005120,818.4443969726562,270.654296875,0.6358461380004883,2.3110599517822266,0.0051590651273727
hrchcmls,pgfm_4g,implicit,43,50,570081280,831.0786743164062,273.8642578125,0.6475843787193298,2.3414554595947266,0.0049141440540552
hrchcmls,pgfm_4g,implicit,43,50,580075520,844.2083740234375,276.4150390625,0.6628847718238831,2.3743815422058105,0.0047295279800891
hrchcmls,pgfm_4g,implicit,43,50,590069760,830.3629150390625,273.181640625,0.6625022888183594,2.343345642089844,0.0048447693698108
hrchcmls,pgfm_4g,implicit,43,50,600064000,838.0470581054688,273.8017578125,0.6598467826843262,2.326742172241211,0.0050718700513243
hrchcmls,pgfm_4g,implicit,43,50,610058240,836.7413330078125,275.986328125,0.653501033782959,2.372731208801269,0.0048278421163558
hrchcmls,pgfm_4g,implicit,43,50,620052480,844.06494140625,279.4892578125,0.634737491607666,2.29642391204834,0.00488963117823
hrchcmls,pgfm_4g,implicit,43,50,630046720,847.2744140625,280.0537109375,0.6734217405319214,2.3464362621307373,0.0047182729467749
hrchcmls,pgfm_4g,implicit,43,50,640040960,840.6661376953125,276.2392578125,0.6385852694511414,2.359638214111328,0.0046826992183923
hrchcmls,pgfm_4g,implicit,43,50,650035200,843.1627197265625,277.2216796875,0.635604977607727,2.279782772064209,0.0049208919517695
hrchcmls,pgfm_4g,implicit,43,50,660029440,855.3753051757812,280.89453125,0.6165599822998047,2.260624408721924,0.0046915770508348
hrchcmls,pgfm_4g,implicit,43,50,670023680,837.9658203125,277.734375,0.6542002558708191,2.3298821449279785,0.0047481758520007
hrchcmls,pgfm_4g,implicit,43,50,680017920,838.51220703125,278.5576171875,0.6952592730522156,2.355381965637207,0.0046840077266097
hrchcmls,pgfm_4g,implicit,43,50,690012160,801.1910400390625,268.2646484375,0.6477555632591248,2.269233703613281,0.0049870978109538
hrchcmls,pgfm_4g,implicit,43,50,700006400,851.23779296875,278.3369140625,0.6512337923049927,2.3370683193206787,0.0047162072733044
hrchcmls,pgfm_4g,implicit,43,50,710000640,854.7520751953125,284.2763671875,0.685679018497467,2.391933917999268,0.0044476734474301
hrchcmls,pgfm_4g,implicit,43,50,720076800,837.11279296875,277.5673828125,0.6733914613723755,2.3433101177215576,0.004566615447402
hrchcmls,pgfm_4g,implicit,43,50,730071040,845.81201171875,277.544921875,0.6599557399749756,2.327085494995117,0.0047009838744997
hrchcmls,pgfm_4g,implicit,43,50,740065280,845.580078125,279.6259765625,0.6544299125671387,2.269068479537964,0.0045086899772286
hrchcmls,pgfm_4g,implicit,43,50,750059520,826.0263671875,274.203125,0.6573837399482727,2.3062424659729004,0.0048940670676529
hrchcmls,pgfm_4g,implicit,43,50,760053760,812.7933349609375,276.99609375,0.6970831155776978,2.27223539352417,0.0047280089929699
hrchcmls,pgfm_4g,implicit,43,50,770048000,802.396484375,274.736328125,0.7017038464546204,2.367552757263184,0.0046481257304549
hrchcmls,pgfm_4g,implicit,43,50,780042240,806.6571044921875,271.0751953125,0.7176833748817444,2.3564250469207764,0.0046968469396233
hrchcmls,pgfm_4g,implicit,43,50,790036480,825.7725219726562,275.0791015625,0.6823687553405762,2.3605971336364746,0.0046689207665622
hrchcmls,pgfm_4g,implicit,43,50,800030720,802.0653076171875,270.375,0.693173348903656,2.327000856399536,0.0047282157465815
hrchcmls,pgfm_4g,implicit,43,50,810024960,763.9735107421875,257.9931640625,0.6619970798492432,2.240008592605591,0.005313029512763
hrchcmls,pgfm_4g,implicit,43,50,820019200,791.3406982421875,267.775390625,0.7345485091209412,2.3179163932800293,0.0048563755117356
hrchcmls,pgfm_4g,implicit,43,50,830013440,800.51904296875,268.4052734375,0.7364753484725952,2.363394498825073,0.0048472667112946
hrchcmls,pgfm_4g,implicit,43,50,840007680,827.8421630859375,277.7587890625,0.7508682012557983,2.32056188583374,0.0046017216518521
hrchcmls,pgfm_4g,implicit,43,50,850001920,780.9290771484375,264.7890625,0.7295134663581848,2.304535150527954,0.0051361406221985
hrchcmls,pgfm_4g,implicit,43,50,860078080,757.9647216796875,262.5322265625,0.7513126730918884,2.2935235500335693,0.0051810797303915
hrchcmls,pgfm_4g,implicit,43,50,870072320,782.859375,267.763671875,0.7424017190933228,2.3340327739715576,0.0047798166051507
hrchcmls,pgfm_4g,implicit,43,50,880066560,742.8478393554688,259.1689453125,0.7933701276779175,2.385351181030273,0.0051447814330458
hrchcmls,pgfm_4g,implicit,43,50,890060800,759.2665405273438,261.505859375,0.7721109986305237,2.353597640991211,0.005065188743174
hrchcmls,pgfm_4g,implicit,43,50,900055040,779.4398803710938,265.9794921875,0.8012533783912659,2.3090977668762207,0.0049986150115728
hrchcmls,pgfm_4g,implicit,43,50,910049280,779.6143798828125,270.2958984375,0.8122105598449707,2.361908197402954,0.0048698959872126
hrchcmls,pgfm_4g,implicit,43,50,920043520,775.356689453125,267.685546875,0.8326725959777832,2.403144836425781,0.0050705131143331
hrchcmls,pgfm_4g,implicit,43,50,930037760,791.2518310546875,273.9072265625,0.800915002822876,2.4168570041656494,0.0049534607678651
hrchcmls,pgfm_4g,implicit,43,50,940032000,749.672607421875,261.0126953125,0.8012756109237671,2.4138882160186768,0.0052360766567289
hrchcmls,pgfm_4g,implicit,43,50,950026240,735.9451904296875,258.884765625,0.8230254650115967,2.405684471130371,0.0052962796762585
hrchcmls,pgfm_4g,implicit,43,50,960020480,762.1961669921875,268.138671875,0.8034887313842773,2.383518695831299,0.0049983747303485
hrchcmls,pgfm_4g,implicit,43,50,970014720,777.6719970703125,272.6767578125,0.8096579909324646,2.462984561920166,0.0048202676698565
hrchcmls,pgfm_4g,implicit,43,50,980008960,808.376953125,277.5166015625,0.821993350982666,2.403012275695801,0.0047506289556622
hrchcmls,pgfm_4g,implicit,43,50,990003200,808.5736694335938,277.1416015625,0.8783741593360901,2.403733253479004,0.0047631771303713
hrchcmls,pgfm_4g,implicit,43,50,1000079360,802.677734375,281.181640625,0.895389199256897,2.445101499557495,0.0045989286154508
hrchcmls,pgfm_4g,implicit,43,50,1010073600,790.5441284179688,275.0732421875,0.8889367580413818,2.4203081130981445,0.0049586612731218
hrchcmls,pgfm_4g,implicit,43,50,1020067840,788.0885620117188,272.8447265625,0.8074076175689697,2.36569881439209,0.0049751689657568
hrchcmls,pgfm_4g,implicit,43,50,1030062080,796.1519775390625,276.3095703125,0.8001940846443176,2.4079391956329346,0.0046940729953348
hrchcmls,pgfm_4g,implicit,43,50,1040056320,755.950439453125,261.927734375,0.821734607219696,2.3589391708374023,0.005206343717873
hrchcmls,pgfm_4g,implicit,43,50,1050050560,761.999755859375,268.30078125,0.8151416778564453,2.442117214202881,0.0048647969961166
hrchcmls,pgfm_4g,implicit,43,50,1060044800,766.44580078125,265.7431640625,0.8079415559768677,2.4349513053894043,0.0049459394067525
hrchcmls,pgfm_4g,implicit,43,50,1070039040,746.2183837890625,260.7080078125,0.8603275418281555,2.384002685546875,0.0051136221736669
hrchcmls,pgfm_4g,implicit,43,50,1080033280,767.4876708984375,270.0390625,0.877181887626648,2.427981376647949,0.0048750452697277
hrchcmls,pgfm_4g,implicit,43,50,1090027520,756.2608642578125,261.54296875,0.8316965103149414,2.419767379760742,0.0051043089479207
hrchcmls,pgfm_4g,implicit,43,50,1100021760,748.8917846679688,259.0341796875,0.8062207698822021,2.343869209289551,0.0051159537397325
hrchcmls,pgfm_4g,implicit,43,50,1110016000,785.1654052734375,274.8466796875,0.824935793876648,2.4087910652160645,0.004791943822056
hrchcmls,pgfm_4g,implicit,43,50,1120010240,757.7724609375,262.8779296875,0.8147270679473877,2.397590160369873,0.0050846943631768
hrchcmls,pgfm_4g,implicit,43,50,1130004480,778.7725830078125,268.484375,0.821906328201294,2.32285213470459,0.0049945805221796
hrchcmls,pgfm_4g,implicit,43,50,1140080640,779.339599609375,266.0537109375,0.8142340183258057,2.2864556312561035,0.004945752210915
hrchcmls,pgfm_4g,implicit,43,50,1150074880,794.3887939453125,271.8671875,0.7776282429695129,2.3873519897460938,0.0049214740283787
hrchcmls,pgfm_4g,implicit,43,50,1160069120,773.320556640625,268.90234375,0.8477647304534912,2.382838726043701,0.0049741100519895
hrchcmls,pgfm_4g,implicit,43,50,1170063360,720.30029296875,251.458984375,0.7940899729728699,2.378211498260498,0.0053647868335247
hrchcmls,pgfm_4g,implicit,43,50,1180057600,744.0232543945312,261.462890625,0.8292737007141113,2.3960657119750977,0.0050914529711008
hrchcmls,pgfm_4g,implicit,43,50,1190051840,785.118408203125,270.9453125,0.7985457181930542,2.4171254634857178,0.0048322966322302
hrchcmls,pgfm_4g,implicit,43,50,1200046080,800.9983520507812,275.919921875,0.7937676310539246,2.389511585235596,0.004606507718563
hrchcmls,pgfm_4g,implicit,43,50,1210040320,752.5723876953125,263.9697265625,0.79755699634552,2.396620988845825,0.0050044655799865
hrchcmls,pgfm_4g,implicit,43,50,1220034560,749.8199462890625,262.9716796875,0.8427603840827942,2.426396369934082,0.0051230816170573
hrchcmls,pgfm_4g,implicit,43,50,1230028800,752.9658203125,264.4111328125,0.8501676321029663,2.4507651329040527,0.0050191525369882
hrchcmls,pgfm_4g,implicit,43,50,1240023040,749.3049926757812,263.873046875,0.8576177358627319,2.449137687683105,0.0049857851117849
hrchcmls,pgfm_4g,implicit,43,50,1250017280,750.75,260.5322265625,0.8433183431625366,2.423017978668213,0.0050551369786262
hrchcmls,pgfm_4g,implicit,43,50,1260011520,774.411376953125,269.3271484375,0.8935332298278809,2.4487626552581787,0.0048888307064771
hrchcmls,pgfm_4g,implicit,43,50,1270005760,746.2396240234375,265.7099609375,0.9274575710296632,2.4194130897521973,0.0049605774693191
hrchcmls,pgfm_4g,implicit,43,50,1280000000,762.3223876953125,267.48046875,0.8673192262649536,2.4706802368164062,0.0049260957166552
hrchcmls,pgfm_4g,implicit,43,50,1290076160,794.8472900390625,275.3681640625,0.8776067495346069,2.4620108604431152,0.0046532526612281
hrchcmls,pgfm_4g,implicit,43,50,1300070400,734.5880737304688,259.4560546875,0.9534589052200316,2.424743175506592,0.0052117276936769
hrchcmls,pgfm_4g,implicit,43,50,1310064640,764.3394165039062,270.2275390625,0.996598482131958,2.385356903076172,0.0049303113482892
hrchcmls,pgfm_4g,implicit,43,50,1320058880,790.1766357421875,275.2578125,0.9645639657974244,2.460108995437622,0.0046192849986255
hrchcmls,pgfm_4g,implicit,43,50,1330053120,783.5008544921875,272.4873046875,0.9823452830314636,2.4097633361816406,0.0047927238047122
hrchcmls,pgfm_4g,implicit,43,50,1340047360,785.0802001953125,272.529296875,1.0707073211669922,2.376276016235352,0.0047934548929333
hrchcmls,pgfm_4g,implicit,43,50,1350041600,791.0230712890625,277.267578125,1.0422648191452026,2.413558959960937,0.0048204315826296
hrchcmls,pgfm_4g,implicit,43,50,1360035840,791.5880737304688,277.546875,1.0826678276062012,2.43295955657959,0.0047555305063724
hrchcmls,pgfm_4g,implicit,43,50,1370030080,770.8673095703125,273.8515625,1.062869429588318,2.4598817825317383,0.004770990461111
hrchcmls,pgfm_4g,implicit,43,50,1380024320,766.4403686523438,266.6630859375,0.9805058240890504,2.381201267242432,0.0050054313614964
hrchcmls,pgfm_4g,implicit,43,50,1390018560,746.2763671875,262.3046875,0.9769975543022156,2.4523744583129883,0.0051544979214668
hrchcmls,pgfm_4g,implicit,43,50,1400012800,762.461181640625,268.845703125,1.0388128757476809,2.445718288421631,0.0049097491428256
hrchcmls,pgfm_4g,implicit,43,50,1410007040,763.9699096679688,270.384765625,0.9921165704727172,2.451596975326538,0.0048713576979935
hrchcmls,pgfm_4g,implicit,43,50,1420001280,756.7548828125,263.568359375,1.0261930227279663,2.477384567260742,0.0050120558589696
hrchcmls,pgfm_4g,implicit,43,50,1430077440,779.66015625,272.2529296875,1.0589048862457275,2.4751458168029785,0.0048102526925504
hrchcmls,pgfm_4g,implicit,43,50,1440071680,784.2532958984375,273.634765625,1.109538197517395,2.464308261871338,0.0047909338027238
hrchcmls,pgfm_4g,implicit,43,50,1450065920,766.3706665039062,271.5888671875,1.054978609085083,2.526238441467285,0.0049311146140098
hrchcmls,pgfm_4g,implicit,43,50,1460060160,743.2874755859375,262.111328125,1.1296868324279783,2.455181837081909,0.005040792748332
hrchcmls,pgfm_4g,implicit,43,50,1470054400,751.7928466796875,264.1171875,1.067009687423706,2.4831271171569824,0.0049953134730458
hrchcmls,pgfm_4g,implicit,43,50,1480048640,754.3927001953125,269.7890625,1.1251503229141235,2.4933571815490723,0.0047912877053022
hrchcmls,pgfm_4g,implicit,43,50,1490042880,745.7053833007812,262.578125,1.0195746421813965,2.445458173751831,0.00507453083992
hrchcmls,pgfm_4g,implicit,43,50,1500037120,748.7476806640625,266.8408203125,1.1933590173721311,2.476217031478882,0.0048510245978832
hrchcmls,pgfm_4g,implicit,43,50,1510031360,744.261962890625,262.615234375,1.042851209640503,2.484383583068848,0.0051892129704356
hrchcmls,pgfm_4g,implicit,43,50,1520025600,750.7274169921875,268.4033203125,1.067157745361328,2.497502326965332,0.0050037968903779
hrchcmls,pgfm_4g,implicit,43,50,1530019840,729.1891479492188,260.6494140625,1.0857847929000854,2.452695846557617,0.0051127234473824
hrchcmls,pgfm_4g,implicit,43,50,1540014080,754.1932373046875,265.4482421875,1.1321029663085938,2.4655723571777344,0.0048425602726638
hrchcmls,pgfm_4g,implicit,43,50,1550008320,772.2103271484375,270.640625,1.0331969261169434,2.4701170921325684,0.0049239140935242
hrchcmls,pgfm_4g,implicit,43,50,1560002560,787.332275390625,278.9599609375,1.1011539697647097,2.4668359756469727,0.0046319225803017
hrchcmls,pgfm_4g,implicit,43,50,1570078720,765.0296020507812,271.7080078125,1.0304551124572754,2.482222080230713,0.0048882160335779
hrchcmls,pgfm_4g,implicit,43,50,1580072960,794.266357421875,277.5751953125,1.0782628059387207,2.458322048187256,0.0047109220176935
hrchcmls,pgfm_4g,implicit,43,50,1590067200,759.3712158203125,272.4482421875,1.058253288269043,2.4458727836608887,0.0049306834116578
hrchcmls,pgfm_4g,implicit,43,50,1600061440,774.9232177734375,274.4716796875,1.1306278705596924,2.4788997173309326,0.0048110447824001
hrchcmls,pgfm_4g,implicit,43,50,1610055680,807.8963623046875,281.6845703125,1.0561017990112305,2.45542049407959,0.0045769829303026
hrchcmls,pgfm_4g,implicit,43,50,1620049920,775.144287109375,271.0166015625,1.1808792352676392,2.4333884716033936,0.0049079023301601
hrchcmls,pgfm_4g,implicit,43,50,1630044160,730.0523681640625,258.96875,1.1207890510559082,2.425098419189453,0.0052095130085945
hrchcmls,pgfm_4g,implicit,43,50,1640038400,793.2220458984375,277.9658203125,1.101639747619629,2.426254272460937,0.0046488442458212
hrchcmls,pgfm_4g,implicit,43,50,1650032640,773.567626953125,269.8056640625,1.089277982711792,2.402069091796875,0.0048028635792434
hrchcmls,pgfm_4g,implicit,43,50,1660026880,753.0795288085938,265.23828125,1.0528557300567627,2.453566551208496,0.004850379191339
hrchcmls,pgfm_4g,implicit,43,50,1670021120,755.8372192382812,268.2529296875,1.1130478382110596,2.492791652679444,0.0048864991404116
hrchcmls,pgfm_4g,implicit,43,50,1680015360,762.7186889648438,270.0234375,1.1322039365768433,2.4919979572296143,0.0048054107464849
hrchcmls,pgfm_4g,implicit,43,50,1690009600,760.701171875,266.8427734375,1.119821071624756,2.4302031993865967,0.0048992866650223
hrchcmls,pgfm_4g,implicit,43,50,1700003840,751.734619140625,266.2001953125,1.10536789894104,2.433947324752808,0.004973224364221
hrchcmls,pgfm_4g,implicit,43,50,1710080000,775.9777221679688,273.0888671875,1.0873994827270508,2.4906668663024902,0.0047677811235189
hrchcmls,pgfm_4g,implicit,43,50,1720074240,786.67138671875,275.8896484375,1.1316313743591309,2.45906925201416,0.0047120423987507
hrchcmls,pgfm_4g,implicit,43,50,1730068480,773.8434448242188,272.892578125,1.070197343826294,2.381110429763794,0.0049801049754023
hrchcmls,pgfm_4g,implicit,43,50,1740062720,796.3955078125,277.779296875,1.1634167432785034,2.4122791290283203,0.0046529443934559
hrchcmls,pgfm_4g,implicit,43,50,1750056960,778.9086303710938,274.5234375,1.0114707946777344,2.439548254013061,0.0048528341576457
hrchcmls,pgfm_4g,implicit,43,50,1760051200,744.7117919921875,268.0087890625,1.0568578243255615,2.480172634124756,0.0049528013914823
hrchcmls,pgfm_4g,implicit,43,50,1770045440,741.0693359375,263.52734375,1.0310285091400146,2.4210822582244877,0.0051087061874568
hrchcmls,pgfm_4g,implicit,43,50,1780039680,747.030029296875,265.8310546875,1.093639850616455,2.4288811683654785,0.0050256974063813
hrchcmls,pgfm_4g,implicit,43,50,1790033920,758.1242065429688,264.943359375,1.0753352642059326,2.466355800628662,0.0050151501782238
hrchcmls,pgfm_4g,implicit,43,50,1800028160,745.9071044921875,259.970703125,1.091130018234253,2.4809083938598637,0.0050334064289927
hrchcmls,pgfm_4g,implicit,43,50,1810022400,756.2724609375,264.36328125,1.0988922119140625,2.5066945552825928,0.00488947564736
hrchcmls,pgfm_4g,implicit,43,50,1820016640,743.5821533203125,264.185546875,1.1468801498413086,2.522796869277954,0.0049546202644705
hrchcmls,pgfm_4g,implicit,43,50,1830010880,739.0042724609375,263.3916015625,1.2230899333953855,2.4647250175476074,0.0049595064483582
hrchcmls,pgfm_4g,implicit,43,50,1840005120,763.6610717773438,266.4677734375,1.0986323356628418,2.4849109649658203,0.0049593020230531
hrchcmls,pgfm_4g,implicit,43,50,1850081280,764.3845825195312,270.2216796875,1.1612513065338137,2.498002529144287,0.0048974975943565
hrchcmls,pgfm_4g,implicit,43,50,1860075520,726.5400390625,253.763671875,1.0815532207489014,2.4977824687957764,0.0052058207802474
hrchcmls,pgfm_4g,implicit,43,50,1870069760,764.0103149414062,268.21484375,1.0806519985198977,2.5014278888702397,0.0048617823049426
hrchcmls,pgfm_4g,implicit,43,50,1880064000,749.0924072265625,264.810546875,1.1114251613616943,2.496200561523437,0.0049356892704963
hrchcmls,pgfm_4g,implicit,43,50,1890058240,735.1104125976562,258.4267578125,1.084456205368042,2.4599289894104004,0.0050604129210114
hrchcmls,pgfm_4g,implicit,43,50,1900052480,775.8155517578125,273.8173828125,1.1187140941619873,2.46054482460022,0.0046429671347141
hrchcmls,pgfm_4g,implicit,43,50,1910046720,747.1702880859375,260.3623046875,1.0895092487335205,2.4473366737365723,0.0050420011393725
hrchcmls,pgfm_4g,implicit,43,50,1920040960,747.3504638671875,261.1064453125,1.0342237949371338,2.4299087524414062,0.0050953021273016
hrchcmls,pgfm_4g,implicit,43,50,1930035200,776.803466796875,271.1650390625,1.0806329250335691,2.46565055847168,0.0047596124932169
hrchcmls,pgfm_4g,implicit,43,50,1940029440,726.9130859375,256.1015625,1.0494349002838137,2.4612090587615967,0.0051374086178839
hrchcmls,pgfm_4g,implicit,43,50,1950023680,730.7809448242188,254.25,1.0363554954528809,2.461496353149414,0.0052574640139937
hrchcmls,pgfm_4g,implicit,43,50,1960017920,754.8177490234375,266.7705078125,1.15484356880188,2.4567410945892334,0.0047839619219303
hrchcmls,pgfm_4g,implicit,43,50,1970012160,753.5890502929688,261.8271484375,1.0532171726226809,2.521913290023804,0.0049737710505723
hrchcmls,pgfm_4g,implicit,43,50,1980006400,768.24853515625,269.7216796875,1.1027607917785645,2.4905972480773926,0.0049375789240002
hrchcmls,pgfm_4g,implicit,43,50,1990000640,800.23291015625,280.9638671875,1.105416178703308,2.433418273925781,0.0045442832633852
hrchcmls,pgfm_4g,implicit,43,50,2000076800,771.232421875,269.29296875,1.0502407550811768,2.496667623519897,0.0049988469108939
hrchcmls,pgfm_4g,implicit,43,50,2010071040,794.4581298828125,277.1064453125,1.1300976276397705,2.4426889419555664,0.004845262505114
hrchcmls,pgfm_4g,implicit,43,50,2020065280,794.4599609375,281.91015625,1.1055279970169067,2.5074684619903564,0.0044959979131817
hrchcmls,pgfm_4g,implicit,43,50,2030059520,796.331298828125,277.6328125,1.070233702659607,2.390075445175171,0.00471002003178
hrchcmls,pgfm_4g,implicit,43,50,2040053760,765.15576171875,268.5302734375,1.0924735069274902,2.396084785461426,0.004974125418812
hrchcmls,pgfm_4g,implicit,43,50,2050048000,780.25537109375,274.2509765625,1.0776342153549194,2.441856861114502,0.0048624649643898
hrchcmls,pgfm_4g,implicit,43,50,2060042240,788.2185668945312,276.75,1.081117868423462,2.4746010303497314,0.0046990774571895
hrchcmls,pgfm_4g,implicit,43,50,2070036480,796.9912109375,278.4013671875,1.1285924911499023,2.4471664428710938,0.0046587632969021
hrchcmls,pgfm_4g,implicit,43,50,2080030720,778.07421875,275.095703125,1.1417415142059326,2.4644289016723637,0.0048035751096904
hrchcmls,pgfm_4g,implicit,43,50,2090024960,797.8973388671875,280.6220703125,1.191042423248291,2.5195436477661133,0.0046556270681321
hrchcmls,pgfm_4g,implicit,43,50,2100019200,772.3295288085938,269.978515625,1.0969161987304688,2.5194427967071533,0.0049488823860883
hrchcmls,pgfm_4g,implicit,43,50,2110013440,762.0945434570312,269.0517578125,1.1228654384613037,2.4641273021698,0.0048650689423084
hrchcmls,pgfm_4g,implicit,43,50,2120007680,773.611328125,272.5810546875,1.1215229034423828,2.4460654258728027,0.00484120240435
hrchcmls,pgfm_4g,implicit,43,50,2130001920,780.0746459960938,276.8466796875,1.1720702648162842,2.502544403076172,0.0046922713518142
hrchcmls,pgfm_4g,implicit,43,50,2140078080,769.1957397460938,271.416015625,1.1270893812179563,2.449772357940674,0.0048660854808986
hrchcmls,pgfm_4g,implicit,43,50,2150072320,764.3822021484375,273.0166015625,1.1520390510559082,2.5222012996673584,0.0047840112820267
hrchcmls,pgfm_4g,implicit,43,50,2160066560,773.875732421875,274.6865234375,1.172864556312561,2.488875150680542,0.0046845274046063
hrchcmls,pgfm_4g,implicit,43,50,2170060800,774.3350830078125,276.166015625,1.153092622756958,2.5262789726257324,0.0046372865326702
hrchcmls,pgfm_4g,implicit,43,50,2180055040,752.3175659179688,268.626953125,1.1252210140228271,2.5139412879943848,0.0048424331471323
hrchcmls,pgfm_4g,implicit,43,50,2190049280,765.6361083984375,270.79296875,1.2083425521850586,2.4362478256225586,0.0049771731719374
hrchcmls,pgfm_4g,implicit,43,50,2200043520,767.8392333984375,273.662109375,1.1525163650512695,2.481710910797119,0.0048825512640178
hrchcmls,pgfm_4g,implicit,43,50,2210037760,753.7736206054688,269.87109375,1.1624794006347656,2.490086555480957,0.0049124183133244
hrchcmls,pgfm_4g,implicit,43,50,2220032000,755.938232421875,272.798828125,1.179487705230713,2.5191378593444824,0.0048272679559886
hrchcmls,pgfm_4g,implicit,43,50,2230026240,755.9757080078125,270.6083984375,1.166733741760254,2.5462734699249268,0.0048524923622608
hrchcmls,pgfm_4g,implicit,43,50,2240020480,760.3245849609375,270.9990234375,1.1466037034988403,2.517965078353882,0.0047900043427944
hrchcmls,pgfm_4g,implicit,43,50,2250014720,764.764892578125,269.900390625,1.1337504386901855,2.4703893661499023,0.0048965807072818
hrchcmls,pgfm_4g,implicit,43,50,2260008960,776.8765258789062,275.0341796875,1.122910499572754,2.441999673843384,0.0048481645062565
hrchcmls,pgfm_4g,implicit,43,50,2270003200,772.404541015625,276.677734375,1.1633782386779783,2.4602622985839844,0.0047495206817984
hrchcmls,pgfm_4g,implicit,43,50,2280079360,713.8466796875,255.3564453125,1.1595687866210938,2.497992038726806,0.005170302465558
hrchcmls,pgfm_4g,implicit,43,50,2290073600,756.7548828125,270.720703125,1.1808563470840454,2.455852031707764,0.0049714175984263
hrchcmls,pgfm_4g,implicit,43,50,2300067840,759.1588134765625,271.3798828125,1.1863113641738892,2.515413761138916,0.0048652943223714
hrchcmls,pgfm_4g,implicit,43,50,2310062080,752.2545166015625,268.0068359375,1.1755417585372925,2.4219789505004883,0.0049134171567857
hrchcmls,pgfm_4g,implicit,43,50,2320056320,749.8619384765625,261.0673828125,1.1562455892562866,2.43446683883667,0.0050413301214575
hrchcmls,pgfm_4g,implicit,43,50,2330050560,765.9708251953125,268.8291015625,1.176923751831055,2.4667062759399414,0.0048062354326248
hrchcmls,pgfm_4g,implicit,43,50,2340044800,733.7425537109375,258.478515625,1.1581358909606934,2.463167667388916,0.0051397737115621
hrchcmls,pgfm_4g,implicit,43,50,2350039040,761.3685302734375,271.453125,1.289543390274048,2.536815643310547,0.0048031844198703
hrchcmls,pgfm_4g,implicit,43,50,2360033280,784.157470703125,277.4619140625,1.197899580001831,2.474482774734497,0.0045903054997324
hrchcmls,pgfm_4g,implicit,43,50,2370027520,749.07177734375,264.6630859375,1.2032791376113892,2.51577377319336,0.0050122775137424
hrchcmls,pgfm_4g,implicit,43,50,2380021760,712.7093505859375,254.1572265625,1.1983855962753296,2.4730381965637207,0.0053517231717705
hrchcmls,pgfm_4g,implicit,43,50,2390016000,737.8745727539062,262.12109375,1.2189040184020996,2.501620292663574,0.0051605142652988
hrchcmls,pgfm_4g,implicit,43,50,2400010240,690.4857177734375,246.060546875,1.1912353038787842,2.5230581760406494,0.0053948466666042
hrchcmls,pgfm_4g,implicit,43,50,2410004480,728.0419921875,260.8486328125,1.2808562517166138,2.5395843982696533,0.00503346696496
hrchcmls,pgfm_4g,implicit,43,50,2420080640,675.0113525390625,243.8916015625,1.2544493675231934,2.5520248413085938,0.0054521807469427
hrchcmls,pgfm_4g,implicit,43,50,2430074880,706.6934814453125,252.2421875,1.1850802898406982,2.5636792182922363,0.0053176130168139
hrchcmls,pgfm_4g,implicit,43,50,2440069120,741.8148193359375,266.177734375,1.2252745628356934,2.559596538543701,0.0050553730688989
hrchcmls,pgfm_4g,implicit,43,50,2450063360,713.96044921875,255.28515625,1.2895077466964722,2.550051212310791,0.0052059926092624
hrchcmls,pgfm_4g,implicit,43,50,2460057600,709.5509033203125,257.818359375,1.211186766624451,2.558545589447021,0.0051343357190489
hrchcmls,pgfm_4g,implicit,43,50,2470051840,767.1989135742188,273.5390625,1.2708628177642822,2.526116847991944,0.0048164525069296
hrchcmls,pgfm_4g,implicit,43,50,2480046080,762.12548828125,271.66796875,1.2344927787780762,2.5341567993164062,0.004878519102931
hrchcmls,pgfm_4g,implicit,43,50,2490040320,764.380126953125,268.34375,1.2399660348892212,2.516745090484619,0.0048802066594362
hrchcmls,pgfm_4g,implicit,43,50,2500034560,768.6546630859375,271.2734375,1.2667713165283203,2.540829658508301,0.0047769187949597
hrchcmls,pgfm_4g,implicit,43,50,2510028800,788.3971557617188,278.3017578125,1.290848731994629,2.5314321517944336,0.0046612326987087
hrchcmls,pgfm_4g,implicit,43,50,2520023040,787.523193359375,277.1572265625,1.2030490636825562,2.5010008811950684,0.004569309297949
hrchcmls,pgfm_4g,implicit,43,50,2530017280,773.4279174804688,276.53125,1.2569903135299685,2.4468235969543457,0.0046679219231009
hrchcmls,pgfm_4g,implicit,43,50,2540011520,758.745849609375,270.375,1.2395672798156738,2.544419050216675,0.0048080151900649
hrchcmls,pgfm_4g,implicit,43,50,2550005760,774.2786865234375,276.8623046875,1.2780301570892334,2.514185667037964,0.0047462433576583
hrchcmls,pgfm_4g,implicit,43,50,2560000000,757.2109375,267.9892578125,1.293179988861084,2.4728918075561523,0.0049249790608882
hrchcmls,pgfm_4g,implicit,43,50,2570076160,774.333740234375,273.8818359375,1.2593071460723877,2.477663516998291,0.0047504599206149
hrchcmls,pgfm_4g,implicit,43,50,2580070400,770.6757202148438,273.787109375,1.2263433933258057,2.50181245803833,0.0046362178400158
hrchcmls,pgfm_4g,implicit,43,50,2590064640,773.2748413085938,275.1923828125,1.255634307861328,2.474243640899658,0.0045643607154488
hrchcmls,pgfm_4g,implicit,43,50,2600058880,770.250244140625,272.6171875,1.2045762538909912,2.472672939300537,0.004693491384387
hrchcmls,pgfm_4g,implicit,43,50,2610053120,760.0498657226562,269.9990234375,1.2412834167480469,2.523151397705078,0.0048957103863358
hrchcmls,pgfm_4g,implicit,43,50,2620047360,768.6817016601562,274.810546875,1.2397515773773191,2.555553436279297,0.0046406118199229
hrchcmls,pgfm_4g,implicit,43,50,2630041600,782.7388305664062,277.2119140625,1.2700378894805908,2.528851270675659,0.004617316648364
hrchcmls,pgfm_4g,implicit,43,50,2640035840,756.815673828125,266.580078125,1.2544983625411987,2.5636186599731445,0.0049465070478618
hrchcmls,pgfm_4g,implicit,43,50,2650030080,760.9907836914062,268.8544921875,1.273059964179993,2.510682344436645,0.0050269332714378
hrchcmls,pgfm_4g,implicit,43,50,2660024320,760.4774780273438,268.2470703125,1.2570936679840088,2.550039291381836,0.0048697958700358
hrchcmls,pgfm_4g,implicit,43,50,2670018560,771.9329833984375,273.4306640625,1.2758769989013672,2.5667428970336914,0.0048136170953512
hrchcmls,pgfm_4g,implicit,43,50,2680012800,754.252197265625,265.3154296875,1.2518885135650637,2.5474512577056885,0.0051050344482064
hrchcmls,pgfm_4g,implicit,43,50,2690007040,768.611083984375,268.79296875,1.2138128280639648,2.513899326324463,0.0048898654058575
hrchcmls,pgfm_4g,implicit,43,50,2700001280,758.7220458984375,262.5732421875,1.2879245281219482,2.4569239616394043,0.0051267920061945
hrchcmls,pgfm_4g,implicit,43,50,2710077440,753.3145141601562,264.1328125,1.2445731163024902,2.438127040863037,0.0051611494272947
hrchcmls,pgfm_4g,implicit,43,50,2720071680,760.268310546875,264.5302734375,1.298997402191162,2.3852059841156006,0.005203322507441
hrchcmls,pgfm_4g,implicit,43,50,2730065920,756.3584594726562,264.8095703125,1.2557752132415771,2.45029354095459,0.0050897309556603
hrchcmls,pgfm_4g,implicit,43,50,2740060160,767.4844360351562,268.0712890625,1.287083864212036,2.4616565704345703,0.0050691249780356
hrchcmls,pgfm_4g,implicit,43,50,2750054400,779.000244140625,274.40625,1.301736831665039,2.4886794090271,0.0048138629645109
hrchcmls,pgfm_4g,implicit,43,50,2760048640,789.7575073242188,279.0908203125,1.2951661348342896,2.474816083908081,0.0047256434336304
hrchcmls,pgfm_4g,implicit,43,50,2770042880,751.3223876953125,265.990234375,1.306041240692139,2.4933013916015625,0.0049796132370829
hrchcmls,pgfm_4g,implicit,43,50,2780037120,789.4312133789062,277.8544921875,1.33294677734375,2.4791927337646484,0.0046773958019912
hrchcmls,pgfm_4g,implicit,43,50,2790031360,776.7396240234375,276.21875,1.3964112997055054,2.562962532043457,0.0046611963771283
hrchcmls,pgfm_4g,implicit,43,50,2800025600,775.6067504882812,274.4111328125,1.3242169618606567,2.4892008304595947,0.0048346361145377
hrchcmls,pgfm_4g,implicit,43,50,2810019840,767.1123657226562,273.220703125,1.2888028621673584,2.574989557266236,0.0047324332408607
hrchcmls,pgfm_4g,implicit,43,50,2820014080,777.750732421875,274.5078125,1.2871737480163574,2.5664494037628174,0.0047863121144473
hrchcmls,pgfm_4g,implicit,43,50,2830008320,773.64013671875,271.2568359375,1.259563684463501,2.524265766143799,0.0046686236746609
hrchcmls,pgfm_4g,implicit,43,50,2840002560,766.2791137695312,270.3203125,1.3069429397583008,2.560431957244873,0.0047898991033434
hrchcmls,pgfm_4g,implicit,43,50,2850078720,733.3856201171875,261.583984375,1.34817636013031,2.557375192642212,0.0051325759850442
hrchcmls,pgfm_4g,implicit,43,50,2860072960,684.49951171875,247.5927734375,1.29758882522583,2.570587635040283,0.0053197126835584
hrchcmls,pgfm_4g,implicit,43,50,2870067200,758.9259033203125,273.8212890625,1.3037168979644775,2.5485682487487797,0.0046512586995959
hrchcmls,pgfm_4g,implicit,43,50,2880061440,738.4493408203125,263.708984375,1.3147633075714111,2.564949512481689,0.0048958463594317
hrchcmls,pgfm_4g,implicit,43,50,2890055680,728.9309692382812,260.615234375,1.282080054283142,2.554981470108032,0.0051151835359632
hrchcmls,pgfm_4g,implicit,43,50,2900049920,745.33203125,267.77734375,1.3208956718444824,2.513861179351806,0.0049389945343136
hrchcmls,pgfm_4g,implicit,43,50,2910044160,751.24365234375,267.4921875,1.3591935634613037,2.484041213989258,0.0049824048765003
hrchcmls,pgfm_4g,implicit,43,50,2920038400,748.9107666015625,268.1083984375,1.319408893585205,2.47367262840271,0.0050053093582391
hrchcmls,pgfm_4g,implicit,43,50,2930032640,737.544921875,264.087890625,1.2652385234832764,2.4966983795166016,0.0050483299419283
hrchcmls,pgfm_4g,implicit,43,50,2940026880,753.7235107421875,269.81640625,1.3393762111663818,2.5273184776306152,0.0047789262607693
hrchcmls,pgfm_4g,implicit,43,50,2950021120,741.3112182617188,267.548828125,1.292755365371704,2.530498504638672,0.0049962913617491
hrchcmls,pgfm_4g,implicit,43,50,2960015360,788.3514404296875,280.0927734375,1.316804051399231,2.501755714416504,0.0046596890315413
hrchcmls,pgfm_4g,implicit,43,50,2970009600,791.353759765625,281.9033203125,1.3633030652999878,2.5207412242889404,0.0045756846666336
hrchcmls,pgfm_4g,implicit,43,50,2980003840,803.761474609375,279.9189453125,1.3381760120391846,2.435561180114746,0.0045461468398571
hrchcmls,pgfm_4g,implicit,43,50,2990080000,777.0870361328125,273.947265625,1.387862205505371,2.4829111099243164,0.0048058368265628
hrchcmls,pgfm_4g,implicit,43,50,3000074240,779.45166015625,275.9052734375,1.4397273063659668,2.486118793487549,0.0048855915665626
hrchcmls,pgfm_4g,implicit,43,50,3010068480,783.37646484375,277.8505859375,1.4569309949874878,2.519860982894897,0.004745720885694
hrchcmls,pgfm_4g,implicit,43,50,3020062720,764.56640625,275.5615234375,1.4727697372436523,2.482733964920044,0.0049716583453118
hrchcmls,pgfm_4g,implicit,43,50,3030056960,754.7608032226562,270.759765625,1.4281563758850098,2.4677982330322266,0.0049212872982025
hrchcmls,pgfm_4g,implicit,43,50,3040051200,791.189208984375,282.2666015625,1.4530318975448608,2.505776882171631,0.0045568910427391
hrchcmls,pgfm_4g,implicit,43,50,3050045440,770.6187744140625,275.5791015625,1.4319100379943848,2.5093441009521484,0.0047895265743136
hrchcmls,pgfm_4g,implicit,43,50,3060039680,788.3072509765625,282.857421875,1.4843673706054688,2.53273868560791,0.004539914894849
hrchcmls,pgfm_4g,implicit,43,50,3070033920,811.2471313476562,283.15234375,1.4094183444976809,2.479377031326294,0.0046015093103051
hrchcmls,pgfm_4g,implicit,43,50,3080028160,771.822509765625,274.322265625,1.414156436920166,2.4952754974365234,0.0049371467903256
hrchcmls,pgfm_4g,implicit,43,50,3090022400,776.9619140625,275.236328125,1.434632420539856,2.529904365539551,0.0048829410225152
hrchcmls,pgfm_4g,implicit,43,50,3100016640,750.85546875,265.8720703125,1.495106220245361,2.553306818008423,0.0049738734960556
hrchcmls,pgfm_4g,implicit,43,50,3110010880,773.6223754882812,275.298828125,1.570286989212036,2.5368614196777344,0.0048024952411651
hrchcmls,pgfm_4g,implicit,43,50,3120005120,797.4918212890625,280.451171875,1.488027572631836,2.5287973880767822,0.0045916540548205
hrchcmls,pgfm_4g,implicit,43,50,3130081280,784.341796875,275.7001953125,1.4575886726379397,2.484701633453369,0.0048823496326804
hrchcmls,pgfm_4g,implicit,43,50,3140075520,761.810546875,268.8056640625,1.5176405906677246,2.454101324081421,0.0051157465204596
hrchcmls,pgfm_4g,implicit,43,50,3150069760,758.3902587890625,267.5263671875,1.444690823554993,2.545884132385254,0.0049441736191511
hrchcmls,pgfm_4g,implicit,43,50,3160064000,783.1893920898438,275.603515625,1.4340918064117432,2.533050298690796,0.0047166915610432
hrchcmls,pgfm_4g,implicit,43,50,3170058240,763.0928955078125,268.0771484375,1.4659440517425537,2.514203786849976,0.0051235379651188
hrchcmls,pgfm_4g,implicit,43,50,3180052480,773.9775390625,273.0791015625,1.587126612663269,2.5102345943450928,0.0048461621627211
hrchcmls,pgfm_4g,implicit,43,50,3190046720,776.9388427734375,271.5224609375,1.5947915315628052,2.432952880859375,0.0050436994060873
hrchcmls,pgfm_4g,implicit,43,50,3200040960,793.2531127929688,278.5732421875,1.544585347175598,2.512030839920044,0.0047100852243602
hrchcmls,pgfm_4g,implicit,43,50,3210035200,800.3275146484375,283.5263671875,1.533709168434143,2.5224733352661133,0.0045628901571035
hrchcmls,pgfm_4g,implicit,43,50,3220029440,783.7711181640625,275.765625,1.5215773582458496,2.496784210205078,0.0047434982843697
hrchcmls,pgfm_4g,implicit,43,50,3230023680,792.4277954101562,279.6640625,1.5036277770996094,2.501279592514038,0.0047777583822607
hrchcmls,pgfm_4g,implicit,43,50,3240017920,778.8955688476562,276.578125,1.478613257408142,2.5411763191223145,0.00488275103271
hrchcmls,pgfm_4g,implicit,43,50,3250012160,754.4666748046875,268.5361328125,1.3999589681625366,2.5212347507476807,0.0050637191161513
hrchcmls,pgfm_4g,implicit,43,50,3260006400,778.190673828125,273.8984375,1.4086463451385498,2.5267462730407715,0.0049443589523434
hrchcmls,pgfm_4g,implicit,43,50,3270000640,794.855712890625,278.861328125,1.5627727508544922,2.553007125854492,0.0046902550384402
hrchcmls,pgfm_4g,implicit,43,50,3280076800,786.3580322265625,278.494140625,1.549773097038269,2.566159963607788,0.0046928701922297
hrchcmls,pgfm_4g,implicit,43,50,3290071040,781.7079467773438,276.5703125,1.489276885986328,2.54457950592041,0.004722443409264
hrchcmls,pgfm_4g,implicit,43,50,3300065280,781.3712768554688,277.1953125,1.5261800289154053,2.528799295425415,0.004738581366837
hrchcmls,pgfm_4g,implicit,43,50,3310059520,758.2135009765625,270.7529296875,1.6010262966156006,2.522029399871826,0.0049355910159647
hrchcmls,pgfm_4g,implicit,43,50,3320053760,778.0443115234375,276.68359375,1.5954256057739258,2.500563621520996,0.0047211805358529
hrchcmls,pgfm_4g,implicit,43,50,3330048000,758.8793334960938,269.1103515625,1.5889508724212646,2.55723237991333,0.0050966050475835
hrchcmls,pgfm_4g,implicit,43,50,3340042240,772.1340942382812,272.712890625,1.662154197692871,2.632728338241577,0.0047836052253842
hrchcmls,pgfm_4g,implicit,43,50,3350036480,767.2711181640625,272.5810546875,1.532880783081055,2.5854880809783936,0.004764525219798
hrchcmls,pgfm_4g,implicit,43,50,3360030720,754.7017211914062,268.251953125,1.5572736263275146,2.550366878509521,0.0050320900045335
hrchcmls,pgfm_4g,implicit,43,50,3370024960,770.4718627929688,271.7646484375,1.5209367275238037,2.6016886234283447,0.0049348645843565
hrchcmls,pgfm_4g,implicit,43,50,3380019200,742.9248046875,262.853515625,1.563079595565796,2.591195583343506,0.0051840036176145
hrchcmls,pgfm_4g,implicit,43,50,3390013440,746.2854614257812,263.5546875,1.47369384765625,2.5802502632141118,0.0051772585138678
hrchcmls,pgfm_4g,implicit,43,50,3400007680,691.5865478515625,248.2744140625,1.4612982273101809,2.550476551055908,0.0057321200147271
hrchcmls,pgfm_4g,implicit,43,50,3410001920,735.68359375,261.443359375,1.4876010417938232,2.539967536926269,0.0053527168929576
hrchcmls,pgfm_4g,implicit,43,50,3420078080,759.4761962890625,270.9306640625,1.52583110332489,2.500727891921997,0.0049245823174715
hrchcmls,pgfm_4g,implicit,43,50,3430072320,779.1302490234375,274.015625,1.5274972915649414,2.5068185329437256,0.005023087374866
hrchcmls,pgfm_4g,implicit,43,50,3440066560,778.2445068359375,277.1435546875,1.4594268798828125,2.5770463943481445,0.0048672035336494
hrchcmls,pgfm_4g,implicit,43,50,3450060800,775.5014038085938,275.2587890625,1.4661507606506348,2.6160662174224854,0.0047553395852446
hrchcmls,pgfm_4g,implicit,43,50,3460055040,812.2657470703125,284.57421875,1.6349049806594849,2.5220634937286377,0.0047423113137483
hrchcmls,pgfm_4g,implicit,43,50,3470049280,778.9541015625,275.9814453125,1.5423928499221802,2.544921398162842,0.0049054007977247
hrchcmls,pgfm_4g,implicit,43,50,3480043520,776.810302734375,279.291015625,1.5237221717834473,2.5319643020629883,0.0048622069880366
hrchcmls,pgfm_4g,implicit,43,50,3490037760,781.935791015625,277.3017578125,1.500678777694702,2.530120372772217,0.0048465714789927
hrchcmls,pgfm_4g,implicit,43,50,3500032000,752.631103515625,271.529296875,1.5361931324005127,2.485616683959961,0.0050939708016812
hrchcmls,pgfm_4g,implicit,43,50,3510026240,772.5056762695312,278.9052734375,1.4414215087890625,2.549860954284668,0.0048846416175365
hrchcmls,pgfm_4g,implicit,43,50,3520020480,741.8665771484375,266.2041015625,1.5165470838546753,2.50246810913086,0.005088984966278
hrchcmls,pgfm_4g,implicit,43,50,3530014720,750.0546264648438,271.2099609375,1.4000927209854126,2.56640100479126,0.0049933227710425
hrchcmls,pgfm_4g,implicit,43,50,3540008960,777.1512451171875,278.15234375,1.5210721492767334,2.541240930557251,0.0047719310969114
hrchcmls,pgfm_4g,implicit,43,50,3550003200,749.0902099609375,266.7001953125,1.5203242301940918,2.592546224594116,0.0049197832122445
hrchcmls,pgfm_4g,implicit,43,50,3560079360,773.6236572265625,274.349609375,1.4536892175674438,2.599628448486328,0.0048511512577533
hrchcmls,pgfm_4g,implicit,43,50,3570073600,735.686279296875,263.533203125,1.4242616891860962,2.5432400703430176,0.0052634952589869
hrchcmls,pgfm_4g,implicit,43,50,3580067840,754.772216796875,271.2314453125,1.4124879837036133,2.551778793334961,0.0049529746174812
hrchcmls,pgfm_4g,implicit,43,50,3590062080,765.872314453125,274.0458984375,1.4523682594299316,2.584124565124512,0.0047604972496628
hrchcmls,pgfm_4g,implicit,43,50,3600056320,737.3551025390625,265.611328125,1.477428674697876,2.571128368377685,0.0049709631130099
hrchcmls,pgfm_4g,implicit,43,50,3610050560,726.292236328125,259.66796875,1.4723737239837646,2.585531711578369,0.0050921896472573
hrchcmls,pgfm_4g,implicit,43,50,3620044800,724.6870727539062,260.2216796875,1.566967248916626,2.5826222896575928,0.005083916708827
hrchcmls,pgfm_4g,implicit,43,50,3630039040,751.19677734375,267.2099609375,1.5470207929611206,2.558145523071289,0.005052862688899
hrchcmls,pgfm_4g,implicit,43,50,3640033280,726.5548095703125,257.7392578125,1.58636736869812,2.529670476913452,0.005168012343347
hrchcmls,pgfm_4g,implicit,43,50,3650027520,767.425537109375,271.0859375,1.4620221853256226,2.5504207611083984,0.0048969881609082
hrchcmls,pgfm_4g,implicit,43,50,3660021760,776.3668823242188,278.03515625,1.5696525573730469,2.491509437561035,0.0047662835568189
hrchcmls,pgfm_4g,implicit,43,50,3670016000,781.771484375,277.21484375,1.5178195238113403,2.4659740924835205,0.0047458880580961
hrchcmls,pgfm_4g,implicit,43,50,3680010240,784.4566650390625,279.1298828125,1.479029655456543,2.4933714866638184,0.0046733901835978
hrchcmls,pgfm_4g,implicit,43,50,3690004480,794.9559326171875,278.4970703125,1.4976837635040283,2.478235960006714,0.0046462574973702
hrchcmls,pgfm_4g,implicit,43,50,3700080640,803.6998291015625,284.2626953125,1.5322076082229614,2.500618457794189,0.0045961029827594
hrchcmls,pgfm_4g,implicit,43,50,3710074880,787.0465087890625,279.48046875,1.477163791656494,2.487522840499878,0.0047207311727106
hrchcmls,pgfm_4g,implicit,43,50,3720069120,790.248779296875,276.197265625,1.5384037494659424,2.52433443069458,0.0048838751390576
hrchcmls,pgfm_4g,implicit,43,50,3730063360,778.3946533203125,276.3212890625,1.4545303583145142,2.572711944580078,0.0049532055854797
hrchcmls,pgfm_4g,implicit,43,50,3740057600,770.4542236328125,275.5068359375,1.5354188680648804,2.5022363662719727,0.0048956270329654
hrchcmls,pgfm_4g,implicit,43,50,3750051840,767.9320068359375,272.244140625,1.5709950923919678,2.512763977050781,0.0050629023462533
hrchcmls,pgfm_4g,implicit,43,50,3760046080,785.159912109375,278.439453125,1.5632715225219729,2.507631778717041,0.0048935185186564
hrchcmls,pgfm_4g,implicit,43,50,3770040320,774.167236328125,275.373046875,1.562204360961914,2.475952625274658,0.0050389040261507
hrchcmls,pgfm_4g,implicit,43,50,3780034560,784.1337890625,278.9072265625,1.5329442024230957,2.483093023300171,0.0047608977183699
hrchcmls,pgfm_4g,implicit,43,50,3790028800,766.1644287109375,273.361328125,1.4520227909088137,2.4878740310668945,0.0049785422161221
hrchcmls,pgfm_4g,implicit,43,50,3800023040,729.1765747070312,263.7265625,1.6210637092590332,2.469667434692383,0.0052323923446238
hrchcmls,pgfm_4g,implicit,43,50,3810017280,737.4374389648438,267.1318359375,1.5743775367736816,2.434539318084717,0.0050598233938217
hrchcmls,pgfm_4g,implicit,43,50,3820011520,760.8318481445312,273.5771484375,1.5295346975326538,2.480397939682007,0.0049968692474067
hrchcmls,pgfm_4g,implicit,43,50,3830005760,731.2657470703125,264.9775390625,1.5445713996887207,2.4994454383850098,0.0051469840109348
hrchcmls,pgfm_4g,implicit,43,50,3840000000,751.4815063476562,273.60546875,1.6222689151763916,2.497478723526001,0.0050882906652987
hrchcmls,pgfm_4g,implicit,43,50,3850076160,787.9735107421875,283.5947265625,1.557125449180603,2.5552313327789307,0.0044872993603348
hrchcmls,pgfm_4g,implicit,43,50,3860070400,766.4236450195312,278.396484375,1.5568175315856934,2.5588626861572266,0.0048081893473863
hrchcmls,pgfm_4g,implicit,43,50,3870064640,753.6402587890625,270.005859375,1.6259764432907104,2.530138731002808,0.0051449206657707
hrchcmls,pgfm_4g,implicit,43,50,3880058880,760.5117797851562,270.9638671875,1.6979970932006836,2.5858042240142822,0.0048891273327171
hrchcmls,pgfm_4g,implicit,43,50,3890053120,784.5579833984375,277.2509765625,1.6306893825531006,2.577648162841797,0.0048262700438499
hrchcmls,pgfm_4g,implicit,43,50,3900047360,767.4671630859375,277.2431640625,1.630676507949829,2.5507869720458984,0.0049316175282001
hrchcmls,pgfm_4g,implicit,43,50,3910041600,727.2225341796875,261.9375,1.6356288194656372,2.567934036254883,0.0052080182358622
hrchcmls,pgfm_4g,implicit,43,50,3920035840,742.3287353515625,267.7080078125,1.5844590663909912,2.537542819976806,0.0051705725491046
hrchcmls,pgfm_4g,implicit,43,50,3930030080,729.6145629882812,260.826171875,1.6172764301300049,2.5312647819519043,0.0052258949726819
hrchcmls,pgfm_4g,implicit,43,50,3940024320,756.9628295898438,269.9306640625,1.698204517364502,2.496004104614258,0.0050098490901291
hrchcmls,pgfm_4g,implicit,43,50,3950018560,770.9612426757812,274.337890625,1.6587841510772705,2.5196428298950195,0.0048597445711493
hrchcmls,pgfm_4g,implicit,43,50,3960012800,780.457763671875,277.966796875,1.717963457107544,2.496706485748291,0.0049428110942244
hrchcmls,pgfm_4g,implicit,43,50,3970007040,768.1868896484375,274.4140625,1.739980936050415,2.563268184661865,0.0048372060991823
hrchcmls,pgfm_4g,implicit,43,50,3980001280,761.409912109375,276.240234375,1.6786720752716064,2.522589921951294,0.0049519930034875
hrchcmls,pgfm_4g,implicit,43,50,3990077440,756.2484130859375,271.8828125,1.6572784185409546,2.522424697875977,0.0050667296163737
hrchcmls,pgfm_4g,implicit,43,50,4000071680,762.3025512695312,275.5986328125,1.663726568222046,2.568697929382324,0.005002973601222
