condition,arm,wandb_id,wandb_name,state,delay_k,efference_length,seed,budget,trained_step,git_commit,walker_xml,body_target_frame,gpu,eval_spec_id,dataset,have_eval,checkpoint_step,artifact_walker_xml,n_clips,n_steps,episode_reward,episode_reward_std,reward_per_step,lifespan_steps,lifespan_s,survived,hazard_rate,joint_l2_error,joint_vel_l2_error,root_pos_distance,root_angular_error,body_errors_total,end_eff_error,fm_pred_mse
efference_old,encdec,1w7nuehe,RodentEncDec_delay50_eff50-20260611-120955,finished,50,50,42,600000000,600064000.0,1cd5838f,rodent.xml,current_root,NVIDIA A100-SXM4-80GB,legacy-batch,train,True,600064000.0,,673.0,502.0,1046.320222500352,628.5417457991714,2.0843032320724144,300.2912332838039,3.0029123328380387,0.3818722139673105,0.20584276779352387,1.9893827838961684,39.33994951958151,0.021470928195258462,7.960375861836974,0.14470255722081476,0.06986391067371135,
efference_old,encdec,1w7nuehe,RodentEncDec_delay50_eff50-20260611-120955,finished,50,50,42,600000000,600064000.0,1cd5838f,rodent.xml,current_root,NVIDIA A100-SXM4-80GB,legacy-batch,old_eval,True,600064000.0,,169.0,502.0,836.9961537016919,622.5671106531285,1.6673230153420158,246.01775147928993,2.4601775147928993,0.2544378698224852,0.3030521682661087,1.905606537224247,40.73430129632901,0.023296217680344785,10.086865936703104,0.1570016172021948,0.0768898117254357,
efference_old,encdec,1w7nuehe,RodentEncDec_delay50_eff50-20260611-120955,finished,50,50,42,600000000,600064000.0,1cd5838f,rodent.xml,current_root,NVIDIA A100-SXM4-80GB,legacy-batch,new_eval,True,600064000.0,,32.0,3002.0,1632.0200214385986,1387.1479387807774,0.5436442443166551,480.59375,4.8059375,0.0,0.20807594772091814,1.9671523269263205,15.121775390627672,0.020446943867201486,9.814971870676374,0.13477419318482073,0.06662133616904838,
efference_old,encdec,2l2lwxl0,RodentEncDec_delay90_eff90-20260611-120905,finished,90,90,42,600000000,600064000.0,1cd5838f,rodent.xml,current_root,NVIDIA A100-SXM4-80GB,legacy-batch,train,True,600064000.0,,673.0,502.0,693.6582969790228,414.73763625226326,1.3817894362131928,210.45616641901933,2.104561664190193,0.10104011887072806,0.4271482734031362,2.0227631339517003,39.7437043103667,0.022785016254281813,9.259367526014714,0.15597380487504092,0.07677409644018028,
efference_old,encdec,2l2lwxl0,RodentEncDec_delay90_eff90-20260611-120905,finished,90,90,42,600000000,600064000.0,1cd5838f,rodent.xml,current_root,NVIDIA A100-SXM4-80GB,legacy-batch,old_eval,True,600064000.0,,169.0,502.0,559.9238978730151,391.01780623342586,1.115386250743058,170.95857988165682,1.709585798816568,0.053254437869822535,0.5537865152983525,1.9288980049778042,40.22708778636718,0.023062216597170854,10.459510139026303,0.16093197613611224,0.07979962366200062,
efference_old,encdec,2l2lwxl0,RodentEncDec_delay90_eff90-20260611-120905,finished,90,90,42,600000000,600064000.0,1cd5838f,rodent.xml,current_root,NVIDIA A100-SXM4-80GB,legacy-batch,new_eval,True,600064000.0,,32.0,3002.0,968.6301591396332,857.8435848421942,0.32266161197189647,342.75,3.4274999999999998,0.0,0.29175784099197666,1.863087794825221,13.78535510858774,0.020373524958583335,12.369373076772716,0.16707257921399066,0.08178046467276957,
efference_old,encdec,5d5tvuuv,RodentEncDec_delay8_eff8-20260611-120725,finished,8,8,42,600000000,600064000.0,1cd5838f,rodent.xml,current_root,NVIDIA H200,legacy-batch,train,True,600064000.0,,673.0,502.0,1972.5930724349455,408.61880608722606,3.92946827178276,463.9063893016345,4.639063893016345,0.9063893016344725,0.020178790489704012,1.3584543316832116,37.766979311855955,0.009412881073540743,3.34075568455796,0.06170974125973308,0.02998467916095107,
efference_old,encdec,5d5tvuuv,RodentEncDec_delay8_eff8-20260611-120725,finished,8,8,42,600000000,600064000.0,1cd5838f,rodent.xml,current_root,NVIDIA H200,legacy-batch,old_eval,True,600064000.0,,169.0,502.0,1890.508926978478,517.0085824988579,3.765954037805733,450.0769230769231,4.50076923076923,0.863905325443787,0.03023809210785797,1.3868069534129297,38.79904614669863,0.011225603773906773,4.215136551127316,0.0733559567663192,0.03619783914835829,
efference_old,encdec,5d5tvuuv,RodentEncDec_delay8_eff8-20260611-120725,finished,8,8,42,600000000,600064000.0,1cd5838f,rodent.xml,current_root,NVIDIA H200,legacy-batch,new_eval,True,600064000.0,,32.0,3002.0,6740.710926055908,4488.440497862928,2.2454067042158257,1625.0625,16.250625,0.28125,0.0442290681127649,1.3765465657138076,14.363625100666738,0.010049210679005938,5.561750616883934,0.07061874506542978,0.035317068300075,
efference_old,encdec,68b8d25g,RodentEncDec_delay1_eff1-20260611-103118,finished,1,1,42,600000000,600064000.0,1cd5838f,rodent.xml,current_root,NVIDIA H200,legacy-batch,train,True,600064000.0,,673.0,502.0,2149.059596159483,182.0075216475862,4.280995211473074,485.48291233283805,4.854829123328381,0.9881129271916791,0.002448504881706599,1.2321268764189222,36.965201067461486,0.0067246987801419505,2.6229168380120234,0.04327978196052062,0.020779960637992523,
efference_old,encdec,68b8d25g,RodentEncDec_delay1_eff1-20260611-103118,finished,1,1,42,600000000,600064000.0,1cd5838f,rodent.xml,current_root,NVIDIA H200,legacy-batch,old_eval,True,600064000.0,,169.0,502.0,2137.5979170037444,100.80108161114096,4.2581631812823595,487.75147928994085,4.877514792899408,0.9881656804733728,0.002426301103966992,1.2664594822746214,37.659855809612345,0.006897141637713142,2.7336055853422008,0.04505474518296454,0.021888792580870443,
efference_old,encdec,68b8d25g,RodentEncDec_delay1_eff1-20260611-103118,finished,1,1,42,600000000,600064000.0,1cd5838f,rodent.xml,current_root,NVIDIA H200,legacy-batch,new_eval,True,600064000.0,,32.0,3002.0,10853.280061721802,3720.804314007864,3.6153497873823457,2536.6875,25.366875,0.71875,0.011087293961120556,1.2785418601049985,12.718110509354876,0.007827530711750762,3.7074438299370334,0.05635993053419661,0.029461588737754597,
efference_old,encdec,734woltb,RodentEncDec_delay0_eff0-20260612-065718,finished,0,0,42,600000000,600064000.0,1cd5838f,rodent.xml,current_root,NVIDIA A100-SXM4-80GB,legacy-batch,train,True,600064000.0,,673.0,502.0,2173.138512122507,133.06078858626483,4.328961179526907,487.0549777117385,4.870549777117385,0.9925705794947994,0.0015253761577604982,1.2033591125584573,36.684306607367766,0.006096915683689576,2.4816114904545885,0.03990416481352692,0.019057610805711448,
efference_old,encdec,734woltb,RodentEncDec_delay0_eff0-20260612-065718,finished,0,0,42,600000000,600064000.0,1cd5838f,rodent.xml,current_root,NVIDIA A100-SXM4-80GB,legacy-batch,old_eval,True,600064000.0,,169.0,502.0,2155.8344907139885,107.28473698263224,4.294491017358543,487.55029585798815,4.875502958579882,0.9881656804733728,0.0024273022962279615,1.2333044364221335,37.41608419117779,0.006197994007755253,2.689794375383798,0.04207513631912295,0.02047800666230404,
efference_old,encdec,734woltb,RodentEncDec_delay0_eff0-20260612-065718,finished,0,0,42,600000000,600064000.0,1cd5838f,rodent.xml,current_root,NVIDIA A100-SXM4-80GB,legacy-batch,new_eval,True,600064000.0,,32.0,3002.0,11294.536016464233,3633.295214824192,3.762337114078692,2616.03125,26.160312500000003,0.78125,0.0083619031691613,1.2768986337248456,12.427550858857124,0.006689318715942154,3.3458117285170044,0.050351130745995495,0.026166561612200438,
efference_old,encdec,8ygr9sf4,RodentEncDec_delay5_eff5-20260611-120639,finished,5,5,42,600000000,600064000.0,1cd5838f,rodent.xml,current_root,NVIDIA H200,legacy-batch,train,True,600064000.0,,673.0,502.0,2041.9579783378704,332.96924848507416,4.067645375175041,472.4591381872214,4.724591381872214,0.9316493313521546,0.014467001085025077,1.3141493201199297,37.55566530199665,0.007649948324633223,3.130991645979422,0.0535099250096,0.025790780762015502,
efference_old,encdec,8ygr9sf4,RodentEncDec_delay5_eff5-20260611-120639,finished,5,5,42,600000000,600064000.0,1cd5838f,rodent.xml,current_root,NVIDIA H200,legacy-batch,old_eval,True,600064000.0,,169.0,502.0,1956.4233395277395,470.3095432717562,3.8972576484616326,456.68639053254435,4.566863905325444,0.8698224852071006,0.028504793988079813,1.3446802127137512,38.461691820333535,0.00901177297367463,3.7335135548789564,0.06056755633725871,0.029574274554244807,
efference_old,encdec,8ygr9sf4,RodentEncDec_delay5_eff5-20260611-120639,finished,5,5,42,600000000,600064000.0,1cd5838f,rodent.xml,current_root,NVIDIA H200,legacy-batch,new_eval,True,600064000.0,,32.0,3002.0,5661.457206726074,3630.3221732214874,1.8858951388161473,1352.8125,13.528125,0.0625,0.06930006930006931,1.3394828168053872,13.891297422555734,0.0077645369928681955,5.070840364614746,0.06694504151225666,0.033422531951303944,
efference_old,encdec,a6929dxz,RodentEncDec_delay7_eff7-20260611-120818,finished,7,7,42,600000000,600064000.0,1cd5838f,rodent.xml,current_root,NVIDIA H200,legacy-batch,train,True,600064000.0,,673.0,502.0,2015.14611477448,359.72191040872434,4.014235288395379,471.06240713224366,4.710624071322437,0.9331352154531947,0.014194464158977994,1.3481072841851265,37.802309168814745,0.008563190790401604,3.255505394733255,0.057934841051992945,0.028282354683908797,
efference_old,encdec,a6929dxz,RodentEncDec_delay7_eff7-20260611-120818,finished,7,7,42,600000000,600064000.0,1cd5838f,rodent.xml,current_root,NVIDIA H200,legacy-batch,old_eval,True,600064000.0,,169.0,502.0,1948.0351107896433,459.1668440524307,3.880548029461441,459.8757396449704,4.598757396449704,0.9053254437869822,0.02058698645118955,1.3783706738401977,38.791962229725705,0.009777670092242051,3.697401116666036,0.0647220614101283,0.032161322547607264,
efference_old,encdec,a6929dxz,RodentEncDec_delay7_eff7-20260611-120818,finished,7,7,42,600000000,600064000.0,1cd5838f,rodent.xml,current_root,NVIDIA H200,legacy-batch,new_eval,True,600064000.0,,32.0,3002.0,7040.552035808563,4255.101623937235,2.345287153833632,1698.0625,16.980625,0.1875,0.04784865103610733,1.368590694622095,15.03404577970872,0.009958496563901267,5.892989011786424,0.07610526104460139,0.03817885421942943,
efference_old,encdec,fgt63dqc,RodentEncDec_delay80_eff80-20260611-120906,finished,80,80,42,600000000,600064000.0,1cd5838f,rodent.xml,current_root,NVIDIA A100-SXM4-80GB,legacy-batch,train,True,600064000.0,,673.0,502.0,756.3369970789281,493.6549025158909,1.5066474045396974,227.06092124814265,2.270609212481426,0.1797919762258544,0.36122817579771227,1.9808853102955466,39.737513991759506,0.023297466214589915,9.05624138447738,0.1527006583140867,0.07341443077623222,
efference_old,encdec,fgt63dqc,RodentEncDec_delay80_eff80-20260611-120906,finished,80,80,42,600000000,600064000.0,1cd5838f,rodent.xml,current_root,NVIDIA A100-SXM4-80GB,legacy-batch,old_eval,True,600064000.0,,169.0,502.0,587.6499961085574,476.5569939972727,1.1706175221286004,178.11834319526628,1.7811834319526627,0.1124260355029586,0.4983057604145904,1.8117990086904119,40.60674529637208,0.023690589291764336,10.681400797470888,0.15896307848639735,0.07661742267850118,
efference_old,encdec,fgt63dqc,RodentEncDec_delay80_eff80-20260611-120906,finished,80,80,42,600000000,600064000.0,1cd5838f,rodent.xml,current_root,NVIDIA A100-SXM4-80GB,legacy-batch,new_eval,True,600064000.0,,32.0,3002.0,1087.766209602356,881.500339184136,0.36234717175295,355.21875,3.5521875,0.0,0.28151667106536465,1.9182858116144716,13.897878928538645,0.022316016980592525,10.988108036993168,0.16300602837593856,0.07926351544745239,
efference_old,encdec,fmypxy1t,RodentEncDec_delay100_eff100-20260611-120955,finished,100,100,42,600000000,600064000.0,1cd5838f,rodent.xml,current_root,NVIDIA A100-SXM4-80GB,legacy-batch,train,True,600064000.0,,673.0,502.0,683.9734352644628,408.833241246619,1.3624968829969377,208.1218424962853,2.0812184249628527,0.1054977711738484,0.4297973812345609,2.0255039059146345,39.50710557801399,0.022967494816231473,9.511018671336037,0.156187697682474,0.07534312628824534,
efference_old,encdec,fmypxy1t,RodentEncDec_delay100_eff100-20260611-120955,finished,100,100,42,600000000,600064000.0,1cd5838f,rodent.xml,current_root,NVIDIA A100-SXM4-80GB,legacy-batch,old_eval,True,600064000.0,,169.0,502.0,560.3396922004293,414.4289703090924,1.116214526295676,172.02958579881656,1.7202958579881658,0.07100591715976334,0.5400199497815843,1.8802068001273182,40.033044743099765,0.023293049561411754,10.391687700286347,0.15635622779658176,0.07570044295762586,
efference_old,encdec,fmypxy1t,RodentEncDec_delay100_eff100-20260611-120955,finished,100,100,42,600000000,600064000.0,1cd5838f,rodent.xml,current_root,NVIDIA A100-SXM4-80GB,legacy-batch,new_eval,True,600064000.0,,32.0,3002.0,751.625152349472,718.8939857228825,0.2503748009158801,260.625,2.60625,0.0,0.38369304556354916,1.7887599941935979,13.771498465270636,0.0212789913548065,12.38466162970203,0.154454911142334,0.07517012574612357,
efference_old,encdec,gunf0ivv,RodentEncDec_delay20_eff20-20260611-120904,finished,20,20,42,600000000,600064000.0,1cd5838f,rodent.xml,current_root,NVIDIA A100-SXM4-80GB,legacy-batch,train,True,600064000.0,,673.0,502.0,1484.6550276757703,696.1762698723073,2.9574801348122914,378.02377414561664,3.7802377414561663,0.6196136701337296,0.1006249754333556,1.569852632610716,39.284793206784514,0.014759242725779016,6.293007810708397,0.10651629843922346,0.05308316166260067,
efference_old,encdec,gunf0ivv,RodentEncDec_delay20_eff20-20260611-120904,finished,20,20,42,600000000,600064000.0,1cd5838f,rodent.xml,current_root,NVIDIA A100-SXM4-80GB,legacy-batch,old_eval,True,600064000.0,,169.0,502.0,1233.0808944702148,726.8334494213449,2.456336443167759,321.9112426035503,3.219112426035503,0.4201183431952663,0.18013712479091226,1.578822097213676,39.54869781867234,0.0169938303340906,8.35713101041042,0.12207917244686305,0.06101299165257869,
efference_old,encdec,gunf0ivv,RodentEncDec_delay20_eff20-20260611-120904,finished,20,20,42,600000000,600064000.0,1cd5838f,rodent.xml,current_root,NVIDIA A100-SXM4-80GB,legacy-batch,new_eval,True,600064000.0,,32.0,3002.0,2818.253903865814,2188.7014133867337,0.9387921065509042,737.78125,7.3778125,0.0,0.13554153077216316,1.5280789590463277,15.20565039897484,0.016070820859462348,8.290085736876524,0.11165165686349428,0.05681301736548894,
efference_old,encdec,jir5btpe,RodentEncDec_delay3_eff3-20260611-120639,finished,3,3,42,600000000,600064000.0,1cd5838f,rodent.xml,current_root,NVIDIA H200,legacy-batch,train,True,600064000.0,,673.0,502.0,2123.277517933725,202.39832605923232,4.2296364899078185,484.04011887072807,4.840401188707281,0.9806835066864784,0.0039906802267934355,1.2599663170055573,37.07528031929683,0.006966565805458675,2.8643350512008245,0.04630227022341906,0.022362386896263416,
efference_old,encdec,jir5btpe,RodentEncDec_delay3_eff3-20260611-120639,finished,3,3,42,600000000,600064000.0,1cd5838f,rodent.xml,current_root,NVIDIA H200,legacy-batch,old_eval,True,600064000.0,,169.0,502.0,2101.5361784082897,229.9250778426877,4.186327048622091,482.7573964497041,4.8275739644970415,0.9763313609467456,0.004902801951315179,1.2898102246300063,37.92328585193988,0.007351134613546417,3.095704574760104,0.04934300495440978,0.024183431672764474,
efference_old,encdec,jir5btpe,RodentEncDec_delay3_eff3-20260611-120639,finished,3,3,42,600000000,600064000.0,1cd5838f,rodent.xml,current_root,NVIDIA H200,legacy-batch,new_eval,True,600064000.0,,32.0,3002.0,10250.630613327026,3974.849987949249,3.414600470795145,2411.0625,24.110625,0.65625,0.014257199885942401,1.274155593801547,13.324719674518704,0.007270163224241305,3.798895968162763,0.054442062908149666,0.028072964448136707,
efference_old,encdec,k0i287kl,RodentEncDec_delay10_eff10-20260611-120848,finished,10,10,42,600000000,600064000.0,1cd5838f,rodent.xml,current_root,NVIDIA H200,legacy-batch,train,True,600064000.0,,673.0,502.0,1847.4900305806084,531.4953201919487,3.680259025060973,440.90490341753343,4.409049034175334,0.8157503714710252,0.041788972429388435,1.3837811146583654,38.13818332201387,0.01108833819243685,3.9618698130253396,0.07205996855672354,0.03574401394361253,
efference_old,encdec,k0i287kl,RodentEncDec_delay10_eff10-20260611-120848,finished,10,10,42,600000000,600064000.0,1cd5838f,rodent.xml,current_root,NVIDIA H200,legacy-batch,old_eval,True,600064000.0,,169.0,502.0,1745.9461032935149,614.8439994292996,3.477980285445249,419.85798816568047,4.198579881656804,0.7455621301775148,0.06060093579119454,1.3966293196635913,39.25557300872462,0.012080430912851133,4.693332019680015,0.07861736818819857,0.03919696934727629,
efference_old,encdec,k0i287kl,RodentEncDec_delay10_eff10-20260611-120848,finished,10,10,42,600000000,600064000.0,1cd5838f,rodent.xml,current_root,NVIDIA H200,legacy-batch,new_eval,True,600064000.0,,32.0,3002.0,5601.373092651367,4141.7308994750765,1.865880443921175,1371.5,13.715,0.15625,0.061520233321181186,1.3920082478914444,14.576731466040503,0.01207546026375918,6.178008291484998,0.0872797953948323,0.04499475701446325,
efference_old,encdec,mgk9ejcb,RodentEncDec_delay6_eff6-20260611-120818,finished,6,6,42,600000000,600064000.0,1cd5838f,rodent.xml,current_root,NVIDIA H200,legacy-batch,train,True,600064000.0,,673.0,502.0,2030.7622506083565,337.6708220352717,4.045343128701905,472.22288261515604,4.72222882615156,0.9346210995542348,0.013844924261971139,1.3126579304894679,37.6957033567885,0.008572417647569715,3.1546399009749297,0.05606984299999709,0.027207663573402964,
efference_old,encdec,mgk9ejcb,RodentEncDec_delay6_eff6-20260611-120818,finished,6,6,42,600000000,600064000.0,1cd5838f,rodent.xml,current_root,NVIDIA H200,legacy-batch,old_eval,True,600064000.0,,169.0,502.0,2011.1505456506852,338.95442686437633,4.006275987351962,472.2544378698225,4.722544378698225,0.9171597633136095,0.017541441655912086,1.344379358775408,38.47293956790926,0.00925418949878116,3.443997599983993,0.05972556931622445,0.029477849503973655,
efference_old,encdec,mgk9ejcb,RodentEncDec_delay6_eff6-20260611-120818,finished,6,6,42,600000000,600064000.0,1cd5838f,rodent.xml,current_root,NVIDIA H200,legacy-batch,new_eval,True,600064000.0,,32.0,3002.0,5981.764128684998,4268.585394992731,1.9925929809077274,1447.96875,14.4796875,0.125,0.06042948095392252,1.370473337945103,15.473958465476882,0.008739382483767483,4.950964956631837,0.06553820949670008,0.03157853621962156,
efference_old,encdec,n9982rin,RodentEncDec_delay2_eff2-20260611-103514,finished,2,2,42,600000000,600064000.0,1cd5838f,rodent.xml,current_root,NVIDIA H200,legacy-batch,train,True,600064000.0,,673.0,502.0,2120.9274916740974,246.600184145133,4.224955162697405,481.98216939078753,4.819821693907875,0.9777117384843982,0.004624291712652685,1.2461405629135456,37.07529587251573,0.0070444875062572795,2.8152188171198897,0.04618793628415873,0.022303497149143984,
efference_old,encdec,n9982rin,RodentEncDec_delay2_eff2-20260611-103514,finished,2,2,42,600000000,600064000.0,1cd5838f,rodent.xml,current_root,NVIDIA H200,legacy-batch,old_eval,True,600064000.0,,169.0,502.0,2100.490972033619,265.61641040812293,4.1842449642103965,481.1834319526627,4.8118343195266275,0.9763313609467456,0.0049188391539596674,1.2775540761453803,37.96232260119203,0.007541376398174667,2.9979507800528555,0.049660095146916196,0.024285538830883475,
efference_old,encdec,n9982rin,RodentEncDec_delay2_eff2-20260611-103514,finished,2,2,42,600000000,600064000.0,1cd5838f,rodent.xml,current_root,NVIDIA H200,legacy-batch,new_eval,True,600064000.0,,32.0,3002.0,11118.731414794922,3309.8437474133643,3.703774621850407,2638.59375,26.385937500000004,0.71875,0.010659086871558001,1.3335947819032379,13.135670878831382,0.008312525543870642,4.194184459014191,0.05708841900902195,0.02972203363662904,
efference_old,encdec,nvyg0bhj,RodentEncDec_delay4_eff4-20260611-120639,finished,4,4,42,600000000,600064000.0,1cd5838f,rodent.xml,current_root,NVIDIA H200,legacy-batch,train,True,600064000.0,,673.0,502.0,2094.4540522038315,227.64419557533944,4.172219227497672,482.03120356612186,4.820312035661218,0.9643387815750372,0.007398114097414664,1.3013654982886507,37.11733004263269,0.007355653417409589,2.884545481661432,0.05018304774777793,0.024150747519375924,
efference_old,encdec,nvyg0bhj,RodentEncDec_delay4_eff4-20260611-120639,finished,4,4,42,600000000,600064000.0,1cd5838f,rodent.xml,current_root,NVIDIA H200,legacy-batch,old_eval,True,600064000.0,,169.0,502.0,2013.9274995341104,397.2433305705696,4.011807767996236,468.2544378698225,4.682544378698224,0.9289940828402367,0.015163960320970503,1.330529042736595,38.12430449862273,0.008637453748911585,3.4976841554628217,0.057896253121089626,0.028226229823039854,
efference_old,encdec,nvyg0bhj,RodentEncDec_delay4_eff4-20260611-120639,finished,4,4,42,600000000,600064000.0,1cd5838f,rodent.xml,current_root,NVIDIA H200,legacy-batch,new_eval,True,600064000.0,,32.0,3002.0,6765.910167694092,3925.6888681498112,2.253800855327812,1644.6875,16.446875,0.25,0.045601368041041236,1.3334503638088195,13.366911814164999,0.009059404557393989,4.628940738707485,0.06708720962056997,0.0345816833903348,
efference_old,encdec,oe9lq9ej,RodentEncDec_delay70_eff70-20260611-120906,finished,70,70,42,600000000,600064000.0,1cd5838f,rodent.xml,current_root,NVIDIA A100-SXM4-80GB,legacy-batch,train,True,600064000.0,,673.0,502.0,755.0628951300838,462.2424691885637,1.5041093528487726,221.76820208023773,2.2176820208023775,0.13075780089153044,0.39195979899497485,1.9007366439461373,39.32258517783632,0.021995425806915696,8.71924900210376,0.14735835563559022,0.07283700658607555,
efference_old,encdec,oe9lq9ej,RodentEncDec_delay70_eff70-20260611-120906,finished,70,70,42,600000000,600064000.0,1cd5838f,rodent.xml,current_root,NVIDIA A100-SXM4-80GB,legacy-batch,old_eval,True,600064000.0,,169.0,502.0,608.0771414401263,429.1589526576403,1.2113090466934786,181.0473372781065,1.8104733727810653,0.08284023668639051,0.5065856129685916,1.8028724410563726,39.544093367804976,0.023063339875384926,10.13797072021627,0.1527100987494472,0.07514351369858012,
efference_old,encdec,oe9lq9ej,RodentEncDec_delay70_eff70-20260611-120906,finished,70,70,42,600000000,600064000.0,1cd5838f,rodent.xml,current_root,NVIDIA A100-SXM4-80GB,legacy-batch,new_eval,True,600064000.0,,32.0,3002.0,1254.7218432426453,1154.9076043936118,0.4179619730988159,413.5,4.135,0.0,0.2418379685610641,2.0119056723270714,14.014092140957617,0.022638200735084983,9.97302798611632,0.15920800570722732,0.0802245682662269,
efference_old,encdec,rv3u3x7n,RodentEncDec_delay40_eff40-20260611-120905,finished,40,40,42,600000000,600064000.0,1cd5838f,rodent.xml,current_root,NVIDIA A100-SXM4-80GB,legacy-batch,train,True,600064000.0,,673.0,502.0,1213.6445652365153,668.8972570536187,2.417618655849632,334.5007429420505,3.345007429420505,0.46656760772659733,0.15947121300290068,1.8564971577813854,39.9545045343951,0.0190592707872791,7.279831776048436,0.13099388406621854,0.06343769909803255,
efference_old,encdec,rv3u3x7n,RodentEncDec_delay40_eff40-20260611-120905,finished,40,40,42,600000000,600064000.0,1cd5838f,rodent.xml,current_root,NVIDIA A100-SXM4-80GB,legacy-batch,old_eval,True,600064000.0,,169.0,502.0,1032.8072396001871,703.2550029995942,2.057384939442604,290.4556213017751,2.9045562130177514,0.3727810650887574,0.21594312139670382,1.845789791566615,40.177548347434566,0.020925644985977352,8.892406427945527,0.14285562225800352,0.06952211239076743,
efference_old,encdec,rv3u3x7n,RodentEncDec_delay40_eff40-20260611-120905,finished,40,40,42,600000000,600064000.0,1cd5838f,rodent.xml,current_root,NVIDIA A100-SXM4-80GB,legacy-batch,new_eval,True,600064000.0,,32.0,3002.0,1777.0869421958923,1631.028376251222,0.5919676689526623,495.28125,4.9528125,0.0,0.2019054829957726,1.7203861653042578,16.038963359078853,0.017908372746561832,9.494480888370415,0.11594338021773459,0.05754397901428275,
efference_old,encdec,u9j3se06,RodentEncDec_delay9_eff9-20260611-120839,finished,9,9,42,600000000,600064000.0,1cd5838f,rodent.xml,current_root,NVIDIA H200,legacy-batch,train,True,600064000.0,,673.0,502.0,1925.9428056147265,463.5255330187351,3.83653945341579,456.10104011887074,4.561010401188708,0.8826151560178306,0.02573658765425664,1.3714956171708206,37.92571261057134,0.009892549656983794,3.6465449177422653,0.06626650835303743,0.03288966397791868,
efference_old,encdec,u9j3se06,RodentEncDec_delay9_eff9-20260611-120839,finished,9,9,42,600000000,600064000.0,1cd5838f,rodent.xml,current_root,NVIDIA H200,legacy-batch,old_eval,True,600064000.0,,169.0,502.0,1828.3813236394578,542.6373384324102,3.642193871791749,437.2248520710059,4.372248520710059,0.7928994082840237,0.04736706770783992,1.3898361510474864,38.49932363084727,0.01061794697274858,4.228477253133782,0.07171307323333195,0.03568165725883556,
efference_old,encdec,u9j3se06,RodentEncDec_delay9_eff9-20260611-120839,finished,9,9,42,600000000,600064000.0,1cd5838f,rodent.xml,current_root,NVIDIA H200,legacy-batch,new_eval,True,600064000.0,,32.0,3002.0,7133.2718296051025,3824.529342302142,2.3761731610943047,1749.46875,17.494687499999998,0.15625,0.04822892663844382,1.4359214245096945,14.618034238696012,0.009819020734060553,4.708461846988083,0.0688120979457246,0.034830874950084245,
efference_old,encdec,ukzi7fjb,RodentEncDec_delay0_eff0-20260611-103104,finished,0,0,42,600000000,600064000.0,1cd5838f,rodent.xml,current_root,NVIDIA H200,legacy-batch,train,True,600064000.0,,673.0,502.0,2176.6332701729807,112.02000629168683,4.335922848950161,487.7251114413076,4.877251114413076,0.9925705794947994,0.0015232802927135356,1.1887538638130464,36.81246785776038,0.006608774895848912,2.551256814677465,0.04041424763762614,0.01905170926649016,
efference_old,encdec,ukzi7fjb,RodentEncDec_delay0_eff0-20260611-103104,finished,0,0,42,600000000,600064000.0,1cd5838f,rodent.xml,current_root,NVIDIA H200,legacy-batch,old_eval,True,600064000.0,,169.0,502.0,2145.9237071381517,189.6462513595337,4.2747484205939275,484.8224852071006,4.848224852071006,0.9881656804733728,0.002440959297003712,1.2224831129665863,37.658972369029684,0.006986610159644632,2.7166290639977135,0.04294176149108125,0.02057056908444638,
efference_old,encdec,ukzi7fjb,RodentEncDec_delay0_eff0-20260611-103104,finished,0,0,42,600000000,600064000.0,1cd5838f,rodent.xml,current_root,NVIDIA H200,legacy-batch,new_eval,True,600064000.0,,32.0,3002.0,11707.124565124512,3173.3154889253606,3.899775005038145,2739.40625,27.3940625,0.875,0.004563032591460284,1.3100375651590297,12.649405383866423,0.00939565188823796,4.33994153233477,0.05778645586086128,0.03075222992964439,
efference_old,encdec,w2498exh,RodentEncDec_delay30_eff30-20260611-120904,finished,30,30,42,600000000,600064000.0,1cd5838f,rodent.xml,current_root,NVIDIA A100-SXM4-80GB,legacy-batch,train,True,600064000.0,,673.0,502.0,1329.7733098861897,669.9287514274905,2.6489508165063542,356.631500742942,3.5663150074294205,0.5289747399702823,0.13207617920695963,1.748788328485133,39.54207934657802,0.017500017193145895,6.656822118959637,0.12359111443412131,0.060205196063441886,
efference_old,encdec,w2498exh,RodentEncDec_delay30_eff30-20260611-120904,finished,30,30,42,600000000,600064000.0,1cd5838f,rodent.xml,current_root,NVIDIA A100-SXM4-80GB,legacy-batch,old_eval,True,600064000.0,,169.0,502.0,1111.1460787981925,708.3938892685982,2.2134384039804633,301.7810650887574,3.017810650887574,0.37869822485207105,0.20587831611144877,1.7262495421697832,40.7717281128802,0.019187436875042613,8.11664208292873,0.13260623646633818,0.06472053881710159,
efference_old,encdec,w2498exh,RodentEncDec_delay30_eff30-20260611-120904,finished,30,30,42,600000000,600064000.0,1cd5838f,rodent.xml,current_root,NVIDIA A100-SXM4-80GB,legacy-batch,new_eval,True,600064000.0,,32.0,3002.0,2151.109886407852,2130.805586208288,0.716558922854048,583.75,5.8375,0.0,0.17130620985010706,1.6746732507934199,14.770551203301856,0.0179893983802393,8.718305597056641,0.12195349489304234,0.06046470732907557,
efference_old,encdec,xj1agjno,RodentEncDec_delay15_eff15-20260611-120902,finished,15,15,42,600000000,600064000.0,1cd5838f,rodent.xml,current_root,NVIDIA A100-SXM4-80GB,legacy-batch,train,True,600064000.0,,673.0,502.0,1604.6992093407912,663.4877796628641,3.1966119707983887,395.4710252600297,3.954710252600297,0.662704309063893,0.08528960894526437,1.4733036963660475,38.92209027494797,0.013319564998196101,5.186476726790563,0.09267466021699138,0.04611286430274987,
efference_old,encdec,xj1agjno,RodentEncDec_delay15_eff15-20260611-120902,finished,15,15,42,600000000,600064000.0,1cd5838f,rodent.xml,current_root,NVIDIA A100-SXM4-80GB,legacy-batch,old_eval,True,600064000.0,,169.0,502.0,1401.9158582518087,743.239406030296,2.7926610722147585,348.93491124260356,3.489349112426036,0.5207100591715976,0.13735797863320331,1.4942700783405172,39.90291840408451,0.014513514151258424,6.013033315929423,0.09862358950238448,0.048729335744997784,
efference_old,encdec,xj1agjno,RodentEncDec_delay15_eff15-20260611-120902,finished,15,15,42,600000000,600064000.0,1cd5838f,rodent.xml,current_root,NVIDIA A100-SXM4-80GB,legacy-batch,new_eval,True,600064000.0,,32.0,3002.0,3029.874541282654,2388.057580713879,1.0092853235451877,752.96875,7.5296875,0.0,0.13280763643909527,1.3548882172316048,15.246356847394146,0.012943590640643644,7.16113588812328,0.09354182439322117,0.047349358640266515,
efference_old,encdec,y7dh46ee,RodentEncDec_delay60_eff60-20260611-120954,finished,60,60,42,600000000,600064000.0,1cd5838f,rodent.xml,current_root,NVIDIA A100-SXM4-80GB,legacy-batch,train,True,600064000.0,,673.0,502.0,923.027180471888,571.5872280973693,1.8386995626930038,270.56166419019314,2.7056166419019316,0.2852897473997028,0.26415798954351744,1.9550832264717666,39.61712289832904,0.023302530825391087,8.488568223199119,0.1465378011568797,0.07105960873238241,
efference_old,encdec,y7dh46ee,RodentEncDec_delay60_eff60-20260611-120954,finished,60,60,42,600000000,600064000.0,1cd5838f,rodent.xml,current_root,NVIDIA A100-SXM4-80GB,legacy-batch,old_eval,True,600064000.0,,169.0,502.0,805.6928151147605,598.0865130436468,1.6049657671608775,235.49704142011834,2.3549704142011834,0.242603550295858,0.3216161210080655,1.8446534020578922,40.258075482121804,0.022951329463749486,9.562718704656163,0.14729471770346578,0.07123813530073735,
efference_old,encdec,y7dh46ee,RodentEncDec_delay60_eff60-20260611-120954,finished,60,60,42,600000000,600064000.0,1cd5838f,rodent.xml,current_root,NVIDIA A100-SXM4-80GB,legacy-batch,new_eval,True,600064000.0,,32.0,3002.0,924.0011584758759,876.566718848766,0.3077951893657148,264.1875,2.6418749999999998,0.0,0.37851904423941335,1.5938636435789557,15.819900356560943,0.017196847527065084,10.782057418899136,0.1277434768546542,0.06159570385386504,
encdec,encdec,17p127fn,RodentEncDec_delay1_eff1-20260811-075237,failed,1,1,42,600000000,600064000.0,ef060b73,rodent_no_tail_collisions.xml,reference_root,NVIDIA H200,eval3ds-347333e3,train,True,600064000.0,rodent_no_tail_collisions.xml,673.0,502.0,2154.894679031259,148.61575456371955,4.2926188825323885,486.5780089153046,4.865780089153046,0.9881129271916791,0.0024429942559097474,1.216409141140344,36.84711901086475,0.006974818488910078,2.609333533712358,0.04334259091751295,0.020747430785145647,
encdec,encdec,17p127fn,RodentEncDec_delay1_eff1-20260811-075237,failed,1,1,42,600000000,600064000.0,ef060b73,rodent_no_tail_collisions.xml,reference_root,NVIDIA H200,eval3ds-347333e3,old_eval,True,600064000.0,rodent_no_tail_collisions.xml,169.0,502.0,2142.5112185506428,121.42285694971612,4.267950634563033,487.06508875739644,4.870650887573964,0.9881656804733728,0.0024297203391889493,1.2427721994037537,37.60484934160887,0.007013213387135557,2.7226283815394736,0.04473119914153456,0.021646009794611048,
encdec,encdec,17p127fn,RodentEncDec_delay1_eff1-20260811-075237,failed,1,1,42,600000000,600064000.0,ef060b73,rodent_no_tail_collisions.xml,reference_root,NVIDIA H200,eval3ds-347333e3,new_eval,True,600064000.0,rodent_no_tail_collisions.xml,32.0,3002.0,10257.530433654785,3814.9449462131774,3.4168988786325065,2423.9375,24.239375000000003,0.65625,0.01418147126318232,1.3046742265534799,12.837554396989262,0.008816518038911359,4.109284274817785,0.06004505031130718,0.030594642245948073,
encdec,encdec,2fiwhyiz,RodentEncDec_delay30_eff30-20260811-084029,failed,30,30,42,600000000,600064000.0,ef060b73,rodent_no_tail_collisions.xml,reference_root,NVIDIA H200,eval3ds-347333e3,train,True,600064000.0,rodent_no_tail_collisions.xml,673.0,502.0,1164.0773807202547,614.3074543762875,2.318879244462659,345.6597325408618,3.456597325408618,0.5111441307578009,0.14142690722136966,1.9479348055637933,39.106226337643186,0.02464756475324723,10.342661027492086,0.16297331722732114,0.07969046525123691,
encdec,encdec,2fiwhyiz,RodentEncDec_delay30_eff30-20260811-084029,failed,30,30,42,600000000,600064000.0,ef060b73,rodent_no_tail_collisions.xml,reference_root,NVIDIA H200,eval3ds-347333e3,old_eval,True,600064000.0,rodent_no_tail_collisions.xml,169.0,502.0,1061.2296161990193,612.5121298585776,2.114003219519959,322.06508875739644,3.220650887573964,0.40828402366863903,0.18372558746256595,1.9266854919457086,39.61724244588387,0.027164762622906635,11.869671344798167,0.1761555826492468,0.0862585686773109,
encdec,encdec,2fiwhyiz,RodentEncDec_delay30_eff30-20260811-084029,failed,30,30,42,600000000,600064000.0,ef060b73,rodent_no_tail_collisions.xml,reference_root,NVIDIA H200,eval3ds-347333e3,new_eval,True,600064000.0,rodent_no_tail_collisions.xml,32.0,3002.0,2724.847732067108,2363.828175974204,0.9076774590496696,858.71875,8.5871875,0.0,0.11645256377597438,1.954907261602913,14.332841659864211,0.02571129150098753,11.592581878149527,0.17198532003684508,0.08650291633369991,
encdec,encdec,48llced7,RodentEncDec_delay100_eff100-20260811-094548,failed,100,100,42,600000000,600064000.0,ef060b73,rodent_no_tail_collisions.xml,reference_root,NVIDIA H200,eval3ds-347333e3,train,True,600064000.0,rodent_no_tail_collisions.xml,673.0,502.0,750.1391671394699,393.1240457559422,1.4943011297599003,267.3521545319465,2.673521545319465,0.21693907875185736,0.2928949357520786,2.5014126186226853,39.22448767777931,0.027582296539561724,14.236102541701703,0.19033705954114097,0.09386871500967829,
encdec,encdec,48llced7,RodentEncDec_delay100_eff100-20260811-094548,failed,100,100,42,600000000,600064000.0,ef060b73,rodent_no_tail_collisions.xml,reference_root,NVIDIA H200,eval3ds-347333e3,old_eval,True,600064000.0,rodent_no_tail_collisions.xml,169.0,502.0,675.9859991130039,367.5512964421935,1.3465856556035936,250.46745562130178,2.504674556213018,0.14201183431952658,0.3425547496987881,2.5371079350446943,39.50581337146857,0.030148142927269077,15.751690883723187,0.20422753894495974,0.10069678250115967,
encdec,encdec,48llced7,RodentEncDec_delay100_eff100-20260811-094548,failed,100,100,42,600000000,600064000.0,ef060b73,rodent_no_tail_collisions.xml,reference_root,NVIDIA H200,eval3ds-347333e3,new_eval,True,600064000.0,rodent_no_tail_collisions.xml,32.0,3002.0,1138.0450835227966,797.1774075168607,0.379095630753763,422.125,4.22125,0.0,0.23689665383476458,2.508566177605574,14.443672875767593,0.026438674542428445,18.130115538962748,0.1997178643753028,0.10207163956653101,
encdec,encdec,7qbsx2pa,RodentEncDec_delay20_eff20-20260811-083832,failed,20,20,42,600000000,600064000.0,ef060b73,rodent_no_tail_collisions.xml,reference_root,NVIDIA H200,eval3ds-347333e3,train,True,600064000.0,rodent_no_tail_collisions.xml,673.0,502.0,1474.0235125696145,635.3561662747552,2.936301817867758,396.1887072808321,3.9618870728083215,0.6686478454680536,0.08363493164813318,1.6158899940891214,38.89462818874046,0.01920331295654929,8.006267610603972,0.12749506647488937,0.06315510012172797,
encdec,encdec,7qbsx2pa,RodentEncDec_delay20_eff20-20260811-083832,failed,20,20,42,600000000,600064000.0,ef060b73,rodent_no_tail_collisions.xml,reference_root,NVIDIA H200,eval3ds-347333e3,old_eval,True,600064000.0,rodent_no_tail_collisions.xml,169.0,502.0,1285.7952799599552,687.70328442455,2.561345179203098,352.7278106508876,3.527278106508875,0.5325443786982249,0.13252587609669358,1.628335619555,39.28051351471147,0.022188008921324397,9.964472142008669,0.14566576850486998,0.07151014646908352,
encdec,encdec,7qbsx2pa,RodentEncDec_delay20_eff20-20260811-083832,failed,20,20,42,600000000,600064000.0,ef060b73,rodent_no_tail_collisions.xml,reference_root,NVIDIA H200,eval3ds-347333e3,new_eval,True,600064000.0,rodent_no_tail_collisions.xml,32.0,3002.0,4080.4580454826355,3806.9012906334806,1.3592465174825568,1073.59375,10.7359375,0.0625,0.08732353369233008,1.5287017335615278,14.311828756028138,0.017367763269649245,8.570763136151681,0.11619279884312472,0.05957026533638297,
encdec,encdec,7ur99xil,RodentEncDec_delay5_eff5-20260811-081204,failed,5,5,42,600000000,600064000.0,ef060b73,rodent_no_tail_collisions.xml,reference_root,NVIDIA H200,eval3ds-347333e3,train,True,600064000.0,rodent_no_tail_collisions.xml,673.0,502.0,2048.6167245896045,292.1533356092502,4.080909809939451,477.851411589896,4.778514115898959,0.9539375928677563,0.009639483323693864,1.3114407675524085,37.36614545673506,0.008627309353526064,3.2682946089551907,0.05554272720303811,0.02737789298198189,
encdec,encdec,7ur99xil,RodentEncDec_delay5_eff5-20260811-081204,failed,5,5,42,600000000,600064000.0,ef060b73,rodent_no_tail_collisions.xml,reference_root,NVIDIA H200,eval3ds-347333e3,old_eval,True,600064000.0,rodent_no_tail_collisions.xml,169.0,502.0,1936.6089231050933,481.4973007520966,3.8577866994125363,456.2130177514793,4.562130177514793,0.8816568047337279,0.025940337224383905,1.3449592133696058,38.42058895361078,0.010261219688103678,4.122300886549323,0.06486401595768457,0.032077298039543345,
encdec,encdec,7ur99xil,RodentEncDec_delay5_eff5-20260811-081204,failed,5,5,42,600000000,600064000.0,ef060b73,rodent_no_tail_collisions.xml,reference_root,NVIDIA H200,eval3ds-347333e3,new_eval,True,600064000.0,rodent_no_tail_collisions.xml,32.0,3002.0,7173.543620586395,4415.572732968896,2.389588148096734,1777.8125,17.778125000000003,0.3125,0.03867111970469326,1.4062461361646053,14.19800561145329,0.012745664416229947,7.526316986510221,0.08371374711584248,0.0427941395508848,
encdec,encdec,8j703ofi,RodentEncDec_delay25_eff25-20260811-083832,failed,25,25,42,600000000,600064000.0,ef060b73,rodent_no_tail_collisions.xml,reference_root,NVIDIA A100-SXM4-80GB,eval3ds-347333e3,train,True,600064000.0,rodent_no_tail_collisions.xml,673.0,502.0,1238.1404429261434,635.3190525995844,2.4664152249524767,355.81575037147104,3.55815750371471,0.5438335809806836,0.12820298667023017,1.779035841847075,39.24385323955641,0.023759012568178976,10.139589820581014,0.15553679380081845,0.07601610806362018,
encdec,encdec,8j703ofi,RodentEncDec_delay25_eff25-20260811-083832,failed,25,25,42,600000000,600064000.0,ef060b73,rodent_no_tail_collisions.xml,reference_root,NVIDIA A100-SXM4-80GB,eval3ds-347333e3,old_eval,True,600064000.0,rodent_no_tail_collisions.xml,169.0,502.0,1114.9827993268798,656.1943735449229,2.2210812735595216,327.35502958579883,3.273550295857988,0.44378698224852076,0.16991124848616307,1.7573139227102905,39.88569116971027,0.026341917641724808,12.064527509981541,0.1715231657901163,0.0834673152766449,
encdec,encdec,8j703ofi,RodentEncDec_delay25_eff25-20260811-083832,failed,25,25,42,600000000,600064000.0,ef060b73,rodent_no_tail_collisions.xml,reference_root,NVIDIA A100-SXM4-80GB,eval3ds-347333e3,new_eval,True,600064000.0,rodent_no_tail_collisions.xml,32.0,3002.0,3054.0782458782196,2630.232661617853,1.017347850059367,906.15625,9.061562499999999,0.03125,0.1069076111321861,1.6807184372930266,14.163055925890403,0.019624502699173055,11.486459030972343,0.13916386411556916,0.0693731953628751,
encdec,encdec,904oncgf,RodentEncDec_delay7_eff7-20260811-081755,failed,7,7,42,600000000,600064000.0,ef060b73,rodent_no_tail_collisions.xml,reference_root,NVIDIA H200,eval3ds-347333e3,train,True,600064000.0,rodent_no_tail_collisions.xml,673.0,502.0,2004.452300265852,339.07501095095995,3.992932869055482,472.3789004457652,4.723789004457652,0.9286775631500743,0.015098565321740984,1.33845325140896,37.53385867594072,0.009548808441647426,3.469107703936707,0.06051545552353138,0.029800396796743237,
encdec,encdec,904oncgf,RodentEncDec_delay7_eff7-20260811-081755,failed,7,7,42,600000000,600064000.0,ef060b73,rodent_no_tail_collisions.xml,reference_root,NVIDIA H200,eval3ds-347333e3,old_eval,True,600064000.0,rodent_no_tail_collisions.xml,169.0,502.0,1958.6848381539069,430.2020708432192,3.9017626258045954,462.84615384615387,4.628461538461539,0.9053254437869822,0.02045486506181205,1.3531486012622218,38.22539834252396,0.010203484245725286,3.6496110750969035,0.06383258994690523,0.031673289742138316,
encdec,encdec,904oncgf,RodentEncDec_delay7_eff7-20260811-081755,failed,7,7,42,600000000,600064000.0,ef060b73,rodent_no_tail_collisions.xml,reference_root,NVIDIA H200,eval3ds-347333e3,new_eval,True,600064000.0,rodent_no_tail_collisions.xml,32.0,3002.0,6299.456064224243,3859.229577779397,2.098419741580361,1537.96875,15.3796875,0.1875,0.0528294219242101,1.3886598184455832,14.077308742827153,0.011759373620823507,6.760515803010315,0.0767052844405747,0.03882125844314129,
encdec,encdec,9htwlukh,RodentEncDec_delay0_eff0-20260811-075304,failed,0,0,42,600000000,600064000.0,ef060b73,rodent_no_tail_collisions.xml,reference_root,NVIDIA H200,eval3ds-347333e3,train,True,600064000.0,rodent_no_tail_collisions.xml,673.0,502.0,2177.5424006831945,125.65302102535247,4.337733865902778,487.5007429420505,4.8750074294205055,0.9955423476968797,0.0009143888225110303,1.1885754560935835,36.65304337951835,0.006667010651762332,2.4847115526814765,0.040146751346886826,0.019015548802638355,
encdec,encdec,9htwlukh,RodentEncDec_delay0_eff0-20260811-075304,failed,0,0,42,600000000,600064000.0,ef060b73,rodent_no_tail_collisions.xml,reference_root,NVIDIA H200,eval3ds-347333e3,old_eval,True,600064000.0,rodent_no_tail_collisions.xml,169.0,502.0,2152.7798193756644,161.9958859290926,4.288406014692558,486.4556213017751,4.864556213017751,0.9940828402366864,0.0012163822359538324,1.2204682887544975,37.50584727296663,0.00697514831403897,2.6415737993982757,0.04305634903470024,0.020812352931023317,
encdec,encdec,9htwlukh,RodentEncDec_delay0_eff0-20260811-075304,failed,0,0,42,600000000,600064000.0,ef060b73,rodent_no_tail_collisions.xml,reference_root,NVIDIA H200,eval3ds-347333e3,new_eval,True,600064000.0,rodent_no_tail_collisions.xml,32.0,3002.0,10732.306936264038,3767.2822893414063,3.5750522772365216,2499.25,24.9925,0.6875,0.012503751125337602,1.276238542705876,12.42205474627306,0.008533561307757388,3.638761147604185,0.054528900421437626,0.028241907367192703,
encdec,encdec,ax6foqgd,RodentEncDec_delay4_eff4-20260811-081204,failed,4,4,42,600000000,600064000.0,ef060b73,rodent_no_tail_collisions.xml,reference_root,NVIDIA H200,eval3ds-347333e3,train,True,600064000.0,rodent_no_tail_collisions.xml,673.0,502.0,2102.6497225598455,191.3240121827219,4.188545264063437,484.7265973254086,4.847265973254086,0.9777117384843982,0.004598109870302654,1.2931718869713058,37.12836451862824,0.007530264531974132,2.9631636061758093,0.05054946649874464,0.024296949168622604,
encdec,encdec,ax6foqgd,RodentEncDec_delay4_eff4-20260811-081204,failed,4,4,42,600000000,600064000.0,ef060b73,rodent_no_tail_collisions.xml,reference_root,NVIDIA H200,eval3ds-347333e3,old_eval,True,600064000.0,rodent_no_tail_collisions.xml,169.0,502.0,2060.7335419965216,269.5819197215741,4.105046896407414,479.8816568047337,4.798816568047338,0.9526627218934911,0.00986436498150432,1.3247905831330216,37.90399837033826,0.008266241907508427,3.3980025131145166,0.05558219406100864,0.027105986479581647,
encdec,encdec,ax6foqgd,RodentEncDec_delay4_eff4-20260811-081204,failed,4,4,42,600000000,600064000.0,ef060b73,rodent_no_tail_collisions.xml,reference_root,NVIDIA H200,eval3ds-347333e3,new_eval,True,600064000.0,rodent_no_tail_collisions.xml,32.0,3002.0,8650.314129829407,4083.7993750310147,2.881517031921854,2101.53125,21.0153125,0.3125,0.03271424110395694,1.3744618958603114,13.806311266079597,0.009402857946690444,5.317569444678958,0.07328537739362284,0.037287282835598866,
encdec,encdec,c1v5gmie,RodentEncDec_delay6_eff6-20260811-081205,failed,6,6,42,600000000,600064000.0,ef060b73,rodent_no_tail_collisions.xml,reference_root,NVIDIA H200,eval3ds-347333e3,train,True,600064000.0,rodent_no_tail_collisions.xml,673.0,502.0,2015.0607027617818,352.73137201584257,4.014065144943789,471.16493313521545,4.711649331352154,0.9257057949479941,0.015768194920118318,1.3238164776886425,37.50017795120527,0.009273746482266743,3.4210886060530385,0.05958412199153073,0.029098864607586584,
encdec,encdec,c1v5gmie,RodentEncDec_delay6_eff6-20260811-081205,failed,6,6,42,600000000,600064000.0,ef060b73,rodent_no_tail_collisions.xml,reference_root,NVIDIA H200,eval3ds-347333e3,old_eval,True,600064000.0,rodent_no_tail_collisions.xml,169.0,502.0,1949.1766407080656,435.88339302653947,3.882821993442362,461.2307692307692,4.612307692307692,0.8698224852071006,0.028223944167906807,1.3540653652890728,38.39576327438044,0.010507397255231947,3.879173553728081,0.06546727414626706,0.032635519097114304,
encdec,encdec,c1v5gmie,RodentEncDec_delay6_eff6-20260811-081205,failed,6,6,42,600000000,600064000.0,ef060b73,rodent_no_tail_collisions.xml,reference_root,NVIDIA H200,eval3ds-347333e3,new_eval,True,600064000.0,rodent_no_tail_collisions.xml,32.0,3002.0,6674.246078491211,3938.151759363326,2.2232665151536346,1672.90625,16.7290625,0.15625,0.05043617955279921,1.3983432190739604,14.507696965225117,0.013186839933094099,7.063311133631378,0.09017594216766567,0.045455080154693406,
encdec,encdec,cfq1srhp,RodentEncDec_delay70_eff70-20260811-094225,failed,70,70,42,600000000,600064000.0,ef060b73,rodent_no_tail_collisions.xml,reference_root,NVIDIA H200,eval3ds-347333e3,train,True,600064000.0,rodent_no_tail_collisions.xml,673.0,502.0,884.1772354828834,477.36260905096896,1.7613092340296481,297.96879643387814,2.979687964338782,0.35512630014858837,0.2164232320864895,2.442092122171838,39.03929043429529,0.026878293533790794,12.302729926837761,0.1833643833860166,0.09047972179852452,
encdec,encdec,cfq1srhp,RodentEncDec_delay70_eff70-20260811-094225,failed,70,70,42,600000000,600064000.0,ef060b73,rodent_no_tail_collisions.xml,reference_root,NVIDIA H200,eval3ds-347333e3,old_eval,True,600064000.0,rodent_no_tail_collisions.xml,169.0,502.0,793.4038120698647,478.8393588796117,1.580485681414073,272.1360946745562,2.721360946745562,0.272189349112426,0.2674436302754887,2.3800843690619957,39.60358103692423,0.02831249859954122,14.171490421034864,0.19596236932014255,0.09719871894799775,
encdec,encdec,cfq1srhp,RodentEncDec_delay70_eff70-20260811-094225,failed,70,70,42,600000000,600064000.0,ef060b73,rodent_no_tail_collisions.xml,reference_root,NVIDIA H200,eval3ds-347333e3,new_eval,True,600064000.0,rodent_no_tail_collisions.xml,32.0,3002.0,1364.4116444587708,968.2969365365483,0.45450088089899093,513.03125,5.1303125,0.0,0.1949199001035512,2.9076361775790556,13.471849376895813,0.026592133903858083,18.27974605852009,0.2131285869004933,0.10693587141658666,
encdec,encdec,d4dtnb5x,RodentEncDec_delay50_eff50-20260811-084722,failed,50,50,42,600000000,600064000.0,ef060b73,rodent_no_tail_collisions.xml,reference_root,NVIDIA A100-SXM4-80GB,eval3ds-347333e3,train,True,600064000.0,rodent_no_tail_collisions.xml,673.0,502.0,901.1215858289427,497.99189594956044,1.7950629199779735,298.70282317979195,2.98702823179792,0.35512630014858837,0.2158913976729494,2.262636921465193,39.19050878153155,0.02616265583755001,12.946151826802845,0.18576901833063433,0.09298874430357333,
encdec,encdec,d4dtnb5x,RodentEncDec_delay50_eff50-20260811-084722,failed,50,50,42,600000000,600064000.0,ef060b73,rodent_no_tail_collisions.xml,reference_root,NVIDIA A100-SXM4-80GB,eval3ds-347333e3,old_eval,True,600064000.0,rodent_no_tail_collisions.xml,169.0,502.0,831.9214180940708,502.6523162068772,1.6572139802670731,280.396449704142,2.80396449704142,0.31360946745562135,0.24479287568320424,2.2010934925493393,39.41835262087284,0.028035227592682538,13.904052254493203,0.1922535485414103,0.09583453459998409,
encdec,encdec,d4dtnb5x,RodentEncDec_delay50_eff50-20260811-084722,failed,50,50,42,600000000,600064000.0,ef060b73,rodent_no_tail_collisions.xml,reference_root,NVIDIA A100-SXM4-80GB,eval3ds-347333e3,new_eval,True,600064000.0,rodent_no_tail_collisions.xml,32.0,3002.0,1548.1974284648895,982.8595287865029,0.5157219948250797,583.4375,5.8343750000000005,0.0,0.1713979646491698,2.627446844299035,14.19624699719133,0.027316052090482407,14.779290680446387,0.1999206126306763,0.10205541607208514,
encdec,encdec,dqjh25pb,RodentEncDec_delay8_eff8-20260811-081952,failed,8,8,42,600000000,600064000.0,ef060b73,rodent_no_tail_collisions.xml,reference_root,NVIDIA H200,eval3ds-347333e3,train,True,600064000.0,rodent_no_tail_collisions.xml,673.0,502.0,1982.6991920187781,363.0344281439515,3.9495999841011518,470.5898959881129,4.705898959881129,0.9227340267459139,0.016418961374393356,1.3696076630787593,37.793533760752325,0.009721720023817408,3.7763150530699066,0.06372148816200218,0.03150030423312434,
encdec,encdec,dqjh25pb,RodentEncDec_delay8_eff8-20260811-081952,failed,8,8,42,600000000,600064000.0,ef060b73,rodent_no_tail_collisions.xml,reference_root,NVIDIA H200,eval3ds-347333e3,old_eval,True,600064000.0,rodent_no_tail_collisions.xml,169.0,502.0,1901.1516221176237,460.0358143372557,3.787154625732318,456.75147928994085,4.567514792899408,0.863905325443787,0.0297962197665531,1.4047451724333693,38.53206542632881,0.01106607123207033,4.469792966707826,0.07185355967591334,0.035784834954245726,
encdec,encdec,dqjh25pb,RodentEncDec_delay8_eff8-20260811-081952,failed,8,8,42,600000000,600064000.0,ef060b73,rodent_no_tail_collisions.xml,reference_root,NVIDIA H200,eval3ds-347333e3,new_eval,True,600064000.0,rodent_no_tail_collisions.xml,32.0,3002.0,7056.8453578948975,4123.103146996778,2.350714642869719,1765.78125,17.6578125,0.25,0.042474117334749144,1.5048178345140526,14.08309710772058,0.012751503255544031,6.94422803118974,0.08128029224755394,0.041568962664913854,
encdec,encdec,ekl3fbju,RodentEncDec_delay90_eff90-20260811-094225,failed,90,90,42,600000000,600064000.0,ef060b73,rodent_no_tail_collisions.xml,reference_root,NVIDIA H200,eval3ds-347333e3,train,True,600064000.0,rodent_no_tail_collisions.xml,673.0,502.0,829.8069568537674,433.4377881603765,1.653001906083202,293.25408618127784,2.9325408618127793,0.2942050520059435,0.24067693554925007,2.4536256865352652,39.23110860166772,0.02786277971401104,13.82401740197009,0.19306448335716297,0.09540468555859612,
encdec,encdec,ekl3fbju,RodentEncDec_delay90_eff90-20260811-094225,failed,90,90,42,600000000,600064000.0,ef060b73,rodent_no_tail_collisions.xml,reference_root,NVIDIA H200,eval3ds-347333e3,old_eval,True,600064000.0,rodent_no_tail_collisions.xml,169.0,502.0,729.7562757413062,426.2583828644158,1.453697760440849,265.603550295858,2.65603550295858,0.242603550295858,0.2851605141800521,2.3990883871006448,39.49361256013602,0.029005842726961717,15.846386555011723,0.19624015756105045,0.09704482934447889,
encdec,encdec,ekl3fbju,RodentEncDec_delay90_eff90-20260811-094225,failed,90,90,42,600000000,600064000.0,ef060b73,rodent_no_tail_collisions.xml,reference_root,NVIDIA H200,eval3ds-347333e3,new_eval,True,600064000.0,rodent_no_tail_collisions.xml,32.0,3002.0,1241.1382093429565,838.4241820249584,0.4134371117065145,437.09375,4.3709375,0.0,0.22878387073711304,2.5125741061159323,14.342211406391822,0.02442868217840632,13.826368736742758,0.17865302949749168,0.08991789047260898,
encdec,encdec,g1eehkgv,RodentEncDec_delay40_eff40-20260811-084704,failed,40,40,42,600000000,600064000.0,ef060b73,rodent_no_tail_collisions.xml,reference_root,NVIDIA A100-SXM4-80GB,eval3ds-347333e3,train,True,600064000.0,rodent_no_tail_collisions.xml,673.0,502.0,1024.9469009331397,569.2765077620752,2.041726894289123,321.5037147102526,3.2150371471025263,0.44725111441307575,0.17192612722533415,2.1424611253218893,38.955275928676194,0.025740661208283045,10.759395184584916,0.17604176180206668,0.08447011135788808,
encdec,encdec,g1eehkgv,RodentEncDec_delay40_eff40-20260811-084704,failed,40,40,42,600000000,600064000.0,ef060b73,rodent_no_tail_collisions.xml,reference_root,NVIDIA A100-SXM4-80GB,eval3ds-347333e3,old_eval,True,600064000.0,rodent_no_tail_collisions.xml,169.0,502.0,924.2010708870972,575.6111285935077,1.8410379898149347,299.93491124260356,2.999349112426035,0.3846153846153846,0.2051727199195092,2.081364279891241,39.66320984852495,0.02862213289293932,13.46509063093195,0.19213786258772209,0.09284168691464327,
encdec,encdec,g1eehkgv,RodentEncDec_delay40_eff40-20260811-084704,failed,40,40,42,600000000,600064000.0,ef060b73,rodent_no_tail_collisions.xml,reference_root,NVIDIA A100-SXM4-80GB,eval3ds-347333e3,new_eval,True,600064000.0,rodent_no_tail_collisions.xml,32.0,3002.0,2263.488920688629,1717.9808937433363,0.7539936444665654,779.6875,7.796875,0.0,0.1282565130260521,2.5349966930441945,13.642052417646436,0.023780050749615294,11.531093768156166,0.1816328053352607,0.09150024346812446,
encdec,encdec,mpmlfb9i,RodentEncDec_delay15_eff15-20260811-083832,failed,15,15,42,600000000,600064000.0,ef060b73,rodent_no_tail_collisions.xml,reference_root,NVIDIA H200,eval3ds-347333e3,train,True,600064000.0,rodent_no_tail_collisions.xml,673.0,502.0,1671.5220798758837,579.7756468256988,3.3297252587168997,428.20950965824665,4.2820950965824665,0.7771173848439822,0.052049898502697915,1.5100040305132056,38.48640305851386,0.016309261058017152,6.16103874637819,0.10437325585899465,0.052087412732942096,
encdec,encdec,mpmlfb9i,RodentEncDec_delay15_eff15-20260811-083832,failed,15,15,42,600000000,600064000.0,ef060b73,rodent_no_tail_collisions.xml,reference_root,NVIDIA H200,eval3ds-347333e3,old_eval,True,600064000.0,rodent_no_tail_collisions.xml,169.0,502.0,1524.1544477022612,666.2884273350173,3.0361642384507195,393.6508875739645,3.9365088757396447,0.6627218934911243,0.08567949854946111,1.5203025335934912,39.474854474053586,0.017431894728232273,6.973919032054689,0.11194441784263154,0.055678511664350484,
encdec,encdec,mpmlfb9i,RodentEncDec_delay15_eff15-20260811-083832,failed,15,15,42,600000000,600064000.0,ef060b73,rodent_no_tail_collisions.xml,reference_root,NVIDIA H200,eval3ds-347333e3,new_eval,True,600064000.0,rodent_no_tail_collisions.xml,32.0,3002.0,5282.497002124786,4090.7398932953215,1.759659227889669,1366.96875,13.6696875,0.15625,0.061724161580138534,1.5153986566651758,14.600603152205492,0.014430008859235347,7.504335762190996,0.097601222769224,0.05045994761108341,
encdec,encdec,n1igz0o8,RodentEncDec_delay60_eff60-20260811-084722,failed,60,60,42,600000000,600064000.0,ef060b73,rodent_no_tail_collisions.xml,reference_root,NVIDIA A100-SXM4-80GB,eval3ds-347333e3,train,True,600064000.0,rodent_no_tail_collisions.xml,673.0,502.0,838.7924034832845,469.05288620108826,1.6709012021579372,296.5512630014859,2.965512630014859,0.3699851411589896,0.2124472013588604,2.2737473455077333,39.26662630342844,0.028191494072027617,15.625037722545546,0.20977140936054295,0.1066975876061609,
encdec,encdec,n1igz0o8,RodentEncDec_delay60_eff60-20260811-084722,failed,60,60,42,600000000,600064000.0,ef060b73,rodent_no_tail_collisions.xml,reference_root,NVIDIA A100-SXM4-80GB,eval3ds-347333e3,old_eval,True,600064000.0,rodent_no_tail_collisions.xml,169.0,502.0,771.9268024602585,457.8005336288862,1.5377027937455348,283.20118343195264,2.832011834319527,0.33136094674556216,0.23610037399970746,2.2453281366753775,39.479867850122595,0.029726356904368974,17.22469743484412,0.22037944612564045,0.11235644750411938,
encdec,encdec,n1igz0o8,RodentEncDec_delay60_eff60-20260811-084722,failed,60,60,42,600000000,600064000.0,ef060b73,rodent_no_tail_collisions.xml,reference_root,NVIDIA A100-SXM4-80GB,eval3ds-347333e3,new_eval,True,600064000.0,rodent_no_tail_collisions.xml,32.0,3002.0,1413.5005445480347,1333.924956651414,0.4708529462185325,525.375,5.25375,0.0,0.1903402331667856,2.26743715732796,14.234267705656315,0.02578904674765936,17.28756337076209,0.19601686436074012,0.09844380071010791,
encdec,encdec,op8eyyba,RodentEncDec_delay12_eff12-20260811-083832,failed,12,12,42,600000000,600064000.0,ef060b73,rodent_no_tail_collisions.xml,reference_root,NVIDIA H200,eval3ds-347333e3,train,True,600064000.0,rodent_no_tail_collisions.xml,673.0,502.0,1755.9107603778812,546.260772799396,3.4978301999559385,438.5156017830609,4.385156017830609,0.8038632986627043,0.044727416890021375,1.4592213462896568,38.35072711583136,0.014259417681016434,5.204424634359674,0.09274429863398963,0.04647004554223121,
encdec,encdec,op8eyyba,RodentEncDec_delay12_eff12-20260811-083832,failed,12,12,42,600000000,600064000.0,ef060b73,rodent_no_tail_collisions.xml,reference_root,NVIDIA H200,eval3ds-347333e3,old_eval,True,600064000.0,rodent_no_tail_collisions.xml,169.0,502.0,1637.0635872112928,633.6927140211897,3.261082843050384,415.5147928994083,4.155147928994083,0.7514792899408285,0.0598103158554299,1.4790838944374958,39.258880606002414,0.01616057329772923,6.168609224464709,0.10457990929450249,0.052390793800682185,
encdec,encdec,op8eyyba,RodentEncDec_delay12_eff12-20260811-083832,failed,12,12,42,600000000,600064000.0,ef060b73,rodent_no_tail_collisions.xml,reference_root,NVIDIA H200,eval3ds-347333e3,new_eval,True,600064000.0,rodent_no_tail_collisions.xml,32.0,3002.0,5027.683376789093,4111.843424689639,1.6747779403028291,1241.9375,12.419375,0.125,0.07045443108046902,1.3350747934431917,14.704735072062265,0.014902658693394648,7.7121619731347,0.09381614023455623,0.0481757906661067,
encdec,encdec,qpsikl6i,RodentEncDec_delay3_eff3-20260811-081204,failed,3,3,42,600000000,600064000.0,ef060b73,rodent_no_tail_collisions.xml,reference_root,NVIDIA H200,eval3ds-347333e3,train,True,600064000.0,rodent_no_tail_collisions.xml,673.0,502.0,2098.9477240008373,259.89483761162194,4.181170764941907,480.1931649331352,4.801931649331352,0.9643387815750372,0.007426431908902432,1.2786364419635408,37.235856131871,0.006908461388047483,2.972845041194964,0.048779677968178684,0.023577775238644114,
encdec,encdec,qpsikl6i,RodentEncDec_delay3_eff3-20260811-081204,failed,3,3,42,600000000,600064000.0,ef060b73,rodent_no_tail_collisions.xml,reference_root,NVIDIA H200,eval3ds-347333e3,old_eval,True,600064000.0,rodent_no_tail_collisions.xml,169.0,502.0,2045.7859804051868,369.27379147928616,4.075270877301169,471.84023668639054,4.718402366863905,0.9467455621301775,0.011286540173812731,1.3111585853182355,37.79206967590203,0.007939441277400108,3.4953187259724765,0.054978571009594475,0.02699288546036859,
encdec,encdec,qpsikl6i,RodentEncDec_delay3_eff3-20260811-081204,failed,3,3,42,600000000,600064000.0,ef060b73,rodent_no_tail_collisions.xml,reference_root,NVIDIA H200,eval3ds-347333e3,new_eval,True,600064000.0,rodent_no_tail_collisions.xml,32.0,3002.0,8336.032308578491,4725.044968089387,2.776826218713688,1986.25,19.8625,0.46875,0.026746381371932033,1.3352841414064578,14.703640143923481,0.007775598190235991,4.455398075572884,0.06233840889024913,0.03069058799559159,
encdec,encdec,qynq5js2,RodentEncDec_delay80_eff80-20260811-094225,failed,80,80,42,600000000,600064000.0,ef060b73,rodent_no_tail_collisions.xml,reference_root,NVIDIA H200,eval3ds-347333e3,train,True,600064000.0,rodent_no_tail_collisions.xml,673.0,502.0,826.5352617238287,438.0459447111568,1.6464845851072285,290.37147102526,2.9037147102526,0.3031203566121843,0.23999590625319825,2.392954718980501,39.21001445232017,0.027712297960973954,14.493363743761918,0.1969887390533298,0.09720812708397018,
encdec,encdec,qynq5js2,RodentEncDec_delay80_eff80-20260811-094225,failed,80,80,42,600000000,600064000.0,ef060b73,rodent_no_tail_collisions.xml,reference_root,NVIDIA H200,eval3ds-347333e3,old_eval,True,600064000.0,rodent_no_tail_collisions.xml,169.0,502.0,758.3410192184899,455.2948955898453,1.5106394805149201,270.8757396449704,2.708757396449704,0.24852071005917165,0.27742583773865176,2.3337987973628445,39.33394826374269,0.02973034279473222,15.136264856331112,0.20320609005912935,0.10056218264923415,
encdec,encdec,qynq5js2,RodentEncDec_delay80_eff80-20260811-094225,failed,80,80,42,600000000,600064000.0,ef060b73,rodent_no_tail_collisions.xml,reference_root,NVIDIA H200,eval3ds-347333e3,new_eval,True,600064000.0,rodent_no_tail_collisions.xml,32.0,3002.0,1364.5428521633148,941.7130796066615,0.45454458766266315,475.71875,4.757187500000001,0.0,0.2102082375353084,2.4067413428620834,14.54616203944132,0.024942574228071224,14.740833124194236,0.1864853839118664,0.0940481382424132,
encdec,encdec,vo7jiiwr,RodentEncDec_delay10_eff10-20260811-083832,failed,10,10,42,600000000,600064000.0,ef060b73,rodent_no_tail_collisions.xml,reference_root,NVIDIA H200,eval3ds-347333e3,train,True,600064000.0,rodent_no_tail_collisions.xml,673.0,502.0,1863.6536973496957,465.0441637007485,3.7124575644416247,455.28083209509657,4.552808320950966,0.8573551263001487,0.031331183666009566,1.4254249812837183,37.88618496170311,0.012246214492028161,4.3640025506060365,0.08114189075202242,0.04027767321145862,
encdec,encdec,vo7jiiwr,RodentEncDec_delay10_eff10-20260811-083832,failed,10,10,42,600000000,600064000.0,ef060b73,rodent_no_tail_collisions.xml,reference_root,NVIDIA H200,eval3ds-347333e3,old_eval,True,600064000.0,rodent_no_tail_collisions.xml,169.0,502.0,1765.2215724245332,572.3686579781073,3.516377634311819,434.24852071005915,4.342485207100592,0.7751479289940828,0.051779582493050647,1.4396477174796178,38.83281350266434,0.013687943717558547,5.136425206387816,0.08957964190786055,0.04470818167872889,
encdec,encdec,vo7jiiwr,RodentEncDec_delay10_eff10-20260811-083832,failed,10,10,42,600000000,600064000.0,ef060b73,rodent_no_tail_collisions.xml,reference_root,NVIDIA H200,eval3ds-347333e3,new_eval,True,600064000.0,rodent_no_tail_collisions.xml,32.0,3002.0,5867.993099689484,4059.580050882168,1.9546945701830392,1432.8125,14.328125000000002,0.09375,0.06324972737186477,1.3507186016420247,13.950588076537453,0.01275219708435857,6.751679739332873,0.08283769866299244,0.04214782140727985,
encdec,encdec,xgrebrix,RodentEncDec_delay9_eff9-20260811-081952,failed,9,9,42,600000000,600064000.0,ef060b73,rodent_no_tail_collisions.xml,reference_root,NVIDIA H200,eval3ds-347333e3,train,True,600064000.0,rodent_no_tail_collisions.xml,673.0,502.0,1929.4353080511448,413.8446347583266,3.843496629583954,464.4517087667162,4.644517087667162,0.9063893016344725,0.02015509828009828,1.4013197205242867,37.90089912759833,0.010595227192945438,4.059359279160445,0.07046115888857035,0.0353229643544485,
encdec,encdec,xgrebrix,RodentEncDec_delay9_eff9-20260811-081952,failed,9,9,42,600000000,600064000.0,ef060b73,rodent_no_tail_collisions.xml,reference_root,NVIDIA H200,eval3ds-347333e3,old_eval,True,600064000.0,rodent_no_tail_collisions.xml,169.0,502.0,1855.653816945454,484.14768224322376,3.6965215477001077,451.9881656804734,4.519881656804735,0.8520710059171598,0.03272851046003193,1.4226520351089087,38.73102997784951,0.012010698201214002,4.7645648960676885,0.0782699545763418,0.03933522886811323,
encdec,encdec,xgrebrix,RodentEncDec_delay9_eff9-20260811-081952,failed,9,9,42,600000000,600064000.0,ef060b73,rodent_no_tail_collisions.xml,reference_root,NVIDIA H200,eval3ds-347333e3,new_eval,True,600064000.0,rodent_no_tail_collisions.xml,32.0,3002.0,5416.038136005402,3796.1892245076697,1.8041432831463695,1369.25,13.6925,0.0625,0.06846813949242285,1.417646871480029,15.167789292360847,0.013601536773990326,6.364021544672017,0.08742398174904807,0.04447098087951521,
encdec,encdec,zq5dvwvf,RodentEncDec_delay2_eff2-20260811-080832,failed,2,2,42,600000000,600064000.0,ef060b73,rodent_no_tail_collisions.xml,reference_root,NVIDIA H200,eval3ds-347333e3,train,True,600064000.0,rodent_no_tail_collisions.xml,673.0,502.0,2127.4501104482392,219.26899520943192,4.237948427187727,484.18722139673105,4.84187221396731,0.9821693907875185,0.003682585666149069,1.2565284827456438,36.96757171405569,0.006969429893994454,2.9566572323546567,0.04627676671706266,0.022488015824398785,
encdec,encdec,zq5dvwvf,RodentEncDec_delay2_eff2-20260811-080832,failed,2,2,42,600000000,600064000.0,ef060b73,rodent_no_tail_collisions.xml,reference_root,NVIDIA H200,eval3ds-347333e3,old_eval,True,600064000.0,rodent_no_tail_collisions.xml,169.0,502.0,2132.4382743158285,73.43432246741473,4.247885008597268,488.7692307692308,4.887692307692308,0.9940828402366864,0.0012106244400862027,1.2814401308719325,37.642203937894145,0.006847614228814627,2.920781425432099,0.046432704340768585,0.022765427412074157,
encdec,encdec,zq5dvwvf,RodentEncDec_delay2_eff2-20260811-080832,failed,2,2,42,600000000,600064000.0,ef060b73,rodent_no_tail_collisions.xml,reference_root,NVIDIA H200,eval3ds-347333e3,new_eval,True,600064000.0,rodent_no_tail_collisions.xml,32.0,3002.0,9371.660122871399,3858.125119047953,3.1218055039544965,2243.375,22.43375,0.40625,0.026466818966958267,1.338380721702265,13.411248753321287,0.008430925200904655,5.0945924851334174,0.06759408822858787,0.035266547644564966,
expfm,explicit,25io6a70,RodentForwardModel_delay10_eff10-20260811-174250,failed,10,10,42,600000000,600064000.0,ef060b73,rodent_no_tail_collisions.xml,reference_root,NVIDIA A100-SXM4-80GB,eval3ds-347333e3,train,True,600064000.0,rodent_no_tail_collisions.xml,673.0,502.0,1879.2233511030586,513.6322483194555,3.743472810962268,449.7637444279346,4.497637444279346,0.8573551263001487,0.031715511858628094,1.3871380714580213,37.79590955238083,0.011254294633637776,4.320042017850078,0.07400158923880813,0.037128136959476955,0.024180753045403243
expfm,explicit,25io6a70,RodentForwardModel_delay10_eff10-20260811-174250,failed,10,10,42,600000000,600064000.0,ef060b73,rodent_no_tail_collisions.xml,reference_root,NVIDIA A100-SXM4-80GB,eval3ds-347333e3,old_eval,True,600064000.0,rodent_no_tail_collisions.xml,169.0,502.0,1736.7931983992898,641.1337498571846,3.4597474071699,422.8698224852071,4.228698224852071,0.7810650887573964,0.05177359546631218,1.4161775878601266,38.20121322784898,0.013510065667325285,5.11488398316873,0.08767005917071403,0.044385515439151764,0.028499126314441608
expfm,explicit,25io6a70,RodentForwardModel_delay10_eff10-20260811-174250,failed,10,10,42,600000000,600064000.0,ef060b73,rodent_no_tail_collisions.xml,reference_root,NVIDIA A100-SXM4-80GB,eval3ds-347333e3,new_eval,True,600064000.0,rodent_no_tail_collisions.xml,32.0,3002.0,5755.37397813797,4157.139703018015,1.9171798727974583,1439.25,14.392500000000002,0.15625,0.05862428348097967,1.3699271427374733,14.204241845722482,0.015132521685655298,7.849301009212921,0.09872870688525096,0.049330479457662973,0.03854536203839452
expfm,explicit,2696la26,RodentForwardModel_delay7_eff7-20260811-173808,failed,7,7,42,600000000,600064000.0,ef060b73,rodent_no_tail_collisions.xml,reference_root,NVIDIA A100-SXM4-80GB,eval3ds-347333e3,train,True,600064000.0,rodent_no_tail_collisions.xml,673.0,502.0,1995.4485889111727,347.1475930384279,3.974997189066081,473.2852897473997,4.732852897473997,0.9420505200594353,0.01224409065650303,1.3964123584566623,37.61431800797261,0.008761072606234436,3.561706041407854,0.06203641225230589,0.030938359959916374,0.018186929204334113
expfm,explicit,2696la26,RodentForwardModel_delay7_eff7-20260811-173808,failed,7,7,42,600000000,600064000.0,ef060b73,rodent_no_tail_collisions.xml,reference_root,NVIDIA A100-SXM4-80GB,eval3ds-347333e3,old_eval,True,600064000.0,rodent_no_tail_collisions.xml,169.0,502.0,1923.3774896655561,463.040812313671,3.8314292622819845,461.2544378698225,4.6125443786982245,0.9289940828402367,0.015394088669950746,1.4246430641703545,38.56600213401294,0.010261876106343435,4.2748981045551515,0.07048696307268129,0.03530656521304259,0.02079415056237058
expfm,explicit,2696la26,RodentForwardModel_delay7_eff7-20260811-173808,failed,7,7,42,600000000,600064000.0,ef060b73,rodent_no_tail_collisions.xml,reference_root,NVIDIA A100-SXM4-80GB,eval3ds-347333e3,new_eval,True,600064000.0,rodent_no_tail_collisions.xml,32.0,3002.0,5368.934551715851,3669.9798154109544,1.7884525488727019,1362.34375,13.6234375,0.15625,0.06193370799403602,1.445182456429965,14.949273323131496,0.009709352801009517,6.5364073588280505,0.07833418167046911,0.03877942146558672,0.03445772937288159
expfm,explicit,3osnm0o6,RodentForwardModel_delay25_eff25-20260811-175025,failed,25,25,42,600000000,600064000.0,ef060b73,rodent_no_tail_collisions.xml,reference_root,NVIDIA A100-SXM4-80GB,eval3ds-347333e3,train,True,600064000.0,rodent_no_tail_collisions.xml,673.0,502.0,1631.5304829227623,622.1388303140988,3.2500607229537097,417.9167904903417,4.179167904903418,0.7622585438335809,0.05688727076207611,1.5607906231160635,38.55315390857682,0.015921505286742594,6.284802124938946,0.10571358231239765,0.05271511472114354,0.04503698631453958
expfm,explicit,3osnm0o6,RodentForwardModel_delay25_eff25-20260811-175025,failed,25,25,42,600000000,600064000.0,ef060b73,rodent_no_tail_collisions.xml,reference_root,NVIDIA A100-SXM4-80GB,eval3ds-347333e3,old_eval,True,600064000.0,rodent_no_tail_collisions.xml,169.0,502.0,1531.9371511244915,667.4769111201917,3.0516676317220948,399.11242603550295,3.9911242603550297,0.6982248520710059,0.07561156412157154,1.5750507704243593,39.44105507218455,0.017598006716167576,7.6750018695138005,0.11714181323895222,0.05870360445440548,0.05058563918939207
expfm,explicit,3osnm0o6,RodentForwardModel_delay25_eff25-20260811-175025,failed,25,25,42,600000000,600064000.0,ef060b73,rodent_no_tail_collisions.xml,reference_root,NVIDIA A100-SXM4-80GB,eval3ds-347333e3,new_eval,True,600064000.0,rodent_no_tail_collisions.xml,32.0,3002.0,4666.759571313858,3974.6025865925126,1.5545501569999527,1197.59375,11.9759375,0.125,0.07306317355113118,1.458635461597586,15.708691412146392,0.014786144097627792,7.992414564647758,0.1005181747630717,0.05069924447896105,0.06235563773226712
expfm,explicit,48icppj0,RodentForwardModel_delay20_eff20-20260811-174441,failed,20,20,42,600000000,600064000.0,ef060b73,rodent_no_tail_collisions.xml,reference_root,NVIDIA A100-SXM4-80GB,eval3ds-347333e3,train,True,600064000.0,rodent_no_tail_collisions.xml,673.0,502.0,1682.1427713652067,626.793455014103,3.3508820146717264,419.66121842496284,4.196612184249628,0.7696879643387816,0.05488046680262859,1.4714643659071152,38.37789408444803,0.014833532923136196,5.33563332748734,0.09520452132326257,0.04785650097406845,0.037701557713346885
expfm,explicit,48icppj0,RodentForwardModel_delay20_eff20-20260811-174441,failed,20,20,42,600000000,600064000.0,ef060b73,rodent_no_tail_collisions.xml,reference_root,NVIDIA A100-SXM4-80GB,eval3ds-347333e3,old_eval,True,600064000.0,rodent_no_tail_collisions.xml,169.0,502.0,1530.986493533885,695.4086679032314,3.049773891501763,389.094674556213,3.8909467455621303,0.680473372781065,0.08212053469592592,1.485936554245097,38.93269024687797,0.01712241310392767,6.6769744184673705,0.10714649880400107,0.053530843864934424,0.04358876711489355
expfm,explicit,48icppj0,RodentForwardModel_delay20_eff20-20260811-174441,failed,20,20,42,600000000,600064000.0,ef060b73,rodent_no_tail_collisions.xml,reference_root,NVIDIA A100-SXM4-80GB,eval3ds-347333e3,new_eval,True,600064000.0,rodent_no_tail_collisions.xml,32.0,3002.0,4635.23935174942,3959.415949498973,1.5440504169718254,1211.75,12.1175,0.15625,0.06963069940169177,1.4178240377955986,15.613660305721961,0.017523734776890135,8.111053589444541,0.11113283719723926,0.0570562401541797,0.06635421296228239
expfm,explicit,6cbzq5on,RodentForwardModel_delay50_eff50-20260811-180113,failed,50,50,42,600000000,600064000.0,ef060b73,rodent_no_tail_collisions.xml,reference_root,NVIDIA A100-SXM4-80GB,eval3ds-347333e3,train,True,600064000.0,rodent_no_tail_collisions.xml,673.0,502.0,1392.754420809016,637.7364465929294,2.7744111968307092,385.8112927191679,3.858112927191679,0.6478454680534917,0.09127636712356203,1.7613962229547486,39.133433446422515,0.020011456937981623,8.398995907270384,0.13322875066472073,0.06565941962806476,0.07153635773552337
expfm,explicit,6cbzq5on,RodentForwardModel_delay50_eff50-20260811-180113,failed,50,50,42,600000000,600064000.0,ef060b73,rodent_no_tail_collisions.xml,reference_root,NVIDIA A100-SXM4-80GB,eval3ds-347333e3,old_eval,True,600064000.0,rodent_no_tail_collisions.xml,169.0,502.0,1278.9536349956807,665.6830512884258,2.547716404373866,362.14201183431953,3.6214201183431953,0.5739644970414202,0.11764321427404331,1.7749077323382814,39.49963768322961,0.022168041685018843,9.351782990805996,0.14630052785508288,0.07218306263837769,0.0757504640995096
expfm,explicit,6cbzq5on,RodentForwardModel_delay50_eff50-20260811-180113,failed,50,50,42,600000000,600064000.0,ef060b73,rodent_no_tail_collisions.xml,reference_root,NVIDIA A100-SXM4-80GB,eval3ds-347333e3,new_eval,True,600064000.0,rodent_no_tail_collisions.xml,32.0,3002.0,3445.0658831596375,3166.819433440882,1.1475902342303923,971.1875,9.711875,0.0625,0.09653130832099878,1.677410235865458,15.642514813368168,0.01945664792721908,10.120779956953719,0.12861867343429317,0.06422345240857828,0.08364573111972531
expfm,explicit,6ugicoso,RodentForwardModel_delay30_eff30-20260811-175615,failed,30,30,42,600000000,600064000.0,ef060b73,rodent_no_tail_collisions.xml,reference_root,NVIDIA A100-SXM4-80GB,eval3ds-347333e3,train,True,600064000.0,rodent_no_tail_collisions.xml,673.0,502.0,1593.5743244392202,619.6760905716676,3.1744508454964544,416.66864784546806,4.16668647845468,0.7622585438335809,0.057057678180430664,1.595623296011059,38.69807525684393,0.017466978218083372,6.571906703864601,0.11321745685477479,0.05595305317808925,0.04786272629824686
expfm,explicit,6ugicoso,RodentForwardModel_delay30_eff30-20260811-175615,failed,30,30,42,600000000,600064000.0,ef060b73,rodent_no_tail_collisions.xml,reference_root,NVIDIA A100-SXM4-80GB,eval3ds-347333e3,old_eval,True,600064000.0,rodent_no_tail_collisions.xml,169.0,502.0,1428.8260893962793,695.4701243853348,2.846267110351154,381.0591715976331,3.8105917159763316,0.650887573964497,0.09161632944610941,1.6261469072702035,38.952534158037,0.020848361422249228,7.869053426708232,0.12971358933990046,0.06421025326667316,0.05444762349229244
expfm,explicit,6ugicoso,RodentForwardModel_delay30_eff30-20260811-175615,failed,30,30,42,600000000,600064000.0,ef060b73,rodent_no_tail_collisions.xml,reference_root,NVIDIA A100-SXM4-80GB,eval3ds-347333e3,new_eval,True,600064000.0,rodent_no_tail_collisions.xml,32.0,3002.0,6355.494993925095,4374.734880776466,2.1170869400150214,1667.65625,16.6765625,0.3125,0.041225522346107,1.4913902443456615,14.325126096920453,0.01663153597405298,7.240334067855139,0.10458870734626362,0.05318095821725001,0.05796607220950555
expfm,explicit,7c6xmp09,RodentForwardModel_delay9_eff9-20260811-173842,failed,9,9,42,600000000,600064000.0,ef060b73,rodent_no_tail_collisions.xml,reference_root,NVIDIA A100-SXM4-80GB,eval3ds-347333e3,train,True,600064000.0,rodent_no_tail_collisions.xml,673.0,502.0,1941.1241794489822,430.7961384854214,3.866781233962116,463.75037147102523,4.6375037147102525,0.9153046062407132,0.01826314305487915,1.3810568688211957,37.62521565992013,0.010885063393583734,3.642498278703446,0.06992921151605593,0.03478236720729312,0.019856786135874258
expfm,explicit,7c6xmp09,RodentForwardModel_delay9_eff9-20260811-173842,failed,9,9,42,600000000,600064000.0,ef060b73,rodent_no_tail_collisions.xml,reference_root,NVIDIA A100-SXM4-80GB,eval3ds-347333e3,old_eval,True,600064000.0,rodent_no_tail_collisions.xml,169.0,502.0,1878.783845348471,492.13981268920224,3.742597301490978,452.3076923076923,4.523076923076924,0.8579881656804733,0.031397174254317116,1.4012030716288373,38.2964726525639,0.011778512865153698,4.080736871102369,0.07511110829681807,0.037674942297621555,0.02210714895648463
expfm,explicit,7c6xmp09,RodentForwardModel_delay9_eff9-20260811-173842,failed,9,9,42,600000000,600064000.0,ef060b73,rodent_no_tail_collisions.xml,reference_root,NVIDIA A100-SXM4-80GB,eval3ds-347333e3,new_eval,True,600064000.0,rodent_no_tail_collisions.xml,32.0,3002.0,7291.904315948486,3983.062238446908,2.4290154283639196,1812.75,18.1275,0.21875,0.04309750379258033,1.441750917213289,13.902143015758798,0.011463625597001835,5.075663889956861,0.07792423693095193,0.039125495930364226,0.03527126840982088
expfm,explicit,co9cu5aw,RodentForwardModel_delay3_eff3-20260811-163204,failed,3,3,42,600000000,600064000.0,ef060b73,rodent_no_tail_collisions.xml,reference_root,NVIDIA A100-SXM4-80GB,eval3ds-347333e3,train,True,600064000.0,rodent_no_tail_collisions.xml,673.0,502.0,2093.9390279648032,184.48767237141794,4.171193282798413,485.26745913818723,4.852674591381872,0.9881129271916791,0.0024495919898341848,1.2932925683780332,37.03393032602975,0.00760738075570925,2.9776317116967457,0.05202254902970779,0.025720818197950735,0.010025720752303005
expfm,explicit,co9cu5aw,RodentForwardModel_delay3_eff3-20260811-163204,failed,3,3,42,600000000,600064000.0,ef060b73,rodent_no_tail_collisions.xml,reference_root,NVIDIA A100-SXM4-80GB,eval3ds-347333e3,old_eval,True,600064000.0,rodent_no_tail_collisions.xml,169.0,502.0,2086.8735662155605,134.0678731803086,4.157118657799921,486.68639053254435,4.866863905325443,0.9881656804733728,0.00243161094224923,1.3111771989171028,37.829525978855344,0.0076534633326183765,3.1038955980210288,0.05310255392646464,0.026528752273378954,0.010080259506641799
expfm,explicit,co9cu5aw,RodentForwardModel_delay3_eff3-20260811-163204,failed,3,3,42,600000000,600064000.0,ef060b73,rodent_no_tail_collisions.xml,reference_root,NVIDIA A100-SXM4-80GB,eval3ds-347333e3,new_eval,True,600064000.0,rodent_no_tail_collisions.xml,32.0,3002.0,9305.699090957642,3830.8969116037647,3.0998331415581752,2267.03125,22.6703125,0.46875,0.02343373078778689,1.4467830540845794,13.846003926702041,0.010116530125112407,4.425639619917792,0.06699744770654868,0.034368627895158446,0.03819116482902782
expfm,explicit,czsyqfjy,RodentForwardModel_delay70_eff70-20260811-180332,failed,70,70,42,600000000,600064000.0,ef060b73,rodent_no_tail_collisions.xml,reference_root,NVIDIA A100-SXM4-80GB,eval3ds-347333e3,train,True,600064000.0,rodent_no_tail_collisions.xml,673.0,502.0,1304.3599912804975,608.4004103560329,2.5983266758575647,379.1515601783061,3.791515601783061,0.6181277860326895,0.10071756365389212,1.9372257626215503,39.15411160110783,0.022040934172500658,9.272058072441867,0.14616730448187523,0.07157510984831882,0.09517228922723683
expfm,explicit,czsyqfjy,RodentForwardModel_delay70_eff70-20260811-180332,failed,70,70,42,600000000,600064000.0,ef060b73,rodent_no_tail_collisions.xml,reference_root,NVIDIA A100-SXM4-80GB,eval3ds-347333e3,old_eval,True,600064000.0,rodent_no_tail_collisions.xml,169.0,502.0,1209.7449727255917,632.3365817969625,2.409850543278071,362.57988165680473,3.6257988165680475,0.5562130177514792,0.12239702330439324,1.9402694162012548,39.86626464929309,0.02471723832415352,10.809643290546413,0.15824420854285265,0.07749676766125958,0.09639965102905206
expfm,explicit,czsyqfjy,RodentForwardModel_delay70_eff70-20260811-180332,failed,70,70,42,600000000,600064000.0,ef060b73,rodent_no_tail_collisions.xml,reference_root,NVIDIA A100-SXM4-80GB,eval3ds-347333e3,new_eval,True,600064000.0,rodent_no_tail_collisions.xml,32.0,3002.0,3319.402494907379,2753.442347177881,1.1057303447393,1028.53125,10.2853125,0.03125,0.09418770698508189,1.8771220176863306,14.9050215200563,0.022570900832958096,12.264353250810334,0.1581333217142773,0.07946313056612535,0.11026963811983093
expfm,explicit,eq25n7dm,RodentForwardModel_delay4_eff4-20260811-173716,failed,4,4,42,600000000,600064000.0,ef060b73,rodent_no_tail_collisions.xml,reference_root,NVIDIA A100-SXM4-80GB,eval3ds-347333e3,train,True,600064000.0,rodent_no_tail_collisions.xml,673.0,502.0,2087.871014349882,170.66671429885946,4.159105606274665,485.4739970282318,4.854739970282318,0.9836552748885586,0.0033667560387360693,1.304856296830119,37.19577013549129,0.007855297562531527,3.0846603450282886,0.05336676898516525,0.026033614213889254,0.013181486706616759
expfm,explicit,eq25n7dm,RodentForwardModel_delay4_eff4-20260811-173716,failed,4,4,42,600000000,600064000.0,ef060b73,rodent_no_tail_collisions.xml,reference_root,NVIDIA A100-SXM4-80GB,eval3ds-347333e3,old_eval,True,600064000.0,rodent_no_tail_collisions.xml,169.0,502.0,2027.4316678921853,326.0441133240305,4.038708501777261,475.2130177514793,4.752130177514793,0.9467455621301775,0.011206434983999711,1.3291096129807436,37.94026262590956,0.00880580063310476,3.5097699651639513,0.05920811857450918,0.029082500334594568,0.01476647117388592
expfm,explicit,eq25n7dm,RodentForwardModel_delay4_eff4-20260811-173716,failed,4,4,42,600000000,600064000.0,ef060b73,rodent_no_tail_collisions.xml,reference_root,NVIDIA A100-SXM4-80GB,eval3ds-347333e3,new_eval,True,600064000.0,rodent_no_tail_collisions.xml,32.0,3002.0,7753.545467376709,3936.1969624360136,2.5827932935965054,1899.5,18.995,0.3125,0.036193735193471965,1.375803516707856,14.350379893240572,0.010218244213961884,5.235204611138469,0.07361769857409317,0.03709254297717973,0.0355878290023424
expfm,explicit,f0a0360u,RodentForwardModel_delay100_eff100-20260811-181425,failed,100,100,42,600000000,600064000.0,ef060b73,rodent_no_tail_collisions.xml,reference_root,NVIDIA A100-SXM4-80GB,eval3ds-347333e3,train,True,600064000.0,rodent_no_tail_collisions.xml,673.0,502.0,1276.5887245869742,588.9631732955467,2.543005427464092,383.26448736998515,3.8326448736998513,0.6463595839524516,0.09227059320686837,2.129067872635114,39.13291859465675,0.02378968953691086,9.525290622886597,0.1553834276553844,0.07464103274040455,0.10051649198559924
expfm,explicit,f0a0360u,RodentForwardModel_delay100_eff100-20260811-181425,failed,100,100,42,600000000,600064000.0,ef060b73,rodent_no_tail_collisions.xml,reference_root,NVIDIA A100-SXM4-80GB,eval3ds-347333e3,old_eval,True,600064000.0,rodent_no_tail_collisions.xml,169.0,502.0,1220.5629392093456,583.4250139934444,2.431400277309453,379.9940828402367,3.799940828402367,0.6213017751479291,0.09965897942976376,2.1151499248472616,39.94639056878938,0.025511058057070497,11.496773210930922,0.1693115129885753,0.08180931888015325,0.10409116258138801
expfm,explicit,f0a0360u,RodentForwardModel_delay100_eff100-20260811-181425,failed,100,100,42,600000000,600064000.0,ef060b73,rodent_no_tail_collisions.xml,reference_root,NVIDIA A100-SXM4-80GB,eval3ds-347333e3,new_eval,True,600064000.0,rodent_no_tail_collisions.xml,32.0,3002.0,3918.715217590332,3235.417715679052,1.305368160423162,1206.9375,12.069375,0.15625,0.06990834239552586,2.1329235524110555,14.314471164238952,0.02010445496157841,11.025498617771541,0.14726886620177854,0.07037395475484426,0.1257250740612019
expfm,explicit,j2bmags2,RodentForwardModel_delay5_eff5-20260811-173716,failed,5,5,42,600000000,600064000.0,ef060b73,rodent_no_tail_collisions.xml,reference_root,NVIDIA A100-SXM4-80GB,eval3ds-347333e3,train,True,600064000.0,rodent_no_tail_collisions.xml,673.0,502.0,2041.2178435191004,258.8223226883567,4.0661710030260965,480.1916790490342,4.801916790490341,0.9658246656760773,0.00711701926855608,1.3324481624363536,37.28857231774262,0.008975416488982304,3.1235047887625207,0.05779465775647901,0.028697529837618203,0.014247616061107901
expfm,explicit,j2bmags2,RodentForwardModel_delay5_eff5-20260811-173716,failed,5,5,42,600000000,600064000.0,ef060b73,rodent_no_tail_collisions.xml,reference_root,NVIDIA A100-SXM4-80GB,eval3ds-347333e3,old_eval,True,600064000.0,rodent_no_tail_collisions.xml,169.0,502.0,2041.2395662386741,231.62815168373123,4.066214275375845,482.7573964497041,4.827573964497041,0.9763313609467456,0.0049028019513151794,1.3489780375706788,37.727541891782415,0.00938406594692425,3.2557092171696818,0.0595502381491799,0.02981582770520273,0.014363227611577694
expfm,explicit,j2bmags2,RodentForwardModel_delay5_eff5-20260811-173716,failed,5,5,42,600000000,600064000.0,ef060b73,rodent_no_tail_collisions.xml,reference_root,NVIDIA A100-SXM4-80GB,eval3ds-347333e3,new_eval,True,600064000.0,rodent_no_tail_collisions.xml,32.0,3002.0,8424.602960586548,4110.67768999727,2.8063301001287635,2060.28125,20.6028125,0.40625,0.028818880917350485,1.365685897099111,14.333643569982943,0.011795103586746142,4.889008814743736,0.07302140780945177,0.03689060447535458,0.03360298234112677
expfm,explicit,m5fbx6tq,RodentForwardModel_delay6_eff6-20260811-173748,failed,6,6,42,600000000,600064000.0,ef060b73,rodent_no_tail_collisions.xml,reference_root,NVIDIA A100-SXM4-80GB,eval3ds-347333e3,train,True,600064000.0,rodent_no_tail_collisions.xml,673.0,502.0,2030.3433916225122,293.99496896723775,4.044508748252016,478.4368499257058,4.7843684992570585,0.9598811292719168,0.00838540566729194,1.3702709183087236,37.352670935239324,0.00906479209655683,3.335044907084837,0.059583606075486656,0.029014086077824932,0.014991656386296199
expfm,explicit,m5fbx6tq,RodentForwardModel_delay6_eff6-20260811-173748,failed,6,6,42,600000000,600064000.0,ef060b73,rodent_no_tail_collisions.xml,reference_root,NVIDIA A100-SXM4-80GB,eval3ds-347333e3,old_eval,True,600064000.0,rodent_no_tail_collisions.xml,169.0,502.0,1968.176388802613,404.92632491880175,3.9206700972163606,468.2307692307692,4.682307692307692,0.9349112426035503,0.013900999608244558,1.397903220015405,38.390590343552404,0.010370835909166,3.933723576694266,0.06747367216316139,0.033162057130299044,0.017128617022480516
expfm,explicit,m5fbx6tq,RodentForwardModel_delay6_eff6-20260811-173748,failed,6,6,42,600000000,600064000.0,ef060b73,rodent_no_tail_collisions.xml,reference_root,NVIDIA A100-SXM4-80GB,eval3ds-347333e3,new_eval,True,600064000.0,rodent_no_tail_collisions.xml,32.0,3002.0,6743.655426025391,3357.967953920567,2.246387550308258,1719.90625,17.1990625,0.1875,0.047240946999291385,1.4867514833294102,14.745079240110703,0.013116757804445083,5.974004870612457,0.08755831366325781,0.04413740564562696,0.03577796410249272
expfm,explicit,q7e7028r,RodentForwardModel_delay0_eff0-20260811-162018,failed,0,0,42,600000000,600064000.0,ef060b73,rodent_no_tail_collisions.xml,reference_root,NVIDIA H200,eval3ds-347333e3,train,True,600064000.0,rodent_no_tail_collisions.xml,673.0,502.0,2143.7679885705547,155.11121336274164,4.270454160499113,486.1411589895988,4.861411589895988,0.9881129271916791,0.002445189548037268,1.2168156925061644,36.7960680432587,0.007860153429313359,3.178301239487428,0.04484033726473613,0.021351927885666477,0.00021579791039352732
expfm,explicit,q7e7028r,RodentForwardModel_delay0_eff0-20260811-162018,failed,0,0,42,600000000,600064000.0,ef060b73,rodent_no_tail_collisions.xml,reference_root,NVIDIA H200,eval3ds-347333e3,old_eval,True,600064000.0,rodent_no_tail_collisions.xml,169.0,502.0,2092.037196232722,277.35220932034076,4.167404773371956,480.08284023668637,4.8008284023668635,0.9704142011834319,0.006162644514013863,1.2594592613468016,37.61722893795028,0.008844705935247214,3.782690964458668,0.05193158804548708,0.02513368155940653,0.00023032342857766996
expfm,explicit,q7e7028r,RodentForwardModel_delay0_eff0-20260811-162018,failed,0,0,42,600000000,600064000.0,ef060b73,rodent_no_tail_collisions.xml,reference_root,NVIDIA H200,eval3ds-347333e3,new_eval,True,600064000.0,rodent_no_tail_collisions.xml,32.0,3002.0,11269.249570846558,3203.7820178109396,3.753913914339293,2693.5625,26.935625,0.84375,0.005800867809824349,1.3150468797982868,12.687952553804871,0.010434085411558242,4.271098995715482,0.05921742287726121,0.031477334230706866,0.010395958677575038
expfm,explicit,qqzdghe9,RodentForwardModel_delay40_eff40-20260811-175614,failed,40,40,42,600000000,600064000.0,ef060b73,rodent_no_tail_collisions.xml,reference_root,NVIDIA A100-SXM4-80GB,eval3ds-347333e3,train,True,600064000.0,rodent_no_tail_collisions.xml,673.0,502.0,1455.663945735121,674.1109583313033,2.89972897556797,387.37295690936105,3.873729569093611,0.662704309063893,0.08707259629768856,1.6336171904400982,39.03093532071391,0.01887711630254546,7.525933978333319,0.12429663773345653,0.0613638031492342,0.06223964330298293
expfm,explicit,qqzdghe9,RodentForwardModel_delay40_eff40-20260811-175614,failed,40,40,42,600000000,600064000.0,ef060b73,rodent_no_tail_collisions.xml,reference_root,NVIDIA A100-SXM4-80GB,eval3ds-347333e3,old_eval,True,600064000.0,rodent_no_tail_collisions.xml,169.0,502.0,1394.80285662589,678.5130101344405,2.778491746266713,378.53846153846155,3.7853846153846153,0.6390532544378698,0.09535272693167432,1.6587590055900066,39.64989834232931,0.020091531361417232,8.314988762857297,0.13082371413459837,0.06463981192413616,0.06898213911966482
expfm,explicit,qqzdghe9,RodentForwardModel_delay40_eff40-20260811-175614,failed,40,40,42,600000000,600064000.0,ef060b73,rodent_no_tail_collisions.xml,reference_root,NVIDIA A100-SXM4-80GB,eval3ds-347333e3,new_eval,True,600064000.0,rodent_no_tail_collisions.xml,32.0,3002.0,4488.6516835689545,3785.713084144702,1.4952204142468202,1197.3125,11.973125,0.125,0.07308033616954639,1.5074007504497953,14.742127961724947,0.01832101648252739,8.189918781875498,0.1205757846102117,0.06049254933270487,0.06670014557379038
expfm,explicit,qubjc67b,RodentForwardModel_delay80_eff80-20260811-181325,failed,80,80,42,600000000,600064000.0,ef060b73,rodent_no_tail_collisions.xml,reference_root,NVIDIA A100-SXM4-80GB,eval3ds-347333e3,train,True,600064000.0,rodent_no_tail_collisions.xml,673.0,502.0,1266.738261411307,607.002037373551,2.523382990859177,377.2823179791976,3.7728231797919762,0.6404160475482912,0.0953089862195809,1.976804771075173,39.14434312269737,0.02438848108939405,9.606706123097718,0.15289769876720688,0.07384838157324615,0.10423988027806365
expfm,explicit,qubjc67b,RodentForwardModel_delay80_eff80-20260811-181325,failed,80,80,42,600000000,600064000.0,ef060b73,rodent_no_tail_collisions.xml,reference_root,NVIDIA A100-SXM4-80GB,eval3ds-347333e3,old_eval,True,600064000.0,rodent_no_tail_collisions.xml,169.0,502.0,1175.5102946715947,631.3970313275964,2.3416539734493917,355.4792899408284,3.554792899408284,0.5739644970414202,0.11984819228976629,1.952952094929586,39.83899555435799,0.0256526497573763,10.584470430863647,0.15865452041502995,0.07691442890929268,0.10567203499377717
expfm,explicit,qubjc67b,RodentForwardModel_delay80_eff80-20260811-181325,failed,80,80,42,600000000,600064000.0,ef060b73,rodent_no_tail_collisions.xml,reference_root,NVIDIA A100-SXM4-80GB,eval3ds-347333e3,new_eval,True,600064000.0,rodent_no_tail_collisions.xml,32.0,3002.0,3713.6892952919006,3020.5865178297695,1.2370717172857764,1110.25,11.1025,0.03125,0.08725512272010809,2.020335266926584,14.819586799082236,0.023271000563425213,10.094504731438821,0.14991012362234538,0.07465918532280588,0.12204579815492478
expfm,explicit,t4lisyr9,RodentForwardModel_delay8_eff8-20260811-173834,failed,8,8,42,600000000,600064000.0,ef060b73,rodent_no_tail_collisions.xml,reference_root,NVIDIA A100-SXM4-80GB,eval3ds-347333e3,train,True,600064000.0,rodent_no_tail_collisions.xml,673.0,502.0,1969.3701426603818,382.21979711907375,3.9230480929489677,469.1084695393759,4.6910846953937595,0.9227340267459139,0.016470811820974932,1.4068281213888416,37.67974186526449,0.010053306759871258,3.584773014878891,0.06586845650241178,0.03240652866396655,0.018447995623783124
expfm,explicit,t4lisyr9,RodentForwardModel_delay8_eff8-20260811-173834,failed,8,8,42,600000000,600064000.0,ef060b73,rodent_no_tail_collisions.xml,reference_root,NVIDIA A100-SXM4-80GB,eval3ds-347333e3,old_eval,True,600064000.0,rodent_no_tail_collisions.xml,169.0,502.0,1919.3136779062847,430.53246893912495,3.8233340197336347,465.2721893491124,4.652721893491124,0.8994082840236687,0.02161997176686039,1.4368130332195745,38.67564000529217,0.011707409846058787,4.535670791657851,0.07588366381505991,0.03762908386911098,0.01988877915340271
expfm,explicit,t4lisyr9,RodentForwardModel_delay8_eff8-20260811-173834,failed,8,8,42,600000000,600064000.0,ef060b73,rodent_no_tail_collisions.xml,reference_root,NVIDIA A100-SXM4-80GB,eval3ds-347333e3,new_eval,True,600064000.0,rodent_no_tail_collisions.xml,32.0,3002.0,7397.925398826599,4173.705857288326,2.4643322447790137,1809.8125,18.098125,0.3125,0.03798736056911973,1.4141726888430832,14.604518622973197,0.010806573671584123,5.671819578724069,0.0769633087613575,0.03813469182796001,0.03804511526493164
expfm,explicit,tuakxoap,RodentForwardModel_delay60_eff60-20260811-180332,failed,60,60,42,600000000,600064000.0,ef060b73,rodent_no_tail_collisions.xml,reference_root,NVIDIA A100-SXM4-80GB,eval3ds-347333e3,train,True,600064000.0,rodent_no_tail_collisions.xml,673.0,502.0,1339.3968487834504,636.6596927174298,2.6681212127160365,377.9851411589896,3.7798514115898962,0.6240713224368499,0.09945594062519654,1.8044688379692981,39.241107188605,0.0216636011189914,9.11289107057247,0.13794946976140132,0.06785310821016807,0.08582459506528771
expfm,explicit,tuakxoap,RodentForwardModel_delay60_eff60-20260811-180332,failed,60,60,42,600000000,600064000.0,ef060b73,rodent_no_tail_collisions.xml,reference_root,NVIDIA A100-SXM4-80GB,eval3ds-347333e3,old_eval,True,600064000.0,rodent_no_tail_collisions.xml,169.0,502.0,1221.2009952703172,680.0441738109854,2.432671305319357,346.396449704142,3.4639644970414207,0.5325443786982249,0.13494815599323548,1.7758113886682907,39.84874387763138,0.022735128190045157,9.824792037529685,0.14139411508509261,0.0690746008006438,0.08998380273406831
expfm,explicit,tuakxoap,RodentForwardModel_delay60_eff60-20260811-180332,failed,60,60,42,600000000,600064000.0,ef060b73,rodent_no_tail_collisions.xml,reference_root,NVIDIA A100-SXM4-80GB,eval3ds-347333e3,new_eval,True,600064000.0,rodent_no_tail_collisions.xml,32.0,3002.0,3319.7932662963867,3062.949581976201,1.1058605150887364,934.15625,9.3415625,0.03125,0.10370320810892182,1.638442999569763,16.07503509125079,0.021552258024870416,9.776723584056066,0.1360592554501614,0.07087572867975876,0.09017062076000826
expfm,explicit,vxo6rooq,RodentForwardModel_delay90_eff90-20260811-181317,failed,90,90,42,600000000,600064000.0,ef060b73,rodent_no_tail_collisions.xml,reference_root,NVIDIA A100-SXM4-80GB,eval3ds-347333e3,train,True,600064000.0,rodent_no_tail_collisions.xml,673.0,502.0,1255.1836037373648,575.6371942946853,2.500365744496743,380.6002971768202,3.8060029717682022,0.6315007429420505,0.09682053844712349,2.024124761225137,38.70348106696656,0.024789102725807616,10.411466462659186,0.15750332685125604,0.07583034989450743,0.09237475917934627
expfm,explicit,vxo6rooq,RodentForwardModel_delay90_eff90-20260811-181317,failed,90,90,42,600000000,600064000.0,ef060b73,rodent_no_tail_collisions.xml,reference_root,NVIDIA A100-SXM4-80GB,eval3ds-347333e3,old_eval,True,600064000.0,rodent_no_tail_collisions.xml,169.0,502.0,1181.1748343924799,595.7086984597969,2.3529379171164937,366.4674556213018,3.664674556213018,0.591715976331361,0.11141071803400447,2.0260308168641203,39.55097799052373,0.02676089804914921,12.201882017268721,0.16838842122591158,0.08077259784184314,0.09529809880104326
expfm,explicit,vxo6rooq,RodentForwardModel_delay90_eff90-20260811-181317,failed,90,90,42,600000000,600064000.0,ef060b73,rodent_no_tail_collisions.xml,reference_root,NVIDIA A100-SXM4-80GB,eval3ds-347333e3,new_eval,True,600064000.0,rodent_no_tail_collisions.xml,32.0,3002.0,3508.8189606666565,2662.8501107135257,1.1688271021541161,1156.75,11.567499999999999,0.0625,0.08104603414739572,2.1637523796744684,13.999159516936363,0.02768161758997048,13.616752694781017,0.18707346097618532,0.09282289935858153,0.11703024566518613
expfm,explicit,wdnsv6wt,RodentForwardModel_delay1_eff1-20260811-163030,failed,1,1,42,600000000,600064000.0,ef060b73,rodent_no_tail_collisions.xml,reference_root,NVIDIA A100-SXM4-80GB,eval3ds-347333e3,train,True,600064000.0,rodent_no_tail_collisions.xml,673.0,502.0,2125.90942906554,159.87103622255557,4.234879340768008,486.4234769687964,4.864234769687965,0.986627043090639,0.0027492416675067026,1.2850038958331202,36.783691534703316,0.006569008921606518,3.1114228949907186,0.047268778016937976,0.022982041558640746,0.01240486390915652
expfm,explicit,wdnsv6wt,RodentForwardModel_delay1_eff1-20260811-163030,failed,1,1,42,600000000,600064000.0,ef060b73,rodent_no_tail_collisions.xml,reference_root,NVIDIA A100-SXM4-80GB,eval3ds-347333e3,old_eval,True,600064000.0,rodent_no_tail_collisions.xml,169.0,502.0,2099.5094422109028,226.2967362171963,4.182289725519727,482.92899408284023,4.829289940828401,0.9763313609467456,0.004901059854193473,1.3096537868545228,37.50939474892409,0.00681004711335593,3.231991295340809,0.04945880431383548,0.0243193621980421,0.012689572311291615
expfm,explicit,wdnsv6wt,RodentForwardModel_delay1_eff1-20260811-163030,failed,1,1,42,600000000,600064000.0,ef060b73,rodent_no_tail_collisions.xml,reference_root,NVIDIA A100-SXM4-80GB,eval3ds-347333e3,new_eval,True,600064000.0,rodent_no_tail_collisions.xml,32.0,3002.0,10434.156370162964,3432.788522542515,3.4757349667431594,2509.09375,25.0909375,0.65625,0.013700165647457374,1.3778236848524719,13.27027658785316,0.009580707425850887,3.7678771367005397,0.06056587200248198,0.0311086720579209,0.08078586606668137
expfm,explicit,yws4x1hj,RodentForwardModel_delay15_eff15-20260811-174441,failed,15,15,42,600000000,600064000.0,ef060b73,rodent_no_tail_collisions.xml,reference_root,NVIDIA A100-SXM4-80GB,eval3ds-347333e3,train,True,600064000.0,rodent_no_tail_collisions.xml,673.0,502.0,1700.358175654645,620.8707629796195,3.387167680586942,421.7815750371471,4.2178157503714715,0.7667161961367013,0.05530914996529968,1.4924473641741984,38.51995629073322,0.013412331749685391,5.526956118904412,0.09238739369724755,0.04596415545722435,0.03443915136953012
expfm,explicit,yws4x1hj,RodentForwardModel_delay15_eff15-20260811-174441,failed,15,15,42,600000000,600064000.0,ef060b73,rodent_no_tail_collisions.xml,reference_root,NVIDIA A100-SXM4-80GB,eval3ds-347333e3,old_eval,True,600064000.0,rodent_no_tail_collisions.xml,169.0,502.0,1582.782899032683,659.3453937086556,3.1529539821368187,399.7455621301775,3.997455621301775,0.6863905325443787,0.07845226993501786,1.5133172069156064,39.223612730341394,0.014533167116670954,6.698697511591747,0.1006680523579456,0.04994734666244941,0.03897270118738073
expfm,explicit,yws4x1hj,RodentForwardModel_delay15_eff15-20260811-174441,failed,15,15,42,600000000,600064000.0,ef060b73,rodent_no_tail_collisions.xml,reference_root,NVIDIA A100-SXM4-80GB,eval3ds-347333e3,new_eval,True,600064000.0,rodent_no_tail_collisions.xml,32.0,3002.0,4725.853487491608,3692.542249661028,1.5742350058266514,1186.34375,11.8634375,0.0625,0.07902431314701157,1.3999497893910873,15.832561452483095,0.013476778581707191,7.664409953955143,0.0930232891573915,0.04561148871013779,0.04878986645878838
expfm,explicit,zgwma7ta,RodentForwardModel_delay2_eff2-20260811-163022,failed,2,2,42,600000000,600064000.0,ef060b73,rodent_no_tail_collisions.xml,reference_root,NVIDIA A100-SXM4-80GB,eval3ds-347333e3,train,True,600064000.0,rodent_no_tail_collisions.xml,673.0,502.0,2087.968696991012,209.41425498744312,4.159300193209187,482.9063893016345,4.829063893016345,0.9717682020802377,0.005846225799702152,1.2904317005841481,36.927009201331266,0.007769644597872231,3.6177667844965296,0.05177025313534399,0.02512683263739061,0.00989117152448756
expfm,explicit,zgwma7ta,RodentForwardModel_delay2_eff2-20260811-163022,failed,2,2,42,600000000,600064000.0,ef060b73,rodent_no_tail_collisions.xml,reference_root,NVIDIA A100-SXM4-80GB,eval3ds-347333e3,old_eval,True,600064000.0,rodent_no_tail_collisions.xml,169.0,502.0,2064.596555089104,229.8329189024544,4.112742141611761,480.7810650887574,4.807810650887574,0.9585798816568047,0.008615172549598777,1.313412144611182,37.774988659638026,0.008181159419345206,3.761623927703546,0.05419538869430435,0.02671117792282032,0.009890579286358954
expfm,explicit,zgwma7ta,RodentForwardModel_delay2_eff2-20260811-163022,failed,2,2,42,600000000,600064000.0,ef060b73,rodent_no_tail_collisions.xml,reference_root,NVIDIA A100-SXM4-80GB,eval3ds-347333e3,new_eval,True,600064000.0,rodent_no_tail_collisions.xml,32.0,3002.0,9906.226495742798,3383.9184673070854,3.2998755815265817,2438.90625,24.3890625,0.53125,0.019219680953296174,1.356469834775008,12.985085247444285,0.011267757922387227,4.34581993596068,0.06881237195860186,0.03547324477724893,0.03649611612824868
expfm,explicit,zq4rpcds,RodentForwardModel_delay12_eff12-20260811-174307,failed,12,12,42,600000000,600064000.0,ef060b73,rodent_no_tail_collisions.xml,reference_root,NVIDIA A100-SXM4-80GB,eval3ds-347333e3,train,True,600064000.0,rodent_no_tail_collisions.xml,673.0,502.0,1821.9746517277756,522.7268148946893,3.6294315771469634,443.2882615156018,4.432882615156018,0.812778603268945,0.04223468406109951,1.4482374667460205,38.03394204549877,0.012271340919989058,4.536429578134276,0.08047326937403876,0.040210072150988756,0.025438858374507555
expfm,explicit,zq4rpcds,RodentForwardModel_delay12_eff12-20260811-174307,failed,12,12,42,600000000,600064000.0,ef060b73,rodent_no_tail_collisions.xml,reference_root,NVIDIA A100-SXM4-80GB,eval3ds-347333e3,old_eval,True,600064000.0,rodent_no_tail_collisions.xml,169.0,502.0,1636.3924408410428,676.1780434120566,3.2597458980897267,406.40236686390534,4.064023668639053,0.7455621301775148,0.06260737893480096,1.470018348362847,39.041234977130145,0.014800589161150086,6.313452275616085,0.09756952786183734,0.049038806440135314,0.03065791697304033
expfm,explicit,zq4rpcds,RodentForwardModel_delay12_eff12-20260811-174307,failed,12,12,42,600000000,600064000.0,ef060b73,rodent_no_tail_collisions.xml,reference_root,NVIDIA A100-SXM4-80GB,eval3ds-347333e3,new_eval,True,600064000.0,rodent_no_tail_collisions.xml,32.0,3002.0,5874.480825424194,3990.9528910745635,1.956855704671617,1537.75,15.377500000000001,0.25,0.04877255730775483,1.5342669407397456,14.499392230803442,0.015017287056937412,7.9104914323233615,0.10613119161758261,0.05353977368530241,0.05088603270610895
expfm_2g,explicit,3dfjggpw,RodentForwardModel_delay20_eff20-20260813-074628,finished,20,20,42,2000000000,2000076800.0,25732c42,rodent_no_tail_collisions.xml,reference_root,NVIDIA H200,eval3ds-347333e3,train,True,2000076800.0,rodent_no_tail_collisions.xml,673.0,502.0,1906.117357818014,449.2572175775419,3.797046529517956,460.19019316493313,4.601901931649331,0.8855869242199108,0.024862128198173773,1.4350538582397427,37.73341996953986,0.011975494399688277,4.275942548035286,0.07455068486676818,0.03643727947752075,0.027756937373369074
expfm_2g,explicit,3dfjggpw,RodentForwardModel_delay20_eff20-20260813-074628,finished,20,20,42,2000000000,2000076800.0,25732c42,rodent_no_tail_collisions.xml,reference_root,NVIDIA H200,eval3ds-347333e3,old_eval,True,2000076800.0,rodent_no_tail_collisions.xml,169.0,502.0,1777.41649009208,568.9102874923898,3.540670298988207,436.49704142011836,4.364970414201184,0.8047337278106509,0.044734844376965614,1.4706408825468116,38.83774316986072,0.013896931083144137,5.199301608675665,0.0857145996854454,0.04235838158015052,0.035206376326761886
expfm_2g,explicit,3dfjggpw,RodentForwardModel_delay20_eff20-20260813-074628,finished,20,20,42,2000000000,2000076800.0,25732c42,rodent_no_tail_collisions.xml,reference_root,NVIDIA H200,eval3ds-347333e3,new_eval,True,2000076800.0,rodent_no_tail_collisions.xml,32.0,3002.0,5568.734065055847,3930.9815207760375,1.855008016341055,1381.96875,13.8196875,0.125,0.06331546932591638,1.4163228917614012,14.055050779756847,0.013371673286627929,6.212665533465897,0.07996233451043351,0.03956058816096818,0.045240260734277817
expfm_2g,explicit,7wpzx8cl,RodentForwardModel_delay50_eff50-20260813-074948,finished,50,50,42,2000000000,2000076800.0,25732c42,rodent_no_tail_collisions.xml,reference_root,NVIDIA A100-SXM4-80GB,eval3ds-347333e3,train,True,2000076800.0,rodent_no_tail_collisions.xml,673.0,502.0,1613.8764004756933,592.8256892096821,3.2148932280392297,420.0832095096583,4.200832095096582,0.7622585438335809,0.05659389634827885,1.6376976098580707,38.70487001588356,0.016575474054843824,5.909754326493077,0.10925377582947954,0.05318242427601739,0.057690806314590386
expfm_2g,explicit,7wpzx8cl,RodentForwardModel_delay50_eff50-20260813-074948,finished,50,50,42,2000000000,2000076800.0,25732c42,rodent_no_tail_collisions.xml,reference_root,NVIDIA A100-SXM4-80GB,eval3ds-347333e3,old_eval,True,2000076800.0,rodent_no_tail_collisions.xml,169.0,502.0,1465.2272853512736,672.8015092107922,2.918779452890983,388.1775147928994,3.881775147928994,0.650887573964497,0.08993628243041371,1.6583022981151767,39.250857458760656,0.018950989040819623,7.111481395777543,0.12133297737821984,0.059492803213045224,0.06826920910546144
expfm_2g,explicit,7wpzx8cl,RodentForwardModel_delay50_eff50-20260813-074948,finished,50,50,42,2000000000,2000076800.0,25732c42,rodent_no_tail_collisions.xml,reference_root,NVIDIA A100-SXM4-80GB,eval3ds-347333e3,new_eval,True,2000076800.0,rodent_no_tail_collisions.xml,32.0,3002.0,4200.399840831757,3701.777315489876,1.3992004799572806,1084.0625,10.840625,0.0625,0.08648025367541079,1.5016353885658174,15.64691766817333,0.01696836800140957,7.539174958526292,0.10801211367879196,0.05394651962871842,0.08403325126042913
expfm_2g,explicit,dgv264dt,RodentForwardModel_delay0_eff0-20260813-073550,finished,0,0,42,2000000000,2000076800.0,25732c42,rodent_no_tail_collisions.xml,reference_root,NVIDIA A100-SXM4-80GB,eval3ds-347333e3,train,True,2000076800.0,rodent_no_tail_collisions.xml,673.0,502.0,2186.047201805625,98.24889825822945,4.354675700808017,488.10995542347695,4.881099554234769,0.9955423476968797,0.0009132475692393834,1.1743568358018477,36.594455908768566,0.006270776782009595,2.392205838405035,0.04029215786294998,0.019090386635114143,0.00016229317802490313
expfm_2g,explicit,dgv264dt,RodentForwardModel_delay0_eff0-20260813-073550,finished,0,0,42,2000000000,2000076800.0,25732c42,rodent_no_tail_collisions.xml,reference_root,NVIDIA A100-SXM4-80GB,eval3ds-347333e3,old_eval,True,2000076800.0,rodent_no_tail_collisions.xml,169.0,502.0,2169.6156937638684,53.41010512781392,4.321943613075435,489.0,4.89,1.0,0.0,1.2141793961980272,37.33458767038115,0.006391173324119207,2.5160686376458585,0.0422125459633331,0.02040020667494423,0.00015528908901429474
expfm_2g,explicit,dgv264dt,RodentForwardModel_delay0_eff0-20260813-073550,finished,0,0,42,2000000000,2000076800.0,25732c42,rodent_no_tail_collisions.xml,reference_root,NVIDIA A100-SXM4-80GB,eval3ds-347333e3,new_eval,True,2000076800.0,rodent_no_tail_collisions.xml,32.0,3002.0,10404.165588378906,3606.524714742575,3.465744699659862,2493.25,24.932500000000005,0.65625,0.013787225508873957,1.3373143910836391,12.38369772781449,0.008996017884506052,4.67991827799255,0.06528989143316986,0.03294688191870017,0.016790211970785635
expfm_2g,explicit,itedqjyt,RodentForwardModel_delay10_eff10-20260813-074327,finished,10,10,42,2000000000,2000076800.0,25732c42,rodent_no_tail_collisions.xml,reference_root,NVIDIA A100-SXM4-80GB,eval3ds-347333e3,train,True,2000076800.0,rodent_no_tail_collisions.xml,673.0,502.0,2078.1672107532154,230.7615840980009,4.139775320225529,482.67459138187223,4.826745913818722,0.9777117384843982,0.004617657923901004,1.33198556982705,37.05598043353299,0.007657184021092174,3.015461056796287,0.05432708199855458,0.026180011774971004,0.016027783026326983
expfm_2g,explicit,itedqjyt,RodentForwardModel_delay10_eff10-20260813-074327,finished,10,10,42,2000000000,2000076800.0,25732c42,rodent_no_tail_collisions.xml,reference_root,NVIDIA A100-SXM4-80GB,eval3ds-347333e3,old_eval,True,2000076800.0,rodent_no_tail_collisions.xml,169.0,502.0,1985.77471517529,371.4248575206327,3.9557265242535657,470.44970414201185,4.704497041420118,0.9349112426035503,0.013835433803738084,1.371804352017895,37.95717665562768,0.00923743427929789,3.872443821857022,0.06536651502596716,0.03204022257552757,0.018228275067973945
expfm_2g,explicit,itedqjyt,RodentForwardModel_delay10_eff10-20260813-074327,finished,10,10,42,2000000000,2000076800.0,25732c42,rodent_no_tail_collisions.xml,reference_root,NVIDIA A100-SXM4-80GB,eval3ds-347333e3,new_eval,True,2000076800.0,rodent_no_tail_collisions.xml,32.0,3002.0,7476.8580865859985,4394.4201035396945,2.4906256117874745,1857.125,18.57125,0.3125,0.03701958672679545,1.425665515601421,14.299108284490957,0.010796069076415244,6.688018333919162,0.08357352242224456,0.0423639057537948,0.04113544275129407
expfm_4g,explicit,5282izw1,RodentForwardModel_delay50_eff50-20260818-223722,finished,50,50,43,4000000000,4000071680.0,afbeea09,rodent_no_tail_collisions.xml,reference_root,NVIDIA H200,,train,False,,,,,,,,,,,,,,,,,,
expfm_4g,explicit,5282izw1,RodentForwardModel_delay50_eff50-20260818-223722,finished,50,50,43,4000000000,4000071680.0,afbeea09,rodent_no_tail_collisions.xml,reference_root,NVIDIA H200,,old_eval,False,,,,,,,,,,,,,,,,,,
expfm_4g,explicit,5282izw1,RodentForwardModel_delay50_eff50-20260818-223722,finished,50,50,43,4000000000,4000071680.0,afbeea09,rodent_no_tail_collisions.xml,reference_root,NVIDIA H200,,new_eval,False,,,,,,,,,,,,,,,,,,
expfm_4g,explicit,eqr1acos,RodentForwardModel_delay30_eff30-20260818-043638,crashed,30,30,43,4000000000,1602355200.0,13637960,rodent_no_tail_collisions.xml,reference_root,NVIDIA H200,,train,False,,,,,,,,,,,,,,,,,,
expfm_4g,explicit,eqr1acos,RodentForwardModel_delay30_eff30-20260818-043638,crashed,30,30,43,4000000000,1602355200.0,13637960,rodent_no_tail_collisions.xml,reference_root,NVIDIA H200,,old_eval,False,,,,,,,,,,,,,,,,,,
expfm_4g,explicit,eqr1acos,RodentForwardModel_delay30_eff30-20260818-043638,crashed,30,30,43,4000000000,1602355200.0,13637960,rodent_no_tail_collisions.xml,reference_root,NVIDIA H200,,new_eval,False,,,,,,,,,,,,,,,,,,
expfm_4g,explicit,gla1tfc5,RodentForwardModel_delay20_eff20-20260818-034224,finished,20,20,43,4000000000,4000071680.0,13637960,rodent_no_tail_collisions.xml,reference_root,NVIDIA H200,,train,False,,,,,,,,,,,,,,,,,,
expfm_4g,explicit,gla1tfc5,RodentForwardModel_delay20_eff20-20260818-034224,finished,20,20,43,4000000000,4000071680.0,13637960,rodent_no_tail_collisions.xml,reference_root,NVIDIA H200,,old_eval,False,,,,,,,,,,,,,,,,,,
expfm_4g,explicit,gla1tfc5,RodentForwardModel_delay20_eff20-20260818-034224,finished,20,20,43,4000000000,4000071680.0,13637960,rodent_no_tail_collisions.xml,reference_root,NVIDIA H200,,new_eval,False,,,,,,,,,,,,,,,,,,
expfm_4g,explicit,macs28xu,RodentForwardModel_delay40_eff40-20260818-223722,finished,40,40,43,4000000000,4000071680.0,afbeea09,rodent_no_tail_collisions.xml,reference_root,NVIDIA H200,,train,False,,,,,,,,,,,,,,,,,,
expfm_4g,explicit,macs28xu,RodentForwardModel_delay40_eff40-20260818-223722,finished,40,40,43,4000000000,4000071680.0,afbeea09,rodent_no_tail_collisions.xml,reference_root,NVIDIA H200,,old_eval,False,,,,,,,,,,,,,,,,,,
expfm_4g,explicit,macs28xu,RodentForwardModel_delay40_eff40-20260818-223722,finished,40,40,43,4000000000,4000071680.0,afbeea09,rodent_no_tail_collisions.xml,reference_root,NVIDIA H200,,new_eval,False,,,,,,,,,,,,,,,,,,
expfm_4g,explicit,vvcvtmzl,RodentForwardModel_delay30_eff30-20260819-015223,finished,30,30,43,4000000000,4000071680.0,afbeea09,rodent_no_tail_collisions.xml,reference_root,NVIDIA A100-SXM4-80GB,,train,False,,,,,,,,,,,,,,,,,,
expfm_4g,explicit,vvcvtmzl,RodentForwardModel_delay30_eff30-20260819-015223,finished,30,30,43,4000000000,4000071680.0,afbeea09,rodent_no_tail_collisions.xml,reference_root,NVIDIA A100-SXM4-80GB,,old_eval,False,,,,,,,,,,,,,,,,,,
expfm_4g,explicit,vvcvtmzl,RodentForwardModel_delay30_eff30-20260819-015223,finished,30,30,43,4000000000,4000071680.0,afbeea09,rodent_no_tail_collisions.xml,reference_root,NVIDIA A100-SXM4-80GB,,new_eval,False,,,,,,,,,,,,,,,,,,
no_efference_old,none,10xspymx,RodentEncDec_delay10_eff0-20260612-071444,finished,10,0,42,600000000,600064000.0,1cd5838f,rodent.xml,current_root,NVIDIA A100-SXM4-80GB,legacy-batch,train,True,600064000.0,,673.0,502.0,830.7267009854139,667.9369271697916,1.6548340657079958,255.77563150074295,2.5577563150074294,0.3239227340267459,0.26432434630555895,2.6554191580901323,41.85697907096225,0.025892897998070055,11.447904588291186,0.17026675928308668,0.08019309349935745,
no_efference_old,none,10xspymx,RodentEncDec_delay10_eff0-20260612-071444,finished,10,0,42,600000000,600064000.0,1cd5838f,rodent.xml,current_root,NVIDIA A100-SXM4-80GB,legacy-batch,old_eval,True,600064000.0,,169.0,502.0,793.8093212059969,672.0523042339632,1.5812934685378424,241.71005917159763,2.4171005917159762,0.30177514792899407,0.288868760557174,2.5699557138208857,42.184106492848954,0.02568163869912101,11.83755268636914,0.16597691044479254,0.07761281105599582,
no_efference_old,none,10xspymx,RodentEncDec_delay10_eff0-20260612-071444,finished,10,0,42,600000000,600064000.0,1cd5838f,rodent.xml,current_root,NVIDIA A100-SXM4-80GB,legacy-batch,new_eval,True,600064000.0,,32.0,3002.0,1664.4457910060883,1274.2824258462535,0.5544456332465317,609.84375,6.0984375,0.0,0.16397642838841917,3.016340037141722,14.56585193255307,0.02879935779431407,11.542250117141156,0.18745774156215272,0.09038414759620879,
no_efference_old,none,6cvswb08,RodentEncDec_delay100_eff0-20260612-071451,finished,100,0,42,600000000,600064000.0,1cd5838f,rodent.xml,current_root,NVIDIA A100-SXM4-80GB,legacy-batch,train,True,600064000.0,,673.0,502.0,569.9903805975042,489.5608080908028,1.1354390051743113,192.4264487369985,1.924264487369985,0.138187221396731,0.44786607260063477,2.768837890837987,42.565540195276235,0.029749111146235567,13.780230875592025,0.18372329047616806,0.08571310828198359,
no_efference_old,none,6cvswb08,RodentEncDec_delay100_eff0-20260612-071451,finished,100,0,42,600000000,600064000.0,1cd5838f,rodent.xml,current_root,NVIDIA A100-SXM4-80GB,legacy-batch,old_eval,True,600064000.0,,169.0,502.0,474.81305748753294,440.933616419017,0.9458427439990696,158.3846153846154,1.583846153846154,0.08875739644970415,0.5753353009302499,2.6495768820686587,43.22992437505247,0.02793762884140411,14.51811721078375,0.17613359404335166,0.08228118481217846,
no_efference_old,none,6cvswb08,RodentEncDec_delay100_eff0-20260612-071451,finished,100,0,42,600000000,600064000.0,1cd5838f,rodent.xml,current_root,NVIDIA A100-SXM4-80GB,legacy-batch,new_eval,True,600064000.0,,32.0,3002.0,652.3799183368683,536.6224088399172,0.21731509604825724,232.25,2.3225,0.0,0.4305705059203445,2.9916361303109205,16.75929276997251,0.028227514779088348,17.08882014470954,0.18758659387210713,0.09108834375303226,
no_efference_old,none,by0y1xl7,RodentEncDec_delay70_eff0-20260612-071544,finished,70,0,42,600000000,600064000.0,1cd5838f,rodent.xml,current_root,NVIDIA A100-SXM4-80GB,legacy-batch,train,True,600064000.0,,673.0,502.0,572.2630626400725,537.181169003816,1.1399662602391882,190.94799405646359,1.9094799405646359,0.16641901931649328,0.436548697357363,2.675714376739819,42.89156807360422,0.02925777508945168,13.898375449521208,0.18395583188939243,0.08671871050340019,
no_efference_old,none,by0y1xl7,RodentEncDec_delay70_eff0-20260612-071544,finished,70,0,42,600000000,600064000.0,1cd5838f,rodent.xml,current_root,NVIDIA A100-SXM4-80GB,legacy-batch,old_eval,True,600064000.0,,169.0,502.0,505.51220973991076,514.3634728410651,1.006996433744842,165.25443786982248,1.652544378698225,0.1301775147928994,0.5263534803781151,2.559924370711287,43.266788732012316,0.027754192535781257,14.368939136274518,0.17947781495686968,0.08442815130875052,
no_efference_old,none,by0y1xl7,RodentEncDec_delay70_eff0-20260612-071544,finished,70,0,42,600000000,600064000.0,1cd5838f,rodent.xml,current_root,NVIDIA A100-SXM4-80GB,legacy-batch,new_eval,True,600064000.0,,32.0,3002.0,790.7816524505615,720.9314155617011,0.2634182719688746,283.25,2.8325000000000005,0.0,0.35304501323918797,2.9112402192012574,17.695729868346067,0.028446072457171637,16.23723331850593,0.18493362373167954,0.09082632617100128,
no_efference_old,none,ckdbxgv4,RodentEncDec_delay5_eff0-20260612-071444,finished,5,0,42,600000000,600064000.0,1cd5838f,rodent.xml,current_root,NVIDIA A100-SXM4-80GB,legacy-batch,train,True,600064000.0,,673.0,502.0,1065.6278067216122,716.1085609416897,2.122764555222335,309.2555720653789,3.092555720653789,0.43684992570579495,0.18209860230914482,2.3285018353419327,41.35026265343352,0.02331625518301159,11.139393503490805,0.16054935090604838,0.07621796450150892,
no_efference_old,none,ckdbxgv4,RodentEncDec_delay5_eff0-20260612-071444,finished,5,0,42,600000000,600064000.0,1cd5838f,rodent.xml,current_root,NVIDIA A100-SXM4-80GB,legacy-batch,old_eval,True,600064000.0,,169.0,502.0,1064.3770135281354,725.1940224346386,2.1202729353150107,304.0,3.04,0.4201183431952663,0.19075054500155714,2.327301562576549,41.27505335362981,0.021982383711865686,11.092309904964493,0.1542724772164722,0.07348108111748754,
no_efference_old,none,ckdbxgv4,RodentEncDec_delay5_eff0-20260612-071444,finished,5,0,42,600000000,600064000.0,1cd5838f,rodent.xml,current_root,NVIDIA A100-SXM4-80GB,legacy-batch,new_eval,True,600064000.0,,32.0,3002.0,2894.3024101257324,2851.718252882365,0.9641247202284252,904.1875,9.041875000000001,0.0625,0.10368424690675329,2.719181466732729,14.608898084238222,0.021659349443072587,12.249866858280328,0.17241751960771828,0.08636582240458551,
no_efference_old,none,cqdnn5lt,RodentEncDec_delay7_eff0-20260612-071444,finished,7,0,42,600000000,600064000.0,1cd5838f,rodent.xml,current_root,NVIDIA A100-SXM4-80GB,legacy-batch,train,True,600064000.0,,673.0,502.0,943.226226330512,700.313328153172,1.8789367058376731,281.7221396731055,2.817221396731055,0.3893016344725111,0.21677329521780178,2.500789038579126,41.47846126360097,0.02470144028276459,11.12744857960233,0.1631531833581689,0.07661652210087305,
no_efference_old,none,cqdnn5lt,RodentEncDec_delay7_eff0-20260612-071444,finished,7,0,42,600000000,600064000.0,1cd5838f,rodent.xml,current_root,NVIDIA A100-SXM4-80GB,legacy-batch,old_eval,True,600064000.0,,169.0,502.0,871.0099794286242,675.1863797396144,1.7350796402960642,262.3076923076923,2.6230769230769235,0.29585798816568043,0.2684412361831716,2.4586187931567807,42.213842721008824,0.024261935232682948,12.371187158937474,0.16582423895241166,0.07875098315788287,
no_efference_old,none,cqdnn5lt,RodentEncDec_delay7_eff0-20260612-071444,finished,7,0,42,600000000,600064000.0,1cd5838f,rodent.xml,current_root,NVIDIA A100-SXM4-80GB,legacy-batch,new_eval,True,600064000.0,,32.0,3002.0,2250.7519748210907,2247.024082975187,0.7497508243907697,769.625,7.69625,0.03125,0.12587299009257755,2.9322938411763086,14.468641862774634,0.024186973266578954,13.41672143751778,0.19193803590230735,0.0944135471960186,
no_efference_old,none,da7bwy31,RodentEncDec_delay1_eff0-20260612-071239,finished,1,0,42,600000000,600064000.0,1cd5838f,rodent.xml,current_root,NVIDIA H200,legacy-batch,train,True,600064000.0,,673.0,502.0,1823.185192011795,389.82265823183513,3.631843011975687,462.2481426448737,4.622481426448737,0.8900445765230312,0.023787099034693816,1.9282581837436508,38.57631575700966,0.009637753717474823,5.2364341572382465,0.08493461096905285,0.03196086489855217,
no_efference_old,none,da7bwy31,RodentEncDec_delay1_eff0-20260612-071239,finished,1,0,42,600000000,600064000.0,1cd5838f,rodent.xml,current_root,NVIDIA H200,legacy-batch,old_eval,True,600064000.0,,169.0,502.0,1760.3582416963295,444.64615981571586,3.5066897244946804,452.9230769230769,4.52923076923077,0.8402366863905325,0.03527382943143813,1.959531515436349,39.25733465385826,0.010968363511255215,5.68458956939626,0.09132049270018629,0.035917839741999295,
no_efference_old,none,da7bwy31,RodentEncDec_delay1_eff0-20260612-071239,finished,1,0,42,600000000,600064000.0,1cd5838f,rodent.xml,current_root,NVIDIA H200,legacy-batch,new_eval,True,600064000.0,,32.0,3002.0,8466.23021697998,3600.4695945087465,2.820196607921379,2289.25,22.8925,0.5,0.02184121437151906,2.1811785483725705,13.90852158050124,0.01053952751657277,6.744285958733029,0.09883969936696307,0.038157678465804624,
no_efference_old,none,rp89mch7,RodentEncDec_delay20_eff0-20260612-071444,finished,20,0,42,600000000,600064000.0,1cd5838f,rodent.xml,current_root,NVIDIA A100-SXM4-80GB,legacy-batch,train,True,600064000.0,,673.0,502.0,731.832206261282,630.5766570192782,1.457833080201757,230.11738484398217,2.301173848439822,0.25854383358098065,0.32220780143217814,2.7049517756055756,42.41960202756912,0.02667783283824589,12.311337279110283,0.172802368659056,0.08265741902665703,
no_efference_old,none,rp89mch7,RodentEncDec_delay20_eff0-20260612-071444,finished,20,0,42,600000000,600064000.0,1cd5838f,rodent.xml,current_root,NVIDIA A100-SXM4-80GB,legacy-batch,old_eval,True,600064000.0,,169.0,502.0,683.875562453411,633.0645447648457,1.3623019172378705,211.8639053254438,2.118639053254438,0.23668639053254437,0.3602848764139086,2.61637826933604,42.74655987568742,0.025694210152528974,13.071446649737783,0.1683774791788,0.08000011611054506,
no_efference_old,none,rp89mch7,RodentEncDec_delay20_eff0-20260612-071444,finished,20,0,42,600000000,600064000.0,1cd5838f,rodent.xml,current_root,NVIDIA A100-SXM4-80GB,legacy-batch,new_eval,True,600064000.0,,32.0,3002.0,1033.961614370346,815.1769248498416,0.344424255286591,349.125,3.49125,0.0,0.2864303616183315,2.881805975356703,16.290340577875053,0.025413793795159526,12.713049935218677,0.17647476844897217,0.08658383514577572,
no_efference_old,none,t201z077,RodentEncDec_delay4_eff0-20260612-071444,finished,4,0,42,600000000,600064000.0,1cd5838f,rodent.xml,current_root,NVIDIA A100-SXM4-80GB,legacy-batch,train,True,600064000.0,,673.0,502.0,1137.5313622189844,716.8628431037469,2.265998729519889,322.17830609212484,3.2217830609212483,0.46953937592867756,0.1646481510519956,2.2016689134031404,40.968786226629945,0.022094816659562946,10.198782404073881,0.15473548148959199,0.07281596119831907,
no_efference_old,none,t201z077,RodentEncDec_delay4_eff0-20260612-071444,finished,4,0,42,600000000,600064000.0,1cd5838f,rodent.xml,current_root,NVIDIA A100-SXM4-80GB,legacy-batch,old_eval,True,600064000.0,,169.0,502.0,1133.2986325822637,725.1538025779931,2.2575669971758243,320.0473372781065,3.2004733727810653,0.4497041420118343,0.17194202041118178,2.2018358680853383,41.065755471209975,0.022116358976363996,10.356062033155009,0.15474527836997018,0.07332925184670369,
no_efference_old,none,t201z077,RodentEncDec_delay4_eff0-20260612-071444,finished,4,0,42,600000000,600064000.0,1cd5838f,rodent.xml,current_root,NVIDIA A100-SXM4-80GB,legacy-batch,new_eval,True,600064000.0,,32.0,3002.0,3316.273018360138,2777.665684772793,1.1046878808661351,1035.46875,10.3546875,0.03125,0.09355666213973139,2.546703971090728,14.542721691351149,0.02255404770646785,11.715599213733883,0.16986999365819952,0.08402553909479413,
no_efference_old,none,t852j57z,RodentEncDec_delay30_eff0-20260612-071336,finished,30,0,42,600000000,600064000.0,1cd5838f,rodent.xml,current_root,NVIDIA A100-SXM4-80GB,legacy-batch,train,True,600064000.0,,673.0,502.0,677.739335302435,614.7483676656601,1.3500783571761654,216.3105497771174,2.163105497771174,0.24368499257057952,0.34964314417799514,2.6430951527098108,43.14224101245949,0.028009987518628345,12.429521740855254,0.1716761724653334,0.08062101807680082,
no_efference_old,none,t852j57z,RodentEncDec_delay30_eff0-20260612-071336,finished,30,0,42,600000000,600064000.0,1cd5838f,rodent.xml,current_root,NVIDIA A100-SXM4-80GB,legacy-batch,old_eval,True,600064000.0,,169.0,502.0,640.8352301106651,609.4005903224454,1.2765642034076994,202.7810650887574,2.027810650887574,0.20710059171597628,0.39101254741756636,2.5919983939822333,43.59980908422023,0.026674079434221936,13.252876922388065,0.16608732395038378,0.07848206478279293,
no_efference_old,none,t852j57z,RodentEncDec_delay30_eff0-20260612-071336,finished,30,0,42,600000000,600064000.0,1cd5838f,rodent.xml,current_root,NVIDIA A100-SXM4-80GB,legacy-batch,new_eval,True,600064000.0,,32.0,3002.0,893.0907113552094,827.4294775266009,0.2974985714041337,308.03125,3.0803125,0.0,0.324642386121538,2.8120768778535057,16.83528590773732,0.02769940474587904,13.319841663245116,0.1860012508999987,0.09026276484506779,
no_efference_old,none,ul1hea27,RodentEncDec_delay3_eff0-20260612-071444,finished,3,0,42,600000000,600064000.0,1cd5838f,rodent.xml,current_root,NVIDIA A100-SXM4-80GB,legacy-batch,train,True,600064000.0,,673.0,502.0,1202.2773792499243,707.0537523828822,2.394974859063594,334.69390787518574,3.346939078751857,0.49034175334323926,0.1522759257532775,2.175820743406619,40.291103948438646,0.020585509481930407,9.170732490531142,0.1468808213352402,0.0687751018451906,
no_efference_old,none,ul1hea27,RodentEncDec_delay3_eff0-20260612-071444,finished,3,0,42,600000000,600064000.0,1cd5838f,rodent.xml,current_root,NVIDIA A100-SXM4-80GB,legacy-batch,old_eval,True,600064000.0,,169.0,502.0,1190.1839989205084,721.6954338819492,2.3708844600010126,328.70414201183434,3.287041420118343,0.4674556213017751,0.16201328508937735,2.1604989683362943,40.757771875351054,0.02074114510219023,9.176697881626245,0.14526675091493285,0.06866290398334766,
no_efference_old,none,ul1hea27,RodentEncDec_delay3_eff0-20260612-071444,finished,3,0,42,600000000,600064000.0,1cd5838f,rodent.xml,current_root,NVIDIA A100-SXM4-80GB,legacy-batch,new_eval,True,600064000.0,,32.0,3002.0,4036.8633193969727,3300.4418203102096,1.344724623383402,1225.75,12.2575,0.0625,0.07648378543748725,2.439159013227965,14.841374216846475,0.021458153208507663,10.67787976150009,0.16525110882008734,0.08056031424095352,
no_efference_old,none,wtljxy6h,RodentEncDec_delay15_eff0-20260612-071444,finished,15,0,42,600000000,600064000.0,1cd5838f,rodent.xml,current_root,NVIDIA A100-SXM4-80GB,legacy-batch,train,True,600064000.0,,673.0,502.0,799.7883376168284,650.8732039208171,1.5932038597944789,251.1292719167905,2.511292719167905,0.3060921248142645,0.27631501094609784,2.721590326546433,42.06760618522147,0.027210812491098774,11.411605392616625,0.17101051208910423,0.0801915007840646,
no_efference_old,none,wtljxy6h,RodentEncDec_delay15_eff0-20260612-071444,finished,15,0,42,600000000,600064000.0,1cd5838f,rodent.xml,current_root,NVIDIA A100-SXM4-80GB,legacy-batch,old_eval,True,600064000.0,,169.0,502.0,736.8599407489484,656.5412267497536,1.4678484875477058,229.59171597633136,2.2959171597633135,0.2781065088757396,0.31442488595654755,2.626546222358253,42.83446343515301,0.027488150504412254,12.720327031497868,0.17270774688559454,0.08138585372677223,
no_efference_old,none,wtljxy6h,RodentEncDec_delay15_eff0-20260612-071444,finished,15,0,42,600000000,600064000.0,1cd5838f,rodent.xml,current_root,NVIDIA A100-SXM4-80GB,legacy-batch,new_eval,True,600064000.0,,32.0,3002.0,1040.8718936443329,799.962612075897,0.3467261471166998,356.03125,3.5603125,0.0,0.28087422101290266,2.9429458083717197,16.62764023899223,0.02762636656175295,13.18066888970335,0.1815005867520071,0.08767494141508957,
no_efference_old,none,xjfzwowg,RodentEncDec_delay2_eff0-20260612-071444,finished,2,0,42,600000000,600064000.0,1cd5838f,rodent.xml,current_root,NVIDIA A100-SXM4-80GB,legacy-batch,train,True,600064000.0,,673.0,502.0,1455.8568484460793,651.3581331386291,2.9001132439164925,394.72808320950963,3.9472808320950965,0.6924219910846954,0.07792149127429872,2.1147533091206623,39.74527717858164,0.016487561043703008,7.785224704369724,0.12075358799434847,0.0533869332886172,
no_efference_old,none,xjfzwowg,RodentEncDec_delay2_eff0-20260612-071444,finished,2,0,42,600000000,600064000.0,1cd5838f,rodent.xml,current_root,NVIDIA A100-SXM4-80GB,legacy-batch,old_eval,True,600064000.0,,169.0,502.0,1421.8525622215498,654.2195870837777,2.8323756219552783,389.8934911242604,3.8989349112426033,0.6627218934911243,0.08650519031141868,2.1266552215278165,39.700467054254425,0.017345232879606116,8.215002248895647,0.12385255808373968,0.05586311380692597,
no_efference_old,none,xjfzwowg,RodentEncDec_delay2_eff0-20260612-071444,finished,2,0,42,600000000,600064000.0,1cd5838f,rodent.xml,current_root,NVIDIA A100-SXM4-80GB,legacy-batch,new_eval,True,600064000.0,,32.0,3002.0,5974.297942638397,3541.5377828013925,1.9901059102726173,1773.8125,17.738125000000004,0.3125,0.038758324230999605,2.3462742282518465,15.46171704753116,0.018783647994207304,9.604969034839623,0.12304895150101237,0.055659008748802793,
no_efference_old,none,z06zkp6x,RodentEncDec_delay50_eff0-20260612-071444,finished,50,0,42,600000000,600064000.0,1cd5838f,rodent.xml,current_root,NVIDIA A100-SXM4-80GB,legacy-batch,train,True,600064000.0,,673.0,502.0,618.9963678073741,553.8141593588291,1.2330604936401874,203.23625557206537,2.032362555720654,0.17236255572065384,0.40722923277135203,2.6879464096077403,42.64551493921729,0.029578111080028866,13.660321706605817,0.18113080129914536,0.08422279669550839,
no_efference_old,none,z06zkp6x,RodentEncDec_delay50_eff0-20260612-071444,finished,50,0,42,600000000,600064000.0,1cd5838f,rodent.xml,current_root,NVIDIA A100-SXM4-80GB,legacy-batch,old_eval,True,600064000.0,,169.0,502.0,556.993178147536,540.6341468297396,1.10954816364051,181.62130177514794,1.816213017751479,0.14792899408284022,0.46914706457288075,2.597023588781731,42.96091341251926,0.028070878491904237,15.013501381527062,0.17808728533076443,0.0827564858907102,
no_efference_old,none,z06zkp6x,RodentEncDec_delay50_eff0-20260612-071444,finished,50,0,42,600000000,600064000.0,1cd5838f,rodent.xml,current_root,NVIDIA A100-SXM4-80GB,legacy-batch,new_eval,True,600064000.0,,32.0,3002.0,933.1369712352753,744.2302646204549,0.31083843145745343,339.65625,3.3965625000000004,0.0,0.29441530959609896,2.859593271506785,15.495179796022203,0.03154434001812238,14.253919285641125,0.20635997528547184,0.10105591055690208,
pgfm,implicit,16qfobwj,RodentForwardModel_delay100_eff100_nodetach-20260813-054949,finished,100,100,42,600000000,600064000.0,25732c42,rodent_no_tail_collisions.xml,reference_root,NVIDIA A100-SXM4-80GB,eval3ds-347333e3,train,True,600064000.0,rodent_no_tail_collisions.xml,673.0,502.0,758.9773073012195,387.6613372603625,1.5119069866558157,276.4130757800892,2.764130757800892,0.24962852897473997,0.2714674292840785,2.521212650064494,39.057671694502346,0.02865101368223666,15.136634290034893,0.20258887092969652,0.1041208578394946,0.7946997012489272
pgfm,implicit,16qfobwj,RodentForwardModel_delay100_eff100_nodetach-20260813-054949,finished,100,100,42,600000000,600064000.0,25732c42,rodent_no_tail_collisions.xml,reference_root,NVIDIA A100-SXM4-80GB,eval3ds-347333e3,old_eval,True,600064000.0,rodent_no_tail_collisions.xml,169.0,502.0,719.300250081621,416.46991931907854,1.4328690240669741,265.93491124260356,2.6593491124260353,0.242603550295858,0.28480519769485796,2.492777566867286,39.24988349973126,0.02939399520632661,15.94668466763105,0.20224152550092137,0.10370318358311646,0.7823970740133442
pgfm,implicit,16qfobwj,RodentForwardModel_delay100_eff100_nodetach-20260813-054949,finished,100,100,42,600000000,600064000.0,25732c42,rodent_no_tail_collisions.xml,reference_root,NVIDIA A100-SXM4-80GB,eval3ds-347333e3,new_eval,True,600064000.0,rodent_no_tail_collisions.xml,32.0,3002.0,1383.5906820297241,1044.45783487958,0.46088963425373886,576.09375,5.7609375,0.03125,0.1681583943585571,2.837635252882246,13.142679791369577,0.03064915966841972,20.825338500089792,0.24492770792180077,0.12662384495291223,1.288293878315987
pgfm,implicit,7qsntx62,RodentForwardModel_delay3_eff3_nodetach-20260812-091605,finished,3,3,42,600000000,600064000.0,25732c42,rodent_no_tail_collisions.xml,reference_root,NVIDIA A100-SXM4-80GB,eval3ds-347333e3,train,True,600064000.0,rodent_no_tail_collisions.xml,673.0,502.0,2128.0963216841133,149.3003611697978,4.239235700565962,486.40564635958395,4.86405646359584,0.986627043090639,0.002749342448930954,1.2837141510932948,37.12900068879804,0.0067807189090391025,2.7241762333720136,0.04671271565714852,0.02231432914889217,0.43695379025152636
pgfm,implicit,7qsntx62,RodentForwardModel_delay3_eff3_nodetach-20260812-091605,finished,3,3,42,600000000,600064000.0,25732c42,rodent_no_tail_collisions.xml,reference_root,NVIDIA A100-SXM4-80GB,eval3ds-347333e3,old_eval,True,600064000.0,rodent_no_tail_collisions.xml,169.0,502.0,2102.8604680349135,183.75349904953768,4.1889650757667605,484.72189349112426,4.8472189349112424,0.9822485207100592,0.0036621987841499995,1.3109081913021483,37.89983497595846,0.00708264235841151,3.061252364252231,0.04954343119549453,0.023648472639738207,0.43697368006782533
pgfm,implicit,7qsntx62,RodentForwardModel_delay3_eff3_nodetach-20260812-091605,finished,3,3,42,600000000,600064000.0,25732c42,rodent_no_tail_collisions.xml,reference_root,NVIDIA A100-SXM4-80GB,eval3ds-347333e3,new_eval,True,600064000.0,rodent_no_tail_collisions.xml,32.0,3002.0,10161.33475112915,3813.162002050493,3.3848550137005833,2423.5625,24.235625,0.625,0.015473089718131883,1.3924184718062311,12.980880111057647,0.008529276505943354,3.9977583808110193,0.06233950732564132,0.031474503583579415,0.5968167124891945
pgfm,implicit,cgs8q5gj,RodentForwardModel_delay10_eff10_nodetach-20260812-072521,finished,10,10,42,600000000,600064000.0,25732c42,rodent_no_tail_collisions.xml,reference_root,NVIDIA H200,eval3ds-347333e3,train,True,600064000.0,rodent_no_tail_collisions.xml,673.0,502.0,1837.2062324875353,527.2800815700332,3.659773371489114,444.58395245170874,4.445839524517088,0.8291233283803863,0.03843518657776442,1.433681296628553,38.36040456815271,0.011983966101064794,3.960259642651536,0.07645718607835739,0.03814928514093649,0.46786995481252663
pgfm,implicit,cgs8q5gj,RodentForwardModel_delay10_eff10_nodetach-20260812-072521,finished,10,10,42,600000000,600064000.0,25732c42,rodent_no_tail_collisions.xml,reference_root,NVIDIA H200,eval3ds-347333e3,old_eval,True,600064000.0,rodent_no_tail_collisions.xml,169.0,502.0,1736.1930734307102,599.5372222664809,3.4585519391050004,425.1834319526627,4.251834319526627,0.7514792899408285,0.05845023380093519,1.457929408953643,38.75198587165891,0.013205757112086925,4.989207489126541,0.085482135499679,0.04263891852529342,0.45685376057292554
pgfm,implicit,cgs8q5gj,RodentForwardModel_delay10_eff10_nodetach-20260812-072521,finished,10,10,42,600000000,600064000.0,25732c42,rodent_no_tail_collisions.xml,reference_root,NVIDIA H200,eval3ds-347333e3,new_eval,True,600064000.0,rodent_no_tail_collisions.xml,32.0,3002.0,5315.767732143402,4107.152584242777,1.7707420826593612,1316.34375,13.1634375,0.15625,0.06409799871804002,1.4040195810771527,14.389165000539602,0.01209371121394664,6.130878861081181,0.0789784938491993,0.03984351418512816,0.5391482713956477
pgfm,implicit,efc0z8fe,RodentForwardModel_delay0_eff0_nodetach-20260812-072126,finished,0,0,42,600000000,600064000.0,25732c42,rodent_no_tail_collisions.xml,reference_root,NVIDIA A100-SXM4-80GB,eval3ds-347333e3,train,True,600064000.0,rodent_no_tail_collisions.xml,673.0,502.0,2165.6418724570194,140.80326417780165,4.314027634376533,487.19019316493313,4.871901931649331,0.9955423476968797,0.0009149716816264505,1.2056135785019113,36.77644833513704,0.006446640999818298,2.6830564734585276,0.04103527772223113,0.019896680677478948,0.4625858361142921
pgfm,implicit,efc0z8fe,RodentForwardModel_delay0_eff0_nodetach-20260812-072126,finished,0,0,42,600000000,600064000.0,25732c42,rodent_no_tail_collisions.xml,reference_root,NVIDIA A100-SXM4-80GB,eval3ds-347333e3,old_eval,True,600064000.0,rodent_no_tail_collisions.xml,169.0,502.0,2133.370625151685,215.20389985071608,4.249742281178656,484.20118343195264,4.842011834319527,0.9881656804733728,0.0024440914090186868,1.2382784736271228,37.672141863649045,0.0069642852707429165,2.97771869052881,0.04497869129628583,0.02211052961273042,0.4571084463996362
pgfm,implicit,efc0z8fe,RodentForwardModel_delay0_eff0_nodetach-20260812-072126,finished,0,0,42,600000000,600064000.0,25732c42,rodent_no_tail_collisions.xml,reference_root,NVIDIA A100-SXM4-80GB,eval3ds-347333e3,new_eval,True,600064000.0,rodent_no_tail_collisions.xml,32.0,3002.0,11094.126880645752,3428.1733401374872,3.695578574498918,2586.03125,25.8603125,0.6875,0.012084154048795814,1.2872862117258146,12.52904362131042,0.0076512892058861436,3.586711224406166,0.05183689261017624,0.027280026451720406,0.5812451499369717
pgfm,implicit,jtjbb7u6,RodentForwardModel_delay2_eff2_nodetach-20260812-084447,finished,2,2,42,600000000,600064000.0,25732c42,rodent_no_tail_collisions.xml,reference_root,NVIDIA A100-SXM4-80GB,eval3ds-347333e3,train,True,600064000.0,rodent_no_tail_collisions.xml,673.0,502.0,2130.0184410287934,177.12601110169825,4.243064623563334,484.8588410104012,4.8485884101040115,0.9806835066864784,0.003983941650577681,1.2660329083619848,37.013006885761264,0.007032104747684424,2.876183379181776,0.045684381831090304,0.021515904380126506,0.45271202745419387
pgfm,implicit,jtjbb7u6,RodentForwardModel_delay2_eff2_nodetach-20260812-084447,finished,2,2,42,600000000,600064000.0,25732c42,rodent_no_tail_collisions.xml,reference_root,NVIDIA A100-SXM4-80GB,eval3ds-347333e3,old_eval,True,600064000.0,rodent_no_tail_collisions.xml,169.0,502.0,2121.4672750439163,134.44542881542927,4.226030428374335,486.42011834319527,4.864201183431953,0.9822485207100592,0.0036494130527340144,1.2933266637043546,37.628309732126816,0.00720906664490461,2.9720507644187117,0.04735160675938387,0.022543434179165975,0.44905435152771966
pgfm,implicit,jtjbb7u6,RodentForwardModel_delay2_eff2_nodetach-20260812-084447,finished,2,2,42,600000000,600064000.0,25732c42,rodent_no_tail_collisions.xml,reference_root,NVIDIA A100-SXM4-80GB,eval3ds-347333e3,new_eval,True,600064000.0,rodent_no_tail_collisions.xml,32.0,3002.0,9765.92679977417,3729.509127521953,3.2531401731426284,2325.875,23.25875,0.5,0.021497285967646586,1.3927375409054563,13.25502023683363,0.008103681511067985,4.790355633841328,0.06105288918758869,0.02966642697594074,0.615328460399327
pgfm,implicit,k4cwiv1u,RodentForwardModel_delay15_eff15_nodetach-20260813-060058,finished,15,15,42,600000000,600064000.0,25732c42,rodent_no_tail_collisions.xml,reference_root,NVIDIA A100-SXM4-80GB,eval3ds-347333e3,train,True,600064000.0,rodent_no_tail_collisions.xml,673.0,502.0,1619.6768278374184,615.8563434060807,3.226447864217965,416.19762258543835,4.161976225854383,0.7340267459138188,0.0639055197946455,1.5296741868564188,38.64077308274926,0.01656950912819889,6.1990949035608605,0.10667873809606077,0.05280857753038249,0.4405959819427782
pgfm,implicit,k4cwiv1u,RodentForwardModel_delay15_eff15_nodetach-20260813-060058,finished,15,15,42,600000000,600064000.0,25732c42,rodent_no_tail_collisions.xml,reference_root,NVIDIA A100-SXM4-80GB,eval3ds-347333e3,old_eval,True,600064000.0,rodent_no_tail_collisions.xml,169.0,502.0,1504.8337677724262,664.3876545092951,2.9976768282319246,390.8698224852071,3.9086982248520714,0.6390532544378698,0.09234449036438229,1.5576359997619191,39.48099766020507,0.017740611687369772,7.295487684082796,0.11571521297134833,0.05742880982957935,0.4390292398872547
pgfm,implicit,k4cwiv1u,RodentForwardModel_delay15_eff15_nodetach-20260813-060058,finished,15,15,42,600000000,600064000.0,25732c42,rodent_no_tail_collisions.xml,reference_root,NVIDIA A100-SXM4-80GB,eval3ds-347333e3,new_eval,True,600064000.0,rodent_no_tail_collisions.xml,32.0,3002.0,3860.097298145294,3253.055626773665,1.285841871467453,1031.5,10.315,0.03125,0.09391662627241881,1.603193868033113,15.292910681222791,0.018368558676900577,10.515601985985139,0.12241185468314372,0.060204892570051294,0.5255005368544395
pgfm,implicit,kwk401pl,RodentForwardModel_delay10_eff10_nodetach-20260812-100602,finished,10,10,42,600000000,600064000.0,25732c42,rodent_no_tail_collisions.xml,reference_root,NVIDIA A100-SXM4-80GB,eval3ds-347333e3,train,True,600064000.0,rodent_no_tail_collisions.xml,673.0,502.0,1866.0293472652804,492.031155348742,3.7171899347913953,450.59732540861813,4.505973254086181,0.8454680534918276,0.03429490984395816,1.4146624626974347,38.032339830657335,0.010763690919577702,4.147405788058034,0.07420720382216078,0.03763141570373164,0.44085110263617505
pgfm,implicit,kwk401pl,RodentForwardModel_delay10_eff10_nodetach-20260812-100602,finished,10,10,42,600000000,600064000.0,25732c42,rodent_no_tail_collisions.xml,reference_root,NVIDIA A100-SXM4-80GB,eval3ds-347333e3,old_eval,True,600064000.0,rodent_no_tail_collisions.xml,169.0,502.0,1735.0754584137505,593.7657763228825,3.456325614370021,422.8047337278106,4.228047337278106,0.7455621301775148,0.060178576426792064,1.4312377115654378,38.51650996004549,0.012313185899928672,5.145458130480339,0.08305987190078762,0.04217305745325087,0.44027141369415274
pgfm,implicit,kwk401pl,RodentForwardModel_delay10_eff10_nodetach-20260812-100602,finished,10,10,42,600000000,600064000.0,25732c42,rodent_no_tail_collisions.xml,reference_root,NVIDIA A100-SXM4-80GB,eval3ds-347333e3,new_eval,True,600064000.0,rodent_no_tail_collisions.xml,32.0,3002.0,6402.666919231415,4431.825216503317,2.1328004394508375,1577.4375,15.774375000000001,0.25,0.04754546535124212,1.4081659261193622,14.652530622868774,0.010789145202001525,6.313588136393993,0.08058522464737386,0.040870860006369206,0.5500731833742754
pgfm,implicit,lxgp2zfn,RodentForwardModel_delay50_eff50_nodetach-20260812-100615,finished,50,50,42,600000000,600064000.0,25732c42,rodent_no_tail_collisions.xml,reference_root,NVIDIA H200,eval3ds-347333e3,train,True,600064000.0,rodent_no_tail_collisions.xml,673.0,502.0,850.6440893572826,476.133999154505,1.6945101381619176,292.28974739970283,2.922897473997028,0.33135215453194655,0.22876199094102515,2.4036869645988954,39.11881881354132,0.02775825042889945,12.951538216975015,0.19568008080208915,0.09672731462131513,0.7468885978666936
pgfm,implicit,lxgp2zfn,RodentForwardModel_delay50_eff50_nodetach-20260812-100615,finished,50,50,42,600000000,600064000.0,25732c42,rodent_no_tail_collisions.xml,reference_root,NVIDIA H200,eval3ds-347333e3,old_eval,True,600064000.0,rodent_no_tail_collisions.xml,169.0,502.0,802.4467267820821,479.45086446486613,1.5984994557411996,283.4852071005917,2.8348520710059173,0.33136094674556216,0.23586382516854867,2.3867961366288215,39.520091484653044,0.030022407280485847,14.471308318604336,0.20943969418959985,0.10368691448102497,0.7483368004625455
pgfm,implicit,lxgp2zfn,RodentForwardModel_delay50_eff50_nodetach-20260812-100615,finished,50,50,42,600000000,600064000.0,25732c42,rodent_no_tail_collisions.xml,reference_root,NVIDIA H200,eval3ds-347333e3,new_eval,True,600064000.0,rodent_no_tail_collisions.xml,32.0,3002.0,1735.8714656829834,1323.226018601942,0.5782383296745448,642.125,6.421250000000001,0.0,0.15573291804555187,2.4529340722415522,13.236877277239726,0.028096273487101246,17.493645248203425,0.21178324967543619,0.1055353690833906,0.9404482961898339
pgfm,implicit,mwaeczx8,RodentForwardModel_delay1_eff1_nodetach-20260812-074056,finished,1,1,42,600000000,600064000.0,25732c42,rodent_no_tail_collisions.xml,reference_root,NVIDIA H200,eval3ds-347333e3,train,True,600064000.0,rodent_no_tail_collisions.xml,673.0,502.0,2161.9506763384566,89.43655013107944,4.306674654060671,488.38038632986627,4.883803863298663,0.9970282317979198,0.0006084945843981966,1.2228304414461761,36.958653468222955,0.006739515600196668,2.6631667149553677,0.04272345445018944,0.02026499731390122,0.44619143669705885
pgfm,implicit,mwaeczx8,RodentForwardModel_delay1_eff1_nodetach-20260812-074056,finished,1,1,42,600000000,600064000.0,25732c42,rodent_no_tail_collisions.xml,reference_root,NVIDIA H200,eval3ds-347333e3,old_eval,True,600064000.0,rodent_no_tail_collisions.xml,169.0,502.0,2140.915050619453,98.80915298920206,4.264771017170225,489.0,4.89,1.0,0.0,1.2557409225129486,37.70960911219159,0.007005191498715776,3.0176838672763635,0.046546571314536093,0.022421222401776582,0.44607746217833627
pgfm,implicit,mwaeczx8,RodentForwardModel_delay1_eff1_nodetach-20260812-074056,finished,1,1,42,600000000,600064000.0,25732c42,rodent_no_tail_collisions.xml,reference_root,NVIDIA H200,eval3ds-347333e3,new_eval,True,600064000.0,rodent_no_tail_collisions.xml,32.0,3002.0,10808.992204666138,3487.136127353159,3.6005970035530104,2545.75,25.4575,0.65625,0.013502896985171365,1.3177186573508297,12.556058503280664,0.007888915187929385,4.395083759794781,0.05538877457379425,0.028893644576334754,0.6239206031847305
pgfm,implicit,tb05rkir,RodentForwardModel_delay70_eff70_nodetach-20260813-055608,finished,70,70,42,600000000,600064000.0,25732c42,rodent_no_tail_collisions.xml,reference_root,NVIDIA A100-SXM4-80GB,eval3ds-347333e3,train,True,600064000.0,rodent_no_tail_collisions.xml,673.0,502.0,799.2334983678311,439.1187786040944,1.5920986023263568,287.1248142644874,2.8712481426448737,0.3060921248142645,0.24167464486247314,2.5402695910675144,39.18996186259321,0.02835182856014786,14.48971969723653,0.2050446230147923,0.10229075005171397,0.7109789024404789
pgfm,implicit,tb05rkir,RodentForwardModel_delay70_eff70_nodetach-20260813-055608,finished,70,70,42,600000000,600064000.0,25732c42,rodent_no_tail_collisions.xml,reference_root,NVIDIA A100-SXM4-80GB,eval3ds-347333e3,old_eval,True,600064000.0,rodent_no_tail_collisions.xml,169.0,502.0,709.4986101861537,420.83515037074477,1.413343844992338,263.1301775147929,2.631301775147929,0.23668639053254437,0.29008972542670175,2.500023416935167,39.255837072929744,0.031091622534630055,16.105076712536523,0.21800810360192574,0.10925028381899034,0.703511581761644
pgfm,implicit,tb05rkir,RodentForwardModel_delay70_eff70_nodetach-20260813-055608,finished,70,70,42,600000000,600064000.0,25732c42,rodent_no_tail_collisions.xml,reference_root,NVIDIA A100-SXM4-80GB,eval3ds-347333e3,new_eval,True,600064000.0,rodent_no_tail_collisions.xml,32.0,3002.0,1552.933503627777,1172.5963084952048,0.5172996347860683,586.78125,5.8678125,0.0,0.1704212600521915,2.5942785136312674,13.944878960841315,0.025824823882678576,16.218928337251835,0.20438086343380787,0.10242853063754155,0.932080561559807
pgfm,implicit,th9oxbti,RodentForwardModel_delay5_eff5_nodetach-20260812-092359,finished,5,5,42,600000000,600064000.0,25732c42,rodent_no_tail_collisions.xml,reference_root,NVIDIA A100-SXM4-80GB,eval3ds-347333e3,train,True,600064000.0,rodent_no_tail_collisions.xml,673.0,502.0,2076.9265796950453,224.23208659015677,4.1373039436156285,482.17236255572067,4.821723625557206,0.9702823179791976,0.00616329021084616,1.3155755622464858,37.314970864138445,0.007900660734353856,3.1343151777074034,0.0527405863600875,0.025537917552289364,0.4330448391199365
pgfm,implicit,th9oxbti,RodentForwardModel_delay5_eff5_nodetach-20260812-092359,finished,5,5,42,600000000,600064000.0,25732c42,rodent_no_tail_collisions.xml,reference_root,NVIDIA A100-SXM4-80GB,eval3ds-347333e3,old_eval,True,600064000.0,rodent_no_tail_collisions.xml,169.0,502.0,2022.456257114749,331.65449866863446,4.028797324929779,474.1301775147929,4.741301775147929,0.9467455621301775,0.01123202875399362,1.3484119766155078,38.316600430692844,0.008692504241553241,3.610185197341265,0.058789732016165136,0.0290803113328078,0.43850234339461414
pgfm,implicit,th9oxbti,RodentForwardModel_delay5_eff5_nodetach-20260812-092359,finished,5,5,42,600000000,600064000.0,25732c42,rodent_no_tail_collisions.xml,reference_root,NVIDIA A100-SXM4-80GB,eval3ds-347333e3,new_eval,True,600064000.0,rodent_no_tail_collisions.xml,32.0,3002.0,8629.01812171936,4380.0700400769365,2.874423091845223,2098.40625,20.9840625,0.5,0.023827607261463313,1.3748144084717728,13.803832194407772,0.01033476607857901,5.157746386890156,0.07311656688456274,0.03700097444564797,0.6185010971359496
pgfm,implicit,via4qt5i,RodentForwardModel_delay30_eff30_nodetach-20260812-100615,finished,30,30,42,600000000,600064000.0,25732c42,rodent_no_tail_collisions.xml,reference_root,NVIDIA H200,eval3ds-347333e3,train,True,600064000.0,rodent_no_tail_collisions.xml,673.0,502.0,1036.5920773487742,584.096543337436,2.064924456870068,321.9970282317979,3.219970282317979,0.43684992570579495,0.17489294152392204,1.9929730718004701,39.225045207203706,0.0259356339133272,12.388607035114024,0.17871782617473742,0.08730865952445102,0.5586027974098874
pgfm,implicit,via4qt5i,RodentForwardModel_delay30_eff30_nodetach-20260812-100615,finished,30,30,42,600000000,600064000.0,25732c42,rodent_no_tail_collisions.xml,reference_root,NVIDIA H200,eval3ds-347333e3,old_eval,True,600064000.0,rodent_no_tail_collisions.xml,169.0,502.0,942.2425765991211,605.9308191985181,1.8769772442213568,300.42011834319527,3.0042011834319524,0.4023668639053254,0.19893246144452545,1.941329123700053,39.87709391044477,0.02862138937525856,14.614615303826412,0.19667747835447535,0.09612394270459296,0.5402628420841299
pgfm,implicit,via4qt5i,RodentForwardModel_delay30_eff30_nodetach-20260812-100615,finished,30,30,42,600000000,600064000.0,25732c42,rodent_no_tail_collisions.xml,reference_root,NVIDIA H200,eval3ds-347333e3,new_eval,True,600064000.0,rodent_no_tail_collisions.xml,32.0,3002.0,2452.235307455063,2027.7879602757987,0.816867191024338,833.0,8.33,0.0,0.12004801920768307,2.0960925775376147,14.10893778016682,0.025552247640342723,12.348232668446734,0.17197550469558903,0.08424117957608843,0.9813179433740209
pgfm,implicit,yt776s6d,RodentForwardModel_delay20_eff20_nodetach-20260812-100615,finished,20,20,42,600000000,600064000.0,25732c42,rodent_no_tail_collisions.xml,reference_root,NVIDIA H200,eval3ds-347333e3,train,True,600064000.0,rodent_no_tail_collisions.xml,673.0,502.0,1411.6348573591167,677.6965769404959,2.812021628205412,376.72808320950963,3.767280832095097,0.62555720653789,0.09939338481805489,1.621068289249248,39.024371804294475,0.01936786123574669,7.811887309209978,0.12810226712975664,0.06290650580915104,0.47183265040155786
pgfm,implicit,yt776s6d,RodentForwardModel_delay20_eff20_nodetach-20260812-100615,finished,20,20,42,600000000,600064000.0,25732c42,rodent_no_tail_collisions.xml,reference_root,NVIDIA H200,eval3ds-347333e3,old_eval,True,600064000.0,rodent_no_tail_collisions.xml,169.0,502.0,1306.6535736174274,695.6947219726669,2.602895564974955,360.396449704142,3.6039644970414195,0.5739644970414202,0.11821301328254552,1.6486831624458178,39.23181668473333,0.021995201293792826,10.283711098828107,0.14766680472521987,0.07219728778794093,0.4657161361242257
pgfm,implicit,yt776s6d,RodentForwardModel_delay20_eff20_nodetach-20260812-100615,finished,20,20,42,600000000,600064000.0,25732c42,rodent_no_tail_collisions.xml,reference_root,NVIDIA H200,eval3ds-347333e3,new_eval,True,600064000.0,rodent_no_tail_collisions.xml,32.0,3002.0,4044.792989730835,3251.1505782375793,1.347366085853043,1104.75,11.0475,0.0625,0.08486082824168364,1.60943288297914,14.119077828182087,0.019046399570511782,8.152854166949208,0.11986425022585316,0.06096541808830744,0.5896395116075572
pgfm_2g,implicit,1dbmh27r,RodentForwardModel_delay10_eff10_nodetach-20260813-064420,finished,10,10,42,2000000000,2000076800.0,25732c42,rodent_no_tail_collisions.xml,reference_root,NVIDIA H200,eval3ds-347333e3,train,True,2000076800.0,rodent_no_tail_collisions.xml,673.0,502.0,2075.550553082357,249.55041981801162,4.134562854745731,481.2555720653789,4.812555720653789,0.9687964338781575,0.006483782824150548,1.3287963072480882,37.21686926210935,0.007692099758630128,3.0958602493682537,0.05263140603627094,0.025490773573528056,0.4784827568284316
pgfm_2g,implicit,1dbmh27r,RodentForwardModel_delay10_eff10_nodetach-20260813-064420,finished,10,10,42,2000000000,2000076800.0,25732c42,rodent_no_tail_collisions.xml,reference_root,NVIDIA H200,eval3ds-347333e3,old_eval,True,2000076800.0,rodent_no_tail_collisions.xml,169.0,502.0,1983.3865839489818,396.6798693627216,3.9509692907350233,467.2307692307692,4.672307692307692,0.9112426035502958,0.018996479319166183,1.364048522709226,38.16790508744865,0.009517190481003761,3.884504471043311,0.06328956226485033,0.0311954450410871,0.48662237387606067
pgfm_2g,implicit,1dbmh27r,RodentForwardModel_delay10_eff10_nodetach-20260813-064420,finished,10,10,42,2000000000,2000076800.0,25732c42,rodent_no_tail_collisions.xml,reference_root,NVIDIA H200,eval3ds-347333e3,new_eval,True,2000076800.0,rodent_no_tail_collisions.xml,32.0,3002.0,6529.42041015625,3962.5388821619154,2.1750234544158062,1589.0625,15.890625,0.125,0.05506391347099312,1.4416414724472861,13.809049555031365,0.010708531217545269,5.910056253483514,0.0747001428480969,0.03813870506828977,0.6165449309600091
pgfm_2g,implicit,6jz9o5p4,RodentForwardModel_delay50_eff50_nodetach-20260813-070412,finished,50,50,42,2000000000,2000076800.0,25732c42,rodent_no_tail_collisions.xml,reference_root,NVIDIA A100-SXM4-80GB,eval3ds-347333e3,train,True,2000076800.0,rodent_no_tail_collisions.xml,673.0,502.0,801.6552999873395,440.83029344144103,1.5969229083413137,292.33432392273403,2.92334323922734,0.35066864784546803,0.22211943621309235,2.6366676901911146,39.521199234987655,0.028130310982895545,15.042159348063468,0.20526331092106087,0.10198701243093372,1.0268892170450197
pgfm_2g,implicit,6jz9o5p4,RodentForwardModel_delay50_eff50_nodetach-20260813-070412,finished,50,50,42,2000000000,2000076800.0,25732c42,rodent_no_tail_collisions.xml,reference_root,NVIDIA A100-SXM4-80GB,eval3ds-347333e3,old_eval,True,2000076800.0,rodent_no_tail_collisions.xml,169.0,502.0,752.5492690498307,434.0112957086006,1.499102129581336,286.42011834319527,2.8642011834319527,0.3431952662721893,0.22931515339324451,2.5934278781383115,39.73088218651931,0.030180652640968707,16.7986982058531,0.21752713117191275,0.10831260857337847,1.057525242756893
pgfm_2g,implicit,6jz9o5p4,RodentForwardModel_delay50_eff50_nodetach-20260813-070412,finished,50,50,42,2000000000,2000076800.0,25732c42,rodent_no_tail_collisions.xml,reference_root,NVIDIA A100-SXM4-80GB,eval3ds-347333e3,new_eval,True,2000076800.0,rodent_no_tail_collisions.xml,32.0,3002.0,1577.5729999542236,1180.7615959353566,0.525507328432453,629.15625,6.2915624999999995,0.0,0.1589430288580937,2.802322796083836,14.849891794683138,0.030399757900535562,15.900437155899091,0.22147814310704061,0.11403033532101592,1.2913374802614985
pgfm_2g,implicit,nsfdsuk2,RodentForwardModel_delay0_eff0_nodetach-20260813-064425,finished,0,0,42,2000000000,2000076800.0,25732c42,rodent_no_tail_collisions.xml,reference_root,NVIDIA H200,eval3ds-347333e3,train,True,2000076800.0,rodent_no_tail_collisions.xml,673.0,502.0,2202.214241764698,139.32478297573616,4.386880959690633,487.1916790490342,4.871916790490342,0.9940564635958395,0.0012199585214102675,1.149377171824467,36.40109343567274,0.006062282316703173,2.476565862232612,0.03764299840312101,0.0173456582707572,0.521902407609563
pgfm_2g,implicit,nsfdsuk2,RodentForwardModel_delay0_eff0_nodetach-20260813-064425,finished,0,0,42,2000000000,2000076800.0,25732c42,rodent_no_tail_collisions.xml,reference_root,NVIDIA H200,eval3ds-347333e3,old_eval,True,2000076800.0,rodent_no_tail_collisions.xml,169.0,502.0,2178.6701703494823,144.36795949003056,4.339980419022873,487.24852071005915,4.872485207100592,0.9881656804733728,0.002428805634829062,1.2020493846576226,37.25630183485367,0.006183649909608715,2.777242698668501,0.04025461575567148,0.019109608275015857,0.5197313739084255
pgfm_2g,implicit,nsfdsuk2,RodentForwardModel_delay0_eff0_nodetach-20260813-064425,finished,0,0,42,2000000000,2000076800.0,25732c42,rodent_no_tail_collisions.xml,reference_root,NVIDIA H200,eval3ds-347333e3,new_eval,True,2000076800.0,rodent_no_tail_collisions.xml,32.0,3002.0,11045.079488754272,3438.5066037917136,3.679240336027406,2578.96875,25.7896875,0.71875,0.010905521829219528,1.3098405429402347,12.061287988061228,0.007195504085890621,3.7543810272170557,0.05266641250595239,0.02652454526114665,0.6789506723248174
pgfm_2g,implicit,x1wjdvt9,RodentForwardModel_delay20_eff20_nodetach-20260813-070304,finished,20,20,42,2000000000,2000076800.0,25732c42,rodent_no_tail_collisions.xml,reference_root,NVIDIA A100-SXM4-80GB,eval3ds-347333e3,train,True,2000076800.0,rodent_no_tail_collisions.xml,673.0,502.0,1737.6601452763687,589.8186996812382,3.461474392980814,428.46508172362553,4.284650817236256,0.7711738484398217,0.0534060210086802,1.5038748292424067,38.393349747709955,0.013596144397727087,5.018150525211843,0.08685744325234329,0.04317566527512576,0.4851848587235009
pgfm_2g,implicit,x1wjdvt9,RodentForwardModel_delay20_eff20_nodetach-20260813-070304,finished,20,20,42,2000000000,2000076800.0,25732c42,rodent_no_tail_collisions.xml,reference_root,NVIDIA A100-SXM4-80GB,eval3ds-347333e3,old_eval,True,2000076800.0,rodent_no_tail_collisions.xml,169.0,502.0,1524.695581424871,695.3262120354301,3.0372421940734484,383.42011834319527,3.834201183431953,0.6390532544378698,0.09413870798481436,1.541170691447579,39.02434357667733,0.016492222599058234,6.385930997817941,0.10429783787815093,0.051989707855588325,0.4942436853859515
pgfm_2g,implicit,x1wjdvt9,RodentForwardModel_delay20_eff20_nodetach-20260813-070304,finished,20,20,42,2000000000,2000076800.0,25732c42,rodent_no_tail_collisions.xml,reference_root,NVIDIA A100-SXM4-80GB,eval3ds-347333e3,new_eval,True,2000076800.0,rodent_no_tail_collisions.xml,32.0,3002.0,5006.635070323944,4094.9573913369118,1.667766512433026,1248.625,12.486250000000002,0.125,0.07007708479327258,1.5380758751462607,14.48554963343214,0.01582397034446252,7.388841932270443,0.10095962957787596,0.0524326924595208,0.5339766418102122
pgfm_4g,implicit,2pk2qbb4,RodentForwardModel_delay20_eff20_nodetach-20260819-010920,finished,20,20,43,4000000000,4000071680.0,afbeea09,rodent_no_tail_collisions.xml,reference_root,NVIDIA A100-SXM4-80GB,,train,False,,,,,,,,,,,,,,,,,,
pgfm_4g,implicit,2pk2qbb4,RodentForwardModel_delay20_eff20_nodetach-20260819-010920,finished,20,20,43,4000000000,4000071680.0,afbeea09,rodent_no_tail_collisions.xml,reference_root,NVIDIA A100-SXM4-80GB,,old_eval,False,,,,,,,,,,,,,,,,,,
pgfm_4g,implicit,2pk2qbb4,RodentForwardModel_delay20_eff20_nodetach-20260819-010920,finished,20,20,43,4000000000,4000071680.0,afbeea09,rodent_no_tail_collisions.xml,reference_root,NVIDIA A100-SXM4-80GB,,new_eval,False,,,,,,,,,,,,,,,,,,
pgfm_4g,implicit,4298lhzu,RodentForwardModel_delay30_eff30_nodetach-20260819-010613,finished,30,30,43,4000000000,4000071680.0,afbeea09,rodent_no_tail_collisions.xml,reference_root,NVIDIA H200,,train,False,,,,,,,,,,,,,,,,,,
pgfm_4g,implicit,4298lhzu,RodentForwardModel_delay30_eff30_nodetach-20260819-010613,finished,30,30,43,4000000000,4000071680.0,afbeea09,rodent_no_tail_collisions.xml,reference_root,NVIDIA H200,,old_eval,False,,,,,,,,,,,,,,,,,,
pgfm_4g,implicit,4298lhzu,RodentForwardModel_delay30_eff30_nodetach-20260819-010613,finished,30,30,43,4000000000,4000071680.0,afbeea09,rodent_no_tail_collisions.xml,reference_root,NVIDIA H200,,new_eval,False,,,,,,,,,,,,,,,,,,
pgfm_4g,implicit,eaj28ijq,RodentForwardModel_delay40_eff40_nodetach-20260819-005044,finished,40,40,43,4000000000,4000071680.0,afbeea09,rodent_no_tail_collisions.xml,reference_root,NVIDIA H200,,train,False,,,,,,,,,,,,,,,,,,
pgfm_4g,implicit,eaj28ijq,RodentForwardModel_delay40_eff40_nodetach-20260819-005044,finished,40,40,43,4000000000,4000071680.0,afbeea09,rodent_no_tail_collisions.xml,reference_root,NVIDIA H200,,old_eval,False,,,,,,,,,,,,,,,,,,
pgfm_4g,implicit,eaj28ijq,RodentForwardModel_delay40_eff40_nodetach-20260819-005044,finished,40,40,43,4000000000,4000071680.0,afbeea09,rodent_no_tail_collisions.xml,reference_root,NVIDIA H200,,new_eval,False,,,,,,,,,,,,,,,,,,
pgfm_4g,implicit,hrchcmls,RodentForwardModel_delay50_eff50_nodetach-20260818-223722,finished,50,50,43,4000000000,4000071680.0,afbeea09,rodent_no_tail_collisions.xml,reference_root,NVIDIA H200,,train,False,,,,,,,,,,,,,,,,,,
pgfm_4g,implicit,hrchcmls,RodentForwardModel_delay50_eff50_nodetach-20260818-223722,finished,50,50,43,4000000000,4000071680.0,afbeea09,rodent_no_tail_collisions.xml,reference_root,NVIDIA H200,,old_eval,False,,,,,,,,,,,,,,,,,,
pgfm_4g,implicit,hrchcmls,RodentForwardModel_delay50_eff50_nodetach-20260818-223722,finished,50,50,43,4000000000,4000071680.0,afbeea09,rodent_no_tail_collisions.xml,reference_root,NVIDIA H200,,new_eval,False,,,,,,,,,,,,,,,,,,
pgfm_4g,implicit,jhghg9vt,RodentForwardModel_delay20_eff20_nodetach-20260814-183946,crashed,20,20,43,4000000000,,13637960,rodent_no_tail_collisions.xml,reference_root,NVIDIA A100-SXM4-80GB,,train,False,,,,,,,,,,,,,,,,,,
pgfm_4g,implicit,jhghg9vt,RodentForwardModel_delay20_eff20_nodetach-20260814-183946,crashed,20,20,43,4000000000,,13637960,rodent_no_tail_collisions.xml,reference_root,NVIDIA A100-SXM4-80GB,,old_eval,False,,,,,,,,,,,,,,,,,,
pgfm_4g,implicit,jhghg9vt,RodentForwardModel_delay20_eff20_nodetach-20260814-183946,crashed,20,20,43,4000000000,,13637960,rodent_no_tail_collisions.xml,reference_root,NVIDIA A100-SXM4-80GB,,new_eval,False,,,,,,,,,,,,,,,,,,
