run_name,condition,network_class,dataset,delay_k,efference_length,step,proprio_size,probe,target,test_r2,val_r2,lambda,n_train,n_test,n_features
RodentEncDec_delay0_eff0-20260629-090548,efference,RodentEncDecDelays,old_eval,0,0,600064000,277,input::current_proprio,delta,,-inf,1.0,57019,24990,277
RodentEncDec_delay5_eff5-20260623-085807,efference,RodentEncDecDelays,old_eval,5,5,600064000,277,input::current_proprio,delta,0.6065150766374438,0.5575253284280275,1.0,54687,23992,277
RodentEncDec_delay10_eff10-20260611-120848,efference,RodentEncDecDelays,old_eval,10,10,600064000,277,input::current_proprio,delta,0.5313984090467423,0.500934645849276,100.0,49173,18907,277
RodentEncDec_delay20_eff20-20260626-084448,efference,RodentEncDecDelays,old_eval,20,20,600064000,277,input::current_proprio,delta,0.5575265630293746,0.5181238443790199,100.0,36353,14130,277
RodentEncDec_delay0_eff0-20260629-090548,efference,RodentEncDecDelays,old_eval,0,0,600064000,277,input::delayed_plus_efference,delta,,-inf,1.0,57019,24990,277
RodentEncDec_delay5_eff5-20260623-085807,efference,RodentEncDecDelays,old_eval,5,5,600064000,277,input::delayed_plus_efference,delta,0.8584810101845035,0.8116652806845353,100.0,54687,23992,467
RodentEncDec_delay10_eff10-20260611-120848,efference,RodentEncDecDelays,old_eval,10,10,600064000,277,input::delayed_plus_efference,delta,0.8544854107440991,0.8132317930650659,100.0,49173,18907,657
RodentEncDec_delay20_eff20-20260626-084448,efference,RodentEncDecDelays,old_eval,20,20,600064000,277,input::delayed_plus_efference,delta,0.8305103598812393,0.7642859303889632,100.0,36353,14130,1037
RodentEncDec_delay0_eff0-20260629-090548,efference,RodentEncDecDelays,old_eval,0,0,600064000,277,input::delayed_proprio,delta,,-inf,1.0,57019,24990,277
RodentEncDec_delay5_eff5-20260623-085807,efference,RodentEncDecDelays,old_eval,5,5,600064000,277,input::delayed_proprio,delta,0.5891834228714782,0.5505709587024966,100.0,54687,23992,277
RodentEncDec_delay10_eff10-20260611-120848,efference,RodentEncDecDelays,old_eval,10,10,600064000,277,input::delayed_proprio,delta,0.5087064433673147,0.4914855248904304,100.0,49173,18907,277
RodentEncDec_delay20_eff20-20260626-084448,efference,RodentEncDecDelays,old_eval,20,20,600064000,277,input::delayed_proprio,delta,0.5264216390857167,0.48083293490034873,100.0,36353,14130,277
RodentEncDec_delay0_eff0-20260629-090548,efference,RodentEncDecDelays,old_eval,0,0,600064000,277,layer::0/state/proprioception,delta,,-inf,1.0,57019,24990,277
RodentEncDec_delay5_eff5-20260623-085807,efference,RodentEncDecDelays,old_eval,5,5,600064000,277,layer::0/state/proprioception,delta,0.6064915659940346,0.5575116077194535,1.0,54687,23992,277
RodentEncDec_delay10_eff10-20260611-120848,efference,RodentEncDecDelays,old_eval,10,10,600064000,277,layer::0/state/proprioception,delta,0.5313971261801131,0.5009263473827531,100.0,49173,18907,277
RodentEncDec_delay20_eff20-20260626-084448,efference,RodentEncDecDelays,old_eval,20,20,600064000,277,layer::0/state/proprioception,delta,0.5575271446982848,0.5181222634597606,100.0,36353,14130,277
RodentEncDec_delay0_eff0-20260629-090548,efference,RodentEncDecDelays,old_eval,0,0,600064000,277,layer::0/state/task_obs,delta,,-inf,1.0,57019,24990,640
RodentEncDec_delay5_eff5-20260623-085807,efference,RodentEncDecDelays,old_eval,5,5,600064000,277,layer::0/state/task_obs,delta,0.0072256612997827485,0.0010503202413381096,1000.0,54687,23992,640
RodentEncDec_delay10_eff10-20260611-120848,efference,RodentEncDecDelays,old_eval,10,10,600064000,277,layer::0/state/task_obs,delta,0.007566595675862153,0.0026779698074954617,1000.0,49173,18907,640
RodentEncDec_delay20_eff20-20260626-084448,efference,RodentEncDecDelays,old_eval,20,20,600064000,277,layer::0/state/task_obs,delta,0.007132066225779554,-0.001865608719631373,1000.0,36353,14130,640
RodentEncDec_delay0_eff0-20260629-090548,efference,RodentEncDecDelays,old_eval,0,0,600064000,277,layer::1/state/proprioception,delta,,-inf,1.0,57019,24990,277
RodentEncDec_delay5_eff5-20260623-085807,efference,RodentEncDecDelays,old_eval,5,5,600064000,277,layer::1/state/proprioception,delta,0.6065019345717995,0.5575216981572173,1.0,54687,23992,277
RodentEncDec_delay10_eff10-20260611-120848,efference,RodentEncDecDelays,old_eval,10,10,600064000,277,layer::1/state/proprioception,delta,0.5313984918123313,0.5009337017123663,100.0,49173,18907,277
RodentEncDec_delay20_eff20-20260626-084448,efference,RodentEncDecDelays,old_eval,20,20,600064000,277,layer::1/state/proprioception,delta,0.5575265182856124,0.5181217364866741,100.0,36353,14130,277
RodentEncDec_delay0_eff0-20260629-090548,efference,RodentEncDecDelays,old_eval,0,0,600064000,277,layer::1/state/task_obs,delta,,-inf,1.0,57019,24990,640
RodentEncDec_delay5_eff5-20260623-085807,efference,RodentEncDecDelays,old_eval,5,5,600064000,277,layer::1/state/task_obs,delta,0.007219090266960548,0.0010539790969578133,1000.0,54687,23992,640
RodentEncDec_delay10_eff10-20260611-120848,efference,RodentEncDecDelays,old_eval,10,10,600064000,277,layer::1/state/task_obs,delta,0.007566430144684166,0.0026786654873237614,1000.0,49173,18907,640
RodentEncDec_delay20_eff20-20260626-084448,efference,RodentEncDecDelays,old_eval,20,20,600064000,277,layer::1/state/task_obs,delta,0.00713099237548398,-0.0018657327132989288,1000.0,36353,14130,640
RodentEncDec_delay0_eff0-20260629-090548,efference,RodentEncDecDelays,old_eval,0,0,600064000,277,layer::2/proprioception,delta,,-inf,1.0,57019,24990,277
RodentEncDec_delay5_eff5-20260623-085807,efference,RodentEncDecDelays,old_eval,5,5,600064000,277,layer::2/proprioception,delta,0.6065019345717995,0.5575216981572173,1.0,54687,23992,277
RodentEncDec_delay10_eff10-20260611-120848,efference,RodentEncDecDelays,old_eval,10,10,600064000,277,layer::2/proprioception,delta,0.5313984918123313,0.5009337017123663,100.0,49173,18907,277
RodentEncDec_delay20_eff20-20260626-084448,efference,RodentEncDecDelays,old_eval,20,20,600064000,277,layer::2/proprioception,delta,0.5575265182856124,0.5181217364866741,100.0,36353,14130,277
RodentEncDec_delay0_eff0-20260629-090548,efference,RodentEncDecDelays,old_eval,0,0,600064000,277,layer::2/task_obs,delta,,-inf,1.0,57019,24990,640
RodentEncDec_delay5_eff5-20260623-085807,efference,RodentEncDecDelays,old_eval,5,5,600064000,277,layer::2/task_obs,delta,0.007219090266960548,0.0010539790969578133,1000.0,54687,23992,640
RodentEncDec_delay10_eff10-20260611-120848,efference,RodentEncDecDelays,old_eval,10,10,600064000,277,layer::2/task_obs,delta,0.007566430144684166,0.0026786654873237614,1000.0,49173,18907,640
RodentEncDec_delay20_eff20-20260626-084448,efference,RodentEncDecDelays,old_eval,20,20,600064000,277,layer::2/task_obs,delta,0.00713099237548398,-0.0018657327132989288,1000.0,36353,14130,640
RodentEncDec_delay0_eff0-20260629-090548,efference,RodentEncDecDelays,old_eval,0,0,600064000,277,layer::3/action/0/proprioception/0,delta,,-inf,1.0,57019,24990,277
RodentEncDec_delay5_eff5-20260623-085807,efference,RodentEncDecDelays,old_eval,5,5,600064000,277,layer::3/action/0/proprioception/0,delta,0.6065019345717995,0.5575216981572173,1.0,54687,23992,277
RodentEncDec_delay10_eff10-20260611-120848,efference,RodentEncDecDelays,old_eval,10,10,600064000,277,layer::3/action/0/proprioception/0,delta,0.5313984918123313,0.5009337017123663,100.0,49173,18907,277
RodentEncDec_delay20_eff20-20260626-084448,efference,RodentEncDecDelays,old_eval,20,20,600064000,277,layer::3/action/0/proprioception/0,delta,0.5575265182856124,0.5181217364866741,100.0,36353,14130,277
RodentEncDec_delay5_eff5-20260623-085807,efference,RodentEncDecDelays,old_eval,5,5,600064000,277,layer::3/action/0/proprioception/1,delta,0.5891831241881681,0.5505697581404965,100.0,54687,23992,277
RodentEncDec_delay10_eff10-20260611-120848,efference,RodentEncDecDelays,old_eval,10,10,600064000,277,layer::3/action/0/proprioception/1,delta,0.5087044569931791,0.4914845310621043,100.0,49173,18907,277
RodentEncDec_delay20_eff20-20260626-084448,efference,RodentEncDecDelays,old_eval,20,20,600064000,277,layer::3/action/0/proprioception/1,delta,0.5264197151039371,0.48083274890984773,100.0,36353,14130,277
RodentEncDec_delay0_eff0-20260629-090548,efference,RodentEncDecDelays,old_eval,0,0,600064000,277,layer::3/action/0/task_obs/0,delta,,-inf,1.0,57019,24990,640
RodentEncDec_delay5_eff5-20260623-085807,efference,RodentEncDecDelays,old_eval,5,5,600064000,277,layer::3/action/0/task_obs/0,delta,0.007219090266960548,0.0010539790969578133,1000.0,54687,23992,640
RodentEncDec_delay10_eff10-20260611-120848,efference,RodentEncDecDelays,old_eval,10,10,600064000,277,layer::3/action/0/task_obs/0,delta,0.007566430144684166,0.0026786654873237614,1000.0,49173,18907,640
RodentEncDec_delay20_eff20-20260626-084448,efference,RodentEncDecDelays,old_eval,20,20,600064000,277,layer::3/action/0/task_obs/0,delta,0.00713099237548398,-0.0018657327132989288,1000.0,36353,14130,640
RodentEncDec_delay0_eff0-20260629-090548,efference,RodentEncDecDelays,old_eval,0,0,600064000,277,layer::3/action/0/task_obs/1,delta,,-inf,1.0,57019,24990,512
RodentEncDec_delay5_eff5-20260623-085807,efference,RodentEncDecDelays,old_eval,5,5,600064000,277,layer::3/action/0/task_obs/1,delta,0.0079418185393072,-0.030636169800171587,1000.0,54687,23992,512
RodentEncDec_delay10_eff10-20260611-120848,efference,RodentEncDecDelays,old_eval,10,10,600064000,277,layer::3/action/0/task_obs/1,delta,0.008324231877398391,-0.01695471124317982,1000.0,49173,18907,512
RodentEncDec_delay20_eff20-20260626-084448,efference,RodentEncDecDelays,old_eval,20,20,600064000,277,layer::3/action/0/task_obs/1,delta,0.014030033087117366,-0.03571711985525483,1000.0,36353,14130,512
RodentEncDec_delay0_eff0-20260629-090548,efference,RodentEncDecDelays,old_eval,0,0,600064000,277,layer::3/action/0/task_obs/2,delta,,-inf,1.0,57019,24990,512
RodentEncDec_delay5_eff5-20260623-085807,efference,RodentEncDecDelays,old_eval,5,5,600064000,277,layer::3/action/0/task_obs/2,delta,0.007191867416697417,-0.0613029825161584,1000.0,54687,23992,512
RodentEncDec_delay10_eff10-20260611-120848,efference,RodentEncDecDelays,old_eval,10,10,600064000,277,layer::3/action/0/task_obs/2,delta,0.009559425527357557,-0.035939614990906366,1000.0,49173,18907,512
RodentEncDec_delay20_eff20-20260626-084448,efference,RodentEncDecDelays,old_eval,20,20,600064000,277,layer::3/action/0/task_obs/2,delta,0.012266144489062936,-0.06794728979601561,1000.0,36353,14130,512
RodentEncDec_delay0_eff0-20260629-090548,efference,RodentEncDecDelays,old_eval,0,0,600064000,277,layer::3/action/0/task_obs/3,delta,,-inf,1.0,57019,24990,512
RodentEncDec_delay5_eff5-20260623-085807,efference,RodentEncDecDelays,old_eval,5,5,600064000,277,layer::3/action/0/task_obs/3,delta,0.015232422124513922,-0.034319837034570755,1000.0,54687,23992,512
RodentEncDec_delay10_eff10-20260611-120848,efference,RodentEncDecDelays,old_eval,10,10,600064000,277,layer::3/action/0/task_obs/3,delta,0.017658038409192445,-0.025219983899981147,1000.0,49173,18907,512
RodentEncDec_delay20_eff20-20260626-084448,efference,RodentEncDecDelays,old_eval,20,20,600064000,277,layer::3/action/0/task_obs/3,delta,0.033713530030491934,-0.054383374532295914,1000.0,36353,14130,512
RodentEncDec_delay0_eff0-20260629-090548,efference,RodentEncDecDelays,old_eval,0,0,600064000,277,layer::3/action/0/task_obs/4,delta,,-inf,1.0,57019,24990,512
RodentEncDec_delay5_eff5-20260623-085807,efference,RodentEncDecDelays,old_eval,5,5,600064000,277,layer::3/action/0/task_obs/4,delta,0.01912520437405496,-0.02687429452690071,1000.0,54687,23992,512
RodentEncDec_delay10_eff10-20260611-120848,efference,RodentEncDecDelays,old_eval,10,10,600064000,277,layer::3/action/0/task_obs/4,delta,0.015366259250296,-0.019514813011200394,1000.0,49173,18907,512
RodentEncDec_delay20_eff20-20260626-084448,efference,RodentEncDecDelays,old_eval,20,20,600064000,277,layer::3/action/0/task_obs/4,delta,0.042001685587014004,-0.03633225243920335,1000.0,36353,14130,512
RodentEncDec_delay0_eff0-20260629-090548,efference,RodentEncDecDelays,old_eval,0,0,600064000,277,layer::3/action/0/task_obs/5,delta,,-inf,1.0,57019,24990,64
RodentEncDec_delay5_eff5-20260623-085807,efference,RodentEncDecDelays,old_eval,5,5,600064000,277,layer::3/action/0/task_obs/5,delta,0.016654752047196797,0.002692689057643416,1000.0,54687,23992,64
RodentEncDec_delay10_eff10-20260611-120848,efference,RodentEncDecDelays,old_eval,10,10,600064000,277,layer::3/action/0/task_obs/5,delta,0.024592470516414222,0.010823983065165299,1000.0,49173,18907,64
RodentEncDec_delay20_eff20-20260626-084448,efference,RodentEncDecDelays,old_eval,20,20,600064000,277,layer::3/action/0/task_obs/5,delta,0.037839978766400106,0.002701078050541761,1000.0,36353,14130,64
RodentEncDec_delay0_eff0-20260629-090548,efference,RodentEncDecDelays,old_eval,0,0,600064000,277,layer::3/action/0/task_obs/6,delta,,-inf,1.0,57019,24990,32
RodentEncDec_delay5_eff5-20260623-085807,efference,RodentEncDecDelays,old_eval,5,5,600064000,277,layer::3/action/0/task_obs/6,delta,0.011433341096254823,0.002847847403767534,1000.0,54687,23992,32
RodentEncDec_delay10_eff10-20260611-120848,efference,RodentEncDecDelays,old_eval,10,10,600064000,277,layer::3/action/0/task_obs/6,delta,0.01664747056772886,0.007770346150405949,1000.0,49173,18907,32
RodentEncDec_delay20_eff20-20260626-084448,efference,RodentEncDecDelays,old_eval,20,20,600064000,277,layer::3/action/0/task_obs/6,delta,0.02303874219198976,0.007818544691285512,1000.0,36353,14130,32
RodentEncDec_delay0_eff0-20260629-090548,efference,RodentEncDecDelays,old_eval,0,0,600064000,277,layer::3/action/1/0,delta,,-inf,1.0,57019,24990,512
RodentEncDec_delay5_eff5-20260623-085807,efference,RodentEncDecDelays,old_eval,5,5,600064000,277,layer::3/action/1/0,delta,0.6311410461954701,0.5515226327661498,100.0,54687,23992,512
RodentEncDec_delay10_eff10-20260611-120848,efference,RodentEncDecDelays,old_eval,10,10,600064000,277,layer::3/action/1/0,delta,0.6217173925926123,0.557706095149124,100.0,49173,18907,512
RodentEncDec_delay20_eff20-20260626-084448,efference,RodentEncDecDelays,old_eval,20,20,600064000,277,layer::3/action/1/0,delta,0.5485559308662339,0.4573705431716192,1000.0,36353,14130,512
RodentEncDec_delay0_eff0-20260629-090548,efference,RodentEncDecDelays,old_eval,0,0,600064000,277,layer::3/action/1/1,delta,,-inf,1.0,57019,24990,512
RodentEncDec_delay5_eff5-20260623-085807,efference,RodentEncDecDelays,old_eval,5,5,600064000,277,layer::3/action/1/1,delta,0.43664470434064506,0.3513728254963695,1000.0,54687,23992,512
RodentEncDec_delay10_eff10-20260611-120848,efference,RodentEncDecDelays,old_eval,10,10,600064000,277,layer::3/action/1/1,delta,0.4108469353061118,0.3348932131463611,1000.0,49173,18907,512
RodentEncDec_delay20_eff20-20260626-084448,efference,RodentEncDecDelays,old_eval,20,20,600064000,277,layer::3/action/1/1,delta,0.3944443191619099,0.2834012281324768,1000.0,36353,14130,512
RodentEncDec_delay0_eff0-20260629-090548,efference,RodentEncDecDelays,old_eval,0,0,600064000,277,layer::3/action/1/2,delta,,-inf,1.0,57019,24990,512
RodentEncDec_delay5_eff5-20260623-085807,efference,RodentEncDecDelays,old_eval,5,5,600064000,277,layer::3/action/1/2,delta,0.36846981212051755,0.2894753932812434,1000.0,54687,23992,512
RodentEncDec_delay10_eff10-20260611-120848,efference,RodentEncDecDelays,old_eval,10,10,600064000,277,layer::3/action/1/2,delta,0.3260435333755548,0.2611993520239314,1000.0,49173,18907,512
RodentEncDec_delay20_eff20-20260626-084448,efference,RodentEncDecDelays,old_eval,20,20,600064000,277,layer::3/action/1/2,delta,0.33916299812559436,0.2432265979311905,1000.0,36353,14130,512
RodentEncDec_delay0_eff0-20260629-090548,efference,RodentEncDecDelays,old_eval,0,0,600064000,277,layer::3/action/1/3,delta,,-inf,1.0,57019,24990,512
RodentEncDec_delay5_eff5-20260623-085807,efference,RodentEncDecDelays,old_eval,5,5,600064000,277,layer::3/action/1/3,delta,0.3378417161079994,0.25638950530442595,1000.0,54687,23992,512
RodentEncDec_delay10_eff10-20260611-120848,efference,RodentEncDecDelays,old_eval,10,10,600064000,277,layer::3/action/1/3,delta,0.30184312345414566,0.23143990817026272,1000.0,49173,18907,512
RodentEncDec_delay20_eff20-20260626-084448,efference,RodentEncDecDelays,old_eval,20,20,600064000,277,layer::3/action/1/3,delta,0.31658082128428555,0.21334412408889458,1000.0,36353,14130,512
RodentEncDec_delay0_eff0-20260629-090548,efference,RodentEncDecDelays,old_eval,0,0,600064000,277,layer::3/action/1/4,delta,,-inf,1.0,57019,24990,76
RodentEncDec_delay5_eff5-20260623-085807,efference,RodentEncDecDelays,old_eval,5,5,600064000,277,layer::3/action/1/4,delta,0.22888025248468247,0.1826244605474746,1000.0,54687,23992,76
RodentEncDec_delay10_eff10-20260611-120848,efference,RodentEncDecDelays,old_eval,10,10,600064000,277,layer::3/action/1/4,delta,0.2102381695694766,0.16053050556046944,1000.0,49173,18907,76
RodentEncDec_delay20_eff20-20260626-084448,efference,RodentEncDecDelays,old_eval,20,20,600064000,277,layer::3/action/1/4,delta,0.2271660500081344,0.1567791429756099,1000.0,36353,14130,76
RodentEncDec_delay0_eff0-20260629-090548,efference,RodentEncDecDelays,old_eval,0,0,600064000,277,layer::3/action/1/5/action,delta,,-inf,1.0,57019,24990,38
RodentEncDec_delay5_eff5-20260623-085807,efference,RodentEncDecDelays,old_eval,5,5,600064000,277,layer::3/action/1/5/action,delta,0.20429537321631663,0.16468680653252077,1000.0,54687,23992,38
RodentEncDec_delay10_eff10-20260611-120848,efference,RodentEncDecDelays,old_eval,10,10,600064000,277,layer::3/action/1/5/action,delta,0.18351191940353162,0.1448211605927192,1000.0,49173,18907,38
RodentEncDec_delay20_eff20-20260626-084448,efference,RodentEncDecDelays,old_eval,20,20,600064000,277,layer::3/action/1/5/action,delta,0.19657992998854024,0.1430753008582346,1000.0,36353,14130,38
RodentEncDec_delay0_eff0-20260629-090548,efference,RodentEncDecDelays,old_eval,0,0,600064000,277,layer::3/action/1/5/log_likelihood,delta,,-inf,1.0,57019,24990,1
RodentEncDec_delay5_eff5-20260623-085807,efference,RodentEncDecDelays,old_eval,5,5,600064000,277,layer::3/action/1/5/log_likelihood,delta,0.00022247639697814403,0.00015778814860079038,1000.0,54687,23992,1
RodentEncDec_delay10_eff10-20260611-120848,efference,RodentEncDecDelays,old_eval,10,10,600064000,277,layer::3/action/1/5/log_likelihood,delta,0.00016106183615793856,0.00011180568668567314,1000.0,49173,18907,1
RodentEncDec_delay20_eff20-20260626-084448,efference,RodentEncDecDelays,old_eval,20,20,600064000,277,layer::3/action/1/5/log_likelihood,delta,0.0005562544531229063,0.00025090118597459465,1000.0,36353,14130,1
RodentEncDec_delay0_eff0-20260629-090548,efference,RodentEncDecDelays,old_eval,0,0,600064000,277,layer::3/value/0,delta,,-inf,1.0,57019,24990,917
RodentEncDec_delay5_eff5-20260623-085807,efference,RodentEncDecDelays,old_eval,5,5,600064000,277,layer::3/value/0,delta,0.6047739662847986,0.555913145170585,1000.0,54687,23992,917
RodentEncDec_delay10_eff10-20260611-120848,efference,RodentEncDecDelays,old_eval,10,10,600064000,277,layer::3/value/0,delta,0.5311287173750463,0.4984167320936982,100.0,49173,18907,917
RodentEncDec_delay20_eff20-20260626-084448,efference,RodentEncDecDelays,old_eval,20,20,600064000,277,layer::3/value/0,delta,0.5560489450226234,0.5149542562562245,1000.0,36353,14130,917
RodentEncDec_delay0_eff0-20260629-090548,efference,RodentEncDecDelays,old_eval,0,0,600064000,277,layer::3/value/1,delta,,-inf,1.0,57019,24990,1024
RodentEncDec_delay5_eff5-20260623-085807,efference,RodentEncDecDelays,old_eval,5,5,600064000,277,layer::3/value/1,delta,0.2408348386261011,0.0964979720792728,1000.0,54687,23992,1024
RodentEncDec_delay10_eff10-20260611-120848,efference,RodentEncDecDelays,old_eval,10,10,600064000,277,layer::3/value/1,delta,0.21510859341867905,0.08931853191679673,1000.0,49173,18907,1024
RodentEncDec_delay20_eff20-20260626-084448,efference,RodentEncDecDelays,old_eval,20,20,600064000,277,layer::3/value/1,delta,0.1999629163697918,0.0460443044252844,1000.0,36353,14130,1024
RodentEncDec_delay0_eff0-20260629-090548,efference,RodentEncDecDelays,old_eval,0,0,600064000,277,layer::3/value/2,delta,,-inf,1.0,57019,24990,1024
RodentEncDec_delay5_eff5-20260623-085807,efference,RodentEncDecDelays,old_eval,5,5,600064000,277,layer::3/value/2,delta,0.10299018688785389,-0.017165521139953066,1000.0,54687,23992,1024
RodentEncDec_delay10_eff10-20260611-120848,efference,RodentEncDecDelays,old_eval,10,10,600064000,277,layer::3/value/2,delta,0.08076944850639567,-0.01606821637630307,1000.0,49173,18907,1024
RodentEncDec_delay20_eff20-20260626-084448,efference,RodentEncDecDelays,old_eval,20,20,600064000,277,layer::3/value/2,delta,0.07460843391283667,-0.05744849799031071,1000.0,36353,14130,1024
RodentEncDec_delay0_eff0-20260629-090548,efference,RodentEncDecDelays,old_eval,0,0,600064000,277,layer::3/value/3,delta,,-inf,1.0,57019,24990,1
RodentEncDec_delay5_eff5-20260623-085807,efference,RodentEncDecDelays,old_eval,5,5,600064000,277,layer::3/value/3,delta,1.834768904884765e-05,6.9746935250636355e-06,1000.0,54687,23992,1
RodentEncDec_delay10_eff10-20260611-120848,efference,RodentEncDecDelays,old_eval,10,10,600064000,277,layer::3/value/3,delta,0.00010320868945989936,2.3255582830672417e-05,1000.0,49173,18907,1
RodentEncDec_delay20_eff20-20260626-084448,efference,RodentEncDecDelays,old_eval,20,20,600064000,277,layer::3/value/3,delta,0.0003792481293974914,0.0005006864289427426,1.0,36353,14130,1
RodentEncDec_delay0_eff0-20260629-090548,efference,RodentEncDecDelays,old_eval,0,0,600064000,277,input::current_proprio,proprio,0.9999999935650443,0.9999999898799347,1.0,57019,24990,277
RodentEncDec_delay5_eff5-20260623-085807,efference,RodentEncDecDelays,old_eval,5,5,600064000,277,input::current_proprio,proprio,0.9999999935084676,0.9999999871338455,1.0,54687,23992,277
RodentEncDec_delay10_eff10-20260611-120848,efference,RodentEncDecDelays,old_eval,10,10,600064000,277,input::current_proprio,proprio,0.9999999835275977,0.9999999350368893,1.0,49173,18907,277
RodentEncDec_delay20_eff20-20260626-084448,efference,RodentEncDecDelays,old_eval,20,20,600064000,277,input::current_proprio,proprio,0.9999999942523375,0.9999999894033981,1.0,36353,14130,277
RodentEncDec_delay0_eff0-20260629-090548,efference,RodentEncDecDelays,old_eval,0,0,600064000,277,input::delayed_plus_efference,proprio,0.9999999935650443,0.9999999898799347,1.0,57019,24990,277
RodentEncDec_delay5_eff5-20260623-085807,efference,RodentEncDecDelays,old_eval,5,5,600064000,277,input::delayed_plus_efference,proprio,0.7104441453190515,0.63653755278709,100.0,54687,23992,467
RodentEncDec_delay10_eff10-20260611-120848,efference,RodentEncDecDelays,old_eval,10,10,600064000,277,input::delayed_plus_efference,proprio,0.729984451370307,0.6608679944071699,100.0,49173,18907,657
RodentEncDec_delay20_eff20-20260626-084448,efference,RodentEncDecDelays,old_eval,20,20,600064000,277,input::delayed_plus_efference,proprio,0.6612718779559035,0.5639540611689466,1000.0,36353,14130,1037
RodentEncDec_delay0_eff0-20260629-090548,efference,RodentEncDecDelays,old_eval,0,0,600064000,277,input::delayed_proprio,proprio,0.9999999935650443,0.9999999898799347,1.0,57019,24990,277
RodentEncDec_delay5_eff5-20260623-085807,efference,RodentEncDecDelays,old_eval,5,5,600064000,277,input::delayed_proprio,proprio,0.1587660710764549,0.13443362161940464,1000.0,54687,23992,277
RodentEncDec_delay10_eff10-20260611-120848,efference,RodentEncDecDelays,old_eval,10,10,600064000,277,input::delayed_proprio,proprio,0.08779012076396808,0.07805355793715196,1000.0,49173,18907,277
RodentEncDec_delay20_eff20-20260626-084448,efference,RodentEncDecDelays,old_eval,20,20,600064000,277,input::delayed_proprio,proprio,0.06157009787259682,0.03986623641976772,1000.0,36353,14130,277
RodentEncDec_delay0_eff0-20260629-090548,efference,RodentEncDecDelays,old_eval,0,0,600064000,277,layer::0/state/proprioception,proprio,0.9999999444722156,0.999999938755539,1.0,57019,24990,277
RodentEncDec_delay5_eff5-20260623-085807,efference,RodentEncDecDelays,old_eval,5,5,600064000,277,layer::0/state/proprioception,proprio,0.9999999445614377,0.9999999370722608,1.0,54687,23992,277
RodentEncDec_delay10_eff10-20260611-120848,efference,RodentEncDecDelays,old_eval,10,10,600064000,277,layer::0/state/proprioception,proprio,0.9999999360827067,0.9999998873172229,1.0,49173,18907,277
RodentEncDec_delay20_eff20-20260626-084448,efference,RodentEncDecDelays,old_eval,20,20,600064000,277,layer::0/state/proprioception,proprio,0.999999947196393,0.9999999410311734,1.0,36353,14130,277
RodentEncDec_delay0_eff0-20260629-090548,efference,RodentEncDecDelays,old_eval,0,0,600064000,277,layer::0/state/task_obs,proprio,0.10695610935449573,0.10861283813516043,100.0,57019,24990,640
RodentEncDec_delay5_eff5-20260623-085807,efference,RodentEncDecDelays,old_eval,5,5,600064000,277,layer::0/state/task_obs,proprio,0.08882626933406412,0.09086071926055406,100.0,54687,23992,640
RodentEncDec_delay10_eff10-20260611-120848,efference,RodentEncDecDelays,old_eval,10,10,600064000,277,layer::0/state/task_obs,proprio,0.049791558503399225,0.060841614410654166,1000.0,49173,18907,640
RodentEncDec_delay20_eff20-20260626-084448,efference,RodentEncDecDelays,old_eval,20,20,600064000,277,layer::0/state/task_obs,proprio,0.026640961479749925,0.027558567783981247,1000.0,36353,14130,640
RodentEncDec_delay0_eff0-20260629-090548,efference,RodentEncDecDelays,old_eval,0,0,600064000,277,layer::1/state/proprioception,proprio,0.9999999507573697,0.9999999469908551,1.0,57019,24990,277
RodentEncDec_delay5_eff5-20260623-085807,efference,RodentEncDecDelays,old_eval,5,5,600064000,277,layer::1/state/proprioception,proprio,0.9999999504540575,0.9999999456469879,1.0,54687,23992,277
RodentEncDec_delay10_eff10-20260611-120848,efference,RodentEncDecDelays,old_eval,10,10,600064000,277,layer::1/state/proprioception,proprio,0.9999999390156092,0.9999998937497105,1.0,49173,18907,277
RodentEncDec_delay20_eff20-20260626-084448,efference,RodentEncDecDelays,old_eval,20,20,600064000,277,layer::1/state/proprioception,proprio,0.9999999496472172,0.9999999473159853,1.0,36353,14130,277
RodentEncDec_delay0_eff0-20260629-090548,efference,RodentEncDecDelays,old_eval,0,0,600064000,277,layer::1/state/task_obs,proprio,0.10698214446946663,0.10874330233823448,100.0,57019,24990,640
RodentEncDec_delay5_eff5-20260623-085807,efference,RodentEncDecDelays,old_eval,5,5,600064000,277,layer::1/state/task_obs,proprio,0.08880705730999172,0.09086744478400377,100.0,54687,23992,640
RodentEncDec_delay10_eff10-20260611-120848,efference,RodentEncDecDelays,old_eval,10,10,600064000,277,layer::1/state/task_obs,proprio,0.04979217292195959,0.06084044096341823,1000.0,49173,18907,640
RodentEncDec_delay20_eff20-20260626-084448,efference,RodentEncDecDelays,old_eval,20,20,600064000,277,layer::1/state/task_obs,proprio,0.026636702716212768,0.027558682610390073,1000.0,36353,14130,640
RodentEncDec_delay0_eff0-20260629-090548,efference,RodentEncDecDelays,old_eval,0,0,600064000,277,layer::2/proprioception,proprio,0.9999999507573697,0.9999999469908551,1.0,57019,24990,277
RodentEncDec_delay5_eff5-20260623-085807,efference,RodentEncDecDelays,old_eval,5,5,600064000,277,layer::2/proprioception,proprio,0.9999999504540575,0.9999999456469879,1.0,54687,23992,277
RodentEncDec_delay10_eff10-20260611-120848,efference,RodentEncDecDelays,old_eval,10,10,600064000,277,layer::2/proprioception,proprio,0.9999999390156092,0.9999998937497105,1.0,49173,18907,277
RodentEncDec_delay20_eff20-20260626-084448,efference,RodentEncDecDelays,old_eval,20,20,600064000,277,layer::2/proprioception,proprio,0.9999999496472172,0.9999999473159853,1.0,36353,14130,277
RodentEncDec_delay0_eff0-20260629-090548,efference,RodentEncDecDelays,old_eval,0,0,600064000,277,layer::2/task_obs,proprio,0.10698214446946663,0.10874330233823448,100.0,57019,24990,640
RodentEncDec_delay5_eff5-20260623-085807,efference,RodentEncDecDelays,old_eval,5,5,600064000,277,layer::2/task_obs,proprio,0.08880705730999172,0.09086744478400377,100.0,54687,23992,640
RodentEncDec_delay10_eff10-20260611-120848,efference,RodentEncDecDelays,old_eval,10,10,600064000,277,layer::2/task_obs,proprio,0.04979217292195959,0.06084044096341823,1000.0,49173,18907,640
RodentEncDec_delay20_eff20-20260626-084448,efference,RodentEncDecDelays,old_eval,20,20,600064000,277,layer::2/task_obs,proprio,0.026636702716212768,0.027558682610390073,1000.0,36353,14130,640
RodentEncDec_delay0_eff0-20260629-090548,efference,RodentEncDecDelays,old_eval,0,0,600064000,277,layer::3/action/0/proprioception/0,proprio,0.9999999507573697,0.9999999469908551,1.0,57019,24990,277
RodentEncDec_delay5_eff5-20260623-085807,efference,RodentEncDecDelays,old_eval,5,5,600064000,277,layer::3/action/0/proprioception/0,proprio,0.9999999504540575,0.9999999456469879,1.0,54687,23992,277
RodentEncDec_delay10_eff10-20260611-120848,efference,RodentEncDecDelays,old_eval,10,10,600064000,277,layer::3/action/0/proprioception/0,proprio,0.9999999390156092,0.9999998937497105,1.0,49173,18907,277
RodentEncDec_delay20_eff20-20260626-084448,efference,RodentEncDecDelays,old_eval,20,20,600064000,277,layer::3/action/0/proprioception/0,proprio,0.9999999496472172,0.9999999473159853,1.0,36353,14130,277
RodentEncDec_delay5_eff5-20260623-085807,efference,RodentEncDecDelays,old_eval,5,5,600064000,277,layer::3/action/0/proprioception/1,proprio,0.15876685702289428,0.1344320780566457,1000.0,54687,23992,277
RodentEncDec_delay10_eff10-20260611-120848,efference,RodentEncDecDelays,old_eval,10,10,600064000,277,layer::3/action/0/proprioception/1,proprio,0.08779073518252845,0.0780513013078521,1000.0,49173,18907,277
RodentEncDec_delay20_eff20-20260626-084448,efference,RodentEncDecDelays,old_eval,20,20,600064000,277,layer::3/action/0/proprioception/1,proprio,0.061569565527154646,0.03986847553474082,1000.0,36353,14130,277
RodentEncDec_delay0_eff0-20260629-090548,efference,RodentEncDecDelays,old_eval,0,0,600064000,277,layer::3/action/0/task_obs/0,proprio,0.10698214446946663,0.10874330233823448,100.0,57019,24990,640
RodentEncDec_delay5_eff5-20260623-085807,efference,RodentEncDecDelays,old_eval,5,5,600064000,277,layer::3/action/0/task_obs/0,proprio,0.08880705730999172,0.09086744478400377,100.0,54687,23992,640
RodentEncDec_delay10_eff10-20260611-120848,efference,RodentEncDecDelays,old_eval,10,10,600064000,277,layer::3/action/0/task_obs/0,proprio,0.04979217292195959,0.06084044096341823,1000.0,49173,18907,640
RodentEncDec_delay20_eff20-20260626-084448,efference,RodentEncDecDelays,old_eval,20,20,600064000,277,layer::3/action/0/task_obs/0,proprio,0.026636702716212768,0.027558682610390073,1000.0,36353,14130,640
RodentEncDec_delay0_eff0-20260629-090548,efference,RodentEncDecDelays,old_eval,0,0,600064000,277,layer::3/action/0/task_obs/1,proprio,0.09950883922834375,0.07552030703919477,1000.0,57019,24990,512
RodentEncDec_delay5_eff5-20260623-085807,efference,RodentEncDecDelays,old_eval,5,5,600064000,277,layer::3/action/0/task_obs/1,proprio,0.08243390496091141,0.049366334411107604,1000.0,54687,23992,512
RodentEncDec_delay10_eff10-20260611-120848,efference,RodentEncDecDelays,old_eval,10,10,600064000,277,layer::3/action/0/task_obs/1,proprio,0.04866594370082733,0.030897407313464798,1000.0,49173,18907,512
RodentEncDec_delay20_eff20-20260626-084448,efference,RodentEncDecDelays,old_eval,20,20,600064000,277,layer::3/action/0/task_obs/1,proprio,0.03319342407871184,-0.004558608432529976,1000.0,36353,14130,512
RodentEncDec_delay0_eff0-20260629-090548,efference,RodentEncDecDelays,old_eval,0,0,600064000,277,layer::3/action/0/task_obs/2,proprio,0.08930079499143995,0.05819738454953027,1000.0,57019,24990,512
RodentEncDec_delay5_eff5-20260623-085807,efference,RodentEncDecDelays,old_eval,5,5,600064000,277,layer::3/action/0/task_obs/2,proprio,0.08637219524097206,0.030631120915429744,1000.0,54687,23992,512
RodentEncDec_delay10_eff10-20260611-120848,efference,RodentEncDecDelays,old_eval,10,10,600064000,277,layer::3/action/0/task_obs/2,proprio,0.05728884738150175,0.010625203660794336,1000.0,49173,18907,512
RodentEncDec_delay20_eff20-20260626-084448,efference,RodentEncDecDelays,old_eval,20,20,600064000,277,layer::3/action/0/task_obs/2,proprio,0.039747483714000276,-0.03266122374178382,1000.0,36353,14130,512
RodentEncDec_delay0_eff0-20260629-090548,efference,RodentEncDecDelays,old_eval,0,0,600064000,277,layer::3/action/0/task_obs/3,proprio,0.08682298839289704,0.05958809482279914,1000.0,57019,24990,512
RodentEncDec_delay5_eff5-20260623-085807,efference,RodentEncDecDelays,old_eval,5,5,600064000,277,layer::3/action/0/task_obs/3,proprio,0.09393396058845382,0.04680258692298045,1000.0,54687,23992,512
RodentEncDec_delay10_eff10-20260611-120848,efference,RodentEncDecDelays,old_eval,10,10,600064000,277,layer::3/action/0/task_obs/3,proprio,0.06724142962910629,0.031155385175028694,1000.0,49173,18907,512
RodentEncDec_delay20_eff20-20260626-084448,efference,RodentEncDecDelays,old_eval,20,20,600064000,277,layer::3/action/0/task_obs/3,proprio,0.055040703576128114,-0.0230399189417414,1000.0,36353,14130,512
RodentEncDec_delay0_eff0-20260629-090548,efference,RodentEncDecDelays,old_eval,0,0,600064000,277,layer::3/action/0/task_obs/4,proprio,0.09027084408998509,0.06395077419473627,1000.0,57019,24990,512
RodentEncDec_delay5_eff5-20260623-085807,efference,RodentEncDecDelays,old_eval,5,5,600064000,277,layer::3/action/0/task_obs/4,proprio,0.09703740109519021,0.05101629274593866,1000.0,54687,23992,512
RodentEncDec_delay10_eff10-20260611-120848,efference,RodentEncDecDelays,old_eval,10,10,600064000,277,layer::3/action/0/task_obs/4,proprio,0.06842579820651218,0.040854016845286445,1000.0,49173,18907,512
RodentEncDec_delay20_eff20-20260626-084448,efference,RodentEncDecDelays,old_eval,20,20,600064000,277,layer::3/action/0/task_obs/4,proprio,0.07212047474211636,-0.0035208073490737846,1000.0,36353,14130,512
RodentEncDec_delay0_eff0-20260629-090548,efference,RodentEncDecDelays,old_eval,0,0,600064000,277,layer::3/action/0/task_obs/5,proprio,0.07253619713753989,0.07005791521145066,1000.0,57019,24990,64
RodentEncDec_delay5_eff5-20260623-085807,efference,RodentEncDecDelays,old_eval,5,5,600064000,277,layer::3/action/0/task_obs/5,proprio,0.07634718642527283,0.06430173741219058,1000.0,54687,23992,64
RodentEncDec_delay10_eff10-20260611-120848,efference,RodentEncDecDelays,old_eval,10,10,600064000,277,layer::3/action/0/task_obs/5,proprio,0.07210862305728527,0.06773507533079925,1000.0,49173,18907,64
RodentEncDec_delay20_eff20-20260626-084448,efference,RodentEncDecDelays,old_eval,20,20,600064000,277,layer::3/action/0/task_obs/5,proprio,0.06700942615201999,0.03598992650880184,1000.0,36353,14130,64
RodentEncDec_delay0_eff0-20260629-090548,efference,RodentEncDecDelays,old_eval,0,0,600064000,277,layer::3/action/0/task_obs/6,proprio,0.022533435837467253,0.017153618630309952,1000.0,57019,24990,32
RodentEncDec_delay5_eff5-20260623-085807,efference,RodentEncDecDelays,old_eval,5,5,600064000,277,layer::3/action/0/task_obs/6,proprio,0.03282444174661048,0.017242919071225105,1000.0,54687,23992,32
RodentEncDec_delay10_eff10-20260611-120848,efference,RodentEncDecDelays,old_eval,10,10,600064000,277,layer::3/action/0/task_obs/6,proprio,0.03953445505681841,0.03571034628427938,1000.0,49173,18907,32
RodentEncDec_delay20_eff20-20260626-084448,efference,RodentEncDecDelays,old_eval,20,20,600064000,277,layer::3/action/0/task_obs/6,proprio,0.039123131234596875,0.027756069207254597,1000.0,36353,14130,32
RodentEncDec_delay0_eff0-20260629-090548,efference,RodentEncDecDelays,old_eval,0,0,600064000,277,layer::3/action/1/0,proprio,0.789481988872399,0.7364030425450576,1000.0,57019,24990,512
RodentEncDec_delay5_eff5-20260623-085807,efference,RodentEncDecDelays,old_eval,5,5,600064000,277,layer::3/action/1/0,proprio,0.5824971299855857,0.5164627583510604,1000.0,54687,23992,512
RodentEncDec_delay10_eff10-20260611-120848,efference,RodentEncDecDelays,old_eval,10,10,600064000,277,layer::3/action/1/0,proprio,0.589685717226146,0.5300143882684161,1000.0,49173,18907,512
RodentEncDec_delay20_eff20-20260626-084448,efference,RodentEncDecDelays,old_eval,20,20,600064000,277,layer::3/action/1/0,proprio,0.5108166826769558,0.431653024906537,1000.0,36353,14130,512
RodentEncDec_delay0_eff0-20260629-090548,efference,RodentEncDecDelays,old_eval,0,0,600064000,277,layer::3/action/1/1,proprio,0.6446693102097099,0.5903379627516256,1000.0,57019,24990,512
RodentEncDec_delay5_eff5-20260623-085807,efference,RodentEncDecDelays,old_eval,5,5,600064000,277,layer::3/action/1/1,proprio,0.5386020213494491,0.47489510939780544,1000.0,54687,23992,512
RodentEncDec_delay10_eff10-20260611-120848,efference,RodentEncDecDelays,old_eval,10,10,600064000,277,layer::3/action/1/1,proprio,0.5390687257880686,0.4823768083498895,1000.0,49173,18907,512
RodentEncDec_delay20_eff20-20260626-084448,efference,RodentEncDecDelays,old_eval,20,20,600064000,277,layer::3/action/1/1,proprio,0.4874880632625127,0.39599942494934437,1000.0,36353,14130,512
RodentEncDec_delay0_eff0-20260629-090548,efference,RodentEncDecDelays,old_eval,0,0,600064000,277,layer::3/action/1/2,proprio,0.5714908478243147,0.5361874470448795,1000.0,57019,24990,512
RodentEncDec_delay5_eff5-20260623-085807,efference,RodentEncDecDelays,old_eval,5,5,600064000,277,layer::3/action/1/2,proprio,0.5172781591946738,0.4626114369621097,1000.0,54687,23992,512
RodentEncDec_delay10_eff10-20260611-120848,efference,RodentEncDecDelays,old_eval,10,10,600064000,277,layer::3/action/1/2,proprio,0.5205910860155263,0.47179303640304127,1000.0,49173,18907,512
RodentEncDec_delay20_eff20-20260626-084448,efference,RodentEncDecDelays,old_eval,20,20,600064000,277,layer::3/action/1/2,proprio,0.47864034892759455,0.41690449129719165,1000.0,36353,14130,512
RodentEncDec_delay0_eff0-20260629-090548,efference,RodentEncDecDelays,old_eval,0,0,600064000,277,layer::3/action/1/3,proprio,0.5401216023955813,0.5004373138297611,1000.0,57019,24990,512
RodentEncDec_delay5_eff5-20260623-085807,efference,RodentEncDecDelays,old_eval,5,5,600064000,277,layer::3/action/1/3,proprio,0.4960191812848338,0.4397126834331394,1000.0,54687,23992,512
RodentEncDec_delay10_eff10-20260611-120848,efference,RodentEncDecDelays,old_eval,10,10,600064000,277,layer::3/action/1/3,proprio,0.5062953709705662,0.46034921789741723,1000.0,49173,18907,512
RodentEncDec_delay20_eff20-20260626-084448,efference,RodentEncDecDelays,old_eval,20,20,600064000,277,layer::3/action/1/3,proprio,0.464143207312084,0.3875073230542263,1000.0,36353,14130,512
RodentEncDec_delay0_eff0-20260629-090548,efference,RodentEncDecDelays,old_eval,0,0,600064000,277,layer::3/action/1/4,proprio,0.3964068034927378,0.3706129573233343,1000.0,57019,24990,76
RodentEncDec_delay5_eff5-20260623-085807,efference,RodentEncDecDelays,old_eval,5,5,600064000,277,layer::3/action/1/4,proprio,0.3829691694170426,0.3462059668403028,100.0,54687,23992,76
RodentEncDec_delay10_eff10-20260611-120848,efference,RodentEncDecDelays,old_eval,10,10,600064000,277,layer::3/action/1/4,proprio,0.4141383086900289,0.3667222098358347,10.0,49173,18907,76
RodentEncDec_delay20_eff20-20260626-084448,efference,RodentEncDecDelays,old_eval,20,20,600064000,277,layer::3/action/1/4,proprio,0.36334572722246905,0.3086413302960983,10.0,36353,14130,76
RodentEncDec_delay0_eff0-20260629-090548,efference,RodentEncDecDelays,old_eval,0,0,600064000,277,layer::3/action/1/5/action,proprio,0.34690971074724286,0.3298420495223594,1000.0,57019,24990,38
RodentEncDec_delay5_eff5-20260623-085807,efference,RodentEncDecDelays,old_eval,5,5,600064000,277,layer::3/action/1/5/action,proprio,0.34018608766516445,0.3139776994872946,1000.0,54687,23992,38
RodentEncDec_delay10_eff10-20260611-120848,efference,RodentEncDecDelays,old_eval,10,10,600064000,277,layer::3/action/1/5/action,proprio,0.37362984661040644,0.3285100740445206,1000.0,49173,18907,38
RodentEncDec_delay20_eff20-20260626-084448,efference,RodentEncDecDelays,old_eval,20,20,600064000,277,layer::3/action/1/5/action,proprio,0.3168849238617367,0.28277828926563686,1000.0,36353,14130,38
RodentEncDec_delay0_eff0-20260629-090548,efference,RodentEncDecDelays,old_eval,0,0,600064000,277,layer::3/action/1/5/log_likelihood,proprio,0.004404492766708734,0.009844463791035873,1.0,57019,24990,1
RodentEncDec_delay5_eff5-20260623-085807,efference,RodentEncDecDelays,old_eval,5,5,600064000,277,layer::3/action/1/5/log_likelihood,proprio,0.0029191797304064515,0.003419873546928631,1.0,54687,23992,1
RodentEncDec_delay10_eff10-20260611-120848,efference,RodentEncDecDelays,old_eval,10,10,600064000,277,layer::3/action/1/5/log_likelihood,proprio,0.0009495838850299698,0.0003137617378573543,1000.0,49173,18907,1
RodentEncDec_delay20_eff20-20260626-084448,efference,RodentEncDecDelays,old_eval,20,20,600064000,277,layer::3/action/1/5/log_likelihood,proprio,0.002305943006919553,0.004804107294715032,1.0,36353,14130,1
RodentEncDec_delay0_eff0-20260629-090548,efference,RodentEncDecDelays,old_eval,0,0,600064000,277,layer::3/value/0,proprio,0.9999999477460254,0.9999999432656926,1.0,57019,24990,917
RodentEncDec_delay5_eff5-20260623-085807,efference,RodentEncDecDelays,old_eval,5,5,600064000,277,layer::3/value/0,proprio,0.9999999477756655,0.9999999414721578,1.0,54687,23992,917
RodentEncDec_delay10_eff10-20260611-120848,efference,RodentEncDecDelays,old_eval,10,10,600064000,277,layer::3/value/0,proprio,0.999999936667023,0.999999888904066,1.0,49173,18907,917
RodentEncDec_delay20_eff20-20260626-084448,efference,RodentEncDecDelays,old_eval,20,20,600064000,277,layer::3/value/0,proprio,0.9999999473472597,0.9999999424735722,1.0,36353,14130,917
RodentEncDec_delay0_eff0-20260629-090548,efference,RodentEncDecDelays,old_eval,0,0,600064000,277,layer::3/value/1,proprio,0.3816182445670325,0.26858281448164634,1000.0,57019,24990,1024
RodentEncDec_delay5_eff5-20260623-085807,efference,RodentEncDecDelays,old_eval,5,5,600064000,277,layer::3/value/1,proprio,0.4089960914010299,0.2717142896204445,1000.0,54687,23992,1024
RodentEncDec_delay10_eff10-20260611-120848,efference,RodentEncDecDelays,old_eval,10,10,600064000,277,layer::3/value/1,proprio,0.42207206515294415,0.26571011159483215,1000.0,49173,18907,1024
RodentEncDec_delay20_eff20-20260626-084448,efference,RodentEncDecDelays,old_eval,20,20,600064000,277,layer::3/value/1,proprio,0.33270223781166275,0.20579062690396543,1000.0,36353,14130,1024
RodentEncDec_delay0_eff0-20260629-090548,efference,RodentEncDecDelays,old_eval,0,0,600064000,277,layer::3/value/2,proprio,0.21271442809969077,0.16116387360693374,1000.0,57019,24990,1024
RodentEncDec_delay5_eff5-20260623-085807,efference,RodentEncDecDelays,old_eval,5,5,600064000,277,layer::3/value/2,proprio,0.20695288390820077,0.09108585891439469,1000.0,54687,23992,1024
RodentEncDec_delay10_eff10-20260611-120848,efference,RodentEncDecDelays,old_eval,10,10,600064000,277,layer::3/value/2,proprio,0.17174811296699655,0.0595876506412889,1000.0,49173,18907,1024
RodentEncDec_delay20_eff20-20260626-084448,efference,RodentEncDecDelays,old_eval,20,20,600064000,277,layer::3/value/2,proprio,0.12219324192784642,-0.0072448574418650935,1000.0,36353,14130,1024
RodentEncDec_delay0_eff0-20260629-090548,efference,RodentEncDecDelays,old_eval,0,0,600064000,277,layer::3/value/3,proprio,0.00822096010841833,0.010061159657352547,1.0,57019,24990,1
RodentEncDec_delay5_eff5-20260623-085807,efference,RodentEncDecDelays,old_eval,5,5,600064000,277,layer::3/value/3,proprio,0.007174206425513807,0.010617727200861404,1.0,54687,23992,1
RodentEncDec_delay10_eff10-20260611-120848,efference,RodentEncDecDelays,old_eval,10,10,600064000,277,layer::3/value/3,proprio,0.005325165662604325,0.004553607131670745,1000.0,49173,18907,1
RodentEncDec_delay20_eff20-20260626-084448,efference,RodentEncDecDelays,old_eval,20,20,600064000,277,layer::3/value/3,proprio,0.0038245471048969915,0.005268465292225133,100.0,36353,14130,1
RodentForwardModel_delay0_eff0-20260619-032834,forward_model,RodentForwardModel,old_eval,0,0,600064000,277,input::current_proprio,delta,,-inf,1.0,57068,24990,277
RodentForwardModel_delay5_eff5-20260619-033243,forward_model,RodentForwardModel,old_eval,5,5,600064000,277,input::current_proprio,delta,0.6080319920084578,0.5755539903933378,1000.0,55899,24526,277
RodentForwardModel_delay10_eff10-20260619-033822,forward_model,RodentForwardModel,old_eval,10,10,600064000,277,input::current_proprio,delta,0.5302448702020427,0.49737652235921115,1000.0,51081,21618,277
RodentForwardModel_delay20_eff20-20260619-034701,forward_model,RodentForwardModel,old_eval,20,20,600064000,277,input::current_proprio,delta,0.5048235097889824,0.4977841130984926,100.0,41503,14896,277
RodentForwardModel_delay0_eff0-20260619-032834,forward_model,RodentForwardModel,old_eval,0,0,600064000,277,input::delayed_plus_efference,delta,,-inf,1.0,57068,24990,277
RodentForwardModel_delay5_eff5-20260619-033243,forward_model,RodentForwardModel,old_eval,5,5,600064000,277,input::delayed_plus_efference,delta,0.8518675955496742,0.8274440272466995,100.0,55899,24526,467
RodentForwardModel_delay10_eff10-20260619-033822,forward_model,RodentForwardModel,old_eval,10,10,600064000,277,input::delayed_plus_efference,delta,0.8414508120631945,0.8016060068682092,100.0,51081,21618,657
RodentForwardModel_delay20_eff20-20260619-034701,forward_model,RodentForwardModel,old_eval,20,20,600064000,277,input::delayed_plus_efference,delta,0.80564229569018,0.7685060142154183,100.0,41503,14896,1037
RodentForwardModel_delay0_eff0-20260619-032834,forward_model,RodentForwardModel,old_eval,0,0,600064000,277,input::delayed_proprio,delta,,-inf,1.0,57068,24990,277
RodentForwardModel_delay5_eff5-20260619-033243,forward_model,RodentForwardModel,old_eval,5,5,600064000,277,input::delayed_proprio,delta,0.5905583276477344,0.5554783705235651,100.0,55899,24526,277
RodentForwardModel_delay10_eff10-20260619-033822,forward_model,RodentForwardModel,old_eval,10,10,600064000,277,input::delayed_proprio,delta,0.5242587033741002,0.49751196306930134,100.0,51081,21618,277
RodentForwardModel_delay20_eff20-20260619-034701,forward_model,RodentForwardModel,old_eval,20,20,600064000,277,input::delayed_proprio,delta,0.4914789720180496,0.4893258090551693,1000.0,41503,14896,277
RodentForwardModel_delay0_eff0-20260619-032834,forward_model,RodentForwardModel,old_eval,0,0,600064000,277,layer::0/state/proprioception,delta,,-inf,1.0,57068,24990,277
RodentForwardModel_delay5_eff5-20260619-033243,forward_model,RodentForwardModel,old_eval,5,5,600064000,277,layer::0/state/proprioception,delta,0.6080316140375376,0.5755530706114274,1000.0,55899,24526,277
RodentForwardModel_delay10_eff10-20260619-033822,forward_model,RodentForwardModel,old_eval,10,10,600064000,277,layer::0/state/proprioception,delta,0.5302449907070551,0.4973746927133179,1000.0,51081,21618,277
RodentForwardModel_delay20_eff20-20260619-034701,forward_model,RodentForwardModel,old_eval,20,20,600064000,277,layer::0/state/proprioception,delta,0.5048227627733547,0.49778645629930485,100.0,41503,14896,277
RodentForwardModel_delay0_eff0-20260619-032834,forward_model,RodentForwardModel,old_eval,0,0,600064000,277,layer::0/state/task_obs,delta,,-inf,1.0,57068,24990,640
RodentForwardModel_delay5_eff5-20260619-033243,forward_model,RodentForwardModel,old_eval,5,5,600064000,277,layer::0/state/task_obs,delta,0.006246141260515148,-0.0005386089570968977,1000.0,55899,24526,640
RodentForwardModel_delay10_eff10-20260619-033822,forward_model,RodentForwardModel,old_eval,10,10,600064000,277,layer::0/state/task_obs,delta,0.009341146878337758,0.0034752950890427625,1000.0,51081,21618,640
RodentForwardModel_delay20_eff20-20260619-034701,forward_model,RodentForwardModel,old_eval,20,20,600064000,277,layer::0/state/task_obs,delta,0.0056198284481598915,0.00031789424353667606,1000.0,41503,14896,640
RodentForwardModel_delay0_eff0-20260619-032834,forward_model,RodentForwardModel,old_eval,0,0,600064000,277,layer::1/state/proprioception,delta,,-inf,1.0,57068,24990,277
RodentForwardModel_delay5_eff5-20260619-033243,forward_model,RodentForwardModel,old_eval,5,5,600064000,277,layer::1/state/proprioception,delta,0.6080304457637844,0.5755539903933378,1000.0,55899,24526,277
RodentForwardModel_delay10_eff10-20260619-033822,forward_model,RodentForwardModel,old_eval,10,10,600064000,277,layer::1/state/proprioception,delta,0.5302457137371296,0.49737473962731515,1000.0,51081,21618,277
RodentForwardModel_delay20_eff20-20260619-034701,forward_model,RodentForwardModel,old_eval,20,20,600064000,277,layer::1/state/proprioception,delta,0.5048234201471071,0.497785610143456,100.0,41503,14896,277
RodentForwardModel_delay0_eff0-20260619-032834,forward_model,RodentForwardModel,old_eval,0,0,600064000,277,layer::1/state/task_obs,delta,,-inf,1.0,57068,24990,640
RodentForwardModel_delay5_eff5-20260619-033243,forward_model,RodentForwardModel,old_eval,5,5,600064000,277,layer::1/state/task_obs,delta,0.006234870854896046,-0.0005801524400550484,1000.0,55899,24526,640
RodentForwardModel_delay10_eff10-20260619-033822,forward_model,RodentForwardModel,old_eval,10,10,600064000,277,layer::1/state/task_obs,delta,0.009344922702059777,0.0034745444650865487,1000.0,51081,21618,640
RodentForwardModel_delay20_eff20-20260619-034701,forward_model,RodentForwardModel,old_eval,20,20,600064000,277,layer::1/state/task_obs,delta,0.005620963911914023,0.00032232028951550973,1000.0,41503,14896,640
RodentForwardModel_delay0_eff0-20260619-032834,forward_model,RodentForwardModel,old_eval,0,0,600064000,277,layer::2/proprioception,delta,,-inf,1.0,57068,24990,277
RodentForwardModel_delay5_eff5-20260619-033243,forward_model,RodentForwardModel,old_eval,5,5,600064000,277,layer::2/proprioception,delta,0.6080304457637844,0.5755539903933378,1000.0,55899,24526,277
RodentForwardModel_delay10_eff10-20260619-033822,forward_model,RodentForwardModel,old_eval,10,10,600064000,277,layer::2/proprioception,delta,0.5302457137371296,0.49737473962731515,1000.0,51081,21618,277
RodentForwardModel_delay20_eff20-20260619-034701,forward_model,RodentForwardModel,old_eval,20,20,600064000,277,layer::2/proprioception,delta,0.5048234201471071,0.497785610143456,100.0,41503,14896,277
RodentForwardModel_delay0_eff0-20260619-032834,forward_model,RodentForwardModel,old_eval,0,0,600064000,277,layer::2/task_obs,delta,,-inf,1.0,57068,24990,640
RodentForwardModel_delay5_eff5-20260619-033243,forward_model,RodentForwardModel,old_eval,5,5,600064000,277,layer::2/task_obs,delta,0.006234870854896046,-0.0005801524400550484,1000.0,55899,24526,640
RodentForwardModel_delay10_eff10-20260619-033822,forward_model,RodentForwardModel,old_eval,10,10,600064000,277,layer::2/task_obs,delta,0.009344922702059777,0.0034745444650865487,1000.0,51081,21618,640
RodentForwardModel_delay20_eff20-20260619-034701,forward_model,RodentForwardModel,old_eval,20,20,600064000,277,layer::2/task_obs,delta,0.005620963911914023,0.00032232028951550973,1000.0,41503,14896,640
RodentForwardModel_delay0_eff0-20260619-032834,forward_model,RodentForwardModel,old_eval,0,0,600064000,277,layer::3/action/0/proprioception,delta,,-inf,1.0,57068,24990,277
RodentForwardModel_delay5_eff5-20260619-033243,forward_model,RodentForwardModel,old_eval,5,5,600064000,277,layer::3/action/0/proprioception,delta,0.6080304457637844,0.5755539903933378,1000.0,55899,24526,277
RodentForwardModel_delay10_eff10-20260619-033822,forward_model,RodentForwardModel,old_eval,10,10,600064000,277,layer::3/action/0/proprioception,delta,0.5302457137371296,0.49737473962731515,1000.0,51081,21618,277
RodentForwardModel_delay20_eff20-20260619-034701,forward_model,RodentForwardModel,old_eval,20,20,600064000,277,layer::3/action/0/proprioception,delta,0.5048234201471071,0.497785610143456,100.0,41503,14896,277
RodentForwardModel_delay0_eff0-20260619-032834,forward_model,RodentForwardModel,old_eval,0,0,600064000,277,layer::3/action/0/task_obs/0,delta,,-inf,1.0,57068,24990,640
RodentForwardModel_delay5_eff5-20260619-033243,forward_model,RodentForwardModel,old_eval,5,5,600064000,277,layer::3/action/0/task_obs/0,delta,0.006234870854896046,-0.0005801524400550484,1000.0,55899,24526,640
RodentForwardModel_delay10_eff10-20260619-033822,forward_model,RodentForwardModel,old_eval,10,10,600064000,277,layer::3/action/0/task_obs/0,delta,0.009344922702059777,0.0034745444650865487,1000.0,51081,21618,640
RodentForwardModel_delay20_eff20-20260619-034701,forward_model,RodentForwardModel,old_eval,20,20,600064000,277,layer::3/action/0/task_obs/0,delta,0.005620963911914023,0.00032232028951550973,1000.0,41503,14896,640
RodentForwardModel_delay0_eff0-20260619-032834,forward_model,RodentForwardModel,old_eval,0,0,600064000,277,layer::3/action/0/task_obs/1,delta,,-inf,1.0,57068,24990,512
RodentForwardModel_delay5_eff5-20260619-033243,forward_model,RodentForwardModel,old_eval,5,5,600064000,277,layer::3/action/0/task_obs/1,delta,0.0030959254459919094,-0.023971432800235393,1000.0,55899,24526,512
RodentForwardModel_delay10_eff10-20260619-033822,forward_model,RodentForwardModel,old_eval,10,10,600064000,277,layer::3/action/0/task_obs/1,delta,0.0016557388704583342,-0.025007881551539768,1000.0,51081,21618,512
RodentForwardModel_delay20_eff20-20260619-034701,forward_model,RodentForwardModel,old_eval,20,20,600064000,277,layer::3/action/0/task_obs/1,delta,-0.010517203142413889,-0.03668736494050884,1000.0,41503,14896,512
RodentForwardModel_delay0_eff0-20260619-032834,forward_model,RodentForwardModel,old_eval,0,0,600064000,277,layer::3/action/0/task_obs/2,delta,,-inf,1.0,57068,24990,512
RodentForwardModel_delay5_eff5-20260619-033243,forward_model,RodentForwardModel,old_eval,5,5,600064000,277,layer::3/action/0/task_obs/2,delta,0.0012698448477478363,-0.031924173792485355,1000.0,55899,24526,512
RodentForwardModel_delay10_eff10-20260619-033822,forward_model,RodentForwardModel,old_eval,10,10,600064000,277,layer::3/action/0/task_obs/2,delta,-0.0008336536758246638,-0.04019253504475606,1000.0,51081,21618,512
RodentForwardModel_delay20_eff20-20260619-034701,forward_model,RodentForwardModel,old_eval,20,20,600064000,277,layer::3/action/0/task_obs/2,delta,-0.02827191201518464,-0.055396782004217826,1000.0,41503,14896,512
RodentForwardModel_delay0_eff0-20260619-032834,forward_model,RodentForwardModel,old_eval,0,0,600064000,277,layer::3/action/0/task_obs/3,delta,,-inf,1.0,57068,24990,512
RodentForwardModel_delay5_eff5-20260619-033243,forward_model,RodentForwardModel,old_eval,5,5,600064000,277,layer::3/action/0/task_obs/3,delta,0.006467013721856318,-0.03805352379563942,1000.0,55899,24526,512
RodentForwardModel_delay10_eff10-20260619-033822,forward_model,RodentForwardModel,old_eval,10,10,600064000,277,layer::3/action/0/task_obs/3,delta,0.0008394379164201604,-0.03614057310139063,1000.0,51081,21618,512
RodentForwardModel_delay20_eff20-20260619-034701,forward_model,RodentForwardModel,old_eval,20,20,600064000,277,layer::3/action/0/task_obs/3,delta,-0.01307343085931123,-0.03935067301934447,1000.0,41503,14896,512
RodentForwardModel_delay0_eff0-20260619-032834,forward_model,RodentForwardModel,old_eval,0,0,600064000,277,layer::3/action/0/task_obs/4,delta,,-inf,1.0,57068,24990,512
RodentForwardModel_delay5_eff5-20260619-033243,forward_model,RodentForwardModel,old_eval,5,5,600064000,277,layer::3/action/0/task_obs/4,delta,0.006996722785956311,-0.026155914837699523,1000.0,55899,24526,512
RodentForwardModel_delay10_eff10-20260619-033822,forward_model,RodentForwardModel,old_eval,10,10,600064000,277,layer::3/action/0/task_obs/4,delta,0.007074527931655972,-0.029007487473962756,1000.0,51081,21618,512
RodentForwardModel_delay20_eff20-20260619-034701,forward_model,RodentForwardModel,old_eval,20,20,600064000,277,layer::3/action/0/task_obs/4,delta,-0.006626148140609356,-0.033767150928167844,1000.0,41503,14896,512
RodentForwardModel_delay0_eff0-20260619-032834,forward_model,RodentForwardModel,old_eval,0,0,600064000,277,layer::3/action/0/task_obs/5,delta,,-inf,1.0,57068,24990,64
RodentForwardModel_delay5_eff5-20260619-033243,forward_model,RodentForwardModel,old_eval,5,5,600064000,277,layer::3/action/0/task_obs/5,delta,0.012807991322337453,0.0029147888744099903,1000.0,55899,24526,64
RodentForwardModel_delay10_eff10-20260619-033822,forward_model,RodentForwardModel,old_eval,10,10,600064000,277,layer::3/action/0/task_obs/5,delta,0.016711233437088135,0.006401790238135474,1000.0,51081,21618,64
RodentForwardModel_delay20_eff20-20260619-034701,forward_model,RodentForwardModel,old_eval,20,20,600064000,277,layer::3/action/0/task_obs/5,delta,0.01620402395206999,0.008075125621599066,1000.0,41503,14896,64
RodentForwardModel_delay0_eff0-20260619-032834,forward_model,RodentForwardModel,old_eval,0,0,600064000,277,layer::3/action/0/task_obs/6,delta,,-inf,1.0,57068,24990,32
RodentForwardModel_delay5_eff5-20260619-033243,forward_model,RodentForwardModel,old_eval,5,5,600064000,277,layer::3/action/0/task_obs/6,delta,0.008315978741266106,0.0022946259212478504,1000.0,55899,24526,32
RodentForwardModel_delay10_eff10-20260619-033822,forward_model,RodentForwardModel,old_eval,10,10,600064000,277,layer::3/action/0/task_obs/6,delta,0.012554533539155921,0.005789187261911466,1000.0,51081,21618,32
RodentForwardModel_delay20_eff20-20260619-034701,forward_model,RodentForwardModel,old_eval,20,20,600064000,277,layer::3/action/0/task_obs/6,delta,0.011647288384068366,0.005735699966153751,1000.0,41503,14896,32
RodentForwardModel_delay0_eff0-20260619-032834,forward_model,RodentForwardModel,old_eval,0,0,600064000,277,layer::3/action/1/decoder/0,delta,,-inf,1.0,57068,24990,512
RodentForwardModel_delay5_eff5-20260619-033243,forward_model,RodentForwardModel,old_eval,5,5,600064000,277,layer::3/action/1/decoder/0,delta,0.47919696160860026,0.44023322296716894,1000.0,55899,24526,512
RodentForwardModel_delay10_eff10-20260619-033822,forward_model,RodentForwardModel,old_eval,10,10,600064000,277,layer::3/action/1/decoder/0,delta,0.4104400722548054,0.34588048190057985,1000.0,51081,21618,512
RodentForwardModel_delay20_eff20-20260619-034701,forward_model,RodentForwardModel,old_eval,20,20,600064000,277,layer::3/action/1/decoder/0,delta,0.341145722370387,0.3063864589028613,1000.0,41503,14896,512
RodentForwardModel_delay0_eff0-20260619-032834,forward_model,RodentForwardModel,old_eval,0,0,600064000,277,layer::3/action/1/decoder/1,delta,,-inf,1.0,57068,24990,512
RodentForwardModel_delay5_eff5-20260619-033243,forward_model,RodentForwardModel,old_eval,5,5,600064000,277,layer::3/action/1/decoder/1,delta,0.40644738672280245,0.3654151347507326,1000.0,55899,24526,512
RodentForwardModel_delay10_eff10-20260619-033822,forward_model,RodentForwardModel,old_eval,10,10,600064000,277,layer::3/action/1/decoder/1,delta,0.3496765444625336,0.28374622342322053,1000.0,51081,21618,512
RodentForwardModel_delay20_eff20-20260619-034701,forward_model,RodentForwardModel,old_eval,20,20,600064000,277,layer::3/action/1/decoder/1,delta,0.2798156198099222,0.2527416100393137,1000.0,41503,14896,512
RodentForwardModel_delay0_eff0-20260619-032834,forward_model,RodentForwardModel,old_eval,0,0,600064000,277,layer::3/action/1/decoder/2,delta,,-inf,1.0,57068,24990,512
RodentForwardModel_delay5_eff5-20260619-033243,forward_model,RodentForwardModel,old_eval,5,5,600064000,277,layer::3/action/1/decoder/2,delta,0.36531934007102007,0.327683113057063,1000.0,55899,24526,512
RodentForwardModel_delay10_eff10-20260619-033822,forward_model,RodentForwardModel,old_eval,10,10,600064000,277,layer::3/action/1/decoder/2,delta,0.3133826841527473,0.2573180206046276,1000.0,51081,21618,512
RodentForwardModel_delay20_eff20-20260619-034701,forward_model,RodentForwardModel,old_eval,20,20,600064000,277,layer::3/action/1/decoder/2,delta,0.24888797759622439,0.2255265692936551,1000.0,41503,14896,512
RodentForwardModel_delay0_eff0-20260619-032834,forward_model,RodentForwardModel,old_eval,0,0,600064000,277,layer::3/action/1/decoder/3,delta,,-inf,1.0,57068,24990,512
RodentForwardModel_delay5_eff5-20260619-033243,forward_model,RodentForwardModel,old_eval,5,5,600064000,277,layer::3/action/1/decoder/3,delta,0.3408653774788707,0.3094441443655961,1000.0,55899,24526,512
RodentForwardModel_delay10_eff10-20260619-033822,forward_model,RodentForwardModel,old_eval,10,10,600064000,277,layer::3/action/1/decoder/3,delta,0.2929304127738527,0.23643960291992716,1000.0,51081,21618,512
RodentForwardModel_delay20_eff20-20260619-034701,forward_model,RodentForwardModel,old_eval,20,20,600064000,277,layer::3/action/1/decoder/3,delta,0.22825158123785982,0.20729047879403262,1000.0,41503,14896,512
RodentForwardModel_delay0_eff0-20260619-032834,forward_model,RodentForwardModel,old_eval,0,0,600064000,277,layer::3/action/1/decoder/4,delta,,-inf,1.0,57068,24990,76
RodentForwardModel_delay5_eff5-20260619-033243,forward_model,RodentForwardModel,old_eval,5,5,600064000,277,layer::3/action/1/decoder/4,delta,0.25601585388716286,0.22409574132544097,1.0,55899,24526,76
RodentForwardModel_delay10_eff10-20260619-033822,forward_model,RodentForwardModel,old_eval,10,10,600064000,277,layer::3/action/1/decoder/4,delta,0.21544729653029915,0.1710823997447879,100.0,51081,21618,76
RodentForwardModel_delay20_eff20-20260619-034701,forward_model,RodentForwardModel,old_eval,20,20,600064000,277,layer::3/action/1/decoder/4,delta,0.16460417643887615,0.14620778984092275,1000.0,41503,14896,76
RodentForwardModel_delay0_eff0-20260619-032834,forward_model,RodentForwardModel,old_eval,0,0,600064000,277,layer::3/action/1/decoder/5/action,delta,,-inf,1.0,57068,24990,38
RodentForwardModel_delay5_eff5-20260619-033243,forward_model,RodentForwardModel,old_eval,5,5,600064000,277,layer::3/action/1/decoder/5/action,delta,0.2321564739134092,0.2069482471677807,1000.0,55899,24526,38
RodentForwardModel_delay10_eff10-20260619-033822,forward_model,RodentForwardModel,old_eval,10,10,600064000,277,layer::3/action/1/decoder/5/action,delta,0.1905953871484618,0.1524004954118111,1000.0,51081,21618,38
RodentForwardModel_delay20_eff20-20260619-034701,forward_model,RodentForwardModel,old_eval,20,20,600064000,277,layer::3/action/1/decoder/5/action,delta,0.14399550930061344,0.13110618605014446,1000.0,41503,14896,38
RodentForwardModel_delay0_eff0-20260619-032834,forward_model,RodentForwardModel,old_eval,0,0,600064000,277,layer::3/action/1/decoder/5/log_likelihood,delta,,-inf,1.0,57068,24990,1
RodentForwardModel_delay5_eff5-20260619-033243,forward_model,RodentForwardModel,old_eval,5,5,600064000,277,layer::3/action/1/decoder/5/log_likelihood,delta,0.0030126343995869886,0.00036691633380137034,1000.0,55899,24526,1
RodentForwardModel_delay10_eff10-20260619-033822,forward_model,RodentForwardModel,old_eval,10,10,600064000,277,layer::3/action/1/decoder/5/log_likelihood,delta,0.00032327477994775755,-0.00011090468952312804,1000.0,51081,21618,1
RodentForwardModel_delay20_eff20-20260619-034701,forward_model,RodentForwardModel,old_eval,20,20,600064000,277,layer::3/action/1/decoder/5/log_likelihood,delta,0.0003062166461257343,0.00029368116847616754,1000.0,41503,14896,1
RodentForwardModel_delay5_eff5-20260619-033243,forward_model,RodentForwardModel,old_eval,5,5,600064000,277,layer::3/action/1/delay,delta,0.5905582932867417,0.5554826245149013,100.0,55899,24526,277
RodentForwardModel_delay10_eff10-20260619-033822,forward_model,RodentForwardModel,old_eval,10,10,600064000,277,layer::3/action/1/delay,delta,0.524258341859063,0.4975129951772411,100.0,51081,21618,277
RodentForwardModel_delay20_eff20-20260619-034701,forward_model,RodentForwardModel,old_eval,20,20,600064000,277,layer::3/action/1/delay,delta,0.4914796891530522,0.48932437709911736,1000.0,41503,14896,277
RodentForwardModel_delay0_eff0-20260619-032834,forward_model,RodentForwardModel,old_eval,0,0,600064000,277,layer::3/action/1/predictor/0,delta,,-inf,1.0,57068,24990,512
RodentForwardModel_delay5_eff5-20260619-033243,forward_model,RodentForwardModel,old_eval,5,5,600064000,277,layer::3/action/1/predictor/0,delta,0.8081668211078754,0.7868009149683852,10.0,55899,24526,512
RodentForwardModel_delay10_eff10-20260619-033822,forward_model,RodentForwardModel,old_eval,10,10,600064000,277,layer::3/action/1/predictor/0,delta,0.7209393727232084,0.663806883221678,10.0,51081,21618,512
RodentForwardModel_delay20_eff20-20260619-034701,forward_model,RodentForwardModel,old_eval,20,20,600064000,277,layer::3/action/1/predictor/0,delta,0.6003287406613336,0.5387116951756099,100.0,41503,14896,512
RodentForwardModel_delay0_eff0-20260619-032834,forward_model,RodentForwardModel,old_eval,0,0,600064000,277,layer::3/action/1/predictor/1,delta,,-inf,1.0,57068,24990,512
RodentForwardModel_delay5_eff5-20260619-033243,forward_model,RodentForwardModel,old_eval,5,5,600064000,277,layer::3/action/1/predictor/1,delta,0.7135518518375984,0.6819914979959102,1.0,55899,24526,512
RodentForwardModel_delay10_eff10-20260619-033822,forward_model,RodentForwardModel,old_eval,10,10,600064000,277,layer::3/action/1/predictor/1,delta,0.6265037920918988,0.5392233856893542,10.0,51081,21618,512
RodentForwardModel_delay20_eff20-20260619-034701,forward_model,RodentForwardModel,old_eval,20,20,600064000,277,layer::3/action/1/predictor/1,delta,0.4768384218942272,0.42545132651201545,10.0,41503,14896,512
RodentForwardModel_delay0_eff0-20260619-032834,forward_model,RodentForwardModel,old_eval,0,0,600064000,277,layer::3/action/1/predictor/2,delta,,-inf,1.0,57068,24990,512
RodentForwardModel_delay5_eff5-20260619-033243,forward_model,RodentForwardModel,old_eval,5,5,600064000,277,layer::3/action/1/predictor/2,delta,0.6822093005036497,0.6462118667042858,10.0,55899,24526,512
RodentForwardModel_delay10_eff10-20260619-033822,forward_model,RodentForwardModel,old_eval,10,10,600064000,277,layer::3/action/1/predictor/2,delta,0.574669966897273,0.46831677269230043,10.0,51081,21618,512
RodentForwardModel_delay20_eff20-20260619-034701,forward_model,RodentForwardModel,old_eval,20,20,600064000,277,layer::3/action/1/predictor/2,delta,0.4580938276728175,0.4115882345283658,10.0,41503,14896,512
RodentForwardModel_delay0_eff0-20260619-032834,forward_model,RodentForwardModel,old_eval,0,0,600064000,277,layer::3/action/1/predictor/3,delta,,-inf,1.0,57068,24990,512
RodentForwardModel_delay5_eff5-20260619-033243,forward_model,RodentForwardModel,old_eval,5,5,600064000,277,layer::3/action/1/predictor/3,delta,0.6548508375560702,0.6261655265586643,1.0,55899,24526,512
RodentForwardModel_delay10_eff10-20260619-033822,forward_model,RodentForwardModel,old_eval,10,10,600064000,277,layer::3/action/1/predictor/3,delta,0.5423179460482992,0.46553294300887615,10.0,51081,21618,512
RodentForwardModel_delay20_eff20-20260619-034701,forward_model,RodentForwardModel,old_eval,20,20,600064000,277,layer::3/action/1/predictor/3,delta,0.45379908542577885,0.4115610924522898,10.0,41503,14896,512
RodentForwardModel_delay0_eff0-20260619-032834,forward_model,RodentForwardModel,old_eval,0,0,600064000,277,layer::3/action/1/predictor/4,delta,,-inf,1.0,57068,24990,277
RodentForwardModel_delay5_eff5-20260619-033243,forward_model,RodentForwardModel,old_eval,5,5,600064000,277,layer::3/action/1/predictor/4,delta,0.5711155722369776,0.5286850468218813,1.0,55899,24526,277
RodentForwardModel_delay10_eff10-20260619-033822,forward_model,RodentForwardModel,old_eval,10,10,600064000,277,layer::3/action/1/predictor/4,delta,0.4837425081029578,0.4278438326859202,10.0,51081,21618,277
RodentForwardModel_delay20_eff20-20260619-034701,forward_model,RodentForwardModel,old_eval,20,20,600064000,277,layer::3/action/1/predictor/4,delta,0.42369369825385395,0.39389505063917307,1.0,41503,14896,277
RodentForwardModel_delay0_eff0-20260619-032834,forward_model,RodentForwardModel,old_eval,0,0,600064000,277,layer::3/value/0,delta,,-inf,1.0,57068,24990,917
RodentForwardModel_delay5_eff5-20260619-033243,forward_model,RodentForwardModel,old_eval,5,5,600064000,277,layer::3/value/0,delta,0.6085479566754612,0.5744753161577858,1000.0,55899,24526,917
RodentForwardModel_delay10_eff10-20260619-033822,forward_model,RodentForwardModel,old_eval,10,10,600064000,277,layer::3/value/0,delta,0.5308241779650158,0.4955580889114076,1000.0,51081,21618,917
RodentForwardModel_delay20_eff20-20260619-034701,forward_model,RodentForwardModel,old_eval,20,20,600064000,277,layer::3/value/0,delta,0.5031110212833119,0.49603758233747297,1000.0,41503,14896,917
RodentForwardModel_delay0_eff0-20260619-032834,forward_model,RodentForwardModel,old_eval,0,0,600064000,277,layer::3/value/1,delta,,-inf,1.0,57068,24990,1024
RodentForwardModel_delay5_eff5-20260619-033243,forward_model,RodentForwardModel,old_eval,5,5,600064000,277,layer::3/value/1,delta,0.30889542877845844,0.19428223707210113,1000.0,55899,24526,1024
RodentForwardModel_delay10_eff10-20260619-033822,forward_model,RodentForwardModel,old_eval,10,10,600064000,277,layer::3/value/1,delta,0.24892101820308554,0.12568034678826778,1000.0,51081,21618,1024
RodentForwardModel_delay20_eff20-20260619-034701,forward_model,RodentForwardModel,old_eval,20,20,600064000,277,layer::3/value/1,delta,0.12696164062799276,0.03425264911869619,1000.0,41503,14896,1024
RodentForwardModel_delay0_eff0-20260619-032834,forward_model,RodentForwardModel,old_eval,0,0,600064000,277,layer::3/value/2,delta,,-inf,1.0,57068,24990,1024
RodentForwardModel_delay5_eff5-20260619-033243,forward_model,RodentForwardModel,old_eval,5,5,600064000,277,layer::3/value/2,delta,0.08413357794694998,0.019729321980465175,1000.0,55899,24526,1024
RodentForwardModel_delay10_eff10-20260619-033822,forward_model,RodentForwardModel,old_eval,10,10,600064000,277,layer::3/value/2,delta,0.10579833968193908,0.02486563831184674,1000.0,51081,21618,1024
RodentForwardModel_delay20_eff20-20260619-034701,forward_model,RodentForwardModel,old_eval,20,20,600064000,277,layer::3/value/2,delta,0.009604170761557285,-0.04636022807154583,1000.0,41503,14896,1024
RodentForwardModel_delay0_eff0-20260619-032834,forward_model,RodentForwardModel,old_eval,0,0,600064000,277,layer::3/value/3,delta,,-inf,1.0,57068,24990,1
RodentForwardModel_delay5_eff5-20260619-033243,forward_model,RodentForwardModel,old_eval,5,5,600064000,277,layer::3/value/3,delta,-3.161211332258773e-06,-2.6826972390203707e-06,1000.0,55899,24526,1
RodentForwardModel_delay10_eff10-20260619-033822,forward_model,RodentForwardModel,old_eval,10,10,600064000,277,layer::3/value/3,delta,1.1889827890687599e-05,2.739777439997315e-05,1000.0,51081,21618,1
RodentForwardModel_delay20_eff20-20260619-034701,forward_model,RodentForwardModel,old_eval,20,20,600064000,277,layer::3/value/3,delta,0.0005961782321917131,0.0005032674633549394,1000.0,41503,14896,1
RodentForwardModel_delay0_eff0-20260619-032834,forward_model,RodentForwardModel,old_eval,0,0,600064000,277,input::current_proprio,proprio,0.9999999944231577,0.9999999904444876,1.0,57068,24990,277
RodentForwardModel_delay5_eff5-20260619-033243,forward_model,RodentForwardModel,old_eval,5,5,600064000,277,input::current_proprio,proprio,0.9999999901290065,0.9999999818208698,1.0,55899,24526,277
RodentForwardModel_delay10_eff10-20260619-033822,forward_model,RodentForwardModel,old_eval,10,10,600064000,277,input::current_proprio,proprio,0.9999999938005372,0.9999999498093586,1.0,51081,21618,277
RodentForwardModel_delay20_eff20-20260619-034701,forward_model,RodentForwardModel,old_eval,20,20,600064000,277,input::current_proprio,proprio,0.9999999817364711,0.9999999828992753,1.0,41503,14896,277
RodentForwardModel_delay0_eff0-20260619-032834,forward_model,RodentForwardModel,old_eval,0,0,600064000,277,input::delayed_plus_efference,proprio,0.9999999944231577,0.9999999904444876,1.0,57068,24990,277
RodentForwardModel_delay5_eff5-20260619-033243,forward_model,RodentForwardModel,old_eval,5,5,600064000,277,input::delayed_plus_efference,proprio,0.694786748111544,0.6623352224035082,100.0,55899,24526,467
RodentForwardModel_delay10_eff10-20260619-033822,forward_model,RodentForwardModel,old_eval,10,10,600064000,277,input::delayed_plus_efference,proprio,0.7004895171761678,0.6378592126419623,100.0,51081,21618,657
RodentForwardModel_delay20_eff20-20260619-034701,forward_model,RodentForwardModel,old_eval,20,20,600064000,277,input::delayed_plus_efference,proprio,0.6386967828261874,0.5719928404893342,1000.0,41503,14896,1037
RodentForwardModel_delay0_eff0-20260619-032834,forward_model,RodentForwardModel,old_eval,0,0,600064000,277,input::delayed_proprio,proprio,0.9999999944231577,0.9999999904444876,1.0,57068,24990,277
RodentForwardModel_delay5_eff5-20260619-033243,forward_model,RodentForwardModel,old_eval,5,5,600064000,277,input::delayed_proprio,proprio,0.15637185614853788,0.13040184468291083,100.0,55899,24526,277
RodentForwardModel_delay10_eff10-20260619-033822,forward_model,RodentForwardModel,old_eval,10,10,600064000,277,input::delayed_proprio,proprio,0.10095846863576441,0.08405570255020445,1000.0,51081,21618,277
RodentForwardModel_delay20_eff20-20260619-034701,forward_model,RodentForwardModel,old_eval,20,20,600064000,277,input::delayed_proprio,proprio,0.05743342357950976,0.0541843632526644,1000.0,41503,14896,277
RodentForwardModel_delay0_eff0-20260619-032834,forward_model,RodentForwardModel,old_eval,0,0,600064000,277,layer::0/state/proprioception,proprio,0.9999999445020756,0.9999999413894356,1.0,57068,24990,277
RodentForwardModel_delay5_eff5-20260619-033243,forward_model,RodentForwardModel,old_eval,5,5,600064000,277,layer::0/state/proprioception,proprio,0.9999999427241091,0.9999999334689086,1.0,55899,24526,277
RodentForwardModel_delay10_eff10-20260619-033822,forward_model,RodentForwardModel,old_eval,10,10,600064000,277,layer::0/state/proprioception,proprio,0.9999999467571489,0.9999999007501587,1.0,51081,21618,277
RodentForwardModel_delay20_eff20-20260619-034701,forward_model,RodentForwardModel,old_eval,20,20,600064000,277,layer::0/state/proprioception,proprio,0.9999999331049,0.9999999333178148,1.0,41503,14896,277
RodentForwardModel_delay0_eff0-20260619-032834,forward_model,RodentForwardModel,old_eval,0,0,600064000,277,layer::0/state/task_obs,proprio,0.10426952112786714,0.09249261799428288,100.0,57068,24990,640
RodentForwardModel_delay5_eff5-20260619-033243,forward_model,RodentForwardModel,old_eval,5,5,600064000,277,layer::0/state/task_obs,proprio,0.08214093845500736,0.07179663685882709,1000.0,55899,24526,640
RodentForwardModel_delay10_eff10-20260619-033822,forward_model,RodentForwardModel,old_eval,10,10,600064000,277,layer::0/state/task_obs,proprio,0.06800953460011061,0.06792720073599523,100.0,51081,21618,640
RodentForwardModel_delay20_eff20-20260619-034701,forward_model,RodentForwardModel,old_eval,20,20,600064000,277,layer::0/state/task_obs,proprio,0.0432028529884686,0.044674050442533586,1000.0,41503,14896,640
RodentForwardModel_delay0_eff0-20260619-032834,forward_model,RodentForwardModel,old_eval,0,0,600064000,277,layer::1/state/proprioception,proprio,0.999999951988102,0.9999999473077994,1.0,57068,24990,277
RodentForwardModel_delay5_eff5-20260619-033243,forward_model,RodentForwardModel,old_eval,5,5,600064000,277,layer::1/state/proprioception,proprio,0.9999999467724054,0.9999999357172034,1.0,55899,24526,277
RodentForwardModel_delay10_eff10-20260619-033822,forward_model,RodentForwardModel,old_eval,10,10,600064000,277,layer::1/state/proprioception,proprio,0.9999999497911382,0.9999999063328759,1.0,51081,21618,277
RodentForwardModel_delay20_eff20-20260619-034701,forward_model,RodentForwardModel,old_eval,20,20,600064000,277,layer::1/state/proprioception,proprio,0.9999999385928288,0.9999999375859782,1.0,41503,14896,277
RodentForwardModel_delay0_eff0-20260619-032834,forward_model,RodentForwardModel,old_eval,0,0,600064000,277,layer::1/state/task_obs,proprio,0.10427723740458117,0.09253165456765844,100.0,57068,24990,640
RodentForwardModel_delay5_eff5-20260619-033243,forward_model,RodentForwardModel,old_eval,5,5,600064000,277,layer::1/state/task_obs,proprio,0.0821338584260416,0.07179558727821334,1000.0,55899,24526,640
RodentForwardModel_delay10_eff10-20260619-033822,forward_model,RodentForwardModel,old_eval,10,10,600064000,277,layer::1/state/task_obs,proprio,0.0680136325657742,0.06791461098261564,100.0,51081,21618,640
RodentForwardModel_delay20_eff20-20260619-034701,forward_model,RodentForwardModel,old_eval,20,20,600064000,277,layer::1/state/task_obs,proprio,0.0432025203586105,0.044679662100928885,1000.0,41503,14896,640
RodentForwardModel_delay0_eff0-20260619-032834,forward_model,RodentForwardModel,old_eval,0,0,600064000,277,layer::2/proprioception,proprio,0.999999951988102,0.9999999473077994,1.0,57068,24990,277
RodentForwardModel_delay5_eff5-20260619-033243,forward_model,RodentForwardModel,old_eval,5,5,600064000,277,layer::2/proprioception,proprio,0.9999999467724054,0.9999999357172034,1.0,55899,24526,277
RodentForwardModel_delay10_eff10-20260619-033822,forward_model,RodentForwardModel,old_eval,10,10,600064000,277,layer::2/proprioception,proprio,0.9999999497911382,0.9999999063328759,1.0,51081,21618,277
RodentForwardModel_delay20_eff20-20260619-034701,forward_model,RodentForwardModel,old_eval,20,20,600064000,277,layer::2/proprioception,proprio,0.9999999385928288,0.9999999375859782,1.0,41503,14896,277
RodentForwardModel_delay0_eff0-20260619-032834,forward_model,RodentForwardModel,old_eval,0,0,600064000,277,layer::2/task_obs,proprio,0.10427723740458117,0.09253165456765844,100.0,57068,24990,640
RodentForwardModel_delay5_eff5-20260619-033243,forward_model,RodentForwardModel,old_eval,5,5,600064000,277,layer::2/task_obs,proprio,0.0821338584260416,0.07179558727821334,1000.0,55899,24526,640
RodentForwardModel_delay10_eff10-20260619-033822,forward_model,RodentForwardModel,old_eval,10,10,600064000,277,layer::2/task_obs,proprio,0.0680136325657742,0.06791461098261564,100.0,51081,21618,640
RodentForwardModel_delay20_eff20-20260619-034701,forward_model,RodentForwardModel,old_eval,20,20,600064000,277,layer::2/task_obs,proprio,0.0432025203586105,0.044679662100928885,1000.0,41503,14896,640
RodentForwardModel_delay0_eff0-20260619-032834,forward_model,RodentForwardModel,old_eval,0,0,600064000,277,layer::3/action/0/proprioception,proprio,0.999999951988102,0.9999999473077994,1.0,57068,24990,277
RodentForwardModel_delay5_eff5-20260619-033243,forward_model,RodentForwardModel,old_eval,5,5,600064000,277,layer::3/action/0/proprioception,proprio,0.9999999467724054,0.9999999357172034,1.0,55899,24526,277
RodentForwardModel_delay10_eff10-20260619-033822,forward_model,RodentForwardModel,old_eval,10,10,600064000,277,layer::3/action/0/proprioception,proprio,0.9999999497911382,0.9999999063328759,1.0,51081,21618,277
RodentForwardModel_delay20_eff20-20260619-034701,forward_model,RodentForwardModel,old_eval,20,20,600064000,277,layer::3/action/0/proprioception,proprio,0.9999999385928288,0.9999999375859782,1.0,41503,14896,277
RodentForwardModel_delay0_eff0-20260619-032834,forward_model,RodentForwardModel,old_eval,0,0,600064000,277,layer::3/action/0/task_obs/0,proprio,0.10427723740458117,0.09253165456765844,100.0,57068,24990,640
RodentForwardModel_delay5_eff5-20260619-033243,forward_model,RodentForwardModel,old_eval,5,5,600064000,277,layer::3/action/0/task_obs/0,proprio,0.0821338584260416,0.07179558727821334,1000.0,55899,24526,640
RodentForwardModel_delay10_eff10-20260619-033822,forward_model,RodentForwardModel,old_eval,10,10,600064000,277,layer::3/action/0/task_obs/0,proprio,0.0680136325657742,0.06791461098261564,100.0,51081,21618,640
RodentForwardModel_delay20_eff20-20260619-034701,forward_model,RodentForwardModel,old_eval,20,20,600064000,277,layer::3/action/0/task_obs/0,proprio,0.0432025203586105,0.044679662100928885,1000.0,41503,14896,640
RodentForwardModel_delay0_eff0-20260619-032834,forward_model,RodentForwardModel,old_eval,0,0,600064000,277,layer::3/action/0/task_obs/1,proprio,0.08901566965356722,0.0640975542937835,1000.0,57068,24990,512
RodentForwardModel_delay5_eff5-20260619-033243,forward_model,RodentForwardModel,old_eval,5,5,600064000,277,layer::3/action/0/task_obs/1,proprio,0.07286270209588686,0.04026558587852258,1000.0,55899,24526,512
RodentForwardModel_delay10_eff10-20260619-033822,forward_model,RodentForwardModel,old_eval,10,10,600064000,277,layer::3/action/0/task_obs/1,proprio,0.05992485545185,0.030557900789660142,1000.0,51081,21618,512
RodentForwardModel_delay20_eff20-20260619-034701,forward_model,RodentForwardModel,old_eval,20,20,600064000,277,layer::3/action/0/task_obs/1,proprio,0.03194554982274156,-0.0002438959487507386,1000.0,41503,14896,512
RodentForwardModel_delay0_eff0-20260619-032834,forward_model,RodentForwardModel,old_eval,0,0,600064000,277,layer::3/action/0/task_obs/2,proprio,0.07994132823778477,0.04743392935158952,1000.0,57068,24990,512
RodentForwardModel_delay5_eff5-20260619-033243,forward_model,RodentForwardModel,old_eval,5,5,600064000,277,layer::3/action/0/task_obs/2,proprio,0.06562323087776212,0.03778902545015572,1000.0,55899,24526,512
RodentForwardModel_delay10_eff10-20260619-033822,forward_model,RodentForwardModel,old_eval,10,10,600064000,277,layer::3/action/0/task_obs/2,proprio,0.056710684383032284,0.02184416420395674,1000.0,51081,21618,512
RodentForwardModel_delay20_eff20-20260619-034701,forward_model,RodentForwardModel,old_eval,20,20,600064000,277,layer::3/action/0/task_obs/2,proprio,0.011054288075640906,-0.027933447662324973,1000.0,41503,14896,512
RodentForwardModel_delay0_eff0-20260619-032834,forward_model,RodentForwardModel,old_eval,0,0,600064000,277,layer::3/action/0/task_obs/3,proprio,0.08531834551803574,0.046288190947348706,1000.0,57068,24990,512
RodentForwardModel_delay5_eff5-20260619-033243,forward_model,RodentForwardModel,old_eval,5,5,600064000,277,layer::3/action/0/task_obs/3,proprio,0.07142736782364723,0.0389207732320358,1000.0,55899,24526,512
RodentForwardModel_delay10_eff10-20260619-033822,forward_model,RodentForwardModel,old_eval,10,10,600064000,277,layer::3/action/0/task_obs/3,proprio,0.05681207108907993,0.02399384318237452,1000.0,51081,21618,512
RodentForwardModel_delay20_eff20-20260619-034701,forward_model,RodentForwardModel,old_eval,20,20,600064000,277,layer::3/action/0/task_obs/3,proprio,0.029885462234647275,0.009920748298355098,1000.0,41503,14896,512
RodentForwardModel_delay0_eff0-20260619-032834,forward_model,RodentForwardModel,old_eval,0,0,600064000,277,layer::3/action/0/task_obs/4,proprio,0.08458985884825454,0.046580416139855974,1000.0,57068,24990,512
RodentForwardModel_delay5_eff5-20260619-033243,forward_model,RodentForwardModel,old_eval,5,5,600064000,277,layer::3/action/0/task_obs/4,proprio,0.07704147679208984,0.037736696359552124,1000.0,55899,24526,512
RodentForwardModel_delay10_eff10-20260619-033822,forward_model,RodentForwardModel,old_eval,10,10,600064000,277,layer::3/action/0/task_obs/4,proprio,0.06704878931675529,0.03608822830652747,1000.0,51081,21618,512
RodentForwardModel_delay20_eff20-20260619-034701,forward_model,RodentForwardModel,old_eval,20,20,600064000,277,layer::3/action/0/task_obs/4,proprio,0.043692484139653986,0.009557559353394529,1000.0,41503,14896,512
RodentForwardModel_delay0_eff0-20260619-032834,forward_model,RodentForwardModel,old_eval,0,0,600064000,277,layer::3/action/0/task_obs/5,proprio,0.06748006745428803,0.05922237548431308,1000.0,57068,24990,64
RodentForwardModel_delay5_eff5-20260619-033243,forward_model,RodentForwardModel,old_eval,5,5,600064000,277,layer::3/action/0/task_obs/5,proprio,0.07401618041499736,0.05957831899318833,1000.0,55899,24526,64
RodentForwardModel_delay10_eff10-20260619-033822,forward_model,RodentForwardModel,old_eval,10,10,600064000,277,layer::3/action/0/task_obs/5,proprio,0.074537442125721,0.0648838205567891,1000.0,51081,21618,64
RodentForwardModel_delay20_eff20-20260619-034701,forward_model,RodentForwardModel,old_eval,20,20,600064000,277,layer::3/action/0/task_obs/5,proprio,0.06212683087789672,0.060149616467284894,1000.0,41503,14896,64
RodentForwardModel_delay0_eff0-20260619-032834,forward_model,RodentForwardModel,old_eval,0,0,600064000,277,layer::3/action/0/task_obs/6,proprio,0.02752606347830111,0.023441312555360083,1000.0,57068,24990,32
RodentForwardModel_delay5_eff5-20260619-033243,forward_model,RodentForwardModel,old_eval,5,5,600064000,277,layer::3/action/0/task_obs/6,proprio,0.03660743136832323,0.027497212801194992,1000.0,55899,24526,32
RodentForwardModel_delay10_eff10-20260619-033822,forward_model,RodentForwardModel,old_eval,10,10,600064000,277,layer::3/action/0/task_obs/6,proprio,0.04465667016005592,0.03642738084654873,1000.0,51081,21618,32
RodentForwardModel_delay20_eff20-20260619-034701,forward_model,RodentForwardModel,old_eval,20,20,600064000,277,layer::3/action/0/task_obs/6,proprio,0.04520838927982751,0.043241569041409855,1000.0,41503,14896,32
RodentForwardModel_delay0_eff0-20260619-032834,forward_model,RodentForwardModel,old_eval,0,0,600064000,277,layer::3/action/1/decoder/0,proprio,0.8302383062456946,0.8033605622584425,100.0,57068,24990,512
RodentForwardModel_delay5_eff5-20260619-033243,forward_model,RodentForwardModel,old_eval,5,5,600064000,277,layer::3/action/1/decoder/0,proprio,0.7572309397832209,0.7449124391121418,1000.0,55899,24526,512
RodentForwardModel_delay10_eff10-20260619-033822,forward_model,RodentForwardModel,old_eval,10,10,600064000,277,layer::3/action/1/decoder/0,proprio,0.7654797617412408,0.7041968071357694,1000.0,51081,21618,512
RodentForwardModel_delay20_eff20-20260619-034701,forward_model,RodentForwardModel,old_eval,20,20,600064000,277,layer::3/action/1/decoder/0,proprio,0.6940255464166118,0.6472044196214712,1000.0,41503,14896,512
RodentForwardModel_delay0_eff0-20260619-032834,forward_model,RodentForwardModel,old_eval,0,0,600064000,277,layer::3/action/1/decoder/1,proprio,0.6824539057688288,0.6384151031404175,1000.0,57068,24990,512
RodentForwardModel_delay5_eff5-20260619-033243,forward_model,RodentForwardModel,old_eval,5,5,600064000,277,layer::3/action/1/decoder/1,proprio,0.6425920665726628,0.632891262473797,1000.0,55899,24526,512
RodentForwardModel_delay10_eff10-20260619-033822,forward_model,RodentForwardModel,old_eval,10,10,600064000,277,layer::3/action/1/decoder/1,proprio,0.648094483910552,0.5914887100744235,1000.0,51081,21618,512
RodentForwardModel_delay20_eff20-20260619-034701,forward_model,RodentForwardModel,old_eval,20,20,600064000,277,layer::3/action/1/decoder/1,proprio,0.5735374209699176,0.5488988749590364,1000.0,41503,14896,512
RodentForwardModel_delay0_eff0-20260619-032834,forward_model,RodentForwardModel,old_eval,0,0,600064000,277,layer::3/action/1/decoder/2,proprio,0.6014366391967216,0.5471131006340897,1000.0,57068,24990,512
RodentForwardModel_delay5_eff5-20260619-033243,forward_model,RodentForwardModel,old_eval,5,5,600064000,277,layer::3/action/1/decoder/2,proprio,0.5804076765638864,0.5750742522056749,1000.0,55899,24526,512
RodentForwardModel_delay10_eff10-20260619-033822,forward_model,RodentForwardModel,old_eval,10,10,600064000,277,layer::3/action/1/decoder/2,proprio,0.5898925953554872,0.5413853456298396,1000.0,51081,21618,512
RodentForwardModel_delay20_eff20-20260619-034701,forward_model,RodentForwardModel,old_eval,20,20,600064000,277,layer::3/action/1/decoder/2,proprio,0.5156624866920337,0.49242549814480385,1000.0,41503,14896,512
RodentForwardModel_delay0_eff0-20260619-032834,forward_model,RodentForwardModel,old_eval,0,0,600064000,277,layer::3/action/1/decoder/3,proprio,0.564173905937184,0.5050083624127517,100.0,57068,24990,512
RodentForwardModel_delay5_eff5-20260619-033243,forward_model,RodentForwardModel,old_eval,5,5,600064000,277,layer::3/action/1/decoder/3,proprio,0.5388136745945056,0.5321578380318683,100.0,55899,24526,512
RodentForwardModel_delay10_eff10-20260619-033822,forward_model,RodentForwardModel,old_eval,10,10,600064000,277,layer::3/action/1/decoder/3,proprio,0.5507700760476184,0.5084937584798841,1000.0,51081,21618,512
RodentForwardModel_delay20_eff20-20260619-034701,forward_model,RodentForwardModel,old_eval,20,20,600064000,277,layer::3/action/1/decoder/3,proprio,0.4670002352801863,0.4630709734193844,100.0,41503,14896,512
RodentForwardModel_delay0_eff0-20260619-032834,forward_model,RodentForwardModel,old_eval,0,0,600064000,277,layer::3/action/1/decoder/4,proprio,0.40779259770560017,0.36655457213120124,1000.0,57068,24990,76
RodentForwardModel_delay5_eff5-20260619-033243,forward_model,RodentForwardModel,old_eval,5,5,600064000,277,layer::3/action/1/decoder/4,proprio,0.4175796836020016,0.4065653216615971,1.0,55899,24526,76
RodentForwardModel_delay10_eff10-20260619-033822,forward_model,RodentForwardModel,old_eval,10,10,600064000,277,layer::3/action/1/decoder/4,proprio,0.4151669883063791,0.37358337439990985,100.0,51081,21618,76
RodentForwardModel_delay20_eff20-20260619-034701,forward_model,RodentForwardModel,old_eval,20,20,600064000,277,layer::3/action/1/decoder/4,proprio,0.35494943250019906,0.3270715271030127,100.0,41503,14896,76
RodentForwardModel_delay0_eff0-20260619-032834,forward_model,RodentForwardModel,old_eval,0,0,600064000,277,layer::3/action/1/decoder/5/action,proprio,0.3424137250115393,0.32047748817720967,1000.0,57068,24990,38
RodentForwardModel_delay5_eff5-20260619-033243,forward_model,RodentForwardModel,old_eval,5,5,600064000,277,layer::3/action/1/decoder/5/action,proprio,0.3715746465861941,0.3624832357610708,100.0,55899,24526,38
RodentForwardModel_delay10_eff10-20260619-033822,forward_model,RodentForwardModel,old_eval,10,10,600064000,277,layer::3/action/1/decoder/5/action,proprio,0.3656621591573975,0.3305979738890228,1000.0,51081,21618,38
RodentForwardModel_delay20_eff20-20260619-034701,forward_model,RodentForwardModel,old_eval,20,20,600064000,277,layer::3/action/1/decoder/5/action,proprio,0.30881322766939345,0.28867752580895223,1000.0,41503,14896,38
RodentForwardModel_delay0_eff0-20260619-032834,forward_model,RodentForwardModel,old_eval,0,0,600064000,277,layer::3/action/1/decoder/5/log_likelihood,proprio,0.0019014484152871658,0.0020405844583720745,1000.0,57068,24990,1
RodentForwardModel_delay5_eff5-20260619-033243,forward_model,RodentForwardModel,old_eval,5,5,600064000,277,layer::3/action/1/decoder/5/log_likelihood,proprio,0.0054645079563949706,0.0011719317253808814,1000.0,55899,24526,1
RodentForwardModel_delay10_eff10-20260619-033822,forward_model,RodentForwardModel,old_eval,10,10,600064000,277,layer::3/action/1/decoder/5/log_likelihood,proprio,0.005814709723637734,0.005408540922950511,1000.0,51081,21618,1
RodentForwardModel_delay20_eff20-20260619-034701,forward_model,RodentForwardModel,old_eval,20,20,600064000,277,layer::3/action/1/decoder/5/log_likelihood,proprio,0.004633312170682635,0.011729029790725543,1.0,41503,14896,1
RodentForwardModel_delay5_eff5-20260619-033243,forward_model,RodentForwardModel,old_eval,5,5,600064000,277,layer::3/action/1/delay,proprio,0.15637072334390334,0.13040634288554154,100.0,55899,24526,277
RodentForwardModel_delay10_eff10-20260619-033822,forward_model,RodentForwardModel,old_eval,10,10,600064000,277,layer::3/action/1/delay,proprio,0.10095778564148716,0.08405484610439629,1000.0,51081,21618,277
RodentForwardModel_delay20_eff20-20260619-034701,forward_model,RodentForwardModel,old_eval,20,20,600064000,277,layer::3/action/1/delay,proprio,0.0574341997158454,0.054178389551791994,1000.0,41503,14896,277
RodentForwardModel_delay0_eff0-20260619-032834,forward_model,RodentForwardModel,old_eval,0,0,600064000,277,layer::3/action/1/predictor/0,proprio,0.9997089495897588,0.999619900252086,10.0,57068,24990,512
RodentForwardModel_delay5_eff5-20260619-033243,forward_model,RodentForwardModel,old_eval,5,5,600064000,277,layer::3/action/1/predictor/0,proprio,0.818302597039585,0.807965282272336,10.0,55899,24526,512
RodentForwardModel_delay10_eff10-20260619-033822,forward_model,RodentForwardModel,old_eval,10,10,600064000,277,layer::3/action/1/predictor/0,proprio,0.7840228287042764,0.7342143976762228,10.0,51081,21618,512
RodentForwardModel_delay20_eff20-20260619-034701,forward_model,RodentForwardModel,old_eval,20,20,600064000,277,layer::3/action/1/predictor/0,proprio,0.7243035673221767,0.6662170501370301,100.0,41503,14896,512
RodentForwardModel_delay0_eff0-20260619-032834,forward_model,RodentForwardModel,old_eval,0,0,600064000,277,layer::3/action/1/predictor/1,proprio,0.999221380994155,0.9990692429581042,10.0,57068,24990,512
RodentForwardModel_delay5_eff5-20260619-033243,forward_model,RodentForwardModel,old_eval,5,5,600064000,277,layer::3/action/1/predictor/1,proprio,0.8301996299127259,0.8142466661383778,10.0,55899,24526,512
RodentForwardModel_delay10_eff10-20260619-033822,forward_model,RodentForwardModel,old_eval,10,10,600064000,277,layer::3/action/1/predictor/1,proprio,0.7991796290126862,0.7527944970273622,100.0,51081,21618,512
RodentForwardModel_delay20_eff20-20260619-034701,forward_model,RodentForwardModel,old_eval,20,20,600064000,277,layer::3/action/1/predictor/1,proprio,0.7342593175721479,0.6773313016314056,10.0,41503,14896,512
RodentForwardModel_delay0_eff0-20260619-032834,forward_model,RodentForwardModel,old_eval,0,0,600064000,277,layer::3/action/1/predictor/2,proprio,0.9990235272400789,0.99869767012714,1.0,57068,24990,512
RodentForwardModel_delay5_eff5-20260619-033243,forward_model,RodentForwardModel,old_eval,5,5,600064000,277,layer::3/action/1/predictor/2,proprio,0.8781114249294617,0.8782621996315823,1.0,55899,24526,512
RodentForwardModel_delay10_eff10-20260619-033822,forward_model,RodentForwardModel,old_eval,10,10,600064000,277,layer::3/action/1/predictor/2,proprio,0.8584704381104735,0.8173119300674314,10.0,51081,21618,512
RodentForwardModel_delay20_eff20-20260619-034701,forward_model,RodentForwardModel,old_eval,20,20,600064000,277,layer::3/action/1/predictor/2,proprio,0.7836875323898325,0.7582901240665263,10.0,41503,14896,512
RodentForwardModel_delay0_eff0-20260619-032834,forward_model,RodentForwardModel,old_eval,0,0,600064000,277,layer::3/action/1/predictor/3,proprio,0.998918906406408,0.9986456485970345,1.0,57068,24990,512
RodentForwardModel_delay5_eff5-20260619-033243,forward_model,RodentForwardModel,old_eval,5,5,600064000,277,layer::3/action/1/predictor/3,proprio,0.8822797565829401,0.8785335537052782,10.0,55899,24526,512
RodentForwardModel_delay10_eff10-20260619-033822,forward_model,RodentForwardModel,old_eval,10,10,600064000,277,layer::3/action/1/predictor/3,proprio,0.8735556568242132,0.8429185891733945,10.0,51081,21618,512
RodentForwardModel_delay20_eff20-20260619-034701,forward_model,RodentForwardModel,old_eval,20,20,600064000,277,layer::3/action/1/predictor/3,proprio,0.8161148272642059,0.786745214597963,100.0,41503,14896,512
RodentForwardModel_delay0_eff0-20260619-032834,forward_model,RodentForwardModel,old_eval,0,0,600064000,277,layer::3/action/1/predictor/4,proprio,0.9987911429079438,0.9985773386885364,10.0,57068,24990,277
RodentForwardModel_delay5_eff5-20260619-033243,forward_model,RodentForwardModel,old_eval,5,5,600064000,277,layer::3/action/1/predictor/4,proprio,0.8782202007244853,0.8750147972124038,100.0,55899,24526,277
RodentForwardModel_delay10_eff10-20260619-033822,forward_model,RodentForwardModel,old_eval,10,10,600064000,277,layer::3/action/1/predictor/4,proprio,0.8698955474085299,0.846161574753759,100.0,51081,21618,277
RodentForwardModel_delay20_eff20-20260619-034701,forward_model,RodentForwardModel,old_eval,20,20,600064000,277,layer::3/action/1/predictor/4,proprio,0.813824324201461,0.7823260336116615,100.0,41503,14896,277
RodentForwardModel_delay0_eff0-20260619-032834,forward_model,RodentForwardModel,old_eval,0,0,600064000,277,layer::3/value/0,proprio,0.9999999491437789,0.9999999440179139,1.0,57068,24990,917
RodentForwardModel_delay5_eff5-20260619-033243,forward_model,RodentForwardModel,old_eval,5,5,600064000,277,layer::3/value/0,proprio,0.9999999444427696,0.9999999327996251,1.0,55899,24526,917
RodentForwardModel_delay10_eff10-20260619-033822,forward_model,RodentForwardModel,old_eval,10,10,600064000,277,layer::3/value/0,proprio,0.9999999474064313,0.9999999017128655,1.0,51081,21618,917
RodentForwardModel_delay20_eff20-20260619-034701,forward_model,RodentForwardModel,old_eval,20,20,600064000,277,layer::3/value/0,proprio,0.9999999357624614,0.9999999317098895,1.0,41503,14896,917
RodentForwardModel_delay0_eff0-20260619-032834,forward_model,RodentForwardModel,old_eval,0,0,600064000,277,layer::3/value/1,proprio,0.3772166320135695,0.3262419720438232,1000.0,57068,24990,1024
RodentForwardModel_delay5_eff5-20260619-033243,forward_model,RodentForwardModel,old_eval,5,5,600064000,277,layer::3/value/1,proprio,0.5034863478633465,0.38129794287447594,1000.0,55899,24526,1024
RodentForwardModel_delay10_eff10-20260619-033822,forward_model,RodentForwardModel,old_eval,10,10,600064000,277,layer::3/value/1,proprio,0.46343339705416975,0.30356070770515176,1000.0,51081,21618,1024
RodentForwardModel_delay20_eff20-20260619-034701,forward_model,RodentForwardModel,old_eval,20,20,600064000,277,layer::3/value/1,proprio,0.3238247022907331,0.18137091125065707,1000.0,41503,14896,1024
RodentForwardModel_delay0_eff0-20260619-032834,forward_model,RodentForwardModel,old_eval,0,0,600064000,277,layer::3/value/2,proprio,0.16794002769441863,0.11998025607992135,1000.0,57068,24990,1024
RodentForwardModel_delay5_eff5-20260619-033243,forward_model,RodentForwardModel,old_eval,5,5,600064000,277,layer::3/value/2,proprio,0.19137488215291787,0.11810270911000742,1000.0,55899,24526,1024
RodentForwardModel_delay10_eff10-20260619-033822,forward_model,RodentForwardModel,old_eval,10,10,600064000,277,layer::3/value/2,proprio,0.20828358225945132,0.13135797533470328,1000.0,51081,21618,1024
RodentForwardModel_delay20_eff20-20260619-034701,forward_model,RodentForwardModel,old_eval,20,20,600064000,277,layer::3/value/2,proprio,0.10909095142561831,0.03517719354446891,1000.0,41503,14896,1024
RodentForwardModel_delay0_eff0-20260619-032834,forward_model,RodentForwardModel,old_eval,0,0,600064000,277,layer::3/value/3,proprio,0.011572310632047222,0.00978849565226425,1.0,57068,24990,1
RodentForwardModel_delay5_eff5-20260619-033243,forward_model,RodentForwardModel,old_eval,5,5,600064000,277,layer::3/value/3,proprio,0.011401537045968357,0.01081330427394478,1000.0,55899,24526,1
RodentForwardModel_delay10_eff10-20260619-033822,forward_model,RodentForwardModel,old_eval,10,10,600064000,277,layer::3/value/3,proprio,0.011973345010005909,0.013733622400922463,1.0,51081,21618,1
RodentForwardModel_delay20_eff20-20260619-034701,forward_model,RodentForwardModel,old_eval,20,20,600064000,277,layer::3/value/3,proprio,0.00513580500971611,0.013791344421205998,1.0,41503,14896,1
RodentForwardModel_delay0_eff0_nodetach-20260630-083013,pg_forward_model,RodentForwardModel,old_eval,0,0,600064000,277,input::current_proprio,delta,,-inf,1.0,57386,24734,277
RodentForwardModel_delay5_eff5_nodetach-20260630-083050,pg_forward_model,RodentForwardModel,old_eval,5,5,600064000,277,input::current_proprio,delta,0.5878669962473998,0.5309019351400089,100.0,55816,24061,277
RodentForwardModel_delay10_eff10_nodetach-20260630-083050,pg_forward_model,RodentForwardModel,old_eval,10,10,600064000,277,input::current_proprio,delta,0.49750793961327666,0.5145870571833804,100.0,52938,22427,277
RodentForwardModel_delay20_eff20_nodetach-20260630-083014,pg_forward_model,RodentForwardModel,old_eval,20,20,600064000,277,input::current_proprio,delta,0.5168724119065673,0.514558260526603,100.0,39805,16484,277
RodentForwardModel_delay0_eff0_nodetach-20260630-083013,pg_forward_model,RodentForwardModel,old_eval,0,0,600064000,277,input::delayed_plus_efference,delta,,-inf,1.0,57386,24734,277
RodentForwardModel_delay5_eff5_nodetach-20260630-083050,pg_forward_model,RodentForwardModel,old_eval,5,5,600064000,277,input::delayed_plus_efference,delta,0.8458439768391344,0.8154890804571336,100.0,55816,24061,467
RodentForwardModel_delay10_eff10_nodetach-20260630-083050,pg_forward_model,RodentForwardModel,old_eval,10,10,600064000,277,input::delayed_plus_efference,delta,0.8464588305410108,0.8103196284513865,100.0,52938,22427,657
RodentForwardModel_delay20_eff20_nodetach-20260630-083014,pg_forward_model,RodentForwardModel,old_eval,20,20,600064000,277,input::delayed_plus_efference,delta,0.8342824545524008,0.8204397062731039,100.0,39805,16484,1037
RodentForwardModel_delay0_eff0_nodetach-20260630-083013,pg_forward_model,RodentForwardModel,old_eval,0,0,600064000,277,input::delayed_proprio,delta,,-inf,1.0,57386,24734,277
RodentForwardModel_delay5_eff5_nodetach-20260630-083050,pg_forward_model,RodentForwardModel,old_eval,5,5,600064000,277,input::delayed_proprio,delta,0.5684054562742104,0.5345821146871041,100.0,55816,24061,277
RodentForwardModel_delay10_eff10_nodetach-20260630-083050,pg_forward_model,RodentForwardModel,old_eval,10,10,600064000,277,input::delayed_proprio,delta,0.5118154767265962,0.5053658444999776,100.0,52938,22427,277
RodentForwardModel_delay20_eff20_nodetach-20260630-083014,pg_forward_model,RodentForwardModel,old_eval,20,20,600064000,277,input::delayed_proprio,delta,0.48860089628265335,0.5018364047733964,100.0,39805,16484,277
RodentForwardModel_delay0_eff0_nodetach-20260630-083013,pg_forward_model,RodentForwardModel,old_eval,0,0,600064000,277,layer::0/state/proprioception,delta,,-inf,1.0,57386,24734,277
RodentForwardModel_delay5_eff5_nodetach-20260630-083050,pg_forward_model,RodentForwardModel,old_eval,5,5,600064000,277,layer::0/state/proprioception,delta,0.5878654622724669,0.5309004754753398,100.0,55816,24061,277
RodentForwardModel_delay10_eff10_nodetach-20260630-083050,pg_forward_model,RodentForwardModel,old_eval,10,10,600064000,277,layer::0/state/proprioception,delta,0.4975072763206052,0.5145920293883568,100.0,52938,22427,277
RodentForwardModel_delay20_eff20_nodetach-20260630-083014,pg_forward_model,RodentForwardModel,old_eval,20,20,600064000,277,layer::0/state/proprioception,delta,0.5168773541226477,0.5145564662864726,100.0,39805,16484,277
RodentForwardModel_delay0_eff0_nodetach-20260630-083013,pg_forward_model,RodentForwardModel,old_eval,0,0,600064000,277,layer::0/state/task_obs,delta,,-inf,1.0,57386,24734,640
RodentForwardModel_delay5_eff5_nodetach-20260630-083050,pg_forward_model,RodentForwardModel,old_eval,5,5,600064000,277,layer::0/state/task_obs,delta,0.005863183863645038,-0.00038128526393443885,1000.0,55816,24061,640
RodentForwardModel_delay10_eff10_nodetach-20260630-083050,pg_forward_model,RodentForwardModel,old_eval,10,10,600064000,277,layer::0/state/task_obs,delta,0.007379794261973771,-0.001621813930384075,1000.0,52938,22427,640
RodentForwardModel_delay20_eff20_nodetach-20260630-083014,pg_forward_model,RodentForwardModel,old_eval,20,20,600064000,277,layer::0/state/task_obs,delta,0.0035310957175462843,0.0012434084103212228,1000.0,39805,16484,640
RodentForwardModel_delay0_eff0_nodetach-20260630-083013,pg_forward_model,RodentForwardModel,old_eval,0,0,600064000,277,layer::1/state/proprioception,delta,,-inf,1.0,57386,24734,277
RodentForwardModel_delay5_eff5_nodetach-20260630-083050,pg_forward_model,RodentForwardModel,old_eval,5,5,600064000,277,layer::1/state/proprioception,delta,0.5878692764804081,0.5309076174060424,100.0,55816,24061,277
RodentForwardModel_delay10_eff10_nodetach-20260630-083050,pg_forward_model,RodentForwardModel,old_eval,10,10,600064000,277,layer::1/state/proprioception,delta,0.4975179588236288,0.514588170957295,100.0,52938,22427,277
RodentForwardModel_delay20_eff20_nodetach-20260630-083014,pg_forward_model,RodentForwardModel,old_eval,20,20,600064000,277,layer::1/state/proprioception,delta,0.5168710390687672,0.5145579343011247,100.0,39805,16484,277
RodentForwardModel_delay0_eff0_nodetach-20260630-083013,pg_forward_model,RodentForwardModel,old_eval,0,0,600064000,277,layer::1/state/task_obs,delta,,-inf,1.0,57386,24734,640
RodentForwardModel_delay5_eff5_nodetach-20260630-083050,pg_forward_model,RodentForwardModel,old_eval,5,5,600064000,277,layer::1/state/task_obs,delta,0.005861525512366295,-0.00036189257618723936,1000.0,55816,24061,640
RodentForwardModel_delay10_eff10_nodetach-20260630-083050,pg_forward_model,RodentForwardModel,old_eval,10,10,600064000,277,layer::1/state/task_obs,delta,0.007377560012975404,-0.0016226094831801596,1000.0,52938,22427,640
RodentForwardModel_delay20_eff20_nodetach-20260630-083014,pg_forward_model,RodentForwardModel,old_eval,20,20,600064000,277,layer::1/state/task_obs,delta,0.0035312526132947886,0.0012442239740168004,1000.0,39805,16484,640
RodentForwardModel_delay0_eff0_nodetach-20260630-083013,pg_forward_model,RodentForwardModel,old_eval,0,0,600064000,277,layer::2/proprioception,delta,,-inf,1.0,57386,24734,277
RodentForwardModel_delay5_eff5_nodetach-20260630-083050,pg_forward_model,RodentForwardModel,old_eval,5,5,600064000,277,layer::2/proprioception,delta,0.5878692764804081,0.5309076174060424,100.0,55816,24061,277
RodentForwardModel_delay10_eff10_nodetach-20260630-083050,pg_forward_model,RodentForwardModel,old_eval,10,10,600064000,277,layer::2/proprioception,delta,0.4975179588236288,0.514588170957295,100.0,52938,22427,277
RodentForwardModel_delay20_eff20_nodetach-20260630-083014,pg_forward_model,RodentForwardModel,old_eval,20,20,600064000,277,layer::2/proprioception,delta,0.5168710390687672,0.5145579343011247,100.0,39805,16484,277
RodentForwardModel_delay0_eff0_nodetach-20260630-083013,pg_forward_model,RodentForwardModel,old_eval,0,0,600064000,277,layer::2/task_obs,delta,,-inf,1.0,57386,24734,640
RodentForwardModel_delay5_eff5_nodetach-20260630-083050,pg_forward_model,RodentForwardModel,old_eval,5,5,600064000,277,layer::2/task_obs,delta,0.005861525512366295,-0.00036189257618723936,1000.0,55816,24061,640
RodentForwardModel_delay10_eff10_nodetach-20260630-083050,pg_forward_model,RodentForwardModel,old_eval,10,10,600064000,277,layer::2/task_obs,delta,0.007377560012975404,-0.0016226094831801596,1000.0,52938,22427,640
RodentForwardModel_delay20_eff20_nodetach-20260630-083014,pg_forward_model,RodentForwardModel,old_eval,20,20,600064000,277,layer::2/task_obs,delta,0.0035312526132947886,0.0012442239740168004,1000.0,39805,16484,640
RodentForwardModel_delay0_eff0_nodetach-20260630-083013,pg_forward_model,RodentForwardModel,old_eval,0,0,600064000,277,layer::3/action/0/proprioception,delta,,-inf,1.0,57386,24734,277
RodentForwardModel_delay5_eff5_nodetach-20260630-083050,pg_forward_model,RodentForwardModel,old_eval,5,5,600064000,277,layer::3/action/0/proprioception,delta,0.5878692764804081,0.5309076174060424,100.0,55816,24061,277
RodentForwardModel_delay10_eff10_nodetach-20260630-083050,pg_forward_model,RodentForwardModel,old_eval,10,10,600064000,277,layer::3/action/0/proprioception,delta,0.4975179588236288,0.514588170957295,100.0,52938,22427,277
RodentForwardModel_delay20_eff20_nodetach-20260630-083014,pg_forward_model,RodentForwardModel,old_eval,20,20,600064000,277,layer::3/action/0/proprioception,delta,0.5168710390687672,0.5145579343011247,100.0,39805,16484,277
RodentForwardModel_delay0_eff0_nodetach-20260630-083013,pg_forward_model,RodentForwardModel,old_eval,0,0,600064000,277,layer::3/action/0/task_obs/0,delta,,-inf,1.0,57386,24734,640
RodentForwardModel_delay5_eff5_nodetach-20260630-083050,pg_forward_model,RodentForwardModel,old_eval,5,5,600064000,277,layer::3/action/0/task_obs/0,delta,0.005861525512366295,-0.00036189257618723936,1000.0,55816,24061,640
RodentForwardModel_delay10_eff10_nodetach-20260630-083050,pg_forward_model,RodentForwardModel,old_eval,10,10,600064000,277,layer::3/action/0/task_obs/0,delta,0.007377560012975404,-0.0016226094831801596,1000.0,52938,22427,640
RodentForwardModel_delay20_eff20_nodetach-20260630-083014,pg_forward_model,RodentForwardModel,old_eval,20,20,600064000,277,layer::3/action/0/task_obs/0,delta,0.0035312526132947886,0.0012442239740168004,1000.0,39805,16484,640
RodentForwardModel_delay0_eff0_nodetach-20260630-083013,pg_forward_model,RodentForwardModel,old_eval,0,0,600064000,277,layer::3/action/0/task_obs/1,delta,,-inf,1.0,57386,24734,512
RodentForwardModel_delay5_eff5_nodetach-20260630-083050,pg_forward_model,RodentForwardModel,old_eval,5,5,600064000,277,layer::3/action/0/task_obs/1,delta,0.00531551335383218,-0.030518981687881253,1000.0,55816,24061,512
RodentForwardModel_delay10_eff10_nodetach-20260630-083050,pg_forward_model,RodentForwardModel,old_eval,10,10,600064000,277,layer::3/action/0/task_obs/1,delta,0.008708613853768088,-0.02386610655506871,1000.0,52938,22427,512
RodentForwardModel_delay20_eff20_nodetach-20260630-083014,pg_forward_model,RodentForwardModel,old_eval,20,20,600064000,277,layer::3/action/0/task_obs/1,delta,-0.00791805774359755,-0.018517699934216703,1000.0,39805,16484,512
RodentForwardModel_delay0_eff0_nodetach-20260630-083013,pg_forward_model,RodentForwardModel,old_eval,0,0,600064000,277,layer::3/action/0/task_obs/2,delta,,-inf,1.0,57386,24734,512
RodentForwardModel_delay5_eff5_nodetach-20260630-083050,pg_forward_model,RodentForwardModel,old_eval,5,5,600064000,277,layer::3/action/0/task_obs/2,delta,0.00437083354788248,-0.042381676454065875,1000.0,55816,24061,512
RodentForwardModel_delay10_eff10_nodetach-20260630-083050,pg_forward_model,RodentForwardModel,old_eval,10,10,600064000,277,layer::3/action/0/task_obs/2,delta,0.011450316655921333,-0.03685271040064353,1000.0,52938,22427,512
RodentForwardModel_delay20_eff20_nodetach-20260630-083014,pg_forward_model,RodentForwardModel,old_eval,20,20,600064000,277,layer::3/action/0/task_obs/2,delta,-0.015595908096118771,-0.034579329799115266,1000.0,39805,16484,512
RodentForwardModel_delay0_eff0_nodetach-20260630-083013,pg_forward_model,RodentForwardModel,old_eval,0,0,600064000,277,layer::3/action/0/task_obs/3,delta,,-inf,1.0,57386,24734,512
RodentForwardModel_delay5_eff5_nodetach-20260630-083050,pg_forward_model,RodentForwardModel,old_eval,5,5,600064000,277,layer::3/action/0/task_obs/3,delta,0.007599809322769935,-0.03568556904610087,1000.0,55816,24061,512
RodentForwardModel_delay10_eff10_nodetach-20260630-083050,pg_forward_model,RodentForwardModel,old_eval,10,10,600064000,277,layer::3/action/0/task_obs/3,delta,0.018490365429576938,-0.020019608785321275,1000.0,52938,22427,512
RodentForwardModel_delay20_eff20_nodetach-20260630-083014,pg_forward_model,RodentForwardModel,old_eval,20,20,600064000,277,layer::3/action/0/task_obs/3,delta,-0.006477597875882646,-0.019866886955858032,1000.0,39805,16484,512
RodentForwardModel_delay0_eff0_nodetach-20260630-083013,pg_forward_model,RodentForwardModel,old_eval,0,0,600064000,277,layer::3/action/0/task_obs/4,delta,,-inf,1.0,57386,24734,512
RodentForwardModel_delay5_eff5_nodetach-20260630-083050,pg_forward_model,RodentForwardModel,old_eval,5,5,600064000,277,layer::3/action/0/task_obs/4,delta,0.003472587577738273,-0.03373556130987798,1000.0,55816,24061,512
RodentForwardModel_delay10_eff10_nodetach-20260630-083050,pg_forward_model,RodentForwardModel,old_eval,10,10,600064000,277,layer::3/action/0/task_obs/4,delta,0.022608365614740333,-0.012892808170900105,1000.0,52938,22427,512
RodentForwardModel_delay20_eff20_nodetach-20260630-083014,pg_forward_model,RodentForwardModel,old_eval,20,20,600064000,277,layer::3/action/0/task_obs/4,delta,0.0023062106083805434,-0.02044153313578212,1000.0,39805,16484,512
RodentForwardModel_delay0_eff0_nodetach-20260630-083013,pg_forward_model,RodentForwardModel,old_eval,0,0,600064000,277,layer::3/action/0/task_obs/5,delta,,-inf,1.0,57386,24734,64
RodentForwardModel_delay5_eff5_nodetach-20260630-083050,pg_forward_model,RodentForwardModel,old_eval,5,5,600064000,277,layer::3/action/0/task_obs/5,delta,0.012570717280874333,0.0013353846487483834,1000.0,55816,24061,64
RodentForwardModel_delay10_eff10_nodetach-20260630-083050,pg_forward_model,RodentForwardModel,old_eval,10,10,600064000,277,layer::3/action/0/task_obs/5,delta,0.023011926840075136,0.00828552326212284,1000.0,52938,22427,64
RodentForwardModel_delay20_eff20_nodetach-20260630-083014,pg_forward_model,RodentForwardModel,old_eval,20,20,600064000,277,layer::3/action/0/task_obs/5,delta,0.016498215546203565,0.010321611018852761,1000.0,39805,16484,64
RodentForwardModel_delay0_eff0_nodetach-20260630-083013,pg_forward_model,RodentForwardModel,old_eval,0,0,600064000,277,layer::3/action/0/task_obs/6,delta,,-inf,1.0,57386,24734,32
RodentForwardModel_delay5_eff5_nodetach-20260630-083050,pg_forward_model,RodentForwardModel,old_eval,5,5,600064000,277,layer::3/action/0/task_obs/6,delta,0.007862326330198788,0.00189902373456452,1000.0,55816,24061,32
RodentForwardModel_delay10_eff10_nodetach-20260630-083050,pg_forward_model,RodentForwardModel,old_eval,10,10,600064000,277,layer::3/action/0/task_obs/6,delta,0.013400746211237324,0.005385733319883235,1000.0,52938,22427,32
RodentForwardModel_delay20_eff20_nodetach-20260630-083014,pg_forward_model,RodentForwardModel,old_eval,20,20,600064000,277,layer::3/action/0/task_obs/6,delta,0.011009845365119175,0.00712549845214161,1000.0,39805,16484,32
RodentForwardModel_delay0_eff0_nodetach-20260630-083013,pg_forward_model,RodentForwardModel,old_eval,0,0,600064000,277,layer::3/action/1/decoder/0,delta,,-inf,1.0,57386,24734,512
RodentForwardModel_delay5_eff5_nodetach-20260630-083050,pg_forward_model,RodentForwardModel,old_eval,5,5,600064000,277,layer::3/action/1/decoder/0,delta,0.3167371341583797,0.2546479372227419,1000.0,55816,24061,512
RodentForwardModel_delay10_eff10_nodetach-20260630-083050,pg_forward_model,RodentForwardModel,old_eval,10,10,600064000,277,layer::3/action/1/decoder/0,delta,0.32483173661332254,0.26050678622446233,1000.0,52938,22427,512
RodentForwardModel_delay20_eff20_nodetach-20260630-083014,pg_forward_model,RodentForwardModel,old_eval,20,20,600064000,277,layer::3/action/1/decoder/0,delta,0.28792895886020886,0.28468898233798945,1000.0,39805,16484,512
RodentForwardModel_delay0_eff0_nodetach-20260630-083013,pg_forward_model,RodentForwardModel,old_eval,0,0,600064000,277,layer::3/action/1/decoder/1,delta,,-inf,1.0,57386,24734,512
RodentForwardModel_delay5_eff5_nodetach-20260630-083050,pg_forward_model,RodentForwardModel,old_eval,5,5,600064000,277,layer::3/action/1/decoder/1,delta,0.3031408924467157,0.24529143456260727,1000.0,55816,24061,512
RodentForwardModel_delay10_eff10_nodetach-20260630-083050,pg_forward_model,RodentForwardModel,old_eval,10,10,600064000,277,layer::3/action/1/decoder/1,delta,0.31432043291925715,0.256486221502901,1000.0,52938,22427,512
RodentForwardModel_delay20_eff20_nodetach-20260630-083014,pg_forward_model,RodentForwardModel,old_eval,20,20,600064000,277,layer::3/action/1/decoder/1,delta,0.2787188646270533,0.27224299100482174,1000.0,39805,16484,512
RodentForwardModel_delay0_eff0_nodetach-20260630-083013,pg_forward_model,RodentForwardModel,old_eval,0,0,600064000,277,layer::3/action/1/decoder/2,delta,,-inf,1.0,57386,24734,512
RodentForwardModel_delay5_eff5_nodetach-20260630-083050,pg_forward_model,RodentForwardModel,old_eval,5,5,600064000,277,layer::3/action/1/decoder/2,delta,0.2916393971528264,0.24391570061193313,1000.0,55816,24061,512
RodentForwardModel_delay10_eff10_nodetach-20260630-083050,pg_forward_model,RodentForwardModel,old_eval,10,10,600064000,277,layer::3/action/1/decoder/2,delta,0.30262476779519976,0.24520050953565498,1000.0,52938,22427,512
RodentForwardModel_delay20_eff20_nodetach-20260630-083014,pg_forward_model,RodentForwardModel,old_eval,20,20,600064000,277,layer::3/action/1/decoder/2,delta,0.27282287929115756,0.26803941260492836,1000.0,39805,16484,512
RodentForwardModel_delay0_eff0_nodetach-20260630-083013,pg_forward_model,RodentForwardModel,old_eval,0,0,600064000,277,layer::3/action/1/decoder/3,delta,,-inf,1.0,57386,24734,512
RodentForwardModel_delay5_eff5_nodetach-20260630-083050,pg_forward_model,RodentForwardModel,old_eval,5,5,600064000,277,layer::3/action/1/decoder/3,delta,0.283070447342745,0.2372160483040573,1000.0,55816,24061,512
RodentForwardModel_delay10_eff10_nodetach-20260630-083050,pg_forward_model,RodentForwardModel,old_eval,10,10,600064000,277,layer::3/action/1/decoder/3,delta,0.29343676789071393,0.23491958075004082,100.0,52938,22427,512
RodentForwardModel_delay20_eff20_nodetach-20260630-083014,pg_forward_model,RodentForwardModel,old_eval,20,20,600064000,277,layer::3/action/1/decoder/3,delta,0.26339313100998973,0.2629538836246065,100.0,39805,16484,512
RodentForwardModel_delay0_eff0_nodetach-20260630-083013,pg_forward_model,RodentForwardModel,old_eval,0,0,600064000,277,layer::3/action/1/decoder/4,delta,,-inf,1.0,57386,24734,76
RodentForwardModel_delay5_eff5_nodetach-20260630-083050,pg_forward_model,RodentForwardModel,old_eval,5,5,600064000,277,layer::3/action/1/decoder/4,delta,0.21342616120451363,0.1917859143193521,100.0,55816,24061,76
RodentForwardModel_delay10_eff10_nodetach-20260630-083050,pg_forward_model,RodentForwardModel,old_eval,10,10,600064000,277,layer::3/action/1/decoder/4,delta,0.24080980075665637,0.18737655009484577,100.0,52938,22427,76
RodentForwardModel_delay20_eff20_nodetach-20260630-083014,pg_forward_model,RodentForwardModel,old_eval,20,20,600064000,277,layer::3/action/1/decoder/4,delta,0.2232571588784401,0.22733071385148484,100.0,39805,16484,76
RodentForwardModel_delay0_eff0_nodetach-20260630-083013,pg_forward_model,RodentForwardModel,old_eval,0,0,600064000,277,layer::3/action/1/decoder/5/action,delta,,-inf,1.0,57386,24734,38
RodentForwardModel_delay5_eff5_nodetach-20260630-083050,pg_forward_model,RodentForwardModel,old_eval,5,5,600064000,277,layer::3/action/1/decoder/5/action,delta,0.1897886024999148,0.17762330934339698,1000.0,55816,24061,38
RodentForwardModel_delay10_eff10_nodetach-20260630-083050,pg_forward_model,RodentForwardModel,old_eval,10,10,600064000,277,layer::3/action/1/decoder/5/action,delta,0.21863844028194546,0.17371794280229969,1000.0,52938,22427,38
RodentForwardModel_delay20_eff20_nodetach-20260630-083014,pg_forward_model,RodentForwardModel,old_eval,20,20,600064000,277,layer::3/action/1/decoder/5/action,delta,0.20769082563092878,0.21613155629615988,1.0,39805,16484,38
RodentForwardModel_delay0_eff0_nodetach-20260630-083013,pg_forward_model,RodentForwardModel,old_eval,0,0,600064000,277,layer::3/action/1/decoder/5/log_likelihood,delta,,-inf,1.0,57386,24734,1
RodentForwardModel_delay5_eff5_nodetach-20260630-083050,pg_forward_model,RodentForwardModel,old_eval,5,5,600064000,277,layer::3/action/1/decoder/5/log_likelihood,delta,0.0001506612136760177,0.00032394129478929834,1.0,55816,24061,1
RodentForwardModel_delay10_eff10_nodetach-20260630-083050,pg_forward_model,RodentForwardModel,old_eval,10,10,600064000,277,layer::3/action/1/decoder/5/log_likelihood,delta,0.0014121850075469178,0.0006102685499841387,1000.0,52938,22427,1
RodentForwardModel_delay20_eff20_nodetach-20260630-083014,pg_forward_model,RodentForwardModel,old_eval,20,20,600064000,277,layer::3/action/1/decoder/5/log_likelihood,delta,0.0008484922083217272,0.0006442137631593736,1.0,39805,16484,1
RodentForwardModel_delay5_eff5_nodetach-20260630-083050,pg_forward_model,RodentForwardModel,old_eval,5,5,600064000,277,layer::3/action/1/delay,delta,0.5684024712419086,0.534578100609264,100.0,55816,24061,277
RodentForwardModel_delay10_eff10_nodetach-20260630-083050,pg_forward_model,RodentForwardModel,old_eval,10,10,600064000,277,layer::3/action/1/delay,delta,0.511821690731623,0.5053656853894184,100.0,52938,22427,277
RodentForwardModel_delay20_eff20_nodetach-20260630-083014,pg_forward_model,RodentForwardModel,old_eval,20,20,600064000,277,layer::3/action/1/delay,delta,0.48860073938690474,0.5018354668751466,100.0,39805,16484,277
RodentForwardModel_delay0_eff0_nodetach-20260630-083013,pg_forward_model,RodentForwardModel,old_eval,0,0,600064000,277,layer::3/action/1/predictor/0,delta,,-inf,1.0,57386,24734,512
RodentForwardModel_delay5_eff5_nodetach-20260630-083050,pg_forward_model,RodentForwardModel,old_eval,5,5,600064000,277,layer::3/action/1/predictor/0,delta,0.6903109831527264,0.6411241597023285,100.0,55816,24061,512
RodentForwardModel_delay10_eff10_nodetach-20260630-083050,pg_forward_model,RodentForwardModel,old_eval,10,10,600064000,277,layer::3/action/1/predictor/0,delta,0.6831509557768114,0.6393834354451866,100.0,52938,22427,512
RodentForwardModel_delay20_eff20_nodetach-20260630-083014,pg_forward_model,RodentForwardModel,old_eval,20,20,600064000,277,layer::3/action/1/predictor/0,delta,0.6186230703588002,0.6054537723001621,100.0,39805,16484,512
RodentForwardModel_delay0_eff0_nodetach-20260630-083013,pg_forward_model,RodentForwardModel,old_eval,0,0,600064000,277,layer::3/action/1/predictor/1,delta,,-inf,1.0,57386,24734,512
RodentForwardModel_delay5_eff5_nodetach-20260630-083050,pg_forward_model,RodentForwardModel,old_eval,5,5,600064000,277,layer::3/action/1/predictor/1,delta,0.5069126300116309,0.43894316524530086,100.0,55816,24061,512
RodentForwardModel_delay10_eff10_nodetach-20260630-083050,pg_forward_model,RodentForwardModel,old_eval,10,10,600064000,277,layer::3/action/1/predictor/1,delta,0.5138086013838659,0.4657154931361296,100.0,52938,22427,512
RodentForwardModel_delay20_eff20_nodetach-20260630-083014,pg_forward_model,RodentForwardModel,old_eval,20,20,600064000,277,layer::3/action/1/predictor/1,delta,0.46548756373693667,0.4619446561738416,100.0,39805,16484,512
RodentForwardModel_delay0_eff0_nodetach-20260630-083013,pg_forward_model,RodentForwardModel,old_eval,0,0,600064000,277,layer::3/action/1/predictor/2,delta,,-inf,1.0,57386,24734,512
RodentForwardModel_delay5_eff5_nodetach-20260630-083050,pg_forward_model,RodentForwardModel,old_eval,5,5,600064000,277,layer::3/action/1/predictor/2,delta,0.4066609005792704,0.3268523874483852,1000.0,55816,24061,512
RodentForwardModel_delay10_eff10_nodetach-20260630-083050,pg_forward_model,RodentForwardModel,old_eval,10,10,600064000,277,layer::3/action/1/predictor/2,delta,0.42511129003721837,0.3639940441735463,100.0,52938,22427,512
RodentForwardModel_delay20_eff20_nodetach-20260630-083014,pg_forward_model,RodentForwardModel,old_eval,20,20,600064000,277,layer::3/action/1/predictor/2,delta,0.39213127027975614,0.3771196704339729,100.0,39805,16484,512
RodentForwardModel_delay0_eff0_nodetach-20260630-083013,pg_forward_model,RodentForwardModel,old_eval,0,0,600064000,277,layer::3/action/1/predictor/3,delta,,-inf,1.0,57386,24734,512
RodentForwardModel_delay5_eff5_nodetach-20260630-083050,pg_forward_model,RodentForwardModel,old_eval,5,5,600064000,277,layer::3/action/1/predictor/3,delta,0.35591128848836384,0.2884674813819772,1000.0,55816,24061,512
RodentForwardModel_delay10_eff10_nodetach-20260630-083050,pg_forward_model,RodentForwardModel,old_eval,10,10,600064000,277,layer::3/action/1/predictor/3,delta,0.3644562124201064,0.31124762089936286,100.0,52938,22427,512
RodentForwardModel_delay20_eff20_nodetach-20260630-083014,pg_forward_model,RodentForwardModel,old_eval,20,20,600064000,277,layer::3/action/1/predictor/3,delta,0.34059211514139676,0.3334905196429332,100.0,39805,16484,512
RodentForwardModel_delay0_eff0_nodetach-20260630-083013,pg_forward_model,RodentForwardModel,old_eval,0,0,600064000,277,layer::3/action/1/predictor/4,delta,,-inf,1.0,57386,24734,277
RodentForwardModel_delay5_eff5_nodetach-20260630-083050,pg_forward_model,RodentForwardModel,old_eval,5,5,600064000,277,layer::3/action/1/predictor/4,delta,0.3181115756982219,0.2524825768169384,10.0,55816,24061,277
RodentForwardModel_delay10_eff10_nodetach-20260630-083050,pg_forward_model,RodentForwardModel,old_eval,10,10,600064000,277,layer::3/action/1/predictor/4,delta,0.33203146437008213,0.27167587015178196,100.0,52938,22427,277
RodentForwardModel_delay20_eff20_nodetach-20260630-083014,pg_forward_model,RodentForwardModel,old_eval,20,20,600064000,277,layer::3/action/1/predictor/4,delta,0.3007507932256809,0.2986282707978122,10.0,39805,16484,277
RodentForwardModel_delay0_eff0_nodetach-20260630-083013,pg_forward_model,RodentForwardModel,old_eval,0,0,600064000,277,layer::3/value/0,delta,,-inf,1.0,57386,24734,917
RodentForwardModel_delay5_eff5_nodetach-20260630-083050,pg_forward_model,RodentForwardModel,old_eval,5,5,600064000,277,layer::3/value/0,delta,0.5869125736276875,0.5304448515750407,1000.0,55816,24061,917
RodentForwardModel_delay10_eff10_nodetach-20260630-083050,pg_forward_model,RodentForwardModel,old_eval,10,10,600064000,277,layer::3/value/0,delta,0.49804360081064136,0.5132461131677035,100.0,52938,22427,917
RodentForwardModel_delay20_eff20_nodetach-20260630-083014,pg_forward_model,RodentForwardModel,old_eval,20,20,600064000,277,layer::3/value/0,delta,0.515130594529767,0.5129469921113786,1000.0,39805,16484,917
RodentForwardModel_delay0_eff0_nodetach-20260630-083013,pg_forward_model,RodentForwardModel,old_eval,0,0,600064000,277,layer::3/value/1,delta,,-inf,1.0,57386,24734,1024
RodentForwardModel_delay5_eff5_nodetach-20260630-083050,pg_forward_model,RodentForwardModel,old_eval,5,5,600064000,277,layer::3/value/1,delta,0.21576800196282453,0.06658343797738853,1000.0,55816,24061,1024
RodentForwardModel_delay10_eff10_nodetach-20260630-083050,pg_forward_model,RodentForwardModel,old_eval,10,10,600064000,277,layer::3/value/1,delta,0.1953956177719427,0.12103556152821238,1000.0,52938,22427,1024
RodentForwardModel_delay20_eff20_nodetach-20260630-083014,pg_forward_model,RodentForwardModel,old_eval,20,20,600064000,277,layer::3/value/1,delta,0.14862561677679964,0.1486983032523539,1000.0,39805,16484,1024
RodentForwardModel_delay0_eff0_nodetach-20260630-083013,pg_forward_model,RodentForwardModel,old_eval,0,0,600064000,277,layer::3/value/2,delta,,-inf,1.0,57386,24734,1024
RodentForwardModel_delay5_eff5_nodetach-20260630-083050,pg_forward_model,RodentForwardModel,old_eval,5,5,600064000,277,layer::3/value/2,delta,0.09159347740591739,-0.2133968231858141,1000.0,55816,24061,1024
RodentForwardModel_delay10_eff10_nodetach-20260630-083050,pg_forward_model,RodentForwardModel,old_eval,10,10,600064000,277,layer::3/value/2,delta,0.08528484510300793,0.004264640319443069,1000.0,52938,22427,1024
RodentForwardModel_delay20_eff20_nodetach-20260630-083014,pg_forward_model,RodentForwardModel,old_eval,20,20,600064000,277,layer::3/value/2,delta,0.021672637334378853,0.00037140770697907666,1000.0,39805,16484,1024
RodentForwardModel_delay0_eff0_nodetach-20260630-083013,pg_forward_model,RodentForwardModel,old_eval,0,0,600064000,277,layer::3/value/3,delta,,-inf,1.0,57386,24734,1
RodentForwardModel_delay5_eff5_nodetach-20260630-083050,pg_forward_model,RodentForwardModel,old_eval,5,5,600064000,277,layer::3/value/3,delta,4.560466016600984e-06,-9.175035063258008e-06,1000.0,55816,24061,1
RodentForwardModel_delay10_eff10_nodetach-20260630-083050,pg_forward_model,RodentForwardModel,old_eval,10,10,600064000,277,layer::3/value/3,delta,5.850939564544522e-05,-9.705744113963632e-06,1000.0,52938,22427,1
RodentForwardModel_delay20_eff20_nodetach-20260630-083014,pg_forward_model,RodentForwardModel,old_eval,20,20,600064000,277,layer::3/value/3,delta,0.000353486121551172,0.00020046555637998065,1000.0,39805,16484,1
RodentForwardModel_delay0_eff0_nodetach-20260630-083013,pg_forward_model,RodentForwardModel,old_eval,0,0,600064000,277,input::current_proprio,proprio,0.9999999948903702,0.9999999904473424,1.0,57386,24734,277
RodentForwardModel_delay5_eff5_nodetach-20260630-083050,pg_forward_model,RodentForwardModel,old_eval,5,5,600064000,277,input::current_proprio,proprio,0.9999999937892409,0.9999999901436972,1.0,55816,24061,277
RodentForwardModel_delay10_eff10_nodetach-20260630-083050,pg_forward_model,RodentForwardModel,old_eval,10,10,600064000,277,input::current_proprio,proprio,0.9999999913845102,0.9999999701151312,1.0,52938,22427,277
RodentForwardModel_delay20_eff20_nodetach-20260630-083014,pg_forward_model,RodentForwardModel,old_eval,20,20,600064000,277,input::current_proprio,proprio,0.9999999951178382,0.999999991418543,1.0,39805,16484,277
RodentForwardModel_delay0_eff0_nodetach-20260630-083013,pg_forward_model,RodentForwardModel,old_eval,0,0,600064000,277,input::delayed_plus_efference,proprio,0.9999999948903702,0.9999999904473424,1.0,57386,24734,277
RodentForwardModel_delay5_eff5_nodetach-20260630-083050,pg_forward_model,RodentForwardModel,old_eval,5,5,600064000,277,input::delayed_plus_efference,proprio,0.6941942352085593,0.648955551001208,1000.0,55816,24061,467
RodentForwardModel_delay10_eff10_nodetach-20260630-083050,pg_forward_model,RodentForwardModel,old_eval,10,10,600064000,277,input::delayed_plus_efference,proprio,0.7121772654469041,0.6429850234448279,100.0,52938,22427,657
RodentForwardModel_delay20_eff20_nodetach-20260630-083014,pg_forward_model,RodentForwardModel,old_eval,20,20,600064000,277,input::delayed_plus_efference,proprio,0.6943958617901227,0.6511344285689833,100.0,39805,16484,1037
RodentForwardModel_delay0_eff0_nodetach-20260630-083013,pg_forward_model,RodentForwardModel,old_eval,0,0,600064000,277,input::delayed_proprio,proprio,0.9999999948903702,0.9999999904473424,1.0,57386,24734,277
RodentForwardModel_delay5_eff5_nodetach-20260630-083050,pg_forward_model,RodentForwardModel,old_eval,5,5,600064000,277,input::delayed_proprio,proprio,0.15028168872826797,0.1165631787088266,1000.0,55816,24061,277
RodentForwardModel_delay10_eff10_nodetach-20260630-083050,pg_forward_model,RodentForwardModel,old_eval,10,10,600064000,277,input::delayed_proprio,proprio,0.08552503284375479,0.06974100352762302,1000.0,52938,22427,277
RodentForwardModel_delay20_eff20_nodetach-20260630-083014,pg_forward_model,RodentForwardModel,old_eval,20,20,600064000,277,input::delayed_proprio,proprio,0.0568935844028311,0.033970489689332806,1000.0,39805,16484,277
RodentForwardModel_delay0_eff0_nodetach-20260630-083013,pg_forward_model,RodentForwardModel,old_eval,0,0,600064000,277,layer::0/state/proprioception,proprio,0.9999999450182682,0.9999999397171943,1.0,57386,24734,277
RodentForwardModel_delay5_eff5_nodetach-20260630-083050,pg_forward_model,RodentForwardModel,old_eval,5,5,600064000,277,layer::0/state/proprioception,proprio,0.9999999450720142,0.999999939821879,1.0,55816,24061,277
RodentForwardModel_delay10_eff10_nodetach-20260630-083050,pg_forward_model,RodentForwardModel,old_eval,10,10,600064000,277,layer::0/state/proprioception,proprio,0.9999999442052845,0.999999922871212,1.0,52938,22427,277
RodentForwardModel_delay20_eff20_nodetach-20260630-083014,pg_forward_model,RodentForwardModel,old_eval,20,20,600064000,277,layer::0/state/proprioception,proprio,0.9999999474838452,0.9999999443897734,1.0,39805,16484,277
RodentForwardModel_delay0_eff0_nodetach-20260630-083013,pg_forward_model,RodentForwardModel,old_eval,0,0,600064000,277,layer::0/state/task_obs,proprio,0.10275869671592375,0.1053002787094992,100.0,57386,24734,640
RodentForwardModel_delay5_eff5_nodetach-20260630-083050,pg_forward_model,RodentForwardModel,old_eval,5,5,600064000,277,layer::0/state/task_obs,proprio,0.0853960459615809,0.08350552668747335,1000.0,55816,24061,640
RodentForwardModel_delay10_eff10_nodetach-20260630-083050,pg_forward_model,RodentForwardModel,old_eval,10,10,600064000,277,layer::0/state/task_obs,proprio,0.05584033812511435,0.047534147022194495,1000.0,52938,22427,640
RodentForwardModel_delay20_eff20_nodetach-20260630-083014,pg_forward_model,RodentForwardModel,old_eval,20,20,600064000,277,layer::0/state/task_obs,proprio,0.017830115518344902,0.021983431673563314,1000.0,39805,16484,640
RodentForwardModel_delay0_eff0_nodetach-20260630-083013,pg_forward_model,RodentForwardModel,old_eval,0,0,600064000,277,layer::1/state/proprioception,proprio,0.9999999521602658,0.9999999463356951,1.0,57386,24734,277
RodentForwardModel_delay5_eff5_nodetach-20260630-083050,pg_forward_model,RodentForwardModel,old_eval,5,5,600064000,277,layer::1/state/proprioception,proprio,0.9999999497027013,0.9999999466893796,1.0,55816,24061,277
RodentForwardModel_delay10_eff10_nodetach-20260630-083050,pg_forward_model,RodentForwardModel,old_eval,10,10,600064000,277,layer::1/state/proprioception,proprio,0.9999999478580955,0.9999999289727106,1.0,52938,22427,277
RodentForwardModel_delay20_eff20_nodetach-20260630-083014,pg_forward_model,RodentForwardModel,old_eval,20,20,600064000,277,layer::1/state/proprioception,proprio,0.9999999517797672,0.9999999482390151,1.0,39805,16484,277
RodentForwardModel_delay0_eff0_nodetach-20260630-083013,pg_forward_model,RodentForwardModel,old_eval,0,0,600064000,277,layer::1/state/task_obs,proprio,0.10249250982206692,0.10542837608782352,100.0,57386,24734,640
RodentForwardModel_delay5_eff5_nodetach-20260630-083050,pg_forward_model,RodentForwardModel,old_eval,5,5,600064000,277,layer::1/state/task_obs,proprio,0.08540256908208854,0.08352407694607589,1000.0,55816,24061,640
RodentForwardModel_delay10_eff10_nodetach-20260630-083050,pg_forward_model,RodentForwardModel,old_eval,10,10,600064000,277,layer::1/state/task_obs,proprio,0.05584184321848118,0.047539015911981286,1000.0,52938,22427,640
RodentForwardModel_delay20_eff20_nodetach-20260630-083014,pg_forward_model,RodentForwardModel,old_eval,20,20,600064000,277,layer::1/state/task_obs,proprio,0.0178283066324898,0.021983273179585705,1000.0,39805,16484,640
RodentForwardModel_delay0_eff0_nodetach-20260630-083013,pg_forward_model,RodentForwardModel,old_eval,0,0,600064000,277,layer::2/proprioception,proprio,0.9999999521602658,0.9999999463356951,1.0,57386,24734,277
RodentForwardModel_delay5_eff5_nodetach-20260630-083050,pg_forward_model,RodentForwardModel,old_eval,5,5,600064000,277,layer::2/proprioception,proprio,0.9999999497027013,0.9999999466893796,1.0,55816,24061,277
RodentForwardModel_delay10_eff10_nodetach-20260630-083050,pg_forward_model,RodentForwardModel,old_eval,10,10,600064000,277,layer::2/proprioception,proprio,0.9999999478580955,0.9999999289727106,1.0,52938,22427,277
RodentForwardModel_delay20_eff20_nodetach-20260630-083014,pg_forward_model,RodentForwardModel,old_eval,20,20,600064000,277,layer::2/proprioception,proprio,0.9999999517797672,0.9999999482390151,1.0,39805,16484,277
RodentForwardModel_delay0_eff0_nodetach-20260630-083013,pg_forward_model,RodentForwardModel,old_eval,0,0,600064000,277,layer::2/task_obs,proprio,0.10249250982206692,0.10542837608782352,100.0,57386,24734,640
RodentForwardModel_delay5_eff5_nodetach-20260630-083050,pg_forward_model,RodentForwardModel,old_eval,5,5,600064000,277,layer::2/task_obs,proprio,0.08540256908208854,0.08352407694607589,1000.0,55816,24061,640
RodentForwardModel_delay10_eff10_nodetach-20260630-083050,pg_forward_model,RodentForwardModel,old_eval,10,10,600064000,277,layer::2/task_obs,proprio,0.05584184321848118,0.047539015911981286,1000.0,52938,22427,640
RodentForwardModel_delay20_eff20_nodetach-20260630-083014,pg_forward_model,RodentForwardModel,old_eval,20,20,600064000,277,layer::2/task_obs,proprio,0.0178283066324898,0.021983273179585705,1000.0,39805,16484,640
RodentForwardModel_delay0_eff0_nodetach-20260630-083013,pg_forward_model,RodentForwardModel,old_eval,0,0,600064000,277,layer::3/action/0/proprioception,proprio,0.9999999521602658,0.9999999463356951,1.0,57386,24734,277
RodentForwardModel_delay5_eff5_nodetach-20260630-083050,pg_forward_model,RodentForwardModel,old_eval,5,5,600064000,277,layer::3/action/0/proprioception,proprio,0.9999999497027013,0.9999999466893796,1.0,55816,24061,277
RodentForwardModel_delay10_eff10_nodetach-20260630-083050,pg_forward_model,RodentForwardModel,old_eval,10,10,600064000,277,layer::3/action/0/proprioception,proprio,0.9999999478580955,0.9999999289727106,1.0,52938,22427,277
RodentForwardModel_delay20_eff20_nodetach-20260630-083014,pg_forward_model,RodentForwardModel,old_eval,20,20,600064000,277,layer::3/action/0/proprioception,proprio,0.9999999517797672,0.9999999482390151,1.0,39805,16484,277
RodentForwardModel_delay0_eff0_nodetach-20260630-083013,pg_forward_model,RodentForwardModel,old_eval,0,0,600064000,277,layer::3/action/0/task_obs/0,proprio,0.10249250982206692,0.10542837608782352,100.0,57386,24734,640
RodentForwardModel_delay5_eff5_nodetach-20260630-083050,pg_forward_model,RodentForwardModel,old_eval,5,5,600064000,277,layer::3/action/0/task_obs/0,proprio,0.08540256908208854,0.08352407694607589,1000.0,55816,24061,640
RodentForwardModel_delay10_eff10_nodetach-20260630-083050,pg_forward_model,RodentForwardModel,old_eval,10,10,600064000,277,layer::3/action/0/task_obs/0,proprio,0.05584184321848118,0.047539015911981286,1000.0,52938,22427,640
RodentForwardModel_delay20_eff20_nodetach-20260630-083014,pg_forward_model,RodentForwardModel,old_eval,20,20,600064000,277,layer::3/action/0/task_obs/0,proprio,0.0178283066324898,0.021983273179585705,1000.0,39805,16484,640
RodentForwardModel_delay0_eff0_nodetach-20260630-083013,pg_forward_model,RodentForwardModel,old_eval,0,0,600064000,277,layer::3/action/0/task_obs/1,proprio,0.09927963401321449,0.08309655220478385,1000.0,57386,24734,512
RodentForwardModel_delay5_eff5_nodetach-20260630-083050,pg_forward_model,RodentForwardModel,old_eval,5,5,600064000,277,layer::3/action/0/task_obs/1,proprio,0.08329470422907759,0.0296343853148614,1000.0,55816,24061,512
RodentForwardModel_delay10_eff10_nodetach-20260630-083050,pg_forward_model,RodentForwardModel,old_eval,10,10,600064000,277,layer::3/action/0/task_obs/1,proprio,0.06024299797846333,0.015759472649798156,1000.0,52938,22427,512
RodentForwardModel_delay20_eff20_nodetach-20260630-083014,pg_forward_model,RodentForwardModel,old_eval,20,20,600064000,277,layer::3/action/0/task_obs/1,proprio,0.009720952585339226,-0.010633836435483213,1000.0,39805,16484,512
RodentForwardModel_delay0_eff0_nodetach-20260630-083013,pg_forward_model,RodentForwardModel,old_eval,0,0,600064000,277,layer::3/action/0/task_obs/2,proprio,0.09276787649221852,0.058329249777077985,1000.0,57386,24734,512
RodentForwardModel_delay5_eff5_nodetach-20260630-083050,pg_forward_model,RodentForwardModel,old_eval,5,5,600064000,277,layer::3/action/0/task_obs/2,proprio,0.08015374016568233,0.01663055483525877,1000.0,55816,24061,512
RodentForwardModel_delay10_eff10_nodetach-20260630-083050,pg_forward_model,RodentForwardModel,old_eval,10,10,600064000,277,layer::3/action/0/task_obs/2,proprio,0.0657235664378314,0.012108704181687191,1000.0,52938,22427,512
RodentForwardModel_delay20_eff20_nodetach-20260630-083014,pg_forward_model,RodentForwardModel,old_eval,20,20,600064000,277,layer::3/action/0/task_obs/2,proprio,0.005978295395690836,-0.020979372325810264,1000.0,39805,16484,512
RodentForwardModel_delay0_eff0_nodetach-20260630-083013,pg_forward_model,RodentForwardModel,old_eval,0,0,600064000,277,layer::3/action/0/task_obs/3,proprio,0.08702466478579618,0.06052286310233179,1000.0,57386,24734,512
RodentForwardModel_delay5_eff5_nodetach-20260630-083050,pg_forward_model,RodentForwardModel,old_eval,5,5,600064000,277,layer::3/action/0/task_obs/3,proprio,0.08597888677893117,0.03578454003592202,1000.0,55816,24061,512
RodentForwardModel_delay10_eff10_nodetach-20260630-083050,pg_forward_model,RodentForwardModel,old_eval,10,10,600064000,277,layer::3/action/0/task_obs/3,proprio,0.07507464608711056,0.03543293344017928,1000.0,52938,22427,512
RodentForwardModel_delay20_eff20_nodetach-20260630-083014,pg_forward_model,RodentForwardModel,old_eval,20,20,600064000,277,layer::3/action/0/task_obs/3,proprio,0.030151811830721242,-0.008463182166003946,1000.0,39805,16484,512
RodentForwardModel_delay0_eff0_nodetach-20260630-083013,pg_forward_model,RodentForwardModel,old_eval,0,0,600064000,277,layer::3/action/0/task_obs/4,proprio,0.08864207142602099,0.06760415131036024,1000.0,57386,24734,512
RodentForwardModel_delay5_eff5_nodetach-20260630-083050,pg_forward_model,RodentForwardModel,old_eval,5,5,600064000,277,layer::3/action/0/task_obs/4,proprio,0.07836575283456082,0.04012778053000565,1000.0,55816,24061,512
RodentForwardModel_delay10_eff10_nodetach-20260630-083050,pg_forward_model,RodentForwardModel,old_eval,10,10,600064000,277,layer::3/action/0/task_obs/4,proprio,0.08497796412433278,0.04297986242165397,1000.0,52938,22427,512
RodentForwardModel_delay20_eff20_nodetach-20260630-083014,pg_forward_model,RodentForwardModel,old_eval,20,20,600064000,277,layer::3/action/0/task_obs/4,proprio,0.04054494639981787,-0.006108516388594332,1000.0,39805,16484,512
RodentForwardModel_delay0_eff0_nodetach-20260630-083013,pg_forward_model,RodentForwardModel,old_eval,0,0,600064000,277,layer::3/action/0/task_obs/5,proprio,0.06937023209936743,0.07033979023728631,1000.0,57386,24734,64
RodentForwardModel_delay5_eff5_nodetach-20260630-083050,pg_forward_model,RodentForwardModel,old_eval,5,5,600064000,277,layer::3/action/0/task_obs/5,proprio,0.07911207935963183,0.062277186098376736,1000.0,55816,24061,64
RodentForwardModel_delay10_eff10_nodetach-20260630-083050,pg_forward_model,RodentForwardModel,old_eval,10,10,600064000,277,layer::3/action/0/task_obs/5,proprio,0.07692440583494597,0.053973815560162786,1000.0,52938,22427,64
RodentForwardModel_delay20_eff20_nodetach-20260630-083014,pg_forward_model,RodentForwardModel,old_eval,20,20,600064000,277,layer::3/action/0/task_obs/5,proprio,0.0517088834094922,0.03560694000749365,1000.0,39805,16484,64
RodentForwardModel_delay0_eff0_nodetach-20260630-083013,pg_forward_model,RodentForwardModel,old_eval,0,0,600064000,277,layer::3/action/0/task_obs/6,proprio,0.02234822551096638,0.024524568751491338,1000.0,57386,24734,32
RodentForwardModel_delay5_eff5_nodetach-20260630-083050,pg_forward_model,RodentForwardModel,old_eval,5,5,600064000,277,layer::3/action/0/task_obs/6,proprio,0.028629812829657153,0.016344464215955923,1000.0,55816,24061,32
RodentForwardModel_delay10_eff10_nodetach-20260630-083050,pg_forward_model,RodentForwardModel,old_eval,10,10,600064000,277,layer::3/action/0/task_obs/6,proprio,0.04071153223478097,0.026851927173992984,1000.0,52938,22427,32
RodentForwardModel_delay20_eff20_nodetach-20260630-083014,pg_forward_model,RodentForwardModel,old_eval,20,20,600064000,277,layer::3/action/0/task_obs/6,proprio,0.032727809999260504,0.023782021330753467,1000.0,39805,16484,32
RodentForwardModel_delay0_eff0_nodetach-20260630-083013,pg_forward_model,RodentForwardModel,old_eval,0,0,600064000,277,layer::3/action/1/decoder/0,proprio,0.5395491308034135,0.49588926828389246,1000.0,57386,24734,512
RodentForwardModel_delay5_eff5_nodetach-20260630-083050,pg_forward_model,RodentForwardModel,old_eval,5,5,600064000,277,layer::3/action/1/decoder/0,proprio,0.5079620801220215,0.4600788514949624,1000.0,55816,24061,512
RodentForwardModel_delay10_eff10_nodetach-20260630-083050,pg_forward_model,RodentForwardModel,old_eval,10,10,600064000,277,layer::3/action/1/decoder/0,proprio,0.5489536198280738,0.48718646784218145,100.0,52938,22427,512
RodentForwardModel_delay20_eff20_nodetach-20260630-083014,pg_forward_model,RodentForwardModel,old_eval,20,20,600064000,277,layer::3/action/1/decoder/0,proprio,0.5367863710146445,0.5083169318482237,100.0,39805,16484,512
RodentForwardModel_delay0_eff0_nodetach-20260630-083013,pg_forward_model,RodentForwardModel,old_eval,0,0,600064000,277,layer::3/action/1/decoder/1,proprio,0.5207718483678292,0.48824663131034285,1000.0,57386,24734,512
RodentForwardModel_delay5_eff5_nodetach-20260630-083050,pg_forward_model,RodentForwardModel,old_eval,5,5,600064000,277,layer::3/action/1/decoder/1,proprio,0.49402518854060584,0.45283066034357455,1000.0,55816,24061,512
RodentForwardModel_delay10_eff10_nodetach-20260630-083050,pg_forward_model,RodentForwardModel,old_eval,10,10,600064000,277,layer::3/action/1/decoder/1,proprio,0.5483184704272712,0.4895940214827402,1000.0,52938,22427,512
RodentForwardModel_delay20_eff20_nodetach-20260630-083014,pg_forward_model,RodentForwardModel,old_eval,20,20,600064000,277,layer::3/action/1/decoder/1,proprio,0.5334749160351364,0.4968896349376516,1000.0,39805,16484,512
RodentForwardModel_delay0_eff0_nodetach-20260630-083013,pg_forward_model,RodentForwardModel,old_eval,0,0,600064000,277,layer::3/action/1/decoder/2,proprio,0.5095970013036732,0.47574633549224454,1000.0,57386,24734,512
RodentForwardModel_delay5_eff5_nodetach-20260630-083050,pg_forward_model,RodentForwardModel,old_eval,5,5,600064000,277,layer::3/action/1/decoder/2,proprio,0.47895033858664693,0.4475313375371328,1000.0,55816,24061,512
RodentForwardModel_delay10_eff10_nodetach-20260630-083050,pg_forward_model,RodentForwardModel,old_eval,10,10,600064000,277,layer::3/action/1/decoder/2,proprio,0.5321273958141652,0.47654678261515715,100.0,52938,22427,512
RodentForwardModel_delay20_eff20_nodetach-20260630-083014,pg_forward_model,RodentForwardModel,old_eval,20,20,600064000,277,layer::3/action/1/decoder/2,proprio,0.519644355675582,0.48327543812490215,1000.0,39805,16484,512
RodentForwardModel_delay0_eff0_nodetach-20260630-083013,pg_forward_model,RodentForwardModel,old_eval,0,0,600064000,277,layer::3/action/1/decoder/3,proprio,0.49976933528818546,0.4630185582705204,100.0,57386,24734,512
RodentForwardModel_delay5_eff5_nodetach-20260630-083050,pg_forward_model,RodentForwardModel,old_eval,5,5,600064000,277,layer::3/action/1/decoder/3,proprio,0.46606660481117645,0.43529709479142464,100.0,55816,24061,512
RodentForwardModel_delay10_eff10_nodetach-20260630-083050,pg_forward_model,RodentForwardModel,old_eval,10,10,600064000,277,layer::3/action/1/decoder/3,proprio,0.5208069014943876,0.4630183850776468,100.0,52938,22427,512
RodentForwardModel_delay20_eff20_nodetach-20260630-083014,pg_forward_model,RodentForwardModel,old_eval,20,20,600064000,277,layer::3/action/1/decoder/3,proprio,0.5094361615963114,0.47679941382587343,100.0,39805,16484,512
RodentForwardModel_delay0_eff0_nodetach-20260630-083013,pg_forward_model,RodentForwardModel,old_eval,0,0,600064000,277,layer::3/action/1/decoder/4,proprio,0.40737627747909266,0.385542712768117,10.0,57386,24734,76
RodentForwardModel_delay5_eff5_nodetach-20260630-083050,pg_forward_model,RodentForwardModel,old_eval,5,5,600064000,277,layer::3/action/1/decoder/4,proprio,0.36676351054450196,0.3659007757579269,100.0,55816,24061,76
RodentForwardModel_delay10_eff10_nodetach-20260630-083050,pg_forward_model,RodentForwardModel,old_eval,10,10,600064000,277,layer::3/action/1/decoder/4,proprio,0.43942535797009763,0.38002272797752457,100.0,52938,22427,76
RodentForwardModel_delay20_eff20_nodetach-20260630-083014,pg_forward_model,RodentForwardModel,old_eval,20,20,600064000,277,layer::3/action/1/decoder/4,proprio,0.4346584121657848,0.4023682645606832,100.0,39805,16484,76
RodentForwardModel_delay0_eff0_nodetach-20260630-083013,pg_forward_model,RodentForwardModel,old_eval,0,0,600064000,277,layer::3/action/1/decoder/5/action,proprio,0.36553353353647366,0.35032673516040724,1000.0,57386,24734,38
RodentForwardModel_delay5_eff5_nodetach-20260630-083050,pg_forward_model,RodentForwardModel,old_eval,5,5,600064000,277,layer::3/action/1/decoder/5/action,proprio,0.32901649525944443,0.33845482496194224,1000.0,55816,24061,38
RodentForwardModel_delay10_eff10_nodetach-20260630-083050,pg_forward_model,RodentForwardModel,old_eval,10,10,600064000,277,layer::3/action/1/decoder/5/action,proprio,0.4023564788772579,0.3553550971208682,1000.0,52938,22427,38
RodentForwardModel_delay20_eff20_nodetach-20260630-083014,pg_forward_model,RodentForwardModel,old_eval,20,20,600064000,277,layer::3/action/1/decoder/5/action,proprio,0.39849581734941497,0.3772132495259445,100.0,39805,16484,38
RodentForwardModel_delay0_eff0_nodetach-20260630-083013,pg_forward_model,RodentForwardModel,old_eval,0,0,600064000,277,layer::3/action/1/decoder/5/log_likelihood,proprio,0.0048891189314780314,0.008097165552400365,1000.0,57386,24734,1
RodentForwardModel_delay5_eff5_nodetach-20260630-083050,pg_forward_model,RodentForwardModel,old_eval,5,5,600064000,277,layer::3/action/1/decoder/5/log_likelihood,proprio,0.008962359882352278,0.0039057718286448218,1000.0,55816,24061,1
RodentForwardModel_delay10_eff10_nodetach-20260630-083050,pg_forward_model,RodentForwardModel,old_eval,10,10,600064000,277,layer::3/action/1/decoder/5/log_likelihood,proprio,0.0016614267604553312,0.00181886741234083,1.0,52938,22427,1
RodentForwardModel_delay20_eff20_nodetach-20260630-083014,pg_forward_model,RodentForwardModel,old_eval,20,20,600064000,277,layer::3/action/1/decoder/5/log_likelihood,proprio,0.0020544601987950717,0.0017855931510314393,1000.0,39805,16484,1
RodentForwardModel_delay5_eff5_nodetach-20260630-083050,pg_forward_model,RodentForwardModel,old_eval,5,5,600064000,277,layer::3/action/1/delay,proprio,0.1502826671963441,0.11656188911865639,1000.0,55816,24061,277
RodentForwardModel_delay10_eff10_nodetach-20260630-083050,pg_forward_model,RodentForwardModel,old_eval,10,10,600064000,277,layer::3/action/1/delay,proprio,0.08553367077090357,0.06974160277559671,1000.0,52938,22427,277
RodentForwardModel_delay20_eff20_nodetach-20260630-083014,pg_forward_model,RodentForwardModel,old_eval,20,20,600064000,277,layer::3/action/1/delay,proprio,0.0568938014691337,0.033965734870006425,1000.0,39805,16484,277
RodentForwardModel_delay0_eff0_nodetach-20260630-083013,pg_forward_model,RodentForwardModel,old_eval,0,0,600064000,277,layer::3/action/1/predictor/0,proprio,0.8704305462861834,0.8201309535156326,100.0,57386,24734,512
RodentForwardModel_delay5_eff5_nodetach-20260630-083050,pg_forward_model,RodentForwardModel,old_eval,5,5,600064000,277,layer::3/action/1/predictor/0,proprio,0.5998479786765714,0.5433151018349678,100.0,55816,24061,512
RodentForwardModel_delay10_eff10_nodetach-20260630-083050,pg_forward_model,RodentForwardModel,old_eval,10,10,600064000,277,layer::3/action/1/predictor/0,proprio,0.6128959409856818,0.5364673852548745,100.0,52938,22427,512
RodentForwardModel_delay20_eff20_nodetach-20260630-083014,pg_forward_model,RodentForwardModel,old_eval,20,20,600064000,277,layer::3/action/1/predictor/0,proprio,0.5594433537264714,0.5172023023469154,100.0,39805,16484,512
RodentForwardModel_delay0_eff0_nodetach-20260630-083013,pg_forward_model,RodentForwardModel,old_eval,0,0,600064000,277,layer::3/action/1/predictor/1,proprio,0.7332477573065779,0.6008106827134325,1000.0,57386,24734,512
RodentForwardModel_delay5_eff5_nodetach-20260630-083050,pg_forward_model,RodentForwardModel,old_eval,5,5,600064000,277,layer::3/action/1/predictor/1,proprio,0.5619205175704736,0.49766152662477947,1000.0,55816,24061,512
RodentForwardModel_delay10_eff10_nodetach-20260630-083050,pg_forward_model,RodentForwardModel,old_eval,10,10,600064000,277,layer::3/action/1/predictor/1,proprio,0.5819385589477015,0.5246263201994656,100.0,52938,22427,512
RodentForwardModel_delay20_eff20_nodetach-20260630-083014,pg_forward_model,RodentForwardModel,old_eval,20,20,600064000,277,layer::3/action/1/predictor/1,proprio,0.5536598391596582,0.5161907937822179,1000.0,39805,16484,512
RodentForwardModel_delay0_eff0_nodetach-20260630-083013,pg_forward_model,RodentForwardModel,old_eval,0,0,600064000,277,layer::3/action/1/predictor/2,proprio,0.6313476739533646,0.5333974833424557,1000.0,57386,24734,512
RodentForwardModel_delay5_eff5_nodetach-20260630-083050,pg_forward_model,RodentForwardModel,old_eval,5,5,600064000,277,layer::3/action/1/predictor/2,proprio,0.5434820205267925,0.4887506073473705,1000.0,55816,24061,512
RodentForwardModel_delay10_eff10_nodetach-20260630-083050,pg_forward_model,RodentForwardModel,old_eval,10,10,600064000,277,layer::3/action/1/predictor/2,proprio,0.572827868884642,0.5226523599209172,100.0,52938,22427,512
RodentForwardModel_delay20_eff20_nodetach-20260630-083014,pg_forward_model,RodentForwardModel,old_eval,20,20,600064000,277,layer::3/action/1/predictor/2,proprio,0.5529595470897125,0.5127210436257843,1000.0,39805,16484,512
RodentForwardModel_delay0_eff0_nodetach-20260630-083013,pg_forward_model,RodentForwardModel,old_eval,0,0,600064000,277,layer::3/action/1/predictor/3,proprio,0.582227655698451,0.51326328939738,1000.0,57386,24734,512
RodentForwardModel_delay5_eff5_nodetach-20260630-083050,pg_forward_model,RodentForwardModel,old_eval,5,5,600064000,277,layer::3/action/1/predictor/3,proprio,0.5238206014659572,0.47786577191594015,1000.0,55816,24061,512
RodentForwardModel_delay10_eff10_nodetach-20260630-083050,pg_forward_model,RodentForwardModel,old_eval,10,10,600064000,277,layer::3/action/1/predictor/3,proprio,0.5620670729807995,0.5187961992098016,100.0,52938,22427,512
RodentForwardModel_delay20_eff20_nodetach-20260630-083014,pg_forward_model,RodentForwardModel,old_eval,20,20,600064000,277,layer::3/action/1/predictor/3,proprio,0.5483085397790641,0.5163364893710769,100.0,39805,16484,512
RodentForwardModel_delay0_eff0_nodetach-20260630-083013,pg_forward_model,RodentForwardModel,old_eval,0,0,600064000,277,layer::3/action/1/predictor/4,proprio,0.5281460973192134,0.46079840273424943,100.0,57386,24734,277
RodentForwardModel_delay5_eff5_nodetach-20260630-083050,pg_forward_model,RodentForwardModel,old_eval,5,5,600064000,277,layer::3/action/1/predictor/4,proprio,0.4877969538494932,0.4426735009655063,10.0,55816,24061,277
RodentForwardModel_delay10_eff10_nodetach-20260630-083050,pg_forward_model,RodentForwardModel,old_eval,10,10,600064000,277,layer::3/action/1/predictor/4,proprio,0.5295320586195912,0.466854096451658,10.0,52938,22427,277
RodentForwardModel_delay20_eff20_nodetach-20260630-083014,pg_forward_model,RodentForwardModel,old_eval,20,20,600064000,277,layer::3/action/1/predictor/4,proprio,0.5182667443860505,0.4705433791676784,10.0,39805,16484,277
RodentForwardModel_delay0_eff0_nodetach-20260630-083013,pg_forward_model,RodentForwardModel,old_eval,0,0,600064000,277,layer::3/value/0,proprio,0.9999999489082606,0.9999999427701738,1.0,57386,24734,917
RodentForwardModel_delay5_eff5_nodetach-20260630-083050,pg_forward_model,RodentForwardModel,old_eval,5,5,600064000,277,layer::3/value/0,proprio,0.9999999471390064,0.9999999427566831,1.0,55816,24061,917
RodentForwardModel_delay10_eff10_nodetach-20260630-083050,pg_forward_model,RodentForwardModel,old_eval,10,10,600064000,277,layer::3/value/0,proprio,0.9999999453128978,0.9999999243097797,1.0,52938,22427,917
RodentForwardModel_delay20_eff20_nodetach-20260630-083014,pg_forward_model,RodentForwardModel,old_eval,20,20,600064000,277,layer::3/value/0,proprio,0.9999999499517733,0.9999999447296095,1.0,39805,16484,917
RodentForwardModel_delay0_eff0_nodetach-20260630-083013,pg_forward_model,RodentForwardModel,old_eval,0,0,600064000,277,layer::3/value/1,proprio,0.4087703165999379,0.2745297252137544,1000.0,57386,24734,1024
RodentForwardModel_delay5_eff5_nodetach-20260630-083050,pg_forward_model,RodentForwardModel,old_eval,5,5,600064000,277,layer::3/value/1,proprio,0.39128078128066635,0.24814998370156427,1000.0,55816,24061,1024
RodentForwardModel_delay10_eff10_nodetach-20260630-083050,pg_forward_model,RodentForwardModel,old_eval,10,10,600064000,277,layer::3/value/1,proprio,0.37478251400849294,0.2824105888315459,1000.0,52938,22427,1024
RodentForwardModel_delay20_eff20_nodetach-20260630-083014,pg_forward_model,RodentForwardModel,old_eval,20,20,600064000,277,layer::3/value/1,proprio,0.3642439124840764,0.3344677803932806,1000.0,39805,16484,1024
RodentForwardModel_delay0_eff0_nodetach-20260630-083013,pg_forward_model,RodentForwardModel,old_eval,0,0,600064000,277,layer::3/value/2,proprio,-0.2972025317861573,0.14897573119177676,1000.0,57386,24734,1024
RodentForwardModel_delay5_eff5_nodetach-20260630-083050,pg_forward_model,RodentForwardModel,old_eval,5,5,600064000,277,layer::3/value/2,proprio,0.20717919966040632,-0.14714452000561073,1000.0,55816,24061,1024
RodentForwardModel_delay10_eff10_nodetach-20260630-083050,pg_forward_model,RodentForwardModel,old_eval,10,10,600064000,277,layer::3/value/2,proprio,0.1637292915512435,0.08633485407487873,1000.0,52938,22427,1024
RodentForwardModel_delay20_eff20_nodetach-20260630-083014,pg_forward_model,RodentForwardModel,old_eval,20,20,600064000,277,layer::3/value/2,proprio,0.12243422203654208,0.0660623502628147,1000.0,39805,16484,1024
RodentForwardModel_delay0_eff0_nodetach-20260630-083013,pg_forward_model,RodentForwardModel,old_eval,0,0,600064000,277,layer::3/value/3,proprio,0.01046582614636371,0.009944047499376385,1000.0,57386,24734,1
RodentForwardModel_delay5_eff5_nodetach-20260630-083050,pg_forward_model,RodentForwardModel,old_eval,5,5,600064000,277,layer::3/value/3,proprio,0.009446864658051113,0.00037953630702247665,1000.0,55816,24061,1
RodentForwardModel_delay10_eff10_nodetach-20260630-083050,pg_forward_model,RodentForwardModel,old_eval,10,10,600064000,277,layer::3/value/3,proprio,0.007646790447290219,0.00831059561802916,1000.0,52938,22427,1
RodentForwardModel_delay20_eff20_nodetach-20260630-083014,pg_forward_model,RodentForwardModel,old_eval,20,20,600064000,277,layer::3/value/3,proprio,0.002978439093583196,0.003416971661910795,1000.0,39805,16484,1
