wandb_id,condition,servo_kp,delay,seed,step,reward_mean,reward_smooth
msj9aand,torque,0.0,0,42,4915200,217.2116851806641,
msj9aand,torque,0.0,0,42,9830400,398.392578125,
msj9aand,torque,0.0,0,42,14499840,667.850341796875,
msj9aand,torque,0.0,0,42,19415040,893.0948486328125,
msj9aand,torque,0.0,0,42,24084480,933.1085815429688,621.931607055664
msj9aand,torque,0.0,0,42,28999680,941.863037109375,766.8618774414062
msj9aand,torque,0.0,0,42,33669120,948.4580078125,797.1278991699219
msj9aand,torque,0.0,0,42,38584320,952.21337890625,933.7475708007812
msj9aand,torque,0.0,0,42,43253760,955.2910766601562,937.3381551106771
msj9aand,torque,0.0,0,42,48168960,956.1495971679688,950.79501953125
msj9aand,torque,0.0,0,42,52838400,954.893310546875,951.4780680338541
msj9aand,torque,0.0,0,42,57753600,952.94091796875,954.29765625
msj9aand,torque,0.0,0,42,62423040,952.8028564453124,954.0485229492188
msj9aand,torque,0.0,0,42,67338240,958.4508056640624,955.0474975585937
msj9aand,torque,0.0,0,42,72007680,955.905517578125,955.1905008951823
msj9aand,torque,0.0,0,42,76922880,958.6112060546876,955.7422607421875
msj9aand,torque,0.0,0,42,81838080,958.521484375,956.8583740234375
msj9aand,torque,0.0,0,42,86507520,960.192626953125,958.336328125
msj9aand,torque,0.0,0,42,91422720,959.67626953125,958.5814208984375
msj9aand,torque,0.0,0,42,96092160,960.93994140625,959.5883056640625
msj9aand,torque,0.0,0,42,101007360,958.4675903320312,959.5595825195312
msj9aand,torque,0.0,0,42,105676800,958.8558959960938,959.4423014322916
msj9aand,torque,0.0,0,42,110592000,964.1755981445312,960.4230590820313
msj9aand,torque,0.0,0,42,115261440,961.18701171875,960.5503845214844
msj9aand,torque,0.0,0,42,120176640,964.2825927734376,961.3937377929688
msj9aand,torque,0.0,0,42,124846080,965.5777587890624,962.091074625651
msj9aand,torque,0.0,0,42,129761280,966.513427734375,964.3472778320313
msj9aand,torque,0.0,0,42,134430720,966.937744140625,964.7790222167969
msj9aand,torque,0.0,0,42,139345920,964.4544067382812,965.5531860351563
msj9aand,torque,0.0,0,42,144015360,964.0198974609376,965.2976379394531
msj9aand,torque,0.0,0,42,148930560,964.89794921875,965.3646850585938
msj9aand,torque,0.0,0,42,153600000,966.3175048828124,965.5234883626302
msj9aand,torque,0.0,0,42,158515200,964.04248046875,964.7464477539063
msj9aand,torque,0.0,0,42,163430400,966.30126953125,965.1158203125
msj9aand,torque,0.0,0,42,168099840,966.2373657226562,965.5593139648438
msj9aand,torque,0.0,0,42,173015040,966.666259765625,965.9129760742187
msj9aand,torque,0.0,0,42,177684480,965.81884765625,965.8132446289062
msj9aand,torque,0.0,0,42,182599680,969.4478759765624,966.8943237304687
msj9aand,torque,0.0,0,42,187269120,968.8484497070312,967.2200113932291
msj9aand,torque,0.0,0,42,192184320,969.3338623046876,968.0230590820313
msj9aand,torque,0.0,0,42,196853760,969.3901977539062,968.2509155273438
msj9aand,torque,0.0,0,42,201768960,970.1326293945312,969.4306030273438
msj9aand,torque,0.0,0,42,206438400,970.8927001953124,969.6742858886719
msj9aand,torque,0.0,0,42,211353600,970.903076171875,970.1304931640625
msj9aand,torque,0.0,0,42,216023040,970.4713134765624,970.1872965494791
msj9aand,torque,0.0,0,42,220938240,971.4685668945312,970.7736572265625
msj9aand,torque,0.0,0,42,225607680,971.8855590820312,970.958974202474
msj9aand,torque,0.0,0,42,230522880,971.8779296875,971.3212890625
msj9aand,torque,0.0,0,42,235438080,971.7576293945312,971.4921997070312
msj9aand,torque,0.0,0,42,240107520,971.881591796875,971.7742553710938
msj9aand,torque,0.0,0,42,245022720,972.01806640625,971.8841552734375
msj9aand,torque,0.0,0,42,249692160,972.0234375,971.9117309570313
msj9aand,torque,0.0,0,42,254607360,973.4395751953124,972.2240600585938
msj9aand,torque,0.0,0,42,259276800,972.1001586914062,972.2034098307291
msj9aand,torque,0.0,0,42,264192000,971.3167724609376,972.1796020507812
msj9aand,torque,0.0,0,42,268861440,973.3466796875,972.3741149902344
msj9aand,torque,0.0,0,42,273776640,972.3194580078124,972.5045288085937
msj9aand,torque,0.0,0,42,278446080,974.6163330078124,972.8564961751302
msj9aand,torque,0.0,0,42,283361280,974.2176513671876,973.16337890625
msj9aand,torque,0.0,0,42,288030720,974.5276489257812,973.3907572428385
msj9aand,torque,0.0,0,42,292945920,974.8367919921876,974.1035766601562
msj9aand,torque,0.0,0,42,297615360,974.8187255859376,974.2227681477865
msj9aand,torque,0.0,0,42,302530560,974.2904052734376,974.5382446289062
msj9aand,torque,0.0,0,42,307200000,974.41015625,974.5168965657552
msj9aand,torque,0.0,0,42,312115200,974.4098510742188,974.5531860351563
msj9aand,torque,0.0,0,42,317030400,974.4125366210938,974.4683349609375
msj9aand,torque,0.0,0,42,321699840,974.8500366210938,974.4745971679688
msj9aand,torque,0.0,0,42,326615040,974.4928588867188,974.515087890625
msj9aand,torque,0.0,0,42,331284480,975.3181762695312,974.6966918945312
msj9aand,torque,0.0,0,42,336199680,975.386474609375,974.8920166015625
msj9aand,torque,0.0,0,42,340869120,975.394775390625,974.9758097330729
msj9aand,torque,0.0,0,42,345784320,975.756591796875,975.269775390625
msj9aand,torque,0.0,0,42,350453760,975.3526611328124,975.2835896809896
msj9aand,torque,0.0,0,42,355368960,975.59619140625,975.4973388671875
msj9aand,torque,0.0,0,42,360038400,975.8343505859376,975.5535074869791
msj9aand,torque,0.0,0,42,364953600,975.6472778320312,975.6374145507813
msj9aand,torque,0.0,0,42,369623040,975.633056640625,975.6366882324219
msj9aand,torque,0.0,0,42,374538240,976.0240478515624,975.7469848632812
msj9aand,torque,0.0,0,42,379207680,976.2077026367188,975.8237711588541
msj9aand,torque,0.0,0,42,384122880,976.3453369140624,975.971484375
msj9aand,torque,0.0,0,42,389038080,976.19970703125,976.0819702148438
msj9aand,torque,0.0,0,42,393707520,975.845947265625,976.1245483398437
msj9aand,torque,0.0,0,42,398622720,975.3870849609376,975.9971557617188
msj9aand,torque,0.0,0,42,403292160,975.954833984375,975.94658203125
msj9aand,torque,0.0,0,42,408207360,976.656494140625,976.0088134765625
msj9aand,torque,0.0,0,42,412876800,976.8441772460938,976.1480407714844
msj9aand,torque,0.0,0,42,417792000,976.6754150390624,976.3036010742187
msj9aand,torque,0.0,0,42,422461440,976.8419189453124,976.393320719401
msj9aand,torque,0.0,0,42,427376640,977.3452758789062,976.87265625
msj9aand,torque,0.0,0,42,432046080,976.9348754882812,976.8830261230469
msj9aand,torque,0.0,0,42,436961280,977.5746459960938,977.0744262695313
msj9aand,torque,0.0,0,42,441630720,977.071533203125,977.0739440917969
msj9aand,torque,0.0,0,42,446545920,977.09033203125,977.2033325195313
msj9aand,torque,0.0,0,42,451215360,977.4166259765624,977.2388814290365
msj9aand,torque,0.0,0,42,456130560,977.4080810546876,977.3122436523438
msj9aand,torque,0.0,0,42,460800000,977.1912841796876,977.2920837402344
msj9aand,torque,0.0,0,42,465715200,977.4118041992188,977.3036254882812
msj9aand,torque,0.0,0,42,470630400,977.9057006835938,977.46669921875
msj9aand,torque,0.0,0,42,475299840,977.672607421875,977.5178955078125
msj9aand,torque,0.0,0,42,480215040,978.1143188476562,977.6591430664063
oms9ag28,torque,0.0,0,50,4915200,205.01063537597656,
oms9ag28,torque,0.0,0,50,9830400,407.14501953125,
oms9ag28,torque,0.0,0,50,14499840,718.8150634765625,
oms9ag28,torque,0.0,0,50,19415040,925.734375,
oms9ag28,torque,0.0,0,50,24084480,942.7530517578124,639.8916290283203
oms9ag28,torque,0.0,0,50,28999680,954.7220458984376,789.8339111328125
oms9ag28,torque,0.0,0,50,33669120,951.7626953125,816.8220418294271
oms9ag28,torque,0.0,0,50,38584320,956.4801635742188,946.2904663085938
oms9ag28,torque,0.0,0,50,43253760,956.8597412109376,948.052012125651
oms9ag28,torque,0.0,0,50,48168960,958.9876708984376,955.7624633789062
oms9ag28,torque,0.0,0,50,52838400,960.61083984375,956.5705261230469
oms9ag28,torque,0.0,0,50,57753600,961.5511474609376,958.8979125976563
oms9ag28,torque,0.0,0,50,62423040,963.3389892578124,959.6380920410156
oms9ag28,torque,0.0,0,50,67338240,964.148193359375,961.7273681640625
oms9ag28,torque,0.0,0,50,72007680,964.7188720703124,962.2259521484375
oms9ag28,torque,0.0,0,50,76922880,964.6201171875,963.6754638671875
oms9ag28,torque,0.0,0,50,81838080,964.0978393554688,964.1848022460938
oms9ag28,torque,0.0,0,50,86507520,964.7070922851562,964.4584228515625
oms9ag28,torque,0.0,0,50,91422720,966.4384765625,964.9164794921875
oms9ag28,torque,0.0,0,50,96092160,965.8427734375,965.141259765625
oms9ag28,torque,0.0,0,50,101007360,967.236328125,965.664501953125
oms9ag28,torque,0.0,0,50,105676800,967.1094360351562,965.9053243001302
oms9ag28,torque,0.0,0,50,110592000,967.8963012695312,966.9046630859375
oms9ag28,torque,0.0,0,50,115261440,967.0338134765624,966.9261881510416
oms9ag28,torque,0.0,0,50,120176640,967.2962036132812,967.3144165039063
oms9ag28,torque,0.0,0,50,124846080,967.7216796875,967.3822937011719
oms9ag28,torque,0.0,0,50,129761280,968.2501220703124,967.6396240234375
oms9ag28,torque,0.0,0,50,134430720,968.9085083007812,967.8511047363281
oms9ag28,torque,0.0,0,50,139345920,967.3777465820312,967.9108520507813
oms9ag28,torque,0.0,0,50,144015360,969.0195922851562,968.0956420898438
oms9ag28,torque,0.0,0,50,148930560,969.3082275390624,968.5728393554688
oms9ag28,torque,0.0,0,50,153600000,969.3021240234376,968.6943868001302
oms9ag28,torque,0.0,0,50,158515200,969.3575439453124,968.873046875
oms9ag28,torque,0.0,0,50,163430400,969.3020629882812,969.25791015625
oms9ag28,torque,0.0,0,50,168099840,969.5126953125,969.3565307617188
oms9ag28,torque,0.0,0,50,173015040,970.6998291015624,969.6348510742188
oms9ag28,torque,0.0,0,50,177684480,970.2442626953124,969.8232788085937
oms9ag28,torque,0.0,0,50,182599680,970.8267211914062,970.1171142578125
oms9ag28,torque,0.0,0,50,187269120,971.010986328125,970.2660929361979
oms9ag28,torque,0.0,0,50,192184320,970.5823974609376,970.6728393554688
oms9ag28,torque,0.0,0,50,196853760,971.6688232421876,970.8388366699219
oms9ag28,torque,0.0,0,50,201768960,970.7823486328124,970.9742553710937
oms9ag28,torque,0.0,0,50,206438400,971.6670532226562,971.0897216796875
oms9ag28,torque,0.0,0,50,211353600,972.0272216796876,971.3455688476563
oms9ag28,torque,0.0,0,50,216023040,972.0411376953124,971.4614969889323
oms9ag28,torque,0.0,0,50,220938240,972.6356201171876,971.8306762695313
oms9ag28,torque,0.0,0,50,225607680,972.5763549804688,971.9549560546875
oms9ag28,torque,0.0,0,50,230522880,972.6897583007812,972.3940185546875
oms9ag28,torque,0.0,0,50,235438080,972.948974609375,972.578369140625
oms9ag28,torque,0.0,0,50,240107520,973.4218139648438,972.8545043945312
oms9ag28,torque,0.0,0,50,245022720,973.214599609375,972.9703002929688
oms9ag28,torque,0.0,0,50,249692160,973.0819091796876,973.0714111328125
oms9ag28,torque,0.0,0,50,254607360,973.2359008789062,973.1806396484375
oms9ag28,torque,0.0,0,50,259276800,969.728271484375,972.6052449544271
oms9ag28,torque,0.0,0,50,264192000,973.5416259765624,972.5604614257812
oms9ag28,torque,0.0,0,50,268861440,973.4656372070312,972.7113240559896
oms9ag28,torque,0.0,0,50,273776640,973.4287109375,972.680029296875
oms9ag28,torque,0.0,0,50,278446080,973.5339965820312,972.8223571777344
oms9ag28,torque,0.0,0,50,283361280,973.2176513671876,973.4375244140625
oms9ag28,torque,0.0,0,50,288030720,970.4412841796876,972.9381510416666
oms9ag28,torque,0.0,0,50,292945920,973.745361328125,972.8734008789063
oms9ag28,torque,0.0,0,50,297615360,973.9522705078124,973.053212483724
oms9ag28,torque,0.0,0,50,302530560,973.784423828125,973.0281982421875
oms9ag28,torque,0.0,0,50,307200000,973.4896240234376,973.1051025390625
oms9ag28,torque,0.0,0,50,312115200,974.0420532226562,973.8027465820312
oms9ag28,torque,0.0,0,50,317030400,974.326171875,973.9189086914063
oms9ag28,torque,0.0,0,50,321699840,974.150146484375,973.9584838867188
oms9ag28,torque,0.0,0,50,326615040,974.917236328125,974.1850463867188
oms9ag28,torque,0.0,0,50,331284480,974.9071655273438,974.4685546875
oms9ag28,torque,0.0,0,50,336199680,974.2330322265624,974.5067504882812
oms9ag28,torque,0.0,0,50,340869120,974.49658203125,974.5050557454427
oms9ag28,torque,0.0,0,50,345784320,974.4842529296876,974.6076538085938
oms9ag28,torque,0.0,0,50,350453760,974.9627685546876,974.6668395996094
oms9ag28,torque,0.0,0,50,355368960,974.5147094726562,974.5382690429688
oms9ag28,torque,0.0,0,50,360038400,974.3099365234376,974.5002136230469
oms9ag28,torque,0.0,0,50,364953600,975.138427734375,974.6820190429687
oms9ag28,torque,0.0,0,50,369623040,975.0185546875,974.7381083170573
oms9ag28,torque,0.0,0,50,374538240,975.4120483398438,974.8787353515625
oms9ag28,torque,0.0,0,50,379207680,975.2098388671876,974.9339192708334
oms9ag28,torque,0.0,0,50,384122880,975.4179077148438,975.23935546875
oms9ag28,torque,0.0,0,50,389038080,975.7925415039062,975.3701782226562
oms9ag28,torque,0.0,0,50,393707520,975.9168701171876,975.5498413085937
oms9ag28,torque,0.0,0,50,398622720,975.721435546875,975.61171875
oms9ag28,torque,0.0,0,50,403292160,976.1879272460938,975.8073364257813
oms9ag28,torque,0.0,0,50,408207360,976.0957641601562,975.9429077148437
oms9ag28,torque,0.0,0,50,412876800,976.3047485351562,976.0032145182291
oms9ag28,torque,0.0,0,50,417792000,976.41943359375,976.1458618164063
oms9ag28,torque,0.0,0,50,422461440,976.21533203125,976.1574401855469
oms9ag28,torque,0.0,0,50,427376640,975.9576416015624,976.198583984375
oms9ag28,torque,0.0,0,50,432046080,976.3934326171876,976.2310587565104
oms9ag28,torque,0.0,0,50,436961280,976.030029296875,976.203173828125
oms9ag28,torque,0.0,0,50,441630720,975.7713623046876,976.1312052408854
oms9ag28,torque,0.0,0,50,446545920,976.7235107421876,976.1751953125
oms9ag28,torque,0.0,0,50,451215360,976.7910766601562,976.277842203776
oms9ag28,torque,0.0,0,50,456130560,976.4071655273438,976.34462890625
oms9ag28,torque,0.0,0,50,460800000,976.8724975585938,976.432607014974
oms9ag28,torque,0.0,0,50,465715200,976.985107421875,976.7558715820312
oms9ag28,torque,0.0,0,50,470630400,976.551513671875,976.7214721679687
oms9ag28,torque,0.0,0,50,475299840,976.2568359375,976.6146240234375
oms9ag28,torque,0.0,0,50,480215040,977.16064453125,976.7653198242188
5ryuqn5j,torque,0.0,0,51,4915200,236.36903381347656,
5ryuqn5j,torque,0.0,0,51,9830400,483.947509765625,
5ryuqn5j,torque,0.0,0,51,14499840,591.1634521484375,
5ryuqn5j,torque,0.0,0,51,19415040,867.6641845703125,
5ryuqn5j,torque,0.0,0,51,24084480,944.3545532226562,624.6997467041016
5ryuqn5j,torque,0.0,0,51,28999680,955.5833129882812,768.5426025390625
5ryuqn5j,torque,0.0,0,51,33669120,958.3679809570312,800.180165608724
5ryuqn5j,torque,0.0,0,51,38584320,959.078125,937.0096313476563
5ryuqn5j,torque,0.0,0,51,43253760,961.7066650390624,941.1258036295573
5ryuqn5j,torque,0.0,0,51,48168960,962.9324340820312,959.5337036132812
5ryuqn5j,torque,0.0,0,51,52838400,963.7620239257812,960.2384236653646
5ryuqn5j,torque,0.0,0,51,57753600,963.85009765625,962.265869140625
5ryuqn5j,torque,0.0,0,51,62423040,963.9757690429688,962.5508524576823
5ryuqn5j,torque,0.0,0,51,67338240,966.9427490234376,964.2926147460937
5ryuqn5j,torque,0.0,0,51,72007680,967.3499145507812,964.8021647135416
5ryuqn5j,torque,0.0,0,51,76922880,967.1041259765624,965.84453125
5ryuqn5j,torque,0.0,0,51,81838080,966.7301025390624,966.4205322265625
5ryuqn5j,torque,0.0,0,51,86507520,967.284423828125,967.0822631835938
5ryuqn5j,torque,0.0,0,51,91422720,967.6030883789062,967.2143310546875
5ryuqn5j,torque,0.0,0,51,96092160,967.7875366210938,967.30185546875
5ryuqn5j,torque,0.0,0,51,101007360,968.5023193359376,967.581494140625
5ryuqn5j,torque,0.0,0,51,105676800,968.42431640625,967.7219645182291
5ryuqn5j,torque,0.0,0,51,110592000,969.06005859375,968.2754638671875
5ryuqn5j,torque,0.0,0,51,115261440,969.735107421875,968.5187377929688
5ryuqn5j,torque,0.0,0,51,120176640,969.7984619140624,969.104052734375
5ryuqn5j,torque,0.0,0,51,124846080,969.9912719726562,969.2519226074219
5ryuqn5j,torque,0.0,0,51,129761280,970.1865234375,969.7542846679687
5ryuqn5j,torque,0.0,0,51,134430720,969.903076171875,969.7790832519531
5ryuqn5j,torque,0.0,0,51,139345920,970.9521484375,970.1662963867187
5ryuqn5j,torque,0.0,0,51,144015360,971.0150146484376,970.3077494303385
5ryuqn5j,torque,0.0,0,51,148930560,971.4464721679688,970.7006469726563
5ryuqn5j,torque,0.0,0,51,153600000,971.9979248046876,970.9168599446615
5ryuqn5j,torque,0.0,0,51,158515200,971.9861450195312,971.479541015625
5ryuqn5j,torque,0.0,0,51,163430400,972.1166381835938,971.7124389648437
5ryuqn5j,torque,0.0,0,51,168099840,972.3494873046876,971.9793334960938
5ryuqn5j,torque,0.0,0,51,173015040,972.669921875,972.2240234375
5ryuqn5j,torque,0.0,0,51,177684480,972.752685546875,972.3749755859375
5ryuqn5j,torque,0.0,0,51,182599680,972.8763427734376,972.5530151367187
5ryuqn5j,torque,0.0,0,51,187269120,968.8060302734376,971.9285176595052
5ryuqn5j,torque,0.0,0,51,192184320,972.707275390625,971.962451171875
5ryuqn5j,torque,0.0,0,51,196853760,972.9588623046876,972.1285196940104
5ryuqn5j,torque,0.0,0,51,201768960,973.3280639648438,972.1353149414062
5ryuqn5j,torque,0.0,0,51,206438400,973.6659545898438,972.3904215494791
5ryuqn5j,torque,0.0,0,51,211353600,973.4628295898438,973.2245971679688
5ryuqn5j,torque,0.0,0,51,216023040,973.6470947265624,973.2950134277344
5ryuqn5j,torque,0.0,0,51,220938240,974.2977294921876,973.6803344726562
5ryuqn5j,torque,0.0,0,51,225607680,974.0690307617188,973.7451171875
5ryuqn5j,torque,0.0,0,51,230522880,974.0277099609376,973.90087890625
5ryuqn5j,torque,0.0,0,51,235438080,974.2197265625,974.0522583007812
5ryuqn5j,torque,0.0,0,51,240107520,974.5062255859376,974.2240844726563
5ryuqn5j,torque,0.0,0,51,245022720,970.474609375,973.4594604492188
5ryuqn5j,torque,0.0,0,51,249692160,974.37060546875,973.519775390625
5ryuqn5j,torque,0.0,0,51,254607360,974.0565185546876,973.525537109375
5ryuqn5j,torque,0.0,0,51,259276800,974.7484130859376,973.7293497721354
5ryuqn5j,torque,0.0,0,51,264192000,974.28955078125,973.587939453125
5ryuqn5j,torque,0.0,0,51,268861440,974.9935913085938,973.8222147623698
5ryuqn5j,torque,0.0,0,51,273776640,974.412353515625,974.5000854492188
5ryuqn5j,torque,0.0,0,51,278446080,975.0114135742188,974.5853068033854
5ryuqn5j,torque,0.0,0,51,283361280,974.35986328125,974.6133544921875
5ryuqn5j,torque,0.0,0,51,288030720,974.9691162109376,974.6726481119791
5ryuqn5j,torque,0.0,0,51,292945920,975.1964111328124,974.7898315429687
5ryuqn5j,torque,0.0,0,51,297615360,975.0718383789062,974.8368326822916
5ryuqn5j,torque,0.0,0,51,302530560,975.65185546875,975.0498168945312
5ryuqn5j,torque,0.0,0,51,307200000,975.8089599609376,975.1763407389323
5ryuqn5j,torque,0.0,0,51,312115200,975.810546875,975.5079223632813
5ryuqn5j,torque,0.0,0,51,317030400,975.4578247070312,975.560205078125
5ryuqn5j,torque,0.0,0,51,321699840,976.0674438476562,975.759326171875
5ryuqn5j,torque,0.0,0,51,326615040,975.8823852539062,975.8054321289062
5ryuqn5j,torque,0.0,0,51,331284480,975.867919921875,975.8172241210938
5ryuqn5j,torque,0.0,0,51,336199680,976.0096435546876,975.8570434570313
5ryuqn5j,torque,0.0,0,51,340869120,976.0585327148438,975.890625
5ryuqn5j,torque,0.0,0,51,345784320,975.933349609375,975.9503662109375
5ryuqn5j,torque,0.0,0,51,350453760,976.3679809570312,976.0199686686198
5ryuqn5j,torque,0.0,0,51,355368960,976.5147094726562,976.1768432617188
5ryuqn5j,torque,0.0,0,51,360038400,976.4095458984376,976.2156270345052
5ryuqn5j,torque,0.0,0,51,364953600,976.5960693359376,976.3643310546875
5ryuqn5j,torque,0.0,0,51,369623040,976.4306640625,976.3753865559896
5ryuqn5j,torque,0.0,0,51,374538240,976.4026489257812,976.4707275390625
5ryuqn5j,torque,0.0,0,51,379207680,976.257568359375,976.4352010091146
5ryuqn5j,torque,0.0,0,51,384122880,975.4017333984376,976.2177368164063
5ryuqn5j,torque,0.0,0,51,389038080,976.1156005859376,976.1216430664062
5ryuqn5j,torque,0.0,0,51,393707520,976.395751953125,976.1146606445312
5ryuqn5j,torque,0.0,0,51,398622720,976.6219482421876,976.1585205078125
5ryuqn5j,torque,0.0,0,51,403292160,976.7921142578124,976.2654296875
5ryuqn5j,torque,0.0,0,51,408207360,976.8242797851562,976.5499389648437
5ryuqn5j,torque,0.0,0,51,412876800,976.95947265625,976.6181945800781
5ryuqn5j,torque,0.0,0,51,417792000,976.9727172851562,976.8341064453125
5ryuqn5j,torque,0.0,0,51,422461440,977.3060913085938,976.9127705891927
5ryuqn5j,torque,0.0,0,51,427376640,977.2189331054688,977.056298828125
5ryuqn5j,torque,0.0,0,51,432046080,976.992919921875,977.0457356770834
5ryuqn5j,torque,0.0,0,51,436961280,976.7758178710938,977.0532958984375
5ryuqn5j,torque,0.0,0,51,441630720,977.01513671875,977.0469360351562
5ryuqn5j,torque,0.0,0,51,446545920,977.0032348632812,977.0012084960938
5ryuqn5j,torque,0.0,0,51,451215360,977.5408935546876,977.0911560058594
5ryuqn5j,torque,0.0,0,51,456130560,977.213623046875,977.1097412109375
5ryuqn5j,torque,0.0,0,51,460800000,977.3275756835938,977.1460469563802
5ryuqn5j,torque,0.0,0,51,465715200,976.3740234375,977.0918701171875
5ryuqn5j,torque,0.0,0,51,470630400,975.7066650390624,976.8325561523437
5ryuqn5j,torque,0.0,0,51,475299840,976.657470703125,976.6558715820313
5ryuqn5j,torque,0.0,0,51,480215040,977.1522827148438,976.643603515625
dxr20obj,torque,0.0,0,52,4915200,223.0720367431641,
dxr20obj,torque,0.0,0,52,9830400,403.9336853027344,
dxr20obj,torque,0.0,0,52,14499840,755.1263427734375,
dxr20obj,torque,0.0,0,52,19415040,926.2977294921876,
dxr20obj,torque,0.0,0,52,24084480,939.6636962890624,649.6186981201172
dxr20obj,torque,0.0,0,52,28999680,952.3341674804688,795.4711242675781
dxr20obj,torque,0.0,0,52,33669120,951.3466186523438,821.4503733317057
dxr20obj,torque,0.0,0,52,38584320,957.25146484375,945.3787353515625
dxr20obj,torque,0.0,0,52,43253760,956.0625610351562,947.1593729654948
dxr20obj,torque,0.0,0,52,48168960,958.952392578125,955.1894409179688
dxr20obj,torque,0.0,0,52,52838400,960.3492431640624,956.0494079589844
dxr20obj,torque,0.0,0,52,57753600,962.130615234375,958.9492553710937
dxr20obj,torque,0.0,0,52,62423040,959.1591186523438,958.9842325846354
dxr20obj,torque,0.0,0,52,67338240,962.9593505859376,960.7101440429688
dxr20obj,torque,0.0,0,52,72007680,964.5698852539062,961.3534342447916
dxr20obj,torque,0.0,0,52,76922880,964.661376953125,962.6960693359375
dxr20obj,torque,0.0,0,52,81838080,964.996337890625,963.2692138671875
dxr20obj,torque,0.0,0,52,86507520,965.1621704101562,964.46982421875
dxr20obj,torque,0.0,0,52,91422720,966.292724609375,965.1364990234375
dxr20obj,torque,0.0,0,52,96092160,966.093994140625,965.4413208007812
dxr20obj,torque,0.0,0,52,101007360,966.4273071289062,965.7945068359375
dxr20obj,torque,0.0,0,52,105676800,965.56396484375,965.7560831705729
dxr20obj,torque,0.0,0,52,110592000,966.2957763671876,966.1347534179688
dxr20obj,torque,0.0,0,52,115261440,966.3470458984376,966.1701354980469
dxr20obj,torque,0.0,0,52,120176640,967.1307373046876,966.3529663085938
dxr20obj,torque,0.0,0,52,124846080,967.579833984375,966.5574442545573
dxr20obj,torque,0.0,0,52,129761280,968.1796875,967.1066162109375
dxr20obj,torque,0.0,0,52,134430720,968.254150390625,967.2978719075521
dxr20obj,torque,0.0,0,52,139345920,968.8901977539062,968.0069213867188
dxr20obj,torque,0.0,0,52,144015360,969.176025390625,968.2017720540365
dxr20obj,torque,0.0,0,52,148930560,968.499755859375,968.5999633789063
dxr20obj,torque,0.0,0,52,153600000,968.6441650390624,968.6073303222656
dxr20obj,torque,0.0,0,52,158515200,969.953125,969.0326538085938
dxr20obj,torque,0.0,0,52,163430400,969.9422607421876,969.24306640625
dxr20obj,torque,0.0,0,52,168099840,969.6014404296876,969.3281494140625
dxr20obj,torque,0.0,0,52,173015040,970.4541015625,969.7190185546875
dxr20obj,torque,0.0,0,52,177684480,970.0195922851562,969.9941040039063
dxr20obj,torque,0.0,0,52,182599680,970.8528442382812,970.1740478515625
dxr20obj,torque,0.0,0,52,187269120,971.1726684570312,970.3404846191406
dxr20obj,torque,0.0,0,52,192184320,971.50830078125,970.8015014648438
dxr20obj,torque,0.0,0,52,196853760,971.9981079101562,971.0009358723959
dxr20obj,torque,0.0,0,52,201768960,968.5905151367188,970.8244873046875
dxr20obj,torque,0.0,0,52,206438400,972.385986328125,971.0847371419271
dxr20obj,torque,0.0,0,52,211353600,972.1197509765624,971.3205322265625
dxr20obj,torque,0.0,0,52,216023040,971.781494140625,971.3973592122396
dxr20obj,torque,0.0,0,52,220938240,968.5625,970.6880493164062
dxr20obj,torque,0.0,0,52,225607680,971.9614868164062,970.9002888997396
dxr20obj,torque,0.0,0,52,230522880,972.4647216796876,971.3779907226562
dxr20obj,torque,0.0,0,52,235438080,971.467041015625,971.2474487304687
dxr20obj,torque,0.0,0,52,240107520,972.040283203125,971.2992065429687
dxr20obj,torque,0.0,0,52,245022720,971.55712890625,971.8981323242188
dxr20obj,torque,0.0,0,52,249692160,972.5667724609376,972.019189453125
dxr20obj,torque,0.0,0,52,254607360,972.8489379882812,972.0960327148438
dxr20obj,torque,0.0,0,52,259276800,969.4888916015624,971.6615091959635
dxr20obj,torque,0.0,0,52,264192000,973.0501708984376,971.9023803710937
dxr20obj,torque,0.0,0,52,268861440,969.6861572265624,971.5330098470052
dxr20obj,torque,0.0,0,52,273776640,973.1543579101562,971.645703125
dxr20obj,torque,0.0,0,52,278446080,969.75146484375,971.3299967447916
dxr20obj,torque,0.0,0,52,283361280,973.63720703125,971.8558715820312
dxr20obj,torque,0.0,0,52,288030720,973.5877075195312,972.1445109049479
dxr20obj,torque,0.0,0,52,292945920,973.48681640625,972.7235107421875
dxr20obj,torque,0.0,0,52,297615360,973.44140625,972.8431599934896
dxr20obj,torque,0.0,0,52,302530560,973.7019653320312,973.5710205078125
dxr20obj,torque,0.0,0,52,307200000,974.178955078125,973.6723429361979
dxr20obj,torque,0.0,0,52,312115200,973.47216796875,973.6562622070312
dxr20obj,torque,0.0,0,52,317030400,974.3873291015624,973.8363647460938
dxr20obj,torque,0.0,0,52,321699840,974.4895629882812,974.04599609375
dxr20obj,torque,0.0,0,52,326615040,974.8489990234376,974.2754028320312
dxr20obj,torque,0.0,0,52,331284480,974.552978515625,974.3502075195313
dxr20obj,torque,0.0,0,52,336199680,974.8580932617188,974.627392578125
dxr20obj,torque,0.0,0,52,340869120,975.2884521484376,974.7375691731771
dxr20obj,torque,0.0,0,52,345784320,975.4769287109376,975.0050903320313
dxr20obj,torque,0.0,0,52,350453760,975.5558471679688,975.0968831380209
dxr20obj,torque,0.0,0,52,355368960,975.1134033203124,975.258544921875
dxr20obj,torque,0.0,0,52,360038400,975.2169189453124,975.2516072591146
dxr20obj,torque,0.0,0,52,364953600,975.5928955078124,975.3911987304688
dxr20obj,torque,0.0,0,52,369623040,975.8854370117188,975.4735717773438
dxr20obj,torque,0.0,0,52,374538240,975.8531494140624,975.5323608398437
dxr20obj,torque,0.0,0,52,379207680,976.228515625,975.6483866373698
dxr20obj,torque,0.0,0,52,384122880,976.0869140625,975.9293823242188
dxr20obj,torque,0.0,0,52,389038080,976.0828857421876,976.0273803710937
dxr20obj,torque,0.0,0,52,393707520,975.7760620117188,976.0055053710937
dxr20obj,torque,0.0,0,52,398622720,976.0682373046876,976.0485229492188
dxr20obj,torque,0.0,0,52,403292160,976.029052734375,976.0086303710938
dxr20obj,torque,0.0,0,52,408207360,975.90966796875,975.9731811523437
dxr20obj,torque,0.0,0,52,412876800,976.2386474609376,976.0174255371094
dxr20obj,torque,0.0,0,52,417792000,975.89599609375,976.0283203125
dxr20obj,torque,0.0,0,52,422461440,976.1490478515624,976.0484415690104
dxr20obj,torque,0.0,0,52,427376640,972.66943359375,975.37255859375
dxr20obj,torque,0.0,0,52,432046080,976.5343627929688,975.5661926269531
dxr20obj,torque,0.0,0,52,436961280,976.1587524414062,975.4815185546875
dxr20obj,torque,0.0,0,52,441630720,976.1731567382812,975.5967915852865
dxr20obj,torque,0.0,0,52,446545920,976.5543823242188,975.618017578125
dxr20obj,torque,0.0,0,52,451215360,976.2371826171876,975.7212117513021
dxr20obj,torque,0.0,0,52,456130560,976.2279663085938,976.2702880859375
dxr20obj,torque,0.0,0,52,460800000,976.9796752929688,976.3885192871094
dxr20obj,torque,0.0,0,52,465715200,976.58154296875,976.5161499023437
dxr20obj,torque,0.0,0,52,470630400,976.5416259765624,976.5135986328125
dxr20obj,torque,0.0,0,52,475299840,976.7520751953124,976.6165771484375
dxr20obj,torque,0.0,0,52,480215040,975.970947265625,976.5651733398438
qlczhfeq,servo,0.5,0,50,4915200,39.04743957519531,
qlczhfeq,servo,0.5,0,50,9830400,53.64672470092773,
qlczhfeq,servo,0.5,0,50,14499840,56.96936798095703,
qlczhfeq,servo,0.5,0,50,19415040,58.81920623779297,
qlczhfeq,servo,0.5,0,50,24084480,57.626731872558594,53.221894073486325
qlczhfeq,servo,0.5,0,50,28999680,59.162086486816406,57.24482345581055
qlczhfeq,servo,0.5,0,50,33669120,64.7977294921875,58.50364112854004
qlczhfeq,servo,0.5,0,50,38584320,64.54710388183594,60.99057159423828
qlczhfeq,servo,0.5,0,50,43253760,70.45934295654297,62.5687001546224
qlczhfeq,servo,0.5,0,50,48168960,69.1112060546875,65.61549377441406
qlczhfeq,servo,0.5,0,50,52838400,69.96075439453125,66.33970387776692
qlczhfeq,servo,0.5,0,50,57753600,70.66940307617188,68.9495620727539
qlczhfeq,servo,0.5,0,50,62423040,73.3387680053711,69.68109639485677
qlczhfeq,servo,0.5,0,50,67338240,70.31100463867188,70.67822723388672
qlczhfeq,servo,0.5,0,50,72007680,73.51271057128906,71.15064112345378
qlczhfeq,servo,0.5,0,50,76922880,78.41122436523438,73.24862213134766
qlczhfeq,servo,0.5,0,50,81838080,83.16217041015625,75.74717559814454
qlczhfeq,servo,0.5,0,50,86507520,81.39976501464844,77.359375
qlczhfeq,servo,0.5,0,50,91422720,83.94100189208984,80.08537445068359
qlczhfeq,servo,0.5,0,50,96092160,89.93790435791016,83.37041320800782
qlczhfeq,servo,0.5,0,50,101007360,91.17982482910156,85.92413330078125
qlczhfeq,servo,0.5,0,50,105676800,91.67217254638672,86.8821398417155
qlczhfeq,servo,0.5,0,50,110592000,93.29151153564452,90.00448303222656
qlczhfeq,servo,0.5,0,50,115261440,93.28439331054688,90.55113474527995
qlczhfeq,servo,0.5,0,50,120176640,93.37239837646484,92.5600601196289
qlczhfeq,servo,0.5,0,50,124846080,97.61882019042967,93.4031867980957
qlczhfeq,servo,0.5,0,50,129761280,96.99264526367188,94.91195373535156
qlczhfeq,servo,0.5,0,50,134430720,99.10135650634766,95.61018753051758
qlczhfeq,servo,0.5,0,50,139345920,100.00887298583984,97.41881866455078
qlczhfeq,servo,0.5,0,50,144015360,100.9285659790039,98.00377655029297
qlczhfeq,servo,0.5,0,50,148930560,101.718505859375,99.74998931884765
qlczhfeq,servo,0.5,0,50,153600000,105.50865173339844,100.70976638793945
qlczhfeq,servo,0.5,0,50,158515200,106.152587890625,102.86343688964844
qlczhfeq,servo,0.5,0,50,163430400,104.8708953857422,103.83584136962891
qlczhfeq,servo,0.5,0,50,168099840,104.7744369506836,104.60501556396484
qlczhfeq,servo,0.5,0,50,173015040,109.37094116210938,106.13550262451172
qlczhfeq,servo,0.5,0,50,177684480,106.74002075195312,106.38177642822265
qlczhfeq,servo,0.5,0,50,182599680,108.60179138183594,106.87161712646484
qlczhfeq,servo,0.5,0,50,187269120,110.5556182861328,107.48561731974284
qlczhfeq,servo,0.5,0,50,192184320,110.11837768554688,109.07734985351563
qlczhfeq,servo,0.5,0,50,196853760,109.80747985839844,109.19903818766277
qlczhfeq,servo,0.5,0,50,201768960,111.9218292236328,110.20101928710938
qlczhfeq,servo,0.5,0,50,206438400,112.81919860839844,110.63738250732422
qlczhfeq,servo,0.5,0,50,211353600,114.07281494140624,111.74794006347656
qlczhfeq,servo,0.5,0,50,216023040,114.33572387695312,112.17923736572266
qlczhfeq,servo,0.5,0,50,220938240,115.81161499023438,113.792236328125
qlczhfeq,servo,0.5,0,50,225607680,114.9861831665039,113.99122746785481
qlczhfeq,servo,0.5,0,50,230522880,116.50445556640624,115.14215850830078
qlczhfeq,servo,0.5,0,50,235438080,120.25032806396484,116.3776611328125
qlczhfeq,servo,0.5,0,50,240107520,120.70569610595705,117.65165557861329
qlczhfeq,servo,0.5,0,50,245022720,120.47276306152344,118.5838851928711
qlczhfeq,servo,0.5,0,50,249692160,117.30598449707033,119.04784545898437
qlczhfeq,servo,0.5,0,50,254607360,121.52503967285156,120.05196228027344
qlczhfeq,servo,0.5,0,50,259276800,120.39025115966795,120.10834376017253
qlczhfeq,servo,0.5,0,50,264192000,123.17979431152344,120.57476654052735
qlczhfeq,servo,0.5,0,50,268861440,125.72346496582033,121.43288294474284
qlczhfeq,servo,0.5,0,50,273776640,123.31388092041016,122.82648620605468
qlczhfeq,servo,0.5,0,50,278446080,123.4710693359375,122.93391672770183
qlczhfeq,servo,0.5,0,50,283361280,124.74504089355467,124.08665008544922
qlczhfeq,servo,0.5,0,50,288030720,124.5483856201172,124.16360600789388
qlczhfeq,servo,0.5,0,50,292945920,127.34039306640624,124.68375396728516
qlczhfeq,servo,0.5,0,50,297615360,127.38679504394533,125.13426081339519
qlczhfeq,servo,0.5,0,50,302530560,131.0608367919922,127.01629028320312
qlczhfeq,servo,0.5,0,50,307200000,128.6446990966797,127.28769175211589
qlczhfeq,servo,0.5,0,50,312115200,129.593994140625,128.8053436279297
qlczhfeq,servo,0.5,0,50,317030400,129.108154296875,129.15889587402344
qlczhfeq,servo,0.5,0,50,321699840,128.15866088867188,129.31326904296876
qlczhfeq,servo,0.5,0,50,326615040,130.77334594726562,129.25577087402343
qlczhfeq,servo,0.5,0,50,331284480,134.96746826171875,130.52032470703125
qlczhfeq,servo,0.5,0,50,336199680,133.878662109375,131.37725830078125
qlczhfeq,servo,0.5,0,50,340869120,136.1385040283203,132.1707992553711
qlczhfeq,servo,0.5,0,50,345784320,139.7283935546875,135.09727478027344
qlczhfeq,servo,0.5,0,50,350453760,138.7623291015625,135.70811716715494
qlczhfeq,servo,0.5,0,50,355368960,136.61233520507812,137.0240447998047
qlczhfeq,servo,0.5,0,50,360038400,138.03314208984375,137.19222768147787
qlczhfeq,servo,0.5,0,50,364953600,142.19857788085938,139.06695556640625
qlczhfeq,servo,0.5,0,50,369623040,141.57107543945312,139.48430887858072
qlczhfeq,servo,0.5,0,50,374538240,144.133056640625,140.50963745117187
qlczhfeq,servo,0.5,0,50,379207680,140.3815460205078,140.48828887939453
qlczhfeq,servo,0.5,0,50,384122880,142.63955688476562,142.18476257324218
qlczhfeq,servo,0.5,0,50,389038080,142.91949462890625,142.32894592285157
qlczhfeq,servo,0.5,0,50,393707520,143.18850708007812,142.65243225097657
qlczhfeq,servo,0.5,0,50,398622720,145.50454711914062,142.92673034667968
qlczhfeq,servo,0.5,0,50,403292160,146.28268432617188,144.1069580078125
qlczhfeq,servo,0.5,0,50,408207360,145.37100219726562,144.6532470703125
qlczhfeq,servo,0.5,0,50,412876800,145.39620971679688,144.7770741780599
qlczhfeq,servo,0.5,0,50,417792000,145.00747680664062,145.51238403320312
qlczhfeq,servo,0.5,0,50,422461440,147.3931884765625,145.8258514404297
qlczhfeq,servo,0.5,0,50,427376640,142.84329223632812,145.20223388671874
qlczhfeq,servo,0.5,0,50,432046080,143.593017578125,144.93403116861978
qlczhfeq,servo,0.5,0,50,436961280,143.64138793945312,144.49567260742188
qlczhfeq,servo,0.5,0,50,441630720,145.3367462158203,144.63585154215494
qlczhfeq,servo,0.5,0,50,446545920,144.5066680908203,143.98422241210938
qlczhfeq,servo,0.5,0,50,451215360,145.71002197265625,144.27185567220053
qlczhfeq,servo,0.5,0,50,456130560,144.31036376953125,144.70103759765624
qlczhfeq,servo,0.5,0,50,460800000,144.98605346679688,144.74854024251303
qlczhfeq,servo,0.5,0,50,465715200,147.4138946533203,145.385400390625
qlczhfeq,servo,0.5,0,50,470630400,145.65341186523438,145.6147491455078
qlczhfeq,servo,0.5,0,50,475299840,147.18475341796875,145.90969543457032
qlczhfeq,servo,0.5,0,50,480215040,147.0772705078125,146.46307678222655
zejtrauz,servo,1.0,0,50,4915200,62.447532653808594,
zejtrauz,servo,1.0,0,50,9830400,76.511474609375,
zejtrauz,servo,1.0,0,50,14499840,93.62564086914062,
zejtrauz,servo,1.0,0,50,19415040,117.04344177246094,
zejtrauz,servo,1.0,0,50,24084480,118.262451171875,93.57810821533204
zejtrauz,servo,1.0,0,50,28999680,136.3481903076172,108.35823974609374
zejtrauz,servo,1.0,0,50,33669120,145.09059143066406,114.4802983601888
zejtrauz,servo,1.0,0,50,38584320,154.24964904785156,134.19886474609376
zejtrauz,servo,1.0,0,50,43253760,156.57669067382812,137.92850240071616
zejtrauz,servo,1.0,0,50,48168960,169.7987518310547,152.41277465820312
zejtrauz,servo,1.0,0,50,52838400,176.52056884765625,156.4307403564453
zejtrauz,servo,1.0,0,50,57753600,196.48455810546875,170.72604370117188
zejtrauz,servo,1.0,0,50,62423040,196.8553771972656,175.0809326171875
zejtrauz,servo,1.0,0,50,67338240,208.92599487304688,189.71705017089843
zejtrauz,servo,1.0,0,50,72007680,222.080322265625,195.11092885335287
zejtrauz,servo,1.0,0,50,76922880,236.66473388671875,212.202197265625
zejtrauz,servo,1.0,0,50,81838080,235.01914978027344,219.90911560058595
zejtrauz,servo,1.0,0,50,86507520,246.79612731933597,229.897265625
zejtrauz,servo,1.0,0,50,91422720,254.560791015625,239.02422485351562
zejtrauz,servo,1.0,0,50,96092160,260.5558166503906,246.71932373046874
zejtrauz,servo,1.0,0,50,101007360,265.6210632324219,252.51058959960938
zejtrauz,servo,1.0,0,50,105676800,277.4093017578125,256.6603749593099
zejtrauz,servo,1.0,0,50,110592000,280.4543762207031,267.72026977539065
zejtrauz,servo,1.0,0,50,115261440,279.0280456542969,269.6048990885417
zejtrauz,servo,1.0,0,50,120176640,300.42242431640625,280.5870422363281
zejtrauz,servo,1.0,0,50,124846080,315.48779296875,286.4038340250651
zejtrauz,servo,1.0,0,50,129761280,321.9748229980469,299.47349243164064
zejtrauz,servo,1.0,0,50,134430720,347.8670349121094,307.53908284505206
zejtrauz,servo,1.0,0,50,139345920,372.31439208984375,331.61329345703126
zejtrauz,servo,1.0,0,50,144015360,401.04986572265625,343.18605550130206
zejtrauz,servo,1.0,0,50,148930560,467.5910034179688,382.159423828125
zejtrauz,servo,1.0,0,50,153600000,527.9822387695312,406.4632263183594
zejtrauz,servo,1.0,0,50,158515200,560.4288330078125,465.8732666015625
zejtrauz,servo,1.0,0,50,163430400,586.1016845703125,508.63072509765624
zejtrauz,servo,1.0,0,50,168099840,597.77880859375,547.976513671875
zejtrauz,servo,1.0,0,50,173015040,613.8905639648438,577.23642578125
zejtrauz,servo,1.0,0,50,177684480,631.084716796875,597.8569213867188
zejtrauz,servo,1.0,0,50,182599680,632.2166137695312,612.2144775390625
zejtrauz,servo,1.0,0,50,187269120,638.0244140625,616.5161336263021
zejtrauz,servo,1.0,0,50,192184320,638.08349609375,630.6599609375
zejtrauz,servo,1.0,0,50,196853760,643.965087890625,632.8774820963541
zejtrauz,servo,1.0,0,50,201768960,642.2935791015625,638.9166381835937
zejtrauz,servo,1.0,0,50,206438400,642.2747802734375,639.476328531901
zejtrauz,servo,1.0,0,50,211353600,646.03955078125,642.531298828125
zejtrauz,servo,1.0,0,50,216023040,653.020751953125,644.279541015625
zejtrauz,servo,1.0,0,50,220938240,668.1707763671875,650.3598876953125
zejtrauz,servo,1.0,0,50,225607680,668.937255859375,653.4561157226562
zejtrauz,servo,1.0,0,50,230522880,667.5643310546875,660.746533203125
zejtrauz,servo,1.0,0,50,235438080,669.8114013671875,665.5009033203125
zejtrauz,servo,1.0,0,50,240107520,673.13330078125,669.5234130859375
zejtrauz,servo,1.0,0,50,245022720,675.976318359375,671.084521484375
zejtrauz,servo,1.0,0,50,249692160,676.0258178710938,672.5022338867187
zejtrauz,servo,1.0,0,50,254607360,672.7103271484375,673.5314331054688
zejtrauz,servo,1.0,0,50,259276800,687.66064453125,675.8863016764323
zejtrauz,servo,1.0,0,50,264192000,693.2443237304688,681.123486328125
zejtrauz,servo,1.0,0,50,268861440,686.9751586914062,682.0987650553385
zejtrauz,servo,1.0,0,50,273776640,697.604736328125,687.6390380859375
zejtrauz,servo,1.0,0,50,278446080,699.3656005859375,689.5934651692709
zejtrauz,servo,1.0,0,50,283361280,728.1099853515625,701.0599609375
zejtrauz,servo,1.0,0,50,288030720,725.599853515625,705.1499430338541
zejtrauz,servo,1.0,0,50,292945920,736.129150390625,717.361865234375
zejtrauz,servo,1.0,0,50,297615360,739.4505004882812,721.0433044433594
zejtrauz,servo,1.0,0,50,302530560,741.22509765625,734.1029174804687
zejtrauz,servo,1.0,0,50,307200000,743.5767211914062,735.681884765625
zejtrauz,servo,1.0,0,50,312115200,743.423583984375,740.7610107421875
zejtrauz,servo,1.0,0,50,317030400,751.8062744140625,743.896435546875
zejtrauz,servo,1.0,0,50,321699840,751.9951171875,746.4053588867188
zejtrauz,servo,1.0,0,50,326615040,762.35205078125,750.6307495117187
zejtrauz,servo,1.0,0,50,331284480,764.0661010742188,754.7286254882813
zejtrauz,servo,1.0,0,50,336199680,763.6804809570312,758.7800048828125
zejtrauz,servo,1.0,0,50,340869120,780.986328125,762.4810587565104
zejtrauz,servo,1.0,0,50,345784320,774.2286376953125,769.0627197265625
zejtrauz,servo,1.0,0,50,350453760,774.3072509765625,769.9368082682291
zejtrauz,servo,1.0,0,50,355368960,782.049072265625,775.0503540039062
zejtrauz,servo,1.0,0,50,360038400,789.789306640625,777.506846110026
zejtrauz,servo,1.0,0,50,364953600,798.50634765625,783.776123046875
zejtrauz,servo,1.0,0,50,369623040,793.1336669921875,785.3357137044271
zejtrauz,servo,1.0,0,50,374538240,794.5277709960938,791.6012329101562
zejtrauz,servo,1.0,0,50,379207680,798.4639282226562,792.7450154622396
zejtrauz,servo,1.0,0,50,384122880,800.4443359375,797.0152099609375
zejtrauz,servo,1.0,0,50,389038080,799.1246337890625,797.1388671875
zejtrauz,servo,1.0,0,50,393707520,800.3331298828125,798.578759765625
zejtrauz,servo,1.0,0,50,398622720,800.395751953125,799.7523559570312
zejtrauz,servo,1.0,0,50,403292160,805.2647705078125,801.1125244140625
zejtrauz,servo,1.0,0,50,408207360,812.5128173828125,803.526220703125
zejtrauz,servo,1.0,0,50,412876800,815.0476684570312,805.4464619954427
zejtrauz,servo,1.0,0,50,417792000,816.2556762695312,809.8953369140625
zejtrauz,servo,1.0,0,50,422461440,819.973876953125,811.5750935872396
zejtrauz,servo,1.0,0,50,427376640,821.910888671875,817.140185546875
zejtrauz,servo,1.0,0,50,432046080,818.31689453125,817.3363037109375
zejtrauz,servo,1.0,0,50,436961280,818.0931396484375,818.9100952148438
zejtrauz,servo,1.0,0,50,441630720,824.059814453125,819.7683817545573
zejtrauz,servo,1.0,0,50,446545920,814.6747436523438,819.4110961914063
zejtrauz,servo,1.0,0,50,451215360,821.7129516601562,819.7947387695312
zejtrauz,servo,1.0,0,50,456130560,815.5177612304688,818.8116821289062
zejtrauz,servo,1.0,0,50,460800000,820.0020141601562,819.0100708007812
zejtrauz,servo,1.0,0,50,465715200,808.3050537109375,816.0425048828125
zejtrauz,servo,1.0,0,50,470630400,826.6976928710938,818.4470947265625
zejtrauz,servo,1.0,0,50,475299840,819.1461181640625,817.9337280273437
zejtrauz,servo,1.0,0,50,480215040,822.42919921875,819.316015625
seonhqod,servo,1.0,0,52,4915200,62.63052368164063,
seonhqod,servo,1.0,0,52,9830400,100.91259002685548,
seonhqod,servo,1.0,0,52,14499840,112.62385559082033,
seonhqod,servo,1.0,0,52,19415040,116.71825408935548,
seonhqod,servo,1.0,0,52,24084480,132.78839111328125,105.13472290039063
seonhqod,servo,1.0,0,52,28999680,146.24136352539062,121.85689086914063
seonhqod,servo,1.0,0,52,33669120,154.38302612304688,127.27791341145833
seonhqod,servo,1.0,0,52,38584320,163.58746337890625,142.7436996459961
seonhqod,servo,1.0,0,52,43253760,174.4767303466797,148.03253809611002
seonhqod,servo,1.0,0,52,48168960,183.3779296875,164.41330261230468
seonhqod,servo,1.0,0,52,52838400,190.66156005859372,168.7880121866862
seonhqod,servo,1.0,0,52,57753600,197.14390563964844,181.84951782226562
seonhqod,servo,1.0,0,52,62423040,202.2985992431641,185.25769805908203
seonhqod,servo,1.0,0,52,67338240,208.6915435791016,196.43470764160156
seonhqod,servo,1.0,0,52,72007680,215.9661865234375,199.68995412190756
seonhqod,servo,1.0,0,52,76922880,226.0703887939453,210.03412475585938
seonhqod,servo,1.0,0,52,81838080,231.43121337890625,216.89158630371094
seonhqod,servo,1.0,0,52,86507520,242.9587554931641,225.02361755371095
seonhqod,servo,1.0,0,52,91422720,252.0372467041016,233.69275817871093
seonhqod,servo,1.0,0,52,96092160,257.4088134765625,241.98128356933594
seonhqod,servo,1.0,0,52,101007360,266.489013671875,250.06500854492188
seonhqod,servo,1.0,0,52,105676800,268.6863098144531,253.1685587565104
seonhqod,servo,1.0,0,52,110592000,281.13946533203125,265.1521697998047
seonhqod,servo,1.0,0,52,115261440,288.1329040527344,268.98229217529297
seonhqod,servo,1.0,0,52,120176640,290.454833984375,278.9805053710937
seonhqod,servo,1.0,0,52,124846080,299.4299621582031,282.3887481689453
seonhqod,servo,1.0,0,52,129761280,296.5978088378906,291.1509948730469
seonhqod,servo,1.0,0,52,134430720,296.88018798828125,292.1058603922526
seonhqod,servo,1.0,0,52,139345920,294.7514038085937,295.6228393554687
seonhqod,servo,1.0,0,52,144015360,297.275390625,295.8982645670573
seonhqod,servo,1.0,0,52,148930560,301.379638671875,297.37688598632815
seonhqod,servo,1.0,0,52,153600000,316.2398681640625,300.5207163492839
seonhqod,servo,1.0,0,52,158515200,313.74615478515625,304.6784912109375
seonhqod,servo,1.0,0,52,163430400,312.54022216796875,308.2362548828125
seonhqod,servo,1.0,0,52,168099840,316.6109924316406,312.10337524414064
seonhqod,servo,1.0,0,52,173015040,320.82666015625,315.99277954101564
seonhqod,servo,1.0,0,52,177684480,319.2235717773437,316.5895202636719
seonhqod,servo,1.0,0,52,182599680,323.3371276855469,318.50771484375
seonhqod,servo,1.0,0,52,187269120,328.004638671875,320.0905354817708
seonhqod,servo,1.0,0,52,192184320,332.0347900390625,324.68535766601565
seonhqod,servo,1.0,0,52,196853760,330.4342956542969,325.6435139973958
seonhqod,servo,1.0,0,52,201768960,332.721923828125,329.3065551757812
seonhqod,servo,1.0,0,52,206438400,331.9076538085937,329.7400716145833
seonhqod,servo,1.0,0,52,211353600,335.4285583496094,332.5054443359375
seonhqod,servo,1.0,0,52,216023040,333.08209228515625,332.60155232747394
seonhqod,servo,1.0,0,52,220938240,338.5868530273437,334.3454162597656
seonhqod,servo,1.0,0,52,225607680,342.8760986328125,335.76719665527344
seonhqod,servo,1.0,0,52,230522880,341.1588134765625,338.2264831542969
seonhqod,servo,1.0,0,52,235438080,349.75311279296875,341.0913940429688
seonhqod,servo,1.0,0,52,240107520,349.5805358886719,344.3910827636719
seonhqod,servo,1.0,0,52,245022720,355.0155334472656,347.67681884765625
seonhqod,servo,1.0,0,52,249692160,368.1246032714844,352.7265197753906
seonhqod,servo,1.0,0,52,254607360,374.8649291992188,359.4677429199219
seonhqod,servo,1.0,0,52,259276800,375.091552734375,362.07171122233075
seonhqod,servo,1.0,0,52,264192000,380.6458129882813,370.748486328125
seonhqod,servo,1.0,0,52,268861440,383.3555908203125,372.84967041015625
seonhqod,servo,1.0,0,52,273776640,380.8718872070313,378.96595458984376
seonhqod,servo,1.0,0,52,278446080,386.6543884277344,380.2473602294922
seonhqod,servo,1.0,0,52,283361280,387.6334838867188,383.8322326660156
seonhqod,servo,1.0,0,52,288030720,388.7156372070313,384.64613342285156
seonhqod,servo,1.0,0,52,292945920,390.2661743164063,386.82831420898435
seonhqod,servo,1.0,0,52,297615360,390.29241943359375,387.4056650797526
seonhqod,servo,1.0,0,52,302530560,393.2785034179688,390.03724365234376
seonhqod,servo,1.0,0,52,307200000,395.5427551269531,390.954828898112
seonhqod,servo,1.0,0,52,312115200,396.7369384765625,393.2233581542969
seonhqod,servo,1.0,0,52,317030400,397.11083984375,394.5922912597656
seonhqod,servo,1.0,0,52,321699840,401.571533203125,396.8481140136719
seonhqod,servo,1.0,0,52,326615040,402.88775634765625,398.76996459960935
seonhqod,servo,1.0,0,52,331284480,402.5055847167969,400.16253051757815
seonhqod,servo,1.0,0,52,336199680,407.7459411621094,402.3643310546875
seonhqod,servo,1.0,0,52,340869120,411.3248901367188,403.8577575683594
seonhqod,servo,1.0,0,52,345784320,413.9275512695313,407.6783447265625
seonhqod,servo,1.0,0,52,350453760,419.0699157714844,409.5769399007161
seonhqod,servo,1.0,0,52,355368960,423.0845336914063,415.03056640625
seonhqod,servo,1.0,0,52,360038400,430.246826171875,417.5666097005208
seonhqod,servo,1.0,0,52,364953600,434.9996337890625,424.26569213867185
seonhqod,servo,1.0,0,52,369623040,444.8117370605469,427.6900329589844
seonhqod,servo,1.0,0,52,374538240,437.1899719238281,434.06654052734376
seonhqod,servo,1.0,0,52,379207680,441.3302307128906,435.27715555826825
seonhqod,servo,1.0,0,52,384122880,447.2935791015625,441.1250305175781
seonhqod,servo,1.0,0,52,389038080,453.5584106445313,444.8367858886719
seonhqod,servo,1.0,0,52,393707520,455.4744262695313,446.9693237304688
seonhqod,servo,1.0,0,52,398622720,454.89892578125,450.5111145019531
seonhqod,servo,1.0,0,52,403292160,456.7974853515625,453.6045654296875
seonhqod,servo,1.0,0,52,408207360,458.14556884765625,455.77496337890625
seonhqod,servo,1.0,0,52,412876800,455.8670043945313,455.79030354817706
seonhqod,servo,1.0,0,52,417792000,455.8365478515625,456.3091064453125
seonhqod,servo,1.0,0,52,422461440,460.24658203125,456.96535237630206
seonhqod,servo,1.0,0,52,427376640,465.2723693847656,459.0736145019531
seonhqod,servo,1.0,0,52,432046080,471.6417846679688,461.1683095296224
seonhqod,servo,1.0,0,52,436961280,470.9451293945313,464.7884826660156
seonhqod,servo,1.0,0,52,441630720,478.9258728027344,467.14471435546875
seonhqod,servo,1.0,0,52,446545920,477.32073974609375,472.82117919921876
seonhqod,servo,1.0,0,52,451215360,465.3926086425781,471.5830841064453
seonhqod,servo,1.0,0,52,456130560,477.3807678222656,473.99302368164064
seonhqod,servo,1.0,0,52,460800000,475.0386962890625,474.16730244954425
seonhqod,servo,1.0,0,52,465715200,480.5032348632813,475.12720947265626
seonhqod,servo,1.0,0,52,470630400,476.9215087890625,475.04736328125
seonhqod,servo,1.0,0,52,475299840,481.4988403320313,478.26860961914065
seonhqod,servo,1.0,0,52,480215040,483.1669616699219,479.42584838867185
mk7d1dj1,servo,4.0,0,50,4915200,113.80716705322266,
mk7d1dj1,servo,4.0,0,50,9830400,156.4686737060547,
mk7d1dj1,servo,4.0,0,50,14499840,216.93353271484372,
mk7d1dj1,servo,4.0,0,50,19415040,267.87841796875,
mk7d1dj1,servo,4.0,0,50,24084480,565.94287109375,264.20613250732424
mk7d1dj1,servo,4.0,0,50,28999680,587.2296142578125,358.8906219482422
mk7d1dj1,servo,4.0,0,50,33669120,597.6905517578125,398.6906102498372
mk7d1dj1,servo,4.0,0,50,38584320,622.1309814453125,528.1744873046875
mk7d1dj1,servo,4.0,0,50,43253760,636.0189208984375,546.1485595703125
mk7d1dj1,servo,4.0,0,50,48168960,645.9304809570312,617.8001098632812
mk7d1dj1,servo,4.0,0,50,52838400,664.2371826171875,625.5396219889323
mk7d1dj1,servo,4.0,0,50,57753600,667.2509155273438,647.1136962890625
mk7d1dj1,servo,4.0,0,50,62423040,682.435791015625,653.0007120768229
mk7d1dj1,servo,4.0,0,50,67338240,685.5621337890625,669.08330078125
mk7d1dj1,servo,4.0,0,50,72007680,694.2386474609375,673.2758585611979
mk7d1dj1,servo,4.0,0,50,76922880,698.8033447265625,685.6581665039063
mk7d1dj1,servo,4.0,0,50,81838080,699.326904296875,692.0733642578125
mk7d1dj1,servo,4.0,0,50,86507520,702.66845703125,696.1198974609375
mk7d1dj1,servo,4.0,0,50,91422720,702.4246826171875,699.4924072265625
mk7d1dj1,servo,4.0,0,50,96092160,706.7781982421875,702.0003173828125
mk7d1dj1,servo,4.0,0,50,101007360,707.259521484375,703.691552734375
mk7d1dj1,servo,4.0,0,50,105676800,715.7750854492188,705.7054748535156
mk7d1dj1,servo,4.0,0,50,110592000,716.4786376953125,709.7432250976562
mk7d1dj1,servo,4.0,0,50,115261440,724.7635498046875,712.2466125488281
mk7d1dj1,servo,4.0,0,50,120176640,727.989013671875,718.4531616210937
mk7d1dj1,servo,4.0,0,50,124846080,720.9197998046875,718.864267985026
mk7d1dj1,servo,4.0,0,50,129761280,728.3941040039062,723.7090209960937
mk7d1dj1,servo,4.0,0,50,134430720,735.2252197265625,725.6283874511719
mk7d1dj1,servo,4.0,0,50,139345920,740.8955078125,730.6847290039062
mk7d1dj1,servo,4.0,0,50,144015360,749.6538696289062,733.8462524414062
mk7d1dj1,servo,4.0,0,50,148930560,762.2711791992188,743.2879760742187
mk7d1dj1,servo,4.0,0,50,153600000,768.263671875,747.4505920410156
mk7d1dj1,servo,4.0,0,50,158515200,784.5744018554688,761.1317260742187
mk7d1dj1,servo,4.0,0,50,163430400,781.519287109375,769.2564819335937
mk7d1dj1,servo,4.0,0,50,168099840,793.7838745117188,778.0824829101563
mk7d1dj1,servo,4.0,0,50,173015040,803.5170288085938,786.3316528320313
mk7d1dj1,servo,4.0,0,50,177684480,821.5209350585938,796.98310546875
mk7d1dj1,servo,4.0,0,50,182599680,825.76904296875,805.2220336914063
mk7d1dj1,servo,4.0,0,50,187269120,829.9100341796875,809.3367004394531
mk7d1dj1,servo,4.0,0,50,192184320,838.1854248046875,823.7804931640625
mk7d1dj1,servo,4.0,0,50,196853760,851.14453125,828.3411661783854
mk7d1dj1,servo,4.0,0,50,201768960,854.3885498046875,839.8795166015625
mk7d1dj1,servo,4.0,0,50,206438400,851.0446166992188,841.7403666178385
mk7d1dj1,servo,4.0,0,50,211353600,855.0656127929688,849.9657470703125
mk7d1dj1,servo,4.0,0,50,216023040,857.6953125,851.2540079752604
mk7d1dj1,servo,4.0,0,50,220938240,870.9743041992188,857.8336791992188
mk7d1dj1,servo,4.0,0,50,225607680,874.3571166992188,860.5875854492188
mk7d1dj1,servo,4.0,0,50,230522880,882.5184936523438,868.12216796875
mk7d1dj1,servo,4.0,0,50,235438080,892.6209716796875,875.6332397460938
mk7d1dj1,servo,4.0,0,50,240107520,892.7741088867188,882.6489990234375
mk7d1dj1,servo,4.0,0,50,245022720,895.037353515625,887.4616088867188
mk7d1dj1,servo,4.0,0,50,249692160,886.5917358398438,889.9085327148438
mk7d1dj1,servo,4.0,0,50,254607360,897.4949340820312,892.9038208007812
mk7d1dj1,servo,4.0,0,50,259276800,901.1427001953124,894.2769673665365
mk7d1dj1,servo,4.0,0,50,264192000,901.60791015625,896.3749267578125
mk7d1dj1,servo,4.0,0,50,268861440,904.8743896484376,897.79150390625
mk7d1dj1,servo,4.0,0,50,273776640,908.2442016601562,902.6728271484375
mk7d1dj1,servo,4.0,0,50,278446080,908.6337890625,903.6663208007812
mk7d1dj1,servo,4.0,0,50,283361280,914.7941284179688,907.6308837890625
mk7d1dj1,servo,4.0,0,50,288030720,914.3262939453124,908.7467854817709
mk7d1dj1,servo,4.0,0,50,292945920,915.1099853515624,912.2216796875
mk7d1dj1,servo,4.0,0,50,297615360,912.348388671875,912.2427978515625
mk7d1dj1,servo,4.0,0,50,302530560,920.4794921875,915.4116577148437
mk7d1dj1,servo,4.0,0,50,307200000,924.31689453125,916.8958638509115
mk7d1dj1,servo,4.0,0,50,312115200,919.74169921875,918.3992919921875
mk7d1dj1,servo,4.0,0,50,317030400,912.4486694335938,917.8670288085938
mk7d1dj1,servo,4.0,0,50,321699840,934.3841552734376,922.2741821289062
mk7d1dj1,servo,4.0,0,50,326615040,931.439697265625,924.4662231445312
mk7d1dj1,servo,4.0,0,50,331284480,942.5570678710938,928.1142578125
mk7d1dj1,servo,4.0,0,50,336199680,948.53662109375,933.8732421875
mk7d1dj1,servo,4.0,0,50,340869120,952.1671142578124,936.9222208658854
mk7d1dj1,servo,4.0,0,50,345784320,949.9232177734376,944.9247436523438
mk7d1dj1,servo,4.0,0,50,350453760,953.1408081054688,946.2940877278646
mk7d1dj1,servo,4.0,0,50,355368960,956.3505859375,952.0236694335938
mk7d1dj1,servo,4.0,0,50,360038400,953.484619140625,952.2671610514323
mk7d1dj1,servo,4.0,0,50,364953600,956.63720703125,953.9072875976562
mk7d1dj1,servo,4.0,0,50,369623040,956.880126953125,954.4027608235677
mk7d1dj1,servo,4.0,0,50,374538240,957.379638671875,956.146435546875
mk7d1dj1,servo,4.0,0,50,379207680,944.5079956054688,954.2066955566406
mk7d1dj1,servo,4.0,0,50,384122880,951.6519775390624,953.4113891601562
mk7d1dj1,servo,4.0,0,50,389038080,950.8588256835938,952.255712890625
mk7d1dj1,servo,4.0,0,50,393707520,954.6961669921876,951.8189208984375
mk7d1dj1,servo,4.0,0,50,398622720,955.6585693359376,951.47470703125
mk7d1dj1,servo,4.0,0,50,403292160,956.1927490234376,953.8116577148437
mk7d1dj1,servo,4.0,0,50,408207360,957.1192016601562,954.9051025390625
mk7d1dj1,servo,4.0,0,50,412876800,957.643798828125,955.3615519205729
mk7d1dj1,servo,4.0,0,50,417792000,958.1546630859376,956.9537963867188
mk7d1dj1,servo,4.0,0,50,422461440,953.7100830078124,956.4131774902344
mk7d1dj1,servo,4.0,0,50,427376640,957.9022216796876,956.9059936523438
mk7d1dj1,servo,4.0,0,50,432046080,957.059814453125,956.931630452474
mk7d1dj1,servo,4.0,0,50,436961280,958.410400390625,957.0474365234375
mk7d1dj1,servo,4.0,0,50,441630720,958.6143798828124,957.30859375
mk7d1dj1,servo,4.0,0,50,446545920,954.5535278320312,957.3080688476563
mk7d1dj1,servo,4.0,0,50,451215360,955.0330810546876,956.9289042154948
mk7d1dj1,servo,4.0,0,50,456130560,958.6166381835938,957.04560546875
mk7d1dj1,servo,4.0,0,50,460800000,959.0068359375,957.3724772135416
mk7d1dj1,servo,4.0,0,50,465715200,956.06884765625,956.6557861328125
mk7d1dj1,servo,4.0,0,50,470630400,959.9739990234376,957.7398803710937
mk7d1dj1,servo,4.0,0,50,475299840,959.6900024414062,958.6712646484375
mk7d1dj1,servo,4.0,0,50,480215040,960.322509765625,959.0124389648438
8fstkvcp,servo,8.0,0,50,4915200,130.87997436523438,
8fstkvcp,servo,8.0,0,50,9830400,183.0895538330078,
8fstkvcp,servo,8.0,0,50,14499840,249.99986267089844,
8fstkvcp,servo,8.0,0,50,19415040,337.7050476074219,
8fstkvcp,servo,8.0,0,50,24084480,356.1646728515625,251.567822265625
8fstkvcp,servo,8.0,0,50,28999680,377.3270263671875,300.85723266601565
8fstkvcp,servo,8.0,0,50,33669120,432.22552490234375,322.751948038737
8fstkvcp,servo,8.0,0,50,38584320,511.8092651367188,403.0463073730469
8fstkvcp,servo,8.0,0,50,43253760,553.209228515625,428.0734608968099
8fstkvcp,servo,8.0,0,50,48168960,586.76171875,492.266552734375
8fstkvcp,servo,8.0,0,50,52838400,629.7454223632812,515.179697672526
8fstkvcp,servo,8.0,0,50,57753600,646.254638671875,585.5560546875
8fstkvcp,servo,8.0,0,50,62423040,668.67724609375,599.4095865885416
8fstkvcp,servo,8.0,0,50,67338240,681.8527221679688,642.658349609375
8fstkvcp,servo,8.0,0,50,72007680,693.0980224609375,651.0649617513021
8fstkvcp,servo,8.0,0,50,76922880,699.5162353515625,677.8797729492187
8fstkvcp,servo,8.0,0,50,81838080,719.6302490234375,692.5548950195313
8fstkvcp,servo,8.0,0,50,86507520,788.6878662109375,716.5570190429687
8fstkvcp,servo,8.0,0,50,91422720,783.2199096679688,736.8304565429687
8fstkvcp,servo,8.0,0,50,96092160,799.4869995117188,758.108251953125
8fstkvcp,servo,8.0,0,50,101007360,803.7060546875,778.9462158203125
8fstkvcp,servo,8.0,0,50,105676800,812.1012573242188,784.4720560709635
8fstkvcp,servo,8.0,0,50,110592000,821.193359375,803.9415161132813
8fstkvcp,servo,8.0,0,50,115261440,819.5690307617188,806.5461018880209
8fstkvcp,servo,8.0,0,50,120176640,821.8541870117188,815.6847778320313
8fstkvcp,servo,8.0,0,50,124846080,828.8277587890625,817.8752746582031
8fstkvcp,servo,8.0,0,50,129761280,857.288818359375,829.746630859375
8fstkvcp,servo,8.0,0,50,134430720,850.175048828125,833.1513671875
8fstkvcp,servo,8.0,0,50,139345920,877.8236083984375,847.1938842773437
8fstkvcp,servo,8.0,0,50,144015360,880.7996826171875,852.7948506673177
8fstkvcp,servo,8.0,0,50,148930560,868.652099609375,866.9478515625
8fstkvcp,servo,8.0,0,50,153600000,886.9804077148438,870.286610921224
8fstkvcp,servo,8.0,0,50,158515200,886.62255859375,880.1756713867187
8fstkvcp,servo,8.0,0,50,163430400,886.7742309570312,881.9657958984375
8fstkvcp,servo,8.0,0,50,168099840,882.074951171875,882.220849609375
8fstkvcp,servo,8.0,0,50,173015040,899.9403076171875,888.4784912109375
8fstkvcp,servo,8.0,0,50,177684480,900.94287109375,891.2709838867188
8fstkvcp,servo,8.0,0,50,182599680,904.195556640625,894.7855834960938
8fstkvcp,servo,8.0,0,50,187269120,901.4446411132812,895.8954264322916
8fstkvcp,servo,8.0,0,50,192184320,899.1045532226562,901.1255859375
8fstkvcp,servo,8.0,0,50,196853760,906.0426025390624,901.9450887044271
8fstkvcp,servo,8.0,0,50,201768960,903.521728515625,902.86181640625
8fstkvcp,servo,8.0,0,50,206438400,914.8484497070312,904.8595886230469
8fstkvcp,servo,8.0,0,50,211353600,912.704345703125,907.2443359375
8fstkvcp,servo,8.0,0,50,216023040,919.7853393554688,909.3345031738281
8fstkvcp,servo,8.0,0,50,220938240,925.572998046875,915.286572265625
8fstkvcp,servo,8.0,0,50,225607680,935.453369140625,918.647705078125
8fstkvcp,servo,8.0,0,50,230522880,953.603271484375,929.4238647460937
8fstkvcp,servo,8.0,0,50,235438080,941.3883666992188,935.1606689453125
8fstkvcp,servo,8.0,0,50,240107520,925.2362060546876,936.2508422851563
8fstkvcp,servo,8.0,0,50,245022720,942.6643676757812,939.6691162109375
8fstkvcp,servo,8.0,0,50,249692160,940.2522583007812,940.6288940429688
8fstkvcp,servo,8.0,0,50,254607360,939.7725830078124,937.8627563476563
8fstkvcp,servo,8.0,0,50,259276800,940.1001586914062,938.2356567382812
8fstkvcp,servo,8.0,0,50,264192000,941.4271240234376,940.8432983398437
8fstkvcp,servo,8.0,0,50,268861440,955.1100463867188,943.2210896809896
8fstkvcp,servo,8.0,0,50,273776640,954.3766479492188,946.1573120117188
8fstkvcp,servo,8.0,0,50,278446080,951.5151977539062,947.05029296875
8fstkvcp,servo,8.0,0,50,283361280,955.12109375,951.5100219726562
8fstkvcp,servo,8.0,0,50,288030720,954.1287231445312,951.9464721679688
8fstkvcp,servo,8.0,0,50,292945920,958.341064453125,954.6965454101562
8fstkvcp,servo,8.0,0,50,297615360,957.5438232421876,955.1710917154948
8fstkvcp,servo,8.0,0,50,302530560,949.0637817382812,954.839697265625
8fstkvcp,servo,8.0,0,50,307200000,961.4998168945312,955.949717203776
8fstkvcp,servo,8.0,0,50,312115200,955.0557250976562,956.3008422851562
8fstkvcp,servo,8.0,0,50,317030400,954.9755859375,955.6277465820312
8fstkvcp,servo,8.0,0,50,321699840,951.8529052734376,954.4895629882812
8fstkvcp,servo,8.0,0,50,326615040,960.0328369140624,956.6833740234375
8fstkvcp,servo,8.0,0,50,331284480,941.479736328125,952.6793579101562
8fstkvcp,servo,8.0,0,50,336199680,950.2047119140624,951.7091552734375
8fstkvcp,servo,8.0,0,50,340869120,944.8291625976562,950.562489827474
8fstkvcp,servo,8.0,0,50,345784320,955.8993530273438,950.48916015625
8fstkvcp,servo,8.0,0,50,350453760,958.6726684570312,951.8530782063802
8fstkvcp,servo,8.0,0,50,355368960,955.2871704101562,952.97861328125
8fstkvcp,servo,8.0,0,50,360038400,952.7574462890624,952.9417521158854
8fstkvcp,servo,8.0,0,50,364953600,963.6588134765624,957.2550903320313
8fstkvcp,servo,8.0,0,50,369623040,960.4578857421876,957.7888895670573
8fstkvcp,servo,8.0,0,50,374538240,955.0372314453124,957.4397094726562
8fstkvcp,servo,8.0,0,50,379207680,958.18212890625,957.5634460449219
8fstkvcp,servo,8.0,0,50,384122880,961.7774658203124,959.822705078125
8fstkvcp,servo,8.0,0,50,389038080,962.1356201171876,959.51806640625
8fstkvcp,servo,8.0,0,50,393707520,968.4373779296876,961.11396484375
8fstkvcp,servo,8.0,0,50,398622720,950.3787231445312,960.1822631835937
8fstkvcp,servo,8.0,0,50,403292160,966.3961181640624,961.8250610351563
8fstkvcp,servo,8.0,0,50,408207360,957.4042358398438,960.9504150390625
8fstkvcp,servo,8.0,0,50,412876800,960.173095703125,960.8208618164062
8fstkvcp,servo,8.0,0,50,417792000,959.7855224609376,958.8275390625
8fstkvcp,servo,8.0,0,50,422461440,961.3650512695312,959.2504577636719
8fstkvcp,servo,8.0,0,50,427376640,970.238037109375,961.7931884765625
8fstkvcp,servo,8.0,0,50,432046080,971.0281372070312,963.3323465983073
8fstkvcp,servo,8.0,0,50,436961280,964.8858032226562,965.4605102539062
8fstkvcp,servo,8.0,0,50,441630720,965.11865234375,965.4035339355469
8fstkvcp,servo,8.0,0,50,446545920,965.161865234375,967.2864990234375
8fstkvcp,servo,8.0,0,50,451215360,966.1085205078124,967.0901692708334
8fstkvcp,servo,8.0,0,50,456130560,961.76025390625,964.6070190429688
8fstkvcp,servo,8.0,0,50,460800000,968.4176635742188,965.2421264648438
8fstkvcp,servo,8.0,0,50,465715200,967.7374267578124,965.8371459960938
8fstkvcp,servo,8.0,0,50,470630400,964.6998291015624,965.7447387695313
8fstkvcp,servo,8.0,0,50,475299840,964.4192504882812,965.406884765625
8fstkvcp,servo,8.0,0,50,480215040,958.4298095703124,964.7407958984375
hshlffvs,servo,16.0,0,50,4915200,171.96502685546875,
hshlffvs,servo,16.0,0,50,9830400,258.5309753417969,
hshlffvs,servo,16.0,0,50,14499840,339.496337890625,
hshlffvs,servo,16.0,0,50,19415040,557.5003662109375,
hshlffvs,servo,16.0,0,50,24084480,615.3895874023438,388.5764587402344
hshlffvs,servo,16.0,0,50,28999680,668.4066162109375,487.8647766113281
hshlffvs,servo,16.0,0,50,33669120,693.6087646484375,522.1554412841797
hshlffvs,servo,16.0,0,50,38584320,719.7098999023438,650.923046875
hshlffvs,servo,16.0,0,50,43253760,735.1030883789062,664.9530537923177
hshlffvs,servo,16.0,0,50,48168960,747.625,712.890673828125
hshlffvs,servo,16.0,0,50,52838400,751.741455078125,719.3658040364584
hshlffvs,servo,16.0,0,50,57753600,779.6127319335938,746.7584350585937
hshlffvs,servo,16.0,0,50,62423040,798.3833618164062,755.3625895182291
hshlffvs,servo,16.0,0,50,67338240,805.3580932617188,776.5441284179688
hshlffvs,servo,16.0,0,50,72007680,822.5640869140625,784.214121500651
hshlffvs,servo,16.0,0,50,76922880,819.9661254882812,805.1768798828125
hshlffvs,servo,16.0,0,50,81838080,829.3541870117188,815.1251708984375
hshlffvs,servo,16.0,0,50,86507520,847.090576171875,824.8666137695312
hshlffvs,servo,16.0,0,50,91422720,848.1624145507812,833.4274780273438
hshlffvs,servo,16.0,0,50,96092160,854.63916015625,839.8424926757813
hshlffvs,servo,16.0,0,50,101007360,858.2122802734375,847.4917236328125
hshlffvs,servo,16.0,0,50,105676800,876.4928588867188,852.3252461751302
hshlffvs,servo,16.0,0,50,110592000,897.1072998046875,866.922802734375
hshlffvs,servo,16.0,0,50,115261440,902.98388671875,872.9329833984375
hshlffvs,servo,16.0,0,50,120176640,913.0057373046876,889.5604125976563
hshlffvs,servo,16.0,0,50,124846080,927.3267822265624,895.8548075358073
hshlffvs,servo,16.0,0,50,129761280,924.479736328125,912.9806884765625
hshlffvs,servo,16.0,0,50,134430720,920.58251953125,914.2476603190104
hshlffvs,servo,16.0,0,50,139345920,922.0155639648438,921.4820678710937
hshlffvs,servo,16.0,0,50,144015360,937.3758544921876,924.1310323079427
hshlffvs,servo,16.0,0,50,148930560,938.3264770507812,928.5560302734375
hshlffvs,servo,16.0,0,50,153600000,956.9032592773438,933.2805684407552
hshlffvs,servo,16.0,0,50,158515200,960.0078125,942.9257934570312
hshlffvs,servo,16.0,0,50,163430400,960.6976928710938,950.6622192382813
hshlffvs,servo,16.0,0,50,168099840,961.0316162109376,955.3933715820312
hshlffvs,servo,16.0,0,50,173015040,964.2642822265624,960.5809326171875
hshlffvs,servo,16.0,0,50,177684480,961.728271484375,961.5459350585937
hshlffvs,servo,16.0,0,50,182599680,961.1824951171876,961.7808715820313
hshlffvs,servo,16.0,0,50,187269120,959.8502197265624,961.4590962727865
hshlffvs,servo,16.0,0,50,192184320,967.58935546875,962.9229248046875
hshlffvs,servo,16.0,0,50,196853760,961.5755004882812,962.6983540852865
hshlffvs,servo,16.0,0,50,201768960,961.84375,962.4082641601562
hshlffvs,servo,16.0,0,50,206438400,961.81298828125,962.3090515136719
hshlffvs,servo,16.0,0,50,211353600,965.492919921875,963.6629028320312
hshlffvs,servo,16.0,0,50,216023040,965.9796752929688,964.0490315755209
hshlffvs,servo,16.0,0,50,220938240,968.6600341796876,964.7578735351562
hshlffvs,servo,16.0,0,50,225607680,972.8099975585938,966.0998942057291
hshlffvs,servo,16.0,0,50,230522880,972.75537109375,969.139599609375
hshlffvs,servo,16.0,0,50,235438080,969.3104248046876,969.9031005859375
hshlffvs,servo,16.0,0,50,240107520,969.27783203125,970.5627319335938
hshlffvs,servo,16.0,0,50,245022720,973.0971069335938,971.450146484375
hshlffvs,servo,16.0,0,50,249692160,972.6332397460938,971.414794921875
hshlffvs,servo,16.0,0,50,254607360,969.56494140625,970.776708984375
hshlffvs,servo,16.0,0,50,259276800,973.8045654296876,971.2813517252604
hshlffvs,servo,16.0,0,50,264192000,973.427001953125,972.50537109375
hshlffvs,servo,16.0,0,50,268861440,973.901611328125,972.7380777994791
hshlffvs,servo,16.0,0,50,273776640,973.531494140625,972.8459228515625
hshlffvs,servo,16.0,0,50,278446080,970.6640625,972.4822794596354
hshlffvs,servo,16.0,0,50,283361280,970.2830810546876,972.3614501953125
hshlffvs,servo,16.0,0,50,288030720,974.0833129882812,972.648427327474
hshlffvs,servo,16.0,0,50,292945920,974.0966186523438,972.5317138671875
hshlffvs,servo,16.0,0,50,297615360,974.4102783203124,972.8448079427084
hshlffvs,servo,16.0,0,50,302530560,974.51708984375,973.478076171875
hshlffvs,servo,16.0,0,50,307200000,974.3074951171876,973.6163126627604
hshlffvs,servo,16.0,0,50,312115200,974.5335083007812,974.372998046875
hshlffvs,servo,16.0,0,50,317030400,974.873291015625,974.5283325195312
hshlffvs,servo,16.0,0,50,321699840,971.5545043945312,973.957177734375
hshlffvs,servo,16.0,0,50,326615040,975.06494140625,974.066748046875
hshlffvs,servo,16.0,0,50,331284480,975.044921875,974.2142333984375
hshlffvs,servo,16.0,0,50,336199680,975.0866088867188,974.324853515625
hshlffvs,servo,16.0,0,50,340869120,975.0753173828124,974.4499308268229
hshlffvs,servo,16.0,0,50,345784320,975.9673461914062,975.2478271484375
hshlffvs,servo,16.0,0,50,350453760,975.8817138671876,975.3534749348959
hshlffvs,servo,16.0,0,50,355368960,975.65673828125,975.533544921875
hshlffvs,servo,16.0,0,50,360038400,975.980224609375,975.6079915364584
hshlffvs,servo,16.0,0,50,364953600,975.9093017578124,975.8790649414062
hshlffvs,servo,16.0,0,50,369623040,975.4962158203124,975.8152567545573
hshlffvs,servo,16.0,0,50,374538240,974.8771362304688,975.5839233398438
hshlffvs,servo,16.0,0,50,379207680,972.259521484375,975.0298563639323
hshlffvs,servo,16.0,0,50,384122880,972.6954956054688,974.2475341796875
hshlffvs,servo,16.0,0,50,389038080,972.52734375,973.571142578125
hshlffvs,servo,16.0,0,50,393707520,974.1517333984376,973.30224609375
hshlffvs,servo,16.0,0,50,398622720,975.7050170898438,973.467822265625
hshlffvs,servo,16.0,0,50,403292160,975.6005249023438,974.1360229492187
hshlffvs,servo,16.0,0,50,408207360,976.046142578125,974.80615234375
hshlffvs,servo,16.0,0,50,412876800,975.8140869140624,974.9741414388021
hshlffvs,servo,16.0,0,50,417792000,975.9212036132812,975.8173950195312
hshlffvs,servo,16.0,0,50,422461440,976.3914794921876,975.913075764974
hshlffvs,servo,16.0,0,50,427376640,976.573486328125,976.1492797851563
hshlffvs,servo,16.0,0,50,432046080,976.7164306640624,976.2438049316406
hshlffvs,servo,16.0,0,50,436961280,976.274658203125,976.3754516601563
hshlffvs,servo,16.0,0,50,441630720,976.61767578125,976.4158223470052
hshlffvs,servo,16.0,0,50,446545920,976.4584350585938,976.5281372070312
hshlffvs,servo,16.0,0,50,451215360,976.4849853515624,976.5209452311198
hshlffvs,servo,16.0,0,50,456130560,976.5781860351562,976.4827880859375
hshlffvs,servo,16.0,0,50,460800000,976.81005859375,976.5373331705729
hshlffvs,servo,16.0,0,50,465715200,976.3638305664062,976.5390991210937
hshlffvs,servo,16.0,0,50,470630400,977.3201904296876,976.7114501953125
hshlffvs,servo,16.0,0,50,475299840,977.0172119140624,976.8178955078125
hshlffvs,servo,16.0,0,50,480215040,976.680419921875,976.8383422851563
996w94mt,servo,32.0,0,50,4915200,172.61630249023438,
996w94mt,servo,32.0,0,50,9830400,275.0224914550781,
996w94mt,servo,32.0,0,50,14499840,418.5884399414063,
996w94mt,servo,32.0,0,50,19415040,641.567138671875,
996w94mt,servo,32.0,0,50,24084480,689.106201171875,439.38011474609374
996w94mt,servo,32.0,0,50,28999680,707.123291015625,546.2815124511719
996w94mt,servo,32.0,0,50,33669120,723.3556518554688,575.7938690185547
996w94mt,servo,32.0,0,50,38584320,744.241455078125,701.0787475585937
996w94mt,servo,32.0,0,50,43253760,768.3096923828125,712.2839050292969
996w94mt,servo,32.0,0,50,48168960,772.1485595703125,743.0357299804688
996w94mt,servo,32.0,0,50,52838400,779.04052734375,749.0365295410156
996w94mt,servo,32.0,0,50,57753600,769.1941528320312,766.5868774414063
996w94mt,servo,32.0,0,50,62423040,803.221435546875,772.692637125651
996w94mt,servo,32.0,0,50,67338240,817.298828125,788.1807006835937
996w94mt,servo,32.0,0,50,72007680,829.3341674804688,795.0396118164062
996w94mt,servo,32.0,0,50,76922880,842.6019287109375,812.3301025390625
996w94mt,servo,32.0,0,50,81838080,856.0143432617188,829.694140625
996w94mt,servo,32.0,0,50,86507520,881.9615478515625,845.4421630859375
996w94mt,servo,32.0,0,50,91422720,884.19091796875,858.8205810546875
996w94mt,servo,32.0,0,50,96092160,884.3447265625,869.8226928710938
996w94mt,servo,32.0,0,50,101007360,915.1204223632812,884.3263916015625
996w94mt,servo,32.0,0,50,105676800,912.7711181640624,889.0671793619791
996w94mt,servo,32.0,0,50,110592000,921.50244140625,903.5859252929688
996w94mt,servo,32.0,0,50,115261440,938.1865234375,909.3526916503906
996w94mt,servo,32.0,0,50,120176640,955.22802734375,928.5617065429688
996w94mt,servo,32.0,0,50,124846080,949.6676025390624,932.079355875651
996w94mt,servo,32.0,0,50,129761280,952.9735717773438,943.5116333007812
996w94mt,servo,32.0,0,50,134430720,950.1403198242188,944.6164143880209
996w94mt,servo,32.0,0,50,139345920,950.920166015625,951.7859375
996w94mt,servo,32.0,0,50,144015360,952.3866577148438,951.8860575358073
996w94mt,servo,32.0,0,50,148930560,951.505859375,951.5853149414063
996w94mt,servo,32.0,0,50,153600000,959.5545654296876,952.9135233561198
996w94mt,servo,32.0,0,50,158515200,953.7710571289062,953.6276611328125
996w94mt,servo,32.0,0,50,163430400,956.77490234375,954.7986083984375
996w94mt,servo,32.0,0,50,168099840,965.9473266601562,957.5107421875
996w94mt,servo,32.0,0,50,173015040,970.475830078125,961.304736328125
996w94mt,servo,32.0,0,50,177684480,971.44482421875,963.6827880859375
996w94mt,servo,32.0,0,50,182599680,966.94873046875,966.3183227539063
996w94mt,servo,32.0,0,50,187269120,969.7907104492188,966.8970540364584
996w94mt,servo,32.0,0,50,192184320,971.65869140625,970.0637573242187
996w94mt,servo,32.0,0,50,196853760,970.9742431640624,970.2155049641927
996w94mt,servo,32.0,0,50,201768960,971.6839599609376,970.2112670898438
996w94mt,servo,32.0,0,50,206438400,972.5311279296876,970.597910563151
996w94mt,servo,32.0,0,50,211353600,972.546142578125,971.8788330078125
996w94mt,servo,32.0,0,50,216023040,972.3135986328124,971.9512939453125
996w94mt,servo,32.0,0,50,220938240,972.7344970703124,972.361865234375
996w94mt,servo,32.0,0,50,225607680,972.2955322265624,972.3508097330729
996w94mt,servo,32.0,0,50,230522880,972.819580078125,972.5418701171875
996w94mt,servo,32.0,0,50,235438080,972.9013671875,972.6129150390625
996w94mt,servo,32.0,0,50,240107520,973.1051025390624,972.7712158203125
996w94mt,servo,32.0,0,50,245022720,973.7198486328124,972.9682861328125
996w94mt,servo,32.0,0,50,249692160,973.8226318359376,973.2737060546875
996w94mt,servo,32.0,0,50,254607360,973.9246826171876,973.4947265625
996w94mt,servo,32.0,0,50,259276800,974.0687866210938,973.5904032389323
996w94mt,servo,32.0,0,50,264192000,974.361328125,973.9794555664063
996w94mt,servo,32.0,0,50,268861440,974.2504272460938,974.0246175130209
996w94mt,servo,32.0,0,50,273776640,973.7457275390624,974.0701904296875
996w94mt,servo,32.0,0,50,278446080,974.2420654296876,974.0988362630209
996w94mt,servo,32.0,0,50,283361280,974.7929077148438,974.2784912109375
996w94mt,servo,32.0,0,50,288030720,973.8796997070312,974.2120259602865
996w94mt,servo,32.0,0,50,292945920,974.3818359375,974.208447265625
996w94mt,servo,32.0,0,50,297615360,974.966796875,974.3348388671875
996w94mt,servo,32.0,0,50,302530560,975.199951171875,974.64423828125
996w94mt,servo,32.0,0,50,307200000,974.4010620117188,974.6037089029948
996w94mt,servo,32.0,0,50,312115200,975.5404663085938,974.8980224609375
996w94mt,servo,32.0,0,50,317030400,975.528564453125,975.1273681640625
996w94mt,servo,32.0,0,50,321699840,974.98046875,975.1301025390625
996w94mt,servo,32.0,0,50,326615040,974.4493408203124,974.97998046875
996w94mt,servo,32.0,0,50,331284480,975.0830688476562,975.1163818359375
996w94mt,servo,32.0,0,50,336199680,975.4385986328124,975.0960083007812
996w94mt,servo,32.0,0,50,340869120,975.0848999023438,975.0941569010416
996w94mt,servo,32.0,0,50,345784320,976.035888671875,975.218359375
996w94mt,servo,32.0,0,50,350453760,976.4230346679688,975.4191385904948
996w94mt,servo,32.0,0,50,355368960,976.786376953125,975.953759765625
996w94mt,servo,32.0,0,50,360038400,976.9420166015624,976.1184692382812
996w94mt,servo,32.0,0,50,364953600,976.54150390625,976.5457641601563
996w94mt,servo,32.0,0,50,369623040,975.8280639648438,976.4261474609375
996w94mt,servo,32.0,0,50,374538240,976.2208251953124,976.4637573242187
996w94mt,servo,32.0,0,50,379207680,976.5714721679688,976.4817097981771
996w94mt,servo,32.0,0,50,384122880,976.7310791015624,976.3785888671875
996w94mt,servo,32.0,0,50,389038080,976.7442626953124,976.419140625
996w94mt,servo,32.0,0,50,393707520,976.931640625,976.6398559570313
996w94mt,servo,32.0,0,50,398622720,976.6594848632812,976.727587890625
996w94mt,servo,32.0,0,50,403292160,976.5791015625,976.7291137695313
996w94mt,servo,32.0,0,50,408207360,900.4286499023438,961.4686279296875
996w94mt,servo,32.0,0,50,412876800,970.0640869140624,962.9012044270834
996w94mt,servo,32.0,0,50,417792000,970.6011962890624,958.86650390625
996w94mt,servo,32.0,0,50,422461440,972.8240356445312,961.1927591959635
996w94mt,servo,32.0,0,50,427376640,973.979736328125,957.579541015625
996w94mt,servo,32.0,0,50,432046080,974.422607421875,960.38671875
996w94mt,servo,32.0,0,50,436961280,974.6478271484376,973.2950805664062
996w94mt,servo,32.0,0,50,441630720,975.492919921875,973.661387125651
996w94mt,servo,32.0,0,50,446545920,975.6080932617188,974.8302368164062
996w94mt,servo,32.0,0,50,451215360,975.6616821289062,974.9688110351562
996w94mt,servo,32.0,0,50,456130560,976.72314453125,975.6267333984375
996w94mt,servo,32.0,0,50,460800000,976.2469482421876,975.7301025390625
996w94mt,servo,32.0,0,50,465715200,976.5175170898438,976.1514770507813
996w94mt,servo,32.0,0,50,470630400,976.5084228515624,976.33154296875
996w94mt,servo,32.0,0,50,475299840,976.6044311523438,976.5200927734375
996w94mt,servo,32.0,0,50,480215040,976.77587890625,976.5306396484375
g133o63i,servo,48.0,0,50,4915200,162.52880859375,
g133o63i,servo,48.0,0,50,9830400,353.3700866699219,
g133o63i,servo,48.0,0,50,14499840,532.9429931640625,
g133o63i,servo,48.0,0,50,19415040,575.8441162109375,
g133o63i,servo,48.0,0,50,24084480,611.4068603515625,447.21857299804685
g133o63i,servo,48.0,0,50,28999680,689.5130615234375,552.6154235839844
g133o63i,servo,48.0,0,50,33669120,747.646484375,585.1206003824869
g133o63i,servo,48.0,0,50,38584320,756.2777099609375,676.137646484375
g133o63i,servo,48.0,0,50,43253760,783.4857788085938,694.0290018717448
g133o63i,servo,48.0,0,50,48168960,786.0520629882812,752.59501953125
g133o63i,servo,48.0,0,50,52838400,881.03466796875,774.0016276041666
g133o63i,servo,48.0,0,50,57753600,898.1236572265625,820.994775390625
g133o63i,servo,48.0,0,50,62423040,915.2586669921876,836.7054239908854
g133o63i,servo,48.0,0,50,67338240,929.4383544921876,881.9814819335937
g133o63i,servo,48.0,0,50,72007680,932.4146728515624,890.3870137532552
g133o63i,servo,48.0,0,50,76922880,941.95458984375,923.43798828125
g133o63i,servo,48.0,0,50,81838080,961.0458984375,936.0224365234375
g133o63i,servo,48.0,0,50,86507520,964.7003784179688,945.9107788085937
g133o63i,servo,48.0,0,50,91422720,964.6839599609376,952.9598999023438
g133o63i,servo,48.0,0,50,96092160,966.7801513671876,959.8329956054688
g133o63i,servo,48.0,0,50,101007360,966.260498046875,964.6941772460938
g133o63i,servo,48.0,0,50,105676800,966.7539672851562,965.0374755859375
g133o63i,servo,48.0,0,50,110592000,966.4593505859376,966.1875854492188
g133o63i,servo,48.0,0,50,115261440,966.7929077148438,966.2884724934896
g133o63i,servo,48.0,0,50,120176640,964.9189453125,966.2371337890625
g133o63i,servo,48.0,0,50,124846080,966.3284912109376,966.2523600260416
g133o63i,servo,48.0,0,50,129761280,968.431640625,966.5862670898438
g133o63i,servo,48.0,0,50,134430720,969.5100708007812,967.0735677083334
g133o63i,servo,48.0,0,50,139345920,969.7722778320312,967.79228515625
g133o63i,servo,48.0,0,50,144015360,970.3326416015624,968.2156778971354
g133o63i,servo,48.0,0,50,148930560,971.0225830078124,969.8138427734375
g133o63i,servo,48.0,0,50,153600000,971.204833984375,970.0456746419271
g133o63i,servo,48.0,0,50,158515200,970.7786865234376,970.6222045898437
g133o63i,servo,48.0,0,50,163430400,971.430419921875,970.9538330078125
g133o63i,servo,48.0,0,50,168099840,971.0952758789062,971.1063598632812
g133o63i,servo,48.0,0,50,173015040,971.7037353515624,971.2425903320312
g133o63i,servo,48.0,0,50,177684480,971.4004516601562,971.2817138671875
g133o63i,servo,48.0,0,50,182599680,972.17822265625,971.56162109375
g133o63i,servo,48.0,0,50,187269120,972.3814086914062,971.698252360026
g133o63i,servo,48.0,0,50,192184320,972.4371337890624,972.0201904296875
g133o63i,servo,48.0,0,50,196853760,972.1141967773438,972.0358581542969
g133o63i,servo,48.0,0,50,201768960,972.6219482421876,972.34658203125
g133o63i,servo,48.0,0,50,206438400,972.91455078125,972.4412434895834
g133o63i,servo,48.0,0,50,211353600,973.2179565429688,972.6611572265625
g133o63i,servo,48.0,0,50,216023040,971.8095703125,972.5192260742188
g133o63i,servo,48.0,0,50,220938240,972.9674682617188,972.706298828125
g133o63i,servo,48.0,0,50,225607680,972.6783447265624,972.7016398111979
g133o63i,servo,48.0,0,50,230522880,973.542724609375,972.843212890625
g133o63i,servo,48.0,0,50,235438080,973.5767211914062,972.9149658203125
g133o63i,servo,48.0,0,50,240107520,974.3775634765624,973.428564453125
g133o63i,servo,48.0,0,50,245022720,974.566162109375,973.7483032226562
g133o63i,servo,48.0,0,50,249692160,974.3924560546876,974.0911254882812
g133o63i,servo,48.0,0,50,254607360,974.7086791992188,974.32431640625
g133o63i,servo,48.0,0,50,259276800,975.2110595703124,974.4721069335938
g133o63i,servo,48.0,0,50,264192000,975.0166625976562,974.77900390625
g133o63i,servo,48.0,0,50,268861440,975.2639770507812,974.8598327636719
g133o63i,servo,48.0,0,50,273776640,975.2471923828124,975.0895141601562
g133o63i,servo,48.0,0,50,278446080,974.5963745117188,975.00732421875
g133o63i,servo,48.0,0,50,283361280,975.59375,975.1435913085937
g133o63i,servo,48.0,0,50,288030720,975.7113037109376,975.2382100423177
g133o63i,servo,48.0,0,50,292945920,975.521484375,975.3340209960937
g133o63i,servo,48.0,0,50,297615360,975.3521728515624,975.3370463053385
g133o63i,servo,48.0,0,50,302530560,976.0114135742188,975.6380249023438
g133o63i,servo,48.0,0,50,307200000,975.3883056640624,975.5964050292969
g133o63i,servo,48.0,0,50,312115200,975.2784423828124,975.5103637695313
g133o63i,servo,48.0,0,50,317030400,975.5359497070312,975.5132568359375
g133o63i,servo,48.0,0,50,321699840,976.31982421875,975.706787109375
g133o63i,servo,48.0,0,50,326615040,976.6146850585938,975.82744140625
g133o63i,servo,48.0,0,50,331284480,976.8001708984376,976.109814453125
g133o63i,servo,48.0,0,50,336199680,977.1964721679688,976.4934204101562
g133o63i,servo,48.0,0,50,340869120,977.339599609375,976.6344502766927
g133o63i,servo,48.0,0,50,345784320,977.1679077148438,977.0237670898438
g133o63i,servo,48.0,0,50,350453760,976.965087890625,977.0139872233073
g133o63i,servo,48.0,0,50,355368960,977.6959228515624,977.272998046875
g133o63i,servo,48.0,0,50,360038400,977.307861328125,977.27880859375
g133o63i,servo,48.0,0,50,364953600,977.4326171875,977.3138793945312
g133o63i,servo,48.0,0,50,369623040,977.5458984375,977.352549235026
g133o63i,servo,48.0,0,50,374538240,977.643310546875,977.5251220703125
g133o63i,servo,48.0,0,50,379207680,977.99951171875,977.6041870117188
g133o63i,servo,48.0,0,50,384122880,978.1441650390624,977.7531005859375
g133o63i,servo,48.0,0,50,389038080,978.2073364257812,977.9080444335938
g133o63i,servo,48.0,0,50,393707520,978.3712158203124,978.0731079101563
g133o63i,servo,48.0,0,50,398622720,978.3876342773438,978.22197265625
g133o63i,servo,48.0,0,50,403292160,978.5430297851562,978.3306762695313
g133o63i,servo,48.0,0,50,408207360,978.12890625,978.3276245117188
g133o63i,servo,48.0,0,50,412876800,978.210205078125,978.3080546061198
g133o63i,servo,48.0,0,50,417792000,978.2130737304688,978.2965698242188
g133o63i,servo,48.0,0,50,422461440,978.438232421875,978.3201802571615
g133o63i,servo,48.0,0,50,427376640,974.49365234375,977.4968139648438
g133o63i,servo,48.0,0,50,432046080,978.2428588867188,977.6211547851562
g133o63i,servo,48.0,0,50,436961280,978.439697265625,977.5655029296875
g133o63i,servo,48.0,0,50,441630720,977.7301635742188,977.5929463704427
g133o63i,servo,48.0,0,50,446545920,978.18798828125,977.4188720703125
g133o63i,servo,48.0,0,50,451215360,978.5347900390624,977.6048583984375
g133o63i,servo,48.0,0,50,456130560,978.6196899414062,978.3024658203125
g133o63i,servo,48.0,0,50,460800000,978.6705932617188,978.3638203938802
g133o63i,servo,48.0,0,50,465715200,979.2682495117188,978.6562622070312
g133o63i,servo,48.0,0,50,470630400,978.6724853515624,978.7531616210938
g133o63i,servo,48.0,0,50,475299840,979.5040893554688,978.947021484375
g133o63i,servo,48.0,0,50,480215040,979.6643676757812,979.15595703125
qv83r9wh,servo,64.0,0,50,4915200,184.88433837890625,
qv83r9wh,servo,64.0,0,50,9830400,338.1068420410156,
qv83r9wh,servo,64.0,0,50,14499840,583.0762939453125,
qv83r9wh,servo,64.0,0,50,19415040,690.1610717773438,
qv83r9wh,servo,64.0,0,50,24084480,714.5021362304688,502.14613647460936
qv83r9wh,servo,64.0,0,50,28999680,756.7450561523438,616.5182800292969
qv83r9wh,servo,64.0,0,50,33669120,768.871337890625,641.9104563395182
qv83r9wh,servo,64.0,0,50,38584320,785.7755126953125,743.2110229492188
qv83r9wh,servo,64.0,0,50,43253760,947.9609375,777.3360087076823
qv83r9wh,servo,64.0,0,50,48168960,954.322265625,842.7350219726562
qv83r9wh,servo,64.0,0,50,52838400,956.40771484375,861.6804707845052
qv83r9wh,servo,64.0,0,50,57753600,956.8970947265624,920.272705078125
qv83r9wh,servo,64.0,0,50,62423040,958.9376220703124,926.7168579101562
qv83r9wh,servo,64.0,0,50,67338240,959.10791015625,957.134521484375
qv83r9wh,servo,64.0,0,50,72007680,960.3102416992188,957.663808186849
qv83r9wh,servo,64.0,0,50,76922880,961.185546875,959.2876831054688
qv83r9wh,servo,64.0,0,50,81838080,958.2417602539062,959.5566162109375
qv83r9wh,servo,64.0,0,50,86507520,961.3006591796876,960.0292236328125
qv83r9wh,servo,64.0,0,50,91422720,962.9476928710938,960.7971801757812
qv83r9wh,servo,64.0,0,50,96092160,963.478759765625,961.4308837890625
qv83r9wh,servo,64.0,0,50,101007360,964.0247802734376,961.99873046875
qv83r9wh,servo,64.0,0,50,105676800,963.83251953125,962.3043619791666
qv83r9wh,servo,64.0,0,50,110592000,963.9208984375,963.6409301757812
qv83r9wh,servo,64.0,0,50,115261440,964.9299926757812,963.8557739257812
qv83r9wh,servo,64.0,0,50,120176640,965.42138671875,964.4259155273437
qv83r9wh,servo,64.0,0,50,124846080,965.113525390625,964.540517171224
qv83r9wh,servo,64.0,0,50,129761280,965.3360595703124,964.9443725585937
qv83r9wh,servo,64.0,0,50,134430720,966.256103515625,965.1629943847656
qv83r9wh,servo,64.0,0,50,139345920,966.5115966796876,965.727734375
qv83r9wh,servo,64.0,0,50,144015360,966.6848754882812,965.8872578938802
qv83r9wh,servo,64.0,0,50,148930560,967.971435546875,966.5520141601562
qv83r9wh,servo,64.0,0,50,153600000,968.5228271484376,966.8804829915365
qv83r9wh,servo,64.0,0,50,158515200,969.364013671875,967.8109497070312
qv83r9wh,servo,64.0,0,50,163430400,970.707763671875,968.6501831054687
qv83r9wh,servo,64.0,0,50,168099840,969.81396484375,969.2760009765625
qv83r9wh,servo,64.0,0,50,173015040,971.361328125,969.9539794921875
qv83r9wh,servo,64.0,0,50,177684480,971.6752319335938,970.5844604492188
qv83r9wh,servo,64.0,0,50,182599680,972.1394653320312,971.13955078125
qv83r9wh,servo,64.0,0,50,187269120,972.9262084960938,971.4373270670573
qv83r9wh,servo,64.0,0,50,192184320,973.0463256835938,972.2297119140625
qv83r9wh,servo,64.0,0,50,196853760,973.7036743164062,972.4753723144531
qv83r9wh,servo,64.0,0,50,201768960,973.7025756835938,973.1036499023437
qv83r9wh,servo,64.0,0,50,206438400,973.7048950195312,973.203857421875
qv83r9wh,servo,64.0,0,50,211353600,973.7421875,973.579931640625
qv83r9wh,servo,64.0,0,50,216023040,973.2867431640624,973.5310668945312
qv83r9wh,servo,64.0,0,50,220938240,974.6444702148438,973.8161743164062
qv83r9wh,servo,64.0,0,50,225607680,974.715576171875,973.966074625651
qv83r9wh,servo,64.0,0,50,230522880,975.1627197265624,974.3103393554687
qv83r9wh,servo,64.0,0,50,235438080,975.3748779296876,974.6368774414062
qv83r9wh,servo,64.0,0,50,240107520,975.826416015625,975.1448120117187
qv83r9wh,servo,64.0,0,50,245022720,976.1914672851562,975.4542114257813
qv83r9wh,servo,64.0,0,50,249692160,976.7152099609376,975.8541381835937
qv83r9wh,servo,64.0,0,50,254607360,976.4110717773438,976.10380859375
qv83r9wh,servo,64.0,0,50,259276800,976.622802734375,976.1903076171875
qv83r9wh,servo,64.0,0,50,264192000,977.286865234375,976.6454833984375
qv83r9wh,servo,64.0,0,50,268861440,976.8404541015624,976.677978515625
qv83r9wh,servo,64.0,0,50,273776640,977.24267578125,976.8807739257812
qv83r9wh,servo,64.0,0,50,278446080,977.1823120117188,976.9310302734375
qv83r9wh,servo,64.0,0,50,283361280,977.1616821289062,977.1427978515625
qv83r9wh,servo,64.0,0,50,288030720,976.6724853515624,977.0644124348959
qv83r9wh,servo,64.0,0,50,292945920,977.7907104492188,977.2099731445312
qv83r9wh,servo,64.0,0,50,297615360,977.5723876953124,977.2703755696615
qv83r9wh,servo,64.0,0,50,302530560,977.811279296875,977.401708984375
qv83r9wh,servo,64.0,0,50,307200000,977.8660278320312,977.4790954589844
qv83r9wh,servo,64.0,0,50,312115200,978.2683715820312,977.8617553710938
qv83r9wh,servo,64.0,0,50,317030400,969.8191528320312,976.2674438476563
qv83r9wh,servo,64.0,0,50,321699840,976.1963500976562,975.992236328125
qv83r9wh,servo,64.0,0,50,326615040,976.6843872070312,975.7668579101562
qv83r9wh,servo,64.0,0,50,331284480,977.133056640625,975.620263671875
qv83r9wh,servo,64.0,0,50,336199680,977.2371826171876,975.4140258789063
qv83r9wh,servo,64.0,0,50,340869120,974.6061401367188,975.2793782552084
qv83r9wh,servo,64.0,0,50,345784320,976.4302368164062,976.4182006835938
qv83r9wh,servo,64.0,0,50,350453760,976.8359375,976.4878234863281
qv83r9wh,servo,64.0,0,50,355368960,976.974853515625,976.4168701171875
qv83r9wh,servo,64.0,0,50,360038400,977.18408203125,976.5447387695312
qv83r9wh,servo,64.0,0,50,364953600,977.61865234375,977.0087524414063
qv83r9wh,servo,64.0,0,50,369623040,977.9892578125,977.1721700032552
qv83r9wh,servo,64.0,0,50,374538240,977.626220703125,977.47861328125
qv83r9wh,servo,64.0,0,50,379207680,977.9002685546876,977.5488891601562
qv83r9wh,servo,64.0,0,50,384122880,977.7296142578124,977.772802734375
qv83r9wh,servo,64.0,0,50,389038080,977.9981689453124,977.8487060546875
qv83r9wh,servo,64.0,0,50,393707520,978.0010375976562,977.8510620117188
qv83r9wh,servo,64.0,0,50,398622720,978.1266479492188,977.9511474609375
qv83r9wh,servo,64.0,0,50,403292160,962.709716796875,974.913037109375
qv83r9wh,servo,64.0,0,50,408207360,977.248291015625,974.8167724609375
qv83r9wh,servo,64.0,0,50,412876800,978.0597534179688,975.3572692871094
qv83r9wh,servo,64.0,0,50,417792000,978.7113647460938,974.9711547851563
qv83r9wh,servo,64.0,0,50,422461440,978.9223022460938,975.6296793619791
qv83r9wh,servo,64.0,0,50,427376640,978.5902099609376,978.3063842773438
qv83r9wh,servo,64.0,0,50,432046080,977.8941650390624,978.2376810709635
qv83r9wh,servo,64.0,0,50,436961280,978.8777465820312,978.5991577148437
qv83r9wh,servo,64.0,0,50,441630720,978.2049560546876,978.533457438151
qv83r9wh,servo,64.0,0,50,446545920,978.8946533203124,978.4923461914062
qv83r9wh,servo,64.0,0,50,451215360,979.078857421875,978.590098063151
qv83r9wh,servo,64.0,0,50,456130560,979.12353515625,978.8359497070312
qv83r9wh,servo,64.0,0,50,460800000,979.132568359375,978.8853861490885
qv83r9wh,servo,64.0,0,50,465715200,978.5257568359376,978.95107421875
qv83r9wh,servo,64.0,0,50,470630400,979.5767822265624,979.0875
qv83r9wh,servo,64.0,0,50,475299840,979.6981201171876,979.2113525390625
qv83r9wh,servo,64.0,0,50,480215040,979.325927734375,979.2518310546875
ln7wa5w0,torque,0.0,5,42,4915200,135.9598388671875,
ln7wa5w0,torque,0.0,5,42,9830400,253.2865295410156,
ln7wa5w0,torque,0.0,5,42,14499840,357.9732971191406,
ln7wa5w0,torque,0.0,5,42,19415040,529.9662475585938,
ln7wa5w0,torque,0.0,5,42,24084480,554.464111328125,366.3300048828125
ln7wa5w0,torque,0.0,5,42,28999680,652.2896728515625,469.5959716796875
ln7wa5w0,torque,0.0,5,42,33669120,711.5428466796875,509.9204508463542
ln7wa5w0,torque,0.0,5,42,38584320,727.4854736328125,635.1496704101562
ln7wa5w0,torque,0.0,5,42,43253760,750.5814208984375,654.3882954915365
ln7wa5w0,torque,0.0,5,42,48168960,776.7884521484375,723.7375732421875
ln7wa5w0,torque,0.0,5,42,52838400,805.2338256835938,737.3202819824219
ln7wa5w0,torque,0.0,5,42,57753600,854.0782470703125,782.8334838867188
ln7wa5w0,torque,0.0,5,42,62423040,885.6668701171875,799.9723815917969
ln7wa5w0,torque,0.0,5,42,67338240,895.36328125,843.4261352539063
ln7wa5w0,torque,0.0,5,42,72007680,907.1273193359376,854.0429992675781
ln7wa5w0,torque,0.0,5,42,76922880,909.7581787109376,890.398779296875
ln7wa5w0,torque,0.0,5,42,81838080,913.7315673828124,902.329443359375
ln7wa5w0,torque,0.0,5,42,86507520,921.4974975585938,909.4955688476563
ln7wa5w0,torque,0.0,5,42,91422720,925.90673828125,915.6042602539062
ln7wa5w0,torque,0.0,5,42,96092160,939.7086181640624,922.1205200195312
ln7wa5w0,torque,0.0,5,42,101007360,942.9893798828124,928.7667602539062
ln7wa5w0,torque,0.0,5,42,105676800,941.7293090820312,930.9271850585938
ln7wa5w0,torque,0.0,5,42,110592000,949.409912109375,939.9487915039062
ln7wa5w0,torque,0.0,5,42,115261440,945.8051147460938,940.9248453776041
ln7wa5w0,torque,0.0,5,42,120176640,949.869384765625,945.9606201171875
ln7wa5w0,torque,0.0,5,42,124846080,951.857666015625,946.9434611002604
ln7wa5w0,torque,0.0,5,42,129761280,949.5587158203124,949.3001586914063
ln7wa5w0,torque,0.0,5,42,134430720,951.813232421875,949.719004313151
ln7wa5w0,torque,0.0,5,42,139345920,951.7561645507812,950.9710327148438
ln7wa5w0,torque,0.0,5,42,144015360,950.9418334960938,950.9661661783854
ln7wa5w0,torque,0.0,5,42,148930560,954.74951171875,951.7638916015625
ln7wa5w0,torque,0.0,5,42,153600000,956.37353515625,952.5321655273438
ln7wa5w0,torque,0.0,5,42,158515200,956.4448852539062,954.0531860351563
ln7wa5w0,torque,0.0,5,42,163430400,956.0598754882812,954.9139282226563
ln7wa5w0,torque,0.0,5,42,168099840,958.8655395507812,956.4986694335937
ln7wa5w0,torque,0.0,5,42,173015040,958.5400390625,957.2567749023438
ln7wa5w0,torque,0.0,5,42,177684480,959.1301879882812,957.80810546875
ln7wa5w0,torque,0.0,5,42,182599680,959.5701904296876,958.4331665039062
ln7wa5w0,torque,0.0,5,42,187269120,958.0045166015624,958.3617248535156
ln7wa5w0,torque,0.0,5,42,192184320,958.9580078125,958.8405883789062
ln7wa5w0,torque,0.0,5,42,196853760,958.93701171875,958.8566589355469
ln7wa5w0,torque,0.0,5,42,201768960,959.1158447265624,958.9171142578125
ln7wa5w0,torque,0.0,5,42,206438400,958.2416381835938,958.8045349121094
ln7wa5w0,torque,0.0,5,42,211353600,958.5030517578124,958.7511108398437
ln7wa5w0,torque,0.0,5,42,216023040,959.60009765625,958.8926086425781
ln7wa5w0,torque,0.0,5,42,220938240,960.2354125976562,959.139208984375
ln7wa5w0,torque,0.0,5,42,225607680,959.737060546875,959.2388509114584
ln7wa5w0,torque,0.0,5,42,230522880,961.3375244140624,959.8826293945312
ln7wa5w0,torque,0.0,5,42,235438080,961.2825927734376,960.4385375976562
ln7wa5w0,torque,0.0,5,42,240107520,962.067626953125,960.9320434570312
ln7wa5w0,torque,0.0,5,42,245022720,962.1543579101562,961.3158325195312
ln7wa5w0,torque,0.0,5,42,249692160,961.402587890625,961.6489379882812
ln7wa5w0,torque,0.0,5,42,254607360,962.4213256835938,961.8656982421875
ln7wa5w0,torque,0.0,5,42,259276800,962.83349609375,962.0269978841146
ln7wa5w0,torque,0.0,5,42,264192000,962.2008056640624,962.2025146484375
ln7wa5w0,torque,0.0,5,42,268861440,962.2622680664062,962.2124735514323
ln7wa5w0,torque,0.0,5,42,273776640,960.7366943359376,962.09091796875
ln7wa5w0,torque,0.0,5,42,278446080,962.0593872070312,962.0856628417969
ln7wa5w0,torque,0.0,5,42,283361280,963.0562744140624,962.0630859375
ln7wa5w0,torque,0.0,5,42,288030720,961.5946044921876,961.9850056966146
ln7wa5w0,torque,0.0,5,42,292945920,962.1441650390624,961.9182250976562
ln7wa5w0,torque,0.0,5,42,297615360,962.633056640625,962.037363688151
ln7wa5w0,torque,0.0,5,42,302530560,963.65966796875,962.6175537109375
ln7wa5w0,torque,0.0,5,42,307200000,963.2172241210938,962.7174987792969
ln7wa5w0,torque,0.0,5,42,312115200,962.9862670898438,962.928076171875
ln7wa5w0,torque,0.0,5,42,317030400,963.7859497070312,963.2564331054688
ln7wa5w0,torque,0.0,5,42,321699840,963.3212890625,963.3940795898437
ln7wa5w0,torque,0.0,5,42,326615040,963.992919921875,963.4607299804687
ln7wa5w0,torque,0.0,5,42,331284480,963.6201171875,963.54130859375
ln7wa5w0,torque,0.0,5,42,336199680,963.7696533203124,963.6979858398438
ln7wa5w0,torque,0.0,5,42,340869120,963.5457763671876,963.672617594401
ln7wa5w0,torque,0.0,5,42,345784320,964.8135986328124,963.9484130859375
ln7wa5w0,torque,0.0,5,42,350453760,964.5956420898438,964.0562845865885
ln7wa5w0,torque,0.0,5,42,355368960,964.7821655273438,964.3013671875
ln7wa5w0,torque,0.0,5,42,360038400,964.824951171875,964.3886311848959
ln7wa5w0,torque,0.0,5,42,364953600,965.3135375976562,964.8659790039062
ln7wa5w0,torque,0.0,5,42,369623040,964.81591796875,964.8576354980469
ln7wa5w0,torque,0.0,5,42,374538240,966.0191650390624,965.1511474609375
ln7wa5w0,torque,0.0,5,42,379207680,965.26025390625,965.1693318684896
ln7wa5w0,torque,0.0,5,42,384122880,966.0574340820312,965.49326171875
ln7wa5w0,torque,0.0,5,42,389038080,965.777587890625,965.5860717773437
ln7wa5w0,torque,0.0,5,42,393707520,965.4698486328124,965.7168579101562
ln7wa5w0,torque,0.0,5,42,398622720,966.0254516601562,965.718115234375
ln7wa5w0,torque,0.0,5,42,403292160,966.326171875,965.931298828125
ln7wa5w0,torque,0.0,5,42,408207360,967.000244140625,966.1198608398438
ln7wa5w0,torque,0.0,5,42,412876800,966.3211669921876,966.1534118652344
ln7wa5w0,torque,0.0,5,42,417792000,966.4652099609376,966.4276489257812
ln7wa5w0,torque,0.0,5,42,422461440,966.3446044921876,966.413808186849
ln7wa5w0,torque,0.0,5,42,427376640,966.669189453125,966.5600830078125
ln7wa5w0,torque,0.0,5,42,432046080,966.7740478515624,966.5957438151041
ln7wa5w0,torque,0.0,5,42,436961280,966.5081787109376,966.55224609375
ln7wa5w0,torque,0.0,5,42,441630720,966.78955078125,966.591796875
ln7wa5w0,torque,0.0,5,42,446545920,966.9171142578124,966.7316162109375
ln7wa5w0,torque,0.0,5,42,451215360,966.78955078125,966.7412719726562
ln7wa5w0,torque,0.0,5,42,456130560,967.2283325195312,966.8465454101563
ln7wa5w0,torque,0.0,5,42,460800000,966.916259765625,966.858164469401
ln7wa5w0,torque,0.0,5,42,465715200,967.2626342773438,967.0227783203125
ln7wa5w0,torque,0.0,5,42,470630400,967.2860107421876,967.0965576171875
ln7wa5w0,torque,0.0,5,42,475299840,967.27197265625,967.1930419921875
ln7wa5w0,torque,0.0,5,42,480215040,966.998779296875,967.1471313476562
ahzrqpzy,torque,0.0,5,50,4915200,117.51801300048828,
ahzrqpzy,torque,0.0,5,50,9830400,204.0995635986328,
ahzrqpzy,torque,0.0,5,50,14499840,234.98004150390625,
ahzrqpzy,torque,0.0,5,50,19415040,294.5130310058594,
ahzrqpzy,torque,0.0,5,50,24084480,388.1482543945313,247.8517807006836
ahzrqpzy,torque,0.0,5,50,28999680,446.67388916015625,313.6829559326172
ahzrqpzy,torque,0.0,5,50,33669120,488.7088623046875,342.8539403279622
ahzrqpzy,torque,0.0,5,50,38584320,548.9757080078125,433.40394897460936
ahzrqpzy,torque,0.0,5,50,43253760,612.2811889648438,463.2168223063151
ahzrqpzy,torque,0.0,5,50,48168960,697.0870361328125,558.7453369140625
ahzrqpzy,torque,0.0,5,50,52838400,779.5904541015625,595.5528564453125
ahzrqpzy,torque,0.0,5,50,57753600,847.0869140625,697.0042602539063
ahzrqpzy,torque,0.0,5,50,62423040,900.8504638671876,730.9786275227865
ahzrqpzy,torque,0.0,5,50,67338240,938.2115478515624,832.565283203125
ahzrqpzy,torque,0.0,5,50,72007680,943.23974609375,851.0110270182291
ahzrqpzy,torque,0.0,5,50,76922880,945.3428344726562,914.9463012695312
ahzrqpzy,torque,0.0,5,50,81838080,945.59716796875,934.6483520507812
ahzrqpzy,torque,0.0,5,50,86507520,948.0849609375,944.0952514648437
ahzrqpzy,torque,0.0,5,50,91422720,946.6953125,945.7920043945312
ahzrqpzy,torque,0.0,5,50,96092160,947.9010620117188,946.724267578125
ahzrqpzy,torque,0.0,5,50,101007360,949.1636962890624,947.4884399414062
ahzrqpzy,torque,0.0,5,50,105676800,949.592529296875,947.839121500651
ahzrqpzy,torque,0.0,5,50,110592000,949.533203125,948.5771606445312
ahzrqpzy,torque,0.0,5,50,115261440,948.9921875,948.6463317871094
ahzrqpzy,torque,0.0,5,50,120176640,951.9733276367188,949.8509887695312
ahzrqpzy,torque,0.0,5,50,124846080,951.2216796875,950.0794372558594
ahzrqpzy,torque,0.0,5,50,129761280,953.6309814453124,951.0702758789063
ahzrqpzy,torque,0.0,5,50,134430720,951.87255859375,951.2039896647135
ahzrqpzy,torque,0.0,5,50,139345920,952.6910400390624,952.2779174804688
ahzrqpzy,torque,0.0,5,50,144015360,953.732421875,952.5203348795573
ahzrqpzy,torque,0.0,5,50,148930560,953.2877197265624,953.0429443359375
ahzrqpzy,torque,0.0,5,50,153600000,953.6119384765624,953.1377766927084
ahzrqpzy,torque,0.0,5,50,158515200,954.6531372070312,953.5952514648437
ahzrqpzy,torque,0.0,5,50,163430400,955.0023803710938,954.05751953125
ahzrqpzy,torque,0.0,5,50,168099840,954.6422119140624,954.2394775390625
ahzrqpzy,torque,0.0,5,50,173015040,954.847412109375,954.551416015625
ahzrqpzy,torque,0.0,5,50,177684480,953.933349609375,954.6156982421875
ahzrqpzy,torque,0.0,5,50,182599680,956.1578369140624,954.9166381835937
ahzrqpzy,torque,0.0,5,50,187269120,956.5018310546876,955.1808369954427
ahzrqpzy,torque,0.0,5,50,192184320,956.59423828125,955.60693359375
ahzrqpzy,torque,0.0,5,50,196853760,957.2760620117188,955.8851216634115
ahzrqpzy,torque,0.0,5,50,201768960,957.9456176757812,956.8951171875
ahzrqpzy,torque,0.0,5,50,206438400,957.6126708984376,957.0147094726562
ahzrqpzy,torque,0.0,5,50,211353600,957.9942626953124,957.4845703125
ahzrqpzy,torque,0.0,5,50,216023040,957.80859375,957.53857421875
ahzrqpzy,torque,0.0,5,50,220938240,956.343994140625,957.5410278320312
ahzrqpzy,torque,0.0,5,50,225607680,957.68994140625,957.5658467610677
ahzrqpzy,torque,0.0,5,50,230522880,956.618408203125,957.2910400390625
ahzrqpzy,torque,0.0,5,50,235438080,958.409912109375,957.374169921875
ahzrqpzy,torque,0.0,5,50,240107520,958.0110473632812,957.4146606445313
ahzrqpzy,torque,0.0,5,50,245022720,958.7073974609376,957.8873413085937
ahzrqpzy,torque,0.0,5,50,249692160,959.270263671875,958.2034057617187
ahzrqpzy,torque,0.0,5,50,254607360,959.4541015625,958.7705444335937
ahzrqpzy,torque,0.0,5,50,259276800,958.4365234375,958.7148742675781
ahzrqpzy,torque,0.0,5,50,264192000,959.8997802734376,959.15361328125
ahzrqpzy,torque,0.0,5,50,268861440,959.29736328125,959.1775716145834
ahzrqpzy,torque,0.0,5,50,273776640,958.3495483398438,959.0874633789062
ahzrqpzy,torque,0.0,5,50,278446080,958.43896484375,958.9793802897135
ahzrqpzy,torque,0.0,5,50,283361280,958.612548828125,958.9196411132813
ahzrqpzy,torque,0.0,5,50,288030720,959.2591552734376,958.9762268066406
ahzrqpzy,torque,0.0,5,50,292945920,959.784912109375,958.8890258789063
ahzrqpzy,torque,0.0,5,50,297615360,959.589111328125,959.0057067871094
ahzrqpzy,torque,0.0,5,50,302530560,960.128662109375,959.4748779296875
ahzrqpzy,torque,0.0,5,50,307200000,959.4244995117188,959.4664815266927
ahzrqpzy,torque,0.0,5,50,312115200,958.30859375,959.4471557617187
ahzrqpzy,torque,0.0,5,50,317030400,960.371826171875,959.5645385742188
ahzrqpzy,torque,0.0,5,50,321699840,960.14306640625,959.6753295898437
ahzrqpzy,torque,0.0,5,50,326615040,960.2594604492188,959.7014892578125
ahzrqpzy,torque,0.0,5,50,331284480,959.29296875,959.6751831054687
ahzrqpzy,torque,0.0,5,50,336199680,960.1593017578124,960.0453247070312
ahzrqpzy,torque,0.0,5,50,340869120,961.4073486328124,960.2723286946615
ahzrqpzy,torque,0.0,5,50,345784320,961.3895263671876,960.5017211914062
ahzrqpzy,torque,0.0,5,50,350453760,959.9825439453124,960.4151916503906
ahzrqpzy,torque,0.0,5,50,355368960,961.5394897460938,960.8956420898437
ahzrqpzy,torque,0.0,5,50,360038400,961.1854248046876,960.9439392089844
ahzrqpzy,torque,0.0,5,50,364953600,958.4059448242188,960.5005859375
ahzrqpzy,torque,0.0,5,50,369623040,961.067138671875,960.5950113932291
ahzrqpzy,torque,0.0,5,50,374538240,962.3250732421876,960.9046142578125
ahzrqpzy,torque,0.0,5,50,379207680,961.06201171875,960.9308471679688
ahzrqpzy,torque,0.0,5,50,384122880,961.5785522460938,960.887744140625
ahzrqpzy,torque,0.0,5,50,389038080,962.3388671875,961.6743286132812
ahzrqpzy,torque,0.0,5,50,393707520,962.795166015625,962.0199340820312
ahzrqpzy,torque,0.0,5,50,398622720,963.5728759765624,962.2694946289063
ahzrqpzy,torque,0.0,5,50,403292160,963.8134155273438,962.819775390625
ahzrqpzy,torque,0.0,5,50,408207360,963.95947265625,963.2959594726562
ahzrqpzy,torque,0.0,5,50,412876800,963.81494140625,963.3824564615885
ahzrqpzy,torque,0.0,5,50,417792000,964.1181030273438,963.85576171875
ahzrqpzy,torque,0.0,5,50,422461440,964.2310791015624,963.9183146158854
ahzrqpzy,torque,0.0,5,50,427376640,965.286865234375,964.2820922851563
ahzrqpzy,torque,0.0,5,50,432046080,964.123046875,964.2555847167969
ahzrqpzy,torque,0.0,5,50,436961280,964.4608154296876,964.4439819335937
ahzrqpzy,torque,0.0,5,50,441630720,966.0179443359376,964.706309000651
ahzrqpzy,torque,0.0,5,50,446545920,964.9412231445312,964.9659790039062
ahzrqpzy,torque,0.0,5,50,451215360,965.682861328125,965.085459391276
ahzrqpzy,torque,0.0,5,50,456130560,965.9613037109376,965.4128295898438
ahzrqpzy,torque,0.0,5,50,460800000,965.3391723632812,965.4005533854166
ahzrqpzy,torque,0.0,5,50,465715200,965.9166259765624,965.5682373046875
ahzrqpzy,torque,0.0,5,50,470630400,964.9071044921876,965.5614135742187
ahzrqpzy,torque,0.0,5,50,475299840,965.1357421875,965.4519897460938
ahzrqpzy,torque,0.0,5,50,480215040,964.0535888671876,965.0704467773437
p513kfj5,torque,0.0,5,51,4915200,124.07978057861328,
p513kfj5,torque,0.0,5,51,9830400,209.70993041992188,
p513kfj5,torque,0.0,5,51,14499840,236.89385986328125,
p513kfj5,torque,0.0,5,51,19415040,260.57440185546875,
p513kfj5,torque,0.0,5,51,24084480,287.486083984375,223.74881134033203
p513kfj5,torque,0.0,5,51,28999680,418.2518310546875,282.5832214355469
p513kfj5,torque,0.0,5,51,33669120,472.95159912109375,314.311284383138
p513kfj5,torque,0.0,5,51,38584320,547.9285888671875,397.4385009765625
p513kfj5,torque,0.0,5,51,43253760,618.120361328125,434.21881103515625
p513kfj5,torque,0.0,5,51,48168960,661.16162109375,543.6828002929688
p513kfj5,torque,0.0,5,51,52838400,703.3674926757812,570.2969156901041
p513kfj5,torque,0.0,5,51,57753600,737.2623291015625,653.5680786132813
p513kfj5,torque,0.0,5,51,62423040,740.9869384765625,668.1378885904948
p513kfj5,torque,0.0,5,51,67338240,770.2137451171875,722.5984252929687
p513kfj5,torque,0.0,5,51,72007680,775.4312744140625,731.4039001464844
p513kfj5,torque,0.0,5,51,76922880,779.4520263671875,760.6692626953125
p513kfj5,torque,0.0,5,51,81838080,793.099853515625,771.836767578125
p513kfj5,torque,0.0,5,51,86507520,790.4093017578125,781.721240234375
p513kfj5,torque,0.0,5,51,91422720,795.748779296875,786.8282470703125
p513kfj5,torque,0.0,5,51,96092160,806.3944702148438,793.0208862304687
p513kfj5,torque,0.0,5,51,101007360,807.819580078125,798.6943969726562
p513kfj5,torque,0.0,5,51,105676800,812.553955078125,801.0043233235677
p513kfj5,torque,0.0,5,51,110592000,816.2892456054688,807.7612060546875
p513kfj5,torque,0.0,5,51,115261440,817.401123046875,809.3678588867188
p513kfj5,torque,0.0,5,51,120176640,817.52880859375,814.3185424804688
p513kfj5,torque,0.0,5,51,124846080,825.3073120117188,816.1500040690104
p513kfj5,torque,0.0,5,51,129761280,822.3388671875,819.7730712890625
p513kfj5,torque,0.0,5,51,134430720,828.1591796875,821.1707560221354
p513kfj5,torque,0.0,5,51,139345920,832.3695678710938,825.1407470703125
p513kfj5,torque,0.0,5,51,144015360,834.3465576171875,826.675048828125
p513kfj5,torque,0.0,5,51,148930560,834.7965087890625,830.4021362304687
p513kfj5,torque,0.0,5,51,153600000,839.419677734375,831.9050598144531
p513kfj5,torque,0.0,5,51,158515200,844.7958984375,837.1456420898437
p513kfj5,torque,0.0,5,51,163430400,849.1376342773438,840.4992553710938
p513kfj5,torque,0.0,5,51,168099840,850.7467041015625,843.7792846679688
p513kfj5,torque,0.0,5,51,173015040,856.6226196289062,848.1445068359375
p513kfj5,torque,0.0,5,51,177684480,867.5340576171875,853.7673828125
p513kfj5,torque,0.0,5,51,182599680,883.7989501953125,861.5679931640625
p513kfj5,torque,0.0,5,51,187269120,901.3958740234376,868.2059733072916
p513kfj5,torque,0.0,5,51,192184320,923.1306762695312,886.496435546875
p513kfj5,torque,0.0,5,51,196853760,936.6631469726562,894.8575541178385
p513kfj5,torque,0.0,5,51,201768960,941.6316528320312,917.3240600585938
p513kfj5,torque,0.0,5,51,206438400,943.8409423828124,921.7435404459635
p513kfj5,torque,0.0,5,51,211353600,943.343505859375,937.7219848632812
p513kfj5,torque,0.0,5,51,216023040,945.8306884765624,939.0734354654948
p513kfj5,torque,0.0,5,51,220938240,945.7312622070312,944.0756103515625
p513kfj5,torque,0.0,5,51,225607680,941.0364379882812,943.569081624349
p513kfj5,torque,0.0,5,51,230522880,946.1524658203124,944.4188720703125
p513kfj5,torque,0.0,5,51,235438080,943.8392333984376,944.518017578125
p513kfj5,torque,0.0,5,51,240107520,940.1643676757812,943.3847534179688
p513kfj5,torque,0.0,5,51,245022720,947.7601318359376,943.79052734375
p513kfj5,torque,0.0,5,51,249692160,948.690673828125,945.3213745117188
p513kfj5,torque,0.0,5,51,254607360,947.8419799804688,945.65927734375
p513kfj5,torque,0.0,5,51,259276800,950.9013671875,946.532958984375
p513kfj5,torque,0.0,5,51,264192000,952.1986083984376,949.4785522460937
p513kfj5,torque,0.0,5,51,268861440,952.3185424804688,949.9518839518229
p513kfj5,torque,0.0,5,51,273776640,952.9407958984376,951.2402587890625
p513kfj5,torque,0.0,5,51,278446080,952.9984130859376,951.5332845052084
p513kfj5,torque,0.0,5,51,283361280,954.052001953125,952.9016723632812
p513kfj5,torque,0.0,5,51,288030720,956.3466796875,953.475840250651
p513kfj5,torque,0.0,5,51,292945920,954.9595947265624,954.2594970703125
p513kfj5,torque,0.0,5,51,297615360,955.2108764648438,954.4180603027344
p513kfj5,torque,0.0,5,51,302530560,957.9932861328124,955.7124877929688
p513kfj5,torque,0.0,5,51,307200000,957.571533203125,956.0223286946615
p513kfj5,torque,0.0,5,51,312115200,957.638671875,956.6747924804688
p513kfj5,torque,0.0,5,51,317030400,957.392578125,957.1613891601562
p513kfj5,torque,0.0,5,51,321699840,958.96142578125,957.9114990234375
p513kfj5,torque,0.0,5,51,326615040,957.62109375,957.837060546875
p513kfj5,torque,0.0,5,51,331284480,957.2225341796876,957.7672607421875
p513kfj5,torque,0.0,5,51,336199680,959.4569091796876,958.130908203125
p513kfj5,torque,0.0,5,51,340869120,958.427734375,958.1803792317709
p513kfj5,torque,0.0,5,51,345784320,958.7987060546876,958.3053955078125
p513kfj5,torque,0.0,5,51,350453760,959.4217529296876,958.491455078125
p513kfj5,torque,0.0,5,51,355368960,958.1207885742188,958.8451782226563
p513kfj5,torque,0.0,5,51,360038400,959.423095703125,958.9414978027344
p513kfj5,torque,0.0,5,51,364953600,955.1464233398438,958.1821533203125
p513kfj5,torque,0.0,5,51,369623040,959.1990966796876,958.3516438802084
p513kfj5,torque,0.0,5,51,374538240,960.6625366210938,958.5103881835937
p513kfj5,torque,0.0,5,51,379207680,960.7586059570312,958.8850911458334
p513kfj5,torque,0.0,5,51,384122880,960.467529296875,959.2468383789062
p513kfj5,torque,0.0,5,51,389038080,960.4678344726562,960.3111206054688
p513kfj5,torque,0.0,5,51,393707520,960.791748046875,960.6296508789062
p513kfj5,torque,0.0,5,51,398622720,960.7367553710938,960.6444946289063
p513kfj5,torque,0.0,5,51,403292160,961.0439453125,960.7015625
p513kfj5,torque,0.0,5,51,408207360,959.3282470703124,960.4737060546875
p513kfj5,torque,0.0,5,51,412876800,960.395263671875,960.4606323242188
p513kfj5,torque,0.0,5,51,417792000,960.8695068359376,960.4747436523437
p513kfj5,torque,0.0,5,51,422461440,962.0689086914062,960.7404378255209
p513kfj5,torque,0.0,5,51,427376640,962.203369140625,960.9730590820312
p513kfj5,torque,0.0,5,51,432046080,962.1083374023438,961.1622721354166
p513kfj5,torque,0.0,5,51,436961280,960.69775390625,961.5895751953125
p513kfj5,torque,0.0,5,51,441630720,958.8189697265624,961.1278076171875
p513kfj5,torque,0.0,5,51,446545920,960.896484375,960.9449829101562
p513kfj5,torque,0.0,5,51,451215360,961.6934814453124,961.0697326660156
p513kfj5,torque,0.0,5,51,456130560,961.7471923828124,960.7707763671875
p513kfj5,torque,0.0,5,51,460800000,963.4481201171876,961.2170003255209
p513kfj5,torque,0.0,5,51,465715200,962.6375122070312,962.0845581054688
p513kfj5,torque,0.0,5,51,470630400,962.7139892578124,962.4480590820312
p513kfj5,torque,0.0,5,51,475299840,963.253173828125,962.7599975585938
p513kfj5,torque,0.0,5,51,480215040,962.33154296875,962.8768676757812
8xjktznp,torque,0.0,5,52,4915200,125.44339752197266,
8xjktznp,torque,0.0,5,52,9830400,205.67807006835935,
8xjktznp,torque,0.0,5,52,14499840,318.9019775390625,
8xjktznp,torque,0.0,5,52,19415040,388.85552978515625,
8xjktznp,torque,0.0,5,52,24084480,428.58001708984375,293.4917984008789
8xjktznp,torque,0.0,5,52,28999680,457.64398193359375,359.9319152832031
8xjktznp,torque,0.0,5,52,33669120,530.7186279296875,388.3963673909505
8xjktznp,torque,0.0,5,52,38584320,608.7752685546875,482.91468505859376
8xjktznp,torque,0.0,5,52,43253760,666.6585693359375,513.5386657714844
8xjktznp,torque,0.0,5,52,48168960,739.5968017578125,600.6786499023438
8xjktznp,torque,0.0,5,52,52838400,811.7081298828125,635.8502298990885
8xjktznp,torque,0.0,5,52,57753600,867.0599365234375,738.7597412109375
8xjktznp,torque,0.0,5,52,62423040,896.4581298828125,765.0428059895834
8xjktznp,torque,0.0,5,52,67338240,906.9906005859376,844.3627197265625
8xjktznp,torque,0.0,5,52,72007680,923.6117553710938,857.5708923339844
8xjktznp,torque,0.0,5,52,76922880,924.8883056640624,903.8017456054688
8xjktznp,torque,0.0,5,52,81838080,941.0579833984376,918.6013549804687
8xjktznp,torque,0.0,5,52,86507520,942.1400756835938,927.737744140625
8xjktznp,torque,0.0,5,52,91422720,943.3824462890624,935.01611328125
8xjktznp,torque,0.0,5,52,96092160,945.2637939453124,939.3465209960938
8xjktznp,torque,0.0,5,52,101007360,947.185791015625,943.8060180664063
8xjktznp,torque,0.0,5,52,105676800,949.3460693359376,944.7293599446615
8xjktznp,torque,0.0,5,52,110592000,948.8790893554688,946.8114379882812
8xjktznp,torque,0.0,5,52,115261440,951.1643676757812,947.5369262695312
8xjktznp,torque,0.0,5,52,120176640,946.894287109375,948.6939208984375
8xjktznp,torque,0.0,5,52,124846080,948.818603515625,948.7147013346354
8xjktznp,torque,0.0,5,52,129761280,950.67431640625,949.2861328125
8xjktznp,torque,0.0,5,52,134430720,952.194580078125,949.7708740234375
8xjktznp,torque,0.0,5,52,139345920,953.343017578125,950.3849609375
8xjktznp,torque,0.0,5,52,144015360,952.773193359375,950.7829996744791
8xjktznp,torque,0.0,5,52,148930560,950.2687377929688,951.8507690429688
8xjktznp,torque,0.0,5,52,153600000,953.6473388671876,952.1501973470052
8xjktznp,torque,0.0,5,52,158515200,953.2210083007812,952.6506591796875
8xjktznp,torque,0.0,5,52,163430400,954.650390625,952.9121337890625
8xjktznp,torque,0.0,5,52,168099840,953.940673828125,953.1456298828125
8xjktznp,torque,0.0,5,52,173015040,954.93212890625,954.0783081054688
8xjktznp,torque,0.0,5,52,177684480,952.1209106445312,953.7730224609375
8xjktznp,torque,0.0,5,52,182599680,955.49365234375,954.2275512695312
8xjktznp,torque,0.0,5,52,187269120,954.0070190429688,954.1907958984375
8xjktznp,torque,0.0,5,52,192184320,954.2550659179688,954.1617553710937
8xjktznp,torque,0.0,5,52,196853760,956.8079833984376,954.602793375651
8xjktznp,torque,0.0,5,52,201768960,955.309814453125,955.17470703125
8xjktznp,torque,0.0,5,52,206438400,955.1471557617188,955.1701151529948
8xjktznp,torque,0.0,5,52,211353600,954.49609375,955.20322265625
8xjktznp,torque,0.0,5,52,216023040,956.2628784179688,955.3798319498698
8xjktznp,torque,0.0,5,52,220938240,957.5394287109376,955.75107421875
8xjktznp,torque,0.0,5,52,225607680,956.9144287109376,955.9449666341146
8xjktznp,torque,0.0,5,52,230522880,958.525390625,956.7476440429688
8xjktznp,torque,0.0,5,52,235438080,958.222900390625,957.4930053710938
8xjktznp,torque,0.0,5,52,240107520,958.4925537109376,957.9389404296875
8xjktznp,torque,0.0,5,52,245022720,957.5264282226562,957.9363403320312
8xjktznp,torque,0.0,5,52,249692160,959.8260498046876,958.5186645507813
8xjktznp,torque,0.0,5,52,254607360,956.6298828125,958.1395629882812
8xjktznp,torque,0.0,5,52,259276800,959.43701171875,958.3558044433594
8xjktznp,torque,0.0,5,52,264192000,958.289306640625,958.3417358398438
8xjktznp,torque,0.0,5,52,268861440,958.060546875,958.2948710123698
8xjktznp,torque,0.0,5,52,273776640,959.1385498046876,958.3110595703125
8xjktznp,torque,0.0,5,52,278446080,957.1685791015624,958.1206461588541
8xjktznp,torque,0.0,5,52,283361280,958.90087890625,958.311572265625
8xjktznp,torque,0.0,5,52,288030720,959.90283203125,958.5767822265625
8xjktznp,torque,0.0,5,52,292945920,960.44189453125,959.110546875
8xjktznp,torque,0.0,5,52,297615360,959.553466796875,959.1843668619791
8xjktznp,torque,0.0,5,52,302530560,961.1016845703124,959.9801513671875
8xjktznp,torque,0.0,5,52,307200000,961.235107421875,960.1893107096354
8xjktznp,torque,0.0,5,52,312115200,960.366455078125,960.5397216796875
8xjktznp,torque,0.0,5,52,317030400,960.831298828125,960.6176025390625
8xjktznp,torque,0.0,5,52,321699840,961.1373291015624,960.934375
8xjktznp,torque,0.0,5,52,326615040,961.994873046875,961.1130126953125
8xjktznp,torque,0.0,5,52,331284480,962.311279296875,961.3282470703125
8xjktznp,torque,0.0,5,52,336199680,962.028564453125,961.6606689453125
8xjktznp,torque,0.0,5,52,340869120,962.225341796875,961.7547810872396
8xjktznp,torque,0.0,5,52,345784320,963.11962890625,962.3359375
8xjktznp,torque,0.0,5,52,350453760,963.289306640625,962.4948323567709
8xjktznp,torque,0.0,5,52,355368960,962.0126953125,962.535107421875
8xjktznp,torque,0.0,5,52,360038400,962.0272216796876,962.4504597981771
8xjktznp,torque,0.0,5,52,364953600,962.2911987304688,962.5480102539062
8xjktznp,torque,0.0,5,52,369623040,963.683837890625,962.737314860026
8xjktznp,torque,0.0,5,52,374538240,962.8655395507812,962.5760986328125
8xjktznp,torque,0.0,5,52,379207680,961.7491455078124,962.4382731119791
8xjktznp,torque,0.0,5,52,384122880,962.8582153320312,962.6895874023437
8xjktznp,torque,0.0,5,52,389038080,962.8958740234376,962.8105224609375
8xjktznp,torque,0.0,5,52,393707520,963.7464599609376,962.823046875
8xjktznp,torque,0.0,5,52,398622720,964.0476684570312,963.05947265625
8xjktznp,torque,0.0,5,52,403292160,964.7223510742188,963.6541137695312
8xjktznp,torque,0.0,5,52,408207360,963.82373046875,963.847216796875
8xjktznp,torque,0.0,5,52,412876800,964.1809692382812,963.902842203776
8xjktznp,torque,0.0,5,52,417792000,964.8816528320312,964.3312744140625
8xjktznp,torque,0.0,5,52,422461440,964.7483520507812,964.4007873535156
8xjktznp,torque,0.0,5,52,427376640,964.8867797851562,964.504296875
8xjktznp,torque,0.0,5,52,432046080,964.21630859375,964.456298828125
8xjktznp,torque,0.0,5,52,436961280,964.76123046875,964.6988647460937
8xjktznp,torque,0.0,5,52,441630720,964.5097045898438,964.6673380533854
8xjktznp,torque,0.0,5,52,446545920,963.7197265625,964.41875
8xjktznp,torque,0.0,5,52,451215360,964.2160034179688,964.3849589029948
8xjktznp,torque,0.0,5,52,456130560,965.6993408203124,964.581201171875
8xjktznp,torque,0.0,5,52,460800000,966.0830078125,964.8315022786459
8xjktznp,torque,0.0,5,52,465715200,965.2567138671876,964.9949584960938
8xjktznp,torque,0.0,5,52,470630400,965.1549682617188,965.2820068359375
8xjktznp,torque,0.0,5,52,475299840,965.8431396484376,965.6074340820312
8xjktznp,torque,0.0,5,52,480215040,966.617431640625,965.7910522460937
2zaydf5d,servo,0.25,5,50,4915200,26.42149353027344,
2zaydf5d,servo,0.25,5,50,9830400,27.47233772277832,
2zaydf5d,servo,0.25,5,50,14499840,26.91841697692871,
2zaydf5d,servo,0.25,5,50,19415040,27.61984062194824,
2zaydf5d,servo,0.25,5,50,24084480,28.202625274658203,27.32694282531738
2zaydf5d,servo,0.25,5,50,28999680,29.50337600708008,27.94331932067871
2zaydf5d,servo,0.25,5,50,33669120,31.61505126953125,28.55527464548747
2zaydf5d,servo,0.25,5,50,38584320,34.46778869628906,30.281736373901367
2zaydf5d,servo,0.25,5,50,43253760,40.949798583984375,32.059746742248535
2zaydf5d,servo,0.25,5,50,48168960,46.337921142578125,36.57478713989258
2zaydf5d,servo,0.25,5,50,52838400,48.58201217651367,38.57599131266276
2zaydf5d,servo,0.25,5,50,57753600,49.37941360473633,43.94338684082031
2zaydf5d,servo,0.25,5,50,62423040,52.15509796142578,45.312005360921226
2zaydf5d,servo,0.25,5,50,67338240,51.724082946777344,49.63570556640625
2zaydf5d,servo,0.25,5,50,72007680,51.763427734375,49.990325927734375
2zaydf5d,servo,0.25,5,50,76922880,53.25349044799805,51.6551025390625
2zaydf5d,servo,0.25,5,50,81838080,52.59788131713867,52.29879608154297
2zaydf5d,servo,0.25,5,50,86507520,53.4464111328125,52.55705871582031
2zaydf5d,servo,0.25,5,50,91422720,53.23766326904297,52.85977478027344
2zaydf5d,servo,0.25,5,50,96092160,53.76906967163086,53.26090316772461
2zaydf5d,servo,0.25,5,50,101007360,54.15573120117188,53.441351318359374
2zaydf5d,servo,0.25,5,50,105676800,54.16195297241211,53.56145159403483
2zaydf5d,servo,0.25,5,50,110592000,54.25104522705078,53.91509246826172
2zaydf5d,servo,0.25,5,50,115261440,53.03175354003906,53.767869313557945
2zaydf5d,servo,0.25,5,50,120176640,52.56302261352539,53.63270111083985
2zaydf5d,servo,0.25,5,50,124846080,53.15794372558594,53.553574879964195
2zaydf5d,servo,0.25,5,50,129761280,53.07484436035156,53.215721893310544
2zaydf5d,servo,0.25,5,50,134430720,51.988616943359375,53.011204401652016
2zaydf5d,servo,0.25,5,50,139345920,52.720550537109375,52.70099563598633
2zaydf5d,servo,0.25,5,50,144015360,53.29683303833008,52.80030186971029
2zaydf5d,servo,0.25,5,50,148930560,54.33562850952149,53.08329467773437
2zaydf5d,servo,0.25,5,50,153600000,54.34342956542969,53.29331715901693
2zaydf5d,servo,0.25,5,50,158515200,53.73199462890625,53.68568725585938
2zaydf5d,servo,0.25,5,50,163430400,54.54019165039063,54.049615478515626
2zaydf5d,servo,0.25,5,50,168099840,54.38555908203125,54.26736068725586
2zaydf5d,servo,0.25,5,50,173015040,53.4996337890625,54.100161743164065
2zaydf5d,servo,0.25,5,50,177684480,53.010589599609375,53.83359375
2zaydf5d,servo,0.25,5,50,182599680,53.4023323059082,53.76766128540039
2zaydf5d,servo,0.25,5,50,187269120,54.827857971191406,53.94436073303223
2zaydf5d,servo,0.25,5,50,192184320,55.5235595703125,54.0527946472168
2zaydf5d,servo,0.25,5,50,196853760,56.461944580078125,54.454319636027016
2zaydf5d,servo,0.25,5,50,201768960,56.47859573364258,55.33885803222656
2zaydf5d,servo,0.25,5,50,206438400,55.46715545654297,55.3602409362793
2zaydf5d,servo,0.25,5,50,211353600,56.29595184326172,56.045441436767575
2zaydf5d,servo,0.25,5,50,216023040,56.26128387451172,56.0814151763916
2zaydf5d,servo,0.25,5,50,220938240,56.3657455444336,56.173746490478514
2zaydf5d,servo,0.25,5,50,225607680,57.50312042236328,56.39530881245931
2zaydf5d,servo,0.25,5,50,230522880,58.124977111816406,56.91021575927734
2zaydf5d,servo,0.25,5,50,235438080,57.32119369506836,57.115264129638675
2zaydf5d,servo,0.25,5,50,240107520,55.930274963378906,57.04906234741211
2zaydf5d,servo,0.25,5,50,245022720,57.614593505859375,57.298831939697266
2zaydf5d,servo,0.25,5,50,249692160,57.35088348388672,57.268384552001955
2zaydf5d,servo,0.25,5,50,254607360,57.29478454589844,57.10234603881836
2zaydf5d,servo,0.25,5,50,259276800,58.1358757019043,57.274600982666016
2zaydf5d,servo,0.25,5,50,264192000,56.46378326416016,57.3719841003418
2zaydf5d,servo,0.25,5,50,268861440,58.60450744628906,57.57740465799967
2zaydf5d,servo,0.25,5,50,273776640,58.862083435058594,57.87220687866211
2zaydf5d,servo,0.25,5,50,278446080,58.72819519042969,58.01487159729004
2zaydf5d,servo,0.25,5,50,283361280,57.22029113769531,57.975772094726565
2zaydf5d,servo,0.25,5,50,288030720,57.869388580322266,57.958041508992515
2zaydf5d,servo,0.25,5,50,292945920,59.1783447265625,58.37166061401367
2zaydf5d,servo,0.25,5,50,297615360,58.761474609375,58.43662961324056
2zaydf5d,servo,0.25,5,50,302530560,59.2099494934082,58.447889709472655
2zaydf5d,servo,0.25,5,50,307200000,58.25779342651367,58.41620699564616
2zaydf5d,servo,0.25,5,50,312115200,58.56572341918945,58.794657135009764
2zaydf5d,servo,0.25,5,50,317030400,58.54780578613281,58.668549346923825
2zaydf5d,servo,0.25,5,50,321699840,59.85912704467773,58.88807983398438
2zaydf5d,servo,0.25,5,50,326615040,59.125274658203125,58.87114486694336
2zaydf5d,servo,0.25,5,50,331284480,59.354034423828125,59.09039306640625
2zaydf5d,servo,0.25,5,50,336199680,59.41509628295898,59.260267639160155
2zaydf5d,servo,0.25,5,50,340869120,59.151023864746094,59.24206034342448
2zaydf5d,servo,0.25,5,50,345784320,59.71691131591797,59.35246810913086
2zaydf5d,servo,0.25,5,50,350453760,60.00513458251953,59.46124585469564
2zaydf5d,servo,0.25,5,50,355368960,59.982521057128906,59.654137420654294
2zaydf5d,servo,0.25,5,50,360038400,60.47993469238281,59.79177029927572
2zaydf5d,servo,0.25,5,50,364953600,60.29246520996094,60.095393371582034
2zaydf5d,servo,0.25,5,50,369623040,60.40129470825195,60.14637692769369
2zaydf5d,servo,0.25,5,50,374538240,60.39930725097656,60.31110458374023
2zaydf5d,servo,0.25,5,50,379207680,59.88021087646485,60.239288965861
2zaydf5d,servo,0.25,5,50,384122880,61.0873908996582,60.4121337890625
2zaydf5d,servo,0.25,5,50,389038080,59.66301727294922,60.28624420166015
2zaydf5d,servo,0.25,5,50,393707520,60.19027328491211,60.244039916992186
2zaydf5d,servo,0.25,5,50,398622720,59.4899787902832,60.062174224853514
2zaydf5d,servo,0.25,5,50,403292160,60.35125350952149,60.15638275146485
2zaydf5d,servo,0.25,5,50,408207360,59.90835571289063,59.92057571411133
2zaydf5d,servo,0.25,5,50,412876800,60.304046630859375,59.984487533569336
2zaydf5d,servo,0.25,5,50,417792000,59.4740104675293,59.9055290222168
2zaydf5d,servo,0.25,5,50,422461440,60.40616226196289,59.98896789550781
2zaydf5d,servo,0.25,5,50,427376640,60.06173324584961,60.03086166381836
2zaydf5d,servo,0.25,5,50,432046080,59.45933151245117,59.93560663859049
2zaydf5d,servo,0.25,5,50,436961280,59.86137008666992,59.85252151489258
2zaydf5d,servo,0.25,5,50,441630720,60.23340225219727,59.916001637776695
2zaydf5d,servo,0.25,5,50,446545920,60.36954498291016,59.997076416015624
2zaydf5d,servo,0.25,5,50,451215360,60.76801300048828,60.12556584676107
2zaydf5d,servo,0.25,5,50,456130560,60.86758041381836,60.4199821472168
2zaydf5d,servo,0.25,5,50,460800000,59.47431945800781,60.2623716990153
2zaydf5d,servo,0.25,5,50,465715200,60.16391754150391,60.3286750793457
2zaydf5d,servo,0.25,5,50,470630400,60.50369644165039,60.35550537109375
2zaydf5d,servo,0.25,5,50,475299840,60.65233612060547,60.33236999511719
2zaydf5d,servo,0.25,5,50,480215040,60.62278747558594,60.2834114074707
o000rgp7,servo,0.5,5,50,4915200,37.04241943359375,
o000rgp7,servo,0.5,5,50,9830400,45.25769805908203,
o000rgp7,servo,0.5,5,50,14499840,65.68424987792969,
o000rgp7,servo,0.5,5,50,19415040,65.49284362792969,
o000rgp7,servo,0.5,5,50,24084480,61.413818359375,54.978205871582034
o000rgp7,servo,0.5,5,50,28999680,70.59831237792969,61.68938446044922
o000rgp7,servo,0.5,5,50,33669120,71.58157348632812,63.33808263142904
o000rgp7,servo,0.5,5,50,38584320,68.93769836425781,67.60484924316407
o000rgp7,servo,0.5,5,50,43253760,75.94223022460938,68.99441274007161
o000rgp7,servo,0.5,5,50,48168960,77.25367736816406,72.86269836425781
o000rgp7,servo,0.5,5,50,52838400,79.79020690917969,74.0172831217448
o000rgp7,servo,0.5,5,50,57753600,80.69274139404297,76.52331085205078
o000rgp7,servo,0.5,5,50,62423040,81.36715698242188,77.33061854044597
o000rgp7,servo,0.5,5,50,67338240,82.18057250976562,80.25687103271484
o000rgp7,servo,0.5,5,50,72007680,82.44424438476562,80.62143325805664
o000rgp7,servo,0.5,5,50,76922880,83.22811889648438,81.9825668334961
o000rgp7,servo,0.5,5,50,81838080,83.97496032714844,82.63901062011719
o000rgp7,servo,0.5,5,50,86507520,84.58642578125,83.28286437988281
o000rgp7,servo,0.5,5,50,91422720,86.28314208984375,84.10337829589844
o000rgp7,servo,0.5,5,50,96092160,88.2845458984375,85.27143859863281
o000rgp7,servo,0.5,5,50,101007360,89.87281799316406,86.60037841796876
o000rgp7,servo,0.5,5,50,105676800,89.53898620605469,87.09014638264973
o000rgp7,servo,0.5,5,50,110592000,89.36833190917969,88.66956481933593
o000rgp7,servo,0.5,5,50,115261440,89.53677368164062,88.81409962972005
o000rgp7,servo,0.5,5,50,120176640,90.30662536621094,89.72470703125
o000rgp7,servo,0.5,5,50,124846080,91.21383666992188,89.97289530436198
o000rgp7,servo,0.5,5,50,129761280,91.52584838867188,90.390283203125
o000rgp7,servo,0.5,5,50,134430720,92.07980346679688,90.67186991373698
o000rgp7,servo,0.5,5,50,139345920,92.13600158691406,91.45242309570312
o000rgp7,servo,0.5,5,50,144015360,92.18980407714844,91.57531992594402
o000rgp7,servo,0.5,5,50,148930560,91.87646484375,91.96158447265626
o000rgp7,servo,0.5,5,50,153600000,96.02880096435548,92.63945388793945
o000rgp7,servo,0.5,5,50,158515200,93.80506896972656,93.20722808837891
o000rgp7,servo,0.5,5,50,163430400,94.9691925048828,93.77386627197265
o000rgp7,servo,0.5,5,50,168099840,93.46622467041016,94.029150390625
o000rgp7,servo,0.5,5,50,173015040,97.26632690429688,95.10712280273438
o000rgp7,servo,0.5,5,50,177684480,95.52166748046876,95.00569610595703
o000rgp7,servo,0.5,5,50,182599680,95.38961029052734,95.32260437011719
o000rgp7,servo,0.5,5,50,187269120,95.49128723144533,95.35071818033855
o000rgp7,servo,0.5,5,50,192184320,100.57066345214844,96.84791107177735
o000rgp7,servo,0.5,5,50,196853760,103.14459228515624,97.89735794067383
o000rgp7,servo,0.5,5,50,201768960,98.87239074707033,98.69370880126954
o000rgp7,servo,0.5,5,50,206438400,104.53787994384766,99.66773732503255
o000rgp7,servo,0.5,5,50,211353600,107.58404541015624,102.94191436767578
o000rgp7,servo,0.5,5,50,216023040,108.62281799316406,103.8887316385905
o000rgp7,servo,0.5,5,50,220938240,106.6800537109375,105.25943756103516
o000rgp7,servo,0.5,5,50,225607680,108.0242919921875,105.72024663289388
o000rgp7,servo,0.5,5,50,230522880,106.71669006347656,107.52557983398438
o000rgp7,servo,0.5,5,50,235438080,105.48966217041016,107.10670318603516
o000rgp7,servo,0.5,5,50,240107520,108.3663558959961,107.05541076660157
o000rgp7,servo,0.5,5,50,245022720,110.889892578125,107.89737854003906
o000rgp7,servo,0.5,5,50,249692160,111.40955352783205,108.57443084716797
o000rgp7,servo,0.5,5,50,254607360,114.45581817626952,110.12225646972657
o000rgp7,servo,0.5,5,50,259276800,110.09282684326172,110.11735153198242
o000rgp7,servo,0.5,5,50,264192000,115.4254913330078,112.45471649169922
o000rgp7,servo,0.5,5,50,268861440,112.72802734375,112.50026830037434
o000rgp7,servo,0.5,5,50,273776640,121.35929870605467,114.81229248046876
o000rgp7,servo,0.5,5,50,278446080,119.65602111816406,115.6195805867513
o000rgp7,servo,0.5,5,50,283361280,117.41913604736328,117.31759490966797
o000rgp7,servo,0.5,5,50,288030720,118.05455780029295,117.44042205810547
o000rgp7,servo,0.5,5,50,292945920,118.63373565673828,119.02454986572266
o000rgp7,servo,0.5,5,50,297615360,118.71233367919922,118.97251383463542
o000rgp7,servo,0.5,5,50,302530560,121.66990661621094,118.89793395996094
o000rgp7,servo,0.5,5,50,307200000,122.7913055419922,119.54682922363281
o000rgp7,servo,0.5,5,50,312115200,123.6317901611328,121.08781433105469
o000rgp7,servo,0.5,5,50,317030400,120.97014617919922,121.55509643554687
o000rgp7,servo,0.5,5,50,321699840,123.50534057617188,122.51369781494141
o000rgp7,servo,0.5,5,50,326615040,123.24566650390624,122.82884979248047
o000rgp7,servo,0.5,5,50,331284480,123.9688491821289,123.06435852050781
o000rgp7,servo,0.5,5,50,336199680,124.57646942138672,123.2532943725586
o000rgp7,servo,0.5,5,50,340869120,123.5441436767578,123.3017692565918
o000rgp7,servo,0.5,5,50,345784320,122.97178649902344,123.66138305664063
o000rgp7,servo,0.5,5,50,350453760,122.90804290771484,123.535826365153
o000rgp7,servo,0.5,5,50,355368960,61.625919342041016,111.12527236938476
o000rgp7,servo,0.5,5,50,360038400,115.82635498046876,111.90878613789876
o000rgp7,servo,0.5,5,50,364953600,123.11467742919922,109.28935623168945
o000rgp7,servo,0.5,5,50,369623040,125.0843734741211,111.92185910542806
o000rgp7,servo,0.5,5,50,374538240,127.32584381103516,110.59543380737304
o000rgp7,servo,0.5,5,50,379207680,128.66079711914062,113.60632769266765
o000rgp7,servo,0.5,5,50,384122880,130.21075439453125,126.87928924560546
o000rgp7,servo,0.5,5,50,389038080,129.88250732421875,128.23285522460938
o000rgp7,servo,0.5,5,50,393707520,131.95620727539062,129.6072219848633
o000rgp7,servo,0.5,5,50,398622720,131.21881103515625,130.3858154296875
o000rgp7,servo,0.5,5,50,403292160,133.55516052246094,131.36468811035155
o000rgp7,servo,0.5,5,50,408207360,134.51361083984375,132.22525939941406
o000rgp7,servo,0.5,5,50,412876800,137.93203735351562,133.176389058431
o000rgp7,servo,0.5,5,50,417792000,136.95884704589844,134.835693359375
o000rgp7,servo,0.5,5,50,422461440,136.21270751953125,135.06519571940103
o000rgp7,servo,0.5,5,50,427376640,135.0012664794922,136.12369384765626
o000rgp7,servo,0.5,5,50,432046080,138.76097106933594,136.56324005126953
o000rgp7,servo,0.5,5,50,436961280,136.77896118164062,136.7425506591797
o000rgp7,servo,0.5,5,50,441630720,140.74183654785156,137.40909830729166
o000rgp7,servo,0.5,5,50,446545920,140.70762634277344,138.39813232421875
o000rgp7,servo,0.5,5,50,451215360,146.23654174804688,139.70453389485678
o000rgp7,servo,0.5,5,50,456130560,145.80064392089844,142.0531219482422
o000rgp7,servo,0.5,5,50,460800000,141.06015014648438,141.88762664794922
o000rgp7,servo,0.5,5,50,465715200,143.44815063476562,143.45062255859375
o000rgp7,servo,0.5,5,50,470630400,147.15277099609375,144.73965148925782
o000rgp7,servo,0.5,5,50,475299840,101.90480041503906,135.87330322265626
o000rgp7,servo,0.5,5,50,480215040,115.1858367919922,129.750341796875
1hot441u,servo,1.0,5,50,4915200,38.59281921386719,
1hot441u,servo,1.0,5,50,9830400,80.40629577636719,
1hot441u,servo,1.0,5,50,14499840,101.83816528320312,
1hot441u,servo,1.0,5,50,19415040,107.35438537597656,
1hot441u,servo,1.0,5,50,24084480,113.83547973632812,88.40542907714844
1hot441u,servo,1.0,5,50,28999680,115.97959899902344,103.88278503417969
1hot441u,servo,1.0,5,50,33669120,118.20233154296876,106.26937611897786
1hot441u,servo,1.0,5,50,38584320,119.41886138916016,114.9581314086914
1hot441u,servo,1.0,5,50,43253760,122.5216827392578,116.21872329711914
1hot441u,servo,1.0,5,50,48168960,125.10951232910156,120.24639739990235
1hot441u,servo,1.0,5,50,52838400,126.10480499267578,121.22279866536458
1hot441u,servo,1.0,5,50,57753600,130.02713012695312,124.63639831542969
1hot441u,servo,1.0,5,50,62423040,135.12408447265625,126.38434600830078
1hot441u,servo,1.0,5,50,67338240,136.822509765625,130.63760833740236
1hot441u,servo,1.0,5,50,72007680,143.96087646484375,132.85815302530924
1hot441u,servo,1.0,5,50,76922880,151.84759521484375,139.5564392089844
1hot441u,servo,1.0,5,50,81838080,158.28652954101562,145.20831909179688
1hot441u,servo,1.0,5,50,86507520,157.9808349609375,149.77966918945313
1hot441u,servo,1.0,5,50,91422720,159.2906036376953,154.27328796386718
1hot441u,servo,1.0,5,50,96092160,165.597900390625,158.60069274902344
1hot441u,servo,1.0,5,50,101007360,176.4384765625,163.51886901855468
1hot441u,servo,1.0,5,50,105676800,179.98226928710938,166.2627690633138
1hot441u,servo,1.0,5,50,110592000,181.296875,172.52122497558594
1hot441u,servo,1.0,5,50,115261440,187.79486083984372,175.06683095296225
1hot441u,servo,1.0,5,50,120176640,192.45465087890625,183.5934265136719
1hot441u,servo,1.0,5,50,124846080,189.1690368652344,184.52269490559897
1hot441u,servo,1.0,5,50,129761280,191.67303466796875,188.47769165039062
1hot441u,servo,1.0,5,50,134430720,195.41064453125,189.63318379720053
1hot441u,servo,1.0,5,50,139345920,200.94288635253903,193.9300506591797
1hot441u,servo,1.0,5,50,144015360,206.98448181152344,196.1057891845703
1hot441u,servo,1.0,5,50,148930560,206.7381896972656,200.34984741210937
1hot441u,servo,1.0,5,50,153600000,211.26272583007807,202.16866048177084
1hot441u,servo,1.0,5,50,158515200,219.5405120849609,209.09375915527343
1hot441u,servo,1.0,5,50,163430400,220.48583984375,213.00234985351562
1hot441u,servo,1.0,5,50,168099840,224.3690948486328,216.4792724609375
1hot441u,servo,1.0,5,50,173015040,240.32644653320312,223.196923828125
1hot441u,servo,1.0,5,50,177684480,262.8487548828125,233.51412963867188
1hot441u,servo,1.0,5,50,182599680,266.6436767578125,242.93476257324218
1hot441u,servo,1.0,5,50,187269120,265.1514587402344,246.63754526774088
1hot441u,servo,1.0,5,50,192184320,271.0133972167969,261.1967468261719
1hot441u,servo,1.0,5,50,196853760,272.6531677246094,263.1061503092448
1hot441u,servo,1.0,5,50,201768960,276.87548828125,270.4674377441406
1hot441u,servo,1.0,5,50,206438400,279.1778564453125,271.91917419433594
1hot441u,servo,1.0,5,50,211353600,279.6981811523437,275.8836181640625
1hot441u,servo,1.0,5,50,216023040,282.07635498046875,276.9157409667969
1hot441u,servo,1.0,5,50,220938240,281.38360595703125,279.84229736328126
1hot441u,servo,1.0,5,50,225607680,282.4077453613281,280.2698720296224
1hot441u,servo,1.0,5,50,230522880,284.50616455078125,282.0144104003906
1hot441u,servo,1.0,5,50,235438080,285.6439514160156,283.203564453125
1hot441u,servo,1.0,5,50,240107520,286.6200561523437,284.1123046875
1hot441u,servo,1.0,5,50,245022720,287.1240234375,285.26038818359376
1hot441u,servo,1.0,5,50,249692160,287.9302978515625,286.3648986816406
1hot441u,servo,1.0,5,50,254607360,288.37115478515625,287.1378967285156
1hot441u,servo,1.0,5,50,259276800,290.9334411621094,287.77048746744794
1hot441u,servo,1.0,5,50,264192000,291.0419921875,289.08018188476564
1hot441u,servo,1.0,5,50,268861440,293.4142761230469,289.8025309244792
1hot441u,servo,1.0,5,50,273776640,293.11834716796875,291.37584228515624
1hot441u,servo,1.0,5,50,278446080,292.8944091796875,291.6289367675781
1hot441u,servo,1.0,5,50,283361280,292.66357421875,292.62651977539065
1hot441u,servo,1.0,5,50,288030720,293.059326171875,292.6986541748047
1hot441u,servo,1.0,5,50,292945920,185.43896484375,271.43492431640624
1hot441u,servo,1.0,5,50,297615360,297.22174072265625,275.73272705078125
1hot441u,servo,1.0,5,50,302530560,301.3170166015625,273.94012451171875
1hot441u,servo,1.0,5,50,307200000,306.083984375,279.2974344889323
1hot441u,servo,1.0,5,50,312115200,307.2744140625,279.46722412109375
1hot441u,servo,1.0,5,50,317030400,308.81866455078125,304.1431640625
1hot441u,servo,1.0,5,50,321699840,308.93707275390625,306.48623046875
1hot441u,servo,1.0,5,50,326615040,309.799560546875,308.1827392578125
1hot441u,servo,1.0,5,50,331284480,315.4457702636719,310.0550964355469
1hot441u,servo,1.0,5,50,336199680,318.4123229980469,312.2826782226563
1hot441u,servo,1.0,5,50,340869120,316.27154541015625,312.94748942057294
1hot441u,servo,1.0,5,50,345784320,318.17413330078125,315.62066650390625
1hot441u,servo,1.0,5,50,350453760,319.9836730957031,316.34783426920575
1hot441u,servo,1.0,5,50,355368960,319.9698791503906,318.56231079101565
1hot441u,servo,1.0,5,50,360038400,322.75225830078125,319.26063537597656
1hot441u,servo,1.0,5,50,364953600,322.79888916015625,320.7357666015625
1hot441u,servo,1.0,5,50,369623040,322.4725341796875,321.0252278645833
1hot441u,servo,1.0,5,50,374538240,324.48065185546875,322.4948425292969
1hot441u,servo,1.0,5,50,379207680,324.797607421875,322.8786366780599
1hot441u,servo,1.0,5,50,384122880,322.70721435546875,323.4513793945313
1hot441u,servo,1.0,5,50,389038080,323.4195556640625,323.5755126953125
1hot441u,servo,1.0,5,50,393707520,323.51422119140625,323.7838500976562
1hot441u,servo,1.0,5,50,398622720,322.8809814453125,323.463916015625
1hot441u,servo,1.0,5,50,403292160,324.41998291015625,323.3883911132813
1hot441u,servo,1.0,5,50,408207360,326.162353515625,324.0794189453125
1hot441u,servo,1.0,5,50,412876800,325.17022705078125,324.26122029622394
1hot441u,servo,1.0,5,50,417792000,325.67010498046875,324.86072998046876
1hot441u,servo,1.0,5,50,422461440,327.14617919921875,325.24163818359375
1hot441u,servo,1.0,5,50,427376640,327.403564453125,326.31048583984375
1hot441u,servo,1.0,5,50,432046080,327.07037353515625,326.4371337890625
1hot441u,servo,1.0,5,50,436961280,328.7839660644531,327.2148376464844
1hot441u,servo,1.0,5,50,441630720,327.3541564941406,327.23805745442706
1hot441u,servo,1.0,5,50,446545920,328.94952392578125,327.9123168945313
1hot441u,servo,1.0,5,50,451215360,328.9965209960937,328.093017578125
1hot441u,servo,1.0,5,50,456130560,329.52764892578125,328.72236328125
1hot441u,servo,1.0,5,50,460800000,329.52587890625,328.8562825520833
1hot441u,servo,1.0,5,50,465715200,329.63427734375,329.32677001953124
1hot441u,servo,1.0,5,50,470630400,329.8750305175781,329.5118713378906
1hot441u,servo,1.0,5,50,475299840,331.1654052734375,329.9456481933594
1hot441u,servo,1.0,5,50,480215040,332.0800170898437,330.45612182617185
ylqtyh2p,servo,4.0,5,50,4915200,103.5471420288086,
ylqtyh2p,servo,4.0,5,50,9830400,162.85400390625,
ylqtyh2p,servo,4.0,5,50,14499840,235.30935668945312,
ylqtyh2p,servo,4.0,5,50,19415040,286.66534423828125,
ylqtyh2p,servo,4.0,5,50,24084480,317.22509765625,221.12018890380858
ylqtyh2p,servo,4.0,5,50,28999680,327.29400634765625,265.86956176757815
ylqtyh2p,servo,4.0,5,50,33669120,331.6632080078125,276.8351694742839
ylqtyh2p,servo,4.0,5,50,38584320,337.15234375,320.0
ylqtyh2p,servo,4.0,5,50,43253760,340.1599426269531,323.3599904378255
ylqtyh2p,servo,4.0,5,50,48168960,344.6593322753906,336.1857666015625
ylqtyh2p,servo,4.0,5,50,52838400,346.66552734375,337.93239339192706
ylqtyh2p,servo,4.0,5,50,57753600,348.63018798828125,343.453466796875
ylqtyh2p,servo,4.0,5,50,62423040,358.2691955566406,345.9227549235026
ylqtyh2p,servo,4.0,5,50,67338240,358.7020263671875,351.38525390625
ylqtyh2p,servo,4.0,5,50,72007680,367.0466918945313,353.99549357096356
ylqtyh2p,servo,4.0,5,50,76922880,372.3173828125,360.99309692382815
ylqtyh2p,servo,4.0,5,50,81838080,374.238037109375,366.1146667480469
ylqtyh2p,servo,4.0,5,50,86507520,376.89013671875,369.83885498046874
ylqtyh2p,servo,4.0,5,50,91422720,384.3887939453125,374.97620849609376
ylqtyh2p,servo,4.0,5,50,96092160,386.3422546386719,378.8353210449219
ylqtyh2p,servo,4.0,5,50,101007360,393.27435302734375,383.02671508789064
ylqtyh2p,servo,4.0,5,50,105676800,393.8951721191406,384.83812459309894
ylqtyh2p,servo,4.0,5,50,110592000,402.06243896484375,391.9926025390625
ylqtyh2p,servo,4.0,5,50,115261440,408.4360656738281,394.7331797281901
ylqtyh2p,servo,4.0,5,50,120176640,416.25396728515625,402.7843994140625
ylqtyh2p,servo,4.0,5,50,124846080,419.145751953125,405.51129150390625
ylqtyh2p,servo,4.0,5,50,129761280,422.3642272949219,413.652490234375
ylqtyh2p,servo,4.0,5,50,134430720,426.7554321289063,415.83631388346356
ylqtyh2p,servo,4.0,5,50,139345920,431.1395263671875,423.13178100585935
ylqtyh2p,servo,4.0,5,50,144015360,441.0373229980469,426.1160380045573
ylqtyh2p,servo,4.0,5,50,148930560,444.79486083984375,433.21827392578126
ylqtyh2p,servo,4.0,5,50,153600000,449.44537353515625,435.92279052734375
ylqtyh2p,servo,4.0,5,50,158515200,450.69580078125,443.4225769042969
ylqtyh2p,servo,4.0,5,50,163430400,453.7778015136719,447.9502319335937
ylqtyh2p,servo,4.0,5,50,168099840,458.5719909667969,451.45716552734376
ylqtyh2p,servo,4.0,5,50,173015040,462.15478515625,454.929150390625
ylqtyh2p,servo,4.0,5,50,177684480,468.3316955566406,458.7064147949219
ylqtyh2p,servo,4.0,5,50,182599680,472.2087097167969,463.0089965820313
ylqtyh2p,servo,4.0,5,50,187269120,477.5076599121094,465.4254404703776
ylqtyh2p,servo,4.0,5,50,192184320,479.0023193359375,471.8410339355469
ylqtyh2p,servo,4.0,5,50,196853760,486.621826171875,474.30449930826825
ylqtyh2p,servo,4.0,5,50,201768960,491.19873046875,481.30784912109374
ylqtyh2p,servo,4.0,5,50,206438400,490.6689758300781,482.8680369059245
ylqtyh2p,servo,4.0,5,50,211353600,493.4406127929688,488.1864929199219
ylqtyh2p,servo,4.0,5,50,216023040,504.396240234375,490.88811747233075
ylqtyh2p,servo,4.0,5,50,220938240,500.36761474609375,496.0144348144531
ylqtyh2p,servo,4.0,5,50,225607680,503.5615234375,497.27228291829425
ylqtyh2p,servo,4.0,5,50,230522880,504.8579406738281,501.3247863769531
ylqtyh2p,servo,4.0,5,50,235438080,514.956298828125,505.6279235839844
ylqtyh2p,servo,4.0,5,50,240107520,516.1799926757812,507.98467407226565
ylqtyh2p,servo,4.0,5,50,245022720,522.3427124023438,512.3796936035156
ylqtyh2p,servo,4.0,5,50,249692160,538.400146484375,519.3474182128906
ylqtyh2p,servo,4.0,5,50,254607360,545.13671875,527.403173828125
ylqtyh2p,servo,4.0,5,50,259276800,568.77099609375,534.2978108723959
ylqtyh2p,servo,4.0,5,50,264192000,567.85595703125,548.5013061523438
ylqtyh2p,servo,4.0,5,50,268861440,585.3515014648438,554.6430053710938
ylqtyh2p,servo,4.0,5,50,273776640,590.8250122070312,571.588037109375
ylqtyh2p,servo,4.0,5,50,278446080,597.0037841796875,575.8239949544271
ylqtyh2p,servo,4.0,5,50,283361280,617.5993041992188,591.7271118164062
ylqtyh2p,servo,4.0,5,50,288030720,618.80810546875,596.2406107584635
ylqtyh2p,servo,4.0,5,50,292945920,639.431640625,612.7335693359375
ylqtyh2p,servo,4.0,5,50,297615360,684.23193359375,624.6499633789062
ylqtyh2p,servo,4.0,5,50,302530560,736.1673583984375,659.2476684570313
ylqtyh2p,servo,4.0,5,50,307200000,759.961669921875,676.0333353678385
ylqtyh2p,servo,4.0,5,50,312115200,765.95703125,717.1499267578125
ylqtyh2p,servo,4.0,5,50,317030400,773.5589599609375,743.975390625
ylqtyh2p,servo,4.0,5,50,321699840,786.9984130859375,764.5286865234375
ylqtyh2p,servo,4.0,5,50,326615040,792.3032836914062,775.7558715820312
ylqtyh2p,servo,4.0,5,50,331284480,798.390625,783.4416625976562
ylqtyh2p,servo,4.0,5,50,336199680,797.3732299804688,789.72490234375
ylqtyh2p,servo,4.0,5,50,340869120,797.8505859375,791.0791829427084
ylqtyh2p,servo,4.0,5,50,345784320,814.8916015625,800.161865234375
ylqtyh2p,servo,4.0,5,50,350453760,820.261474609375,803.5118001302084
ylqtyh2p,servo,4.0,5,50,355368960,831.1031494140625,812.2960083007813
ylqtyh2p,servo,4.0,5,50,360038400,830.7794189453125,815.3765767415365
ylqtyh2p,servo,4.0,5,50,364953600,838.2652587890625,827.0601806640625
ylqtyh2p,servo,4.0,5,50,369623040,838.8985595703125,829.0332438151041
ylqtyh2p,servo,4.0,5,50,374538240,838.5481567382812,835.5189086914063
ylqtyh2p,servo,4.0,5,50,379207680,842.218994140625,836.6355895996094
ylqtyh2p,servo,4.0,5,50,384122880,848.051025390625,841.1963989257813
ylqtyh2p,servo,4.0,5,50,389038080,847.2379760742188,842.9909423828125
ylqtyh2p,servo,4.0,5,50,393707520,851.2930908203125,845.4698486328125
ylqtyh2p,servo,4.0,5,50,398622720,860.1256713867188,849.7853515625
ylqtyh2p,servo,4.0,5,50,403292160,868.224853515625,854.9865234375
ylqtyh2p,servo,4.0,5,50,408207360,872.5695190429688,859.8902221679688
ylqtyh2p,servo,4.0,5,50,412876800,884.6635131835938,864.0191040039062
ylqtyh2p,servo,4.0,5,50,417792000,885.63525390625,874.2437622070313
ylqtyh2p,servo,4.0,5,50,422461440,895.6939697265625,877.8187967936198
ylqtyh2p,servo,4.0,5,50,427376640,926.7772827148438,893.0679077148437
ylqtyh2p,servo,4.0,5,50,432046080,934.5632934570312,899.9838053385416
ylqtyh2p,servo,4.0,5,50,436961280,933.8047485351562,915.2949096679688
ylqtyh2p,servo,4.0,5,50,441630720,958.5641479492188,922.5064493815104
ylqtyh2p,servo,4.0,5,50,446545920,959.1051025390624,942.5629150390625
ylqtyh2p,servo,4.0,5,50,451215360,959.9527587890624,945.4612223307291
ylqtyh2p,servo,4.0,5,50,456130560,960.7130126953124,954.4279541015625
ylqtyh2p,servo,4.0,5,50,460800000,960.5703125,955.4516805013021
ylqtyh2p,servo,4.0,5,50,465715200,960.6993408203124,960.20810546875
ylqtyh2p,servo,4.0,5,50,470630400,960.7870483398438,960.5444946289062
ylqtyh2p,servo,4.0,5,50,475299840,960.5234985351562,960.658642578125
ylqtyh2p,servo,4.0,5,50,480215040,960.9766235351562,960.7113647460938
cs3376pz,servo,8.0,5,50,4915200,125.74893188476562,
cs3376pz,servo,8.0,5,50,9830400,167.32778930664062,
cs3376pz,servo,8.0,5,50,14499840,226.3172607421875,
cs3376pz,servo,8.0,5,50,19415040,296.34228515625,
cs3376pz,servo,8.0,5,50,24084480,316.4999389648437,226.4472412109375
cs3376pz,servo,8.0,5,50,28999680,324.9647521972656,266.2904052734375
cs3376pz,servo,8.0,5,50,33669120,330.3910827636719,276.9738515218099
cs3376pz,servo,8.0,5,50,38584320,329.3446655273437,319.508544921875
cs3376pz,servo,8.0,5,50,43253760,330.57275390625,321.3525797526042
cs3376pz,servo,8.0,5,50,48168960,341.3497314453125,331.32459716796876
cs3376pz,servo,8.0,5,50,52838400,348.0455017089844,334.1114145914714
cs3376pz,servo,8.0,5,50,57753600,359.9386901855469,341.8502685546875
cs3376pz,servo,8.0,5,50,62423040,385.2768859863281,349.0880381266276
cs3376pz,servo,8.0,5,50,67338240,395.1920471191406,365.9605712890625
cs3376pz,servo,8.0,5,50,72007680,412.0146789550781,373.6362559000651
cs3376pz,servo,8.0,5,50,76922880,428.9450378417969,396.2734680175781
cs3376pz,servo,8.0,5,50,81838080,447.6543273925781,413.81659545898435
cs3376pz,servo,8.0,5,50,86507520,455.31256103515625,427.82373046875
cs3376pz,servo,8.0,5,50,91422720,464.4482727050781,441.6749755859375
cs3376pz,servo,8.0,5,50,96092160,237.0604248046875,406.6841247558594
cs3376pz,servo,8.0,5,50,101007360,266.46990966796875,374.18909912109376
cs3376pz,servo,8.0,5,50,105676800,320.5296630859375,365.24585978190106
cs3376pz,servo,8.0,5,50,110592000,348.6375427246094,327.4291625976563
cs3376pz,servo,8.0,5,50,115261440,373.4507751464844,335.09943135579425
cs3376pz,servo,8.0,5,50,120176640,389.0594482421875,339.6294677734375
cs3376pz,servo,8.0,5,50,124846080,408.2097778320313,351.0595194498698
cs3376pz,servo,8.0,5,50,129761280,437.63482666015625,391.3984741210937
cs3376pz,servo,8.0,5,50,134430720,458.0197143554688,402.50201416015625
cs3376pz,servo,8.0,5,50,139345920,520.8890380859375,442.76256103515624
cs3376pz,servo,8.0,5,50,144015360,491.5118408203125,450.88744099934894
cs3376pz,servo,8.0,5,50,148930560,539.3300170898438,489.4770874023437
cs3376pz,servo,8.0,5,50,153600000,622.4813842773438,511.64447021484375
cs3376pz,servo,8.0,5,50,158515200,644.2528076171875,563.693017578125
cs3376pz,servo,8.0,5,50,163430400,654.6763916015625,590.45048828125
cs3376pz,servo,8.0,5,50,168099840,663.26953125,624.8020263671875
cs3376pz,servo,8.0,5,50,173015040,673.7987060546875,651.6957641601563
cs3376pz,servo,8.0,5,50,177684480,674.1749267578125,662.03447265625
cs3376pz,servo,8.0,5,50,182599680,682.7621459960938,669.7363403320312
cs3376pz,servo,8.0,5,50,187269120,686.3109741210938,672.498779296875
cs3376pz,servo,8.0,5,50,192184320,691.9837646484375,681.806103515625
cs3376pz,servo,8.0,5,50,196853760,692.9091796875,683.6566162109375
cs3376pz,servo,8.0,5,50,201768960,696.3716430664062,690.0675415039062
cs3376pz,servo,8.0,5,50,206438400,703.8739624023438,692.3686116536459
cs3376pz,servo,8.0,5,50,211353600,709.9483642578125,699.0173828125
cs3376pz,servo,8.0,5,50,216023040,710.3027954101562,700.8982849121094
cs3376pz,servo,8.0,5,50,220938240,710.74365234375,706.2480834960937
cs3376pz,servo,8.0,5,50,225607680,713.3770751953125,707.4362487792969
cs3376pz,servo,8.0,5,50,230522880,713.9197998046875,711.6583374023437
cs3376pz,servo,8.0,5,50,235438080,720.7404174804688,713.816748046875
cs3376pz,servo,8.0,5,50,240107520,717.2973022460938,715.2156494140625
cs3376pz,servo,8.0,5,50,245022720,722.1784057617188,717.5026000976562
cs3376pz,servo,8.0,5,50,249692160,728.2872314453125,720.4846313476562
cs3376pz,servo,8.0,5,50,254607360,731.8660888671875,724.0738891601562
cs3376pz,servo,8.0,5,50,259276800,734.88720703125,725.8761088053385
cs3376pz,servo,8.0,5,50,264192000,735.7979736328125,730.6033813476563
cs3376pz,servo,8.0,5,50,268861440,735.5896606445312,731.4344278971354
cs3376pz,servo,8.0,5,50,273776640,735.8572998046875,734.7996459960938
cs3376pz,servo,8.0,5,50,278446080,737.585693359375,735.2639872233073
cs3376pz,servo,8.0,5,50,283361280,738.971923828125,736.7605102539062
cs3376pz,servo,8.0,5,50,288030720,696.9344482421875,730.1228332519531
cs3376pz,servo,8.0,5,50,292945920,742.931396484375,730.45615234375
cs3376pz,servo,8.0,5,50,297615360,740.8580322265625,732.1897989908854
cs3376pz,servo,8.0,5,50,302530560,742.303466796875,732.399853515625
cs3376pz,servo,8.0,5,50,307200000,749.0436401367188,735.173817952474
cs3376pz,servo,8.0,5,50,312115200,751.7365112304688,745.374609375
cs3376pz,servo,8.0,5,50,317030400,754.886962890625,747.76572265625
cs3376pz,servo,8.0,5,50,321699840,749.543212890625,749.5027587890625
cs3376pz,servo,8.0,5,50,326615040,752.18115234375,751.4782958984375
cs3376pz,servo,8.0,5,50,331284480,752.5362548828125,752.1768188476562
cs3376pz,servo,8.0,5,50,336199680,754.9448852539062,752.8184936523437
cs3376pz,servo,8.0,5,50,340869120,755.9442138671875,753.3394470214844
cs3376pz,servo,8.0,5,50,345784320,759.4384765625,755.0089965820313
cs3376pz,servo,8.0,5,50,350453760,756.4178466796875,755.2438049316406
cs3376pz,servo,8.0,5,50,355368960,762.9520874023438,757.939501953125
cs3376pz,servo,8.0,5,50,360038400,763.6482543945312,758.8909606933594
cs3376pz,servo,8.0,5,50,364953600,769.0853881835938,762.3084106445312
cs3376pz,servo,8.0,5,50,369623040,769.386962890625,763.4881693522135
cs3376pz,servo,8.0,5,50,374538240,769.326416015625,766.8798217773438
cs3376pz,servo,8.0,5,50,379207680,772.3494262695312,767.7914225260416
cs3376pz,servo,8.0,5,50,384122880,772.50439453125,770.530517578125
cs3376pz,servo,8.0,5,50,389038080,775.958984375,771.9052368164063
cs3376pz,servo,8.0,5,50,393707520,778.142822265625,773.6564086914062
cs3376pz,servo,8.0,5,50,398622720,778.4615478515625,775.4834350585937
cs3376pz,servo,8.0,5,50,403292160,778.1265869140625,776.6388671875
cs3376pz,servo,8.0,5,50,408207360,778.5270385742188,777.8433959960937
cs3376pz,servo,8.0,5,50,412876800,778.30126953125,777.9197082519531
cs3376pz,servo,8.0,5,50,417792000,781.9263916015625,779.0685668945313
cs3376pz,servo,8.0,5,50,422461440,789.580810546875,780.8206075032552
cs3376pz,servo,8.0,5,50,427376640,792.6322631835938,784.1935546875
cs3376pz,servo,8.0,5,50,432046080,793.336181640625,785.7173258463541
cs3376pz,servo,8.0,5,50,436961280,804.291748046875,792.3534790039063
cs3376pz,servo,8.0,5,50,441630720,799.10791015625,793.4792175292969
cs3376pz,servo,8.0,5,50,446545920,807.370361328125,799.3476928710937
cs3376pz,servo,8.0,5,50,451215360,802.3218994140625,799.8433939615885
cs3376pz,servo,8.0,5,50,456130560,446.7732849121094,731.9730407714844
cs3376pz,servo,8.0,5,50,460800000,535.2867431640625,699.1919911702474
cs3376pz,servo,8.0,5,50,465715200,567.9537353515625,631.9412048339843
cs3376pz,servo,8.0,5,50,470630400,614.0607299804688,593.2792785644531
cs3376pz,servo,8.0,5,50,475299840,663.4306640625,565.5010314941406
cs3376pz,servo,8.0,5,50,480215040,803.5673828125,636.8598510742188
yn0g4ch2,servo,16.0,5,50,4915200,133.83941650390625,
yn0g4ch2,servo,16.0,5,50,9830400,183.6395721435547,
yn0g4ch2,servo,16.0,5,50,14499840,191.6562347412109,
yn0g4ch2,servo,16.0,5,50,19415040,213.4844665527344,
yn0g4ch2,servo,16.0,5,50,24084480,215.86463928222656,187.69686584472657
yn0g4ch2,servo,16.0,5,50,28999680,247.2206878662109,210.3731201171875
yn0g4ch2,servo,16.0,5,50,33669120,261.4007568359375,218.87772623697916
yn0g4ch2,servo,16.0,5,50,38584320,314.6729736328125,250.52870483398436
yn0g4ch2,servo,16.0,5,50,43253760,331.6402587890625,264.04729715983075
yn0g4ch2,servo,16.0,5,50,48168960,338.373291015625,298.6615936279297
yn0g4ch2,servo,16.0,5,50,52838400,343.9217224121094,306.20494842529297
yn0g4ch2,servo,16.0,5,50,57753600,350.8324584960937,335.8881408691406
yn0g4ch2,servo,16.0,5,50,62423040,350.4013977050781,338.30701700846356
yn0g4ch2,servo,16.0,5,50,67338240,354.9137878417969,347.68853149414065
yn0g4ch2,servo,16.0,5,50,72007680,357.1845703125,349.2712046305339
yn0g4ch2,servo,16.0,5,50,76922880,357.7205810546875,354.21055908203124
yn0g4ch2,servo,16.0,5,50,81838080,360.4421691894531,356.13250122070315
yn0g4ch2,servo,16.0,5,50,86507520,360.06866455078125,358.0659545898437
yn0g4ch2,servo,16.0,5,50,91422720,365.1393737792969,360.11107177734374
yn0g4ch2,servo,16.0,5,50,96092160,363.62005615234375,361.3981689453125
yn0g4ch2,servo,16.0,5,50,101007360,365.9558715820313,363.04522705078125
yn0g4ch2,servo,16.0,5,50,105676800,366.8331298828125,363.6765441894531
yn0g4ch2,servo,16.0,5,50,110592000,369.5301513671875,366.21571655273436
yn0g4ch2,servo,16.0,5,50,115261440,375.0340270996094,367.68543497721356
yn0g4ch2,servo,16.0,5,50,120176640,386.0245361328125,372.6755432128906
yn0g4ch2,servo,16.0,5,50,124846080,411.00482177734375,379.0637563069661
yn0g4ch2,servo,16.0,5,50,129761280,423.9000549316406,393.0987182617188
yn0g4ch2,servo,16.0,5,50,134430720,425.650146484375,398.5239562988281
yn0g4ch2,servo,16.0,5,50,139345920,435.742919921875,416.46449584960936
yn0g4ch2,servo,16.0,5,50,144015360,439.0867919921875,420.23487854003906
yn0g4ch2,servo,16.0,5,50,148930560,441.7076110839844,433.2175048828125
yn0g4ch2,servo,16.0,5,50,153600000,443.4731750488281,434.9267832438151
yn0g4ch2,servo,16.0,5,50,158515200,446.5793151855469,441.3179626464844
yn0g4ch2,servo,16.0,5,50,163430400,451.24365234375,444.41810913085936
yn0g4ch2,servo,16.0,5,50,168099840,455.2716674804688,447.65508422851565
yn0g4ch2,servo,16.0,5,50,173015040,458.0728759765625,450.9281372070312
yn0g4ch2,servo,16.0,5,50,177684480,458.3206481933594,453.8976318359375
yn0g4ch2,servo,16.0,5,50,182599680,463.487548828125,457.27927856445314
yn0g4ch2,servo,16.0,5,50,187269120,460.9947814941406,457.8985290527344
yn0g4ch2,servo,16.0,5,50,192184320,467.4720764160156,461.6695861816406
yn0g4ch2,servo,16.0,5,50,196853760,460.4722290039063,461.47002665201825
yn0g4ch2,servo,16.0,5,50,201768960,472.2731323242188,464.93995361328126
yn0g4ch2,servo,16.0,5,50,206438400,472.0621337890625,466.1269836425781
yn0g4ch2,servo,16.0,5,50,211353600,478.30572509765625,470.1170593261719
yn0g4ch2,servo,16.0,5,50,216023040,489.1067504882813,473.2820078531901
yn0g4ch2,servo,16.0,5,50,220938240,496.9522705078125,481.74000244140626
yn0g4ch2,servo,16.0,5,50,225607680,501.30670166015625,485.00111897786456
yn0g4ch2,servo,16.0,5,50,230522880,507.0489196777344,494.5440734863281
yn0g4ch2,servo,16.0,5,50,235438080,510.6309814453125,501.0091247558594
yn0g4ch2,servo,16.0,5,50,240107520,513.1976318359375,505.8273010253906
yn0g4ch2,servo,16.0,5,50,245022720,516.6256103515625,509.7619689941406
yn0g4ch2,servo,16.0,5,50,249692160,521.4995727539062,513.8005432128906
yn0g4ch2,servo,16.0,5,50,254607360,529.4342651367188,518.2776123046875
yn0g4ch2,servo,16.0,5,50,259276800,544.4790649414062,522.644521077474
yn0g4ch2,servo,16.0,5,50,264192000,553.706298828125,533.1489624023437
yn0g4ch2,servo,16.0,5,50,268861440,562.8455810546875,538.098398844401
yn0g4ch2,servo,16.0,5,50,273776640,568.4842529296875,551.789892578125
yn0g4ch2,servo,16.0,5,50,278446080,581.7852172851562,556.7891133626302
yn0g4ch2,servo,16.0,5,50,283361280,583.8638916015625,570.1370483398438
yn0g4ch2,servo,16.0,5,50,288030720,582.4639892578125,572.1915384928385
yn0g4ch2,servo,16.0,5,50,292945920,600.34912109375,583.3892944335937
yn0g4ch2,servo,16.0,5,50,297615360,603.1603393554688,586.6844685872396
yn0g4ch2,servo,16.0,5,50,302530560,607.9429321289062,595.5560546875
yn0g4ch2,servo,16.0,5,50,307200000,616.18896484375,598.994873046875
yn0g4ch2,servo,16.0,5,50,312115200,609.54345703125,607.436962890625
yn0g4ch2,servo,16.0,5,50,317030400,627.1553955078125,612.7982177734375
yn0g4ch2,servo,16.0,5,50,321699840,637.005615234375,619.5672729492187
yn0g4ch2,servo,16.0,5,50,326615040,632.3612670898438,624.4509399414062
yn0g4ch2,servo,16.0,5,50,331284480,645.02197265625,630.2175415039062
yn0g4ch2,servo,16.0,5,50,336199680,668.93896484375,642.0966430664063
yn0g4ch2,servo,16.0,5,50,340869120,689.6062622070312,650.0149129231771
yn0g4ch2,servo,16.0,5,50,345784320,704.805419921875,668.14677734375
yn0g4ch2,servo,16.0,5,50,350453760,707.3378295898438,674.6786193847656
yn0g4ch2,servo,16.0,5,50,355368960,706.6181030273438,695.4613159179687
yn0g4ch2,servo,16.0,5,50,360038400,712.59130859375,698.3163146972656
yn0g4ch2,servo,16.0,5,50,364953600,715.6838989257812,709.4073120117188
yn0g4ch2,servo,16.0,5,50,369623040,720.3748779296875,711.2352396647135
yn0g4ch2,servo,16.0,5,50,374538240,714.4896850585938,713.9515747070312
yn0g4ch2,servo,16.0,5,50,379207680,716.569580078125,714.3879089355469
yn0g4ch2,servo,16.0,5,50,384122880,719.4650268554688,717.3166137695313
yn0g4ch2,servo,16.0,5,50,389038080,724.260009765625,719.0318359375
yn0g4ch2,servo,16.0,5,50,393707520,727.5132446289062,720.4595092773437
yn0g4ch2,servo,16.0,5,50,398622720,728.32763671875,723.227099609375
yn0g4ch2,servo,16.0,5,50,403292160,740.316162109375,727.976416015625
yn0g4ch2,servo,16.0,5,50,408207360,740.2987060546875,732.1431518554688
yn0g4ch2,servo,16.0,5,50,412876800,739.0162353515625,733.2886657714844
yn0g4ch2,servo,16.0,5,50,417792000,737.1309814453125,737.0179443359375
yn0g4ch2,servo,16.0,5,50,422461440,752.8535766601562,739.657216389974
yn0g4ch2,servo,16.0,5,50,427376640,758.828857421875,745.6256713867188
yn0g4ch2,servo,16.0,5,50,432046080,756.2320556640625,747.3934020996094
yn0g4ch2,servo,16.0,5,50,436961280,756.3533935546875,752.2797729492188
yn0g4ch2,servo,16.0,5,50,441630720,785.712890625,757.8519592285156
yn0g4ch2,servo,16.0,5,50,446545920,786.4898681640625,768.7234130859375
yn0g4ch2,servo,16.0,5,50,451215360,788.220458984375,771.9729207356771
yn0g4ch2,servo,16.0,5,50,456130560,789.4217529296875,781.2396728515625
yn0g4ch2,servo,16.0,5,50,460800000,794.4458618164062,783.4407043457031
yn0g4ch2,servo,16.0,5,50,465715200,791.46826171875,790.0092407226563
yn0g4ch2,servo,16.0,5,50,470630400,793.7633056640625,791.4639282226562
yn0g4ch2,servo,16.0,5,50,475299840,798.9227294921875,793.6043823242187
yn0g4ch2,servo,16.0,5,50,480215040,808.4287109375,797.4057739257812
7j3pvdrw,servo,32.0,5,50,4915200,139.12661743164062,
7j3pvdrw,servo,32.0,5,50,9830400,231.847412109375,
7j3pvdrw,servo,32.0,5,50,14499840,282.7417297363281,
7j3pvdrw,servo,32.0,5,50,19415040,336.62408447265625,
7j3pvdrw,servo,32.0,5,50,24084480,407.3695068359375,279.5418701171875
7j3pvdrw,servo,32.0,5,50,28999680,534.5328369140625,358.62311401367185
7j3pvdrw,servo,32.0,5,50,33669120,553.6468505859375,391.1270701090495
7j3pvdrw,servo,32.0,5,50,38584320,600.6404418945312,486.562744140625
7j3pvdrw,servo,32.0,5,50,43253760,611.5169067382812,507.38843790690106
7j3pvdrw,servo,32.0,5,50,48168960,616.6815185546875,583.4037109375
7j3pvdrw,servo,32.0,5,50,52838400,618.1051025390625,589.1872762044271
7j3pvdrw,servo,32.0,5,50,57753600,620.1549072265625,613.419775390625
7j3pvdrw,servo,32.0,5,50,62423040,633.731201171875,616.8050130208334
7j3pvdrw,servo,32.0,5,50,67338240,632.6454467773438,624.2636352539063
7j3pvdrw,servo,32.0,5,50,72007680,636.5611572265625,626.313222249349
7j3pvdrw,servo,32.0,5,50,76922880,641.40234375,632.8990112304688
7j3pvdrw,servo,32.0,5,50,81838080,642.540771484375,637.3761840820313
7j3pvdrw,servo,32.0,5,50,86507520,648.7000732421875,640.3699584960938
7j3pvdrw,servo,32.0,5,50,91422720,649.7808837890625,643.7970458984375
7j3pvdrw,servo,32.0,5,50,96092160,650.844482421875,646.6537109375
7j3pvdrw,servo,32.0,5,50,101007360,658.5194702148438,650.0771362304688
7j3pvdrw,servo,32.0,5,50,105676800,673.1558837890625,653.923594156901
7j3pvdrw,servo,32.0,5,50,110592000,676.9984741210938,661.8598388671875
7j3pvdrw,servo,32.0,5,50,115261440,691.1922607421875,666.7485758463541
7j3pvdrw,servo,32.0,5,50,120176640,698.21533203125,679.6162841796875
7j3pvdrw,servo,32.0,5,50,124846080,691.145263671875,681.5377807617188
7j3pvdrw,servo,32.0,5,50,129761280,697.1196899414062,690.9342041015625
7j3pvdrw,servo,32.0,5,50,134430720,693.531005859375,691.3670043945312
7j3pvdrw,servo,32.0,5,50,139345920,697.8624267578125,695.5747436523437
7j3pvdrw,servo,32.0,5,50,144015360,706.2530517578125,697.3544616699219
7j3pvdrw,servo,32.0,5,50,148930560,704.3704833984375,699.8273315429688
7j3pvdrw,servo,32.0,5,50,153600000,710.07275390625,701.534901936849
7j3pvdrw,servo,32.0,5,50,158515200,704.0740966796875,704.5265625
7j3pvdrw,servo,32.0,5,50,163430400,714.15087890625,707.7842529296875
7j3pvdrw,servo,32.0,5,50,168099840,731.114990234375,712.756640625
7j3pvdrw,servo,32.0,5,50,173015040,728.1641845703125,717.515380859375
7j3pvdrw,servo,32.0,5,50,177684480,727.7024536132812,721.0413208007812
7j3pvdrw,servo,32.0,5,50,182599680,735.725341796875,727.3715698242188
7j3pvdrw,servo,32.0,5,50,187269120,741.7135009765625,729.7618916829427
7j3pvdrw,servo,32.0,5,50,192184320,738.6717529296875,734.3954467773438
7j3pvdrw,servo,32.0,5,50,196853760,743.9815063476562,735.9931233723959
7j3pvdrw,servo,32.0,5,50,201768960,758.23095703125,743.6646118164062
7j3pvdrw,servo,32.0,5,50,206438400,763.68359375,747.0011088053385
7j3pvdrw,servo,32.0,5,50,211353600,752.5103759765625,751.4156372070313
7j3pvdrw,servo,32.0,5,50,216023040,769.51806640625,754.4327087402344
7j3pvdrw,servo,32.0,5,50,220938240,775.844482421875,763.9574951171875
7j3pvdrw,servo,32.0,5,50,225607680,763.359375,763.8578084309896
7j3pvdrw,servo,32.0,5,50,230522880,769.34814453125,766.1160888671875
7j3pvdrw,servo,32.0,5,50,235438080,782.8839111328125,772.1907958984375
7j3pvdrw,servo,32.0,5,50,240107520,781.656982421875,774.6185791015625
7j3pvdrw,servo,32.0,5,50,245022720,797.52978515625,778.9556396484375
7j3pvdrw,servo,32.0,5,50,249692160,788.850341796875,784.0538330078125
7j3pvdrw,servo,32.0,5,50,254607360,813.7713623046875,792.9384765625
7j3pvdrw,servo,32.0,5,50,259276800,828.0691528320312,798.7935892740885
7j3pvdrw,servo,32.0,5,50,264192000,874.1203002929688,820.4681884765625
7j3pvdrw,servo,32.0,5,50,268861440,945.158935546875,841.2499796549479
7j3pvdrw,servo,32.0,5,50,273776640,951.0045776367188,882.4248657226562
7j3pvdrw,servo,32.0,5,50,278446080,955.3143310546876,894.5731099446615
7j3pvdrw,servo,32.0,5,50,283361280,955.3551025390624,936.1906494140625
7j3pvdrw,servo,32.0,5,50,288030720,957.7354125976562,939.7814432779948
7j3pvdrw,servo,32.0,5,50,292945920,957.7725830078124,955.4364013671875
7j3pvdrw,servo,32.0,5,50,297615360,958.7191772460938,955.9835306803385
7j3pvdrw,servo,32.0,5,50,302530560,958.5839233398438,957.6332397460938
7j3pvdrw,servo,32.0,5,50,307200000,958.9153442382812,957.846923828125
7j3pvdrw,servo,32.0,5,50,312115200,960.0093994140624,958.8000854492187
7j3pvdrw,servo,32.0,5,50,317030400,961.20703125,959.4869750976562
7j3pvdrw,servo,32.0,5,50,321699840,961.9165649414062,960.1264526367188
7j3pvdrw,servo,32.0,5,50,326615040,959.1116333007812,960.2319946289062
7j3pvdrw,servo,32.0,5,50,331284480,960.138916015625,960.476708984375
7j3pvdrw,servo,32.0,5,50,336199680,960.010986328125,960.4770263671875
7j3pvdrw,servo,32.0,5,50,340869120,960.750732421875,960.5226440429688
7j3pvdrw,servo,32.0,5,50,345784320,963.2869262695312,960.6598388671875
7j3pvdrw,servo,32.0,5,50,350453760,963.0477905273438,961.0578308105469
7j3pvdrw,servo,32.0,5,50,355368960,963.9212646484376,962.2035400390625
7j3pvdrw,servo,32.0,5,50,360038400,962.5458984375,962.2605997721354
7j3pvdrw,servo,32.0,5,50,364953600,962.9716796875,963.1547119140625
7j3pvdrw,servo,32.0,5,50,369623040,962.9683227539062,963.1236470540365
7j3pvdrw,servo,32.0,5,50,374538240,964.2053833007812,963.322509765625
7j3pvdrw,servo,32.0,5,50,379207680,963.9773559570312,963.431650797526
7j3pvdrw,servo,32.0,5,50,384122880,963.0818481445312,963.44091796875
7j3pvdrw,servo,32.0,5,50,389038080,965.0701904296876,963.8606201171875
7j3pvdrw,servo,32.0,5,50,393707520,966.427978515625,964.5525512695312
7j3pvdrw,servo,32.0,5,50,398622720,964.9169921875,964.694873046875
7j3pvdrw,servo,32.0,5,50,403292160,965.7369995117188,965.0468017578125
7j3pvdrw,servo,32.0,5,50,408207360,964.9649658203124,965.4234252929688
7j3pvdrw,servo,32.0,5,50,412876800,962.6934204101562,964.9684244791666
7j3pvdrw,servo,32.0,5,50,417792000,964.5718383789062,964.5768432617188
7j3pvdrw,servo,32.0,5,50,422461440,965.5426635742188,964.7378133138021
7j3pvdrw,servo,32.0,5,50,427376640,966.6558227539062,964.8857421875
7j3pvdrw,servo,32.0,5,50,432046080,967.3157348632812,965.2907409667969
7j3pvdrw,servo,32.0,5,50,436961280,965.1824951171876,965.8537109375
7j3pvdrw,servo,32.0,5,50,441630720,965.384521484375,965.7755126953125
7j3pvdrw,servo,32.0,5,50,446545920,965.3055419921876,965.9688232421875
7j3pvdrw,servo,32.0,5,50,451215360,966.6563720703124,966.0834147135416
7j3pvdrw,servo,32.0,5,50,456130560,965.7799072265624,965.661767578125
7j3pvdrw,servo,32.0,5,50,460800000,965.7879638671876,965.6828002929688
7j3pvdrw,servo,32.0,5,50,465715200,968.1824951171876,966.3424560546875
7j3pvdrw,servo,32.0,5,50,470630400,966.7635498046876,966.6340576171875
7j3pvdrw,servo,32.0,5,50,475299840,967.0659790039062,966.7159790039062
7j3pvdrw,servo,32.0,5,50,480215040,966.480712890625,966.8561401367188
3sjjtg31,servo,48.0,5,50,4915200,162.0390625,
3sjjtg31,servo,48.0,5,50,9830400,239.15509033203125,
3sjjtg31,servo,48.0,5,50,14499840,291.04376220703125,
3sjjtg31,servo,48.0,5,50,19415040,364.47113037109375,
3sjjtg31,servo,48.0,5,50,24084480,404.2262573242188,292.187060546875
3sjjtg31,servo,48.0,5,50,28999680,491.6542663574219,358.1101013183594
3sjjtg31,servo,48.0,5,50,33669120,592.3427734375,397.1488800048828
3sjjtg31,servo,48.0,5,50,38584320,576.43701171875,485.8262878417969
3sjjtg31,servo,48.0,5,50,43253760,571.9288940429688,500.1767222086589
3sjjtg31,servo,48.0,5,50,48168960,604.3660888671875,567.3458068847656
3sjjtg31,servo,48.0,5,50,52838400,599.5263061523438,572.7092234293619
3sjjtg31,servo,48.0,5,50,57753600,603.0504150390625,591.0617431640625
3sjjtg31,servo,48.0,5,50,62423040,588.447265625,590.6259969075521
3sjjtg31,servo,48.0,5,50,67338240,528.9750366210938,584.8730224609375
3sjjtg31,servo,48.0,5,50,72007680,562.7847900390625,581.191650390625
3sjjtg31,servo,48.0,5,50,76922880,622.5423583984375,581.1599731445312
3sjjtg31,servo,48.0,5,50,81838080,654.849609375,591.5198120117187
3sjjtg31,servo,48.0,5,50,86507520,657.9508056640625,605.4205200195313
3sjjtg31,servo,48.0,5,50,91422720,670.0397338867188,633.6334594726562
3sjjtg31,servo,48.0,5,50,96092160,680.287353515625,657.1339721679688
3sjjtg31,servo,48.0,5,50,101007360,680.8654174804688,668.798583984375
3sjjtg31,servo,48.0,5,50,105676800,679.721435546875,670.6190592447916
3sjjtg31,servo,48.0,5,50,110592000,708.32080078125,683.8469482421875
3sjjtg31,servo,48.0,5,50,115261440,724.402099609375,690.6061401367188
3sjjtg31,servo,48.0,5,50,120176640,733.3128662109375,705.3245239257812
3sjjtg31,servo,48.0,5,50,124846080,900.9871215820312,737.9349568684896
3sjjtg31,servo,48.0,5,50,129761280,934.5078125,800.3061401367188
3sjjtg31,servo,48.0,5,50,134430720,929.0782470703124,821.7681579589844
3sjjtg31,servo,48.0,5,50,139345920,942.0968017578124,887.9965698242188
3sjjtg31,servo,48.0,5,50,144015360,943.343017578125,897.2209777832031
3sjjtg31,servo,48.0,5,50,148930560,930.63037109375,935.93125
3sjjtg31,servo,48.0,5,50,153600000,934.9067993164062,935.760508219401
3sjjtg31,servo,48.0,5,50,158515200,943.51806640625,938.8990112304688
3sjjtg31,servo,48.0,5,50,163430400,933.3856201171876,937.1567749023437
3sjjtg31,servo,48.0,5,50,168099840,949.810791015625,938.4503295898437
3sjjtg31,servo,48.0,5,50,173015040,951.1607666015624,942.5564086914062
3sjjtg31,servo,48.0,5,50,177684480,952.261962890625,946.02744140625
3sjjtg31,servo,48.0,5,50,182599680,952.031494140625,947.730126953125
3sjjtg31,servo,48.0,5,50,187269120,951.9664306640624,948.4361775716146
3sjjtg31,servo,48.0,5,50,192184320,952.6167602539062,952.0074829101562
3sjjtg31,servo,48.0,5,50,196853760,953.9283447265624,952.327626546224
3sjjtg31,servo,48.0,5,50,201768960,954.9173583984376,953.0920776367187
3sjjtg31,servo,48.0,5,50,206438400,954.670654296875,953.3551737467448
3sjjtg31,servo,48.0,5,50,211353600,955.7469482421876,954.3760131835937
3sjjtg31,servo,48.0,5,50,216023040,953.0828857421876,954.1604919433594
3sjjtg31,servo,48.0,5,50,220938240,955.3668212890624,954.75693359375
3sjjtg31,servo,48.0,5,50,225607680,955.5065307617188,954.8818664550781
3sjjtg31,servo,48.0,5,50,230522880,955.7848510742188,955.097607421875
3sjjtg31,servo,48.0,5,50,235438080,957.4266357421876,955.433544921875
3sjjtg31,servo,48.0,5,50,240107520,956.728515625,956.1626708984375
3sjjtg31,servo,48.0,5,50,245022720,954.7451171875,956.038330078125
3sjjtg31,servo,48.0,5,50,249692160,957.2183837890624,956.3807006835938
3sjjtg31,servo,48.0,5,50,254607360,954.4600830078124,956.1157470703125
3sjjtg31,servo,48.0,5,50,259276800,956.1683959960938,956.124521891276
3sjjtg31,servo,48.0,5,50,264192000,957.9867553710938,956.1157470703125
3sjjtg31,servo,48.0,5,50,268861440,956.8446044921876,956.2372233072916
3sjjtg31,servo,48.0,5,50,273776640,957.603515625,956.6126708984375
3sjjtg31,servo,48.0,5,50,278446080,958.7275390625,956.9651489257812
3sjjtg31,servo,48.0,5,50,283361280,957.5843505859376,957.7493530273438
3sjjtg31,servo,48.0,5,50,288030720,954.1635131835938,957.1517130533854
3sjjtg31,servo,48.0,5,50,292945920,957.6450805664062,957.1447998046875
3sjjtg31,servo,48.0,5,50,297615360,959.75048828125,957.5790812174479
3sjjtg31,servo,48.0,5,50,302530560,959.93701171875,957.8160888671875
3sjjtg31,servo,48.0,5,50,307200000,960.3453369140624,958.2376302083334
3sjjtg31,servo,48.0,5,50,312115200,960.6078491210938,959.6571533203125
3sjjtg31,servo,48.0,5,50,317030400,960.4683837890624,960.2218139648437
3sjjtg31,servo,48.0,5,50,321699840,959.9678955078124,960.2652954101562
3sjjtg31,servo,48.0,5,50,326615040,959.8102416992188,960.23994140625
3sjjtg31,servo,48.0,5,50,331284480,961.8711547851562,960.5451049804688
3sjjtg31,servo,48.0,5,50,336199680,961.7127685546876,960.7660888671875
3sjjtg31,servo,48.0,5,50,340869120,961.0631103515624,960.8155924479166
3sjjtg31,servo,48.0,5,50,345784320,960.782470703125,961.04794921875
3sjjtg31,servo,48.0,5,50,350453760,962.7177734375,961.3262532552084
3sjjtg31,servo,48.0,5,50,355368960,962.1661376953124,961.6884521484375
3sjjtg31,servo,48.0,5,50,360038400,959.6212158203124,961.3439127604166
3sjjtg31,servo,48.0,5,50,364953600,962.3868408203124,961.5348876953125
3sjjtg31,servo,48.0,5,50,369623040,962.2838745117188,961.6597188313802
3sjjtg31,servo,48.0,5,50,374538240,963.751953125,962.0420043945312
3sjjtg31,servo,48.0,5,50,379207680,964.1054077148438,962.3859049479166
3sjjtg31,servo,48.0,5,50,384122880,964.3271484375,963.371044921875
3sjjtg31,servo,48.0,5,50,389038080,964.2623291015624,963.746142578125
3sjjtg31,servo,48.0,5,50,393707520,961.2543334960938,963.540234375
3sjjtg31,servo,48.0,5,50,398622720,964.9060668945312,963.7710571289062
3sjjtg31,servo,48.0,5,50,403292160,964.6728515625,963.8845458984375
3sjjtg31,servo,48.0,5,50,408207360,966.153564453125,964.2498291015625
3sjjtg31,servo,48.0,5,50,412876800,965.5635986328124,964.4687906901041
3sjjtg31,servo,48.0,5,50,417792000,966.4155883789062,965.542333984375
3sjjtg31,servo,48.0,5,50,422461440,964.7515869140624,965.4105428059896
3sjjtg31,servo,48.0,5,50,427376640,965.1672973632812,965.6103271484375
3sjjtg31,servo,48.0,5,50,432046080,965.462158203125,965.5856323242188
3sjjtg31,servo,48.0,5,50,436961280,963.9972534179688,965.1587768554688
3sjjtg31,servo,48.0,5,50,441630720,964.4550170898438,965.0414835611979
3sjjtg31,servo,48.0,5,50,446545920,966.1863403320312,965.05361328125
3sjjtg31,servo,48.0,5,50,451215360,966.0567016601562,965.2207946777344
3sjjtg31,servo,48.0,5,50,456130560,965.871826171875,965.313427734375
3sjjtg31,servo,48.0,5,50,460800000,966.863525390625,965.57177734375
3sjjtg31,servo,48.0,5,50,465715200,967.131103515625,966.4218994140625
3sjjtg31,servo,48.0,5,50,470630400,965.9564819335938,966.375927734375
3sjjtg31,servo,48.0,5,50,475299840,966.8031005859376,966.5252075195312
3sjjtg31,servo,48.0,5,50,480215040,968.0535888671876,966.9615600585937
o167k20f,servo,64.0,5,50,4915200,123.78346252441406,
o167k20f,servo,64.0,5,50,9830400,240.7470703125,
o167k20f,servo,64.0,5,50,14499840,274.8298034667969,
o167k20f,servo,64.0,5,50,19415040,304.97265625,
o167k20f,servo,64.0,5,50,24084480,420.26898193359375,272.92039489746094
o167k20f,servo,64.0,5,50,28999680,462.6292114257813,340.6895446777344
o167k20f,servo,64.0,5,50,33669120,554.3318481445312,376.2965952555339
o167k20f,servo,64.0,5,50,38584320,593.1224365234375,467.0650268554688
o167k20f,servo,64.0,5,50,43253760,600.1546630859375,489.2466328938802
o167k20f,servo,64.0,5,50,48168960,596.8868408203125,561.425
o167k20f,servo,64.0,5,50,52838400,608.26904296875,569.2323404947916
o167k20f,servo,64.0,5,50,57753600,616.1678466796875,602.920166015625
o167k20f,servo,64.0,5,50,62423040,624.806640625,606.5679117838541
o167k20f,servo,64.0,5,50,67338240,627.8995971679688,614.8059936523438
o167k20f,servo,64.0,5,50,72007680,629.356689453125,617.2311096191406
o167k20f,servo,64.0,5,50,76922880,639.7965087890625,627.6054565429688
o167k20f,servo,64.0,5,50,81838080,660.6910400390625,636.5100952148438
o167k20f,servo,64.0,5,50,86507520,672.65478515625,646.0797241210937
o167k20f,servo,64.0,5,50,91422720,684.6070556640625,657.4212158203125
o167k20f,servo,64.0,5,50,96092160,687.0064697265625,668.951171875
o167k20f,servo,64.0,5,50,101007360,689.509033203125,678.8936767578125
o167k20f,servo,64.0,5,50,105676800,709.5421142578125,684.0017496744791
o167k20f,servo,64.0,5,50,110592000,734.2154541015625,700.976025390625
o167k20f,servo,64.0,5,50,115261440,744.1206665039062,708.1667989095052
o167k20f,servo,64.0,5,50,120176640,781.5905151367188,731.795556640625
o167k20f,servo,64.0,5,50,124846080,802.9454345703125,743.6538696289062
o167k20f,servo,64.0,5,50,129761280,811.6253662109375,774.8994873046875
o167k20f,servo,64.0,5,50,134430720,817.7122802734375,782.0349527994791
o167k20f,servo,64.0,5,50,139345920,822.331787109375,807.2410766601563
o167k20f,servo,64.0,5,50,144015360,666.4239501953125,783.7715555826823
o167k20f,servo,64.0,5,50,148930560,717.0855712890625,767.035791015625
o167k20f,servo,64.0,5,50,153600000,786.4597778320312,770.2731221516927
o167k20f,servo,64.0,5,50,158515200,804.9391479492188,759.448046875
o167k20f,servo,64.0,5,50,163430400,824.0064697265625,759.7829833984375
o167k20f,servo,64.0,5,50,168099840,829.0597534179688,792.3101440429688
o167k20f,servo,64.0,5,50,173015040,828.971435546875,814.6873168945312
o167k20f,servo,64.0,5,50,177684480,832.0240478515625,823.8001708984375
o167k20f,servo,64.0,5,50,182599680,831.697998046875,829.1519409179688
o167k20f,servo,64.0,5,50,187269120,834.6359252929688,830.0659383138021
o167k20f,servo,64.0,5,50,192184320,840.4578857421875,833.5574584960938
o167k20f,servo,64.0,5,50,196853760,834.9520263671875,833.7898864746094
o167k20f,servo,64.0,5,50,201768960,839.4068603515625,836.2301391601562
o167k20f,servo,64.0,5,50,206438400,839.7258911132812,836.8127644856771
o167k20f,servo,64.0,5,50,211353600,844.5186767578125,839.8122680664062
o167k20f,servo,64.0,5,50,216023040,841.9259033203125,840.164540608724
o167k20f,servo,64.0,5,50,220938240,848.157958984375,842.7470581054688
o167k20f,servo,64.0,5,50,225607680,849.366455078125,843.8502909342448
o167k20f,servo,64.0,5,50,230522880,850.7283935546875,846.9394775390625
o167k20f,servo,64.0,5,50,235438080,854.82421875,849.0005859375
o167k20f,servo,64.0,5,50,240107520,853.3444213867188,851.2842895507813
o167k20f,servo,64.0,5,50,245022720,854.3448486328125,852.5216674804688
o167k20f,servo,64.0,5,50,249692160,857.2811889648438,854.1046142578125
o167k20f,servo,64.0,5,50,254607360,858.3348388671875,855.6259033203125
o167k20f,servo,64.0,5,50,259276800,859.2935180664062,856.2371724446615
o167k20f,servo,64.0,5,50,264192000,859.8934936523438,857.8295776367188
o167k20f,servo,64.0,5,50,268861440,857.8901977539062,857.8396809895834
o167k20f,servo,64.0,5,50,273776640,862.1566162109375,859.5137329101562
o167k20f,servo,64.0,5,50,278446080,858.602783203125,859.3619079589844
o167k20f,servo,64.0,5,50,283361280,860.780517578125,859.8647216796875
o167k20f,servo,64.0,5,50,288030720,862.1858520507812,860.2515767415365
o167k20f,servo,64.0,5,50,292945920,865.2992553710938,861.8050048828125
o167k20f,servo,64.0,5,50,297615360,865.4298095703125,862.4091389973959
o167k20f,servo,64.0,5,50,302530560,866.246337890625,863.9883544921875
o167k20f,servo,64.0,5,50,307200000,870.7354736328125,865.1128743489584
o167k20f,servo,64.0,5,50,312115200,868.16943359375,867.1760620117187
o167k20f,servo,64.0,5,50,317030400,866.7484130859375,867.4658935546875
o167k20f,servo,64.0,5,50,321699840,865.07470703125,867.394873046875
o167k20f,servo,64.0,5,50,326615040,869.016845703125,867.948974609375
o167k20f,servo,64.0,5,50,331284480,870.6292724609375,867.927734375
o167k20f,servo,64.0,5,50,336199680,874.5022583007812,869.1942993164063
o167k20f,servo,64.0,5,50,340869120,879.5006713867188,870.9120279947916
o167k20f,servo,64.0,5,50,345784320,877.093505859375,874.1485107421875
o167k20f,servo,64.0,5,50,350453760,878.9072265625,874.9416300455729
o167k20f,servo,64.0,5,50,355368960,881.3021850585938,878.2611694335938
o167k20f,servo,64.0,5,50,360038400,880.574951171875,878.6467997233073
o167k20f,servo,64.0,5,50,364953600,882.8818969726562,880.151953125
o167k20f,servo,64.0,5,50,369623040,884.2578125,880.8362630208334
o167k20f,servo,64.0,5,50,374538240,889.14453125,883.632275390625
o167k20f,servo,64.0,5,50,379207680,889.6232299804688,884.6307678222656
o167k20f,servo,64.0,5,50,384122880,890.5270385742188,887.2869018554687
o167k20f,servo,64.0,5,50,389038080,889.279296875,888.5663818359375
o167k20f,servo,64.0,5,50,393707520,897.1903076171875,891.152880859375
o167k20f,servo,64.0,5,50,398622720,899.8228759765625,893.2885498046875
o167k20f,servo,64.0,5,50,403292160,902.6173706054688,895.8873779296875
o167k20f,servo,64.0,5,50,408207360,903.01416015625,898.3848022460937
o167k20f,servo,64.0,5,50,412876800,901.0403442382812,898.827392578125
o167k20f,servo,64.0,5,50,417792000,896.1165771484375,900.522265625
o167k20f,servo,64.0,5,50,422461440,906.39990234375,901.5018717447916
o167k20f,servo,64.0,5,50,427376640,906.2091064453124,902.5560180664063
o167k20f,servo,64.0,5,50,432046080,908.2875366210938,903.5112711588541
o167k20f,servo,64.0,5,50,436961280,909.6566162109376,905.3339477539063
o167k20f,servo,64.0,5,50,441630720,918.3224487304688,907.4986979166666
o167k20f,servo,64.0,5,50,446545920,916.2069702148438,911.7365356445313
o167k20f,servo,64.0,5,50,451215360,911.343017578125,911.6709493001302
o167k20f,servo,64.0,5,50,456130560,920.1021118164062,915.1262329101562
o167k20f,servo,64.0,5,50,460800000,922.3689575195312,916.3333536783854
o167k20f,servo,64.0,5,50,465715200,924.085205078125,918.8212524414063
o167k20f,servo,64.0,5,50,470630400,923.296875,920.2392333984375
o167k20f,servo,64.0,5,50,475299840,923.5123901367188,922.6731079101562
o167k20f,servo,64.0,5,50,480215040,958.97412109375,930.447509765625
sbt8k29r,torque,0.0,7,42,4915200,153.40789794921875,
sbt8k29r,torque,0.0,7,42,9830400,193.388916015625,
sbt8k29r,torque,0.0,7,42,14499840,206.4402313232422,
sbt8k29r,torque,0.0,7,42,19415040,221.83938598632807,
sbt8k29r,torque,0.0,7,42,24084480,240.86659240722656,203.18860473632813
sbt8k29r,torque,0.0,7,42,28999680,286.0013427734375,229.70729370117186
sbt8k29r,torque,0.0,7,42,33669120,297.1620178222656,240.94974772135416
sbt8k29r,torque,0.0,7,42,38584320,325.9024963378906,274.3543670654297
sbt8k29r,torque,0.0,7,42,43253760,357.68994140625,288.2436294555664
sbt8k29r,torque,0.0,7,42,48168960,402.60443115234375,333.8720458984375
sbt8k29r,torque,0.0,7,42,52838400,417.7361145019531,347.8493906656901
sbt8k29r,torque,0.0,7,42,57753600,438.79876708984375,388.5463500976563
sbt8k29r,torque,0.0,7,42,62423040,444.912841796875,397.9407653808594
sbt8k29r,torque,0.0,7,42,67338240,468.3514404296875,434.4807189941406
sbt8k29r,torque,0.0,7,42,72007680,469.8620300292969,440.3776041666667
sbt8k29r,torque,0.0,7,42,76922880,483.71234130859375,461.1274841308594
sbt8k29r,torque,0.0,7,42,81838080,509.026611328125,475.1730529785156
sbt8k29r,torque,0.0,7,42,86507520,523.077880859375,490.8060607910156
sbt8k29r,torque,0.0,7,42,91422720,532.6915283203125,503.6740783691406
sbt8k29r,torque,0.0,7,42,96092160,533.8359375,516.4688598632813
sbt8k29r,torque,0.0,7,42,101007360,537.3985595703125,527.206103515625
sbt8k29r,torque,0.0,7,42,105676800,549.6837158203125,530.9523722330729
sbt8k29r,torque,0.0,7,42,110592000,546.82080078125,540.0861083984375
sbt8k29r,torque,0.0,7,42,115261440,578.3462524414062,546.4627990722656
sbt8k29r,torque,0.0,7,42,120176640,578.296142578125,558.1090942382813
sbt8k29r,torque,0.0,7,42,124846080,591.3067016601562,563.6420288085938
sbt8k29r,torque,0.0,7,42,129761280,594.6467895507812,577.8833374023437
sbt8k29r,torque,0.0,7,42,134430720,599.27783203125,581.4490865071615
sbt8k29r,torque,0.0,7,42,139345920,603.8114013671875,593.4677734375
sbt8k29r,torque,0.0,7,42,144015360,619.39599609375,597.7891438802084
sbt8k29r,torque,0.0,7,42,148930560,624.9910888671875,608.4246215820312
sbt8k29r,torque,0.0,7,42,153600000,626.012939453125,611.3560078938802
sbt8k29r,torque,0.0,7,42,158515200,643.98583984375,623.639453125
sbt8k29r,torque,0.0,7,42,163430400,653.7606201171875,633.629296875
sbt8k29r,torque,0.0,7,42,168099840,683.3017578125,646.41044921875
sbt8k29r,torque,0.0,7,42,173015040,690.5563354492188,659.5234985351562
sbt8k29r,torque,0.0,7,42,177684480,727.7713012695312,679.8751708984375
sbt8k29r,torque,0.0,7,42,182599680,766.6188354492188,704.4017700195312
sbt8k29r,torque,0.0,7,42,187269120,783.7718505859375,717.630116780599
sbt8k29r,torque,0.0,7,42,192184320,795.2601928710938,752.795703125
sbt8k29r,torque,0.0,7,42,196853760,790.5574951171875,759.0893351236979
sbt8k29r,torque,0.0,7,42,201768960,801.3543701171875,787.512548828125
sbt8k29r,torque,0.0,7,42,206438400,812.7518920898438,791.7191060384115
sbt8k29r,torque,0.0,7,42,211353600,900.54345703125,820.0934814453125
sbt8k29r,torque,0.0,7,42,216023040,914.6875,835.8591512044271
sbt8k29r,torque,0.0,7,42,220938240,915.1756591796876,868.9025756835938
sbt8k29r,torque,0.0,7,42,225607680,921.6124877929688,877.6875610351562
sbt8k29r,torque,0.0,7,42,230522880,922.9521484375,914.9942504882813
sbt8k29r,torque,0.0,7,42,235438080,919.9962158203124,918.8848022460937
sbt8k29r,torque,0.0,7,42,240107520,916.94677734375,919.3366577148438
sbt8k29r,torque,0.0,7,42,245022720,922.2352294921876,920.7485717773437
sbt8k29r,torque,0.0,7,42,249692160,926.6925048828124,921.7645751953125
sbt8k29r,torque,0.0,7,42,254607360,921.112548828125,921.3966552734375
sbt8k29r,torque,0.0,7,42,259276800,923.8643188476562,921.8079325358073
sbt8k29r,torque,0.0,7,42,264192000,920.8574829101562,922.9524169921875
sbt8k29r,torque,0.0,7,42,268861440,928.724609375,923.9144490559896
sbt8k29r,torque,0.0,7,42,273776640,925.69921875,924.0516357421875
sbt8k29r,torque,0.0,7,42,278446080,928.250244140625,924.7514038085938
sbt8k29r,torque,0.0,7,42,283361280,927.76904296875,926.2601196289063
sbt8k29r,torque,0.0,7,42,288030720,930.454833984375,926.959238688151
sbt8k29r,torque,0.0,7,42,292945920,932.2797241210938,928.8906127929688
sbt8k29r,torque,0.0,7,42,297615360,935.1170654296876,929.9283548990885
sbt8k29r,torque,0.0,7,42,302530560,937.21728515625,932.5675903320313
sbt8k29r,torque,0.0,7,42,307200000,935.62890625,933.0778096516927
sbt8k29r,torque,0.0,7,42,312115200,933.4797973632812,934.7445556640625
sbt8k29r,torque,0.0,7,42,317030400,933.7545166015624,935.0395141601563
sbt8k29r,torque,0.0,7,42,321699840,937.8934326171876,935.5947875976562
sbt8k29r,torque,0.0,7,42,326615040,937.6419067382812,935.6797119140625
sbt8k29r,torque,0.0,7,42,331284480,936.39208984375,935.8323486328125
sbt8k29r,torque,0.0,7,42,336199680,935.1460571289062,936.1656005859375
sbt8k29r,torque,0.0,7,42,340869120,938.917236328125,936.6242065429688
sbt8k29r,torque,0.0,7,42,345784320,941.7425537109376,937.96796875
sbt8k29r,torque,0.0,7,42,350453760,941.57568359375,938.5692545572916
sbt8k29r,torque,0.0,7,42,355368960,939.6192626953124,939.4001586914062
sbt8k29r,torque,0.0,7,42,360038400,942.0562133789062,939.8428344726562
sbt8k29r,torque,0.0,7,42,364953600,942.7239990234376,941.5435424804688
sbt8k29r,torque,0.0,7,42,369623040,940.7894287109376,941.4178568522135
sbt8k29r,torque,0.0,7,42,374538240,945.5720825195312,942.152197265625
sbt8k29r,torque,0.0,7,42,379207680,941.96044921875,942.1202392578125
sbt8k29r,torque,0.0,7,42,384122880,944.0423583984376,943.0176635742188
sbt8k29r,torque,0.0,7,42,389038080,945.2564697265624,943.5241577148438
sbt8k29r,torque,0.0,7,42,393707520,946.286865234375,944.6236450195313
sbt8k29r,torque,0.0,7,42,398622720,945.12109375,944.533447265625
sbt8k29r,torque,0.0,7,42,403292160,942.9418334960938,944.7297241210938
sbt8k29r,torque,0.0,7,42,408207360,944.7982788085938,944.880908203125
sbt8k29r,torque,0.0,7,42,412876800,944.2130126953124,944.7695922851562
sbt8k29r,torque,0.0,7,42,417792000,943.6010131835938,944.1350463867187
sbt8k29r,torque,0.0,7,42,422461440,941.0037841796876,943.6131693522135
sbt8k29r,torque,0.0,7,42,427376640,947.39599609375,944.2024169921875
sbt8k29r,torque,0.0,7,42,432046080,947.5742797851562,944.764394124349
sbt8k29r,torque,0.0,7,42,436961280,950.2340087890624,945.96181640625
sbt8k29r,torque,0.0,7,42,441630720,949.0513916015624,946.4767456054688
sbt8k29r,torque,0.0,7,42,446545920,948.5836181640624,948.5678588867188
sbt8k29r,torque,0.0,7,42,451215360,950.5242919921876,948.8939310709635
sbt8k29r,torque,0.0,7,42,456130560,949.3469848632812,949.5480590820313
sbt8k29r,torque,0.0,7,42,460800000,948.981689453125,949.4536641438802
sbt8k29r,torque,0.0,7,42,465715200,949.3975830078124,949.3668334960937
sbt8k29r,torque,0.0,7,42,470630400,952.2615966796876,950.1024291992187
sbt8k29r,torque,0.0,7,42,475299840,949.8875122070312,949.9750732421875
sbt8k29r,torque,0.0,7,42,480215040,952.1489868164062,950.5354736328125
eldxqhi6,torque,0.0,10,42,4915200,143.3216552734375,
eldxqhi6,torque,0.0,10,42,9830400,187.638427734375,
eldxqhi6,torque,0.0,10,42,14499840,201.58677673339844,
eldxqhi6,torque,0.0,10,42,19415040,211.7276306152344,
eldxqhi6,torque,0.0,10,42,24084480,219.32766723632807,192.72043151855468
eldxqhi6,torque,0.0,10,42,28999680,229.83985900878903,210.024072265625
eldxqhi6,torque,0.0,10,42,33669120,246.13311767578125,216.04224650065103
eldxqhi6,torque,0.0,10,42,38584320,256.7113037109375,232.74791564941407
eldxqhi6,torque,0.0,10,42,43253760,283.1513671875,241.14849090576172
eldxqhi6,torque,0.0,10,42,48168960,277.15008544921875,258.59714660644534
eldxqhi6,torque,0.0,10,42,52838400,289.664794921875,263.7750879923503
eldxqhi6,torque,0.0,10,42,57753600,301.0425720214844,281.5440246582031
eldxqhi6,torque,0.0,10,42,62423040,311.6364440917969,286.55942789713544
eldxqhi6,torque,0.0,10,42,67338240,316.1937255859375,299.1375244140625
eldxqhi6,torque,0.0,10,42,72007680,331.57470703125,304.54372151692706
eldxqhi6,torque,0.0,10,42,76922880,336.1607666015625,319.32164306640624
eldxqhi6,torque,0.0,10,42,81838080,343.966064453125,327.9063415527344
eldxqhi6,torque,0.0,10,42,86507520,353.6300048828125,336.3050537109375
eldxqhi6,torque,0.0,10,42,91422720,381.751953125,349.41669921875
eldxqhi6,torque,0.0,10,42,96092160,403.9007568359375,363.8819091796875
eldxqhi6,torque,0.0,10,42,101007360,422.6717529296875,381.1841064453125
eldxqhi6,torque,0.0,10,42,105676800,428.7552490234375,389.1126302083333
eldxqhi6,torque,0.0,10,42,110592000,435.56689453125,414.5293212890625
eldxqhi6,torque,0.0,10,42,115261440,438.6202697753906,418.5444793701172
eldxqhi6,torque,0.0,10,42,120176640,443.1173706054688,433.7463073730469
eldxqhi6,torque,0.0,10,42,124846080,455.3221435546875,437.342280069987
eldxqhi6,torque,0.0,10,42,129761280,446.50341796875,443.8260192871094
eldxqhi6,torque,0.0,10,42,134430720,460.8937377929688,446.67063903808594
eldxqhi6,torque,0.0,10,42,139345920,473.4954528808594,455.8664245605469
eldxqhi6,torque,0.0,10,42,144015360,469.8860168457031,458.20302327473956
eldxqhi6,torque,0.0,10,42,148930560,476.5950622558594,465.4747375488281
eldxqhi6,torque,0.0,10,42,153600000,478.9786376953125,467.7253875732422
eldxqhi6,torque,0.0,10,42,158515200,491.4071350097656,478.0724609375
eldxqhi6,torque,0.0,10,42,163430400,497.4438171386719,482.8621337890625
eldxqhi6,torque,0.0,10,42,168099840,504.980712890625,489.8810729980469
eldxqhi6,torque,0.0,10,42,173015040,500.3451843261719,494.6310974121094
eldxqhi6,torque,0.0,10,42,177684480,510.4260864257813,500.92058715820315
eldxqhi6,torque,0.0,10,42,182599680,523.8233642578125,507.4038330078125
eldxqhi6,torque,0.0,10,42,187269120,525.3525390625,510.39528401692706
eldxqhi6,torque,0.0,10,42,192184320,530.6253662109375,518.1145080566406
eldxqhi6,torque,0.0,10,42,196853760,536.3900146484375,521.1604258219401
eldxqhi6,torque,0.0,10,42,201768960,548.7446899414062,532.9871948242187
eldxqhi6,torque,0.0,10,42,206438400,549.8724365234375,535.8014017740885
eldxqhi6,torque,0.0,10,42,211353600,554.7716064453125,544.0808227539062
eldxqhi6,torque,0.0,10,42,216023040,559.169677734375,546.5956319173177
eldxqhi6,torque,0.0,10,42,220938240,557.3118896484375,553.9740600585938
eldxqhi6,torque,0.0,10,42,225607680,563.3565063476562,555.5378011067709
eldxqhi6,torque,0.0,10,42,230522880,558.2589111328125,558.5737182617188
eldxqhi6,torque,0.0,10,42,235438080,570.2962646484375,561.6786499023438
eldxqhi6,torque,0.0,10,42,240107520,567.800537109375,563.4048217773437
eldxqhi6,torque,0.0,10,42,245022720,571.7113037109375,566.2847045898437
eldxqhi6,torque,0.0,10,42,249692160,562.080810546875,566.0295654296875
eldxqhi6,torque,0.0,10,42,254607360,575.280029296875,569.4337890625
eldxqhi6,torque,0.0,10,42,259276800,577.417724609375,570.7644449869791
eldxqhi6,torque,0.0,10,42,264192000,573.8539428710938,572.0687622070312
eldxqhi6,torque,0.0,10,42,268861440,584.2560424804688,574.0999755859375
eldxqhi6,torque,0.0,10,42,273776640,583.464111328125,578.8543701171875
eldxqhi6,torque,0.0,10,42,278446080,587.0286865234375,580.2167561848959
eldxqhi6,torque,0.0,10,42,283361280,589.3897705078125,583.5985107421875
eldxqhi6,torque,0.0,10,42,288030720,594.0287475585938,585.3368835449219
eldxqhi6,torque,0.0,10,42,292945920,588.6111450195312,588.5044921875
eldxqhi6,torque,0.0,10,42,297615360,596.8319702148438,589.8924051920573
eldxqhi6,torque,0.0,10,42,302530560,592.09423828125,592.1911743164062
eldxqhi6,torque,0.0,10,42,307200000,594.6806640625,592.6060892740885
eldxqhi6,torque,0.0,10,42,312115200,600.6796875,594.579541015625
eldxqhi6,torque,0.0,10,42,317030400,614.3546142578125,599.7282348632813
eldxqhi6,torque,0.0,10,42,321699840,637.8319091796875,607.92822265625
eldxqhi6,torque,0.0,10,42,326615040,625.1810302734375,614.5455810546875
eldxqhi6,torque,0.0,10,42,331284480,631.9509887695312,621.9996459960937
eldxqhi6,torque,0.0,10,42,336199680,638.2691650390625,629.5175415039063
eldxqhi6,torque,0.0,10,42,340869120,638.6719970703125,631.0432840983073
eldxqhi6,torque,0.0,10,42,345784320,643.9556884765625,635.6057739257812
eldxqhi6,torque,0.0,10,42,350453760,646.5609130859375,637.431630452474
eldxqhi6,torque,0.0,10,42,355368960,656.6107177734375,644.8136962890625
eldxqhi6,torque,0.0,10,42,360038400,656.5913696289062,646.7766418457031
eldxqhi6,torque,0.0,10,42,364953600,654.486083984375,651.6409545898438
eldxqhi6,torque,0.0,10,42,369623040,658.4776000976562,652.7803955078125
eldxqhi6,torque,0.0,10,42,374538240,664.4671630859375,658.1265869140625
eldxqhi6,torque,0.0,10,42,379207680,661.7246704101562,658.7262674967448
eldxqhi6,torque,0.0,10,42,384122880,667.7095947265625,661.3730224609375
eldxqhi6,torque,0.0,10,42,389038080,671.6094970703125,664.797705078125
eldxqhi6,torque,0.0,10,42,393707520,674.3089599609375,667.9639770507813
eldxqhi6,torque,0.0,10,42,398622720,669.8570556640625,669.0419555664063
eldxqhi6,torque,0.0,10,42,403292160,671.530517578125,671.003125
eldxqhi6,torque,0.0,10,42,408207360,673.35107421875,672.1314208984375
eldxqhi6,torque,0.0,10,42,412876800,683.4796142578125,674.0227864583334
eldxqhi6,torque,0.0,10,42,417792000,672.5648193359375,674.1566162109375
eldxqhi6,torque,0.0,10,42,422461440,674.5286865234375,674.2186279296875
eldxqhi6,torque,0.0,10,42,427376640,675.1494750976562,675.8147338867187
eldxqhi6,torque,0.0,10,42,432046080,687.9600219726562,677.8389485677084
eldxqhi6,torque,0.0,10,42,436961280,688.2200317382812,679.6846069335937
eldxqhi6,torque,0.0,10,42,441630720,688.14599609375,681.0948384602865
eldxqhi6,torque,0.0,10,42,446545920,692.404541015625,686.3760131835937
eldxqhi6,torque,0.0,10,42,451215360,692.3936767578125,687.3789571126302
eldxqhi6,torque,0.0,10,42,456130560,694.425537109375,691.1179565429687
eldxqhi6,torque,0.0,10,42,460800000,698.872802734375,692.4104309082031
eldxqhi6,torque,0.0,10,42,465715200,703.8076171875,696.3808349609375
eldxqhi6,torque,0.0,10,42,470630400,699.8689575195312,697.8737182617188
eldxqhi6,torque,0.0,10,42,475299840,708.6060180664062,701.1161865234375
eldxqhi6,torque,0.0,10,42,480215040,728.0774536132812,707.8465698242187
gyxusu36,servo,4.0,10,50,4915200,86.51200866699219,
gyxusu36,servo,4.0,10,50,9830400,143.5282745361328,
gyxusu36,servo,4.0,10,50,14499840,153.77584838867188,
gyxusu36,servo,4.0,10,50,19415040,156.25216674804688,
gyxusu36,servo,4.0,10,50,24084480,158.40296936035156,139.69425354003906
gyxusu36,servo,4.0,10,50,28999680,160.8481903076172,154.56148986816407
gyxusu36,servo,4.0,10,50,33669120,161.48751831054688,155.71582794189453
gyxusu36,servo,4.0,10,50,38584320,161.43197631835938,159.68456420898437
gyxusu36,servo,4.0,10,50,43253760,167.7091064453125,161.02198791503906
gyxusu36,servo,4.0,10,50,48168960,172.67190551757812,164.82973937988282
gyxusu36,servo,4.0,10,50,52838400,175.56251525878906,166.61853535970053
gyxusu36,servo,4.0,10,50,57753600,185.68438720703125,172.61197814941406
gyxusu36,servo,4.0,10,50,62423040,197.66986083984372,176.78829193115234
gyxusu36,servo,4.0,10,50,67338240,213.6322326660156,189.04418029785157
gyxusu36,servo,4.0,10,50,72007680,223.74827575683597,194.82819620768228
gyxusu36,servo,4.0,10,50,76922880,222.94244384765625,208.73544006347657
gyxusu36,servo,4.0,10,50,81838080,231.2847900390625,217.85552062988282
gyxusu36,servo,4.0,10,50,86507520,231.50575256347656,224.62269897460936
gyxusu36,servo,4.0,10,50,91422720,236.7830810546875,229.25286865234375
gyxusu36,servo,4.0,10,50,96092160,246.5578155517578,233.8147766113281
gyxusu36,servo,4.0,10,50,101007360,248.12570190429688,238.85142822265624
gyxusu36,servo,4.0,10,50,105676800,256.93927001953125,241.8660685221354
gyxusu36,servo,4.0,10,50,110592000,267.37701416015625,251.15657653808594
gyxusu36,servo,4.0,10,50,115261440,272.5189819335937,254.71697743733725
gyxusu36,servo,4.0,10,50,120176640,269.9317626953125,262.9785461425781
gyxusu36,servo,4.0,10,50,124846080,272.1064453125,264.49986267089844
gyxusu36,servo,4.0,10,50,129761280,272.86260986328125,270.95936279296876
gyxusu36,servo,4.0,10,50,134430720,274.7519226074219,271.5914560953776
gyxusu36,servo,4.0,10,50,139345920,276.89752197265625,273.3100524902344
gyxusu36,servo,4.0,10,50,144015360,282.3999328613281,274.8250325520833
gyxusu36,servo,4.0,10,50,148930560,285.5657958984375,278.495556640625
gyxusu36,servo,4.0,10,50,153600000,285.6392822265625,279.68617757161456
gyxusu36,servo,4.0,10,50,158515200,289.2108154296875,283.9426696777344
gyxusu36,servo,4.0,10,50,163430400,292.32794189453125,287.02875366210935
gyxusu36,servo,4.0,10,50,168099840,297.88543701171875,290.1258544921875
gyxusu36,servo,4.0,10,50,173015040,304.0910949707031,293.83091430664064
gyxusu36,servo,4.0,10,50,177684480,313.2908020019531,299.36121826171876
gyxusu36,servo,4.0,10,50,182599680,310.5943603515625,303.63792724609374
gyxusu36,servo,4.0,10,50,187269120,313.9686279296875,305.3597106933594
gyxusu36,servo,4.0,10,50,192184320,312.613525390625,310.91168212890625
gyxusu36,servo,4.0,10,50,196853760,332.1558837890625,314.45238240559894
gyxusu36,servo,4.0,10,50,201768960,335.9305114746094,321.0525817871094
gyxusu36,servo,4.0,10,50,206438400,346.6072998046875,325.31170145670575
gyxusu36,servo,4.0,10,50,211353600,351.811767578125,335.82379760742185
gyxusu36,servo,4.0,10,50,216023040,354.7401123046875,338.9765167236328
gyxusu36,servo,4.0,10,50,220938240,357.8036499023437,349.3786682128906
gyxusu36,servo,4.0,10,50,225607680,359.7000732421875,351.0989023844401
gyxusu36,servo,4.0,10,50,230522880,365.223876953125,357.85589599609375
gyxusu36,servo,4.0,10,50,235438080,397.7405395507813,367.041650390625
gyxusu36,servo,4.0,10,50,240107520,409.981689453125,378.0899658203125
gyxusu36,servo,4.0,10,50,245022720,420.6782531738281,390.6648864746094
gyxusu36,servo,4.0,10,50,249692160,430.0002136230469,404.72491455078125
gyxusu36,servo,4.0,10,50,254607360,433.2197570800781,418.3240905761719
gyxusu36,servo,4.0,10,50,259276800,439.6480407714844,421.8780822753906
gyxusu36,servo,4.0,10,50,264192000,443.9709777832031,433.5034484863281
gyxusu36,servo,4.0,10,50,268861440,449.6921997070313,436.2015736897786
gyxusu36,servo,4.0,10,50,273776640,457.3655395507813,444.7793029785156
gyxusu36,servo,4.0,10,50,278446080,461.4287414550781,447.55420939127606
gyxusu36,servo,4.0,10,50,283361280,465.625244140625,455.6165405273438
gyxusu36,servo,4.0,10,50,288030720,470.2161254882813,458.0498046875
gyxusu36,servo,4.0,10,50,292945920,467.99853515625,464.52683715820314
gyxusu36,servo,4.0,10,50,297615360,476.9420166015625,466.5960337320964
gyxusu36,servo,4.0,10,50,302530560,498.0645446777344,475.7692932128906
gyxusu36,servo,4.0,10,50,307200000,501.6080932617188,480.0757598876953
gyxusu36,servo,4.0,10,50,312115200,530.594482421875,495.0415344238281
gyxusu36,servo,4.0,10,50,317030400,543.2142333984375,510.0846740722656
gyxusu36,servo,4.0,10,50,321699840,555.6419067382812,525.8246520996094
gyxusu36,servo,4.0,10,50,326615040,610.7897338867188,548.3696899414062
gyxusu36,servo,4.0,10,50,331284480,626.93798828125,573.4356689453125
gyxusu36,servo,4.0,10,50,336199680,657.2647705078125,598.7697265625
gyxusu36,servo,4.0,10,50,340869120,668.2008056640625,610.3415730794271
gyxusu36,servo,4.0,10,50,345784320,672.3370361328125,647.1060668945313
gyxusu36,servo,4.0,10,50,350453760,672.564697265625,651.3491719563802
gyxusu36,servo,4.0,10,50,355368960,680.4369506835938,670.1608520507813
gyxusu36,servo,4.0,10,50,360038400,678.7584228515625,671.5937805175781
gyxusu36,servo,4.0,10,50,364953600,683.285888671875,677.4765991210937
gyxusu36,servo,4.0,10,50,369623040,689.998291015625,679.5635477701823
gyxusu36,servo,4.0,10,50,374538240,691.866455078125,684.8692016601562
gyxusu36,servo,4.0,10,50,379207680,693.8140258789062,686.3600056966146
gyxusu36,servo,4.0,10,50,384122880,694.3648681640625,690.6659057617187
gyxusu36,servo,4.0,10,50,389038080,695.3598022460938,693.0806884765625
gyxusu36,servo,4.0,10,50,393707520,695.880126953125,694.2570556640625
gyxusu36,servo,4.0,10,50,398622720,695.9463500976562,695.0730346679687
gyxusu36,servo,4.0,10,50,403292160,698.1214599609375,695.934521484375
gyxusu36,servo,4.0,10,50,408207360,698.5758666992188,696.7767211914063
gyxusu36,servo,4.0,10,50,412876800,698.25244140625,697.0226745605469
gyxusu36,servo,4.0,10,50,417792000,698.2322387695312,697.8256713867188
gyxusu36,servo,4.0,10,50,422461440,698.3470458984375,697.9125671386719
gyxusu36,servo,4.0,10,50,427376640,699.6937255859375,698.620263671875
gyxusu36,servo,4.0,10,50,432046080,699.210205078125,698.7185872395834
gyxusu36,servo,4.0,10,50,436961280,699.520751953125,699.0007934570312
gyxusu36,servo,4.0,10,50,441630720,698.3570556640625,698.8935038248698
gyxusu36,servo,4.0,10,50,446545920,705.071044921875,700.370556640625
gyxusu36,servo,4.0,10,50,451215360,705.8845825195312,701.289560953776
gyxusu36,servo,4.0,10,50,456130560,704.01611328125,702.5699096679688
gyxusu36,servo,4.0,10,50,460800000,706.3941650390625,703.207285563151
gyxusu36,servo,4.0,10,50,465715200,706.70458984375,705.6140991210938
gyxusu36,servo,4.0,10,50,470630400,706.8656005859375,705.9730102539063
gyxusu36,servo,4.0,10,50,475299840,681.85205078125,701.16650390625
gyxusu36,servo,4.0,10,50,480215040,690.61474609375,698.48623046875
ky1r2j3t,servo,8.0,10,50,4915200,113.41992950439452,
ky1r2j3t,servo,8.0,10,50,9830400,156.260009765625,
ky1r2j3t,servo,8.0,10,50,14499840,173.4843292236328,
ky1r2j3t,servo,8.0,10,50,19415040,216.75254821777344,
ky1r2j3t,servo,8.0,10,50,24084480,275.01171875,186.98570709228517
ky1r2j3t,servo,8.0,10,50,28999680,316.9016418457031,227.6820495605469
ky1r2j3t,servo,8.0,10,50,33669120,338.7996520996094,246.20164998372397
ky1r2j3t,servo,8.0,10,50,38584320,342.4187316894531,297.9768585205078
ky1r2j3t,servo,8.0,10,50,43253760,353.4629821777344,307.2245457967122
ky1r2j3t,servo,8.0,10,50,48168960,356.5715026855469,341.6309020996094
ky1r2j3t,servo,8.0,10,50,52838400,374.28118896484375,347.07261657714844
ky1r2j3t,servo,8.0,10,50,57753600,381.7524108886719,361.69736328125
ky1r2j3t,servo,8.0,10,50,62423040,384.0277099609375,365.41908772786456
ky1r2j3t,servo,8.0,10,50,67338240,387.507568359375,376.828076171875
ky1r2j3t,servo,8.0,10,50,72007680,394.016357421875,379.6927897135417
ky1r2j3t,servo,8.0,10,50,76922880,395.2303466796875,388.5068786621094
ky1r2j3t,servo,8.0,10,50,81838080,396.2679443359375,391.4099853515625
ky1r2j3t,servo,8.0,10,50,86507520,405.4130554199219,395.6870544433594
ky1r2j3t,servo,8.0,10,50,91422720,410.0719909667969,400.19993896484374
ky1r2j3t,servo,8.0,10,50,96092160,413.4969787597656,404.0960632324219
ky1r2j3t,servo,8.0,10,50,101007360,417.9246215820313,408.6349182128906
ky1r2j3t,servo,8.0,10,50,105676800,422.6242065429688,410.9664662679036
ky1r2j3t,servo,8.0,10,50,110592000,427.1199951171875,418.24755859375
ky1r2j3t,servo,8.0,10,50,115261440,431.866455078125,420.5173746744792
ky1r2j3t,servo,8.0,10,50,120176640,434.8881530761719,426.8846862792969
ky1r2j3t,servo,8.0,10,50,124846080,446.9689331054688,430.2320607503255
ky1r2j3t,servo,8.0,10,50,129761280,450.4782104492188,438.26434936523435
ky1r2j3t,servo,8.0,10,50,134430720,458.382080078125,441.6173044840495
ky1r2j3t,servo,8.0,10,50,139345920,463.7966918945313,450.90281372070314
ky1r2j3t,servo,8.0,10,50,144015360,465.1383361816406,453.27540079752606
ky1r2j3t,servo,8.0,10,50,148930560,473.8377685546875,462.3266174316406
ky1r2j3t,servo,8.0,10,50,153600000,490.6297607421875,467.04380798339844
ky1r2j3t,servo,8.0,10,50,158515200,482.7119445800781,475.222900390625
ky1r2j3t,servo,8.0,10,50,163430400,493.83013916015625,481.22958984375
ky1r2j3t,servo,8.0,10,50,168099840,504.0184020996094,489.00560302734374
ky1r2j3t,servo,8.0,10,50,173015040,504.106689453125,495.05938720703125
ky1r2j3t,servo,8.0,10,50,177684480,514.3292236328125,499.7992797851563
ky1r2j3t,servo,8.0,10,50,182599680,513.747314453125,506.0063537597656
ky1r2j3t,servo,8.0,10,50,187269120,522.74365234375,508.795903523763
ky1r2j3t,servo,8.0,10,50,192184320,525.2457275390625,516.034521484375
ky1r2j3t,servo,8.0,10,50,196853760,531.8636474609375,518.6727091471354
ky1r2j3t,servo,8.0,10,50,201768960,535.1597900390625,525.7520263671875
ky1r2j3t,servo,8.0,10,50,206438400,538.4278564453125,527.8646647135416
ky1r2j3t,servo,8.0,10,50,211353600,539.3554077148438,534.0104858398438
ky1r2j3t,servo,8.0,10,50,216023040,550.2845458984375,536.7228291829427
ky1r2j3t,servo,8.0,10,50,220938240,558.179931640625,544.2815063476562
ky1r2j3t,servo,8.0,10,50,225607680,554.929931640625,546.0562438964844
ky1r2j3t,servo,8.0,10,50,230522880,563.9610595703125,553.3421752929687
ky1r2j3t,servo,8.0,10,50,235438080,561.9080810546875,557.8527099609375
ky1r2j3t,servo,8.0,10,50,240107520,563.525146484375,560.500830078125
ky1r2j3t,servo,8.0,10,50,245022720,520.340087890625,552.932861328125
ky1r2j3t,servo,8.0,10,50,249692160,551.8692626953125,552.3207275390625
ky1r2j3t,servo,8.0,10,50,254607360,562.52734375,552.033984375
ky1r2j3t,servo,8.0,10,50,259276800,561.4627685546875,553.6054484049479
ky1r2j3t,servo,8.0,10,50,264192000,565.6279907226562,552.3654907226562
ky1r2j3t,servo,8.0,10,50,268861440,571.686767578125,555.585703531901
ky1r2j3t,servo,8.0,10,50,273776640,581.7457885742188,568.6101318359375
ky1r2j3t,servo,8.0,10,50,278446080,582.5712890625,570.9369913736979
ky1r2j3t,servo,8.0,10,50,283361280,584.1424560546875,577.1548583984375
ky1r2j3t,servo,8.0,10,50,288030720,587.4541625976562,578.8714090983073
ky1r2j3t,servo,8.0,10,50,292945920,588.6503295898438,584.9128051757813
ky1r2j3t,servo,8.0,10,50,297615360,586.3988037109375,585.1604715983073
ky1r2j3t,servo,8.0,10,50,302530560,589.8630981445312,587.3017700195312
ky1r2j3t,servo,8.0,10,50,307200000,595.351806640625,588.6434427897135
ky1r2j3t,servo,8.0,10,50,312115200,596.0515747070312,591.2631225585938
ky1r2j3t,servo,8.0,10,50,317030400,606.10498046875,594.754052734375
ky1r2j3t,servo,8.0,10,50,321699840,609.6932373046875,599.412939453125
ky1r2j3t,servo,8.0,10,50,326615040,601.7694702148438,601.7942138671875
ky1r2j3t,servo,8.0,10,50,331284480,612.0904541015625,605.141943359375
ky1r2j3t,servo,8.0,10,50,336199680,612.0386352539062,608.33935546875
ky1r2j3t,servo,8.0,10,50,340869120,616.299560546875,609.6660563151041
ky1r2j3t,servo,8.0,10,50,345784320,621.0452880859375,612.648681640625
ky1r2j3t,servo,8.0,10,50,350453760,624.4331665039062,614.6127624511719
ky1r2j3t,servo,8.0,10,50,355368960,634.5598754882812,621.6753051757812
ky1r2j3t,servo,8.0,10,50,360038400,645.893310546875,625.7116394042969
ky1r2j3t,servo,8.0,10,50,364953600,653.5164184570312,635.8896118164063
ky1r2j3t,servo,8.0,10,50,369623040,660.4039306640625,639.975331624349
ky1r2j3t,servo,8.0,10,50,374538240,677.801513671875,654.435009765625
ky1r2j3t,servo,8.0,10,50,379207680,676.3447265625,658.0866292317709
ky1r2j3t,servo,8.0,10,50,384122880,681.1911010742188,669.8515380859375
ky1r2j3t,servo,8.0,10,50,389038080,679.9943237304688,675.147119140625
ky1r2j3t,servo,8.0,10,50,393707520,687.8037719726562,680.6270874023437
ky1r2j3t,servo,8.0,10,50,398622720,688.1781005859375,682.7024047851562
ky1r2j3t,servo,8.0,10,50,403292160,690.302734375,685.4940063476563
ky1r2j3t,servo,8.0,10,50,408207360,693.149169921875,687.8856201171875
ky1r2j3t,servo,8.0,10,50,412876800,696.8485107421875,689.3794352213541
ky1r2j3t,servo,8.0,10,50,417792000,698.2281494140625,693.3413330078125
ky1r2j3t,servo,8.0,10,50,422461440,701.0634155273438,694.6283467610677
ky1r2j3t,servo,8.0,10,50,427376640,702.507568359375,698.3593627929688
ky1r2j3t,servo,8.0,10,50,432046080,704.6625366210938,699.4098917643229
ky1r2j3t,servo,8.0,10,50,436961280,705.0355834960938,702.2994506835937
ky1r2j3t,servo,8.0,10,50,441630720,706.81591796875,703.0521952311198
ky1r2j3t,servo,8.0,10,50,446545920,710.0347900390625,705.811279296875
ky1r2j3t,servo,8.0,10,50,451215360,709.906982421875,706.493896484375
ky1r2j3t,servo,8.0,10,50,456130560,709.3270263671875,708.2240600585938
ky1r2j3t,servo,8.0,10,50,460800000,709.6127319335938,708.4555053710938
ky1r2j3t,servo,8.0,10,50,465715200,712.9246215820312,710.36123046875
ky1r2j3t,servo,8.0,10,50,470630400,715.3501586914062,711.4243041992188
ky1r2j3t,servo,8.0,10,50,475299840,716.8172607421875,712.8063598632813
ky1r2j3t,servo,8.0,10,50,480215040,714.400634765625,713.8210815429687
z5nh8rzd,servo,16.0,10,50,4915200,125.9796371459961,
z5nh8rzd,servo,16.0,10,50,9830400,191.2281188964844,
z5nh8rzd,servo,16.0,10,50,14499840,275.244384765625,
z5nh8rzd,servo,16.0,10,50,19415040,323.7251281738281,
z5nh8rzd,servo,16.0,10,50,24084480,342.74462890625,251.7843795776367
z5nh8rzd,servo,16.0,10,50,28999680,355.5603332519531,297.7005187988281
z5nh8rzd,servo,16.0,10,50,33669120,360.1909484863281,308.11559041341144
z5nh8rzd,servo,16.0,10,50,38584320,355.9425964355469,347.6327270507812
z5nh8rzd,servo,16.0,10,50,43253760,359.424560546875,349.59803263346356
z5nh8rzd,servo,16.0,10,50,48168960,363.0017700195313,358.82404174804685
z5nh8rzd,servo,16.0,10,50,52838400,368.4190673828125,360.4232126871745
z5nh8rzd,servo,16.0,10,50,57753600,380.46380615234375,365.4503601074219
z5nh8rzd,servo,16.0,10,50,62423040,398.34283447265625,370.93243916829425
z5nh8rzd,servo,16.0,10,50,67338240,412.5359497070313,384.552685546875
z5nh8rzd,servo,16.0,10,50,72007680,418.2261657714844,390.16493225097656
z5nh8rzd,servo,16.0,10,50,76922880,433.34576416015625,408.58290405273436
z5nh8rzd,servo,16.0,10,50,81838080,441.2032470703125,420.7307922363281
z5nh8rzd,servo,16.0,10,50,86507520,452.160400390625,431.4943054199219
z5nh8rzd,servo,16.0,10,50,91422720,470.25146484375,443.03740844726565
z5nh8rzd,servo,16.0,10,50,96092160,478.395263671875,455.07122802734375
z5nh8rzd,servo,16.0,10,50,101007360,483.6667175292969,465.1354187011719
z5nh8rzd,servo,16.0,10,50,105676800,497.666015625,470.55718485514325
z5nh8rzd,servo,16.0,10,50,110592000,500.4459228515625,486.0850769042969
z5nh8rzd,servo,16.0,10,50,115261440,508.1853637695313,489.7684580485026
z5nh8rzd,servo,16.0,10,50,120176640,510.3049621582031,500.0537963867188
z5nh8rzd,servo,16.0,10,50,124846080,525.677001953125,504.32433064778644
z5nh8rzd,servo,16.0,10,50,129761280,529.4521484375,514.8130798339844
z5nh8rzd,servo,16.0,10,50,134430720,534.6251831054688,518.1150970458984
z5nh8rzd,servo,16.0,10,50,139345920,543.205810546875,528.6530212402344
z5nh8rzd,servo,16.0,10,50,144015360,554.3908081054688,532.9426523844401
z5nh8rzd,servo,16.0,10,50,148930560,557.47314453125,543.8294189453125
z5nh8rzd,servo,16.0,10,50,153600000,566.5191650390625,547.6110432942709
z5nh8rzd,servo,16.0,10,50,158515200,570.5501098632812,558.4278076171875
z5nh8rzd,servo,16.0,10,50,163430400,577.83349609375,565.3533447265625
z5nh8rzd,servo,16.0,10,50,168099840,577.045166015625,569.8842163085938
z5nh8rzd,servo,16.0,10,50,173015040,571.9974365234375,572.7890747070312
z5nh8rzd,servo,16.0,10,50,177684480,577.1175537109375,574.9087524414062
z5nh8rzd,servo,16.0,10,50,182599680,586.3175048828125,578.0622314453125
z5nh8rzd,servo,16.0,10,50,187269120,591.8758544921875,580.364501953125
z5nh8rzd,servo,16.0,10,50,192184320,591.7640380859375,583.8144775390625
z5nh8rzd,servo,16.0,10,50,196853760,602.667236328125,586.9566040039062
z5nh8rzd,servo,16.0,10,50,201768960,612.126953125,596.9503173828125
z5nh8rzd,servo,16.0,10,50,206438400,613.807373046875,599.7598266601562
z5nh8rzd,servo,16.0,10,50,211353600,623.6007080078125,608.79326171875
z5nh8rzd,servo,16.0,10,50,216023040,627.6163330078125,611.9304402669271
z5nh8rzd,servo,16.0,10,50,220938240,635.467529296875,622.523779296875
z5nh8rzd,servo,16.0,10,50,225607680,643.592041015625,626.03515625
z5nh8rzd,servo,16.0,10,50,230522880,650.4359130859375,636.1425048828125
z5nh8rzd,servo,16.0,10,50,235438080,648.49658203125,641.1216796875
z5nh8rzd,servo,16.0,10,50,240107520,656.9930419921875,646.997021484375
z5nh8rzd,servo,16.0,10,50,245022720,658.8065795898438,651.6648315429687
z5nh8rzd,servo,16.0,10,50,249692160,654.66552734375,653.8795288085937
z5nh8rzd,servo,16.0,10,50,254607360,663.6234741210938,656.517041015625
z5nh8rzd,servo,16.0,10,50,259276800,670.195556640625,658.7967936197916
z5nh8rzd,servo,16.0,10,50,264192000,670.76806640625,663.6118408203125
z5nh8rzd,servo,16.0,10,50,268861440,672.9619750976562,665.1701965332031
z5nh8rzd,servo,16.0,10,50,273776640,676.283935546875,670.7666015625
z5nh8rzd,servo,16.0,10,50,278446080,676.701904296875,671.7558186848959
z5nh8rzd,servo,16.0,10,50,283361280,680.6034545898438,675.4638671875
z5nh8rzd,servo,16.0,10,50,288030720,694.8485717773438,678.6946512858073
z5nh8rzd,servo,16.0,10,50,292945920,707.1112060546875,687.109814453125
z5nh8rzd,servo,16.0,10,50,297615360,727.47216796875,693.8368733723959
z5nh8rzd,servo,16.0,10,50,302530560,775.4931640625,717.105712890625
z5nh8rzd,servo,16.0,10,50,307200000,780.6832275390625,727.7019653320312
z5nh8rzd,servo,16.0,10,50,312115200,778.300537109375,753.812060546875
z5nh8rzd,servo,16.0,10,50,317030400,783.9302978515625,769.17587890625
z5nh8rzd,servo,16.0,10,50,321699840,790.3446655273438,781.7503784179687
z5nh8rzd,servo,16.0,10,50,326615040,789.267822265625,784.5053100585938
z5nh8rzd,servo,16.0,10,50,331284480,792.422119140625,786.8530883789062
z5nh8rzd,servo,16.0,10,50,336199680,790.0850830078125,789.2099975585937
z5nh8rzd,servo,16.0,10,50,340869120,793.0501708984375,789.8500264485677
z5nh8rzd,servo,16.0,10,50,345784320,793.3695068359375,791.6389404296875
z5nh8rzd,servo,16.0,10,50,350453760,795.97509765625,792.3616333007812
z5nh8rzd,servo,16.0,10,50,355368960,794.0426025390625,793.3044921875
z5nh8rzd,servo,16.0,10,50,360038400,798.0409545898438,794.0939025878906
z5nh8rzd,servo,16.0,10,50,364953600,791.590576171875,794.6037475585938
z5nh8rzd,servo,16.0,10,50,369623040,796.5628662109375,794.9302673339844
z5nh8rzd,servo,16.0,10,50,374538240,797.3113403320312,795.50966796875
z5nh8rzd,servo,16.0,10,50,379207680,794.129150390625,795.2795817057291
z5nh8rzd,servo,16.0,10,50,384122880,793.923095703125,794.7034057617187
z5nh8rzd,servo,16.0,10,50,389038080,802.8531494140625,796.9559204101563
z5nh8rzd,servo,16.0,10,50,393707520,802.8804931640625,798.2194458007813
z5nh8rzd,servo,16.0,10,50,398622720,799.822021484375,798.72158203125
z5nh8rzd,servo,16.0,10,50,403292160,807.7099609375,801.437744140625
z5nh8rzd,servo,16.0,10,50,408207360,803.81298828125,803.41572265625
z5nh8rzd,servo,16.0,10,50,412876800,807.4907836914062,804.0948994954427
z5nh8rzd,servo,16.0,10,50,417792000,801.448974609375,804.0569458007812
z5nh8rzd,servo,16.0,10,50,422461440,795.8500366210938,802.6891276041666
z5nh8rzd,servo,16.0,10,50,427376640,807.79541015625,803.279638671875
z5nh8rzd,servo,16.0,10,50,432046080,806.7251586914062,803.8538920084635
z5nh8rzd,servo,16.0,10,50,436961280,805.2900390625,803.421923828125
z5nh8rzd,servo,16.0,10,50,441630720,804.13525390625,803.5408121744791
z5nh8rzd,servo,16.0,10,50,446545920,807.5228271484375,806.2937377929687
z5nh8rzd,servo,16.0,10,50,451215360,807.2344360351562,806.4505208333334
z5nh8rzd,servo,16.0,10,50,456130560,809.4246215820312,806.721435546875
z5nh8rzd,servo,16.0,10,50,460800000,807.9478149414062,806.9258321126302
z5nh8rzd,servo,16.0,10,50,465715200,804.6895751953125,807.3638549804688
z5nh8rzd,servo,16.0,10,50,470630400,810.1270141601562,807.8846923828125
z5nh8rzd,servo,16.0,10,50,475299840,815.2042236328125,809.4786499023437
z5nh8rzd,servo,16.0,10,50,480215040,817.423095703125,811.0783447265625
yobaxq9u,servo,32.0,10,50,4915200,134.95150756835938,
yobaxq9u,servo,32.0,10,50,9830400,201.83029174804688,
yobaxq9u,servo,32.0,10,50,14499840,225.9955902099609,
yobaxq9u,servo,32.0,10,50,19415040,256.39434814453125,
yobaxq9u,servo,32.0,10,50,24084480,289.6280517578125,221.75995788574218
yobaxq9u,servo,32.0,10,50,28999680,377.6656188964844,270.3027801513672
yobaxq9u,servo,32.0,10,50,33669120,443.8423156738281,299.22603607177734
yobaxq9u,servo,32.0,10,50,38584320,569.6773681640625,387.44154052734376
yobaxq9u,servo,32.0,10,50,43253760,592.7979736328125,421.66761271158856
yobaxq9u,servo,32.0,10,50,48168960,614.2078857421875,519.638232421875
yobaxq9u,servo,32.0,10,50,52838400,638.25390625,539.4075113932291
yobaxq9u,servo,32.0,10,50,57753600,641.1597900390625,611.219384765625
yobaxq9u,servo,32.0,10,50,62423040,662.4195556640625,619.7527465820312
yobaxq9u,servo,32.0,10,50,67338240,668.526123046875,644.9134521484375
yobaxq9u,servo,32.0,10,50,72007680,675.5440673828125,650.0185546875
yobaxq9u,servo,32.0,10,50,76922880,673.1939086914062,664.1686889648438
yobaxq9u,servo,32.0,10,50,81838080,626.8015747070312,661.2970458984375
yobaxq9u,servo,32.0,10,50,86507520,639.149658203125,656.64306640625
yobaxq9u,servo,32.0,10,50,91422720,656.8599853515625,654.3098388671875
yobaxq9u,servo,32.0,10,50,96092160,664.33447265625,652.067919921875
yobaxq9u,servo,32.0,10,50,101007360,665.1869506835938,650.4665283203125
yobaxq9u,servo,32.0,10,50,105676800,685.9322509765625,656.3774820963541
yobaxq9u,servo,32.0,10,50,110592000,695.73095703125,673.6089233398437
yobaxq9u,servo,32.0,10,50,115261440,706.4027099609375,679.0745544433594
yobaxq9u,servo,32.0,10,50,120176640,724.964599609375,695.6434936523438
yobaxq9u,servo,32.0,10,50,124846080,754.7919311523438,705.5015665690104
yobaxq9u,servo,32.0,10,50,129761280,758.8850708007812,728.1550537109375
yobaxq9u,servo,32.0,10,50,134430720,778.1671142578125,736.4903971354166
yobaxq9u,servo,32.0,10,50,139345920,761.7940063476562,755.7205444335938
yobaxq9u,servo,32.0,10,50,144015360,778.9684448242188,759.5951944986979
yobaxq9u,servo,32.0,10,50,148930560,834.5843505859375,782.4797973632812
yobaxq9u,servo,32.0,10,50,153600000,893.024169921875,800.9038594563802
yobaxq9u,servo,32.0,10,50,158515200,922.7108154296876,838.216357421875
yobaxq9u,servo,32.0,10,50,163430400,935.3919067382812,872.9359375
yobaxq9u,servo,32.0,10,50,168099840,931.6179809570312,903.4658447265625
yobaxq9u,servo,32.0,10,50,173015040,935.4814453125,923.645263671875
yobaxq9u,servo,32.0,10,50,177684480,942.19921875,933.4802734375
yobaxq9u,servo,32.0,10,50,182599680,933.0296630859376,935.54404296875
yobaxq9u,servo,32.0,10,50,187269120,942.4464111328124,936.6944376627604
yobaxq9u,servo,32.0,10,50,192184320,935.2340087890624,937.6781494140625
yobaxq9u,servo,32.0,10,50,196853760,924.199462890625,935.4317016601562
yobaxq9u,servo,32.0,10,50,201768960,917.7559814453124,930.53310546875
yobaxq9u,servo,32.0,10,50,206438400,906.7762451171876,926.5736287434896
yobaxq9u,servo,32.0,10,50,211353600,917.1969604492188,920.2325317382813
yobaxq9u,servo,32.0,10,50,216023040,896.8693237304688,916.3386637369791
yobaxq9u,servo,32.0,10,50,220938240,911.3191528320312,909.9835327148437
yobaxq9u,servo,32.0,10,50,225607680,878.138427734375,904.676015218099
yobaxq9u,servo,32.0,10,50,230522880,903.1820068359376,901.3411743164063
yobaxq9u,servo,32.0,10,50,235438080,922.31005859375,902.3637939453125
yobaxq9u,servo,32.0,10,50,240107520,897.1571044921875,902.4213500976563
yobaxq9u,servo,32.0,10,50,245022720,907.77392578125,901.7123046875
yobaxq9u,servo,32.0,10,50,249692160,906.26025390625,907.336669921875
yobaxq9u,servo,32.0,10,50,254607360,918.9874267578124,910.49775390625
yobaxq9u,servo,32.0,10,50,259276800,935.86767578125,914.72607421875
yobaxq9u,servo,32.0,10,50,264192000,931.7291259765624,920.123681640625
yobaxq9u,servo,32.0,10,50,268861440,899.1299438476562,916.6247253417969
yobaxq9u,servo,32.0,10,50,273776640,888.5067138671875,914.8441772460938
yobaxq9u,servo,32.0,10,50,278446080,890.1558837890625,910.7294616699219
yobaxq9u,servo,32.0,10,50,283361280,896.10595703125,901.1255249023437
yobaxq9u,servo,32.0,10,50,288030720,877.278076171875,897.1509501139323
yobaxq9u,servo,32.0,10,50,292945920,906.2401123046876,891.6573486328125
yobaxq9u,servo,32.0,10,50,297615360,895.5271606445312,892.3023173014323
yobaxq9u,servo,32.0,10,50,302530560,886.1724853515625,892.2647583007813
yobaxq9u,servo,32.0,10,50,307200000,904.4715576171876,894.2992248535156
yobaxq9u,servo,32.0,10,50,312115200,891.831787109375,896.8486206054688
yobaxq9u,servo,32.0,10,50,317030400,898.3536376953125,895.2713256835938
yobaxq9u,servo,32.0,10,50,321699840,881.3887939453125,892.44365234375
yobaxq9u,servo,32.0,10,50,326615040,902.0863647460938,895.6264282226563
yobaxq9u,servo,32.0,10,50,331284480,863.2105712890625,887.3742309570313
yobaxq9u,servo,32.0,10,50,336199680,883.7900390625,885.7658813476562
yobaxq9u,servo,32.0,10,50,340869120,902.8388671875,888.6113789876302
yobaxq9u,servo,32.0,10,50,345784320,909.4436645507812,892.2739013671875
yobaxq9u,servo,32.0,10,50,350453760,896.41845703125,892.9646606445312
yobaxq9u,servo,32.0,10,50,355368960,889.6878051757812,896.4357666015625
yobaxq9u,servo,32.0,10,50,360038400,914.4920654296876,899.4451497395834
yobaxq9u,servo,32.0,10,50,364953600,915.4598999023438,905.1003784179687
yobaxq9u,servo,32.0,10,50,369623040,918.0723876953124,907.2623799641927
yobaxq9u,servo,32.0,10,50,374538240,929.7587890625,913.494189453125
yobaxq9u,servo,32.0,10,50,379207680,917.4358520507812,914.151133219401
yobaxq9u,servo,32.0,10,50,384122880,920.2481079101562,920.1950073242188
yobaxq9u,servo,32.0,10,50,389038080,935.013916015625,924.105810546875
yobaxq9u,servo,32.0,10,50,393707520,948.1112060546876,930.11357421875
yobaxq9u,servo,32.0,10,50,398622720,931.0314331054688,930.3681030273438
yobaxq9u,servo,32.0,10,50,403292160,927.386474609375,932.3582275390625
yobaxq9u,servo,32.0,10,50,408207360,927.791015625,933.8668090820313
yobaxq9u,servo,32.0,10,50,412876800,935.4127197265624,934.1244608561198
yobaxq9u,servo,32.0,10,50,417792000,928.6021728515624,930.0447631835938
yobaxq9u,servo,32.0,10,50,422461440,932.55322265625,930.4628397623698
yobaxq9u,servo,32.0,10,50,427376640,921.8714599609376,929.2461181640625
yobaxq9u,servo,32.0,10,50,432046080,940.3556518554688,931.0977071126302
yobaxq9u,servo,32.0,10,50,436961280,917.701171875,928.2167358398438
yobaxq9u,servo,32.0,10,50,441630720,928.1488037109376,928.2054138183594
yobaxq9u,servo,32.0,10,50,446545920,933.1040649414062,928.23623046875
yobaxq9u,servo,32.0,10,50,451215360,939.2481079101562,930.071543375651
yobaxq9u,servo,32.0,10,50,456130560,935.492919921875,930.739013671875
yobaxq9u,servo,32.0,10,50,460800000,947.7137451171876,933.5681355794271
yobaxq9u,servo,32.0,10,50,465715200,950.8065795898438,941.2730834960937
yobaxq9u,servo,32.0,10,50,470630400,946.3095703125,943.9141845703125
yobaxq9u,servo,32.0,10,50,475299840,954.0013427734376,946.8648315429688
yobaxq9u,servo,32.0,10,50,480215040,947.80419921875,949.3270874023438
rv6zc0b9,servo,48.0,10,50,4915200,146.13194274902344,
rv6zc0b9,servo,48.0,10,50,9830400,186.41259765625,
rv6zc0b9,servo,48.0,10,50,14499840,224.63592529296875,
rv6zc0b9,servo,48.0,10,50,19415040,237.43280029296875,
rv6zc0b9,servo,48.0,10,50,24084480,280.08843994140625,214.94034118652343
rv6zc0b9,servo,48.0,10,50,28999680,332.31854248046875,252.1776611328125
rv6zc0b9,servo,48.0,10,50,33669120,393.7984008789063,275.78111775716144
rv6zc0b9,servo,48.0,10,50,38584320,509.0037841796875,350.5283935546875
rv6zc0b9,servo,48.0,10,50,43253760,599.1365356445312,391.9630839029948
rv6zc0b9,servo,48.0,10,50,48168960,641.08251953125,495.0679565429688
rv6zc0b9,servo,48.0,10,50,52838400,649.723876953125,520.8439432779948
rv6zc0b9,servo,48.0,10,50,57753600,665.9901733398438,612.9873779296875
rv6zc0b9,servo,48.0,10,50,62423040,674.2652587890625,623.2003580729166
rv6zc0b9,servo,48.0,10,50,67338240,671.7860717773438,660.569580078125
rv6zc0b9,servo,48.0,10,50,72007680,673.871337890625,662.7865397135416
rv6zc0b9,servo,48.0,10,50,76922880,687.8653564453125,674.7556396484375
rv6zc0b9,servo,48.0,10,50,81838080,688.1446533203125,679.1865356445312
rv6zc0b9,servo,48.0,10,50,86507520,736.0933837890625,691.5521606445312
rv6zc0b9,servo,48.0,10,50,91422720,814.1448974609375,720.02392578125
rv6zc0b9,servo,48.0,10,50,96092160,927.102783203125,770.67021484375
rv6zc0b9,servo,48.0,10,50,101007360,935.9024658203124,820.27763671875
rv6zc0b9,servo,48.0,10,50,105676800,938.48974609375,839.9796549479166
rv6zc0b9,servo,48.0,10,50,110592000,936.4893188476562,910.4258422851562
rv6zc0b9,servo,48.0,10,50,115261440,944.6910400390624,916.136708577474
rv6zc0b9,servo,48.0,10,50,120176640,947.2703247070312,940.5685791015625
rv6zc0b9,servo,48.0,10,50,124846080,939.157958984375,940.3334757486979
rv6zc0b9,servo,48.0,10,50,129761280,937.380126953125,940.99775390625
rv6zc0b9,servo,48.0,10,50,134430720,946.8912353515624,941.9800008138021
rv6zc0b9,servo,48.0,10,50,139345920,945.765625,943.2930541992188
rv6zc0b9,servo,48.0,10,50,144015360,953.5491333007812,945.0024007161459
rv6zc0b9,servo,48.0,10,50,148930560,943.7913208007812,945.47548828125
rv6zc0b9,servo,48.0,10,50,153600000,948.3338623046876,945.9518839518229
rv6zc0b9,servo,48.0,10,50,158515200,928.9215087890624,944.0722900390625
rv6zc0b9,servo,48.0,10,50,163430400,942.1673583984376,943.35263671875
rv6zc0b9,servo,48.0,10,50,168099840,939.921875,940.6271850585938
rv6zc0b9,servo,48.0,10,50,173015040,945.8037719726562,941.0296752929687
rv6zc0b9,servo,48.0,10,50,177684480,947.05517578125,940.7739379882812
rv6zc0b9,servo,48.0,10,50,182599680,950.5499267578124,945.0996215820312
rv6zc0b9,servo,48.0,10,50,187269120,948.8446655273438,945.7237955729166
rv6zc0b9,servo,48.0,10,50,192184320,952.9529418945312,949.0412963867187
rv6zc0b9,servo,48.0,10,50,196853760,955.1339111328124,950.0567321777344
rv6zc0b9,servo,48.0,10,50,201768960,956.2789306640624,952.7520751953125
rv6zc0b9,servo,48.0,10,50,206438400,947.825927734375,951.9310506184896
rv6zc0b9,servo,48.0,10,50,211353600,955.1531372070312,953.4689697265625
rv6zc0b9,servo,48.0,10,50,216023040,952.5413208007812,953.3143615722656
rv6zc0b9,servo,48.0,10,50,220938240,957.0279541015624,953.7654541015625
rv6zc0b9,servo,48.0,10,50,225607680,957.930908203125,954.4596964518229
rv6zc0b9,servo,48.0,10,50,230522880,958.9317626953124,956.3170166015625
rv6zc0b9,servo,48.0,10,50,235438080,957.6315307617188,956.8126953125
rv6zc0b9,servo,48.0,10,50,240107520,955.2017822265624,957.3447875976562
rv6zc0b9,servo,48.0,10,50,245022720,955.9852294921876,957.1362426757812
rv6zc0b9,servo,48.0,10,50,249692160,951.675048828125,955.8850708007812
rv6zc0b9,servo,48.0,10,50,254607360,957.6876220703124,955.6362426757812
rv6zc0b9,servo,48.0,10,50,259276800,959.3507690429688,956.2553304036459
rv6zc0b9,servo,48.0,10,50,264192000,957.7914428710938,956.4980224609375
rv6zc0b9,servo,48.0,10,50,268861440,962.2115478515624,957.4502766927084
rv6zc0b9,servo,48.0,10,50,273776640,961.6097412109376,959.730224609375
rv6zc0b9,servo,48.0,10,50,278446080,962.5703125,960.2035725911459
rv6zc0b9,servo,48.0,10,50,283361280,962.4558715820312,961.327783203125
rv6zc0b9,servo,48.0,10,50,288030720,962.7415161132812,961.5634053548177
rv6zc0b9,servo,48.0,10,50,292945920,963.8787841796876,962.6512451171875
rv6zc0b9,servo,48.0,10,50,297615360,958.659912109375,961.9860229492188
rv6zc0b9,servo,48.0,10,50,302530560,961.7379150390624,961.8947998046875
rv6zc0b9,servo,48.0,10,50,307200000,960.35595703125,961.6383260091146
rv6zc0b9,servo,48.0,10,50,312115200,958.7322387695312,960.6729614257813
rv6zc0b9,servo,48.0,10,50,317030400,960.19873046875,959.9369506835938
rv6zc0b9,servo,48.0,10,50,321699840,953.9586181640624,958.9966918945313
rv6zc0b9,servo,48.0,10,50,326615040,958.00146484375,958.2494018554687
rv6zc0b9,servo,48.0,10,50,331284480,954.7291870117188,957.1240478515625
rv6zc0b9,servo,48.0,10,50,336199680,949.2483520507812,955.2272705078125
rv6zc0b9,servo,48.0,10,50,340869120,959.8563232421876,955.998779296875
rv6zc0b9,servo,48.0,10,50,345784320,961.2237548828124,956.61181640625
rv6zc0b9,servo,48.0,10,50,350453760,956.9368896484376,956.6659952799479
rv6zc0b9,servo,48.0,10,50,355368960,958.713134765625,957.1956909179687
rv6zc0b9,servo,48.0,10,50,360038400,958.870361328125,957.4748026529948
rv6zc0b9,servo,48.0,10,50,364953600,959.5081787109376,959.0504638671875
rv6zc0b9,servo,48.0,10,50,369623040,959.6478271484376,959.1500244140625
rv6zc0b9,servo,48.0,10,50,374538240,963.7010498046876,960.0881103515625
rv6zc0b9,servo,48.0,10,50,379207680,963.1248779296876,960.59423828125
rv6zc0b9,servo,48.0,10,50,384122880,963.1455078125,961.82548828125
rv6zc0b9,servo,48.0,10,50,389038080,965.1046752929688,962.9447875976563
rv6zc0b9,servo,48.0,10,50,393707520,963.6505126953124,963.7453247070313
rv6zc0b9,servo,48.0,10,50,398622720,963.322509765625,963.6696166992188
rv6zc0b9,servo,48.0,10,50,403292160,963.4298706054688,963.730615234375
rv6zc0b9,servo,48.0,10,50,408207360,961.4295654296876,963.3874267578125
rv6zc0b9,servo,48.0,10,50,412876800,962.6339111328124,963.2618408203125
rv6zc0b9,servo,48.0,10,50,417792000,959.5679931640624,962.0767700195313
rv6zc0b9,servo,48.0,10,50,422461440,962.8956298828124,962.2132466634115
rv6zc0b9,servo,48.0,10,50,427376640,964.2828979492188,962.1619995117187
rv6zc0b9,servo,48.0,10,50,432046080,958.5994262695312,961.5682373046875
rv6zc0b9,servo,48.0,10,50,436961280,963.1973876953124,961.7086669921875
rv6zc0b9,servo,48.0,10,50,441630720,966.9489135742188,962.582041422526
rv6zc0b9,servo,48.0,10,50,446545920,963.3790283203124,963.2815307617187
rv6zc0b9,servo,48.0,10,50,451215360,945.2559814453124,960.2772725423177
rv6zc0b9,servo,48.0,10,50,456130560,956.7315673828124,959.1025756835937
rv6zc0b9,servo,48.0,10,50,460800000,965.52587890625,960.1731262207031
rv6zc0b9,servo,48.0,10,50,465715200,964.6085205078124,959.1001953125
rv6zc0b9,servo,48.0,10,50,470630400,962.3316650390624,958.89072265625
rv6zc0b9,servo,48.0,10,50,475299840,964.65283203125,962.7700927734375
rv6zc0b9,servo,48.0,10,50,480215040,964.2216796875,964.268115234375
m68iqez4,servo,64.0,10,50,4915200,150.71231079101562,
m68iqez4,servo,64.0,10,50,9830400,198.6912078857422,
m68iqez4,servo,64.0,10,50,14499840,231.93853759765625,
m68iqez4,servo,64.0,10,50,19415040,249.30389404296875,
m68iqez4,servo,64.0,10,50,24084480,267.734619140625,219.67611389160157
m68iqez4,servo,64.0,10,50,28999680,317.6612854003906,253.06590881347657
m68iqez4,servo,64.0,10,50,33669120,379.44970703125,274.12987518310547
m68iqez4,servo,64.0,10,50,38584320,439.9857177734375,330.82704467773436
m68iqez4,servo,64.0,10,50,43253760,582.102294921875,372.7062530517578
m68iqez4,servo,64.0,10,50,48168960,628.7486572265625,469.58953247070315
m68iqez4,servo,64.0,10,50,52838400,644.671142578125,498.7698008219401
m68iqez4,servo,64.0,10,50,57753600,647.677734375,588.637109375
m68iqez4,servo,64.0,10,50,62423040,648.9585571289062,598.690684000651
m68iqez4,servo,64.0,10,50,67338240,666.3807373046875,647.2873657226562
m68iqez4,servo,64.0,10,50,72007680,670.8642578125,651.2168477376302
m68iqez4,servo,64.0,10,50,76922880,679.9979858398438,662.7758544921875
m68iqez4,servo,64.0,10,50,81838080,687.1983642578125,670.67998046875
m68iqez4,servo,64.0,10,50,86507520,680.739501953125,677.0361694335937
m68iqez4,servo,64.0,10,50,91422720,694.7978515625,682.7195922851563
m68iqez4,servo,64.0,10,50,96092160,690.7120361328125,686.6891479492188
m68iqez4,servo,64.0,10,50,101007360,715.7784423828125,693.8452392578125
m68iqez4,servo,64.0,10,50,105676800,740.3856811523438,701.6019795735677
m68iqez4,servo,64.0,10,50,110592000,897.3875732421875,747.8123168945312
m68iqez4,servo,64.0,10,50,115261440,918.7130126953124,776.2957661946615
m68iqez4,servo,64.0,10,50,120176640,922.3226928710938,838.91748046875
m68iqez4,servo,64.0,10,50,124846080,923.0535888671876,852.9401652018229
m68iqez4,servo,64.0,10,50,129761280,944.4197998046876,921.1793334960937
m68iqez4,servo,64.0,10,50,134430720,936.4349975585938,923.7219441731771
m68iqez4,servo,64.0,10,50,139345920,909.4989624023438,927.1460083007812
m68iqez4,servo,64.0,10,50,144015360,949.8453369140624,930.9292297363281
m68iqez4,servo,64.0,10,50,148930560,951.8045654296876,938.400732421875
m68iqez4,servo,64.0,10,50,153600000,938.8453369140624,938.4748331705729
m68iqez4,servo,64.0,10,50,158515200,940.8519897460938,938.16923828125
m68iqez4,servo,64.0,10,50,163430400,944.043701171875,945.0781860351562
m68iqez4,servo,64.0,10,50,168099840,953.412353515625,945.7915893554688
m68iqez4,servo,64.0,10,50,173015040,945.701904296875,944.5710571289062
m68iqez4,servo,64.0,10,50,177684480,948.5681762695312,946.515625
m68iqez4,servo,64.0,10,50,182599680,951.228271484375,948.5908813476562
m68iqez4,servo,64.0,10,50,187269120,953.88818359375,949.4737650553385
m68iqez4,servo,64.0,10,50,192184320,956.7504272460938,951.227392578125
m68iqez4,servo,64.0,10,50,196853760,956.056396484375,952.0322265625
m68iqez4,servo,64.0,10,50,201768960,957.7744140625,955.1395385742187
m68iqez4,servo,64.0,10,50,206438400,953.7941284179688,954.9153035481771
m68iqez4,servo,64.0,10,50,211353600,957.7164306640624,956.418359375
m68iqez4,servo,64.0,10,50,216023040,959.6187133789062,956.9517517089844
m68iqez4,servo,64.0,10,50,220938240,956.6986694335938,957.1204711914063
m68iqez4,servo,64.0,10,50,225607680,958.3951416015624,957.3329162597656
m68iqez4,servo,64.0,10,50,230522880,957.5372314453124,957.9932373046875
m68iqez4,servo,64.0,10,50,235438080,959.5142822265624,958.3528076171875
m68iqez4,servo,64.0,10,50,240107520,956.3817138671876,957.7054077148438
m68iqez4,servo,64.0,10,50,245022720,956.8638916015624,957.7384521484375
m68iqez4,servo,64.0,10,50,249692160,958.0428466796876,957.6679931640625
m68iqez4,servo,64.0,10,50,254607360,961.16650390625,958.39384765625
m68iqez4,servo,64.0,10,50,259276800,958.622802734375,958.4320068359375
m68iqez4,servo,64.0,10,50,264192000,959.6783447265624,958.8748779296875
m68iqez4,servo,64.0,10,50,268861440,961.5364990234376,959.3184814453125
m68iqez4,servo,64.0,10,50,273776640,959.151123046875,960.0310546875
m68iqez4,servo,64.0,10,50,278446080,961.8521118164062,960.3345642089844
m68iqez4,servo,64.0,10,50,283361280,961.5328979492188,960.7501953125
m68iqez4,servo,64.0,10,50,288030720,962.135986328125,960.9811604817709
m68iqez4,servo,64.0,10,50,292945920,961.9970703125,961.333837890625
m68iqez4,servo,64.0,10,50,297615360,963.232421875,961.6502685546875
m68iqez4,servo,64.0,10,50,302530560,963.6058349609376,962.5008422851563
m68iqez4,servo,64.0,10,50,307200000,962.0162353515624,962.4200744628906
m68iqez4,servo,64.0,10,50,312115200,955.329345703125,961.236181640625
m68iqez4,servo,64.0,10,50,317030400,952.0615844726562,959.2490844726562
m68iqez4,servo,64.0,10,50,321699840,960.7041015625,958.7434204101562
m68iqez4,servo,64.0,10,50,326615040,960.4169921875,958.1056518554688
m68iqez4,servo,64.0,10,50,331284480,958.427978515625,957.3880004882812
m68iqez4,servo,64.0,10,50,336199680,959.1278686523438,958.147705078125
m68iqez4,servo,64.0,10,50,340869120,960.7427978515624,958.5802205403646
m68iqez4,servo,64.0,10,50,345784320,961.740478515625,960.0912231445312
m68iqez4,servo,64.0,10,50,350453760,964.0451049804688,960.7502034505209
m68iqez4,servo,64.0,10,50,355368960,962.57568359375,961.64638671875
m68iqez4,servo,64.0,10,50,360038400,963.415771484375,961.9412841796875
m68iqez4,servo,64.0,10,50,364953600,962.1784057617188,962.7910888671875
m68iqez4,servo,64.0,10,50,369623040,958.309326171875,962.0441284179688
m68iqez4,servo,64.0,10,50,374538240,958.7542724609376,961.0466918945312
m68iqez4,servo,64.0,10,50,379207680,948.75341796875,958.997812906901
m68iqez4,servo,64.0,10,50,384122880,953.1644897460938,956.231982421875
m68iqez4,servo,64.0,10,50,389038080,961.756103515625,956.1475219726562
m68iqez4,servo,64.0,10,50,393707520,961.19970703125,956.7255981445312
m68iqez4,servo,64.0,10,50,398622720,961.1492919921876,957.2046020507812
m68iqez4,servo,64.0,10,50,403292160,958.2979736328124,959.1135131835938
m68iqez4,servo,64.0,10,50,408207360,954.4076538085938,959.3621459960938
m68iqez4,servo,64.0,10,50,412876800,963.7896728515624,960.1000671386719
m68iqez4,servo,64.0,10,50,417792000,957.8922119140624,959.1073608398438
m68iqez4,servo,64.0,10,50,422461440,962.2549438476562,959.6319580078125
m68iqez4,servo,64.0,10,50,427376640,959.1591796875,959.500732421875
m68iqez4,servo,64.0,10,50,432046080,962.010498046875,959.9190266927084
m68iqez4,servo,64.0,10,50,436961280,959.42578125,960.1485229492188
m68iqez4,servo,64.0,10,50,441630720,964.6007690429688,960.8905639648438
m68iqez4,servo,64.0,10,50,446545920,960.500732421875,961.1393920898438
m68iqez4,servo,64.0,10,50,451215360,961.6795043945312,961.2294108072916
m68iqez4,servo,64.0,10,50,456130560,961.1522827148438,961.4718139648437
m68iqez4,servo,64.0,10,50,460800000,963.210693359375,961.7616271972656
m68iqez4,servo,64.0,10,50,465715200,963.633056640625,962.03525390625
m68iqez4,servo,64.0,10,50,470630400,963.538818359375,962.64287109375
m68iqez4,servo,64.0,10,50,475299840,964.16650390625,963.1402709960937
m68iqez4,servo,64.0,10,50,480215040,962.702880859375,963.450390625
t3sip7o4,torque,0.0,15,42,4915200,123.97372436523438,
t3sip7o4,torque,0.0,15,42,9830400,183.22335815429688,
t3sip7o4,torque,0.0,15,42,14499840,193.29183959960935,
t3sip7o4,torque,0.0,15,42,19415040,202.76284790039065,
t3sip7o4,torque,0.0,15,42,24084480,205.29953002929688,181.71026000976562
t3sip7o4,torque,0.0,15,42,28999680,223.94497680664065,201.7045104980469
t3sip7o4,torque,0.0,15,42,33669120,253.41741943359372,210.32332865397134
t3sip7o4,torque,0.0,15,42,38584320,268.53057861328125,230.79107055664062
t3sip7o4,torque,0.0,15,42,43253760,273.82257080078125,237.9629872639974
t3sip7o4,torque,0.0,15,42,48168960,292.5712280273437,262.4573547363281
t3sip7o4,torque,0.0,15,42,52838400,301.6928100585937,268.99659729003906
t3sip7o4,torque,0.0,15,42,57753600,312.84234619140625,289.89190673828125
t3sip7o4,torque,0.0,15,42,62423040,311.7564697265625,293.53600056966144
t3sip7o4,torque,0.0,15,42,67338240,320.59844970703125,307.8922607421875
t3sip7o4,torque,0.0,15,42,72007680,325.045654296875,310.75115966796875
t3sip7o4,torque,0.0,15,42,76922880,335.97125244140625,321.2428344726562
t3sip7o4,torque,0.0,15,42,81838080,337.34283447265625,326.14293212890624
t3sip7o4,torque,0.0,15,42,86507520,340.7147216796875,331.93458251953126
t3sip7o4,torque,0.0,15,42,91422720,340.9224548339844,335.9993835449219
t3sip7o4,torque,0.0,15,42,96092160,347.2978210449219,340.44981689453124
t3sip7o4,torque,0.0,15,42,101007360,347.9622802734375,342.8480224609375
t3sip7o4,torque,0.0,15,42,105676800,349.81219482421875,344.0087178548177
t3sip7o4,torque,0.0,15,42,110592000,355.68707275390625,348.33636474609375
t3sip7o4,torque,0.0,15,42,115261440,355.130859375,349.4687805175781
t3sip7o4,torque,0.0,15,42,120176640,358.60516357421875,353.43951416015625
t3sip7o4,torque,0.0,15,42,124846080,359.0917358398437,354.3815511067708
t3sip7o4,torque,0.0,15,42,129761280,357.41436767578125,357.18583984375
t3sip7o4,torque,0.0,15,42,134430720,358.9495849609375,357.47979736328125
t3sip7o4,torque,0.0,15,42,139345920,362.0442199707031,359.22101440429685
t3sip7o4,torque,0.0,15,42,144015360,365.3997802734375,360.2508087158203
t3sip7o4,torque,0.0,15,42,148930560,363.23333740234375,361.40825805664065
t3sip7o4,torque,0.0,15,42,153600000,365.03619384765625,362.0129140218099
t3sip7o4,torque,0.0,15,42,158515200,367.5148315429688,364.6456726074219
t3sip7o4,torque,0.0,15,42,163430400,367.4534912109375,365.72752685546874
t3sip7o4,torque,0.0,15,42,168099840,367.6765747070313,366.1828857421875
t3sip7o4,torque,0.0,15,42,173015040,365.531982421875,366.6426147460937
t3sip7o4,torque,0.0,15,42,177684480,369.3416137695313,367.5036987304687
t3sip7o4,torque,0.0,15,42,182599680,368.1080017089844,367.62233276367186
t3sip7o4,torque,0.0,15,42,187269120,368.5574645996094,367.77818806966144
t3sip7o4,torque,0.0,15,42,192184320,370.8374633789063,368.4753051757813
t3sip7o4,torque,0.0,15,42,196853760,372.5950622558594,369.16193135579425
t3sip7o4,torque,0.0,15,42,201768960,374.9924621582031,371.0180908203125
t3sip7o4,torque,0.0,15,42,206438400,373.6998291015625,371.4650472005208
t3sip7o4,torque,0.0,15,42,211353600,374.396728515625,373.30430908203124
t3sip7o4,torque,0.0,15,42,216023040,373.5140686035156,373.3392690022786
t3sip7o4,torque,0.0,15,42,220938240,372.8832702636719,373.89727172851565
t3sip7o4,torque,0.0,15,42,225607680,377.71630859375,374.5337778727214
t3sip7o4,torque,0.0,15,42,230522880,378.2695007324219,375.35597534179686
t3sip7o4,torque,0.0,15,42,235438080,378.7520751953125,376.2270446777344
t3sip7o4,torque,0.0,15,42,240107520,376.8304748535156,376.89032592773435
t3sip7o4,torque,0.0,15,42,245022720,380.9064025878906,378.4949523925781
t3sip7o4,torque,0.0,15,42,249692160,380.00775146484375,378.9532409667969
t3sip7o4,torque,0.0,15,42,254607360,378.812744140625,379.0618896484375
t3sip7o4,torque,0.0,15,42,259276800,381.97174072265625,379.54686482747394
t3sip7o4,torque,0.0,15,42,264192000,384.0781555175781,381.1553588867188
t3sip7o4,torque,0.0,15,42,268861440,385.291015625,381.8446350097656
t3sip7o4,torque,0.0,15,42,273776640,386.0524291992188,383.2412170410156
t3sip7o4,torque,0.0,15,42,278446080,387.0304870605469,383.8727620442708
t3sip7o4,torque,0.0,15,42,283361280,389.9089965820313,386.472216796875
t3sip7o4,torque,0.0,15,42,288030720,389.927734375,387.0481363932292
t3sip7o4,torque,0.0,15,42,292945920,391.4976196289063,388.8834533691406
t3sip7o4,torque,0.0,15,42,297615360,392.8517456054688,389.5448354085286
t3sip7o4,torque,0.0,15,42,302530560,394.1916809082031,391.67555541992186
t3sip7o4,torque,0.0,15,42,307200000,394.0417785644531,392.06992594401044
t3sip7o4,torque,0.0,15,42,312115200,394.4881591796875,393.41419677734376
t3sip7o4,torque,0.0,15,42,317030400,395.8869018554688,394.29205322265625
t3sip7o4,torque,0.0,15,42,321699840,397.8634643554688,395.2943969726563
t3sip7o4,torque,0.0,15,42,326615040,397.4401245117188,395.9440856933594
t3sip7o4,torque,0.0,15,42,331284480,397.3108825683594,396.5979064941406
t3sip7o4,torque,0.0,15,42,336199680,399.076904296875,397.5156555175781
t3sip7o4,torque,0.0,15,42,340869120,397.7135009765625,397.5486297607422
t3sip7o4,torque,0.0,15,42,345784320,399.9034729003906,398.2889770507812
t3sip7o4,torque,0.0,15,42,350453760,397.6114807128906,398.1760609944661
t3sip7o4,torque,0.0,15,42,355368960,400.0579833984375,398.87266845703124
t3sip7o4,torque,0.0,15,42,360038400,401.4684753417969,399.3053029378255
t3sip7o4,torque,0.0,15,42,364953600,402.4241943359375,400.2931213378906
t3sip7o4,torque,0.0,15,42,369623040,401.2230529785156,400.44810994466144
t3sip7o4,torque,0.0,15,42,374538240,400.9241027832031,401.2195617675781
t3sip7o4,torque,0.0,15,42,379207680,401.9716491699219,401.34490966796875
t3sip7o4,torque,0.0,15,42,384122880,401.3760070800781,401.58380126953125
t3sip7o4,torque,0.0,15,42,389038080,401.7522583007813,401.4494140625
t3sip7o4,torque,0.0,15,42,393707520,402.937744140625,401.7923522949219
t3sip7o4,torque,0.0,15,42,398622720,406.1781005859375,402.84315185546876
t3sip7o4,torque,0.0,15,42,403292160,405.2037658691406,403.4895751953125
t3sip7o4,torque,0.0,15,42,408207360,403.2841796875,403.8712097167969
t3sip7o4,torque,0.0,15,42,412876800,405.5993041992188,404.1592254638672
t3sip7o4,torque,0.0,15,42,417792000,405.5383911132813,405.16074829101564
t3sip7o4,torque,0.0,15,42,422461440,405.3299255371094,405.18894449869794
t3sip7o4,torque,0.0,15,42,427376640,403.5740661621094,404.66517333984376
t3sip7o4,torque,0.0,15,42,432046080,404.7195129394531,404.6742299397786
t3sip7o4,torque,0.0,15,42,436961280,405.1460266113281,404.86158447265626
t3sip7o4,torque,0.0,15,42,441630720,405.97991943359375,405.0479736328125
t3sip7o4,torque,0.0,15,42,446545920,406.7525024414063,405.2344055175781
t3sip7o4,torque,0.0,15,42,451215360,409.56256103515625,405.9557647705078
t3sip7o4,torque,0.0,15,42,456130560,406.8462219238281,406.8574462890625
t3sip7o4,torque,0.0,15,42,460800000,408.7215576171875,407.1681315104167
t3sip7o4,torque,0.0,15,42,465715200,410.6139831542969,408.499365234375
t3sip7o4,torque,0.0,15,42,470630400,410.29150390625,409.20716552734376
t3sip7o4,torque,0.0,15,42,475299840,410.1429443359375,409.3232421875
t3sip7o4,torque,0.0,15,42,480215040,411.50140380859375,410.2542785644531
nr9ad1y5,torque,0.0,20,42,4915200,130.86093139648438,
nr9ad1y5,torque,0.0,20,42,9830400,171.50390625,
nr9ad1y5,torque,0.0,20,42,14499840,177.77867126464844,
nr9ad1y5,torque,0.0,20,42,19415040,185.6342010498047,
nr9ad1y5,torque,0.0,20,42,24084480,196.77685546875,172.5109130859375
nr9ad1y5,torque,0.0,20,42,28999680,225.37940979003903,191.41460876464845
nr9ad1y5,torque,0.0,20,42,33669120,241.199462890625,199.7120844523112
nr9ad1y5,torque,0.0,20,42,38584320,279.53765869140625,225.705517578125
nr9ad1y5,torque,0.0,20,42,43253760,319.3622741699219,241.31497701009116
nr9ad1y5,torque,0.0,20,42,48168960,334.05194091796875,279.90614929199216
nr9ad1y5,torque,0.0,20,42,52838400,349.93280029296875,291.57725779215497
nr9ad1y5,torque,0.0,20,42,57753600,357.62762451171875,328.1024597167969
nr9ad1y5,torque,0.0,20,42,62423040,362.6930847167969,333.86756388346356
nr9ad1y5,torque,0.0,20,42,67338240,371.465576171875,355.1542053222656
nr9ad1y5,torque,0.0,20,42,72007680,377.36328125,358.855717976888
nr9ad1y5,torque,0.0,20,42,76922880,380.643798828125,369.95867309570315
nr9ad1y5,torque,0.0,20,42,81838080,382.65570068359375,374.96428833007815
nr9ad1y5,torque,0.0,20,42,86507520,384.10455322265625,379.24658203125
nr9ad1y5,torque,0.0,20,42,91422720,393.6988830566406,383.6932434082031
nr9ad1y5,torque,0.0,20,42,96092160,400.4759521484375,388.31577758789064
nr9ad1y5,torque,0.0,20,42,101007360,397.0230407714844,391.5916259765625
nr9ad1y5,torque,0.0,20,42,105676800,408.1166687011719,394.3457997639974
nr9ad1y5,torque,0.0,20,42,110592000,409.744140625,401.8117370605469
nr9ad1y5,torque,0.0,20,42,115261440,414.1656799316406,403.8707275390625
nr9ad1y5,torque,0.0,20,42,120176640,411.8458862304688,408.1790832519531
nr9ad1y5,torque,0.0,20,42,124846080,416.1614990234375,409.5094858805339
nr9ad1y5,torque,0.0,20,42,129761280,417.0878601074219,413.80101318359374
nr9ad1y5,torque,0.0,20,42,134430720,416.5784301757813,414.263916015625
nr9ad1y5,torque,0.0,20,42,139345920,416.8438720703125,415.70350952148436
nr9ad1y5,torque,0.0,20,42,144015360,420.5162963867188,416.5056406656901
nr9ad1y5,torque,0.0,20,42,148930560,421.592041015625,418.52369995117186
nr9ad1y5,torque,0.0,20,42,153600000,420.1588745117188,418.7962290445964
nr9ad1y5,torque,0.0,20,42,158515200,426.12200927734375,421.04661865234374
nr9ad1y5,torque,0.0,20,42,163430400,428.01751708984375,423.28134765625
nr9ad1y5,torque,0.0,20,42,168099840,436.3149719238281,426.4410827636719
nr9ad1y5,torque,0.0,20,42,173015040,436.3741455078125,429.3975036621094
nr9ad1y5,torque,0.0,20,42,177684480,441.5435485839844,433.6744384765625
nr9ad1y5,torque,0.0,20,42,182599680,446.7709655761719,437.8042297363281
nr9ad1y5,torque,0.0,20,42,187269120,444.6590576171875,438.9467010498047
nr9ad1y5,torque,0.0,20,42,192184320,450.2516174316406,443.91986694335935
nr9ad1y5,torque,0.0,20,42,196853760,451.37103271484375,445.16172790527344
nr9ad1y5,torque,0.0,20,42,201768960,452.448974609375,449.10032958984374
nr9ad1y5,torque,0.0,20,42,206438400,453.282470703125,449.79735310872394
nr9ad1y5,torque,0.0,20,42,211353600,457.3560180664063,452.9420227050781
nr9ad1y5,torque,0.0,20,42,216023040,463.88037109375,454.76508076985675
nr9ad1y5,torque,0.0,20,42,220938240,468.0743408203125,459.00843505859376
nr9ad1y5,torque,0.0,20,42,225607680,463.0014343261719,459.67393493652344
nr9ad1y5,torque,0.0,20,42,230522880,465.6100463867188,463.5844421386719
nr9ad1y5,torque,0.0,20,42,235438080,465.469970703125,465.2072326660156
nr9ad1y5,torque,0.0,20,42,240107520,471.5569763183594,466.7425537109375
nr9ad1y5,torque,0.0,20,42,245022720,472.5726623535156,467.6422180175781
nr9ad1y5,torque,0.0,20,42,249692160,476.44329833984375,470.3305908203125
nr9ad1y5,torque,0.0,20,42,254607360,474.1632080078125,472.0412231445313
nr9ad1y5,torque,0.0,20,42,259276800,478.2488098144531,473.07582092285156
nr9ad1y5,torque,0.0,20,42,264192000,483.8424987792969,477.05409545898436
nr9ad1y5,torque,0.0,20,42,268861440,485.6971435546875,478.4946034749349
nr9ad1y5,torque,0.0,20,42,273776640,487.77728271484375,481.94578857421874
nr9ad1y5,torque,0.0,20,42,278446080,495.0784912109375,484.1345723470052
nr9ad1y5,torque,0.0,20,42,283361280,500.8826293945313,490.6556091308594
nr9ad1y5,torque,0.0,20,42,288030720,496.6959838867188,491.66233825683594
nr9ad1y5,torque,0.0,20,42,292945920,500.5858459472656,496.20404663085935
nr9ad1y5,torque,0.0,20,42,297615360,500.3579711914063,496.8963673909505
nr9ad1y5,torque,0.0,20,42,302530560,503.2197265625,500.3484313964844
nr9ad1y5,torque,0.0,20,42,307200000,505.2824096679688,501.17076110839844
nr9ad1y5,torque,0.0,20,42,312115200,504.93597412109375,502.8763854980469
nr9ad1y5,torque,0.0,20,42,317030400,509.6338806152344,504.6859924316406
nr9ad1y5,torque,0.0,20,42,321699840,509.513916015625,506.5171813964844
nr9ad1y5,torque,0.0,20,42,326615040,517.9321899414062,509.4596740722656
nr9ad1y5,torque,0.0,20,42,331284480,518.3021240234375,512.0636169433594
nr9ad1y5,torque,0.0,20,42,336199680,519.6414794921875,515.0047180175782
nr9ad1y5,torque,0.0,20,42,340869120,518.9451904296875,515.6614634195963
nr9ad1y5,torque,0.0,20,42,345784320,520.726318359375,519.1094604492188
nr9ad1y5,torque,0.0,20,42,350453760,519.5996704101562,519.191162109375
nr9ad1y5,torque,0.0,20,42,355368960,522.4087524414062,520.2642822265625
nr9ad1y5,torque,0.0,20,42,360038400,518.0345458984375,519.8926595052084
nr9ad1y5,torque,0.0,20,42,364953600,518.479248046875,519.84970703125
nr9ad1y5,torque,0.0,20,42,369623040,521.7647705078125,520.1688842773438
nr9ad1y5,torque,0.0,20,42,374538240,521.7489624023438,520.487255859375
nr9ad1y5,torque,0.0,20,42,379207680,520.0033569335938,520.4066060384115
nr9ad1y5,torque,0.0,20,42,384122880,517.1902465820312,519.8373168945312
nr9ad1y5,torque,0.0,20,42,389038080,526.3694458007812,521.4153564453125
nr9ad1y5,torque,0.0,20,42,393707520,523.7830810546875,521.8190185546875
nr9ad1y5,torque,0.0,20,42,398622720,526.10498046875,522.6902221679687
nr9ad1y5,torque,0.0,20,42,403292160,527.3151245117188,524.1525756835938
nr9ad1y5,torque,0.0,20,42,408207360,530.0775756835938,526.7300415039062
nr9ad1y5,torque,0.0,20,42,412876800,533.7492065429688,527.89990234375
nr9ad1y5,torque,0.0,20,42,417792000,533.8668212890625,530.2227416992188
nr9ad1y5,torque,0.0,20,42,422461440,536.0631713867188,531.1961466471354
nr9ad1y5,torque,0.0,20,42,427376640,536.231689453125,533.9976928710937
nr9ad1y5,torque,0.0,20,42,432046080,532.3822021484375,533.7284444173177
nr9ad1y5,torque,0.0,20,42,436961280,537.5360107421875,535.2159790039062
nr9ad1y5,torque,0.0,20,42,441630720,542.7734375,536.4755554199219
nr9ad1y5,torque,0.0,20,42,446545920,542.5858154296875,538.3018310546875
nr9ad1y5,torque,0.0,20,42,451215360,540.0314331054688,538.590098063151
nr9ad1y5,torque,0.0,20,42,456130560,540.713134765625,540.7279663085938
nr9ad1y5,torque,0.0,20,42,460800000,543.628662109375,541.211415608724
nr9ad1y5,torque,0.0,20,42,465715200,540.6817626953125,541.5281616210938
nr9ad1y5,torque,0.0,20,42,470630400,541.2335815429688,541.25771484375
nr9ad1y5,torque,0.0,20,42,475299840,541.5879516601562,541.5690185546875
nr9ad1y5,torque,0.0,20,42,480215040,542.9658203125,542.0195556640625
