condition,panel,panel_label,arm,task,servo_kp,ctrl_dt_ms,wandb_id,wandb_name,created_at,state,git_commit,nnx_ppo_commit,vnl_experiments_dirty,gpu,restart_count,budget,delay,delay_ms,efference_length,seed,ppo_seed,seed_pair,actual_step,reached_budget,eval_every_steps,reward_source,reward_last_point,servo_center,artifact_made_at,heartbeat_at,kp_right_hip,kp_right_knee,kp_right_ankle,kp_left_hip,kp_left_knee,kp_left_ankle,reward_final,reward_final_n,reward_max,late_gain,curve_points,curve_max_step,eval_spacing_median,eval_spacing_tail,smooth_max,grid_points,has_readout,usable,thr_80,thr_90,thr_95,steps_to_80,steps_to_90,steps_to_95,solved_80,solved_90,solved_95,anchor,anchor_n,band_dwell,steps_to_900,solved_900,steps_to_900_native
cartpole_swingup_undelayed,cartpole_swingup,CartpoleSwingup,undelayed,CartpoleSwingup,0.0,10,9qjvdolt,CartpoleSwingup_DelayedMLP_delay0_eff0-20260909-063711,2026-09-09T10:37:12Z,finished,971ab99eb3a6d6f27c375a229796d9c40cc92f04,1725d2009c78a18a8b5bc9e8e236800c5320e966,True,NVIDIA H200,,480000000,0,0,0,42,1234,i42/p1234,480215040.0,True,600000,dmc_eval,792.8929443359375,,2026-09-10T14:23:50Z,2026-09-09T11:04:31Z,,,,,,,805.833547569183,83,858.5767211914062,100.25539277821383,800,480215040.0,491520.0,737280.0,854.2472290039062,100,True,True,593.5442194412416,667.7372468713967,704.8337605864742,38584320,48168960,48168960,True,True,True,741.9302743015519,4,38400000,,False,
cartpole_swingup_undelayed,cartpole_swingup,CartpoleSwingup,undelayed,CartpoleSwingup,0.0,10,yv581kk5,CartpoleSwingup_DelayedMLP_delay0_eff0-20260910-065558,2026-09-10T10:56:10Z,finished,971ab99eb3a6d6f27c375a229796d9c40cc92f04,1725d2009c78a18a8b5bc9e8e236800c5320e966,False,NVIDIA A100-SXM4-80GB,,480000000,0,0,0,43,1234,i43/p1234,480215040.0,True,600000,dmc_eval,662.59375,,2026-09-10T14:23:53Z,2026-09-10T11:31:31Z,,,,,,,661.7814672998635,83,854.8125,-89.90894276919346,800,480215040.0,491520.0,737280.0,819.1038106282552,100,True,True,593.5442194412416,667.7372468713967,704.8337605864742,48168960,57753600,57753600,True,True,True,741.9302743015519,4,33600000,,False,
cartpole_swingup_undelayed,cartpole_swingup,CartpoleSwingup,undelayed,CartpoleSwingup,0.0,10,8pcchxq5,CartpoleSwingup_DelayedMLP_delay0_eff0-job49066677,2026-09-28T16:24:44Z,finished,b4012b30fe456a352c13ac8f7aab9405bfc36e25,531427933bbca8a1558974319720c55b32659a76,True,NVIDIA RTX A6000,1.0,480000000,0,0,0,43,43,i43/p43,480215040.0,True,4800000,dmc_eval,686.0035400390625,qpos0,2026-09-29T09:07:49Z,2026-09-28T16:50:00Z,,,,,,,695.457568359375,10,860.2224731445312,-66.30794011896307,100,480215040.0,4915200.0,4915200.0,843.6436401367188,100,True,True,593.5442194412416,667.7372468713967,704.8337605864742,48168960,48168960,48168960,True,True,True,741.9302743015519,4,14400000,,False,
cartpole_swingup_undelayed,cartpole_swingup,CartpoleSwingup,undelayed,CartpoleSwingup,0.0,10,01o0r392,CartpoleSwingup_DelayedMLP_delay0_eff0-20260910-065558,2026-09-10T10:56:10Z,finished,971ab99eb3a6d6f27c375a229796d9c40cc92f04,1725d2009c78a18a8b5bc9e8e236800c5320e966,False,NVIDIA A100-SXM4-80GB,,480000000,0,0,0,44,1234,i44/p1234,480215040.0,True,600000,dmc_eval,817.7217407226562,,2026-09-10T14:23:49Z,2026-09-10T12:01:06Z,,,,,,,804.6485139777861,83,858.4940185546875,58.81778808085994,800,480215040.0,491520.0,737280.0,819.0267211914063,100,True,True,593.5442194412416,667.7372468713967,704.8337605864742,48168960,57753600,57753600,True,True,True,741.9302743015519,4,67200000,,False,
cartpole_swingup_efference,cartpole_swingup,CartpoleSwingup,efference,CartpoleSwingup,0.0,10,6iis4h8r,CartpoleSwingup_DelayedMLP_delay2_eff2-job49066633,2026-09-28T16:23:57Z,finished,b4012b30fe456a352c13ac8f7aab9405bfc36e25,531427933bbca8a1558974319720c55b32659a76,True,NVIDIA A40,2.0,480000000,2,20,2,43,43,i43/p43,480215040.0,True,4800000,dmc_eval,875.5739135742188,qpos0,2026-09-29T09:07:49Z,2026-09-28T17:22:01Z,,,,,,,787.9104034423829,10,877.1483154296875,-5.308635087446646,100,480215040.0,4915200.0,4915200.0,870.946533203125,100,True,True,593.5442194412416,667.7372468713967,704.8337605864742,57753600,57753600,57753600,True,True,True,741.9302743015519,4,0,,False,
cartpole_swingup_no_efference,cartpole_swingup,CartpoleSwingup,no_efference,CartpoleSwingup,0.0,10,83zamsnh,CartpoleSwingup_DelayedMLP_delay2_eff0-job48436916,2026-09-25T13:41:07Z,finished,b4012b30fe456a352c13ac8f7aab9405bfc36e25,531427933bbca8a1558974319720c55b32659a76,True,NVIDIA H200,0.0,480000000,2,20,0,42,1234,i42/p1234,480215040.0,True,4800000,dmc_eval,866.7196044921875,qpos0,2026-09-28T10:47:58Z,2026-09-25T13:57:27Z,,,,,,,659.5798965454102,10,866.7196044921875,-187.9457326715642,100,480215040.0,4915200.0,4915200.0,857.37353515625,100,True,True,593.5442194412416,667.7372468713967,704.8337605864742,48168960,48168960,48168960,True,True,True,741.9302743015519,4,4800000,,False,
cartpole_swingup_efference,cartpole_swingup,CartpoleSwingup,efference,CartpoleSwingup,0.0,10,y7y7eets,CartpoleSwingup_DelayedMLP_delay3_eff3-job49066647,2026-09-28T16:24:44Z,finished,b4012b30fe456a352c13ac8f7aab9405bfc36e25,531427933bbca8a1558974319720c55b32659a76,True,NVIDIA RTX A6000,1.0,480000000,3,30,3,43,43,i43/p43,480215040.0,True,4800000,dmc_eval,712.623779296875,qpos0,2026-09-29T09:07:49Z,2026-09-28T16:52:12Z,,,,,,,821.8767700195312,10,876.56201171875,-16.979175914417624,100,480215040.0,4915200.0,4915200.0,870.9814331054688,100,True,True,593.5442194412416,667.7372468713967,704.8337605864742,48168960,48168960,62423040,True,True,True,741.9302743015519,4,14400000,,False,
cartpole_swingup_efference,cartpole_swingup,CartpoleSwingup,efference,CartpoleSwingup,0.0,10,17brhg4w,CartpoleSwingup_DelayedMLP_delay5_eff5-20260910-065558,2026-09-10T10:56:10Z,finished,971ab99eb3a6d6f27c375a229796d9c40cc92f04,1725d2009c78a18a8b5bc9e8e236800c5320e966,False,NVIDIA A100-SXM4-80GB,,480000000,5,50,5,43,1234,i43/p1234,480215040.0,True,600000,dmc_eval,847.55810546875,,2026-09-10T14:23:49Z,2026-09-10T11:32:34Z,,,,,,,830.0885061241058,83,869.8421630859375,60.19900228179745,800,480215040.0,491520.0,737280.0,859.5598876953125,100,True,True,593.5442194412416,667.7372468713967,704.8337605864742,48168960,48168960,52838400,True,True,True,741.9302743015519,4,24000000,,False,
cartpole_swingup_efference,cartpole_swingup,CartpoleSwingup,efference,CartpoleSwingup,0.0,10,y2bctbw8,CartpoleSwingup_DelayedMLP_delay5_eff5-20260910-065558,2026-09-10T10:56:10Z,failed,971ab99eb3a6d6f27c375a229796d9c40cc92f04,1725d2009c78a18a8b5bc9e8e236800c5320e966,True,NVIDIA A100-SXM4-80GB,,480000000,5,50,5,44,1234,i44/p1234,0.0,False,600000,dmc_eval,,,2026-09-28T10:47:58Z,2026-09-10T10:57:38Z,,,,,,,,0,,,0,,,,,0,False,False,593.5442194412416,667.7372468713967,704.8337605864742,,,,,,,741.9302743015519,4,,,,
cartpole_swingup_no_efference,cartpole_swingup,CartpoleSwingup,no_efference,CartpoleSwingup,0.0,10,jik4v14v,CartpoleSwingup_DelayedMLP_delay5_eff0-job48434572,2026-09-25T13:30:18Z,finished,b4012b30fe456a352c13ac8f7aab9405bfc36e25,531427933bbca8a1558974319720c55b32659a76,True,NVIDIA H200,0.0,480000000,5,50,0,42,1234,i42/p1234,480215040.0,True,4800000,dmc_eval,830.2598876953125,qpos0,2026-09-28T10:47:59Z,2026-09-25T13:46:37Z,,,,,,,803.348974609375,10,862.0621337890625,22.881079101562477,100,480215040.0,4915200.0,4915200.0,848.141064453125,100,True,True,593.5442194412416,667.7372468713967,704.8337605864742,52838400,57753600,57753600,True,True,True,741.9302743015519,4,4800000,,False,
cartpole_swingup_no_efference,cartpole_swingup,CartpoleSwingup,no_efference,CartpoleSwingup,0.0,10,9p0kdxbe,CartpoleSwingup_DelayedMLP_delay7_eff0-job48434593,2026-09-25T13:33:43Z,finished,b4012b30fe456a352c13ac8f7aab9405bfc36e25,531427933bbca8a1558974319720c55b32659a76,True,NVIDIA H200,0.0,480000000,7,70,0,42,1234,i42/p1234,480215040.0,True,4800000,dmc_eval,861.9683837890625,qpos0,2026-09-28T10:47:58Z,2026-09-25T13:49:50Z,,,,,,,857.1963439941406,10,871.6289672851562,31.06138416637077,100,480215040.0,4915200.0,4915200.0,859.9491577148438,100,True,True,593.5442194412416,667.7372468713967,704.8337605864742,57753600,57753600,57753600,True,True,True,741.9302743015519,4,19200000,,False,
cartpole_swingup_efference,cartpole_swingup,CartpoleSwingup,efference,CartpoleSwingup,0.0,10,40gqt2zf,CartpoleSwingup_DelayedMLP_delay10_eff10-20260909-063833,2026-09-09T10:38:40Z,finished,971ab99eb3a6d6f27c375a229796d9c40cc92f04,1725d2009c78a18a8b5bc9e8e236800c5320e966,True,NVIDIA A100-SXM4-80GB,,480000000,10,100,10,42,1234,i42/p1234,480215040.0,True,600000,dmc_eval,663.87890625,,2026-09-10T14:23:49Z,2026-09-09T11:14:47Z,,,,,,,815.6817340161427,83,875.0491333007812,46.302206878749644,800,480215040.0,491520.0,737280.0,862.2811279296875,100,True,True,593.5442194412416,667.7372468713967,704.8337605864742,57753600,57753600,62423040,True,True,True,741.9302743015519,4,0,,False,
cartpole_swingup_efference,cartpole_swingup,CartpoleSwingup,efference,CartpoleSwingup,0.0,10,35ea02y2,CartpoleSwingup_DelayedMLP_delay10_eff10-20260910-065558,2026-09-10T10:56:10Z,finished,971ab99eb3a6d6f27c375a229796d9c40cc92f04,1725d2009c78a18a8b5bc9e8e236800c5320e966,False,NVIDIA A100-SXM4-80GB,,480000000,10,100,10,43,1234,i43/p1234,480215040.0,True,600000,dmc_eval,750.3651733398438,,2026-09-10T14:23:49Z,2026-09-10T11:32:23Z,,,,,,,740.1043502623776,83,868.458251953125,17.007539058648035,800,480215040.0,491520.0,737280.0,815.1428466796875,100,True,True,593.5442194412416,667.7372468713967,704.8337605864742,57753600,57753600,62423040,True,True,True,741.9302743015519,4,19200000,,False,
cartpole_swingup_efference,cartpole_swingup,CartpoleSwingup,efference,CartpoleSwingup,0.0,10,uqmzersa,CartpoleSwingup_DelayedMLP_delay10_eff10-20260910-065558,2026-09-10T10:56:10Z,failed,971ab99eb3a6d6f27c375a229796d9c40cc92f04,1725d2009c78a18a8b5bc9e8e236800c5320e966,True,NVIDIA A100-SXM4-80GB,,480000000,10,100,10,44,1234,i44/p1234,0.0,False,600000,dmc_eval,,,2026-09-28T10:47:58Z,2026-09-10T10:57:38Z,,,,,,,,0,,,0,,,,,0,False,False,593.5442194412416,667.7372468713967,704.8337605864742,,,,,,,741.9302743015519,4,,,,
cartpole_swingup_no_efference,cartpole_swingup,CartpoleSwingup,no_efference,CartpoleSwingup,0.0,10,0cfv1mfm,CartpoleSwingup_DelayedMLP_delay10_eff0-job48434679,2026-09-25T13:34:24Z,finished,b4012b30fe456a352c13ac8f7aab9405bfc36e25,531427933bbca8a1558974319720c55b32659a76,True,NVIDIA RTX PRO 6000 Blackwell Server Edition,0.0,480000000,10,100,0,42,1234,i42/p1234,480215040.0,True,4800000,dmc_eval,872.2010498046875,qpos0,2026-09-28T10:47:58Z,2026-09-25T13:48:04Z,,,,,,,851.2006042480468,10,875.3421020507812,-13.996123157848047,100,480215040.0,4915200.0,4915200.0,873.7144653320313,100,True,True,593.5442194412416,667.7372468713967,704.8337605864742,52838400,57753600,57753600,True,True,True,741.9302743015519,4,19200000,,False,
cartpole_swingup_no_efference,cartpole_swingup,CartpoleSwingup,no_efference,CartpoleSwingup,0.0,10,lcmrme8x,CartpoleSwingup_DelayedMLP_delay12_eff0-job48434691,2026-09-25T13:34:24Z,finished,b4012b30fe456a352c13ac8f7aab9405bfc36e25,531427933bbca8a1558974319720c55b32659a76,True,NVIDIA H200,0.0,480000000,12,120,0,42,1234,i42/p1234,480215040.0,True,4800000,dmc_eval,866.2522583007812,qpos0,2026-09-28T10:47:59Z,2026-09-25T13:50:48Z,,,,,,,820.8051330566407,10,876.8042602539062,35.728123335404916,100,480215040.0,4915200.0,4915200.0,872.4518188476562,100,True,True,593.5442194412416,667.7372468713967,704.8337605864742,57753600,62423040,67338240,True,True,True,741.9302743015519,4,9600000,,False,
cartpole_swingup_efference,cartpole_swingup,CartpoleSwingup,efference,CartpoleSwingup,0.0,10,04gjvaai,CartpoleSwingup_DelayedMLP_delay15_eff15-20260910-065558,2026-09-10T10:56:10Z,finished,971ab99eb3a6d6f27c375a229796d9c40cc92f04,1725d2009c78a18a8b5bc9e8e236800c5320e966,False,NVIDIA A100-SXM4-80GB,,480000000,15,150,15,43,1234,i43/p1234,480215040.0,True,600000,dmc_eval,847.623291015625,,2026-09-10T14:23:49Z,2026-09-10T11:32:39Z,,,,,,,798.8581087043486,83,876.666259765625,24.513435547610356,800,480215040.0,491520.0,737280.0,860.593310546875,100,True,True,593.5442194412416,667.7372468713967,704.8337605864742,48168960,52838400,57753600,True,True,True,741.9302743015519,4,4800000,,False,
cartpole_swingup_efference,cartpole_swingup,CartpoleSwingup,efference,CartpoleSwingup,0.0,10,pbi0qj23,CartpoleSwingup_DelayedMLP_delay15_eff15-20260910-065642,2026-09-10T10:56:43Z,finished,971ab99eb3a6d6f27c375a229796d9c40cc92f04,1725d2009c78a18a8b5bc9e8e236800c5320e966,True,NVIDIA A100-SXM4-80GB,,480000000,15,150,15,44,1234,i44/p1234,480215040.0,True,600000,dmc_eval,845.1878051757812,,2026-09-10T14:23:52Z,2026-09-10T11:32:35Z,,,,,,,833.2295451336596,83,878.7138671875,-2.2973448490180317,800,480215040.0,491520.0,737280.0,872.297314453125,100,True,True,593.5442194412416,667.7372468713967,704.8337605864742,48168960,57753600,57753600,True,True,True,741.9302743015519,4,19200000,,False,
cartpole_swingup_no_efference,cartpole_swingup,CartpoleSwingup,no_efference,CartpoleSwingup,0.0,10,9t4pvmi0,CartpoleSwingup_DelayedMLP_delay15_eff0-job48434704,2026-09-25T13:41:08Z,finished,b4012b30fe456a352c13ac8f7aab9405bfc36e25,531427933bbca8a1558974319720c55b32659a76,True,NVIDIA H100 80GB HBM3,1.0,480000000,15,150,0,42,1234,i42/p1234,480215040.0,True,4800000,dmc_eval,871.5125732421875,qpos0,2026-09-28T10:47:59Z,2026-09-25T13:58:26Z,,,,,,,848.0552551269532,10,877.5702514648438,-1.7227933016689576,100,480215040.0,4915200.0,4915200.0,873.6630615234375,100,True,True,593.5442194412416,667.7372468713967,704.8337605864742,57753600,67338240,67338240,True,True,True,741.9302743015519,4,9600000,,False,
cartpole_swingup_efference,cartpole_swingup,CartpoleSwingup,efference,CartpoleSwingup,0.0,10,77m3xfpc,CartpoleSwingup_DelayedMLP_delay20_eff20-20260909-063806,2026-09-09T10:38:07Z,finished,971ab99eb3a6d6f27c375a229796d9c40cc92f04,1725d2009c78a18a8b5bc9e8e236800c5320e966,True,NVIDIA A100-SXM4-80GB,,480000000,20,200,20,42,1234,i42/p1234,480215040.0,True,600000,dmc_eval,864.1177978515625,,2026-09-10T14:23:50Z,2026-09-09T11:14:11Z,,,,,,,833.7702930864082,83,874.7696533203125,17.012875861705766,800,480215040.0,491520.0,737280.0,869.9484008789062,100,True,True,593.5442194412416,667.7372468713967,704.8337605864742,57753600,57753600,67338240,True,True,True,741.9302743015519,4,9600000,,False,
cartpole_swingup_efference,cartpole_swingup,CartpoleSwingup,efference,CartpoleSwingup,0.0,10,84s75oc7,CartpoleSwingup_DelayedMLP_delay20_eff20-20260910-065558,2026-09-10T10:56:10Z,finished,971ab99eb3a6d6f27c375a229796d9c40cc92f04,1725d2009c78a18a8b5bc9e8e236800c5320e966,False,NVIDIA A100-SXM4-80GB,,480000000,20,200,20,43,1234,i43/p1234,480215040.0,True,600000,dmc_eval,873.5773315429688,,2026-09-10T14:23:50Z,2026-09-10T11:32:12Z,,,,,,,808.0792883447854,83,879.7031860351562,69.79514971069409,800,480215040.0,491520.0,737280.0,874.240244547526,100,True,True,593.5442194412416,667.7372468713967,704.8337605864742,67338240,67338240,76922880,True,True,True,741.9302743015519,4,28800000,,False,
cartpole_swingup_efference,cartpole_swingup,CartpoleSwingup,efference,CartpoleSwingup,0.0,10,gf797zy0,CartpoleSwingup_DelayedMLP_delay20_eff20-20260910-065642,2026-09-10T10:56:43Z,finished,971ab99eb3a6d6f27c375a229796d9c40cc92f04,1725d2009c78a18a8b5bc9e8e236800c5320e966,True,NVIDIA A100-SXM4-80GB,,480000000,20,200,20,44,1234,i44/p1234,480215040.0,True,600000,dmc_eval,832.7359619140625,,2026-09-10T14:23:50Z,2026-09-10T11:32:26Z,,,,,,,761.5999763213008,83,879.246337890625,-52.85745456365089,800,480215040.0,491520.0,737280.0,872.3163553873698,100,True,True,593.5442194412416,667.7372468713967,704.8337605864742,81838080,86507520,86507520,True,True,True,741.9302743015519,4,9600000,,False,
cartpole_swingup_no_efference,cartpole_swingup,CartpoleSwingup,no_efference,CartpoleSwingup,0.0,10,15bainat,CartpoleSwingup_DelayedMLP_delay20_eff0-job48434717,2026-09-25T13:34:25Z,finished,b4012b30fe456a352c13ac8f7aab9405bfc36e25,531427933bbca8a1558974319720c55b32659a76,True,NVIDIA H100 80GB HBM3,0.0,480000000,20,200,0,42,1234,i42/p1234,480215040.0,True,4800000,dmc_eval,798.131103515625,qpos0,2026-09-28T10:47:58Z,2026-09-25T13:51:48Z,,,,,,,751.2806518554687,10,868.0393676757812,63.287066095525574,100,480215040.0,4915200.0,4915200.0,809.22998046875,100,True,True,593.5442194412416,667.7372468713967,704.8337605864742,67338240,158515200,163430400,True,True,True,741.9302743015519,4,153600000,,False,
cartpole_swingup_efference,cartpole_swingup,CartpoleSwingup,efference,CartpoleSwingup,0.0,10,1xy36t4e,CartpoleSwingup_DelayedMLP_delay25_eff25-20260910-065558,2026-09-10T10:56:10Z,finished,971ab99eb3a6d6f27c375a229796d9c40cc92f04,1725d2009c78a18a8b5bc9e8e236800c5320e966,False,NVIDIA A100-SXM4-80GB,,480000000,25,250,25,43,1234,i43/p1234,480215040.0,True,600000,dmc_eval,863.1399536132812,,2026-09-10T14:23:49Z,2026-09-10T12:01:42Z,,,,,,,818.5636931270002,83,880.7689819335938,-12.875431570730484,800,480215040.0,491520.0,737280.0,875.657470703125,100,True,True,593.5442194412416,667.7372468713967,704.8337605864742,148930560,153600000,158515200,True,True,True,741.9302743015519,4,4800000,,False,
cartpole_swingup_efference,cartpole_swingup,CartpoleSwingup,efference,CartpoleSwingup,0.0,10,c0u418jl,CartpoleSwingup_DelayedMLP_delay25_eff25-20260910-065644,2026-09-10T10:56:45Z,finished,971ab99eb3a6d6f27c375a229796d9c40cc92f04,1725d2009c78a18a8b5bc9e8e236800c5320e966,True,NVIDIA A100-SXM4-80GB,,480000000,25,250,25,44,1234,i44/p1234,480215040.0,True,600000,dmc_eval,367.9864807128906,,2026-09-10T14:23:50Z,2026-09-10T11:32:18Z,,,,,,,842.328472091491,83,865.1968383789062,17.02985141336137,800,480215040.0,491520.0,737280.0,858.000634765625,100,True,True,593.5442194412416,667.7372468713967,704.8337605864742,144015360,201768960,201768960,True,True,True,741.9302743015519,4,24000000,,False,
cartpole_swingup_no_efference,cartpole_swingup,CartpoleSwingup,no_efference,CartpoleSwingup,0.0,10,ga5roio8,CartpoleSwingup_DelayedMLP_delay25_eff0-job48434730,2026-09-25T13:34:25Z,finished,b4012b30fe456a352c13ac8f7aab9405bfc36e25,531427933bbca8a1558974319720c55b32659a76,True,NVIDIA H100 80GB HBM3,0.0,480000000,25,250,0,42,1234,i42/p1234,480215040.0,True,4800000,dmc_eval,674.9754638671875,qpos0,2026-09-28T10:47:58Z,2026-09-25T13:51:25Z,,,,,,,676.0433044433594,10,735.2916259765625,-3.825231378728745,100,480215040.0,4915200.0,4915200.0,699.2069580078125,100,True,True,593.5442194412416,667.7372468713967,704.8337605864742,62423040,326615040,,True,True,False,741.9302743015519,4,220800000,,False,
cheetah_run_undelayed,cheetah_run,CheetahRun,undelayed,CheetahRun,0.0,10,gscmgukc,CheetahRun_DelayedMLP_delay0_eff0-20260914-121245,2026-09-14T16:12:55Z,finished,9e216aee027f43dcd7a40157e9cad7e727a9c3e2,531427933bbca8a1558974319720c55b32659a76,True,NVIDIA H200,,480000000,0,0,0,42,1234,i42/p1234,480215040.0,True,600000,dmc_eval,927.8397827148438,,2026-09-28T10:48:01Z,2026-09-14T23:42:18Z,,,,,,,918.0727597891566,83,931.1864013671876,-11.243013584401751,800,480215040.0,491520.0,737280.0,930.5668640136719,100,True,True,700.8236325239849,788.4265865894829,832.228063622232,67338240,81838080,86507520,True,True,True,876.029540654981,2,14400000,110592000,True,99778560
cheetah_run_undelayed,cheetah_run,CheetahRun,undelayed,CheetahRun,0.0,10,jro5hn83,CheetahRun_DelayedMLP_delay0_eff0-job49034352,2026-09-28T11:33:45Z,finished,b4012b30fe456a352c13ac8f7aab9405bfc36e25,531427933bbca8a1558974319720c55b32659a76,True,NVIDIA H200,3.0,480000000,0,0,0,43,43,i43/p43,480215040.0,True,4800000,dmc_eval,649.6517333984375,qpos0,2026-09-29T09:08:23Z,2026-09-28T20:00:38Z,,,,,,,833.9863215208054,10,931.6864013671876,-96.95006874908097,100,480215040.0,4915200.0,4915200.0,931.2257202148437,100,True,True,700.8236325239849,788.4265865894829,832.228063622232,57753600,67338240,76922880,True,True,True,876.029540654981,2,38400000,101007360,True,96092160
cheetah_run_efference,cheetah_run,CheetahRun,efference,CheetahRun,0.0,10,kwedfsns,CheetahRun_DelayedMLP_delay2_eff2-20260914-121245,2026-09-14T16:12:55Z,finished,9e216aee027f43dcd7a40157e9cad7e727a9c3e2,531427933bbca8a1558974319720c55b32659a76,True,NVIDIA H200,,480000000,2,20,2,42,1234,i42/p1234,480215040.0,True,600000,dmc_eval,930.4032592773438,,2026-09-28T10:48:00Z,2026-09-14T23:42:22Z,,,,,,,928.6703880953502,83,930.769287109375,7.886346463560699,800,480215040.0,491520.0,737280.0,929.8835571289062,100,True,True,700.8236325239849,788.4265865894829,832.228063622232,48168960,57753600,67338240,True,True,True,876.029540654981,2,9600000,110592000,True,99778560
cheetah_run_no_efference,cheetah_run,CheetahRun,no_efference,CheetahRun,0.0,10,cwpkk7nq,CheetahRun_DelayedMLP_delay2_eff0-job48435897,2026-09-25T13:40:10Z,crashed,b4012b30fe456a352c13ac8f7aab9405bfc36e25,531427933bbca8a1558974319720c55b32659a76,True,NVIDIA A40,1.0,480000000,2,20,0,42,1234,i42/p1234,205946880.0,False,4800000,dmc_eval,924.268310546875,qpos0,2026-09-28T10:48:00Z,2026-09-25T17:50:01Z,,,,,,,,0,924.268310546875,,42,201768960.0,4915200.0,4915200.0,923.0013793945312,42,False,False,700.8236325239849,788.4265865894829,832.228063622232,57753600,76922880,110592000,True,True,True,876.029540654981,2,43200000,129761280,True,124846080
cheetah_run_no_efference,cheetah_run,CheetahRun,no_efference,CheetahRun,0.0,10,cy07sorv,CheetahRun_DelayedMLP_delay2_eff0-job49029202,2026-09-28T10:53:20Z,finished,b4012b30fe456a352c13ac8f7aab9405bfc36e25,531427933bbca8a1558974319720c55b32659a76,True,NVIDIA H200,2.0,480000000,2,20,0,43,43,i43/p43,480215040.0,True,4800000,dmc_eval,931.82763671875,qpos0,2026-09-29T09:08:22Z,2026-09-28T17:09:29Z,,,,,,,931.1277465820312,10,931.9879150390624,4.6094970703125,100,480215040.0,4915200.0,4915200.0,931.66201171875,100,True,True,700.8236325239849,788.4265865894829,832.228063622232,43253760,57753600,67338240,True,True,True,876.029540654981,2,38400000,110592000,True,105676800
cheetah_run_no_efference,cheetah_run,CheetahRun,no_efference,CheetahRun,0.0,10,fumrhra7,CheetahRun_DelayedMLP_delay3_eff0-job48434179,2026-09-25T13:25:50Z,crashed,b4012b30fe456a352c13ac8f7aab9405bfc36e25,531427933bbca8a1558974319720c55b32659a76,True,NVIDIA H100 80GB HBM3,2.0,480000000,3,30,0,42,1234,i42/p1234,298106880.0,False,4800000,dmc_eval,926.2021484375,qpos0,2026-09-28T10:48:01Z,2026-09-25T17:05:29Z,,,,,,,,0,926.6103515625,,62,297615360.0,4915200.0,4669440.0,925.9027303059896,62,False,False,700.8236325239849,788.4265865894829,832.228063622232,43253760,57753600,67338240,True,True,True,876.029540654981,2,14400000,96092160,True,91422720
cheetah_run_efference,cheetah_run,CheetahRun,efference,CheetahRun,0.0,10,oj7ns8mi,CheetahRun_DelayedMLP_delay5_eff5-20260914-121245,2026-09-14T16:12:55Z,finished,9e216aee027f43dcd7a40157e9cad7e727a9c3e2,531427933bbca8a1558974319720c55b32659a76,True,NVIDIA H200,,480000000,5,50,5,42,1234,i42/p1234,480215040.0,True,600000,dmc_eval,928.0401611328124,,2026-09-28T10:48:00Z,2026-09-14T23:36:28Z,,,,,,,927.4709163803652,83,929.254638671875,2.068188254202596,800,480215040.0,491520.0,737280.0,928.09697265625,100,True,True,700.8236325239849,788.4265865894829,832.228063622232,48168960,57753600,67338240,True,True,True,876.029540654981,2,9600000,91422720,True,86507520
cheetah_run_no_efference,cheetah_run,CheetahRun,no_efference,CheetahRun,0.0,10,vip2c1wf,CheetahRun_DelayedMLP_delay5_eff0-job48434206,2026-09-25T13:25:50Z,finished,b4012b30fe456a352c13ac8f7aab9405bfc36e25,531427933bbca8a1558974319720c55b32659a76,True,NVIDIA A100-SXM4-80GB,7.0,480000000,5,50,0,42,1234,i42/p1234,480215040.0,True,4800000,dmc_eval,923.1409912109376,qpos0,2026-09-28T10:48:01Z,2026-09-25T23:14:00Z,,,,,,,920.8719177246094,10,924.5716552734376,6.172898726029871,100,480215040.0,4915200.0,4915200.0,923.1812377929688,100,True,True,700.8236325239849,788.4265865894829,832.228063622232,52838400,67338240,81838080,True,True,True,876.029540654981,2,19200000,148930560,True,139345920
cheetah_run_no_efference,cheetah_run,CheetahRun,no_efference,CheetahRun,0.0,10,gpeug86z,CheetahRun_DelayedMLP_delay7_eff0-job48434242,2026-09-25T13:25:50Z,finished,b4012b30fe456a352c13ac8f7aab9405bfc36e25,531427933bbca8a1558974319720c55b32659a76,True,NVIDIA H200,7.0,480000000,7,70,0,42,1234,i42/p1234,480215040.0,True,4800000,dmc_eval,910.1693115234376,qpos0,2026-09-28T10:48:01Z,2026-09-25T23:04:25Z,,,,,,,907.7172607421875,10,910.2411499023438,3.0155506480823533,100,480215040.0,4915200.0,4915200.0,909.9086059570312,100,True,True,700.8236325239849,788.4265865894829,832.228063622232,57753600,76922880,101007360,True,True,True,876.029540654981,2,19200000,302530560,True,297615360
cheetah_run_efference,cheetah_run,CheetahRun,efference,CheetahRun,0.0,10,kmmdl31l,CheetahRun_DelayedMLP_delay10_eff10-20260914-121245,2026-09-14T16:12:55Z,finished,9e216aee027f43dcd7a40157e9cad7e727a9c3e2,531427933bbca8a1558974319720c55b32659a76,True,NVIDIA H200,,480000000,10,100,10,42,1234,i42/p1234,480215040.0,True,600000,dmc_eval,912.0570068359376,,2026-09-28T10:48:00Z,2026-09-14T23:42:01Z,,,,,,,907.1372849797629,83,913.007080078125,183.19114178402015,800,480215040.0,491520.0,737280.0,908.4459737141927,100,True,True,700.8236325239849,788.4265865894829,832.228063622232,148930560,177684480,196853760,True,True,True,876.029540654981,2,33600000,326615040,True,322437120
cheetah_run_efference,cheetah_run,CheetahRun,efference,CheetahRun,0.0,10,t97gkm9o,CheetahRun_DelayedMLP_delay10_eff10-job49034020,2026-09-28T11:30:23Z,finished,b4012b30fe456a352c13ac8f7aab9405bfc36e25,531427933bbca8a1558974319720c55b32659a76,True,NVIDIA RTX A6000,2.0,480000000,10,100,10,43,43,i43/p43,480215040.0,True,4800000,dmc_eval,922.8294067382812,qpos0,2026-09-29T09:08:22Z,2026-09-28T23:11:48Z,,,,,,,921.6091674804687,10,923.5420532226562,6.361176091974357,100,480215040.0,4915200.0,4915200.0,922.3067138671875,100,True,True,700.8236325239849,788.4265865894829,832.228063622232,96092160,139345920,168099840,True,True,True,876.029540654981,2,43200000,273776640,True,264192000
cheetah_run_no_efference,cheetah_run,CheetahRun,no_efference,CheetahRun,0.0,10,zm8l935n,CheetahRun_DelayedMLP_delay10_eff0-job48435929,2026-09-25T13:40:54Z,crashed,b4012b30fe456a352c13ac8f7aab9405bfc36e25,531427933bbca8a1558974319720c55b32659a76,True,NVIDIA H100 80GB HBM3,0.0,480000000,10,100,0,42,1234,i42/p1234,55787520.0,False,4800000,dmc_eval,655.4662475585938,qpos0,2026-09-28T10:48:01Z,2026-09-25T14:20:41Z,,,,,,,,0,655.4662475585938,,11,52838400.0,4792320.0,4669440.0,586.6946614583334,11,False,False,700.8236325239849,788.4265865894829,832.228063622232,,,,False,False,False,876.029540654981,2,0,,False,
cheetah_run_no_efference,cheetah_run,CheetahRun,no_efference,CheetahRun,0.0,10,dpf9fqev,CheetahRun_DelayedMLP_delay10_eff0-job49029238,2026-09-28T10:53:20Z,finished,b4012b30fe456a352c13ac8f7aab9405bfc36e25,531427933bbca8a1558974319720c55b32659a76,False,NVIDIA H200,0.0,480000000,10,100,0,43,43,i43/p43,480215040.0,True,4800000,dmc_eval,892.9498291015625,qpos0,2026-09-29T09:08:22Z,2026-09-28T15:54:07Z,,,,,,,822.3408447265625,10,918.0661010742188,-87.09386985085223,100,480215040.0,4915200.0,4915200.0,917.3068440755209,100,True,True,700.8236325239849,788.4265865894829,832.228063622232,115261440,139345920,148930560,True,True,True,876.029540654981,2,43200000,240107520,True,235438080
cheetah_run_efference,cheetah_run,CheetahRun,efference,CheetahRun,0.0,10,2wqhnxm6,CheetahRun_DelayedMLP_delay12_eff12-job49033904,2026-09-28T11:31:10Z,finished,b4012b30fe456a352c13ac8f7aab9405bfc36e25,531427933bbca8a1558974319720c55b32659a76,True,NVIDIA H200,3.0,480000000,12,120,12,42,1234,i42/p1234,480215040.0,True,4800000,dmc_eval,917.3541870117188,qpos0,2026-09-29T09:08:22Z,2026-09-28T19:09:19Z,,,,,,,914.37587890625,10,917.3541870117188,6.902506880326769,100,480215040.0,4915200.0,4915200.0,914.8250834147135,100,True,True,700.8236325239849,788.4265865894829,832.228063622232,139345920,177684480,201768960,True,True,True,876.029540654981,2,38400000,340869120,True,336199680
cheetah_run_efference,cheetah_run,CheetahRun,efference,CheetahRun,0.0,10,o1xy410d,CheetahRun_DelayedMLP_delay12_eff12-job49034013,2026-09-28T11:30:23Z,finished,b4012b30fe456a352c13ac8f7aab9405bfc36e25,531427933bbca8a1558974319720c55b32659a76,True,NVIDIA A40,2.0,480000000,12,120,12,43,43,i43/p43,480215040.0,True,4800000,dmc_eval,913.948486328125,qpos0,2026-09-29T09:08:22Z,2026-09-28T23:32:45Z,,,,,,,911.8120178222656,10,913.948486328125,10.141380171342348,100,480215040.0,4915200.0,4915200.0,913.0004638671875,100,True,True,700.8236325239849,788.4265865894829,832.228063622232,129761280,177684480,220938240,True,True,True,876.029540654981,2,48000000,340869120,True,331284480
cheetah_run_no_efference,cheetah_run,CheetahRun,no_efference,CheetahRun,0.0,10,bsdef2ki,CheetahRun_DelayedMLP_delay12_eff0-job48434314,2026-09-25T13:27:05Z,finished,b4012b30fe456a352c13ac8f7aab9405bfc36e25,531427933bbca8a1558974319720c55b32659a76,True,NVIDIA H100 80GB HBM3,7.0,480000000,12,120,0,42,1234,i42/p1234,480215040.0,True,4800000,dmc_eval,915.2376708984376,qpos0,2026-09-28T10:48:00Z,2026-09-25T23:43:07Z,,,,,,,907.9023193359375,10,915.5638427734376,2.4742520419033553,100,480215040.0,4915200.0,4915200.0,914.286669921875,100,True,True,700.8236325239849,788.4265865894829,832.228063622232,81838080,110592000,129761280,True,True,True,876.029540654981,2,28800000,264192000,True,259276800
cheetah_run_efference,cheetah_run,CheetahRun,efference,CheetahRun,0.0,10,w2ded8lm,CheetahRun_DelayedMLP_delay15_eff15-job49033949,2026-09-28T11:30:23Z,finished,b4012b30fe456a352c13ac8f7aab9405bfc36e25,531427933bbca8a1558974319720c55b32659a76,True,NVIDIA A40,3.0,480000000,15,150,15,42,1234,i42/p1234,480215040.0,True,4800000,dmc_eval,896.09228515625,qpos0,2026-09-29T09:08:22Z,2026-09-28T23:34:45Z,,,,,,,898.3980773925781,10,905.5440673828124,35.20849664861498,100,480215040.0,4915200.0,4915200.0,903.483203125,100,True,True,700.8236325239849,788.4265865894829,832.228063622232,192184320,235438080,273776640,True,True,True,876.029540654981,2,43200000,456130560,True,427376640
cheetah_run_efference,cheetah_run,CheetahRun,efference,CheetahRun,0.0,10,iu53418j,CheetahRun_DelayedMLP_delay15_eff15-job49033996,2026-09-28T11:30:23Z,crashed,b4012b30fe456a352c13ac8f7aab9405bfc36e25,531427933bbca8a1558974319720c55b32659a76,True,NVIDIA RTX PRO 6000 Blackwell Server Edition,1.0,480000000,15,150,15,43,43,i43/p43,193167360.0,False,4800000,dmc_eval,765.1318359375,qpos0,2026-09-29T09:08:22Z,2026-09-28T16:43:39Z,,,,,,,,0,790.101318359375,,40,192184320.0,4915200.0,4915200.0,778.5151733398437,40,False,False,700.8236325239849,788.4265865894829,832.228063622232,129761280,,,True,False,False,876.029540654981,2,67200000,,False,
cheetah_run_no_efference,cheetah_run,CheetahRun,no_efference,CheetahRun,0.0,10,fxxa3j54,CheetahRun_DelayedMLP_delay15_eff0-job48435944,2026-09-25T13:41:08Z,finished,b4012b30fe456a352c13ac8f7aab9405bfc36e25,531427933bbca8a1558974319720c55b32659a76,True,NVIDIA H200,3.0,480000000,15,150,0,42,1234,i42/p1234,480215040.0,True,4800000,dmc_eval,892.7969970703125,qpos0,2026-09-28T10:48:01Z,2026-09-25T21:30:02Z,,,,,,,892.9902465820312,10,897.3016967773438,20.569137295809583,100,480215040.0,4915200.0,4915200.0,895.5198852539063,100,True,True,700.8236325239849,788.4265865894829,832.228063622232,105676800,211353600,302530560,True,True,True,876.029540654981,2,105600000,,False,
cheetah_run_no_efference,cheetah_run,CheetahRun,no_efference,CheetahRun,0.0,10,jstdofav,CheetahRun_DelayedMLP_delay20_eff0-job48435966,2026-09-25T13:41:08Z,crashed,b4012b30fe456a352c13ac8f7aab9405bfc36e25,531427933bbca8a1558974319720c55b32659a76,True,NVIDIA A100-PCIE-40GB,4.0,480000000,20,200,0,42,1234,i42/p1234,163184640.0,False,4800000,dmc_eval,,qpos0,2026-09-28T10:48:01Z,2026-09-25T19:19:41Z,,,,,,,,0,,,0,,,,,0,False,False,700.8236325239849,788.4265865894829,832.228063622232,,,,,,,876.029540654981,2,,,,
cheetah_run_no_efference,cheetah_run,CheetahRun,no_efference,CheetahRun,0.0,10,8c58k1uc,CheetahRun_DelayedMLP_delay20_eff0-job49029242,2026-09-28T11:03:58Z,finished,b4012b30fe456a352c13ac8f7aab9405bfc36e25,531427933bbca8a1558974319720c55b32659a76,True,NVIDIA A40,2.0,480000000,20,200,0,43,43,i43/p43,480215040.0,True,4800000,dmc_eval,863.32568359375,qpos0,2026-09-29T09:08:22Z,2026-09-28T21:19:49Z,,,,,,,854.62001953125,10,875.3638916015625,33.2450139825994,100,480215040.0,4915200.0,4915200.0,865.0142700195313,100,True,True,700.8236325239849,788.4265865894829,832.228063622232,173015040,273776640,384122880,True,True,True,876.029540654981,2,115200000,,False,
cheetah_run_no_efference,cheetah_run,CheetahRun,no_efference,CheetahRun,0.0,10,61zfwypo,CheetahRun_DelayedMLP_delay25_eff0-job48434432,2026-09-25T13:28:09Z,crashed,b4012b30fe456a352c13ac8f7aab9405bfc36e25,531427933bbca8a1558974319720c55b32659a76,True,NVIDIA H100 80GB HBM3,1.0,480000000,25,250,0,42,1234,i42/p1234,491520.0,False,4800000,dmc_eval,0.11747580766677856,qpos0,2026-09-28T10:48:00Z,2026-09-25T13:43:54Z,,,,,,,,0,,,0,,,,,0,False,False,700.8236325239849,788.4265865894829,832.228063622232,,,,,,,876.029540654981,2,,,,
reacher_hard_undelayed,reacher_hard,ReacherHard,undelayed,ReacherHard,0.0,20,kb3n3vp3,ReacherHard_DelayedMLP_delay0_eff0-job46857640,2026-09-17T14:09:14Z,finished,7bedb5cc4b735c7c93790c39113e7cb6295039d2,531427933bbca8a1558974319720c55b32659a76,True,NVIDIA RTX PRO 6000 Blackwell Server Edition,2.0,480000000,0,0,0,42,1234,i42/p1234,480215040.0,True,4800000,dmc_eval,976.19140625,qpos0,2026-09-21T11:02:32Z,2026-09-17T15:05:56Z,,,,,,,976.584375,10,977.40234375,0.2736505681818926,100,480215040.0,4915200.0,4915200.0,977.2890625,100,True,True,778.7144791666667,876.0537890625,924.7234440104166,24084480,24084480,28999680,True,True,True,973.3930989583333,3,0,28999680,True,19415040
reacher_hard_undelayed,reacher_hard,ReacherHard,undelayed,ReacherHard,0.0,20,mbpy4dk5,ReacherHard_DelayedMLP_delay0_eff0-job46862104,2026-09-17T15:01:42Z,finished,7bedb5cc4b735c7c93790c39113e7cb6295039d2,531427933bbca8a1558974319720c55b32659a76,True,NVIDIA RTX PRO 6000 Blackwell Server Edition,1.0,480000000,0,0,0,43,43,i43/p43,480215040.0,True,4800000,dmc_eval,972.625,qpos0,2026-09-21T11:02:32Z,2026-09-17T15:54:17Z,,,,,,,971.78984375,10,972.625,2.2362215909091674,100,480215040.0,4915200.0,4915200.0,972.184375,100,True,True,778.7144791666667,876.0537890625,924.7234440104166,24084480,38584320,76922880,True,True,True,973.3930989583333,3,14400000,48168960,True,43253760
reacher_hard_undelayed,reacher_hard,ReacherHard,undelayed,ReacherHard,0.0,20,0jiprpx9,ReacherHard_DelayedMLP_delay0_eff0-job46971961,2026-09-20T03:59:51Z,finished,7bedb5cc4b735c7c93790c39113e7cb6295039d2,531427933bbca8a1558974319720c55b32659a76,True,NVIDIA RTX A6000,0.0,480000000,0,0,0,45,45,i45/p45,480215040.0,True,4800000,dmc_eval,971.984375,qpos0,2026-09-21T11:02:30Z,2026-09-20T04:29:28Z,,,,,,,971.805078125,10,972.26953125,2.529865056818153,100,480215040.0,4915200.0,4915200.0,972.0921875,100,True,True,778.7144791666667,876.0537890625,924.7234440104166,24084480,28999680,33669120,True,True,True,973.3930989583333,3,14400000,28999680,True,19415040
reacher_hard_efference,reacher_hard,ReacherHard,efference,ReacherHard,0.0,20,zo8ai8x7,ReacherHard_DelayedMLP_delay2_eff2-job46857643,2026-09-17T14:11:01Z,finished,7bedb5cc4b735c7c93790c39113e7cb6295039d2,531427933bbca8a1558974319720c55b32659a76,True,NVIDIA RTX PRO 6000 Blackwell Server Edition,1.0,480000000,2,40,2,42,1234,i42/p1234,480215040.0,True,4800000,dmc_eval,969.29296875,qpos0,2026-09-21T11:02:33Z,2026-09-17T14:41:09Z,,,,,,,968.5640625,10,969.29296875,2.526775568181847,100,480215040.0,4915200.0,4915200.0,968.95234375,100,True,True,778.7144791666667,876.0537890625,924.7234440104166,28999680,38584320,76922880,True,True,True,973.3930989583333,3,9600000,48168960,True,43253760
reacher_hard_efference,reacher_hard,ReacherHard,efference,ReacherHard,0.0,20,io3b1jjm,ReacherHard_DelayedMLP_delay2_eff2-job46862134,2026-09-17T15:16:47Z,finished,7bedb5cc4b735c7c93790c39113e7cb6295039d2,531427933bbca8a1558974319720c55b32659a76,True,NVIDIA RTX PRO 6000 Blackwell Server Edition,0.0,480000000,2,40,2,43,43,i43/p43,480215040.0,True,4800000,dmc_eval,958.125,qpos0,2026-09-21T11:02:33Z,2026-09-17T16:47:07Z,,,,,,,957.412109375,10,959.1171875,5.130859375,100,480215040.0,4915200.0,4915200.0,957.705078125,100,True,True,778.7144791666667,876.0537890625,924.7234440104166,28999680,43253760,110592000,True,True,True,973.3930989583333,3,14400000,86507520,True,81838080
reacher_hard_efference,reacher_hard,ReacherHard,efference,ReacherHard,0.0,20,3o4k225w,ReacherHard_DelayedMLP_delay2_eff2-job46971979,2026-09-20T03:59:51Z,finished,7bedb5cc4b735c7c93790c39113e7cb6295039d2,531427933bbca8a1558974319720c55b32659a76,True,NVIDIA RTX A6000,0.0,480000000,2,40,2,45,45,i45/p45,480215040.0,True,4800000,dmc_eval,969.953125,qpos0,2026-09-21T11:02:30Z,2026-09-20T04:28:18Z,,,,,,,969.213671875,10,970.08984375,0.1639559659091674,100,480215040.0,4915200.0,4915200.0,969.778125,100,True,True,778.7144791666667,876.0537890625,924.7234440104166,28999680,38584320,48168960,True,True,True,973.3930989583333,3,9600000,38584320,True,33669120
reacher_hard_no_efference,reacher_hard,ReacherHard,no_efference,ReacherHard,0.0,20,6n8e4alz,ReacherHard_DelayedMLP_delay2_eff0-job48435005,2026-09-25T13:34:25Z,finished,b4012b30fe456a352c13ac8f7aab9405bfc36e25,531427933bbca8a1558974319720c55b32659a76,True,NVIDIA H100 80GB HBM3,0.0,480000000,2,40,0,42,1234,i42/p1234,480215040.0,True,4800000,dmc_eval,971.5625,qpos0,2026-09-28T10:48:03Z,2026-09-25T13:53:20Z,,,,,,,971.827734375,10,973.57421875,-1.1129616477272748,100,480215040.0,4915200.0,4915200.0,973.15,100,True,True,778.7144791666667,876.0537890625,924.7234440104166,24084480,24084480,28999680,True,True,True,973.3930989583333,3,0,28999680,True,19415040
reacher_hard_no_efference,reacher_hard,ReacherHard,no_efference,ReacherHard,0.0,20,on9u02la,ReacherHard_DelayedMLP_delay3_eff0-job48437183,2026-09-25T13:41:47Z,finished,b4012b30fe456a352c13ac8f7aab9405bfc36e25,531427933bbca8a1558974319720c55b32659a76,True,NVIDIA H200,0.0,480000000,3,60,0,42,1234,i42/p1234,480215040.0,True,4800000,dmc_eval,971.31640625,qpos0,2026-09-28T10:48:03Z,2026-09-25T13:59:52Z,,,,,,,970.612109375,10,971.359375,2.6476207386364194,100,480215040.0,4915200.0,4915200.0,971.0578125,100,True,True,778.7144791666667,876.0537890625,924.7234440104166,24084480,28999680,38584320,True,True,True,973.3930989583333,3,4800000,28999680,True,19415040
reacher_hard_efference,reacher_hard,ReacherHard,efference,ReacherHard,0.0,20,haa2liwa,ReacherHard_DelayedMLP_delay5_eff5-job46857649,2026-09-17T14:11:02Z,finished,7bedb5cc4b735c7c93790c39113e7cb6295039d2,531427933bbca8a1558974319720c55b32659a76,True,NVIDIA RTX PRO 6000 Blackwell Server Edition,1.0,480000000,5,100,5,42,1234,i42/p1234,480215040.0,True,4800000,dmc_eval,959.78515625,qpos0,2026-09-21T11:02:31Z,2026-09-17T14:50:00Z,,,,,,,954.84140625,10,960.63671875,1.9007102272727252,100,480215040.0,4915200.0,4915200.0,959.5125,100,True,True,778.7144791666667,876.0537890625,924.7234440104166,38584320,158515200,168099840,True,True,True,973.3930989583333,3,52800000,163430400,True,153600000
reacher_hard_efference,reacher_hard,ReacherHard,efference,ReacherHard,0.0,20,s6lj3phn,ReacherHard_DelayedMLP_delay5_eff5-job46862135,2026-09-17T15:25:52Z,finished,7bedb5cc4b735c7c93790c39113e7cb6295039d2,531427933bbca8a1558974319720c55b32659a76,True,NVIDIA RTX PRO 6000 Blackwell Server Edition,0.0,480000000,5,100,5,43,43,i43/p43,480215040.0,True,4800000,dmc_eval,942.0703125,qpos0,2026-09-21T11:02:33Z,2026-09-17T16:51:24Z,,,,,,,938.540234375,10,942.0703125,49.81225142045446,100,480215040.0,4915200.0,4915200.0,941.67109375,100,True,True,778.7144791666667,876.0537890625,924.7234440104166,28999680,144015360,163430400,True,True,True,973.3930989583333,3,105600000,148930560,True,144015360
reacher_hard_efference,reacher_hard,ReacherHard,efference,ReacherHard,0.0,20,4q031yv7,ReacherHard_DelayedMLP_delay5_eff5-job46972001,2026-09-20T03:59:50Z,finished,7bedb5cc4b735c7c93790c39113e7cb6295039d2,531427933bbca8a1558974319720c55b32659a76,True,NVIDIA A100-SXM4-80GB,0.0,480000000,5,100,5,45,45,i45/p45,480215040.0,True,4800000,dmc_eval,958.9296875,qpos0,2026-09-21T11:02:30Z,2026-09-20T05:14:36Z,,,,,,,957.866796875,10,958.9296875,7.085191761363603,100,480215040.0,4915200.0,4915200.0,958.615625,100,True,True,778.7144791666667,876.0537890625,924.7234440104166,38584320,192184320,211353600,True,True,True,973.3930989583333,3,96000000,196853760,True,192184320
reacher_hard_no_efference,reacher_hard,ReacherHard,no_efference,ReacherHard,0.0,20,spv7hzxk,ReacherHard_DelayedMLP_delay5_eff0-job48435039,2026-09-25T13:35:34Z,finished,b4012b30fe456a352c13ac8f7aab9405bfc36e25,531427933bbca8a1558974319720c55b32659a76,True,NVIDIA H200,0.0,480000000,5,100,0,42,1234,i42/p1234,480215040.0,True,4800000,dmc_eval,962.359375,qpos0,2026-09-28T10:48:04Z,2026-09-25T13:53:46Z,,,,,,,961.267578125,10,963.359375,3.604225852272748,100,480215040.0,4915200.0,4915200.0,962.4453125,100,True,True,778.7144791666667,876.0537890625,924.7234440104166,28999680,38584320,120176640,True,True,True,973.3930989583333,3,9600000,57753600,True,57753600
reacher_hard_efference,reacher_hard,ReacherHard,efference,ReacherHard,0.0,20,arnshycb,ReacherHard_DelayedMLP_delay7_eff7-job46857667,2026-09-17T14:11:02Z,finished,7bedb5cc4b735c7c93790c39113e7cb6295039d2,531427933bbca8a1558974319720c55b32659a76,True,NVIDIA RTX PRO 6000 Blackwell Server Edition,2.0,480000000,7,140,7,42,1234,i42/p1234,480215040.0,True,4800000,dmc_eval,944.109375,qpos0,2026-09-21T11:02:31Z,2026-09-17T15:11:14Z,,,,,,,939.257421875,10,944.20703125,5.289382102272725,100,480215040.0,4915200.0,4915200.0,942.67734375,100,True,True,778.7144791666667,876.0537890625,924.7234440104166,48168960,216023040,345784320,True,True,True,973.3930989583333,3,158400000,292945920,True,268861440
reacher_hard_efference,reacher_hard,ReacherHard,efference,ReacherHard,0.0,20,icn8rgcb,ReacherHard_DelayedMLP_delay7_eff7-job46862140,2026-09-17T15:26:03Z,finished,7bedb5cc4b735c7c93790c39113e7cb6295039d2,531427933bbca8a1558974319720c55b32659a76,True,NVIDIA H200,1.0,480000000,7,140,7,43,43,i43/p43,480215040.0,True,4800000,dmc_eval,947.93359375,qpos0,2026-09-21T11:02:31Z,2026-09-17T17:06:25Z,,,,,,,945.08046875,10,949.8046875,12.628764204545519,100,480215040.0,4915200.0,4915200.0,948.009375,100,True,True,778.7144791666667,876.0537890625,924.7234440104166,38584320,163430400,273776640,True,True,True,973.3930989583333,3,124800000,220938240,True,216023040
reacher_hard_efference,reacher_hard,ReacherHard,efference,ReacherHard,0.0,20,dyfuh7fu,ReacherHard_DelayedMLP_delay7_eff7-job46972004,2026-09-20T03:59:50Z,finished,7bedb5cc4b735c7c93790c39113e7cb6295039d2,531427933bbca8a1558974319720c55b32659a76,True,NVIDIA A100-SXM4-80GB,0.0,480000000,7,140,7,45,45,i45/p45,480215040.0,True,4800000,dmc_eval,945.640625,qpos0,2026-09-21T11:02:31Z,2026-09-20T05:15:49Z,,,,,,,942.82578125,10,951.046875,3.0004971590908553,100,480215040.0,4915200.0,4915200.0,949.38046875,100,True,True,778.7144791666667,876.0537890625,924.7234440104166,38584320,187269120,240107520,True,True,True,973.3930989583333,3,91200000,225607680,True,220938240
reacher_hard_no_efference,reacher_hard,ReacherHard,no_efference,ReacherHard,0.0,20,jj55kagb,ReacherHard_DelayedMLP_delay7_eff0-job48435052,2026-09-25T13:37:15Z,finished,b4012b30fe456a352c13ac8f7aab9405bfc36e25,531427933bbca8a1558974319720c55b32659a76,True,NVIDIA H200,0.0,480000000,7,140,0,42,1234,i42/p1234,480215040.0,True,4800000,dmc_eval,965.1015625,qpos0,2026-09-28T10:48:03Z,2026-09-25T13:55:08Z,,,,,,,964.176953125,10,965.74609375,-0.5275923295455414,100,480215040.0,4915200.0,4915200.0,965.4484375,100,True,True,778.7144791666667,876.0537890625,924.7234440104166,24084480,28999680,38584320,True,True,True,973.3930989583333,3,4800000,28999680,True,24084480
reacher_hard_efference,reacher_hard,ReacherHard,efference,ReacherHard,0.0,20,elttam67,ReacherHard_DelayedMLP_delay10_eff10-job46857657,2026-09-17T14:09:55Z,finished,7bedb5cc4b735c7c93790c39113e7cb6295039d2,531427933bbca8a1558974319720c55b32659a76,True,NVIDIA RTX PRO 6000 Blackwell Server Edition,1.0,480000000,10,200,10,42,1234,i42/p1234,480215040.0,True,4800000,dmc_eval,930.08984375,qpos0,2026-09-21T11:02:31Z,2026-09-17T14:50:12Z,,,,,,,938.699609375,10,950.62890625,-5.162606534090855,99,480215040.0,4915200.0,4915200.0,948.8125,99,True,True,778.7144791666667,876.0537890625,924.7234440104166,48168960,220938240,249692160,True,True,True,973.3930989583333,3,86400000,230522880,True,220938240
reacher_hard_efference,reacher_hard,ReacherHard,efference,ReacherHard,0.0,20,84wndhf2,ReacherHard_DelayedMLP_delay10_eff10-job46862153,2026-09-17T15:26:03Z,finished,7bedb5cc4b735c7c93790c39113e7cb6295039d2,531427933bbca8a1558974319720c55b32659a76,True,NVIDIA A100-SXM4-80GB,1.0,480000000,10,200,10,43,43,i43/p43,480215040.0,True,4800000,dmc_eval,932.13671875,qpos0,2026-09-21T11:02:30Z,2026-09-17T17:10:30Z,,,,,,,929.64609375,10,934.46484375,15.068323863636351,100,480215040.0,4915200.0,4915200.0,932.13515625,100,True,True,778.7144791666667,876.0537890625,924.7234440104166,43253760,268861440,326615040,True,True,True,973.3930989583333,3,67200000,283361280,True,273776640
reacher_hard_efference,reacher_hard,ReacherHard,efference,ReacherHard,0.0,20,32b668eb,ReacherHard_DelayedMLP_delay10_eff10-job46972012,2026-09-20T03:59:50Z,finished,7bedb5cc4b735c7c93790c39113e7cb6295039d2,531427933bbca8a1558974319720c55b32659a76,True,NVIDIA A100-SXM4-80GB,0.0,480000000,10,200,10,45,45,i45/p45,480215040.0,True,4800000,dmc_eval,860.4453125,qpos0,2026-09-21T11:02:30Z,2026-09-20T05:15:54Z,,,,,,,821.441796875,10,860.4453125,14.041583806818153,100,480215040.0,4915200.0,4915200.0,846.20234375,100,True,True,778.7144791666667,876.0537890625,924.7234440104166,173015040,,,True,False,False,973.3930989583333,3,206400000,,False,
reacher_hard_no_efference,reacher_hard,ReacherHard,no_efference,ReacherHard,0.0,20,1lkhddkj,ReacherHard_DelayedMLP_delay10_eff0-job48435094,2026-09-25T13:37:15Z,finished,b4012b30fe456a352c13ac8f7aab9405bfc36e25,531427933bbca8a1558974319720c55b32659a76,True,NVIDIA H100 80GB HBM3,0.0,480000000,10,200,0,42,1234,i42/p1234,480215040.0,True,4800000,dmc_eval,958.53125,qpos0,2026-09-28T10:48:03Z,2026-09-25T13:56:30Z,,,,,,,957.75625,10,958.53125,1.6127840909091447,100,480215040.0,4915200.0,4915200.0,958.0703125,100,True,True,778.7144791666667,876.0537890625,924.7234440104166,24084480,28999680,38584320,True,True,True,973.3930989583333,3,4800000,28999680,True,19415040
reacher_hard_efference,reacher_hard,ReacherHard,efference,ReacherHard,0.0,20,cwlddpw2,ReacherHard_DelayedMLP_delay12_eff12-job46857684,2026-09-17T14:11:02Z,finished,7bedb5cc4b735c7c93790c39113e7cb6295039d2,531427933bbca8a1558974319720c55b32659a76,True,NVIDIA A100-SXM4-80GB,2.0,480000000,12,240,12,42,1234,i42/p1234,480215040.0,True,4800000,dmc_eval,662.4765625,qpos0,2026-09-21T11:02:31Z,2026-09-17T15:53:14Z,,,,,,,763.66875,10,846.80859375,33.82571022727279,100,480215040.0,4915200.0,4915200.0,817.0265625,100,True,True,778.7144791666667,876.0537890625,924.7234440104166,321699840,,,True,False,False,973.3930989583333,3,67200000,,False,
reacher_hard_efference,reacher_hard,ReacherHard,efference,ReacherHard,0.0,20,1jcl03u8,ReacherHard_DelayedMLP_delay12_eff12-job46862176,2026-09-17T16:45:00Z,finished,7bedb5cc4b735c7c93790c39113e7cb6295039d2,531427933bbca8a1558974319720c55b32659a76,True,NVIDIA H200,1.0,480000000,12,240,12,43,43,i43/p43,480215040.0,True,4800000,dmc_eval,924.55078125,qpos0,2026-09-21T11:02:30Z,2026-09-17T17:12:05Z,,,,,,,922.64140625,10,948.3515625,-14.048224431818085,100,480215040.0,4915200.0,4915200.0,945.701171875,100,True,True,778.7144791666667,876.0537890625,924.7234440104166,96092160,139345920,264192000,True,True,True,973.3930989583333,3,57600000,158515200,True,153600000
reacher_hard_efference,reacher_hard,ReacherHard,efference,ReacherHard,0.0,20,2hx492w1,ReacherHard_DelayedMLP_delay12_eff12-job46972033,2026-09-20T03:59:50Z,finished,7bedb5cc4b735c7c93790c39113e7cb6295039d2,531427933bbca8a1558974319720c55b32659a76,True,NVIDIA A100-SXM4-80GB,0.0,480000000,12,240,12,45,45,i45/p45,480215040.0,True,4800000,dmc_eval,933.109375,qpos0,2026-09-21T11:02:30Z,2026-09-20T05:16:05Z,,,,,,,941.071875,10,947.80078125,-1.5825994318181529,100,480215040.0,4915200.0,4915200.0,947.39140625,100,True,True,778.7144791666667,876.0537890625,924.7234440104166,201768960,292945920,292945920,True,True,True,973.3930989583333,3,91200000,292945920,True,283361280
reacher_hard_no_efference,reacher_hard,ReacherHard,no_efference,ReacherHard,0.0,20,xxul4n5d,ReacherHard_DelayedMLP_delay12_eff0-job48435105,2026-09-25T13:38:33Z,finished,b4012b30fe456a352c13ac8f7aab9405bfc36e25,531427933bbca8a1558974319720c55b32659a76,True,NVIDIA H100 80GB HBM3,0.0,480000000,12,240,0,42,1234,i42/p1234,480215040.0,True,4800000,dmc_eval,954.89453125,qpos0,2026-09-28T10:48:04Z,2026-09-25T13:57:24Z,,,,,,,953.743359375,10,956.79296875,-0.37418323863641945,100,480215040.0,4915200.0,4915200.0,955.8522135416666,100,True,True,778.7144791666667,876.0537890625,924.7234440104166,24084480,28999680,38584320,True,True,True,973.3930989583333,3,4800000,38584320,True,24084480
reacher_hard_efference,reacher_hard,ReacherHard,efference,ReacherHard,0.0,20,l0zrsfg1,ReacherHard_DelayedMLP_delay15_eff15-job46857701,2026-09-17T14:11:02Z,finished,7bedb5cc4b735c7c93790c39113e7cb6295039d2,531427933bbca8a1558974319720c55b32659a76,True,NVIDIA A100-SXM4-80GB,2.0,480000000,15,300,15,42,1234,i42/p1234,480215040.0,True,4800000,dmc_eval,925.390625,qpos0,2026-09-21T11:02:32Z,2026-09-17T15:49:04Z,,,,,,,913.999609375,10,925.390625,13.501384943181847,100,480215040.0,4915200.0,4915200.0,918.090625,100,True,True,778.7144791666667,876.0537890625,924.7234440104166,153600000,268861440,,True,True,False,973.3930989583333,3,86400000,312115200,True,302530560
reacher_hard_efference,reacher_hard,ReacherHard,efference,ReacherHard,0.0,20,64uhdde4,ReacherHard_DelayedMLP_delay15_eff15-job46862181,2026-09-17T15:34:48Z,finished,7bedb5cc4b735c7c93790c39113e7cb6295039d2,531427933bbca8a1558974319720c55b32659a76,True,NVIDIA RTX PRO 6000 Blackwell Server Edition,0.0,480000000,15,300,15,43,43,i43/p43,480215040.0,True,4800000,dmc_eval,918.515625,qpos0,2026-09-21T11:02:30Z,2026-09-17T15:49:24Z,,,,,,,912.65625,10,922.43359375,47.204545454545496,100,480215040.0,4915200.0,4915200.0,921.55859375,100,True,True,778.7144791666667,876.0537890625,924.7234440104166,283361280,374538240,,True,True,False,973.3930989583333,3,91200000,403292160,True,393707520
reacher_hard_efference,reacher_hard,ReacherHard,efference,ReacherHard,0.0,20,88ednhd4,ReacherHard_DelayedMLP_delay15_eff15-job46972045,2026-09-20T03:59:50Z,finished,7bedb5cc4b735c7c93790c39113e7cb6295039d2,531427933bbca8a1558974319720c55b32659a76,True,NVIDIA A40,0.0,480000000,15,300,15,45,45,i45/p45,480215040.0,True,4800000,dmc_eval,881.63671875,qpos0,2026-09-21T11:02:31Z,2026-09-20T04:32:00Z,,,,,,,844.578125,10,916.33984375,-40.442826704545496,100,480215040.0,4915200.0,4915200.0,902.6890625,100,True,True,778.7144791666667,876.0537890625,924.7234440104166,48168960,264192000,,True,True,False,973.3930989583333,3,206400000,364953600,True,364953600
reacher_hard_no_efference,reacher_hard,ReacherHard,no_efference,ReacherHard,0.0,20,m2aairnc,ReacherHard_DelayedMLP_delay15_eff0-job48435128,2026-09-25T13:39:36Z,finished,b4012b30fe456a352c13ac8f7aab9405bfc36e25,531427933bbca8a1558974319720c55b32659a76,True,NVIDIA H100 80GB HBM3,0.0,480000000,15,300,0,42,1234,i42/p1234,480215040.0,True,4800000,dmc_eval,944.62890625,qpos0,2026-09-28T10:48:03Z,2026-09-25T13:58:45Z,,,,,,,942.053515625,10,946.5625,7.644069602272793,100,480215040.0,4915200.0,4915200.0,944.525,100,True,True,778.7144791666667,876.0537890625,924.7234440104166,24084480,28999680,38584320,True,True,True,973.3930989583333,3,28800000,38584320,True,24084480
reacher_hard_efference,reacher_hard,ReacherHard,efference,ReacherHard,0.0,20,xzpvqnv3,ReacherHard_DelayedMLP_delay20_eff20-job46857708,2026-09-17T14:12:03Z,finished,7bedb5cc4b735c7c93790c39113e7cb6295039d2,531427933bbca8a1558974319720c55b32659a76,True,NVIDIA RTX PRO 6000 Blackwell Server Edition,1.0,480000000,20,400,20,42,1234,i42/p1234,480215040.0,True,4800000,dmc_eval,850.3515625,qpos0,2026-09-21T11:02:34Z,2026-09-17T14:43:13Z,,,,,,,815.1515625,10,876.66796875,-0.46455965909092356,100,480215040.0,4915200.0,4915200.0,844.06953125,100,True,True,778.7144791666667,876.0537890625,924.7234440104166,201768960,,,True,False,False,973.3930989583333,3,230400000,,False,
reacher_hard_efference,reacher_hard,ReacherHard,efference,ReacherHard,0.0,20,solwgrkc,ReacherHard_DelayedMLP_delay20_eff20-job46862217,2026-09-17T16:42:53Z,finished,7bedb5cc4b735c7c93790c39113e7cb6295039d2,531427933bbca8a1558974319720c55b32659a76,True,NVIDIA H200,1.0,480000000,20,400,20,43,43,i43/p43,480215040.0,True,4800000,dmc_eval,914.609375,qpos0,2026-09-21T11:02:33Z,2026-09-17T17:02:13Z,,,,,,,909.794140625,10,915.73046875,18.49477982954545,100,480215040.0,4915200.0,4915200.0,912.82890625,100,True,True,778.7144791666667,876.0537890625,924.7234440104166,182599680,345784320,,True,True,False,973.3930989583333,3,110400000,384122880,True,369623040
reacher_hard_efference,reacher_hard,ReacherHard,efference,ReacherHard,0.0,20,gkiw6gsm,ReacherHard_DelayedMLP_delay20_eff20-job46972068,2026-09-20T03:59:50Z,finished,7bedb5cc4b735c7c93790c39113e7cb6295039d2,531427933bbca8a1558974319720c55b32659a76,True,NVIDIA A40,0.0,480000000,20,400,20,45,45,i45/p45,480215040.0,True,4800000,dmc_eval,935.7265625,qpos0,2026-09-21T11:02:31Z,2026-09-20T04:31:51Z,,,,,,,929.6984375,10,935.7265625,64.25561079545446,100,480215040.0,4915200.0,4915200.0,931.88359375,100,True,True,778.7144791666667,876.0537890625,924.7234440104166,139345920,201768960,427376640,True,True,True,973.3930989583333,3,105600000,259276800,True,254607360
reacher_hard_no_efference,reacher_hard,ReacherHard,no_efference,ReacherHard,0.0,20,7sw4scgt,ReacherHard_DelayedMLP_delay20_eff0-job49048642,2026-09-28T13:13:00Z,finished,b4012b30fe456a352c13ac8f7aab9405bfc36e25,531427933bbca8a1558974319720c55b32659a76,True,NVIDIA H200,0.0,480000000,20,400,0,42,1234,i42/p1234,480215040.0,True,4800000,dmc_eval,929.22265625,qpos0,2026-09-28T15:10:55Z,2026-09-28T13:32:26Z,,,,,,,929.005859375,10,930.171875,6.97247869318187,100,480215040.0,4915200.0,4915200.0,929.60546875,100,True,True,778.7144791666667,876.0537890625,924.7234440104166,38584320,48168960,417792000,True,True,True,973.3930989583333,3,9600000,48168960,True,43253760
reacher_hard_efference,reacher_hard,ReacherHard,efference,ReacherHard,0.0,20,kgo6f75i,ReacherHard_DelayedMLP_delay25_eff25-job46857713,2026-09-17T14:12:28Z,finished,7bedb5cc4b735c7c93790c39113e7cb6295039d2,531427933bbca8a1558974319720c55b32659a76,True,NVIDIA RTX PRO 6000 Blackwell Server Edition,1.0,480000000,25,500,25,42,1234,i42/p1234,480215040.0,True,4800000,dmc_eval,857.1484375,qpos0,2026-09-21T11:02:32Z,2026-09-17T14:49:30Z,,,,,,,858.144140625,10,907.33984375,96.39733664772723,100,480215040.0,4915200.0,4915200.0,874.89765625,100,True,True,778.7144791666667,876.0537890625,924.7234440104166,374538240,,,True,False,False,973.3930989583333,3,110400000,,False,
reacher_hard_efference,reacher_hard,ReacherHard,efference,ReacherHard,0.0,20,t0ges0so,ReacherHard_DelayedMLP_delay25_eff25-job46862228,2026-09-17T16:43:17Z,finished,7bedb5cc4b735c7c93790c39113e7cb6295039d2,531427933bbca8a1558974319720c55b32659a76,True,NVIDIA H200,1.0,480000000,25,500,25,43,43,i43/p43,480215040.0,True,4800000,dmc_eval,815.66015625,qpos0,2026-09-21T11:02:33Z,2026-09-17T17:11:23Z,,,,,,,756.1859375,10,815.66015625,223.5208096590909,100,480215040.0,4915200.0,4915200.0,787.9171875,100,True,True,778.7144791666667,876.0537890625,924.7234440104166,480215040,,,True,False,False,973.3930989583333,3,4800000,,False,
reacher_hard_efference,reacher_hard,ReacherHard,efference,ReacherHard,0.0,20,qp8xwcxx,ReacherHard_DelayedMLP_delay25_eff25-job46972071,2026-09-20T03:59:50Z,finished,7bedb5cc4b735c7c93790c39113e7cb6295039d2,531427933bbca8a1558974319720c55b32659a76,True,NVIDIA A40,0.0,480000000,25,500,25,45,45,i45/p45,480215040.0,True,4800000,dmc_eval,925.796875,qpos0,2026-09-21T11:02:32Z,2026-09-20T04:31:53Z,,,,,,,921.838671875,10,927.03515625,-0.8466974431818244,100,480215040.0,4915200.0,4915200.0,925.32578125,100,True,True,778.7144791666667,876.0537890625,924.7234440104166,235438080,302530560,398622720,True,True,True,973.3930989583333,3,67200000,302530560,True,302530560
reacher_hard_no_efference,reacher_hard,ReacherHard,no_efference,ReacherHard,0.0,20,thn6y8qh,ReacherHard_DelayedMLP_delay25_eff0-job48435152,2026-09-25T13:40:21Z,finished,b4012b30fe456a352c13ac8f7aab9405bfc36e25,531427933bbca8a1558974319720c55b32659a76,True,NVIDIA H200,0.0,480000000,25,500,0,42,1234,i42/p1234,480215040.0,True,4800000,dmc_eval,914.28515625,qpos0,2026-09-28T10:48:04Z,2026-09-25T13:59:35Z,,,,,,,912.896875,10,914.30859375,3.7420454545455186,100,480215040.0,4915200.0,4915200.0,913.53984375,100,True,True,778.7144791666667,876.0537890625,924.7234440104166,48168960,110592000,,True,True,False,973.3930989583333,3,86400000,268861440,True,240107520
humanoid_walk_undelayed,humanoid_walk,HumanoidWalk,undelayed,HumanoidWalk,0.0,25,hz20ro85,HumanoidWalk_DelayedMLP_delay0_eff0-20260909-082055,2026-09-09T12:21:07Z,finished,971ab99eb3a6d6f27c375a229796d9c40cc92f04,1725d2009c78a18a8b5bc9e8e236800c5320e966,False,NVIDIA A100-SXM4-80GB,,480000000,0,0,0,42,1234,i42/p1234,480215040.0,True,600000,dmc_eval,986.4678955078124,,2026-09-10T14:23:51Z,2026-09-09T16:22:06Z,,,,,,,974.5091900997851,83,994.2278442382812,-9.528544885566475,800,480215040.0,491520.0,737280.0,993.4065063476562,100,True,True,774.5699187156954,871.3911585551573,919.8017784748882,76922880,81838080,86507520,True,True,True,968.2123983946192,2,4800000,81838080,True,72007680
humanoid_walk_undelayed,humanoid_walk,HumanoidWalk,undelayed,HumanoidWalk,0.0,25,t5uy26jd,HumanoidWalk_DelayedMLP_delay0_eff0-job49054731,2026-09-28T15:38:45Z,finished,b4012b30fe456a352c13ac8f7aab9405bfc36e25,531427933bbca8a1558974319720c55b32659a76,True,NVIDIA H200,3.0,480000000,0,0,0,42,1234,i42/p1234,480215040.0,True,4800000,dmc_eval,967.3019409179688,qpos0,2026-09-29T09:07:52Z,2026-09-28T17:49:40Z,,,,,,,961.9156066894532,10,968.0606689453124,8.31367797851567,100,480215040.0,4915200.0,4915200.0,965.6828491210938,100,True,True,774.5699187156954,871.3911585551573,919.8017784748882,91422720,96092160,96092160,True,True,True,968.2123983946192,2,4800000,96092160,True,86507520
humanoid_walk_efference,humanoid_walk,HumanoidWalk,efference,HumanoidWalk,0.0,25,td30g3jx,HumanoidWalk_DelayedMLP_delay2_eff2-20260909-082055,2026-09-09T12:21:07Z,finished,971ab99eb3a6d6f27c375a229796d9c40cc92f04,1725d2009c78a18a8b5bc9e8e236800c5320e966,False,NVIDIA H200,,480000000,2,50,2,42,1234,i42/p1234,480215040.0,True,600000,dmc_eval,973.0859375,,2026-09-10T14:23:53Z,2026-09-09T15:09:13Z,,,,,,,972.8919030614646,83,974.7315673828124,4.353132658283812,800,480215040.0,491520.0,737280.0,973.7391845703125,100,True,True,774.5699187156954,871.3911585551573,919.8017784748882,144015360,148930560,148930560,True,True,True,968.2123983946192,2,4800000,148930560,True,136396800
humanoid_walk_no_efference,humanoid_walk,HumanoidWalk,no_efference,HumanoidWalk,0.0,25,8me7p0qs,HumanoidWalk_DelayedMLP_delay2_eff0-job48437706,2026-09-25T13:48:09Z,crashed,b4012b30fe456a352c13ac8f7aab9405bfc36e25,531427933bbca8a1558974319720c55b32659a76,True,NVIDIA H200,0.0,480000000,2,50,0,42,1234,i42/p1234,269107200.0,False,4800000,dmc_eval,966.2489624023438,qpos0,2026-09-28T10:48:02Z,2026-09-25T14:25:24Z,,,,,,,,0,966.2489624023438,,56,268861440.0,4915200.0,4669440.0,965.5663553873698,56,False,False,774.5699187156954,871.3911585551573,919.8017784748882,139345920,139345920,139345920,True,True,True,968.2123983946192,2,0,139345920,True,129761280
humanoid_walk_no_efference,humanoid_walk,HumanoidWalk,no_efference,HumanoidWalk,0.0,25,1x02tw40,HumanoidWalk_DelayedMLP_delay2_eff0-job49029131,2026-09-28T10:53:21Z,finished,b4012b30fe456a352c13ac8f7aab9405bfc36e25,531427933bbca8a1558974319720c55b32659a76,False,NVIDIA H200,0.0,480000000,2,50,0,43,43,i43/p43,480215040.0,True,4800000,dmc_eval,973.8748168945312,qpos0,2026-09-28T15:10:55Z,2026-09-28T11:53:57Z,,,,,,,972.7852600097656,10,974.8215942382812,0.6784262917258275,100,480215040.0,4915200.0,4915200.0,973.8756591796875,100,True,True,774.5699187156954,871.3911585551573,919.8017784748882,120176640,124846080,129761280,True,True,True,968.2123983946192,2,4800000,129761280,True,120176640
humanoid_walk_no_efference,humanoid_walk,HumanoidWalk,no_efference,HumanoidWalk,0.0,25,6qwooelz,HumanoidWalk_DelayedMLP_delay2_eff0-job49100392,2026-09-28T19:55:16Z,finished,b4012b30fe456a352c13ac8f7aab9405bfc36e25,531427933bbca8a1558974319720c55b32659a76,False,NVIDIA A40,0.0,480000000,2,50,0,45,45,i45/p45,480215040.0,True,4800000,dmc_eval,975.001708984375,qpos0,2026-09-29T09:07:51Z,2026-09-28T22:10:50Z,,,,,,,972.9514526367187,10,975.001708984375,2.461051802201723,100,480215040.0,4915200.0,4915200.0,973.6198608398438,100,True,True,774.5699187156954,871.3911585551573,919.8017784748882,129761280,129761280,129761280,True,True,True,968.2123983946192,2,0,129761280,True,120176640
humanoid_walk_efference,humanoid_walk,HumanoidWalk,efference,HumanoidWalk,0.0,25,c41m4w9v,HumanoidWalk_DelayedMLP_delay3_eff3-job49054452,2026-09-28T15:38:45Z,crashed,b4012b30fe456a352c13ac8f7aab9405bfc36e25,531427933bbca8a1558974319720c55b32659a76,False,NVIDIA A100-SXM4-80GB,0.0,480000000,3,75,3,42,1234,i42/p1234,,False,4800000,dmc_eval,,qpos0,2026-09-29T09:07:49Z,2026-09-28T15:41:46Z,,,,,,,,0,,,0,,,,,0,False,False,774.5699187156954,871.3911585551573,919.8017784748882,,,,,,,968.2123983946192,2,,,,
humanoid_walk_efference,humanoid_walk,HumanoidWalk,efference,HumanoidWalk,0.0,25,vvl277mf,HumanoidWalk_DelayedMLP_delay3_eff3-job49054307,2026-09-28T15:38:45Z,crashed,b4012b30fe456a352c13ac8f7aab9405bfc36e25,531427933bbca8a1558974319720c55b32659a76,False,NVIDIA A100-SXM4-80GB,0.0,480000000,3,75,3,43,43,i43/p43,116490240.0,False,4800000,dmc_eval,204.90362548828125,qpos0,2026-09-29T09:07:50Z,2026-09-28T17:20:16Z,,,,,,,,0,204.90362548828125,,24,115261440.0,4915200.0,4669440.0,133.69595082600912,24,False,False,774.5699187156954,871.3911585551573,919.8017784748882,,,,False,False,False,968.2123983946192,2,0,,False,
humanoid_walk_efference,humanoid_walk,HumanoidWalk,efference,HumanoidWalk,0.0,25,o6t4nocb,HumanoidWalk_DelayedMLP_delay3_eff3-job49100515,2026-09-28T19:55:42Z,finished,b4012b30fe456a352c13ac8f7aab9405bfc36e25,531427933bbca8a1558974319720c55b32659a76,True,NVIDIA A100-SXM4-40GB,3.0,480000000,3,75,3,45,45,i45/p45,480215040.0,True,4800000,dmc_eval,975.9239501953124,qpos0,2026-09-29T09:07:50Z,2026-09-28T22:11:55Z,,,,,,,972.9835327148437,10,975.9368896484376,2.8007157759232086,100,480215040.0,4915200.0,4915200.0,974.587353515625,100,True,True,774.5699187156954,871.3911585551573,919.8017784748882,168099840,173015040,177684480,True,True,True,968.2123983946192,2,4800000,177684480,True,168099840
humanoid_walk_no_efference,humanoid_walk,HumanoidWalk,no_efference,HumanoidWalk,0.0,25,csm9e6kn,HumanoidWalk_DelayedMLP_delay3_eff0-job48438513,2026-09-25T13:58:23Z,finished,b4012b30fe456a352c13ac8f7aab9405bfc36e25,531427933bbca8a1558974319720c55b32659a76,True,NVIDIA H200,1.0,480000000,3,75,0,42,1234,i42/p1234,480215040.0,True,4800000,dmc_eval,970.67236328125,qpos0,2026-09-28T10:48:02Z,2026-09-25T15:07:12Z,,,,,,,969.774658203125,10,972.8140869140624,1.9030928178267459,100,480215040.0,4915200.0,4915200.0,970.9620483398437,100,True,True,774.5699187156954,871.3911585551573,919.8017784748882,148930560,158515200,158515200,True,True,True,968.2123983946192,2,9600000,158515200,True,148930560
humanoid_walk_no_efference,humanoid_walk,HumanoidWalk,no_efference,HumanoidWalk,0.0,25,sh6cc36d,HumanoidWalk_DelayedMLP_delay3_eff0-job49100401,2026-09-28T19:55:16Z,finished,b4012b30fe456a352c13ac8f7aab9405bfc36e25,531427933bbca8a1558974319720c55b32659a76,True,NVIDIA RTX PRO 6000 Blackwell Server Edition,0.0,480000000,3,75,0,45,45,i45/p45,480215040.0,True,4800000,dmc_eval,967.3885498046876,qpos0,2026-09-29T09:07:52Z,2026-09-28T21:07:28Z,,,,,,,967.7641845703125,10,970.359130859375,1.6332086736506426,100,480215040.0,4915200.0,4915200.0,968.704541015625,100,True,True,774.5699187156954,871.3911585551573,919.8017784748882,148930560,158515200,158515200,True,True,True,968.2123983946192,2,9600000,158515200,True,148930560
humanoid_walk_efference,humanoid_walk,HumanoidWalk,efference,HumanoidWalk,0.0,25,ju7xc5yq,HumanoidWalk_DelayedMLP_delay5_eff5-20260909-082055,2026-09-09T12:21:07Z,finished,971ab99eb3a6d6f27c375a229796d9c40cc92f04,1725d2009c78a18a8b5bc9e8e236800c5320e966,False,NVIDIA A100-SXM4-80GB,,480000000,5,125,5,42,1234,i42/p1234,480215040.0,True,600000,dmc_eval,961.8619995117188,,2026-09-10T14:23:52Z,2026-09-09T16:20:42Z,,,,,,,959.3627466408603,83,962.4566040039062,22.80025681338634,800,480215040.0,491520.0,737280.0,960.54951171875,100,True,True,774.5699187156954,871.3911585551573,919.8017784748882,336199680,345784320,355368960,True,True,True,968.2123983946192,2,9600000,345784320,True,340869120
humanoid_walk_efference,humanoid_walk,HumanoidWalk,efference,HumanoidWalk,0.0,25,xyb7ecij,HumanoidWalk_DelayedMLP_delay5_eff5-job49054336,2026-09-28T15:38:45Z,finished,b4012b30fe456a352c13ac8f7aab9405bfc36e25,531427933bbca8a1558974319720c55b32659a76,False,NVIDIA A40,0.0,480000000,5,125,5,43,43,i43/p43,480215040.0,True,4800000,dmc_eval,955.0813598632812,qpos0,2026-09-29T09:07:51Z,2026-09-28T17:54:38Z,,,,,,,952.1336669921875,10,955.741943359375,117.66732510653412,100,480215040.0,4915200.0,4915200.0,954.16943359375,100,True,True,774.5699187156954,871.3911585551573,919.8017784748882,355368960,374538240,389038080,True,True,True,968.2123983946192,2,19200000,374538240,True,360038400
humanoid_walk_efference,humanoid_walk,HumanoidWalk,efference,HumanoidWalk,0.0,25,6sdhbquz,HumanoidWalk_DelayedMLP_delay5_eff5-job49057806,2026-09-28T15:44:13Z,finished,b4012b30fe456a352c13ac8f7aab9405bfc36e25,531427933bbca8a1558974319720c55b32659a76,True,NVIDIA A40,5.0,480000000,5,125,5,44,44,i44/p44,480215040.0,True,4800000,dmc_eval,230.3513641357422,qpos0,2026-09-29T09:07:49Z,2026-09-28T19:50:19Z,,,,,,,164.45006256103517,10,230.3513641357422,52.60922768332743,100,480215040.0,4915200.0,4915200.0,198.40872802734376,100,True,True,774.5699187156954,871.3911585551573,919.8017784748882,,,,False,False,False,968.2123983946192,2,0,,False,
humanoid_walk_efference,humanoid_walk,HumanoidWalk,efference,HumanoidWalk,0.0,25,5tpai4w7,HumanoidWalk_DelayedMLP_delay5_eff5-job49100536,2026-09-28T19:55:16Z,finished,b4012b30fe456a352c13ac8f7aab9405bfc36e25,531427933bbca8a1558974319720c55b32659a76,True,NVIDIA A100-SXM4-40GB,2.0,480000000,5,125,5,45,45,i45/p45,480215040.0,True,4800000,dmc_eval,965.934326171875,qpos0,2026-09-29T09:07:49Z,2026-09-28T22:13:29Z,,,,,,,965.1649230957031,10,969.7427978515624,1.2199490633877303,100,480215040.0,4915200.0,4915200.0,967.894677734375,100,True,True,774.5699187156954,871.3911585551573,919.8017784748882,211353600,220938240,225607680,True,True,True,968.2123983946192,2,9600000,220938240,True,216023040
humanoid_walk_no_efference,humanoid_walk,HumanoidWalk,no_efference,HumanoidWalk,0.0,25,3epkl7bg,HumanoidWalk_DelayedMLP_delay5_eff0-job48437744,2026-09-25T13:48:09Z,finished,b4012b30fe456a352c13ac8f7aab9405bfc36e25,531427933bbca8a1558974319720c55b32659a76,True,NVIDIA RTX PRO 6000 Blackwell Server Edition,1.0,480000000,5,125,0,42,1234,i42/p1234,480215040.0,True,4800000,dmc_eval,952.267822265625,qpos0,2026-09-28T10:48:02Z,2026-09-25T15:14:48Z,,,,,,,952.11572265625,10,954.8543701171876,5.088772860440372,100,480215040.0,4915200.0,4915200.0,953.4644165039062,100,True,True,774.5699187156954,871.3911585551573,919.8017784748882,245022720,249692160,249692160,True,True,True,968.2123983946192,2,4800000,249692160,True,240107520
humanoid_walk_no_efference,humanoid_walk,HumanoidWalk,no_efference,HumanoidWalk,0.0,25,271rpi67,HumanoidWalk_DelayedMLP_delay5_eff0-job49100408,2026-09-28T19:56:19Z,finished,b4012b30fe456a352c13ac8f7aab9405bfc36e25,531427933bbca8a1558974319720c55b32659a76,False,NVIDIA A40,3.0,480000000,5,125,0,45,45,i45/p45,480215040.0,True,4800000,dmc_eval,948.6492919921876,qpos0,2026-09-29T09:07:51Z,2026-09-29T02:15:44Z,,,,,,,946.5492736816407,10,950.8767700195312,1.5848682750355465,100,480215040.0,4915200.0,4915200.0,947.7302490234375,100,True,True,774.5699187156954,871.3911585551573,919.8017784748882,163430400,168099840,177684480,True,True,True,968.2123983946192,2,4800000,173015040,True,163430400
humanoid_walk_efference,humanoid_walk,HumanoidWalk,efference,HumanoidWalk,0.0,25,h50r8xwd,HumanoidWalk_DelayedMLP_delay7_eff7-20260909-082055,2026-09-09T12:21:07Z,finished,971ab99eb3a6d6f27c375a229796d9c40cc92f04,1725d2009c78a18a8b5bc9e8e236800c5320e966,False,NVIDIA A100-SXM4-80GB,,480000000,7,175,7,42,1234,i42/p1234,480215040.0,True,600000,dmc_eval,948.2101440429688,,2026-09-10T14:23:50Z,2026-09-09T16:20:56Z,,,,,,,948.0636059864457,83,950.9602661132812,3.09411121221774,800,480215040.0,491520.0,737280.0,948.6532958984375,100,True,True,774.5699187156954,871.3911585551573,919.8017784748882,254607360,254607360,264192000,True,True,True,968.2123983946192,2,0,264192000,True,249692160
humanoid_walk_efference,humanoid_walk,HumanoidWalk,efference,HumanoidWalk,0.0,25,rjlkqq0a,HumanoidWalk_DelayedMLP_delay7_eff7-job49054361,2026-09-28T15:38:45Z,finished,b4012b30fe456a352c13ac8f7aab9405bfc36e25,531427933bbca8a1558974319720c55b32659a76,True,NVIDIA H200,3.0,480000000,7,175,7,43,43,i43/p43,480215040.0,True,4800000,dmc_eval,601.3065185546875,qpos0,2026-09-29T09:07:50Z,2026-09-28T17:50:31Z,,,,,,,481.6828216552734,10,689.0848388671875,332.0772731434215,100,480215040.0,4915200.0,4915200.0,523.7768981933593,100,True,True,774.5699187156954,871.3911585551573,919.8017784748882,,,,False,False,False,968.2123983946192,2,0,,False,
humanoid_walk_efference,humanoid_walk,HumanoidWalk,efference,HumanoidWalk,0.0,25,je2siy7l,HumanoidWalk_DelayedMLP_delay7_eff7-job49057743,2026-09-28T15:39:58Z,finished,b4012b30fe456a352c13ac8f7aab9405bfc36e25,531427933bbca8a1558974319720c55b32659a76,True,NVIDIA H200,0.0,480000000,7,175,7,44,44,i44/p44,480215040.0,True,4800000,dmc_eval,941.454345703125,qpos0,2026-09-29T09:07:49Z,2026-09-28T16:41:19Z,,,,,,,928.5810546875,10,942.7672729492188,517.7934126420455,100,480215040.0,4915200.0,4915200.0,939.2085571289062,100,True,True,774.5699187156954,871.3911585551573,919.8017784748882,403292160,412876800,422461440,True,True,True,968.2123983946192,2,9600000,417792000,True,408207360
humanoid_walk_no_efference,humanoid_walk,HumanoidWalk,no_efference,HumanoidWalk,0.0,25,t7wx1qz4,HumanoidWalk_DelayedMLP_delay7_eff0-job48438004,2026-09-25T13:51:05Z,finished,b4012b30fe456a352c13ac8f7aab9405bfc36e25,531427933bbca8a1558974319720c55b32659a76,True,NVIDIA H200,1.0,480000000,7,175,0,42,1234,i42/p1234,480215040.0,True,4800000,dmc_eval,175.40231323242188,qpos0,2026-09-28T10:48:03Z,2026-09-25T15:00:55Z,,,,,,,154.473583984375,10,175.40231323242188,39.600475380637434,100,480215040.0,4915200.0,4915200.0,162.96492614746094,100,True,True,774.5699187156954,871.3911585551573,919.8017784748882,,,,False,False,False,968.2123983946192,2,0,,False,
humanoid_walk_no_efference,humanoid_walk,HumanoidWalk,no_efference,HumanoidWalk,0.0,25,80ceftj7,HumanoidWalk_DelayedMLP_delay7_eff0-job49045236,2026-09-28T13:13:00Z,finished,b4012b30fe456a352c13ac8f7aab9405bfc36e25,531427933bbca8a1558974319720c55b32659a76,True,NVIDIA H200,0.0,480000000,7,175,0,43,43,i43/p43,480215040.0,True,4800000,dmc_eval,942.9847412109376,qpos0,2026-09-28T15:10:55Z,2026-09-28T14:15:21Z,,,,,,,940.7250061035156,10,943.2755737304688,49.54313243519175,100,480215040.0,4915200.0,4915200.0,941.0238037109375,100,True,True,774.5699187156954,871.3911585551573,919.8017784748882,336199680,355368960,389038080,True,True,True,968.2123983946192,2,19200000,379207680,True,360038400
humanoid_walk_no_efference,humanoid_walk,HumanoidWalk,no_efference,HumanoidWalk,0.0,25,fk46q2va,HumanoidWalk_DelayedMLP_delay7_eff0-job49057707,2026-09-28T15:39:57Z,finished,b4012b30fe456a352c13ac8f7aab9405bfc36e25,531427933bbca8a1558974319720c55b32659a76,True,NVIDIA H200,0.0,480000000,7,175,0,44,44,i44/p44,480215040.0,True,4800000,dmc_eval,84.6685791015625,qpos0,2026-09-29T09:07:51Z,2026-09-28T16:36:11Z,,,,,,,93.32075500488281,10,112.1162109375,12.803828846324578,100,480215040.0,4915200.0,4915200.0,94.50330657958985,100,True,True,774.5699187156954,871.3911585551573,919.8017784748882,,,,False,False,False,968.2123983946192,2,0,,False,
humanoid_walk_no_efference,humanoid_walk,HumanoidWalk,no_efference,HumanoidWalk,0.0,25,i647biw1,HumanoidWalk_DelayedMLP_delay7_eff0-job49100413,2026-09-28T19:55:16Z,finished,b4012b30fe456a352c13ac8f7aab9405bfc36e25,531427933bbca8a1558974319720c55b32659a76,True,NVIDIA A100-SXM4-40GB,2.0,480000000,7,175,0,45,45,i45/p45,480215040.0,True,4800000,dmc_eval,48.51369857788086,qpos0,2026-09-29T09:07:52Z,2026-09-28T22:11:39Z,,,,,,,43.51071014404297,10,55.16865921020508,15.722173205288971,100,480215040.0,4915200.0,4915200.0,50.44601821899414,100,True,True,774.5699187156954,871.3911585551573,919.8017784748882,,,,False,False,False,968.2123983946192,2,0,,False,
humanoid_walk_efference,humanoid_walk,HumanoidWalk,efference,HumanoidWalk,0.0,25,yz1ptwhv,HumanoidWalk_DelayedMLP_delay10_eff10-20260909-082055,2026-09-09T12:21:07Z,finished,971ab99eb3a6d6f27c375a229796d9c40cc92f04,1725d2009c78a18a8b5bc9e8e236800c5320e966,False,NVIDIA A100-SXM4-80GB,,480000000,10,250,10,42,1234,i42/p1234,480215040.0,True,600000,dmc_eval,100.3113250732422,,2026-09-10T14:23:53Z,2026-09-09T16:17:29Z,,,,,,,98.80546321639095,83,109.37318420410156,14.638273845372765,800,480215040.0,491520.0,737280.0,99.2898681640625,100,True,True,774.5699187156954,871.3911585551573,919.8017784748882,,,,False,False,False,968.2123983946192,2,0,,False,
humanoid_walk_efference,humanoid_walk,HumanoidWalk,efference,HumanoidWalk,0.0,25,iuc5db6e,HumanoidWalk_DelayedMLP_delay10_eff10-job49058299,2026-09-28T15:43:29Z,finished,b4012b30fe456a352c13ac8f7aab9405bfc36e25,531427933bbca8a1558974319720c55b32659a76,True,NVIDIA H200,0.0,480000000,10,250,10,44,44,i44/p44,480215040.0,True,4800000,dmc_eval,926.3167724609376,qpos0,2026-09-29T09:07:49Z,2026-09-28T16:44:44Z,,,,,,,860.9328491210938,10,939.0438232421876,658.9166956121271,100,480215040.0,4915200.0,4915200.0,881.6653076171875,100,True,True,774.5699187156954,871.3911585551573,919.8017784748882,441630720,456130560,,True,True,False,968.2123983946192,2,24000000,,False,451215360
humanoid_walk_efference,humanoid_walk,HumanoidWalk,efference,HumanoidWalk,0.0,25,rxhdqaqh,HumanoidWalk_DelayedMLP_delay10_eff10-job49100590,2026-09-28T19:56:19Z,finished,b4012b30fe456a352c13ac8f7aab9405bfc36e25,531427933bbca8a1558974319720c55b32659a76,False,NVIDIA A40,2.0,480000000,10,250,10,45,45,i45/p45,480215040.0,True,4800000,dmc_eval,82.1068344116211,qpos0,2026-09-29T09:07:50Z,2026-09-29T02:15:30Z,,,,,,,97.11531219482421,10,106.89126586914062,7.477498973499635,100,480215040.0,4915200.0,4915200.0,98.64883728027344,100,True,True,774.5699187156954,871.3911585551573,919.8017784748882,,,,False,False,False,968.2123983946192,2,0,,False,
humanoid_walk_no_efference,humanoid_walk,HumanoidWalk,no_efference,HumanoidWalk,0.0,25,jsynpmno,HumanoidWalk_DelayedMLP_delay10_eff0-job48437758,2026-09-25T13:48:41Z,crashed,b4012b30fe456a352c13ac8f7aab9405bfc36e25,531427933bbca8a1558974319720c55b32659a76,True,NVIDIA RTX PRO 6000 Blackwell Server Edition,0.0,480000000,10,250,0,42,1234,i42/p1234,136888320.0,False,4800000,dmc_eval,76.84220123291016,qpos0,2026-09-28T10:48:02Z,2026-09-25T14:12:12Z,,,,,,,,0,81.52046203613281,,28,134430720.0,4915200.0,4669440.0,75.32699432373047,28,False,False,774.5699187156954,871.3911585551573,919.8017784748882,,,,False,False,False,968.2123983946192,2,0,,False,
humanoid_walk_no_efference,humanoid_walk,HumanoidWalk,no_efference,HumanoidWalk,0.0,25,5xxhk8jf,HumanoidWalk_DelayedMLP_delay10_eff0-job49029117,2026-09-28T10:53:20Z,finished,b4012b30fe456a352c13ac8f7aab9405bfc36e25,531427933bbca8a1558974319720c55b32659a76,True,NVIDIA A40,1.0,480000000,10,250,0,43,43,i43/p43,480215040.0,True,4800000,dmc_eval,127.24571228027344,qpos0,2026-09-28T15:10:55Z,2026-09-28T13:27:19Z,,,,,,,118.61638946533203,10,128.77627563476562,11.402565973455253,100,480215040.0,4915200.0,4915200.0,121.86615600585938,100,True,True,774.5699187156954,871.3911585551573,919.8017784748882,,,,False,False,False,968.2123983946192,2,0,,False,
humanoid_walk_no_efference,humanoid_walk,HumanoidWalk,no_efference,HumanoidWalk,0.0,25,9u7f0hfh,HumanoidWalk_DelayedMLP_delay10_eff0-job49058349,2026-09-28T15:43:28Z,finished,b4012b30fe456a352c13ac8f7aab9405bfc36e25,531427933bbca8a1558974319720c55b32659a76,True,NVIDIA H200,0.0,480000000,10,250,0,44,44,i44/p44,480215040.0,True,4800000,dmc_eval,810.228759765625,qpos0,2026-09-29T09:07:51Z,2026-09-28T16:44:18Z,,,,,,,598.0964080810547,10,818.6712036132812,415.77053028453486,100,480215040.0,4915200.0,4915200.0,707.9613037109375,100,True,True,774.5699187156954,871.3911585551573,919.8017784748882,,,,False,False,False,968.2123983946192,2,0,,False,
humanoid_walk_no_efference,humanoid_walk,HumanoidWalk,no_efference,HumanoidWalk,0.0,25,hgh7q6cs,HumanoidWalk_DelayedMLP_delay10_eff0-job49100419,2026-09-28T19:55:16Z,finished,b4012b30fe456a352c13ac8f7aab9405bfc36e25,531427933bbca8a1558974319720c55b32659a76,True,NVIDIA A100-SXM4-40GB,2.0,480000000,10,250,0,45,45,i45/p45,480215040.0,True,4800000,dmc_eval,194.5834197998047,qpos0,2026-09-29T09:07:51Z,2026-09-28T22:09:49Z,,,,,,,178.07556610107423,10,194.5834197998047,33.99289953058417,100,480215040.0,4915200.0,4915200.0,187.03894958496093,100,True,True,774.5699187156954,871.3911585551573,919.8017784748882,,,,False,False,False,968.2123983946192,2,0,,False,
humanoid_walk_efference,humanoid_walk,HumanoidWalk,efference,HumanoidWalk,0.0,25,6sdnzid5,HumanoidWalk_DelayedMLP_delay12_eff12-20260909-082055,2026-09-09T12:21:07Z,finished,971ab99eb3a6d6f27c375a229796d9c40cc92f04,1725d2009c78a18a8b5bc9e8e236800c5320e966,True,NVIDIA A100-SXM4-80GB,,480000000,12,300,12,42,1234,i42/p1234,480215040.0,True,600000,dmc_eval,55.07417297363281,,2026-09-28T10:49:51Z,2026-09-09T16:30:20Z,,,,,,,,0,55.36838150024414,,109,65617920.0,491520.0,737280.0,43.52862803141276,13,False,False,774.5699187156954,871.3911585551573,919.8017784748882,,,,False,False,False,968.2123983946192,2,0,,False,
humanoid_walk_efference,humanoid_walk,HumanoidWalk,efference,HumanoidWalk,0.0,25,un56aig4,HumanoidWalk_DelayedMLP_delay12_eff12-job49100604,2026-09-28T19:56:19Z,finished,b4012b30fe456a352c13ac8f7aab9405bfc36e25,531427933bbca8a1558974319720c55b32659a76,False,NVIDIA RTX A6000,1.0,480000000,12,300,12,45,45,i45/p45,480215040.0,True,4800000,dmc_eval,96.72247314453124,qpos0,2026-09-29T09:07:50Z,2026-09-29T02:05:43Z,,,,,,,98.60789566040039,10,110.76341247558594,8.882325675270778,100,480215040.0,4915200.0,4915200.0,105.38283233642578,100,True,True,774.5699187156954,871.3911585551573,919.8017784748882,,,,False,False,False,968.2123983946192,2,0,,False,
humanoid_walk_no_efference,humanoid_walk,HumanoidWalk,no_efference,HumanoidWalk,0.0,25,kes0cd43,HumanoidWalk_DelayedMLP_delay12_eff0-job48438007,2026-09-25T13:51:24Z,finished,b4012b30fe456a352c13ac8f7aab9405bfc36e25,531427933bbca8a1558974319720c55b32659a76,True,NVIDIA RTX PRO 6000 Blackwell Server Edition,2.0,480000000,12,300,0,42,1234,i42/p1234,480215040.0,True,4800000,dmc_eval,114.32070922851562,qpos0,2026-09-28T10:48:03Z,2026-09-25T15:32:32Z,,,,,,,97.4558609008789,10,114.32070922851562,40.308442098444154,99,480215040.0,4915200.0,4915200.0,103.68827056884766,99,True,True,774.5699187156954,871.3911585551573,919.8017784748882,,,,False,False,False,968.2123983946192,2,0,,False,
humanoid_walk_no_efference,humanoid_walk,HumanoidWalk,no_efference,HumanoidWalk,0.0,25,r8ajmf28,HumanoidWalk_DelayedMLP_delay12_eff0-job49100425,2026-09-28T19:55:16Z,crashed,b4012b30fe456a352c13ac8f7aab9405bfc36e25,531427933bbca8a1558974319720c55b32659a76,True,NVIDIA A100-SXM4-80GB,0.0,480000000,12,300,0,45,45,i45/p45,29736960.0,False,4800000,dmc_eval,27.038963317871097,qpos0,2026-09-29T09:07:52Z,2026-09-28T20:06:47Z,,,,,,,,0,27.038963317871094,,6,28999680.0,4915200.0,4915200.0,21.99604320526123,6,False,False,774.5699187156954,871.3911585551573,919.8017784748882,,,,False,False,False,968.2123983946192,2,0,,False,
humanoid_walk_efference,humanoid_walk,HumanoidWalk,efference,HumanoidWalk,0.0,25,jorslhah,HumanoidWalk_DelayedMLP_delay15_eff15-20260909-082059,2026-09-09T12:21:07Z,finished,971ab99eb3a6d6f27c375a229796d9c40cc92f04,1725d2009c78a18a8b5bc9e8e236800c5320e966,True,NVIDIA A100-SXM4-80GB,,480000000,15,375,15,42,1234,i42/p1234,480215040.0,True,600000,dmc_eval,89.99504089355469,,2026-09-28T10:49:51Z,2026-09-09T16:21:55Z,,,,,,,,0,102.82267761230467,,444,266403840.0,491520.0,491520.0,86.33459345499675,55,False,False,774.5699187156954,871.3911585551573,919.8017784748882,,,,False,False,False,968.2123983946192,2,0,,False,
humanoid_walk_efference,humanoid_walk,HumanoidWalk,efference,HumanoidWalk,0.0,25,6bjbs3a6,HumanoidWalk_DelayedMLP_delay20_eff20-20260909-082059,2026-09-09T12:21:07Z,finished,971ab99eb3a6d6f27c375a229796d9c40cc92f04,1725d2009c78a18a8b5bc9e8e236800c5320e966,True,NVIDIA A100-SXM4-80GB,,480000000,20,500,20,42,1234,i42/p1234,480215040.0,True,600000,dmc_eval,94.32833099365234,,2026-09-28T10:49:51Z,2026-09-09T16:19:45Z,,,,,,,,0,111.03425598144533,,671,402800640.0,491520.0,737280.0,91.24434204101563,83,False,False,774.5699187156954,871.3911585551573,919.8017784748882,,,,False,False,False,968.2123983946192,2,0,,False,
walker_walk_torque_undelayed,walker_walk_torque,"WalkerWalk, torque",undelayed,WalkerWalk,0.0,25,jp5jehho,WalkerWalk_DelayedMLP_delay0_eff0-20260914-121245,2026-09-14T16:12:55Z,finished,9e216aee027f43dcd7a40157e9cad7e727a9c3e2,531427933bbca8a1558974319720c55b32659a76,True,NVIDIA H200,,1000000000,0,0,0,46,46,i46/p46,1000243200.0,True,600000,dmc_eval,981.5281982421876,,2026-09-15T12:23:40Z,2026-09-14T21:43:50Z,,,,,,,980.4191482727787,83,981.716796875,1.73697009718569,1667,1000243200.0,491520.0,491520.0,980.5694091796875,208,True,True,783.6606946429183,881.6182814732831,930.5970748884655,28999680,38584320,38584320,True,True,True,979.5758683036479,2,9600000,38584320,True,24821760
walker_walk_torque_undelayed,walker_walk_torque,"WalkerWalk, torque",undelayed,WalkerWalk,0.0,25,ig094i5e,WalkerWalk_DelayedMLP_delay0_eff0-job48151470,2026-09-25T02:01:01Z,finished,b4012b30fe456a352c13ac8f7aab9405bfc36e25,531427933bbca8a1558974319720c55b32659a76,True,NVIDIA RTX PRO 6000 Blackwell Server Edition,0.0,1000000000,0,0,0,52,52,i52/p52,1000243200.0,True,4800000,dmc_eval,973.13623046875,qpos0,2026-09-25T09:32:56Z,2026-09-25T03:23:17Z,,,,,,,978.732588334517,11,981.167236328125,-1.4096602006392231,208,998522880.0,4915200.0,4915200.0,980.8079711914063,208,True,True,783.6606946429183,881.6182814732831,930.5970748884655,48168960,57753600,57753600,True,True,True,979.5758683036479,2,9600000,57753600,True,48168960
walker_walk_torque_efference,walker_walk_torque,"WalkerWalk, torque",efference,WalkerWalk,0.0,25,8f8cupv6,WalkerWalk_DelayedMLP_delay2_eff2-job46843227,2026-09-17T13:57:56Z,finished,7bedb5cc4b735c7c93790c39113e7cb6295039d2,531427933bbca8a1558974319720c55b32659a76,True,NVIDIA A40,5.0,1000000000,2,50,2,47,47,i47/p47,1000243200.0,True,4800000,dmc_eval,974.767333984375,qpos0,2026-09-21T11:35:06Z,2026-09-20T11:17:59Z,,,,,,,976.7463323419744,11,977.8814697265624,0.16685846502127788,208,998522880.0,4915200.0,4915200.0,977.2542358398438,208,True,True,783.6606946429183,881.6182814732831,930.5970748884655,52838400,57753600,67338240,True,True,True,979.5758683036479,2,4800000,62423040,True,52838400
walker_walk_torque_efference,walker_walk_torque,"WalkerWalk, torque",efference,WalkerWalk,0.0,25,otde3cit,WalkerWalk_DelayedMLP_delay2_eff2-job48151513,2026-09-25T02:01:01Z,finished,b4012b30fe456a352c13ac8f7aab9405bfc36e25,531427933bbca8a1558974319720c55b32659a76,True,NVIDIA RTX PRO 6000 Blackwell Server Edition,0.0,1000000000,2,50,2,52,52,i52/p52,1000243200.0,True,4800000,dmc_eval,977.87744140625,qpos0,2026-09-25T09:32:56Z,2026-09-25T03:23:59Z,,,,,,,977.7011940696023,11,978.90478515625,0.4843788840553316,208,998522880.0,4915200.0,4915200.0,978.2863891601562,208,True,True,783.6606946429183,881.6182814732831,930.5970748884655,72007680,81838080,96092160,True,True,True,979.5758683036479,2,9600000,86507520,True,76922880
walker_walk_torque_no_efference,walker_walk_torque,"WalkerWalk, torque",no_efference,WalkerWalk,0.0,25,7ys5wmy0,WalkerWalk_DelayedMLP_delay2_eff0-job48412808,2026-09-25T10:41:58Z,finished,b4012b30fe456a352c13ac8f7aab9405bfc36e25,531427933bbca8a1558974319720c55b32659a76,True,NVIDIA H200,0.0,1000000000,2,50,0,45,45,i45/p45,1000243200.0,True,4800000,dmc_eval,977.34814453125,qpos0,2026-09-25T12:28:52Z,2026-09-25T12:00:58Z,,,,,,,976.1999400745739,11,977.34814453125,0.48064075816762397,208,998522880.0,4915200.0,4915200.0,976.5527099609375,208,True,True,783.6606946429183,881.6182814732831,930.5970748884655,38584320,48168960,48168960,True,True,True,979.5758683036479,2,9600000,48168960,True,38584320
walker_walk_torque_efference,walker_walk_torque,"WalkerWalk, torque",efference,WalkerWalk,0.0,25,gb3pmwxr,WalkerWalk_DelayedMLP_delay3_eff3-job46619071,2026-09-15T15:41:39Z,finished,b487eedf7f11e8ce4118a14e48070e487258be86,531427933bbca8a1558974319720c55b32659a76,True,NVIDIA A40,0.0,1000000000,3,75,3,46,46,i46/p46,1000243200.0,True,600000,dmc_eval,972.072265625,qpos0,2026-09-17T10:40:28Z,2026-09-15T20:56:25Z,,,,,,,972.4907947218562,83,973.8435668945312,1.458575512989455,1667,1000243200.0,491520.0,491520.0,972.9958740234375,208,True,True,783.6606946429183,881.6182814732831,930.5970748884655,48168960,67338240,76922880,True,True,True,979.5758683036479,2,19200000,67338240,True,60702720
walker_walk_torque_efference,walker_walk_torque,"WalkerWalk, torque",efference,WalkerWalk,0.0,25,5g1mpu8o,WalkerWalk_DelayedMLP_delay3_eff3-job46843247,2026-09-17T13:57:56Z,finished,7bedb5cc4b735c7c93790c39113e7cb6295039d2,531427933bbca8a1558974319720c55b32659a76,True,NVIDIA A40,3.0,1000000000,3,75,3,47,47,i47/p47,1000243200.0,True,4800000,dmc_eval,973.1254272460938,qpos0,2026-09-22T09:55:53Z,2026-09-20T10:58:23Z,,,,,,,972.3837946111506,11,973.1254272460938,0.40164739435374486,208,998522880.0,4915200.0,4915200.0,972.7438232421875,208,True,True,783.6606946429183,881.6182814732831,930.5970748884655,177684480,220938240,245022720,True,True,True,979.5758683036479,2,43200000,230522880,True,216023040
walker_walk_torque_efference,walker_walk_torque,"WalkerWalk, torque",efference,WalkerWalk,0.0,25,gasec7bm,WalkerWalk_DelayedMLP_delay3_eff3-job47697898,2026-09-24T10:06:15Z,finished,b4012b30fe456a352c13ac8f7aab9405bfc36e25,531427933bbca8a1558974319720c55b32659a76,True,NVIDIA RTX PRO 6000 Blackwell Server Edition,0.0,1000000000,3,75,3,51,51,i51/p51,1000243200.0,True,4800000,dmc_eval,975.4537353515624,qpos0,2026-09-24T11:36:54Z,2026-09-24T11:29:44Z,,,,,,,974.7757790305398,11,975.4537353515624,1.0640969016335475,208,998522880.0,4915200.0,4915200.0,974.83515625,208,True,True,783.6606946429183,881.6182814732831,930.5970748884655,120176640,139345920,158515200,True,True,True,979.5758683036479,2,19200000,148930560,True,139345920
walker_walk_torque_efference,walker_walk_torque,"WalkerWalk, torque",efference,WalkerWalk,0.0,25,xf1g970k,WalkerWalk_DelayedMLP_delay3_eff3-job47697919,2026-09-24T10:07:54Z,finished,b4012b30fe456a352c13ac8f7aab9405bfc36e25,531427933bbca8a1558974319720c55b32659a76,True,NVIDIA RTX PRO 6000 Blackwell Server Edition,0.0,1000000000,3,75,3,52,52,i52/p52,1000243200.0,True,4800000,dmc_eval,976.167724609375,qpos0,2026-09-24T11:36:54Z,2026-09-24T11:29:50Z,,,,,,,975.7444901899858,11,976.167724609375,0.9963578657669814,208,998522880.0,4915200.0,4915200.0,975.9374755859375,208,True,True,783.6606946429183,881.6182814732831,930.5970748884655,57753600,76922880,81838080,True,True,True,979.5758683036479,2,38400000,76922880,True,72007680
walker_walk_torque_no_efference,walker_walk_torque,"WalkerWalk, torque",no_efference,WalkerWalk,0.0,25,xgombn45,WalkerWalk_DelayedMLP_delay3_eff0-job48412821,2026-09-25T10:41:58Z,finished,b4012b30fe456a352c13ac8f7aab9405bfc36e25,531427933bbca8a1558974319720c55b32659a76,True,NVIDIA H200,0.0,1000000000,3,75,0,45,45,i45/p45,1000243200.0,True,4800000,dmc_eval,973.2860717773438,qpos0,2026-09-25T12:28:53Z,2026-09-25T12:01:25Z,,,,,,,972.7302967418324,11,973.7132568359376,0.0330799449574215,208,998522880.0,4915200.0,4915200.0,973.2967631022135,208,True,True,783.6606946429183,881.6182814732831,930.5970748884655,48168960,57753600,57753600,True,True,True,979.5758683036479,2,9600000,57753600,True,48168960
walker_walk_torque_efference,walker_walk_torque,"WalkerWalk, torque",efference,WalkerWalk,0.0,25,qt2rwbr3,WalkerWalk_DelayedMLP_delay5_eff5-20260911-095529,2026-09-11T13:55:52Z,finished,9e216aee027f43dcd7a40157e9cad7e727a9c3e2,531427933bbca8a1558974319720c55b32659a76,False,NVIDIA A100-SXM4-80GB,,1000000000,5,125,5,43,12345,i43/p12345,1000243200.0,True,600000,dmc_eval,969.448974609375,,2026-09-15T12:23:39Z,2026-09-11T19:32:18Z,,,,,,,969.1557242152203,83,970.3190307617188,0.1850497693900479,1667,1000243200.0,491520.0,491520.0,969.6036254882813,208,True,True,783.6606946429183,881.6182814732831,930.5970748884655,57753600,67338240,76922880,True,True,True,979.5758683036479,2,9600000,72007680,True,60702720
walker_walk_torque_efference,walker_walk_torque,"WalkerWalk, torque",efference,WalkerWalk,0.0,25,8yg1tuyy,WalkerWalk_DelayedMLP_delay5_eff5-20260914-121245,2026-09-14T16:12:55Z,finished,9e216aee027f43dcd7a40157e9cad7e727a9c3e2,531427933bbca8a1558974319720c55b32659a76,True,NVIDIA H200,,1000000000,5,125,5,46,46,i46/p46,1000243200.0,True,600000,dmc_eval,968.6075439453124,,2026-09-15T12:23:41Z,2026-09-14T21:47:43Z,,,,,,,968.7819596256119,83,973.0333862304688,-2.3263682170086213,1667,1000243200.0,491520.0,491520.0,971.8376770019531,208,True,True,783.6606946429183,881.6182814732831,930.5970748884655,57753600,67338240,76922880,True,True,True,979.5758683036479,2,9600000,67338240,True,57753600
walker_walk_torque_efference,walker_walk_torque,"WalkerWalk, torque",efference,WalkerWalk,0.0,25,st97md5k,WalkerWalk_DelayedMLP_delay5_eff5-job46843265,2026-09-17T13:46:07Z,finished,7bedb5cc4b735c7c93790c39113e7cb6295039d2,531427933bbca8a1558974319720c55b32659a76,True,NVIDIA A100-SXM4-40GB,0.0,1000000000,5,125,5,47,47,i47/p47,1000243200.0,True,4800000,dmc_eval,968.9415283203124,qpos0,2026-09-21T11:35:07Z,2026-09-17T16:56:22Z,,,,,,,969.0279596502131,11,969.9368896484376,0.3291315252131426,208,998522880.0,4915200.0,4915200.0,969.534033203125,208,True,True,783.6606946429183,881.6182814732831,930.5970748884655,105676800,163430400,177684480,True,True,True,979.5758683036479,2,57600000,168099840,True,163430400
walker_walk_torque_no_efference,walker_walk_torque,"WalkerWalk, torque",no_efference,WalkerWalk,0.0,25,ta3wo9aq,WalkerWalk_DelayedMLP_delay5_eff0-job48412829,2026-09-25T10:41:58Z,finished,b4012b30fe456a352c13ac8f7aab9405bfc36e25,531427933bbca8a1558974319720c55b32659a76,True,NVIDIA H200,0.0,1000000000,5,125,0,45,45,i45/p45,1000243200.0,True,4800000,dmc_eval,967.1175537109376,qpos0,2026-09-25T12:28:53Z,2026-09-25T12:02:17Z,,,,,,,966.3356212269176,11,967.2166748046876,0.9238963734020444,208,998522880.0,4915200.0,4915200.0,966.767333984375,208,True,True,783.6606946429183,881.6182814732831,930.5970748884655,57753600,72007680,86507520,True,True,True,979.5758683036479,2,14400000,76922880,True,67338240
walker_walk_torque_efference,walker_walk_torque,"WalkerWalk, torque",efference,WalkerWalk,0.0,25,u9b3rz2e,WalkerWalk_DelayedMLP_delay7_eff7-20260915-101426,2026-09-15T14:14:46Z,finished,9e216aee027f43dcd7a40157e9cad7e727a9c3e2,531427933bbca8a1558974319720c55b32659a76,False,NVIDIA H200,,1000000000,7,175,7,46,46,i46/p46,1000243200.0,True,600000,dmc_eval,965.784423828125,,2026-09-17T10:40:27Z,2026-09-15T18:06:35Z,,,,,,,966.3479187747082,83,967.8244018554688,0.6518988551863458,1667,1000243200.0,491520.0,491520.0,966.9218627929688,208,True,True,783.6606946429183,881.6182814732831,930.5970748884655,148930560,163430400,173015040,True,True,True,979.5758683036479,2,14400000,168099840,True,158515200
walker_walk_torque_efference,walker_walk_torque,"WalkerWalk, torque",efference,WalkerWalk,0.0,25,qcny1iui,WalkerWalk_DelayedMLP_delay7_eff7-job46843298,2026-09-17T13:57:56Z,finished,7bedb5cc4b735c7c93790c39113e7cb6295039d2,531427933bbca8a1558974319720c55b32659a76,False,NVIDIA A100-SXM4-40GB,5.0,1000000000,7,175,7,47,47,i47/p47,1000243200.0,True,4800000,dmc_eval,966.95849609375,qpos0,2026-09-21T11:35:06Z,2026-09-20T15:39:50Z,,,,,,,967.3674649325284,11,968.43310546875,1.2410489169034236,208,998522880.0,4915200.0,4915200.0,967.9664306640625,208,True,True,783.6606946429183,881.6182814732831,930.5970748884655,129761280,192184320,201768960,True,True,True,979.5758683036479,2,62400000,192184320,True,187269120
walker_walk_torque_efference,walker_walk_torque,"WalkerWalk, torque",efference,WalkerWalk,0.0,25,0tj4dk1l,WalkerWalk_DelayedMLP_delay7_eff7-job47699275,2026-09-24T10:07:54Z,finished,b4012b30fe456a352c13ac8f7aab9405bfc36e25,531427933bbca8a1558974319720c55b32659a76,True,NVIDIA RTX PRO 6000 Blackwell Server Edition,0.0,1000000000,7,175,7,51,51,i51/p51,1000243200.0,True,4800000,dmc_eval,964.4966430664062,qpos0,2026-09-24T11:36:53Z,2026-09-24T11:31:14Z,,,,,,,963.0098266601562,11,964.5005493164062,4.097015380859375,208,998522880.0,4915200.0,4915200.0,963.5115356445312,208,True,True,783.6606946429183,881.6182814732831,930.5970748884655,345784320,374538240,398622720,True,True,True,979.5758683036479,2,28800000,379207680,True,374538240
walker_walk_torque_efference,walker_walk_torque,"WalkerWalk, torque",efference,WalkerWalk,0.0,25,f2fz0dmk,WalkerWalk_DelayedMLP_delay7_eff7-job47699353,2026-09-24T10:07:54Z,finished,b4012b30fe456a352c13ac8f7aab9405bfc36e25,531427933bbca8a1558974319720c55b32659a76,True,NVIDIA RTX PRO 6000 Blackwell Server Edition,0.0,1000000000,7,175,7,52,52,i52/p52,1000243200.0,True,4800000,dmc_eval,967.0279541015624,qpos0,2026-09-24T11:36:53Z,2026-09-24T11:30:49Z,,,,,,,966.6469116210938,11,968.3214111328124,0.5554382324219205,208,998522880.0,4915200.0,4915200.0,967.7190307617187,208,True,True,783.6606946429183,881.6182814732831,930.5970748884655,86507520,96092160,110592000,True,True,True,979.5758683036479,2,9600000,96092160,True,91422720
walker_walk_torque_no_efference,walker_walk_torque,"WalkerWalk, torque",no_efference,WalkerWalk,0.0,25,y8ba6bcb,WalkerWalk_DelayedMLP_delay7_eff0-job49056714,2026-09-28T15:39:57Z,finished,b4012b30fe456a352c13ac8f7aab9405bfc36e25,531427933bbca8a1558974319720c55b32659a76,True,NVIDIA H200,0.0,1000000000,7,175,0,42,1234,i42/p1234,1000243200.0,True,4800000,dmc_eval,966.089599609375,qpos0,2026-09-29T09:07:52Z,2026-09-28T16:51:17Z,,,,,,,965.8363980379971,11,967.2662353515624,1.5936856356534008,208,998522880.0,4915200.0,4915200.0,966.5609619140625,208,True,True,783.6606946429183,881.6182814732831,930.5970748884655,76922880,96092160,129761280,True,True,True,979.5758683036479,2,19200000,105676800,True,101007360
walker_walk_torque_no_efference,walker_walk_torque,"WalkerWalk, torque",no_efference,WalkerWalk,0.0,25,j1huu3d3,WalkerWalk_DelayedMLP_delay7_eff0-job48412834,2026-09-25T10:41:58Z,crashed,b4012b30fe456a352c13ac8f7aab9405bfc36e25,531427933bbca8a1558974319720c55b32659a76,True,NVIDIA H200,0.0,1000000000,7,175,0,45,45,i45/p45,479723520.0,False,4800000,dmc_eval,954.0606689453124,qpos0,2026-09-25T12:28:52Z,2026-09-25T11:24:59Z,,,,,,,,0,955.1259155273438,,99,475299840.0,4915200.0,4915200.0,954.2007080078125,99,False,False,783.6606946429183,881.6182814732831,930.5970748884655,115261440,182599680,292945920,True,True,True,979.5758683036479,2,67200000,259276800,True,254607360
walker_walk_torque_efference,walker_walk_torque,"WalkerWalk, torque",efference,WalkerWalk,0.0,25,lrrbnmz9,WalkerWalk_DelayedMLP_delay10_eff10-20260911-063618,2026-09-11T10:36:38Z,finished,f9c8960df44b196f8a6cb9f5ec2b49780d9ab360,1725d2009c78a18a8b5bc9e8e236800c5320e966,False,NVIDIA A100-SXM4-80GB,,1000000000,10,250,10,43,12345,i43/p12345,1000243200.0,True,600000,dmc_eval,942.56298828125,,2026-09-15T12:23:38Z,2026-09-11T16:16:39Z,,,,,,,941.9659769448889,83,944.5167236328124,5.392928893307612,1667,1000243200.0,491520.0,491520.0,943.3746948242188,208,True,True,783.6606946429183,881.6182814732831,930.5970748884655,633815040,652984320,744161280,True,True,True,979.5758683036479,2,19200000,662568960,True,646348800
walker_walk_torque_efference,walker_walk_torque,"WalkerWalk, torque",efference,WalkerWalk,0.0,25,e9e1text,WalkerWalk_DelayedMLP_delay10_eff10-20260914-121245,2026-09-14T16:12:55Z,finished,9e216aee027f43dcd7a40157e9cad7e727a9c3e2,531427933bbca8a1558974319720c55b32659a76,True,NVIDIA H200,,1000000000,10,250,10,46,46,i46/p46,1000243200.0,True,600000,dmc_eval,946.2910766601562,,2026-09-15T12:23:40Z,2026-09-14T22:23:52Z,,,,,,,945.1718477915568,83,947.462646484375,2.3578197065605764,1667,1000243200.0,491520.0,491520.0,945.7298482259115,208,True,True,783.6606946429183,881.6182814732831,930.5970748884655,580976640,595230720,700907520,True,True,True,979.5758683036479,2,28800000,600145920,True,588840960
walker_walk_torque_efference,walker_walk_torque,"WalkerWalk, torque",efference,WalkerWalk,0.0,25,biin3y95,WalkerWalk_DelayedMLP_delay10_eff10-job46843349,2026-09-17T13:57:56Z,finished,7bedb5cc4b735c7c93790c39113e7cb6295039d2,531427933bbca8a1558974319720c55b32659a76,True,NVIDIA A100-SXM4-40GB,1.0,1000000000,10,250,10,47,47,i47/p47,1000243200.0,True,4800000,dmc_eval,943.0496826171876,qpos0,2026-09-21T11:35:06Z,2026-09-17T17:11:29Z,,,,,,,941.478193803267,11,943.0496826171876,5.22531294389205,208,998522880.0,4915200.0,4915200.0,942.274658203125,208,True,True,783.6606946429183,881.6182814732831,930.5970748884655,336199680,398622720,705822720,True,True,True,979.5758683036479,2,62400000,427376640,True,422461440
walker_walk_torque_no_efference,walker_walk_torque,"WalkerWalk, torque",no_efference,WalkerWalk,0.0,25,mfgfyv0f,WalkerWalk_DelayedMLP_delay10_eff0-job48421273,2026-09-25T12:05:15Z,finished,b4012b30fe456a352c13ac8f7aab9405bfc36e25,531427933bbca8a1558974319720c55b32659a76,True,NVIDIA A40,1.0,1000000000,10,250,0,45,45,i45/p45,1000243200.0,True,4800000,dmc_eval,956.433349609375,qpos0,2026-09-28T10:49:51Z,2026-09-25T14:12:12Z,,,,,,,956.9523481889205,11,958.9635009765624,0.7492231889204959,208,998522880.0,4915200.0,4915200.0,957.4109395345052,208,True,True,783.6606946429183,881.6182814732831,930.5970748884655,134430720,158515200,513638400,True,True,True,979.5758683036479,2,24000000,225607680,True,225607680
walker_walk_torque_efference,walker_walk_torque,"WalkerWalk, torque",efference,WalkerWalk,0.0,25,ljbl8xs7,WalkerWalk_DelayedMLP_delay12_eff12-20260915-101426,2026-09-15T14:14:46Z,finished,9e216aee027f43dcd7a40157e9cad7e727a9c3e2,531427933bbca8a1558974319720c55b32659a76,False,NVIDIA H200,,1000000000,12,300,12,46,46,i46/p46,1000243200.0,True,600000,dmc_eval,933.1007690429688,,2026-09-17T10:40:27Z,2026-09-15T18:10:55Z,,,,,,,931.9425681240588,83,934.22216796875,4.357790292027516,1667,1000243200.0,491520.0,491520.0,932.6734619140625,208,True,True,783.6606946429183,881.6182814732831,930.5970748884655,590561280,734576640,931430400,True,True,True,979.5758683036479,2,144000000,753745920,True,740474880
walker_walk_torque_efference,walker_walk_torque,"WalkerWalk, torque",efference,WalkerWalk,0.0,25,hnrko9pr,WalkerWalk_DelayedMLP_delay12_eff12-job47697809,2026-09-24T10:06:15Z,finished,b4012b30fe456a352c13ac8f7aab9405bfc36e25,531427933bbca8a1558974319720c55b32659a76,True,NVIDIA RTX PRO 6000 Blackwell Server Edition,0.0,1000000000,12,300,12,51,51,i51/p51,1000243200.0,True,4800000,dmc_eval,949.747314453125,qpos0,2026-09-24T11:36:54Z,2026-09-24T11:29:19Z,,,,,,,947.688193581321,11,949.8253784179688,3.6001930930397066,208,998522880.0,4915200.0,4915200.0,948.1994018554688,208,True,True,783.6606946429183,881.6182814732831,930.5970748884655,576061440,619315200,744161280,True,True,True,979.5758683036479,2,43200000,638484480,True,638484480
walker_walk_torque_efference,walker_walk_torque,"WalkerWalk, torque",efference,WalkerWalk,0.0,25,k0n1mnn3,WalkerWalk_DelayedMLP_delay12_eff12-job47697819,2026-09-24T10:06:16Z,finished,b4012b30fe456a352c13ac8f7aab9405bfc36e25,531427933bbca8a1558974319720c55b32659a76,True,NVIDIA RTX PRO 6000 Blackwell Server Edition,0.0,1000000000,12,300,12,52,52,i52/p52,1000243200.0,True,4800000,dmc_eval,938.9029541015624,qpos0,2026-09-24T11:36:54Z,2026-09-24T11:29:18Z,,,,,,,937.3140147816051,11,939.56787109375,0.7815379749645217,208,998522880.0,4915200.0,4915200.0,937.8306518554688,208,True,True,783.6606946429183,881.6182814732831,930.5970748884655,355368960,480215040,595230720,True,True,True,979.5758683036479,2,124800000,489799680,True,484884480
walker_walk_torque_no_efference,walker_walk_torque,"WalkerWalk, torque",no_efference,WalkerWalk,0.0,25,7ii3wbbg,WalkerWalk_DelayedMLP_delay12_eff0-job48412856,2026-09-25T10:28:46Z,finished,b4012b30fe456a352c13ac8f7aab9405bfc36e25,531427933bbca8a1558974319720c55b32659a76,True,NVIDIA RTX PRO 6000 Blackwell Server Edition,0.0,1000000000,12,300,0,45,45,i45/p45,1000243200.0,True,4800000,dmc_eval,897.837646484375,qpos0,2026-09-25T12:28:52Z,2026-09-25T11:59:29Z,,,,,,,894.7290760387074,11,897.837646484375,3.2426685680042056,208,998522880.0,4915200.0,4915200.0,894.7832275390625,208,True,True,783.6606946429183,881.6182814732831,930.5970748884655,297615360,633815040,,True,True,False,979.5758683036479,2,336000000,,False,
walker_walk_torque_efference,walker_walk_torque,"WalkerWalk, torque",efference,WalkerWalk,0.0,25,d8tw15kf,WalkerWalk_DelayedMLP_delay15_eff15-20260914-121245,2026-09-14T16:12:55Z,finished,9e216aee027f43dcd7a40157e9cad7e727a9c3e2,531427933bbca8a1558974319720c55b32659a76,True,NVIDIA H200,,1000000000,15,375,15,46,46,i46/p46,1000243200.0,True,600000,dmc_eval,756.0785522460938,,2026-09-15T12:23:39Z,2026-09-14T21:54:25Z,,,,,,,748.6388285073889,83,756.0785522460938,7.426993128765048,1667,1000243200.0,491520.0,491520.0,750.655859375,208,True,True,783.6606946429183,881.6182814732831,930.5970748884655,,,,False,False,False,979.5758683036479,2,0,,False,
walker_walk_torque_efference,walker_walk_torque,"WalkerWalk, torque",efference,WalkerWalk,0.0,25,rojc544j,WalkerWalk_DelayedMLP_delay15_eff15-job48151533,2026-09-25T02:01:01Z,finished,b4012b30fe456a352c13ac8f7aab9405bfc36e25,531427933bbca8a1558974319720c55b32659a76,True,NVIDIA RTX PRO 6000 Blackwell Server Edition,0.0,1000000000,15,375,15,52,52,i52/p52,1000243200.0,True,4800000,dmc_eval,603.47998046875,qpos0,2026-09-25T09:32:56Z,2026-09-25T03:22:58Z,,,,,,,604.4513272372159,11,608.4463500976562,10.294582852450276,208,998522880.0,4915200.0,4915200.0,607.1898091634115,208,True,True,783.6606946429183,881.6182814732831,930.5970748884655,,,,False,False,False,979.5758683036479,2,0,,False,
walker_walk_torque_no_efference,walker_walk_torque,"WalkerWalk, torque",no_efference,WalkerWalk,0.0,25,vvwoghf4,WalkerWalk_DelayedMLP_delay15_eff0-job48421378,2026-09-25T12:05:15Z,finished,b4012b30fe456a352c13ac8f7aab9405bfc36e25,531427933bbca8a1558974319720c55b32659a76,False,NVIDIA A100-SXM4-80GB,0.0,1000000000,15,375,0,45,45,i45/p45,1000243200.0,True,4800000,dmc_eval,857.0008544921875,qpos0,2026-09-28T10:49:51Z,2026-09-25T14:00:32Z,,,,,,,850.631552956321,11,857.0008544921875,27.724942848899104,208,998522880.0,4915200.0,4915200.0,851.8537719726562,208,True,True,783.6606946429183,881.6182814732831,930.5970748884655,796999680,,,True,False,False,979.5758683036479,2,206400000,,False,
walker_walk_torque_efference,walker_walk_torque,"WalkerWalk, torque",efference,WalkerWalk,0.0,25,wb3qdz5g,WalkerWalk_DelayedMLP_delay20_eff20-20260911-063618,2026-09-11T10:36:38Z,finished,f9c8960df44b196f8a6cb9f5ec2b49780d9ab360,1725d2009c78a18a8b5bc9e8e236800c5320e966,False,NVIDIA A100-SXM4-80GB,,1000000000,20,500,20,43,12345,i43/p12345,1000243200.0,True,600000,dmc_eval,605.00537109375,,2026-09-15T12:23:38Z,2026-09-11T16:16:39Z,,,,,,,598.6829503070877,83,606.5552978515625,13.752448759883237,1667,1000243200.0,491520.0,491520.0,600.421435546875,208,True,True,783.6606946429183,881.6182814732831,930.5970748884655,,,,False,False,False,979.5758683036479,2,0,,False,
walker_walk_torque_efference,walker_walk_torque,"WalkerWalk, torque",efference,WalkerWalk,0.0,25,qvvivhpj,WalkerWalk_DelayedMLP_delay20_eff20-20260914-121245,2026-09-14T16:12:55Z,finished,9e216aee027f43dcd7a40157e9cad7e727a9c3e2,531427933bbca8a1558974319720c55b32659a76,True,NVIDIA H200,,1000000000,20,500,20,46,46,i46/p46,1000243200.0,True,600000,dmc_eval,555.2194213867188,,2026-09-15T12:23:41Z,2026-09-14T22:31:43Z,,,,,,,555.3595382506588,83,560.8961181640625,1.8326239528425958,1667,1000243200.0,491520.0,491520.0,558.0982299804688,208,True,True,783.6606946429183,881.6182814732831,930.5970748884655,,,,False,False,False,979.5758683036479,2,0,,False,
walker_walk_torque_no_efference,walker_walk_torque,"WalkerWalk, torque",no_efference,WalkerWalk,0.0,25,bi57nuiz,WalkerWalk_DelayedMLP_delay20_eff0-job48412871,2026-09-25T10:48:51Z,finished,b4012b30fe456a352c13ac8f7aab9405bfc36e25,531427933bbca8a1558974319720c55b32659a76,True,NVIDIA H200,0.0,1000000000,20,500,0,45,45,i45/p45,1000243200.0,True,4800000,dmc_eval,415.1534118652344,qpos0,2026-09-25T12:28:52Z,2026-09-25T12:08:50Z,,,,,,,409.4388427734375,11,419.1263427734375,15.842770385742199,208,998522880.0,4915200.0,4915200.0,415.16062622070314,208,True,True,783.6606946429183,881.6182814732831,930.5970748884655,,,,False,False,False,979.5758683036479,2,0,,False,
walker_walk_torque_efference,walker_walk_torque,"WalkerWalk, torque",efference,WalkerWalk,0.0,25,klx83qee,WalkerWalk_DelayedMLP_delay25_eff25-20260911-065658,2026-09-11T10:57:10Z,finished,f9c8960df44b196f8a6cb9f5ec2b49780d9ab360,1725d2009c78a18a8b5bc9e8e236800c5320e966,True,NVIDIA A100-SXM4-80GB,,1000000000,25,625,25,43,12345,i43/p12345,1000243200.0,True,600000,dmc_eval,587.27978515625,,2026-09-15T12:23:38Z,2026-09-11T16:39:19Z,,,,,,,582.0242044839514,83,588.460693359375,10.176290121423108,1667,1000243200.0,491520.0,491520.0,582.46015625,208,True,True,783.6606946429183,881.6182814732831,930.5970748884655,,,,False,False,False,979.5758683036479,2,0,,False,
walker_walk_torque_efference,walker_walk_torque,"WalkerWalk, torque",efference,WalkerWalk,0.0,25,poqgs9eo,WalkerWalk_DelayedMLP_delay25_eff25-job48411275,2026-09-25T10:26:11Z,finished,b4012b30fe456a352c13ac8f7aab9405bfc36e25,531427933bbca8a1558974319720c55b32659a76,True,NVIDIA H200,1.0,1000000000,25,625,25,45,45,i45/p45,1000243200.0,True,4800000,dmc_eval,524.0147094726562,qpos0,2026-09-25T12:28:52Z,2026-09-25T11:46:31Z,,,,,,,521.5815651633523,11,525.7527465820312,7.35925986550069,208,998522880.0,4915200.0,4915200.0,524.7860229492187,208,True,True,783.6606946429183,881.6182814732831,930.5970748884655,,,,False,False,False,979.5758683036479,2,0,,False,
walker_walk_torque_efference,walker_walk_torque,"WalkerWalk, torque",efference,WalkerWalk,0.0,25,vl2lu8ge,WalkerWalk_DelayedMLP_delay25_eff25-20260914-121245,2026-09-14T16:12:55Z,finished,9e216aee027f43dcd7a40157e9cad7e727a9c3e2,531427933bbca8a1558974319720c55b32659a76,True,NVIDIA H200,,1000000000,25,625,25,46,46,i46/p46,1000243200.0,True,600000,dmc_eval,518.2993774414062,,2026-09-15T12:23:38Z,2026-09-14T21:54:20Z,,,,,,,515.4285469514778,83,520.1138305664062,16.586627270801955,1667,1000243200.0,491520.0,491520.0,516.1258544921875,208,True,True,783.6606946429183,881.6182814732831,930.5970748884655,,,,False,False,False,979.5758683036479,2,0,,False,
walker_walk_torque_no_efference,walker_walk_torque,"WalkerWalk, torque",no_efference,WalkerWalk,0.0,25,jil3b04s,WalkerWalk_DelayedMLP_delay25_eff0-job48429384,2026-09-25T12:59:31Z,finished,b4012b30fe456a352c13ac8f7aab9405bfc36e25,531427933bbca8a1558974319720c55b32659a76,True,NVIDIA H200,2.0,1000000000,25,625,0,45,45,i45/p45,1000243200.0,True,4800000,dmc_eval,174.18727111816406,qpos0,2026-09-28T10:48:05Z,2026-09-25T14:26:50Z,,,,,,,166.30757695978338,11,287.60400390625,-100.86214044744321,208,998522880.0,4915200.0,4915200.0,284.4486328125,208,True,True,783.6606946429183,881.6182814732831,930.5970748884655,,,,False,False,False,979.5758683036479,2,0,,False,
walker_walk_servo_undelayed,walker_walk_servo,"WalkerWalk, servo (kp = 64)",undelayed,WalkerWalk,64.0,25,0cgzvb0e,WalkerWalk_DelayedMLP_delay0_eff0_kp64-job47228289,2026-09-20T09:25:21Z,finished,7bedb5cc4b735c7c93790c39113e7cb6295039d2,531427933bbca8a1558974319720c55b32659a76,False,NVIDIA A100-SXM4-40GB,1.0,1000000000,0,0,0,51,51,i51/p51,1000243200.0,True,4800000,dmc_eval,981.1799926757812,range,2026-09-21T11:35:05Z,2026-09-20T16:05:44Z,6111.549814728782,2444.6199258915126,1629.7466172610084,6111.549814728782,2444.6199258915126,1629.7466172610084,980.8200128728694,11,981.3782958984376,0.11888372247869938,208,998522880.0,4915200.0,4915200.0,980.963623046875,208,True,True,784.1096235795455,882.1233265269886,931.1301780007102,57753600,67338240,76922880,True,True,True,980.1370294744319,2,9600000,67338240,True,62423040
walker_walk_servo_undelayed,walker_walk_servo,"WalkerWalk, servo (kp = 64)",undelayed,WalkerWalk,64.0,25,czd9cd32,WalkerWalk_DelayedMLP_delay0_eff0_kp64-20260919-144153,2026-09-19T18:42:27Z,finished,7bedb5cc4b735c7c93790c39113e7cb6295039d2,531427933bbca8a1558974319720c55b32659a76,False,NVIDIA H200,,1000000000,0,0,0,52,52,i52/p52,1000243200.0,True,4800000,dmc_eval,980.16796875,range,2026-09-21T11:35:06Z,2026-09-19T20:00:02Z,6111.549814728782,2444.6199258915126,1629.7466172610084,6111.549814728782,2444.6199258915126,1629.7466172610084,979.4540460759944,11,980.832275390625,-0.7662114923649597,208,998522880.0,4915200.0,4915200.0,980.56025390625,208,True,True,784.1096235795455,882.1233265269886,931.1301780007102,48168960,57753600,57753600,True,True,True,980.1370294744319,2,9600000,57753600,True,48168960
walker_walk_servo_efference,walker_walk_servo,"WalkerWalk, servo (kp = 64)",efference,WalkerWalk,64.0,25,1qp6or3g,WalkerWalk_DelayedMLP_delay2_eff2_kp64-job47228228,2026-09-20T09:25:21Z,finished,7bedb5cc4b735c7c93790c39113e7cb6295039d2,531427933bbca8a1558974319720c55b32659a76,False,NVIDIA A100-SXM4-40GB,1.0,1000000000,2,50,2,51,51,i51/p51,1000243200.0,True,4800000,dmc_eval,973.6717529296876,range,2026-09-21T11:35:05Z,2026-09-20T16:09:25Z,6111.549814728782,2444.6199258915126,1629.7466172610084,6111.549814728782,2444.6199258915126,1629.7466172610084,976.7532958984375,11,978.2603149414062,-0.7213928222656705,208,998522880.0,4915200.0,4915200.0,978.0126098632812,208,True,True,784.1096235795455,882.1233265269886,931.1301780007102,124846080,139345920,139345920,True,True,True,980.1370294744319,2,14400000,139345920,True,129761280
walker_walk_servo_efference,walker_walk_servo,"WalkerWalk, servo (kp = 64)",efference,WalkerWalk,64.0,25,jezwhgs9,WalkerWalk_DelayedMLP_delay2_eff2_kp64-20260921-080518,2026-09-21T12:05:24Z,finished,7bedb5cc4b735c7c93790c39113e7cb6295039d2,531427933bbca8a1558974319720c55b32659a76,True,NVIDIA A100-SXM4-80GB,,1000000000,2,50,2,53,53,i53/p53,1000243200.0,True,4800000,dmc_eval,978.481201171875,range,2026-09-22T09:55:52Z,2026-09-21T14:15:42Z,6111.549814728782,2444.6199258915126,1629.7466172610084,6111.549814728782,2444.6199258915126,1629.7466172610084,978.1071832830256,11,978.7505493164062,0.14353582208809712,208,998522880.0,4915200.0,4915200.0,978.5948120117188,208,True,True,784.1096235795455,882.1233265269886,931.1301780007102,48168960,57753600,57753600,True,True,True,980.1370294744319,2,9600000,57753600,True,48168960
walker_walk_servo_no_efference,walker_walk_servo,"WalkerWalk, servo (kp = 64)",no_efference,WalkerWalk,64.0,25,m7k0wdb6,WalkerWalk_DelayedMLP_delay2_eff0_kp64-job48430347,2026-09-25T13:05:36Z,finished,b4012b30fe456a352c13ac8f7aab9405bfc36e25,531427933bbca8a1558974319720c55b32659a76,True,NVIDIA A100-SXM4-80GB,0.0,1000000000,2,50,0,45,45,i45/p45,1000243200.0,True,4800000,dmc_eval,977.2740478515624,range,2026-09-28T10:48:04Z,2026-09-25T14:59:14Z,6111.549814728782,2444.6199258915126,1629.7466172610084,6111.549814728782,2444.6199258915126,1629.7466172610084,977.0579501065341,11,977.3562622070312,0.2726778897372242,208,998522880.0,4915200.0,4915200.0,977.1754150390625,208,True,True,784.1096235795455,882.1233265269886,931.1301780007102,43253760,48168960,48168960,True,True,True,980.1370294744319,2,4800000,48168960,True,38584320
walker_walk_servo_efference,walker_walk_servo,"WalkerWalk, servo (kp = 64)",efference,WalkerWalk,64.0,25,fmo0sx1a,WalkerWalk_DelayedMLP_delay3_eff3_kp64-job48151359,2026-09-25T02:01:01Z,finished,b4012b30fe456a352c13ac8f7aab9405bfc36e25,531427933bbca8a1558974319720c55b32659a76,True,NVIDIA RTX PRO 6000 Blackwell Server Edition,0.0,1000000000,3,75,3,54,54,i54/p54,1000243200.0,True,4800000,dmc_eval,978.81005859375,range,2026-09-25T09:32:54Z,2026-09-25T03:24:01Z,6111.549814728782,2444.6199258915126,1629.7466172610084,6111.549814728782,2444.6199258915126,1629.7466172610084,979.0429798473011,11,979.9642333984376,0.36879771839483055,208,998522880.0,4915200.0,4915200.0,979.3939453125,208,True,True,784.1096235795455,882.1233265269886,931.1301780007102,72007680,76922880,81838080,True,True,True,980.1370294744319,2,4800000,81838080,True,72007680
walker_walk_servo_no_efference,walker_walk_servo,"WalkerWalk, servo (kp = 64)",no_efference,WalkerWalk,64.0,25,jvassneo,WalkerWalk_DelayedMLP_delay3_eff0_kp64-job48412721,2026-09-25T10:48:51Z,finished,b4012b30fe456a352c13ac8f7aab9405bfc36e25,531427933bbca8a1558974319720c55b32659a76,True,NVIDIA H200,0.0,1000000000,3,75,0,45,45,i45/p45,1000243200.0,True,4800000,dmc_eval,973.6829833984376,range,2026-09-25T12:28:52Z,2026-09-25T12:08:09Z,6111.549814728782,2444.6199258915126,1629.7466172610084,6111.549814728782,2444.6199258915126,1629.7466172610084,973.8692460493608,11,974.50048828125,0.7052628950639246,208,998522880.0,4915200.0,4915200.0,974.114404296875,208,True,True,784.1096235795455,882.1233265269886,931.1301780007102,52838400,57753600,67338240,True,True,True,980.1370294744319,2,4800000,57753600,True,48168960
walker_walk_servo_efference,walker_walk_servo,"WalkerWalk, servo (kp = 64)",efference,WalkerWalk,64.0,25,sueevgls,WalkerWalk_DelayedMLP_delay5_eff5_kp64-20260918-100601,2026-09-18T14:06:21Z,finished,7bedb5cc4b735c7c93790c39113e7cb6295039d2,531427933bbca8a1558974319720c55b32659a76,False,NVIDIA A100-SXM4-80GB,,1000000000,5,125,5,51,51,i51/p51,1000243200.0,True,4800000,dmc_eval,966.1849365234376,range,2026-09-21T11:35:06Z,2026-09-18T16:01:14Z,6111.549814728782,2444.6199258915126,1629.7466172610084,6111.549814728782,2444.6199258915126,1629.7466172610084,967.7623013583096,11,969.6265869140624,0.4316861239345826,208,998522880.0,4915200.0,4915200.0,968.8133341471354,208,True,True,784.1096235795455,882.1233265269886,931.1301780007102,129761280,441630720,792084480,True,True,True,980.1370294744319,2,345600000,777830400,True,777830400
walker_walk_servo_efference,walker_walk_servo,"WalkerWalk, servo (kp = 64)",efference,WalkerWalk,64.0,25,rzpjxoc0,WalkerWalk_DelayedMLP_delay5_eff5_kp64-20260919-144153,2026-09-19T18:42:27Z,finished,7bedb5cc4b735c7c93790c39113e7cb6295039d2,531427933bbca8a1558974319720c55b32659a76,False,NVIDIA H200,,1000000000,5,125,5,52,52,i52/p52,1000243200.0,True,4800000,dmc_eval,972.837890625,range,2026-09-21T11:35:06Z,2026-09-19T20:00:59Z,6111.549814728782,2444.6199258915126,1629.7466172610084,6111.549814728782,2444.6199258915126,1629.7466172610084,973.5507757013494,11,974.2589111328124,0.3900762384587324,208,998522880.0,4915200.0,4915200.0,973.7849975585938,208,True,True,784.1096235795455,882.1233265269886,931.1301780007102,292945920,412876800,465715200,True,True,True,980.1370294744319,2,120000000,427376640,True,422461440
walker_walk_servo_efference,walker_walk_servo,"WalkerWalk, servo (kp = 64)",efference,WalkerWalk,64.0,25,c17tn6hg,WalkerWalk_DelayedMLP_delay5_eff5_kp64-20260924-114730,2026-09-24T15:47:41Z,finished,b4012b30fe456a352c13ac8f7aab9405bfc36e25,531427933bbca8a1558974319720c55b32659a76,True,NVIDIA H200,,1000000000,5,125,5,54,54,i54/p54,1000243200.0,True,4800000,dmc_eval,975.99658203125,range,2026-09-25T09:32:54Z,2026-09-24T17:04:15Z,6111.549814728782,2444.6199258915126,1629.7466172610084,6111.549814728782,2444.6199258915126,1629.7466172610084,974.7856389825994,11,975.99658203125,0.2776189630681074,208,998522880.0,4915200.0,4915200.0,975.1195556640625,208,True,True,784.1096235795455,882.1233265269886,931.1301780007102,86507520,96092160,96092160,True,True,True,980.1370294744319,2,9600000,96092160,True,86507520
walker_walk_servo_no_efference,walker_walk_servo,"WalkerWalk, servo (kp = 64)",no_efference,WalkerWalk,64.0,25,wql8i627,WalkerWalk_DelayedMLP_delay5_eff0_kp64-job48430121,2026-09-25T13:02:18Z,finished,b4012b30fe456a352c13ac8f7aab9405bfc36e25,531427933bbca8a1558974319720c55b32659a76,True,NVIDIA H200,0.0,1000000000,5,125,0,45,45,i45/p45,1000243200.0,True,4800000,dmc_eval,972.1871948242188,range,2026-09-28T10:48:05Z,2026-09-25T14:18:05Z,6111.549814728782,2444.6199258915126,1629.7466172610084,6111.549814728782,2444.6199258915126,1629.7466172610084,970.8766257546165,11,972.4723510742188,0.30110695578832747,208,998522880.0,4915200.0,4915200.0,971.99052734375,208,True,True,784.1096235795455,882.1233265269886,931.1301780007102,101007360,110592000,120176640,True,True,True,980.1370294744319,2,9600000,110592000,True,101007360
walker_walk_servo_efference,walker_walk_servo,"WalkerWalk, servo (kp = 64)",efference,WalkerWalk,64.0,25,77cze007,WalkerWalk_DelayedMLP_delay7_eff7_kp64-20260919-144153,2026-09-19T18:42:27Z,finished,7bedb5cc4b735c7c93790c39113e7cb6295039d2,531427933bbca8a1558974319720c55b32659a76,False,NVIDIA H200,,1000000000,7,175,7,52,52,i52/p52,1000243200.0,True,4800000,dmc_eval,959.6085815429688,range,2026-09-21T11:35:05Z,2026-09-19T20:01:29Z,6111.549814728782,2444.6199258915126,1629.7466172610084,6111.549814728782,2444.6199258915126,1629.7466172610084,963.3870627663352,11,970.576904296875,-2.9657997824929225,208,998522880.0,4915200.0,4915200.0,968.7619018554688,208,True,True,784.1096235795455,882.1233265269886,931.1301780007102,81838080,86507520,115261440,True,True,True,980.1370294744319,2,4800000,91422720,True,81838080
walker_walk_servo_efference,walker_walk_servo,"WalkerWalk, servo (kp = 64)",efference,WalkerWalk,64.0,25,42cs45jp,WalkerWalk_DelayedMLP_delay7_eff7_kp64-20260921-080518,2026-09-21T12:05:24Z,finished,7bedb5cc4b735c7c93790c39113e7cb6295039d2,531427933bbca8a1558974319720c55b32659a76,True,NVIDIA A100-SXM4-80GB,,1000000000,7,175,7,53,53,i53/p53,1000243200.0,True,4800000,dmc_eval,963.3666381835938,range,2026-09-22T09:55:52Z,2026-09-21T14:16:15Z,6111.549814728782,2444.6199258915126,1629.7466172610084,6111.549814728782,2444.6199258915126,1629.7466172610084,963.1183971058239,11,969.825439453125,-2.9855274547229556,208,998522880.0,4915200.0,4915200.0,968.1626220703125,208,True,True,784.1096235795455,882.1233265269886,931.1301780007102,76922880,76922880,91422720,True,True,True,980.1370294744319,2,0,81838080,True,72007680
walker_walk_servo_efference,walker_walk_servo,"WalkerWalk, servo (kp = 64)",efference,WalkerWalk,64.0,25,kwo5yep7,WalkerWalk_DelayedMLP_delay7_eff7_kp64-20260924-123803,2026-09-24T16:38:12Z,finished,b4012b30fe456a352c13ac8f7aab9405bfc36e25,531427933bbca8a1558974319720c55b32659a76,True,NVIDIA H200,,1000000000,7,175,7,54,54,i54/p54,1000243200.0,True,4800000,dmc_eval,966.4049682617188,range,2026-09-25T09:32:54Z,2026-09-24T17:54:31Z,6111.549814728782,2444.6199258915126,1629.7466172610084,6111.549814728782,2444.6199258915126,1629.7466172610084,960.5570345791904,11,970.3118896484376,-1.700961026278378,208,998522880.0,4915200.0,4915200.0,968.833837890625,208,True,True,784.1096235795455,882.1233265269886,931.1301780007102,110592000,120176640,230522880,True,True,True,980.1370294744319,2,48000000,120176640,True,110592000
walker_walk_servo_no_efference,walker_walk_servo,"WalkerWalk, servo (kp = 64)",no_efference,WalkerWalk,64.0,25,p2puogug,WalkerWalk_DelayedMLP_delay7_eff0_kp64-job48430143,2026-09-25T13:02:36Z,finished,b4012b30fe456a352c13ac8f7aab9405bfc36e25,531427933bbca8a1558974319720c55b32659a76,False,NVIDIA A100-SXM4-40GB,0.0,1000000000,7,175,0,45,45,i45/p45,1000243200.0,True,4800000,dmc_eval,943.5687255859376,range,2026-09-28T10:48:04Z,2026-09-25T16:57:10Z,6111.549814728782,2444.6199258915126,1629.7466172610084,6111.549814728782,2444.6199258915126,1629.7466172610084,963.0413041548295,11,968.693115234375,1.8701249556107769,208,998522880.0,4915200.0,4915200.0,965.228662109375,208,True,True,784.1096235795455,882.1233265269886,931.1301780007102,158515200,177684480,292945920,True,True,True,980.1370294744319,2,33600000,245022720,True,225607680
walker_walk_servo_efference,walker_walk_servo,"WalkerWalk, servo (kp = 64)",efference,WalkerWalk,64.0,25,6a803fzx,WalkerWalk_DelayedMLP_delay10_eff10_kp64-20260918-100601,2026-09-18T14:06:21Z,finished,7bedb5cc4b735c7c93790c39113e7cb6295039d2,531427933bbca8a1558974319720c55b32659a76,False,NVIDIA A100-SXM4-80GB,,1000000000,10,250,10,51,51,i51/p51,1000243200.0,True,4800000,dmc_eval,951.1859741210938,range,2026-09-21T11:35:05Z,2026-09-18T16:01:14Z,6111.549814728782,2444.6199258915126,1629.7466172610084,6111.549814728782,2444.6199258915126,1629.7466172610084,949.9517045454545,11,957.4107055664062,6.98593306107955,208,998522880.0,4915200.0,4915200.0,956.4573120117187,208,True,True,784.1096235795455,882.1233265269886,931.1301780007102,187269120,240107520,542638080,True,True,True,980.1370294744319,2,52800000,245022720,True,235438080
walker_walk_servo_efference,walker_walk_servo,"WalkerWalk, servo (kp = 64)",efference,WalkerWalk,64.0,25,n4sd91z1,WalkerWalk_DelayedMLP_delay10_eff10_kp64-20260921-080518,2026-09-21T12:05:24Z,finished,7bedb5cc4b735c7c93790c39113e7cb6295039d2,531427933bbca8a1558974319720c55b32659a76,True,NVIDIA A100-SXM4-80GB,,1000000000,10,250,10,53,53,i53/p53,1000243200.0,True,4800000,dmc_eval,961.6029052734376,range,2026-09-22T09:55:53Z,2026-09-21T14:17:22Z,6111.549814728782,2444.6199258915126,1629.7466172610084,6111.549814728782,2444.6199258915126,1629.7466172610084,953.449501731179,11,961.6029052734376,4.662728049538373,208,998522880.0,4915200.0,4915200.0,957.555810546875,208,True,True,784.1096235795455,882.1233265269886,931.1301780007102,201768960,518553600,696238080,True,True,True,980.1370294744319,2,316800000,552222720,True,542638080
walker_walk_servo_efference,walker_walk_servo,"WalkerWalk, servo (kp = 64)",efference,WalkerWalk,64.0,25,o6i2tnor,WalkerWalk_DelayedMLP_delay10_eff10_kp64-20260924-123848,2026-09-24T16:38:49Z,finished,b4012b30fe456a352c13ac8f7aab9405bfc36e25,531427933bbca8a1558974319720c55b32659a76,True,NVIDIA H200,,1000000000,10,250,10,54,54,i54/p54,1000243200.0,True,4800000,dmc_eval,946.6788330078124,range,2026-09-25T09:32:54Z,2026-09-24T17:54:53Z,6111.549814728782,2444.6199258915126,1629.7466172610084,6111.549814728782,2444.6199258915126,1629.7466172610084,947.2054554332386,11,958.5665283203124,1.8720325816760806,208,998522880.0,4915200.0,4915200.0,954.6518432617188,208,True,True,784.1096235795455,882.1233265269886,931.1301780007102,182599680,201768960,264192000,True,True,True,980.1370294744319,2,19200000,201768960,True,192184320
walker_walk_servo_no_efference,walker_walk_servo,"WalkerWalk, servo (kp = 64)",no_efference,WalkerWalk,64.0,25,gxyo40cq,WalkerWalk_DelayedMLP_delay10_eff0_kp64-job48412733,2026-09-25T10:41:58Z,finished,b4012b30fe456a352c13ac8f7aab9405bfc36e25,531427933bbca8a1558974319720c55b32659a76,True,NVIDIA H200,0.0,1000000000,10,250,0,45,45,i45/p45,1000243200.0,True,4800000,dmc_eval,963.29248046875,range,2026-09-25T12:28:52Z,2026-09-25T12:01:21Z,6111.549814728782,2444.6199258915126,1629.7466172610084,6111.549814728782,2444.6199258915126,1629.7466172610084,961.8733853426846,11,965.5745849609376,0.3545559969815031,208,998522880.0,4915200.0,4915200.0,963.5081176757812,208,True,True,784.1096235795455,882.1233265269886,931.1301780007102,139345920,153600000,480215040,True,True,True,980.1370294744319,2,14400000,201768960,True,196853760
walker_walk_servo_efference,walker_walk_servo,"WalkerWalk, servo (kp = 64)",efference,WalkerWalk,64.0,25,0ur1lcrh,WalkerWalk_DelayedMLP_delay12_eff12_kp64-20260921-080517,2026-09-21T12:05:24Z,finished,7bedb5cc4b735c7c93790c39113e7cb6295039d2,531427933bbca8a1558974319720c55b32659a76,True,NVIDIA A100-SXM4-80GB,,1000000000,12,300,12,52,52,i52/p52,1000243200.0,True,4800000,dmc_eval,968.824462890625,range,2026-09-22T09:55:52Z,2026-09-21T14:00:32Z,6111.549814728782,2444.6199258915126,1629.7466172610084,6111.549814728782,2444.6199258915126,1629.7466172610084,968.8598355379971,11,969.9629516601562,1.178225430575253,208,998522880.0,4915200.0,4915200.0,969.2146118164062,208,True,True,784.1096235795455,882.1233265269886,931.1301780007102,268861440,340869120,355368960,True,True,True,980.1370294744319,2,72000000,345784320,True,340869120
walker_walk_servo_efference,walker_walk_servo,"WalkerWalk, servo (kp = 64)",efference,WalkerWalk,64.0,25,lqyrrczf,WalkerWalk_DelayedMLP_delay12_eff12_kp64-20260921-080518,2026-09-21T12:05:24Z,finished,7bedb5cc4b735c7c93790c39113e7cb6295039d2,531427933bbca8a1558974319720c55b32659a76,True,NVIDIA A100-SXM4-80GB,,1000000000,12,300,12,53,53,i53/p53,1000243200.0,True,4800000,dmc_eval,967.0040283203124,range,2026-09-22T09:55:53Z,2026-09-21T14:17:24Z,6111.549814728782,2444.6199258915126,1629.7466172610084,6111.549814728782,2444.6199258915126,1629.7466172610084,943.9734386097301,11,969.4189453125,-20.217662464488626,208,998522880.0,4915200.0,4915200.0,968.5524597167969,208,True,True,784.1096235795455,882.1233265269886,931.1301780007102,192184320,216023040,230522880,True,True,True,980.1370294744319,2,24000000,220938240,True,216023040
walker_walk_servo_efference,walker_walk_servo,"WalkerWalk, servo (kp = 64)",efference,WalkerWalk,64.0,25,dg6yjchz,WalkerWalk_DelayedMLP_delay12_eff12_kp64-20260924-125942,2026-09-24T16:59:43Z,finished,b4012b30fe456a352c13ac8f7aab9405bfc36e25,531427933bbca8a1558974319720c55b32659a76,True,NVIDIA H200,,1000000000,12,300,12,54,54,i54/p54,1000243200.0,True,4800000,dmc_eval,914.4104614257812,range,2026-09-25T09:32:55Z,2026-09-24T18:16:26Z,6111.549814728782,2444.6199258915126,1629.7466172610084,6111.549814728782,2444.6199258915126,1629.7466172610084,922.6252774325284,11,958.9361572265624,-5.723544588955974,208,998522880.0,4915200.0,4915200.0,956.0367329915365,208,True,True,784.1096235795455,882.1233265269886,931.1301780007102,192184320,254607360,264192000,True,True,True,980.1370294744319,2,62400000,259276800,True,254607360
walker_walk_servo_no_efference,walker_walk_servo,"WalkerWalk, servo (kp = 64)",no_efference,WalkerWalk,64.0,25,rtgo1rjp,WalkerWalk_DelayedMLP_delay12_eff0_kp64-job48430146,2026-09-25T13:02:36Z,finished,b4012b30fe456a352c13ac8f7aab9405bfc36e25,531427933bbca8a1558974319720c55b32659a76,True,NVIDIA A40,0.0,1000000000,12,300,0,45,45,i45/p45,1000243200.0,True,4800000,dmc_eval,958.6402587890624,range,2026-09-28T10:48:05Z,2026-09-25T17:01:07Z,6111.549814728782,2444.6199258915126,1629.7466172610084,6111.549814728782,2444.6199258915126,1629.7466172610084,956.4929698597301,11,959.7158203125,-0.22335094105108055,208,998522880.0,4915200.0,4915200.0,958.2208251953125,208,True,True,784.1096235795455,882.1233265269886,931.1301780007102,201768960,235438080,408207360,True,True,True,980.1370294744319,2,33600000,245022720,True,235438080
walker_walk_servo_efference,walker_walk_servo,"WalkerWalk, servo (kp = 64)",efference,WalkerWalk,64.0,25,2tsvggal,WalkerWalk_DelayedMLP_delay15_eff15_kp64-20260918-100601,2026-09-18T14:06:21Z,finished,7bedb5cc4b735c7c93790c39113e7cb6295039d2,531427933bbca8a1558974319720c55b32659a76,False,NVIDIA A100-SXM4-80GB,,1000000000,15,375,15,51,51,i51/p51,1000243200.0,True,4800000,dmc_eval,861.0054931640625,range,2026-09-21T11:35:05Z,2026-09-18T16:01:14Z,6111.549814728782,2444.6199258915126,1629.7466172610084,6111.549814728782,2444.6199258915126,1629.7466172610084,859.0995150479404,11,861.1870727539062,2.8042391690340764,208,998522880.0,4915200.0,4915200.0,859.2650390625,208,True,True,784.1096235795455,882.1233265269886,931.1301780007102,374538240,,,True,False,False,980.1370294744319,2,628800000,,False,
walker_walk_servo_no_efference,walker_walk_servo,"WalkerWalk, servo (kp = 64)",no_efference,WalkerWalk,64.0,25,snpo6da7,WalkerWalk_DelayedMLP_delay15_eff0_kp64-job48430150,2026-09-25T13:02:36Z,finished,b4012b30fe456a352c13ac8f7aab9405bfc36e25,531427933bbca8a1558974319720c55b32659a76,True,NVIDIA A100-SXM4-80GB,0.0,1000000000,15,375,0,45,45,i45/p45,1000243200.0,True,4800000,dmc_eval,779.1939697265625,range,2026-09-28T10:48:05Z,2026-09-25T17:12:54Z,6111.549814728782,2444.6199258915126,1629.7466172610084,6111.549814728782,2444.6199258915126,1629.7466172610084,774.7724165482955,11,782.9966430664062,-2.6140336470169814,208,998522880.0,4915200.0,4915200.0,779.4963745117187,208,True,True,784.1096235795455,882.1233265269886,931.1301780007102,,,,False,False,False,980.1370294744319,2,0,,False,
walker_walk_servo_efference,walker_walk_servo,"WalkerWalk, servo (kp = 64)",efference,WalkerWalk,64.0,25,w64cnoaq,WalkerWalk_DelayedMLP_delay20_eff20_kp64-20260918-100601,2026-09-18T14:06:21Z,finished,7bedb5cc4b735c7c93790c39113e7cb6295039d2,531427933bbca8a1558974319720c55b32659a76,False,NVIDIA A100-SXM4-80GB,,1000000000,20,500,20,51,51,i51/p51,1000243200.0,True,4800000,dmc_eval,810.20361328125,range,2026-09-21T11:35:06Z,2026-09-18T16:02:29Z,6111.549814728782,2444.6199258915126,1629.7466172610084,6111.549814728782,2444.6199258915126,1629.7466172610084,812.0072076970881,11,815.2432861328125,6.499071710759949,208,998522880.0,4915200.0,4915200.0,812.8551635742188,208,True,True,784.1096235795455,882.1233265269886,931.1301780007102,744161280,,,True,False,False,980.1370294744319,2,259200000,,False,
walker_walk_servo_no_efference,walker_walk_servo,"WalkerWalk, servo (kp = 64)",no_efference,WalkerWalk,64.0,25,hgkr2tyz,WalkerWalk_DelayedMLP_delay20_eff0_kp64-job48430529,2026-09-25T13:09:33Z,finished,b4012b30fe456a352c13ac8f7aab9405bfc36e25,531427933bbca8a1558974319720c55b32659a76,False,NVIDIA A100-SXM4-40GB,0.0,1000000000,20,500,0,45,45,i45/p45,1000243200.0,True,4800000,dmc_eval,677.9686279296875,range,2026-09-28T10:48:04Z,2026-09-25T18:55:34Z,6111.549814728782,2444.6199258915126,1629.7466172610084,6111.549814728782,2444.6199258915126,1629.7466172610084,673.8738014914773,11,681.9490966796875,25.253519509055423,208,998522880.0,4915200.0,4915200.0,679.7935791015625,208,True,True,784.1096235795455,882.1233265269886,931.1301780007102,,,,False,False,False,980.1370294744319,2,0,,False,
walker_walk_servo_efference,walker_walk_servo,"WalkerWalk, servo (kp = 64)",efference,WalkerWalk,64.0,25,zqbav5ev,WalkerWalk_DelayedMLP_delay25_eff25_kp64-job48410986,2026-09-25T10:00:24Z,finished,b4012b30fe456a352c13ac8f7aab9405bfc36e25,531427933bbca8a1558974319720c55b32659a76,False,NVIDIA A40,0.0,1000000000,25,625,25,54,44,i54/p44,1000243200.0,True,4800000,dmc_eval,785.868896484375,range,2026-09-25T12:28:52Z,2026-09-25T12:20:31Z,6111.549814728782,2444.6199258915126,1629.7466172610084,6111.549814728782,2444.6199258915126,1629.7466172610084,775.2713678533381,11,785.868896484375,19.48271428888495,208,998522880.0,4915200.0,4915200.0,777.1094116210937,208,True,True,784.1096235795455,882.1233265269886,931.1301780007102,,,,False,False,False,980.1370294744319,2,0,,False,
walker_walk_servo_efference,walker_walk_servo,"WalkerWalk, servo (kp = 64)",efference,WalkerWalk,64.0,25,saf7qqte,WalkerWalk_DelayedMLP_delay25_eff25_kp64-job48151750,2026-09-25T02:35:19Z,finished,b4012b30fe456a352c13ac8f7aab9405bfc36e25,531427933bbca8a1558974319720c55b32659a76,True,NVIDIA RTX PRO 6000 Blackwell Server Edition,0.0,1000000000,25,625,25,54,54,i54/p54,1000243200.0,True,4800000,dmc_eval,660.8287353515625,range,2026-09-25T09:32:56Z,2026-09-25T03:58:13Z,6111.549814728782,2444.6199258915126,1629.7466172610084,6111.549814728782,2444.6199258915126,1629.7466172610084,660.737138227983,11,663.01904296875,9.841978315873575,208,998522880.0,4915200.0,4915200.0,661.2640747070312,208,True,True,784.1096235795455,882.1233265269886,931.1301780007102,,,,False,False,False,980.1370294744319,2,0,,False,
walker_walk_servo_no_efference,walker_walk_servo,"WalkerWalk, servo (kp = 64)",no_efference,WalkerWalk,64.0,25,tper9myt,WalkerWalk_DelayedMLP_delay25_eff0_kp64-job48430191,2026-09-25T13:03:12Z,finished,b4012b30fe456a352c13ac8f7aab9405bfc36e25,531427933bbca8a1558974319720c55b32659a76,True,NVIDIA H200,0.0,1000000000,25,625,0,45,45,i45/p45,1000243200.0,True,4800000,dmc_eval,905.1767578125,range,2026-09-28T10:48:05Z,2026-09-25T14:15:35Z,6111.549814728782,2444.6199258915126,1629.7466172610084,6111.549814728782,2444.6199258915126,1629.7466172610084,903.5401111949574,11,907.2451171875,-0.7994701038707035,208,998522880.0,4915200.0,4915200.0,906.0052368164063,208,True,True,784.1096235795455,882.1233265269886,931.1301780007102,489799680,590561280,,True,True,False,980.1370294744319,2,100800000,816168960,True,811253760
