wandb_id,budget_label,condition,arm,delay_k,step,reward_mean,lifespan_mean,fm_mse_eval,fm_mse_train_p25,fm_mse_train_p50,fm_mse_train_p75,action_sigma,encoder_kl,joint_l2_error,termination_rate
3dfjggpw,2G,expfm_2g,explicit,20,10076160.0,547.5576782226562,211.8818359375,0.0743064805865287,0.0655037239193916,0.0877390354871749,0.1415127515792846,0.6171139478683472,6.116657257080078,2.579322576522827,0.010716138407588
3dfjggpw,2G,expfm_2g,explicit,20,20070400.0,581.7734375,216.51953125,0.0742277577519416,0.0741210579872131,0.1097892969846725,0.1657286286354065,0.5619518160820007,6.501385688781738,2.315249443054199,0.0099710132926702
3dfjggpw,2G,expfm_2g,explicit,20,30064640.0,753.35205078125,261.3095703125,0.0600847005844116,0.0816960036754608,0.1109200119972229,0.1542314440011978,0.5436872839927673,6.5005645751953125,2.27610445022583,0.007744348142296
3dfjggpw,2G,expfm_2g,explicit,20,40058880.0,802.5579833984375,263.908203125,0.0554034151136875,0.0662824884057045,0.0919894874095916,0.1304137557744979,0.5128405690193176,7.2910380363464355,2.0702404975891118,0.0076984046027064
3dfjggpw,2G,expfm_2g,explicit,20,50053120.0,847.0101318359375,270.7421875,0.0529871620237827,0.0570168048143386,0.0799869447946548,0.1167131140828132,0.4914335012435913,7.710803031921387,2.067929744720459,0.0068638809025287
3dfjggpw,2G,expfm_2g,explicit,20,60047360.0,871.1691284179688,274.84375,0.0499129295349121,0.0520651564002037,0.0755841806530952,0.1113665774464607,0.4717120230197906,7.814027786254883,1.9404072761535645,0.0065213190391659
3dfjggpw,2G,expfm_2g,explicit,20,70041600.0,885.4107055664062,275.5576171875,0.0486104264855384,0.0531594306230545,0.0760737359523773,0.1117261350154876,0.4659186899662018,8.61316967010498,1.9165468215942385,0.005884654354304
3dfjggpw,2G,expfm_2g,explicit,20,80035840.0,915.538330078125,281.21875,0.0474084466695785,0.0525962822139263,0.074981041252613,0.1111473739147186,0.4750778973102569,9.299717903137209,1.812272548675537,0.0058028525672852
3dfjggpw,2G,expfm_2g,explicit,20,90030080.0,922.8978271484376,278.6982421875,0.0475339964032173,0.0505147948861122,0.0731363147497177,0.1089580208063125,0.4701056182384491,9.003929138183594,1.7704811096191406,0.0059733442030847
3dfjggpw,2G,expfm_2g,explicit,20,100024320.0,951.4730224609376,286.966796875,0.0470770150423049,0.0493010580539703,0.0708910673856735,0.1067623868584632,0.466944545507431,9.154681205749512,1.733537673950195,0.0054535851813852
3dfjggpw,2G,expfm_2g,explicit,20,110018560.0,956.4132690429688,285.1162109375,0.0466330237686634,0.0478096231818199,0.069386214017868,0.1045020818710327,0.4657618999481201,9.327117919921877,1.722700119018555,0.0053120232187211
3dfjggpw,2G,expfm_2g,explicit,20,120012800.0,1025.4063720703125,307.2119140625,0.0518892034888267,0.0477898567914962,0.0693457946181297,0.1072737723588943,0.4641376435756683,9.471963882446287,1.7456183433532717,0.0048208506777882
3dfjggpw,2G,expfm_2g,explicit,20,130007040.0,1062.28125,313.373046875,0.0501806214451789,0.048619482666254,0.0697225481271743,0.1078260615468025,0.4636002480983734,10.108113288879396,1.7457325458526611,0.0044158631935715
3dfjggpw,2G,expfm_2g,explicit,20,140001280.0,1159.9720458984375,337.896484375,0.0515105575323104,0.0490949153900146,0.070125788450241,0.1079442054033279,0.4670815169811249,10.167221069335938,1.7450588941574097,0.0036681843921542
3dfjggpw,2G,expfm_2g,explicit,20,150077440.0,1153.433349609375,332.6533203125,0.051324650645256,0.0484643690288066,0.0691929161548614,0.1075632348656654,0.4597766399383545,10.46869659423828,1.691648006439209,0.0037578109186142
3dfjggpw,2G,expfm_2g,explicit,20,160071680.0,1197.5797119140625,345.318359375,0.0530111119151115,0.0482782050967216,0.0686313807964325,0.1062709167599678,0.4680469036102295,10.349523544311523,1.7427347898483276,0.0034389400389045
3dfjggpw,2G,expfm_2g,explicit,20,170065920.0,1220.212158203125,346.5087890625,0.0509949512779712,0.0480894297361373,0.0695243701338768,0.1089576631784439,0.471499890089035,10.368488311767578,1.70823872089386,0.0033389281015843
3dfjggpw,2G,expfm_2g,explicit,20,180060160.0,1288.067138671875,359.2470703125,0.0518514737486839,0.0498333722352981,0.0712652578949928,0.1104825511574745,0.4638625085353851,10.294549942016602,1.631657958030701,0.0030253701843321
3dfjggpw,2G,expfm_2g,explicit,20,190054400.0,1277.0587158203125,355.2373046875,0.0565748140215873,0.0485025495290756,0.0696626901626586,0.1090544834733009,0.4669648110866546,10.829779624938965,1.6184704303741455,0.003095727879554
3dfjggpw,2G,expfm_2g,explicit,20,200048640.0,1256.4248046875,348.7021484375,0.0527134425938129,0.0485587902367115,0.0687755644321441,0.106756255030632,0.4680923819541931,11.352307319641112,1.6100008487701416,0.0031893807463347
3dfjggpw,2G,expfm_2g,explicit,20,210042880.0,1326.4833984375,356.2001953125,0.0518929287791252,0.0494317896664142,0.0705414116382598,0.1105807647109031,0.4550618529319763,11.088111877441406,1.5570728778839111,0.0031664688140153
3dfjggpw,2G,expfm_2g,explicit,20,220037120.0,1377.0013427734375,366.6796875,0.0482862368226051,0.0461716167628765,0.0652835443615913,0.099770963191986,0.4510974884033203,11.325886726379396,1.5131611824035645,0.0026009348221123
3dfjggpw,2G,expfm_2g,explicit,20,230031360.0,1363.4791259765625,361.71484375,0.0461995266377925,0.046418871730566,0.0657816901803016,0.1027155146002769,0.4485408961772918,11.785167694091797,1.5008559226989746,0.0029350109398365
3dfjggpw,2G,expfm_2g,explicit,20,240025600.0,1401.8909912109375,374.271484375,0.0464937686920166,0.0475888922810554,0.0676826313138008,0.1048480719327926,0.4558954834938049,11.683839797973633,1.5232725143432615,0.0022525934036821
3dfjggpw,2G,expfm_2g,explicit,20,250019840.0,1427.557861328125,375.84765625,0.0462195351719856,0.0481609404087066,0.0686389431357383,0.1067332923412323,0.4586166143417358,11.270574569702148,1.5229732990264893,0.002425382612273
3dfjggpw,2G,expfm_2g,explicit,20,260014080.0,1438.8951416015625,378.9443359375,0.0442225411534309,0.045738112181425,0.0654216855764389,0.1027547419071197,0.4549806416034698,11.499223709106444,1.5329701900482178,0.0022356561385095
3dfjggpw,2G,expfm_2g,explicit,20,270008320.0,1448.5631103515625,379.99609375,0.0454677417874336,0.046492300927639,0.0663875937461853,0.1038346290588378,0.4471849799156189,12.231315612792969,1.5264253616333008,0.0021477062255144
3dfjggpw,2G,expfm_2g,explicit,20,280002560.0,1438.7337646484375,375.625,0.0437796786427497,0.0449358783662319,0.063867837190628,0.0995267927646637,0.4479086101055145,11.744565963745115,1.4962923526763916,0.0022669821046292
3dfjggpw,2G,expfm_2g,explicit,20,290078720.0,1475.99609375,382.5458984375,0.0438087694346904,0.0440392792224884,0.0621622055768966,0.0965939164161682,0.4481924474239349,12.065081596374512,1.4987678527832031,0.0021381736733019
3dfjggpw,2G,expfm_2g,explicit,20,300072960.0,1440.255615234375,374.931640625,0.0447837263345718,0.0467221736907959,0.0657667368650436,0.1020567342638969,0.4459511637687683,12.076852798461914,1.4956953525543213,0.00233462639153
3dfjggpw,2G,expfm_2g,explicit,20,310067200.0,1524.8148193359375,393.455078125,0.0416177660226821,0.0456264168024063,0.0650244429707527,0.1013979539275169,0.4470762014389038,11.541892051696776,1.5129637718200684,0.001756397774443
3dfjggpw,2G,expfm_2g,explicit,20,320061440.0,1486.1884765625,384.822265625,0.042370643466711,0.0444466099143028,0.0630340576171875,0.097647488117218,0.4486157298088074,12.468297958374023,1.524512529373169,0.0019793182145804
3dfjggpw,2G,expfm_2g,explicit,20,330055680.0,1498.62939453125,382.865234375,0.0426583215594291,0.0437085516750812,0.0619159378111362,0.0964915975928306,0.4482814371585846,12.157349586486816,1.4847166538238523,0.002159846946597
3dfjggpw,2G,expfm_2g,explicit,20,340049920.0,1485.645751953125,382.3291015625,0.0460162684321403,0.0448385328054428,0.0638346076011657,0.0987658947706222,0.4435020685195923,12.810148239135742,1.5097298622131348,0.0022454503923654
3dfjggpw,2G,expfm_2g,explicit,20,350044160.0,1556.186767578125,399.7880859375,0.0386273451149463,0.0422208905220031,0.0597398877143859,0.0923373401165008,0.4412203729152679,12.05615520477295,1.491404414176941,0.0015722173266112
3dfjggpw,2G,expfm_2g,explicit,20,360038400.0,1517.5191650390625,389.2509765625,0.0419736355543136,0.042011309415102,0.0594579651951789,0.0922810286283493,0.4338691234588623,12.725767135620115,1.483468770980835,0.0018313316395506
3dfjggpw,2G,expfm_2g,explicit,20,370032640.0,1544.405517578125,393.466796875,0.0410589538514614,0.0419085845351219,0.0602338910102844,0.0944528058171272,0.4365355372428894,12.502394676208496,1.4744690656661987,0.0018296533962711
3dfjggpw,2G,expfm_2g,explicit,20,380026880.0,1537.186767578125,392.2421875,0.0425928384065628,0.0419570244848728,0.060190126299858,0.0934777706861496,0.4459119141101837,12.582011222839355,1.491296648979187,0.0017580486601218
3dfjggpw,2G,expfm_2g,explicit,20,390021120.0,1527.7900390625,389.4990234375,0.0403023026883602,0.0418346002697944,0.0598265454173088,0.0942422449588775,0.4393915832042694,13.716110229492188,1.4790046215057373,0.0019514022860676
3dfjggpw,2G,expfm_2g,explicit,20,400015360.0,1572.238037109375,402.1865234375,0.0425333529710769,0.0436806567013263,0.0620251521468162,0.0965644866228103,0.4358444213867187,12.863266944885254,1.4762141704559326,0.0014758324250578
3dfjggpw,2G,expfm_2g,explicit,20,410009600.0,1548.927001953125,395.5244140625,0.0406820103526115,0.0430286675691604,0.0604542940855026,0.0924996510148048,0.4401567876338959,13.224388122558594,1.511109709739685,0.0015897323610261
3dfjggpw,2G,expfm_2g,explicit,20,420003840.0,1552.218994140625,394.3583984375,0.0400390364229679,0.0412837825715541,0.0595193356275558,0.0937455222010612,0.4387518167495727,12.883872985839844,1.5152182579040527,0.0016768451314419
3dfjggpw,2G,expfm_2g,explicit,20,430080000.0,1566.6055908203125,395.2587890625,0.0399162173271179,0.0426701679825782,0.0616205297410488,0.0969690531492233,0.4441424310207367,13.18150520324707,1.4753997325897217,0.0017406977713108
3dfjggpw,2G,expfm_2g,explicit,20,440074240.0,1564.2562255859375,392.7197265625,0.0390392839908599,0.0407051481306552,0.0579499751329422,0.0904690474271774,0.4295361340045929,13.481537818908691,1.459551453590393,0.0017684334889054
3dfjggpw,2G,expfm_2g,explicit,20,450068480.0,1569.861328125,396.2275390625,0.0391807854175567,0.0400759354233741,0.0572583228349685,0.0892568752169609,0.4304747283458709,13.02979850769043,1.4501272439956665,0.0016585104167461
3dfjggpw,2G,expfm_2g,explicit,20,460062720.0,1566.90673828125,395.11328125,0.0426362305879592,0.0377771109342575,0.0543452203273773,0.0859577655792236,0.4284144937992096,13.614410400390623,1.4530854225158691,0.0016399137675762
3dfjggpw,2G,expfm_2g,explicit,20,470056960.0,1580.864990234375,398.771484375,0.0409348309040069,0.042233683168888,0.0602584518492221,0.0929562300443649,0.4462892711162567,13.37270736694336,1.4732446670532229,0.001564102480188
3dfjggpw,2G,expfm_2g,explicit,20,480051200.0,1587.8623046875,401.310546875,0.0425234586000442,0.0395799539983272,0.0570360198616981,0.0890696048736572,0.4414229094982147,13.301040649414062,1.488642692565918,0.0014796396717429
3dfjggpw,2G,expfm_2g,explicit,20,490045440.0,1586.037109375,397.96875,0.0388955175876617,0.0388265773653984,0.0563847869634628,0.0898533463478088,0.430250883102417,13.571760177612305,1.478778839111328,0.001541667850688
3dfjggpw,2G,expfm_2g,explicit,20,500039680.0,1590.5899658203125,400.580078125,0.0375794023275375,0.0423465259373188,0.0598007477819919,0.0915793180465698,0.4386933147907257,13.080156326293944,1.4668011665344238,0.0013913075672462
3dfjggpw,2G,expfm_2g,explicit,20,510033920.0,1605.754638671875,403.443359375,0.0369810983538627,0.0405020304024219,0.0583284571766853,0.0922446995973587,0.4415919780731201,13.539591789245604,1.451873779296875,0.0013515676837414
3dfjggpw,2G,expfm_2g,explicit,20,520028160.0,1610.1826171875,403.7548828125,0.0369844064116478,0.0405596829950809,0.0582827888429164,0.0918386131525039,0.4398265779018402,13.640717506408691,1.4654037952423096,0.0013687396422028
3dfjggpw,2G,expfm_2g,explicit,20,530022400.0,1581.2197265625,397.7119140625,0.0399148240685462,0.0409940928220748,0.0593393817543983,0.0943387374281883,0.4422797560691833,13.565921783447266,1.5004702806472778,0.0015309187583625
3dfjggpw,2G,expfm_2g,explicit,20,540016640.0,1600.3067626953125,401.2431640625,0.0380950942635536,0.0386011637747287,0.0555872321128845,0.0872160047292709,0.434717446565628,13.691051483154297,1.4828741550445557,0.0014942346606403
3dfjggpw,2G,expfm_2g,explicit,20,550010880.0,1614.9456787109375,399.80859375,0.0367756113409996,0.0376490578055381,0.0544914752244949,0.0866528749465942,0.4264171123504638,14.052031517028809,1.4401638507843018,0.0015612163115292
3dfjggpw,2G,expfm_2g,explicit,20,560005120.0,1615.171630859375,400.1669921875,0.037792295217514,0.0388388857245445,0.0562376007437706,0.0884504839777946,0.4301738739013672,14.016192436218262,1.4547836780548096,0.00152359821368
3dfjggpw,2G,expfm_2g,explicit,20,570081280.0,1612.652099609375,400.3310546875,0.0365730449557304,0.0362596213817596,0.0522362291812896,0.0820584148168563,0.4273466467857361,13.923677444458008,1.4320619106292725,0.0014847151469439
3dfjggpw,2G,expfm_2g,explicit,20,580075520.0,1611.689697265625,404.9365234375,0.0406297668814659,0.0393057130277156,0.0569266229867935,0.0908671915531158,0.4421257674694061,13.818613052368164,1.4900941848754885,0.0013052111025899
3dfjggpw,2G,expfm_2g,explicit,20,590069760.0,1634.8126220703125,407.279296875,0.0365005284547805,0.0393400713801384,0.0570316947996616,0.0901312008500099,0.4354019165039062,14.004703521728516,1.4729764461517334,0.0012923099566251
3dfjggpw,2G,expfm_2g,explicit,20,600064000.0,1624.506103515625,403.296875,0.0383499190211296,0.0393449775874614,0.0565734729170799,0.088422916829586,0.4303884506225586,13.936251640319824,1.4627702236175537,0.0013792947866022
3dfjggpw,2G,expfm_2g,explicit,20,610058240.0,1664.186767578125,412.421875,0.0345783121883869,0.0388876944780349,0.0551606863737106,0.0860498622059822,0.4264223277568817,14.150869369506836,1.4662113189697266,0.0011500214459374
3dfjggpw,2G,expfm_2g,explicit,20,620052480.0,1594.0400390625,395.3115234375,0.0370329767465591,0.0376857370138168,0.0542478337883949,0.0855879858136177,0.4291809499263763,14.169842720031738,1.405304789543152,0.0016529082786291
3dfjggpw,2G,expfm_2g,explicit,20,630046720.0,1625.57373046875,403.51171875,0.0376928709447383,0.0365177728235721,0.0531865134835243,0.0846359282732009,0.4271266460418701,14.246962547302246,1.454882025718689,0.0013656864175572
3dfjggpw,2G,expfm_2g,explicit,20,640040960.0,1673.419921875,411.8427734375,0.0341138020157814,0.0368034392595291,0.053345289081335,0.0850120484828949,0.4258027374744415,14.374256134033203,1.4221595525741575,0.0011355608003214
3dfjggpw,2G,expfm_2g,explicit,20,650035200.0,1661.0115966796875,411.0419921875,0.0358708165585994,0.0400697700679302,0.0565723925828933,0.0865905955433845,0.4288780987262726,14.269021034240724,1.4652841091156006,0.0010782954050228
3dfjggpw,2G,expfm_2g,explicit,20,660029440.0,1644.602783203125,406.6376953125,0.0349783450365066,0.0370125398039817,0.0540686249732971,0.0861401334404945,0.4331726431846618,14.405914306640623,1.420132398605347,0.001241629011929
3dfjggpw,2G,expfm_2g,explicit,20,670023680.0,1648.94287109375,410.7119140625,0.0368050523102283,0.0364670604467392,0.0528537780046463,0.08330749720335,0.4232564270496368,14.167104721069336,1.4637351036071775,0.0010956067126244
3dfjggpw,2G,expfm_2g,explicit,20,680017920.0,1662.9365234375,409.4599609375,0.0339228250086307,0.0362350642681121,0.0527487434446811,0.0839332789182663,0.4223656058311462,14.163589477539062,1.4389166831970217,0.0011666984064504
3dfjggpw,2G,expfm_2g,explicit,20,690012160.0,1635.230712890625,401.583984375,0.037502285093069,0.0370573624968528,0.054010797291994,0.0861352682113647,0.4225030243396759,14.347026824951172,1.428439378738403,0.0014786391984671
3dfjggpw,2G,expfm_2g,explicit,20,700006400.0,1648.44970703125,407.9208984375,0.0359060168266296,0.0379209667444229,0.0554591342806816,0.0892038494348526,0.4364252686500549,14.317265510559082,1.4270732402801514,0.0011796852340921
3dfjggpw,2G,expfm_2g,explicit,20,710000640.0,1642.0819091796875,403.705078125,0.03566550090909,0.0374630354344844,0.0534337386488914,0.0841366201639175,0.4306262135505676,14.152483940124512,1.421041488647461,0.0013020932674407
3dfjggpw,2G,expfm_2g,explicit,20,720076800.0,1660.06787109375,408.427734375,0.0356218069791793,0.0377418510615825,0.0540403425693511,0.0858095288276672,0.4318075776100158,14.650136947631836,1.439312219619751,0.0011737188324332
3dfjggpw,2G,expfm_2g,explicit,20,730071040.0,1646.9351806640625,405.60546875,0.0344310514628887,0.0367240346968174,0.0536863058805465,0.0852787420153617,0.4280718266963959,14.282793045043944,1.441307783126831,0.0012563426280394
3dfjggpw,2G,expfm_2g,explicit,20,740065280.0,1662.217041015625,408.681640625,0.0363532230257988,0.0367404073476791,0.0536732524633407,0.0857678949832916,0.4302586913108825,14.478694915771484,1.4322748184204102,0.0012670955620706
3dfjggpw,2G,expfm_2g,explicit,20,750059520.0,1648.22021484375,408.2568359375,0.0362507663667202,0.0384880229830741,0.0559101626276969,0.0892810374498367,0.4309043884277344,14.476274490356444,1.4682016372680664,0.0012366513255983
3dfjggpw,2G,expfm_2g,explicit,20,760053760.0,1666.234375,411.8466796875,0.0380097925662994,0.0371088050305843,0.0538955479860305,0.0854424238204956,0.4300349056720733,14.489620208740234,1.441921949386597,0.0010486706160008
3dfjggpw,2G,expfm_2g,explicit,20,770048000.0,1639.31982421875,402.7060546875,0.0359158664941787,0.0363292843103408,0.0528882890939712,0.0845370516180992,0.42315474152565,14.483247756958008,1.4230074882507324,0.0014125941088423
3dfjggpw,2G,expfm_2g,explicit,20,780042240.0,1692.4371337890625,415.91796875,0.0327804237604141,0.0362700670957565,0.0526116266846656,0.0827737003564834,0.4223701655864715,14.448692321777344,1.4191590547561646,0.0009735199273563
3dfjggpw,2G,expfm_2g,explicit,20,790036480.0,1697.1624755859375,414.650390625,0.0324062593281269,0.0351598635315895,0.0516924187541008,0.0828313156962394,0.4184383153915405,14.56857681274414,1.419277310371399,0.0009684071410447
3dfjggpw,2G,expfm_2g,explicit,20,800030720.0,1697.15869140625,414.517578125,0.0336318686604499,0.0368552580475807,0.0537641942501068,0.0848221033811569,0.4190082550048828,14.35878562927246,1.4098697900772097,0.0010085157118737
3dfjggpw,2G,expfm_2g,explicit,20,810024960.0,1681.190185546875,411.54296875,0.0346644669771194,0.037497017532587,0.0553651601076126,0.0893116444349289,0.4177975356578827,14.786828994750977,1.430405616760254,0.0010550678707659
3dfjggpw,2G,expfm_2g,explicit,20,820019200.0,1687.258544921875,417.080078125,0.0348262898623943,0.0358070582151412,0.0528254099190235,0.0847607851028442,0.4284822642803192,14.58786392211914,1.4847474098205566,0.0009307803120464
3dfjggpw,2G,expfm_2g,explicit,20,830013440.0,1688.1181640625,414.263671875,0.033229786902666,0.0543102994561195,0.072811834514141,0.1053243428468704,0.43336221575737,14.417888641357422,1.4619132280349731,0.0009673272143118
3dfjggpw,2G,expfm_2g,explicit,20,840007680.0,1708.789794921875,417.0009765625,0.032248880714178,0.0352942198514938,0.0517864190042018,0.0829835310578346,0.431563138961792,14.645843505859377,1.4345084428787231,0.0009696079650893
3dfjggpw,2G,expfm_2g,explicit,20,850001920.0,1681.483154296875,412.3037109375,0.0340571552515029,0.0371559783816337,0.0530238151550293,0.0835529416799545,0.4301332235336303,15.05780792236328,1.4338726997375488,0.0010223574936389
3dfjggpw,2G,expfm_2g,explicit,20,860078080.0,1691.349609375,413.7470703125,0.03351366892457,0.0355734452605247,0.052339494228363,0.0842567980289459,0.4279774129390716,14.95976734161377,1.429112434387207,0.0010254118824377
3dfjggpw,2G,expfm_2g,explicit,20,870072320.0,1685.581787109375,413.6669921875,0.0341556146740913,0.0359278880059719,0.051740325987339,0.0812258645892143,0.4279636144638061,14.939811706542969,1.42810320854187,0.0010523279197514
3dfjggpw,2G,expfm_2g,explicit,20,880066560.0,1710.669677734375,421.400390625,0.0315483435988426,0.035967506468296,0.0532878637313842,0.0859322249889373,0.4240394830703735,14.993067741394045,1.4304323196411133,0.0008212632965296
3dfjggpw,2G,expfm_2g,explicit,20,890060800.0,1716.344482421875,419.32421875,0.0317253321409225,0.0350427329540252,0.0510751903057098,0.081970028579235,0.4265584945678711,14.591989517211914,1.4191124439239502,0.0008832648745737
3dfjggpw,2G,expfm_2g,explicit,20,900055040.0,1662.277099609375,406.09765625,0.037395641207695,0.0360791347920894,0.0533144921064376,0.0863013342022895,0.4245531260967254,14.97613525390625,1.4127638339996338,0.0012231415603309
3dfjggpw,2G,expfm_2g,explicit,20,910049280.0,1670.4666748046875,405.8408203125,0.0362631268799304,0.0380522832274436,0.0549551919102668,0.0877277627587318,0.423578679561615,14.617313385009766,1.4168691635131836,0.001370437676087
3dfjggpw,2G,expfm_2g,explicit,20,920043520.0,1696.957763671875,410.9365234375,0.0336989611387252,0.0356444418430328,0.0525484457612037,0.0844000279903411,0.4264581501483917,14.673760414123535,1.41420578956604,0.0010886422824114
3dfjggpw,2G,expfm_2g,explicit,20,930037760.0,1686.4619140625,410.1005859375,0.0369182974100112,0.0353436805307865,0.0513650439679622,0.0810034126043319,0.4282233715057373,14.827896118164062,1.4314711093902588,0.0011861084494739
3dfjggpw,2G,expfm_2g,explicit,20,940032000.0,1673.57373046875,412.5478515625,0.0364971086382865,0.035673800855875,0.0517314299941062,0.0821656435728073,0.4231236577033996,14.972309112548828,1.4517766237258911,0.0010468653636053
3dfjggpw,2G,expfm_2g,explicit,20,950026240.0,1697.09716796875,417.0654296875,0.0440337397158145,0.0362666100263595,0.0531478449702262,0.0852195248007774,0.4281647801399231,15.072405815124512,1.438004970550537,0.0009313882328569
3dfjggpw,2G,expfm_2g,explicit,20,960020480.0,1700.5693359375,416.353515625,0.0311852898448705,0.0340433269739151,0.0498999282717704,0.0801621973514556,0.4214308559894562,14.952333450317385,1.413527250289917,0.0009417895926162
3dfjggpw,2G,expfm_2g,explicit,20,970014720.0,1711.888916015625,416.771484375,0.0341643430292606,0.0338970646262168,0.0496932193636894,0.0794059783220291,0.418163388967514,15.281593322753906,1.412491798400879,0.0008824518881738
3dfjggpw,2G,expfm_2g,explicit,20,980008960.0,1704.998779296875,414.7900390625,0.0362440980970859,0.0344421565532684,0.0503468997776508,0.0803345218300819,0.4193864166736603,14.862525939941406,1.4150595664978027,0.0010122354142367
3dfjggpw,2G,expfm_2g,explicit,20,990003200.0,1737.0386962890625,421.6650390625,0.0314809903502464,0.0355076007544994,0.051392275840044,0.0823876112699508,0.4227771759033203,14.924077987670898,1.405625820159912,0.0007765244808979
3dfjggpw,2G,expfm_2g,explicit,20,1000079360.0,1688.168701171875,409.7158203125,0.0331750512123107,0.0340519770979881,0.0499768555164337,0.080589011311531,0.4182374477386474,15.030925750732422,1.396202564239502,0.0011588439811021
3dfjggpw,2G,expfm_2g,explicit,20,1010073600.0,1705.985595703125,413.01171875,0.0421712510287761,0.0348033122718334,0.0503703132271766,0.0794843286275863,0.4229618012905121,14.932418823242188,1.4125018119812012,0.0010049914708361
3dfjggpw,2G,expfm_2g,explicit,20,1020067840.0,1726.46533203125,421.0068359375,0.0317973494529724,0.0361191853880882,0.0525254905223846,0.0826325714588165,0.4212754964828491,15.078033447265623,1.427882194519043,0.0007737601408734
3dfjggpw,2G,expfm_2g,explicit,20,1030062080.0,1732.15576171875,420.8056640625,0.0316161066293716,0.0348369628190994,0.0507203750312328,0.0815646350383758,0.4201492965221405,15.660459518432615,1.420684814453125,0.0007895351154729
3dfjggpw,2G,expfm_2g,explicit,20,1040056320.0,1719.39990234375,416.9765625,0.0313876196742057,0.045606330037117,0.0627194344997406,0.0929895862936973,0.4204047918319702,14.974082946777344,1.397893309593201,0.0008921901462599
3dfjggpw,2G,expfm_2g,explicit,20,1050050560.0,1700.1407470703125,413.1943359375,0.033802293241024,0.035037662833929,0.0520332902669906,0.083999678492546,0.4281100630760193,15.006494522094728,1.4157170057296753,0.0010493852896615
3dfjggpw,2G,expfm_2g,explicit,20,1060044800.0,1710.6202392578125,417.1796875,0.0340721309185028,0.0346838273108005,0.0506844781339168,0.0815375968813896,0.4241930246353149,15.052899360656738,1.425205945968628,0.0009371662163175
3dfjggpw,2G,expfm_2g,explicit,20,1070039040.0,1717.93115234375,415.755859375,0.0323277190327644,0.0345113053917884,0.0510351471602916,0.0819683745503425,0.4259272217750549,14.920902252197266,1.406496524810791,0.0009623676887713
3dfjggpw,2G,expfm_2g,explicit,20,1080033280.0,1732.75439453125,420.9521484375,0.0313877500593662,0.0328091233968734,0.0485870763659477,0.0782747268676757,0.4213752746582031,15.282793045043944,1.4123977422714231,0.0007965476252138
3dfjggpw,2G,expfm_2g,explicit,20,1090027520.0,1692.84228515625,411.79296875,0.0333000682294368,0.037417784333229,0.0543090030550956,0.0870234221220016,0.4278356730937958,15.18602466583252,1.414194107055664,0.0010459434706717
3dfjggpw,2G,expfm_2g,explicit,20,1100021760.0,1691.343505859375,410.634765625,0.0382276996970176,0.0331660881638526,0.0488258488476276,0.0793673992156982,0.423320323228836,15.208635330200195,1.4278693199157717,0.0011191254016011
3dfjggpw,2G,expfm_2g,explicit,20,1110016000.0,1700.496337890625,409.7421875,0.0339145101606845,0.0334879904985427,0.0494048297405242,0.0793339237570762,0.4249742925167084,14.842854499816896,1.3958706855773926,0.0011494965292513
3dfjggpw,2G,expfm_2g,explicit,20,1120010240.0,1716.5687255859375,415.966796875,0.0324395559728145,0.0343182310461998,0.0497373640537261,0.078783169388771,0.4212099909782409,14.98554229736328,1.413801193237305,0.000933097442612
3dfjggpw,2G,expfm_2g,explicit,20,1130004480.0,1699.524169921875,411.0908203125,0.0333613902330398,0.0351780205965042,0.0513903126120567,0.0821661502122879,0.4255149364471435,14.85008716583252,1.4094127416610718,0.0011178918648511
3dfjggpw,2G,expfm_2g,explicit,20,1140080640.0,1731.235107421875,418.98828125,0.0319399461150169,0.0344635620713233,0.0503662005066871,0.0818307399749755,0.4238319396972656,15.06016445159912,1.4207465648651123,0.0008369968272745
3dfjggpw,2G,expfm_2g,explicit,20,1150074880.0,1731.06494140625,417.01953125,0.0322299301624298,0.0345073454082012,0.050056867301464,0.0803033038973808,0.4239832162857055,15.001848220825195,1.392581820487976,0.0009734397171996
3dfjggpw,2G,expfm_2g,explicit,20,1160069120.0,1722.576171875,417.71484375,0.0328003093600273,0.0351128727197647,0.0504725947976112,0.0804273635149002,0.4245557188987732,15.26979160308838,1.4184622764587402,0.0008956394158303
3dfjggpw,2G,expfm_2g,explicit,20,1170063360.0,1731.825927734375,418.0302734375,0.0357009470462799,0.0338781960308551,0.0499624162912368,0.0808472782373428,0.4290064871311188,14.875391006469728,1.4244966506958008,0.0008735067676752
3dfjggpw,2G,expfm_2g,explicit,20,1180057600.0,1730.8599853515625,419.169921875,0.0307469218969345,0.0343523360788822,0.0501691736280918,0.0808875113725662,0.4242244958877563,14.865585327148438,1.3721884489059448,0.0008166870102286
3dfjggpw,2G,expfm_2g,explicit,20,1190051840.0,1703.291748046875,408.9130859375,0.0325801521539688,0.0325049273669719,0.0478340983390808,0.0776181668043136,0.4187918603420257,15.63987922668457,1.372678279876709,0.0011928807944059
3dfjggpw,2G,expfm_2g,explicit,20,1200046080.0,1745.2578125,422.126953125,0.0299268942326307,0.0332725718617439,0.0488381274044513,0.0778417959809303,0.4267303049564361,15.330803871154783,1.4052560329437256,0.0007659075199626
3dfjggpw,2G,expfm_2g,explicit,20,1210040320.0,1744.090576171875,421.2666015625,0.0285212211310863,0.0326699316501617,0.0472111292183399,0.0752502903342247,0.4171856343746185,15.499208450317385,1.3928329944610596,0.0007845587097108
3dfjggpw,2G,expfm_2g,explicit,20,1220034560.0,1703.88720703125,416.5595703125,0.0351417288184165,0.0320900194346904,0.0465207435190677,0.0737025216221809,0.4118294417858124,15.57547092437744,1.4309210777282717,0.0009257362107746
3dfjggpw,2G,expfm_2g,explicit,20,1230028800.0,1734.07080078125,421.48046875,0.030150044709444,0.0328852087259292,0.0475563555955886,0.0756275206804275,0.4156544804573059,15.361566543579102,1.4201680421829224,0.0007156702922657
3dfjggpw,2G,expfm_2g,explicit,20,1240023040.0,1701.8038330078125,414.07421875,0.0354404114186763,0.0325841903686523,0.0478613637387752,0.0775311887264251,0.4223015904426574,15.309144020080566,1.4280891418457031,0.0009366822778247
3dfjggpw,2G,expfm_2g,explicit,20,1250017280.0,1761.127685546875,424.869140625,0.028876207768917,0.031823806464672,0.0467067956924438,0.075265496969223,0.4181009531021118,15.061644554138184,1.37908935546875,0.000656193238683
3dfjggpw,2G,expfm_2g,explicit,20,1260011520.0,1747.0531005859375,420.431640625,0.0320631526410579,0.0314548090100288,0.0462061464786529,0.0744614452123642,0.418050080537796,15.320619583129885,1.387998104095459,0.0007850366528145
3dfjggpw,2G,expfm_2g,explicit,20,1270005760.0,1723.410888671875,413.3203125,0.0325680300593376,0.031949907541275,0.0466744564473629,0.0753948241472244,0.4201831221580505,15.302691459655762,1.3916162252426147,0.0010895424056798
3dfjggpw,2G,expfm_2g,explicit,20,1280000000.0,1699.15625,411.07421875,0.0499406307935714,0.032990887761116,0.0481545068323612,0.0776184499263763,0.4226611256599426,15.191360473632812,1.3938188552856443,0.0011024344712495
3dfjggpw,2G,expfm_2g,explicit,20,1290076160.0,1718.67529296875,413.556640625,0.0325940921902656,0.0331324562430381,0.0487027168273925,0.0776098668575286,0.4193043112754822,15.541534423828123,1.3926990032196045,0.0010593223851174
3dfjggpw,2G,expfm_2g,explicit,20,1300070400.0,1737.5419921875,418.8671875,0.0309924539178609,0.0323804393410682,0.0476153939962387,0.0770895481109619,0.4204282164573669,15.636018753051758,1.3748700618743896,0.0008549187332391
3dfjggpw,2G,expfm_2g,explicit,20,1310064640.0,1719.1044921875,414.642578125,0.0323364585638046,0.03408894687891,0.0499381460249424,0.0803768783807754,0.4229018688201904,15.206366539001465,1.3940380811691284,0.0009630605345591
3dfjggpw,2G,expfm_2g,explicit,20,1320058880.0,1749.1640625,419.6220703125,0.0327713526785373,0.0337714254856109,0.0487715676426887,0.0770773887634277,0.4232053160667419,15.028934478759766,1.3711779117584229,0.000798006192781
3dfjggpw,2G,expfm_2g,explicit,20,1330053120.0,1737.5654296875,416.671875,0.0294617936015129,0.0310970470309257,0.0453713573515415,0.0717456936836242,0.4241913259029388,15.097731590270996,1.369462490081787,0.0009206447284668
3dfjggpw,2G,expfm_2g,explicit,20,1340047360.0,1756.844970703125,421.87890625,0.0309077929705381,0.0325144678354263,0.0483046174049377,0.0780022293329238,0.4226914346218109,15.54718780517578,1.3982436656951904,0.0008259988389909
3dfjggpw,2G,expfm_2g,explicit,20,1350041600.0,1729.870361328125,417.763671875,0.0326279252767562,0.0320142470300197,0.0476443022489547,0.077798455953598,0.421238511800766,15.483301162719728,1.4015944004058838,0.0009315835195593
3dfjggpw,2G,expfm_2g,explicit,20,1360035840.0,1730.8447265625,418.1494140625,0.0306969191879034,0.0360731407999992,0.0520550906658172,0.0827140212059021,0.4244322478771209,15.160991668701172,1.4053789377212524,0.0008749029366299
3dfjggpw,2G,expfm_2g,explicit,20,1370030080.0,1748.3760986328125,421.8720703125,0.0310481954365968,0.0334857925772666,0.0489890649914741,0.0794940963387489,0.4150474965572357,15.572046279907228,1.3864960670471191,0.00075486197602
3dfjggpw,2G,expfm_2g,explicit,20,1380024320.0,1752.6141357421875,420.5458984375,0.0312425978481769,0.0321470648050308,0.0471908152103424,0.0766546428203582,0.4196143448352813,15.249149322509766,1.3969011306762695,0.0008436844800598
3dfjggpw,2G,expfm_2g,explicit,20,1390018560.0,1718.8236083984375,414.365234375,0.031997300684452,0.0319193862378597,0.0469913780689239,0.0760802775621414,0.4277583658695221,15.610254287719728,1.3969411849975586,0.0010364188347011
3dfjggpw,2G,expfm_2g,explicit,20,1400012800.0,1737.268310546875,418.173828125,0.0307244956493377,0.0312969498336315,0.0457918867468833,0.0736133307218551,0.422482430934906,15.686431884765623,1.3964948654174805,0.0009200796484947
3dfjggpw,2G,expfm_2g,explicit,20,1410007040.0,1743.14990234375,420.998046875,0.0312501974403858,0.0322650931775569,0.0471109747886657,0.0755725726485252,0.4186299741268158,15.27287483215332,1.3822740316390991,0.0007377156289294
3dfjggpw,2G,expfm_2g,explicit,20,1420001280.0,1769.067138671875,425.2255859375,0.0311883315443992,0.0311440899968147,0.045975849032402,0.0743507295846939,0.422586441040039,15.506234169006348,1.3780659437179563,0.0007014322327449
3dfjggpw,2G,expfm_2g,explicit,20,1430077440.0,1754.9833984375,421.3017578125,0.0302623063325881,0.0316180363297462,0.0465058013796806,0.074795626103878,0.4150043725967407,15.40183448791504,1.3859422206878662,0.000788846053183
3dfjggpw,2G,expfm_2g,explicit,20,1440071680.0,1765.3057861328125,421.396484375,0.0316700637340545,0.0315262898802757,0.046710405498743,0.0755642727017402,0.4148384034633636,15.335965156555176,1.365764617919922,0.0007427039090543
3dfjggpw,2G,expfm_2g,explicit,20,1450065920.0,1752.408447265625,422.5927734375,0.0288569256663322,0.0392462946474552,0.0548195987939834,0.0834525972604751,0.419630616903305,15.252102851867676,1.384969711303711,0.0007452271529473
3dfjggpw,2G,expfm_2g,explicit,20,1460060160.0,1757.380615234375,420.5654296875,0.0297176875174045,0.0332814715802669,0.0482898503541946,0.0772358328104019,0.4219448864459991,15.658809661865234,1.3562216758728027,0.0007792880060151
3dfjggpw,2G,expfm_2g,explicit,20,1470054400.0,1727.298095703125,416.5361328125,0.0468041822314262,0.0312948897480964,0.0457187257707119,0.0740653797984123,0.417656809091568,15.58867073059082,1.3944692611694336,0.000858073006384
3dfjggpw,2G,expfm_2g,explicit,20,1480048640.0,1745.1326904296875,420.5380859375,0.0304705072194337,0.0316769555211067,0.0465432032942771,0.0751290619373321,0.4207409918308258,15.732498168945312,1.3997137546539309,0.000792441307567
3dfjggpw,2G,expfm_2g,explicit,20,1490042880.0,1761.502197265625,424.1474609375,0.0300706382840871,0.031719259917736,0.0463571548461914,0.0749240219593048,0.4234274923801422,15.790027618408203,1.348794937133789,0.0007257665274664
3dfjggpw,2G,expfm_2g,explicit,20,1500037120.0,1731.888427734375,415.234375,0.0310615357011556,0.0315060541033744,0.0472379848361015,0.0777347236871719,0.4182360768318176,15.56694221496582,1.3916105031967163,0.0009837296092882
3dfjggpw,2G,expfm_2g,explicit,20,1510031360.0,1741.3253173828125,415.736328125,0.0299470275640487,0.0317994020879268,0.0468830987811088,0.0760874152183532,0.4215867519378662,15.34642219543457,1.3721188306808472,0.0009344446007162
3dfjggpw,2G,expfm_2g,explicit,20,1520025600.0,1765.6776123046875,421.9658203125,0.0295121632516384,0.032214168459177,0.0471242517232894,0.0751513019204139,0.4191102385520935,15.203329086303713,1.3594826459884644,0.0007283138111233
3dfjggpw,2G,expfm_2g,explicit,20,1530019840.0,1765.10107421875,422.6953125,0.0293588824570179,0.0311308931559324,0.0459221303462982,0.0744431018829345,0.416777491569519,15.493988037109377,1.3745702505111694,0.000723481120076
3dfjggpw,2G,expfm_2g,explicit,20,1540014080.0,1757.250244140625,420.078125,0.029717843979597,0.0322931632399559,0.0478003323078155,0.0778223425149917,0.4146166741847992,15.46779441833496,1.3785263299942017,0.0008583116577938
3dfjggpw,2G,expfm_2g,explicit,20,1550008320.0,1750.09326171875,417.6650390625,0.0318905785679817,0.0308110490441322,0.0455971509218215,0.0745248720049858,0.4153415858745575,16.02606964111328,1.385488510131836,0.0009895567782223
3dfjggpw,2G,expfm_2g,explicit,20,1560002560.0,1758.0145263671875,421.85546875,0.0315692313015461,0.0333653017878532,0.0493677258491516,0.0801495164632797,0.4255171418190002,15.243444442749023,1.402740478515625,0.000790977734141
3dfjggpw,2G,expfm_2g,explicit,20,1570078720.0,1748.7607421875,418.716796875,0.0303903445601463,0.0306795928627252,0.0452823936939239,0.0740441605448722,0.4161508977413177,15.656194686889648,1.385118007659912,0.0008416655473411
3dfjggpw,2G,expfm_2g,explicit,20,1580072960.0,1773.6326904296875,422.98828125,0.0271148197352886,0.0306525100022554,0.0455177947878837,0.07443667948246,0.4122678637504577,15.358388900756836,1.344031572341919,0.0007139394292607
3dfjggpw,2G,expfm_2g,explicit,20,1590067200.0,1747.680419921875,419.93359375,0.0313086174428463,0.0314916260540485,0.0461134389042854,0.0743507072329521,0.4079841673374176,15.838215827941896,1.3960388898849487,0.0008158566779457
3dfjggpw,2G,expfm_2g,explicit,20,1600061440.0,1727.132568359375,414.873046875,0.0354695618152618,0.0319162271916866,0.0473209023475647,0.0765646994113922,0.4178750813007355,15.186671257019045,1.4009182453155518,0.000965793908108
3dfjggpw,2G,expfm_2g,explicit,20,1610055680.0,1739.5462646484375,416.150390625,0.0312771275639534,0.0326954051852226,0.0477825105190277,0.0772368982434272,0.418101042509079,15.543728828430176,1.379518747329712,0.000949443434365
3dfjggpw,2G,expfm_2g,explicit,20,1620049920.0,1773.093505859375,424.02734375,0.0291546769440174,0.0314945876598358,0.0468525290489196,0.0761051326990127,0.4203376770019531,15.282533645629885,1.3801698684692385,0.0006835602107457
3dfjggpw,2G,expfm_2g,explicit,20,1630044160.0,1722.17431640625,416.2236328125,0.0315712168812751,0.0324232168495655,0.0482615008950233,0.0786340534687042,0.4229812026023865,15.471832275390623,1.4266788959503174,0.0009635133319534
3dfjggpw,2G,expfm_2g,explicit,20,1640038400.0,1773.11669921875,423.953125,0.0296222381293773,0.0313164554536342,0.0465224832296371,0.075976014137268,0.4204827845096588,15.619595527648926,1.3669885396957395,0.0006895640399307
3dfjggpw,2G,expfm_2g,explicit,20,1650032640.0,1777.41162109375,424.2275390625,0.0289956480264663,0.0301961079239845,0.0439581573009491,0.0701794177293777,0.4210489094257355,15.828912734985352,1.380763053894043,0.0007424129871651
3dfjggpw,2G,expfm_2g,explicit,20,1660026880.0,1754.1676025390625,418.3203125,0.0280689522624015,0.0318966209888458,0.0472740828990936,0.0761403292417526,0.4296693205833435,15.306255340576172,1.3403971195220947,0.0008481394615955
3dfjggpw,2G,expfm_2g,explicit,20,1670021120.0,1762.105712890625,419.9150390625,0.0297855734825134,0.033813327550888,0.0489123836159706,0.0777554810047149,0.4215699136257171,15.680923461914062,1.375014305114746,0.0008435307536274
3dfjggpw,2G,expfm_2g,explicit,20,1680015360.0,1767.70068359375,421.6455078125,0.0280316714197397,0.0306146331131458,0.0455289781093597,0.0742760300636291,0.4214289784431457,15.445356369018556,1.357683181762695,0.0007514372118748
3dfjggpw,2G,expfm_2g,explicit,20,1690009600.0,1765.3486328125,422.693359375,0.0288405716419219,0.0311801806092262,0.0465281456708908,0.0767610445618629,0.4156096577644348,15.553304672241213,1.3742984533309937,0.0007441762718372
3dfjggpw,2G,expfm_2g,explicit,20,1700003840.0,1759.9207763671875,418.796875,0.0284950509667396,0.0307298693805933,0.0456597879528999,0.0736005455255508,0.4142418801784515,15.661052703857422,1.359412670135498,0.0008781346259638
3dfjggpw,2G,expfm_2g,explicit,20,1710080000.0,1772.814697265625,425.03125,0.0290478225797414,0.0296206157654523,0.0433241575956344,0.0698929876089096,0.415447324514389,15.36023998260498,1.3434391021728516,0.0006782689597457
3dfjggpw,2G,expfm_2g,explicit,20,1720074240.0,1773.914794921875,424.25,0.0282942429184913,0.0312074944376945,0.0464829578995704,0.0759806260466575,0.4124597311019897,15.832963943481444,1.3728972673416138,0.0006940946332179
3dfjggpw,2G,expfm_2g,explicit,20,1730068480.0,1766.486083984375,420.4794921875,0.0269119516015052,0.0314960516989231,0.0454862117767334,0.0731187313795089,0.4136772751808166,15.889216423034668,1.3514184951782229,0.0007844287902116
3dfjggpw,2G,expfm_2g,explicit,20,1740062720.0,1750.392822265625,415.3056640625,0.0295391790568828,0.0306523703038692,0.0444957017898559,0.0713070258498191,0.4159956276416778,15.62602424621582,1.3651390075683594,0.0009514591656625
3dfjggpw,2G,expfm_2g,explicit,20,1750056960.0,1788.0445556640625,427.5458984375,0.0280640088021755,0.0315502844750881,0.0462123081088066,0.0743969529867172,0.4135944545269012,15.78495979309082,1.393601417541504,0.0005819696816615
3dfjggpw,2G,expfm_2g,explicit,20,1760051200.0,1752.883056640625,417.642578125,0.0302010979503393,0.0342254899442195,0.0491242371499538,0.0782136917114257,0.4125787317752838,15.868165016174316,1.3590394258499146,0.0009240037179552
3dfjggpw,2G,expfm_2g,explicit,20,1770045440.0,1755.6370849609375,417.90234375,0.0310307815670967,0.0293739773333072,0.0433820076286792,0.0705554783344268,0.4086608290672302,16.016630172729492,1.3751670122146606,0.0009061250602826
3dfjggpw,2G,expfm_2g,explicit,20,1780039680.0,1762.69287109375,420.7568359375,0.0281711295247077,0.0299356877803802,0.0442087724804878,0.0714144110679626,0.412249207496643,15.45815658569336,1.3421146869659424,0.0007609561434946
3dfjggpw,2G,expfm_2g,explicit,20,1790033920.0,1785.135498046875,423.9580078125,0.0277703925967216,0.032644510269165,0.047520887106657,0.0755165964365005,0.4153093993663788,15.675318717956545,1.3524430990219116,0.0007231244817376
3dfjggpw,2G,expfm_2g,explicit,20,1800028160.0,1786.06494140625,425.7060546875,0.0277890395373106,0.0315643772482872,0.045981727540493,0.0737845450639724,0.4114863276481628,16.014320373535156,1.3651769161224363,0.0005921096308156
3dfjggpw,2G,expfm_2g,explicit,20,1810022400.0,1790.687744140625,427.68359375,0.0282483398914337,0.0317568778991699,0.045852392911911,0.073353074491024,0.4108480513095855,15.656848907470703,1.37761390209198,0.0005730275297537
3dfjggpw,2G,expfm_2g,explicit,20,1820016640.0,1767.631591796875,420.4287109375,0.030354805290699,0.0325146168470382,0.0473555848002433,0.0752171277999877,0.4163029789924621,15.69158172607422,1.366995096206665,0.0008063131244853
3dfjggpw,2G,expfm_2g,explicit,20,1830010880.0,1785.638916015625,424.798828125,0.0284945368766784,0.0325198583304882,0.0463302806019783,0.0727382451295852,0.4100715517997741,15.601295471191406,1.3580734729766846,0.0006354188080877
3dfjggpw,2G,expfm_2g,explicit,20,1840005120.0,1786.6593017578125,425.0234375,0.0281793363392353,0.0309258382767438,0.0458685681223869,0.0752157419919967,0.4266552329063415,15.363264083862305,1.3681609630584717,0.0007038167095743
3dfjggpw,2G,expfm_2g,explicit,20,1850081280.0,1775.9544677734375,423.0791015625,0.0288343913853168,0.0306309983134269,0.045689158141613,0.0749285072088241,0.4156063795089721,15.597912788391112,1.3688454627990725,0.0007848002132959
3dfjggpw,2G,expfm_2g,explicit,20,1860075520.0,1767.5399169921875,421.7412109375,0.0292959734797477,0.0366773456335067,0.0522102564573287,0.0819335579872131,0.415693998336792,15.320972442626951,1.354798436164856,0.0007699818816035
3dfjggpw,2G,expfm_2g,explicit,20,1870069760.0,1785.027587890625,424.4423828125,0.0280463770031929,0.03025658801198,0.0442442744970321,0.0717425569891929,0.4134820699691772,15.589943885803224,1.368181228637695,0.0007648115861229
3dfjggpw,2G,expfm_2g,explicit,20,1880064000.0,1782.8016357421875,424.3427734375,0.0275685675442218,0.0306930840015411,0.0451370663940906,0.0724298506975174,0.4163064360618591,15.76976203918457,1.3802769184112549,0.0006916872225701
3dfjggpw,2G,expfm_2g,explicit,20,1890058240.0,1773.404541015625,422.6533203125,0.0293567087501287,0.0309401508420705,0.0460323765873909,0.0750723406672477,0.4171319305896759,15.595696449279783,1.381432294845581,0.0007316565024666
3dfjggpw,2G,expfm_2g,explicit,20,1900052480.0,1756.218505859375,418.8466796875,0.0288418568670749,0.0309368297457695,0.0454722680151462,0.0724639371037483,0.4217273294925689,15.640026092529297,1.35927414894104,0.0008359014755114
3dfjggpw,2G,expfm_2g,explicit,20,1910046720.0,1781.964599609375,426.8046875,0.0295958444476127,0.0302981510758399,0.045073926448822,0.0740331262350082,0.4207540452480316,16.04587173461914,1.3985555171966553,0.0007176023209467
3dfjggpw,2G,expfm_2g,explicit,20,1920040960.0,1783.7694091796875,422.57421875,0.0277067497372627,0.0310890488326549,0.045684952288866,0.07397922873497,0.4145199358463287,15.70289421081543,1.355798363685608,0.000735746580176
3dfjggpw,2G,expfm_2g,explicit,20,1930035200.0,1776.5028076171875,422.734375,0.0307434350252151,0.0307045560330152,0.0452869981527328,0.0736595913767814,0.4170317053794861,15.670063972473145,1.3723081350326538,0.0007240929407998
3dfjggpw,2G,expfm_2g,explicit,20,1940029440.0,1773.8095703125,422.2255859375,0.0303588919341564,0.0297682806849479,0.0441432297229766,0.071721151471138,0.4136621952056885,16.141237258911133,1.3881568908691406,0.0007564494153484
3dfjggpw,2G,expfm_2g,explicit,20,1950023680.0,1762.296875,421.6171875,0.0293480474501848,0.0302324034273624,0.0446828790009021,0.0722683668136596,0.4114623069763183,15.76774787902832,1.3823730945587158,0.0007783565670251
3dfjggpw,2G,expfm_2g,explicit,20,1960017920.0,1771.957275390625,421.740234375,0.0274221748113632,0.0296812634915113,0.0436857119202613,0.0704007968306541,0.4084336459636688,15.376727104187012,1.3526403903961182,0.0007283450104296
3dfjggpw,2G,expfm_2g,explicit,20,1970012160.0,1746.62158203125,418.15625,0.0299295224249362,0.0302240867167711,0.0444431155920028,0.0720486044883728,0.4078196585178375,15.59527587890625,1.3779404163360596,0.0009269269648939
3dfjggpw,2G,expfm_2g,explicit,20,1980006400.0,1786.615234375,424.9677734375,0.0271993111819028,0.0297558084130287,0.0439857840538024,0.0718215927481651,0.4087504744529724,16.00797462463379,1.3721275329589844,0.000662007194478
3dfjggpw,2G,expfm_2g,explicit,20,1990000640.0,1770.31787109375,419.73828125,0.0273262802511453,0.0303177256137132,0.0442667677998542,0.0706330761313438,0.4173044860363006,15.577422142028809,1.3616713285446167,0.0008621732122264
3dfjggpw,2G,expfm_2g,explicit,20,2000076800.0,1787.3807373046875,424.0537109375,0.0279706232249736,0.0299245417118072,0.0443780943751335,0.0721592456102371,0.415783017873764,15.571889877319336,1.3592510223388672,0.0007369107916019
7wpzx8cl,2G,expfm_2g,explicit,50,10076160.0,558.5257568359375,221.865234375,0.1014711111783981,0.0805940926074981,0.1097888648509979,0.1789457648992538,0.6119042634963989,6.595791816711426,2.7315587997436523,0.0111404359340667
7wpzx8cl,2G,expfm_2g,explicit,50,20070400.0,609.73681640625,227.1474609375,0.1046026498079299,0.0933510959148407,0.1385225355625152,0.2127914726734161,0.5908873677253723,6.76131010055542,2.425373077392578,0.0096793118864297
7wpzx8cl,2G,expfm_2g,explicit,50,30064640.0,692.56005859375,250.828125,0.0975196212530136,0.1063069030642509,0.1448876857757568,0.1972528100013733,0.5536642670631409,6.550403594970703,2.411975860595703,0.0080694546923041
7wpzx8cl,2G,expfm_2g,explicit,50,40058880.0,736.745361328125,256.18359375,0.0848883390426635,0.0935448408126831,0.12796650826931,0.1751565039157867,0.5159043073654175,7.4568986892700195,2.2218446731567383,0.0076232110150158
7wpzx8cl,2G,expfm_2g,explicit,50,50053120.0,776.1829833984375,261.130859375,0.0833986699581146,0.0861698016524314,0.1199322715401649,0.1658245772123336,0.4999657571315765,7.591297149658203,2.1595425605773926,0.0067860269919037
7wpzx8cl,2G,expfm_2g,explicit,50,60047360.0,818.2503662109375,269.46875,0.0751336067914962,0.0785264745354652,0.1113175451755523,0.155342161655426,0.4968098104000091,8.122672080993652,2.129906177520752,0.0067100878804922
7wpzx8cl,2G,expfm_2g,explicit,50,70041600.0,823.6370849609375,268.458984375,0.0766629353165626,0.0706169009208679,0.1022907942533493,0.1461092829704284,0.4865154027938843,8.278179168701172,2.134517908096313,0.0061768302693963
7wpzx8cl,2G,expfm_2g,explicit,50,80035840.0,859.2811279296875,276.630859375,0.0760308653116226,0.0721723958849906,0.1064194068312645,0.1538719087839126,0.4868757426738739,7.921481609344482,2.097982168197632,0.005905068013817
7wpzx8cl,2G,expfm_2g,explicit,50,90030080.0,854.7398071289062,273.9404296875,0.0713454484939575,0.0642889142036438,0.0980175510048866,0.1442603170871734,0.479938805103302,9.026725769042969,1.9996472597122192,0.0059064235538244
7wpzx8cl,2G,expfm_2g,explicit,50,100024320.0,858.1075439453125,273.9794921875,0.0760957971215248,0.0701958611607551,0.1046564877033233,0.1522211134433746,0.4895540475845337,8.678550720214844,2.02578353881836,0.0059092091396451
7wpzx8cl,2G,expfm_2g,explicit,50,110018560.0,883.971923828125,276.0615234375,0.0731321275234222,0.0652462244033813,0.0987860560417175,0.146733671426773,0.4823343455791473,9.150837898254396,1.9896053075790403,0.0057863877154886
7wpzx8cl,2G,expfm_2g,explicit,50,120012800.0,901.7015380859376,284.0888671875,0.0739110559225082,0.0705857276916503,0.1036066263914108,0.1506410539150238,0.4818570017814636,9.391534805297852,2.0418214797973637,0.0054266303777694
7wpzx8cl,2G,expfm_2g,explicit,50,130007040.0,903.9741821289062,284.037109375,0.072226233780384,0.066137671470642,0.099134013056755,0.1461261808872223,0.4868006110191345,9.77867317199707,1.9543354511260984,0.0056309229694306
7wpzx8cl,2G,expfm_2g,explicit,50,140001280.0,922.275146484375,286.0419921875,0.0743342339992523,0.0635467246174812,0.0977059453725814,0.1461389660835266,0.4773981273174286,9.650094985961914,1.9915717840194704,0.0053045209497213
7wpzx8cl,2G,expfm_2g,explicit,50,150077440.0,922.1373291015624,285.6943359375,0.0769925490021705,0.0675896257162094,0.0995112285017967,0.1473214626312255,0.4747512340545654,10.125173568725586,1.951637864112854,0.0051864124834537
7wpzx8cl,2G,expfm_2g,explicit,50,160071680.0,949.739990234375,294.6025390625,0.0720010548830032,0.069565400481224,0.102346733212471,0.1500955820083618,0.471920758485794,10.082701683044434,1.9600375890731807,0.0048152012750506
7wpzx8cl,2G,expfm_2g,explicit,50,170065920.0,968.4288330078124,292.998046875,0.0705669298768043,0.0669927075505256,0.0989296436309814,0.1466140151023864,0.477824866771698,9.84398078918457,1.9296584129333496,0.0050094840116798
7wpzx8cl,2G,expfm_2g,explicit,50,180060160.0,975.0767822265624,296.2666015625,0.0717503204941749,0.066153347492218,0.0958645045757293,0.1432801187038421,0.4669096171855926,9.994220733642578,1.8881609439849851,0.004779792856425
7wpzx8cl,2G,expfm_2g,explicit,50,190054400.0,1018.6527099609376,306.677734375,0.0756396800279617,0.0684248954057693,0.1007609367370605,0.150016501545906,0.4750725626945495,10.112683296203612,1.919641733169556,0.0041533028706908
7wpzx8cl,2G,expfm_2g,explicit,50,200048640.0,1014.8887939453124,309.2177734375,0.076376736164093,0.0689109936356544,0.1022532731294632,0.1533910781145095,0.4771831929683685,10.470123291015623,1.991188764572144,0.0040395325049757
7wpzx8cl,2G,expfm_2g,explicit,50,210042880.0,1102.24560546875,331.9755859375,0.0717768371105194,0.0683052465319633,0.1003882586956024,0.1489479392766952,0.4794906377792358,10.505610466003418,1.963212490081787,0.0035509788431227
7wpzx8cl,2G,expfm_2g,explicit,50,220037120.0,1110.9429931640625,331.021484375,0.0811250135302543,0.0686829388141632,0.1019222885370254,0.1526941359043121,0.4746544659137726,11.026729583740234,1.9547889232635496,0.0038716739509254
7wpzx8cl,2G,expfm_2g,explicit,50,230031360.0,1112.36865234375,333.2099609375,0.0812149196863174,0.0666300356388092,0.0985966622829437,0.148551195859909,0.475882887840271,11.016430854797363,1.9157516956329343,0.0034649767912924
7wpzx8cl,2G,expfm_2g,explicit,50,240025600.0,1173.134765625,346.1435546875,0.0842235460877418,0.0669894069433212,0.0997945219278335,0.1518900245428085,0.4739789366722107,11.436590194702148,1.9444624185562132,0.0031999326311051
7wpzx8cl,2G,expfm_2g,explicit,50,250019840.0,1182.9375,347.1591796875,0.0782977789640426,0.068229854106903,0.0987676903605461,0.1468985825777053,0.4770096242427826,10.87941551208496,1.9264886379241943,0.0032952027395367
7wpzx8cl,2G,expfm_2g,explicit,50,260014080.0,1151.3853759765625,340.701171875,0.0796181634068489,0.0697809383273124,0.1008509546518325,0.1501073092222213,0.4764405190944671,11.10859489440918,1.9031336307525637,0.0035200100392103
7wpzx8cl,2G,expfm_2g,explicit,50,270008320.0,1181.922607421875,343.525390625,0.078840434551239,0.0664573311805725,0.0975557565689086,0.1466250270605087,0.4750801920890808,10.77048683166504,1.8472843170166016,0.0033444014843553
7wpzx8cl,2G,expfm_2g,explicit,50,280002560.0,1175.81640625,343.7861328125,0.083475187420845,0.0699469298124313,0.1019759550690651,0.1535909622907638,0.4881109893321991,11.706382751464844,1.8622148036956787,0.0033903690055012
7wpzx8cl,2G,expfm_2g,explicit,50,290078720.0,1237.395751953125,359.8974609375,0.0763692557811737,0.0664202570915222,0.0972022339701652,0.1448975801467895,0.4808928966522217,11.23154640197754,1.8666858673095703,0.002643743995577
7wpzx8cl,2G,expfm_2g,explicit,50,300072960.0,1237.9161376953125,356.6708984375,0.0764949917793273,0.0664680153131485,0.0953313559293747,0.1415762603282928,0.4748168289661407,11.478897094726562,1.869123458862305,0.0030046580359339
7wpzx8cl,2G,expfm_2g,explicit,50,310067200.0,1189.349365234375,344.6552734375,0.0816769897937774,0.0698672235012054,0.1004115939140319,0.1494052857160568,0.4791224598884582,11.663338661193848,1.8810209035873413,0.0030973493121564
7wpzx8cl,2G,expfm_2g,explicit,50,320061440.0,1247.920166015625,356.51171875,0.0766365379095077,0.064123086631298,0.0931154489517211,0.1399744600057602,0.4758042693138122,11.35265064239502,1.829374074935913,0.0028974078595638
7wpzx8cl,2G,expfm_2g,explicit,50,330055680.0,1229.14990234375,352.7158203125,0.078496016561985,0.0692624524235725,0.0998843908309936,0.1493054181337356,0.4721012115478515,11.422374725341797,1.8159946203231807,0.0031056378502398
7wpzx8cl,2G,expfm_2g,explicit,50,340049920.0,1246.95556640625,355.5517578125,0.0783441811800003,0.0648989155888557,0.0941424816846847,0.1403705775737762,0.4727327525615692,11.562654495239258,1.834171175956726,0.0029550455510616
7wpzx8cl,2G,expfm_2g,explicit,50,350044160.0,1258.694580078125,359.7451171875,0.0770146995782852,0.0704846531152725,0.1013748720288276,0.1506068259477615,0.4715307652950287,11.482004165649414,1.853797435760498,0.0028519339393824
7wpzx8cl,2G,expfm_2g,explicit,50,360038400.0,1279.1812744140625,366.685546875,0.0711292624473571,0.0648348554968833,0.0923020094633102,0.1380517780780792,0.4572620987892151,11.829835891723633,1.834843635559082,0.0024957545101642
7wpzx8cl,2G,expfm_2g,explicit,50,370032640.0,1273.53369140625,360.0908203125,0.0753328800201416,0.0660338103771209,0.0959731489419937,0.144389659166336,0.4580452144145965,11.65255069732666,1.835302829742432,0.0027835764922201
7wpzx8cl,2G,expfm_2g,explicit,50,380026880.0,1311.871337890625,370.390625,0.0744107365608215,0.0658066719770431,0.0952275246381759,0.1422640681266784,0.465080976486206,11.77920913696289,1.835794806480408,0.0025055645965039
7wpzx8cl,2G,expfm_2g,explicit,50,390021120.0,1279.036376953125,358.0263671875,0.0745535120368003,0.0673650652170181,0.0958103537559509,0.1442616134881973,0.477447509765625,12.006366729736328,1.7686233520507812,0.0029759621247649
7wpzx8cl,2G,expfm_2g,explicit,50,400015360.0,1290.2177734375,364.646484375,0.0732368305325508,0.0656003057956695,0.0951449051499366,0.1437727808952331,0.4697608947753906,12.04387664794922,1.7764514684677124,0.0026824995875358
7wpzx8cl,2G,expfm_2g,explicit,50,410009600.0,1316.550537109375,369.083984375,0.0742457658052444,0.0662180110812187,0.093938261270523,0.1403004080057144,0.4726238250732422,12.417328834533691,1.7743561267852783,0.002445766236633
7wpzx8cl,2G,expfm_2g,explicit,50,420003840.0,1281.3642578125,359.1953125,0.0764846801757812,0.065535232424736,0.0941098779439926,0.1412620842456817,0.4610178768634796,12.236419677734377,1.8204100131988523,0.0028926548548042
7wpzx8cl,2G,expfm_2g,explicit,50,430080000.0,1277.786865234375,360.4892578125,0.0753717571496963,0.0675633549690246,0.0962424427270889,0.14253830909729,0.468250572681427,12.185534477233888,1.821054220199585,0.0028052600100636
7wpzx8cl,2G,expfm_2g,explicit,50,440074240.0,1292.458984375,362.103515625,0.0748573020100593,0.063817374408245,0.092173084616661,0.1390241384506225,0.469233363866806,12.490633964538574,1.7339375019073486,0.0026738727465271
7wpzx8cl,2G,expfm_2g,explicit,50,450068480.0,1279.2197265625,358.4443359375,0.0800571218132972,0.0649783909320831,0.0940736979246139,0.1408085078001022,0.4682261943817138,12.585078239440918,1.7777036428451538,0.0028122467920184
7wpzx8cl,2G,expfm_2g,explicit,50,460062720.0,1294.9970703125,362.423828125,0.079449713230133,0.0659984871745109,0.09534452855587,0.1439661681652069,0.4786416590213775,12.588939666748049,1.804142951965332,0.0026857352349907
7wpzx8cl,2G,expfm_2g,explicit,50,470056960.0,1305.970703125,364.525390625,0.0773333013057708,0.0650486424565315,0.0945532768964767,0.1426212340593338,0.4689657986164093,12.738718032836914,1.7591862678527832,0.0026215168181806
7wpzx8cl,2G,expfm_2g,explicit,50,480051200.0,1292.7918701171875,363.3681640625,0.0793547183275222,0.0634114295244216,0.0923170149326324,0.1380959153175354,0.4757922291755676,12.520557403564451,1.7503334283828735,0.0027259360067546
7wpzx8cl,2G,expfm_2g,explicit,50,490045440.0,1301.7664794921875,361.541015625,0.0770904123783111,0.0644999295473098,0.0933011919260025,0.1405822336673736,0.4717542231082916,12.703996658325195,1.726883888244629,0.0025885896757245
7wpzx8cl,2G,expfm_2g,explicit,50,500039680.0,1274.853271484375,354.1083984375,0.0826276093721389,0.063744843006134,0.0924793034791946,0.1407026350498199,0.4719083309173584,12.918546676635742,1.7524094581604004,0.0030366601422429
7wpzx8cl,2G,expfm_2g,explicit,50,510033920.0,1301.436279296875,359.7177734375,0.0782978981733322,0.0655026212334632,0.0941916704177856,0.1408732831478119,0.4643603861331939,12.59015655517578,1.7209495306015017,0.0027495354879647
7wpzx8cl,2G,expfm_2g,explicit,50,520028160.0,1307.7890625,364.31640625,0.0778998583555221,0.0648553892970085,0.0945556014776229,0.1437197923660278,0.4701040685176849,12.403493881225586,1.694138526916504,0.0024204617366194
7wpzx8cl,2G,expfm_2g,explicit,50,530022400.0,1386.5516357421875,379.900390625,0.0697440803050994,0.0648311525583267,0.093359887599945,0.1410372257232666,0.4676797688007355,12.436832427978516,1.678459405899048,0.0021279761567711
7wpzx8cl,2G,expfm_2g,explicit,50,540016640.0,1343.6748046875,366.3017578125,0.0771287530660629,0.0657268762588501,0.0944762378931045,0.1411786675453186,0.4700525104999542,13.045485496520996,1.705463171005249,0.0025828562211245
7wpzx8cl,2G,expfm_2g,explicit,50,550010880.0,1377.453369140625,375.568359375,0.0729365646839141,0.0616037920117378,0.0888352245092392,0.1359449028968811,0.4651823937892914,12.54530906677246,1.6973481178283691,0.0021194103173911
7wpzx8cl,2G,expfm_2g,explicit,50,560005120.0,1338.0418701171875,369.341796875,0.0788538306951522,0.0681474655866622,0.0968211367726326,0.1450123488903045,0.4753282368183136,12.700329780578612,1.7429659366607666,0.0022607119753956
7wpzx8cl,2G,expfm_2g,explicit,50,570081280.0,1357.6038818359375,371.2373046875,0.0707051753997802,0.0629120618104934,0.0915944129228591,0.1410921961069107,0.4688683450222015,12.375097274780272,1.6828569173812866,0.0021871677599847
7wpzx8cl,2G,expfm_2g,explicit,50,580075520.0,1385.043701171875,376.158203125,0.0721967294812202,0.0634222030639648,0.0915881991386413,0.1388671398162841,0.4678145051002502,12.995319366455078,1.6745643615722656,0.0021203989163041
7wpzx8cl,2G,expfm_2g,explicit,50,590069760.0,1339.94482421875,368.322265625,0.0749281570315361,0.0640787109732627,0.0926765501499176,0.1403390318155288,0.4692191183567047,13.00469970703125,1.737110257148743,0.0023212567903101
7wpzx8cl,2G,expfm_2g,explicit,50,600064000.0,1352.791015625,368.2783203125,0.0768481642007827,0.0638060420751571,0.0920935869216919,0.1399260610342025,0.4707529842853546,13.122516632080078,1.7092159986495972,0.0025446387007832
7wpzx8cl,2G,expfm_2g,explicit,50,610058240.0,1324.606689453125,366.8701171875,0.0748929232358932,0.0616174191236496,0.0882879644632339,0.1340852677822113,0.4614676535129547,13.234674453735352,1.7237101793289185,0.0023585816379636
7wpzx8cl,2G,expfm_2g,explicit,50,620052480.0,1376.933837890625,374.291015625,0.0725705176591873,0.0619729198515415,0.0889520496129989,0.1343448758125305,0.4646400809288025,12.761466979980469,1.7327032089233398,0.0021847472526133
7wpzx8cl,2G,expfm_2g,explicit,50,630046720.0,1369.74658203125,368.302734375,0.0709919482469558,0.0615194365382194,0.0892876386642456,0.1369511783123016,0.4618165493011474,12.84568691253662,1.6598210334777832,0.0024800584651529
7wpzx8cl,2G,expfm_2g,explicit,50,640040960.0,1403.16259765625,378.794921875,0.0681737512350082,0.0609879419207572,0.0878785401582717,0.1327637434005737,0.4608958065509796,12.727474212646484,1.6777801513671875,0.0020868037827312
7wpzx8cl,2G,expfm_2g,explicit,50,650035200.0,1420.739990234375,379.365234375,0.0683591216802597,0.0612305998802185,0.0880700945854187,0.1336791366338729,0.4585571885108948,12.84483528137207,1.6654506921768188,0.0021298546344041
7wpzx8cl,2G,expfm_2g,explicit,50,660029440.0,1410.101318359375,380.24609375,0.0685128942131996,0.0605864338576793,0.087855763733387,0.1348405927419662,0.4718886911869049,12.93690586090088,1.6993365287780762,0.002037045545876
7wpzx8cl,2G,expfm_2g,explicit,50,670023680.0,1418.22021484375,380.4921875,0.0712874084711074,0.0622199587523937,0.0887937545776367,0.1332795321941375,0.4674295783042907,13.174574851989746,1.6699023246765137,0.0020285388454794
7wpzx8cl,2G,expfm_2g,explicit,50,680017920.0,1381.997802734375,375.8994140625,0.0720430016517639,0.0694105103611946,0.0979935824871063,0.1454404592514038,0.4663719534873962,13.055036544799805,1.7289927005767822,0.0021545710042119
7wpzx8cl,2G,expfm_2g,explicit,50,690012160.0,1389.463134765625,377.583984375,0.0666878670454025,0.0602477192878723,0.0858227312564849,0.1290801018476486,0.4655701518058777,13.18508243560791,1.6328951120376587,0.0020233190152794
7wpzx8cl,2G,expfm_2g,explicit,50,700006400.0,1414.546875,379.978515625,0.0686843916773796,0.0630681663751602,0.0898041278123855,0.1344473659992218,0.4633585214614868,13.13128662109375,1.702533721923828,0.0020538703538477
7wpzx8cl,2G,expfm_2g,explicit,50,710000640.0,1419.04833984375,377.2265625,0.070851594209671,0.0631287544965744,0.090742327272892,0.1375085264444351,0.4650045335292816,13.05673599243164,1.6558507680892944,0.0021518559660762
7wpzx8cl,2G,expfm_2g,explicit,50,720076800.0,1423.085205078125,382.208984375,0.0720519423484802,0.0600154772400856,0.0880492627620697,0.1345437169075012,0.4604555368423462,13.141728401184082,1.712517261505127,0.0019683747086673
7wpzx8cl,2G,expfm_2g,explicit,50,730071040.0,1427.859619140625,385.4921875,0.0719147324562072,0.0593607164919376,0.0843670815229415,0.1290458142757415,0.4624878764152527,13.00279140472412,1.7119284868240356,0.0018724175170063
7wpzx8cl,2G,expfm_2g,explicit,50,740065280.0,1402.10107421875,379.1845703125,0.0698779448866844,0.0589180998504161,0.0854306519031524,0.1301636397838592,0.4529316127300262,13.206459999084473,1.6863465309143066,0.0020448334980756
7wpzx8cl,2G,expfm_2g,explicit,50,750059520.0,1425.541748046875,382.0966796875,0.0670587867498397,0.0582864210009574,0.0838270410895347,0.1267160922288894,0.4595681130886078,13.233213424682615,1.687711238861084,0.0019738902337849
7wpzx8cl,2G,expfm_2g,explicit,50,760053760.0,1410.4276123046875,380.1181640625,0.0671061277389526,0.0627141445875167,0.090701512992382,0.1366735398769378,0.4623098969459533,13.106828689575195,1.6935465335845947,0.0019794485997408
7wpzx8cl,2G,expfm_2g,explicit,50,770048000.0,1413.81005859375,377.689453125,0.0695185735821724,0.0624875202775001,0.088583804666996,0.1330572664737701,0.4658028483390808,13.027386665344238,1.681715726852417,0.0022014211863279
7wpzx8cl,2G,expfm_2g,explicit,50,780042240.0,1452.258056640625,387.326171875,0.0646539181470871,0.0588309839367866,0.0839965865015983,0.129403531551361,0.4592838287353515,13.091764450073242,1.6727805137634275,0.0017057126387953
7wpzx8cl,2G,expfm_2g,explicit,50,790036480.0,1454.070068359375,388.8046875,0.062684029340744,0.0621987096965312,0.0894685983657836,0.1349363327026367,0.4691491425037384,13.14085292816162,1.6578106880187988,0.001756957033649
7wpzx8cl,2G,expfm_2g,explicit,50,800030720.0,1462.21435546875,389.521484375,0.0665867775678634,0.0603812113404274,0.0859702974557876,0.1299382448196411,0.467334508895874,13.331165313720703,1.6520605087280271,0.0017469351878389
7wpzx8cl,2G,expfm_2g,explicit,50,810024960.0,1440.4508056640625,380.2197265625,0.0679831132292747,0.0596354082226753,0.0858738124370575,0.1303319483995437,0.4655047059059143,13.347611427307127,1.6620620489120483,0.00208226358518
7wpzx8cl,2G,expfm_2g,explicit,50,820019200.0,1458.763916015625,390.51171875,0.0643888413906097,0.0598402060568332,0.0863770693540573,0.1316948980093002,0.4597809910774231,13.054923057556152,1.656052827835083,0.0015948314685374
7wpzx8cl,2G,expfm_2g,explicit,50,830013440.0,1426.025634765625,382.7109375,0.068467877805233,0.060235321521759,0.0857012048363685,0.1284744888544082,0.4590373933315277,13.320524215698242,1.6961309909820557,0.0020268310327082
7wpzx8cl,2G,expfm_2g,explicit,50,840007680.0,1432.46337890625,382.771484375,0.0687730759382247,0.0599976144731044,0.086277961730957,0.1308293044567108,0.4582521021366119,13.38900089263916,1.704776406288147,0.0019640563987195
7wpzx8cl,2G,expfm_2g,explicit,50,850001920.0,1474.1336669921875,392.736328125,0.064572587609291,0.0603052787482738,0.0871905833482742,0.1321600526571273,0.4592355489730835,13.26099967956543,1.6922050714492798,0.0016891898121684
7wpzx8cl,2G,expfm_2g,explicit,50,860078080.0,1451.7353515625,384.484375,0.0672633200883865,0.0601381734013557,0.0864147618412971,0.1318896561861038,0.461954265832901,13.16774559020996,1.6677757501602173,0.0019602170214056
7wpzx8cl,2G,expfm_2g,explicit,50,870072320.0,1446.3212890625,383.2578125,0.0649462044239044,0.057928666472435,0.0831419825553894,0.1251187324523925,0.4546783864498138,13.300140380859377,1.6495356559753418,0.0019014637218788
7wpzx8cl,2G,expfm_2g,explicit,50,880066560.0,1446.59521484375,381.9375,0.0652820542454719,0.0584805384278297,0.0834632962942123,0.1254391968250274,0.4581331014633178,13.18771743774414,1.6337069272994995,0.0020001707598567
7wpzx8cl,2G,expfm_2g,explicit,50,890060800.0,1441.374267578125,382.4609375,0.0636152625083923,0.0636302828788757,0.0897829830646514,0.1336982548236847,0.4560844004154205,13.411663055419922,1.6375329494476318,0.0019298430997878
7wpzx8cl,2G,expfm_2g,explicit,50,900055040.0,1428.265380859375,378.9296875,0.0663526952266693,0.0582100674510002,0.0836091786623001,0.1248184889554977,0.4575559794902801,13.22145652770996,1.646226406097412,0.0019951560534536
7wpzx8cl,2G,expfm_2g,explicit,50,910049280.0,1474.83154296875,387.1328125,0.0650340989232063,0.0591106079518795,0.0858532637357711,0.1317098736763,0.4567136168479919,13.23488712310791,1.625269889831543,0.0018162024207413
7wpzx8cl,2G,expfm_2g,explicit,50,920043520.0,1450.0556640625,382.46875,0.0663282796740531,0.0575699470937252,0.0839356929063797,0.1284491270780563,0.4599592983722687,13.370719909667969,1.6534743309020996,0.0019236360676586
7wpzx8cl,2G,expfm_2g,explicit,50,930037760.0,1472.521240234375,387.9970703125,0.0635748282074928,0.0579897612333297,0.083926647901535,0.1271110624074936,0.4520091116428375,13.254472732543944,1.6375805139541626,0.0017637414857745
7wpzx8cl,2G,expfm_2g,explicit,50,940032000.0,1469.3095703125,385.3935546875,0.0609762668609619,0.0575905218720436,0.0830137729644775,0.1262972950935363,0.457021564245224,13.532139778137209,1.6051347255706787,0.001820015721023
7wpzx8cl,2G,expfm_2g,explicit,50,950026240.0,1445.6527099609375,384.1865234375,0.0677463710308075,0.059894859790802,0.086521491408348,0.1308505535125732,0.460035115480423,13.56167984008789,1.6635411977767944,0.0019407428335398
7wpzx8cl,2G,expfm_2g,explicit,50,960020480.0,1403.8603515625,372.876953125,0.0668673664331436,0.0567129887640476,0.0821165442466735,0.1242301613092422,0.4544785618782043,13.609941482543944,1.6522650718688965,0.0022532185539603
7wpzx8cl,2G,expfm_2g,explicit,50,970014720.0,1460.03125,389.7197265625,0.0638492777943611,0.0606687031686306,0.0867663621902465,0.130606010556221,0.4573477804660797,13.388713836669922,1.6531672477722168,0.0016391170211136
7wpzx8cl,2G,expfm_2g,explicit,50,980008960.0,1465.140869140625,385.779296875,0.062659703195095,0.0579446107149124,0.0843706801533699,0.1298781633377075,0.463249146938324,13.173931121826172,1.594348430633545,0.0018468279158696
7wpzx8cl,2G,expfm_2g,explicit,50,990003200.0,1490.604248046875,394.7451171875,0.0625055432319641,0.0583405382931232,0.0842657387256622,0.1298330724239349,0.4683708548545837,13.380587577819824,1.6665327548980713,0.0015508712967857
7wpzx8cl,2G,expfm_2g,explicit,50,1000079360.0,1482.3243408203125,393.1884765625,0.0667450577020645,0.0580089353024959,0.0833097845315933,0.126445785164833,0.4621191918849945,13.344121932983398,1.660228967666626,0.0016367764910683
7wpzx8cl,2G,expfm_2g,explicit,50,1010073600.0,1477.798095703125,391.1826171875,0.0626555457711219,0.0560155771672725,0.0812912583351135,0.1244513094425201,0.4626645445823669,13.406103134155272,1.6571959257125854,0.0016549252904951
7wpzx8cl,2G,expfm_2g,explicit,50,1020067840.0,1496.175048828125,394.08984375,0.0639103502035141,0.056658886373043,0.0810203105211258,0.1221669614315033,0.462758719921112,13.455968856811523,1.615969181060791,0.0015054126270115
7wpzx8cl,2G,expfm_2g,explicit,50,1030062080.0,1463.663330078125,384.419921875,0.0650526881217956,0.0559059865772724,0.0809966027736663,0.1249534487724304,0.4594926238059997,13.606070518493652,1.6297075748443604,0.0019598766230046
7wpzx8cl,2G,expfm_2g,explicit,50,1040056320.0,1481.6663818359375,389.82421875,0.0611632391810417,0.0556289404630661,0.079809121787548,0.1204061135649681,0.4587691128253937,13.475069046020508,1.6408042907714844,0.0018333385232836
7wpzx8cl,2G,expfm_2g,explicit,50,1050050560.0,1473.724365234375,393.302734375,0.063824251294136,0.0590878762304782,0.0849030017852783,0.129771739244461,0.4563044011592865,13.393312454223633,1.669117450714111,0.0016006098594516
7wpzx8cl,2G,expfm_2g,explicit,50,1060044800.0,1490.659912109375,390.421875,0.0604496784508228,0.057833258062601,0.084018588066101,0.1269295364618301,0.4531247019767761,13.25105094909668,1.6264948844909668,0.0017005349509418
7wpzx8cl,2G,expfm_2g,explicit,50,1070039040.0,1477.814453125,389.533203125,0.0613419972360134,0.0572724342346191,0.0823249965906143,0.1253915578126907,0.4625895321369171,13.47270679473877,1.646946668624878,0.0016652096528559
7wpzx8cl,2G,expfm_2g,explicit,50,1080033280.0,1429.358642578125,382.3994140625,0.075108528137207,0.0571137219667434,0.081846609711647,0.1234777197241783,0.472627729177475,13.50678539276123,1.7067805528640747,0.0019724320154637
7wpzx8cl,2G,expfm_2g,explicit,50,1090027520.0,1459.33154296875,383.552734375,0.0620672702789306,0.0575016289949417,0.0823134705424308,0.1246961280703544,0.4640925526618957,13.4743013381958,1.6394615173339844,0.0018765381537377
7wpzx8cl,2G,expfm_2g,explicit,50,1100021760.0,1455.5462646484375,383.2646484375,0.0649480745196342,0.0564638786017894,0.0815027505159378,0.1239236071705818,0.4593380987644195,13.586868286132812,1.6385600566864014,0.0019080776255577
7wpzx8cl,2G,expfm_2g,explicit,50,1110016000.0,1488.246826171875,388.546875,0.0613605193793773,0.0541452914476394,0.078712873160839,0.121462233364582,0.4579469263553619,13.569217681884766,1.62998366355896,0.0017996663227677
7wpzx8cl,2G,expfm_2g,explicit,50,1120010240.0,1501.65380859375,393.4423828125,0.0595090836286544,0.056201122701168,0.0814087390899658,0.123102843761444,0.4573292434215545,13.804019927978516,1.6274471282958984,0.0014744034269824
7wpzx8cl,2G,expfm_2g,explicit,50,1130004480.0,1461.0234375,383.0751953125,0.0618273615837097,0.0573129504919052,0.0825602933764457,0.1247960329055786,0.4603686034679413,13.656211853027344,1.6157944202423096,0.0018791737966239
7wpzx8cl,2G,expfm_2g,explicit,50,1140080640.0,1499.485595703125,390.953125,0.0590227469801902,0.0553084909915924,0.0792724564671516,0.1205709651112556,0.4645569026470184,13.546478271484377,1.6014258861541748,0.0016529872082173
7wpzx8cl,2G,expfm_2g,explicit,50,1150074880.0,1480.842041015625,393.703125,0.0658230781555175,0.0578295662999153,0.0833334326744079,0.1260932683944702,0.4633485972881317,13.680953025817873,1.6851475238800049,0.0015324887353926
7wpzx8cl,2G,expfm_2g,explicit,50,1160069120.0,1510.0577392578125,395.138671875,0.0644363462924957,0.0549715682864189,0.0802074372768402,0.1228300780057907,0.451775848865509,14.024094581604004,1.6393890380859375,0.0015228434931486
7wpzx8cl,2G,expfm_2g,explicit,50,1170063360.0,1510.8253173828125,394.376953125,0.0594041720032691,0.0587001107633113,0.0837961435317993,0.1249265000224113,0.4568161368370056,13.499435424804688,1.6242194175720217,0.0015372526831924
7wpzx8cl,2G,expfm_2g,explicit,50,1180057600.0,1491.205810546875,390.0361328125,0.0608202666044235,0.0566528216004371,0.0807232409715652,0.1214919537305831,0.4618601202964782,13.663095474243164,1.646073818206787,0.0016484541120007
7wpzx8cl,2G,expfm_2g,explicit,50,1190051840.0,1522.383056640625,397.5380859375,0.0589479021728038,0.0564438588917255,0.0811354592442512,0.1235349550843238,0.4632607996463775,13.658187866210938,1.6139280796051023,0.0014900031965225
7wpzx8cl,2G,expfm_2g,explicit,50,1200046080.0,1499.00927734375,391.7939453125,0.0623218715190887,0.0546031221747398,0.0790165364742279,0.1203902214765548,0.4544170796871185,13.589845657348633,1.6512593030929563,0.0016837236471474
7wpzx8cl,2G,expfm_2g,explicit,50,1210040320.0,1496.6644287109375,391.4228515625,0.0607864782214164,0.0549600459635257,0.0801829248666763,0.1227874904870987,0.4542298018932342,13.33879852294922,1.6205236911773682,0.0016493662260472
7wpzx8cl,2G,expfm_2g,explicit,50,1220034560.0,1529.0318603515625,397.4794921875,0.0595950856804847,0.0540049597620964,0.0785721838474273,0.1193058788776397,0.4583199322223663,13.521964073181152,1.6534384489059448,0.0014826625119894
7wpzx8cl,2G,expfm_2g,explicit,50,1230028800.0,1523.4892578125,397.4521484375,0.0577689744532108,0.05288527905941,0.077866792678833,0.1199275031685829,0.4560039043426513,13.84099578857422,1.589139461517334,0.00145990611054
7wpzx8cl,2G,expfm_2g,explicit,50,1240023040.0,1509.6741943359375,392.119140625,0.0590982735157012,0.0541788786649704,0.0787553191184997,0.1208254992961883,0.4607686102390289,13.405338287353516,1.5890506505966189,0.0016043889336287
7wpzx8cl,2G,expfm_2g,explicit,50,1250017280.0,1535.860107421875,401.091796875,0.0571620911359787,0.0519144609570503,0.0755404978990554,0.1167327165603637,0.4545373320579529,13.416894912719728,1.597630262374878,0.001309591345489
7wpzx8cl,2G,expfm_2g,explicit,50,1260011520.0,1517.7691650390625,395.5751953125,0.0565915219485759,0.0539363138377666,0.078174814581871,0.1183788031339645,0.4603704214096069,13.52101707458496,1.6061391830444336,0.0014007028657943
7wpzx8cl,2G,expfm_2g,explicit,50,1270005760.0,1498.279052734375,391.4716796875,0.0563069805502891,0.0535233952105045,0.0765590071678161,0.115778774023056,0.457459807395935,13.347161293029783,1.5833600759506226,0.0016371662495657
7wpzx8cl,2G,expfm_2g,explicit,50,1280000000.0,1532.2236328125,400.48046875,0.0592519789934158,0.05922806635499,0.0842455327510833,0.1259512901306152,0.4533789753913879,13.427846908569336,1.642005443572998,0.0013294451637193
7wpzx8cl,2G,expfm_2g,explicit,50,1290076160.0,1527.3984375,397.86328125,0.0569121614098548,0.0534535869956016,0.0783019140362739,0.1198364347219467,0.4569199681282043,13.70943832397461,1.596752643585205,0.0014489048626273
7wpzx8cl,2G,expfm_2g,explicit,50,1300070400.0,1545.559326171875,399.701171875,0.056640088558197,0.0543892905116081,0.0790399014949798,0.1205377057194709,0.4559945464134216,13.615057945251465,1.572751522064209,0.0014235160779207
7wpzx8cl,2G,expfm_2g,explicit,50,1310064640.0,1495.60302734375,390.720703125,0.0620287396013736,0.0543880313634872,0.0803999155759811,0.1248322576284408,0.46084925532341,13.5914888381958,1.605595350265503,0.0017031052848324
7wpzx8cl,2G,expfm_2g,explicit,50,1320058880.0,1496.3580322265625,390.6171875,0.0607798509299755,0.0566010884940624,0.0806809067726135,0.1207821145653724,0.4589390158653259,13.722431182861328,1.6068382263183594,0.0016299283597618
7wpzx8cl,2G,expfm_2g,explicit,50,1330053120.0,1543.0731201171875,399.7265625,0.0579850524663925,0.055788654834032,0.0808431357145309,0.1217238530516624,0.4609392583370209,13.773870468139648,1.601731538772583,0.0014086253941059
7wpzx8cl,2G,expfm_2g,explicit,50,1340047360.0,1540.21484375,401.7119140625,0.0592986568808555,0.0526077859103679,0.076970525085926,0.1178025007247924,0.4574829936027527,13.64637565612793,1.636406183242798,0.0013000981416553
7wpzx8cl,2G,expfm_2g,explicit,50,1350041600.0,1536.439208984375,402.029296875,0.0574747882783412,0.0529009401798248,0.0770178735256195,0.1183181852102279,0.4530881643295288,13.45590591430664,1.6258249282836914,0.0012724850093945
7wpzx8cl,2G,expfm_2g,explicit,50,1360035840.0,1497.63818359375,391.185546875,0.0633328855037689,0.0534997880458831,0.0780647546052932,0.1190523877739906,0.4583236277103424,14.187443733215332,1.6443521976470947,0.0015790916513651
7wpzx8cl,2G,expfm_2g,explicit,50,1370030080.0,1528.26708984375,397.630859375,0.0593276023864746,0.0562966428697109,0.0809252858161926,0.1227134019136428,0.4587202668190002,13.660883903503418,1.6038364171981812,0.0015039057470858
7wpzx8cl,2G,expfm_2g,explicit,50,1380024320.0,1495.844970703125,390.515625,0.0610946640372276,0.0537603050470352,0.0782295763492584,0.1187087446451187,0.4527848958969116,13.793190002441406,1.6421093940734863,0.0016871019033715
7wpzx8cl,2G,expfm_2g,explicit,50,1390018560.0,1531.738037109375,397.693359375,0.0583977252244949,0.0540533736348152,0.0783975720405578,0.1188113018870353,0.451164186000824,13.658869743347168,1.6308127641677856,0.0014577915426343
7wpzx8cl,2G,expfm_2g,explicit,50,1400012800.0,1532.595458984375,396.4169921875,0.0600772723555564,0.052948247641325,0.0768500566482544,0.1175343319773674,0.4503029286861419,13.633916854858398,1.6020464897155762,0.0014874025946483
7wpzx8cl,2G,expfm_2g,explicit,50,1410007040.0,1539.46484375,400.3291015625,0.0593913048505783,0.0525937750935554,0.0769793838262558,0.1180440038442611,0.45163294672966,13.596549034118652,1.6196980476379397,0.0014042786788195
7wpzx8cl,2G,expfm_2g,explicit,50,1420001280.0,1540.467529296875,397.8388671875,0.0562035255134105,0.0536683201789855,0.0777572244405746,0.1172690317034721,0.4497814178466797,13.665464401245115,1.6017963886260986,0.001460388302803
7wpzx8cl,2G,expfm_2g,explicit,50,1430077440.0,1537.42724609375,399.263671875,0.0580149963498115,0.0593090206384658,0.0826010406017303,0.1221556812524795,0.4525071084499359,13.786808013916016,1.6103065013885498,0.0014354161685332
7wpzx8cl,2G,expfm_2g,explicit,50,1440071680.0,1554.794921875,402.4580078125,0.0545197427272796,0.0527759417891502,0.0761361867189407,0.1154610514640808,0.4546080231666565,13.771646499633787,1.584627628326416,0.0013325802283361
7wpzx8cl,2G,expfm_2g,explicit,50,1450065920.0,1546.3603515625,398.708984375,0.0561577565968036,0.0501487515866756,0.0724758133292198,0.1113530173897743,0.4543157517910003,13.788991928100586,1.575223088264465,0.0013847270747646
7wpzx8cl,2G,expfm_2g,explicit,50,1460060160.0,1556.86767578125,401.958984375,0.0546234026551246,0.0530169196426868,0.07736536860466,0.1176180243492126,0.4523333609104156,13.858804702758787,1.607907772064209,0.0013066697865724
7wpzx8cl,2G,expfm_2g,explicit,50,1470054400.0,1529.35498046875,399.2890625,0.0585941970348358,0.0525154806673526,0.0764215737581253,0.1169496774673461,0.4566770493984222,13.43476676940918,1.658699631690979,0.0013970975996926
7wpzx8cl,2G,expfm_2g,explicit,50,1480048640.0,1525.701171875,393.5400390625,0.0583527572453022,0.0534609258174896,0.0775632858276367,0.1192829832434654,0.4582820832729339,13.652066230773926,1.580920934677124,0.0015612130519002
7wpzx8cl,2G,expfm_2g,explicit,50,1490042880.0,1567.4521484375,402.2646484375,0.0576935820281505,0.0513302832841873,0.0758096128702163,0.1164065897464752,0.4500399231910705,14.082621574401855,1.5863916873931885,0.001252306625247
7wpzx8cl,2G,expfm_2g,explicit,50,1500037120.0,1545.52197265625,400.4736328125,0.0568180158734321,0.053394254297018,0.0776383131742477,0.1180718839168548,0.4556961953639984,13.909988403320312,1.6009423732757568,0.001306437770836
7wpzx8cl,2G,expfm_2g,explicit,50,1510031360.0,1529.173095703125,395.177734375,0.0594516098499298,0.0530419498682022,0.0768691748380661,0.1180178597569465,0.4591817259788513,13.84821891784668,1.6013343334197998,0.0014936038060113
7wpzx8cl,2G,expfm_2g,explicit,50,1520025600.0,1496.6719970703125,385.837890625,0.0612703338265419,0.0515383556485176,0.0755683705210685,0.1167216151952743,0.4561592936515808,13.89019775390625,1.6320219039916992,0.0018380105029791
7wpzx8cl,2G,expfm_2g,explicit,50,1530019840.0,1506.1944580078125,387.5419921875,0.0592804178595542,0.0504348836839199,0.0740894377231597,0.1150805503129959,0.4573631286621094,14.035259246826172,1.6088732481002808,0.0016972525045275
7wpzx8cl,2G,expfm_2g,explicit,50,1540014080.0,1561.4957275390625,402.81640625,0.0549749806523323,0.0521026663482189,0.0760140046477317,0.1161280050873756,0.4586411416530609,13.57445240020752,1.5770039558410645,0.0013816650025546
7wpzx8cl,2G,expfm_2g,explicit,50,1550008320.0,1505.025146484375,390.7666015625,0.057030901312828,0.0547492802143096,0.0784570276737213,0.1180146262049675,0.46029132604599,13.984859466552734,1.6053614616394043,0.0017257033614441
7wpzx8cl,2G,expfm_2g,explicit,50,1560002560.0,1579.618408203125,404.34375,0.0516328513622283,0.0500624366104602,0.0724502801895141,0.1113946214318275,0.4514307379722595,13.860376358032228,1.5389448404312134,0.0012512475950643
7wpzx8cl,2G,expfm_2g,explicit,50,1570078720.0,1578.80517578125,406.732421875,0.0529938638210296,0.0505577996373176,0.0737595111131668,0.1126710921525955,0.4520393311977386,13.756380081176758,1.562317132949829,0.0012608373071998
7wpzx8cl,2G,expfm_2g,explicit,50,1580072960.0,1557.5968017578125,398.1083984375,0.0535182952880859,0.0510791912674903,0.0741364583373069,0.112772986292839,0.4541371166706085,14.101645469665527,1.5527474880218506,0.0014279936440289
7wpzx8cl,2G,expfm_2g,explicit,50,1590067200.0,1537.1796875,393.2333984375,0.0563840121030807,0.0540359169244766,0.0783820003271102,0.1190198510885238,0.4556491374969482,13.72579574584961,1.5597888231277466,0.0016587304417043
7wpzx8cl,2G,expfm_2g,explicit,50,1600061440.0,1560.598388671875,402.673828125,0.0536344572901725,0.0532146878540515,0.0768563598394393,0.1162532567977905,0.4596857726573944,13.958317756652832,1.585479974746704,0.0013287330511957
7wpzx8cl,2G,expfm_2g,explicit,50,1610055680.0,1536.916015625,395.5986328125,0.0547898113727569,0.0532302856445312,0.0774345993995666,0.1177605539560318,0.4620170593261719,13.898913383483888,1.5726323127746582,0.0014611656079068
7wpzx8cl,2G,expfm_2g,explicit,50,1620049920.0,1522.575439453125,390.1748046875,0.0601966306567192,0.0522435493767261,0.0751782804727554,0.115439087152481,0.4571737945079803,13.953948974609377,1.5480200052261353,0.0017365079838782
7wpzx8cl,2G,expfm_2g,explicit,50,1630044160.0,1588.9608154296875,410.150390625,0.0514169670641422,0.0513826832175254,0.0745958313345909,0.1142361387610435,0.4499968588352203,13.80915641784668,1.564464807510376,0.001066010678187
7wpzx8cl,2G,expfm_2g,explicit,50,1640038400.0,1552.3734130859375,399.36328125,0.0553837046027183,0.0501287914812564,0.0726720094680786,0.1116484850645065,0.4536113739013672,14.345983505249023,1.581979751586914,0.0013838377781212
7wpzx8cl,2G,expfm_2g,explicit,50,1650032640.0,1571.649169921875,401.3994140625,0.0547795370221138,0.053030576556921,0.0762593075633049,0.1156442984938621,0.4490253627300262,14.006498336791992,1.5609019994735718,0.0013716724934056
7wpzx8cl,2G,expfm_2g,explicit,50,1660026880.0,1550.535400390625,398.0205078125,0.0553351193666458,0.0653743147850036,0.0896717458963394,0.1298013925552368,0.4540404677391052,14.12221336364746,1.586406946182251,0.0015071593225002
7wpzx8cl,2G,expfm_2g,explicit,50,1670021120.0,1533.73681640625,396.119140625,0.0562316700816154,0.0509638935327529,0.0744866952300071,0.1152379736304283,0.4538289606571197,13.978843688964844,1.606687068939209,0.0014643985778093
7wpzx8cl,2G,expfm_2g,explicit,50,1680015360.0,1562.81591796875,400.798828125,0.0539487525820732,0.0507330521941185,0.0734664648771286,0.1122496053576469,0.454115629196167,13.90696144104004,1.5601606369018557,0.0013990610605105
7wpzx8cl,2G,expfm_2g,explicit,50,1690009600.0,1550.402587890625,399.1923828125,0.055619653314352,0.0517396926879882,0.0753206461668014,0.1144641488790512,0.4525508880615234,13.828975677490234,1.60725736618042,0.0015169174876064
7wpzx8cl,2G,expfm_2g,explicit,50,1700003840.0,1528.4755859375,393.353515625,0.0579110607504844,0.0501751452684402,0.0733342543244361,0.1122938320040702,0.4479228556156158,14.010305404663086,1.6107012033462524,0.0016598592046648
7wpzx8cl,2G,expfm_2g,explicit,50,1710080000.0,1538.668701171875,396.798828125,0.0569909214973449,0.0507746823132038,0.0745315104722976,0.1140761375427246,0.4500066936016083,13.949735641479492,1.5783514976501465,0.0015225929673761
7wpzx8cl,2G,expfm_2g,explicit,50,1720074240.0,1527.397216796875,395.8896484375,0.0575776472687721,0.0494052171707153,0.0723018571734428,0.1118734925985336,0.4448132812976837,13.99428367614746,1.601463794708252,0.0014598252018913
7wpzx8cl,2G,expfm_2g,explicit,50,1730068480.0,1558.3424072265625,398.4921875,0.0553827434778213,0.0514133088290691,0.0744521021842956,0.1144431084394455,0.45254847407341,14.335936546325684,1.578519582748413,0.0014312037965282
7wpzx8cl,2G,expfm_2g,explicit,50,1740062720.0,1570.85595703125,404.6005859375,0.054549217224121,0.0502829365432262,0.0739050805568695,0.1123701781034469,0.4497447907924652,14.061101913452148,1.5835208892822266,0.001224813517183
7wpzx8cl,2G,expfm_2g,explicit,50,1750056960.0,1545.43505859375,399.029296875,0.057927343994379,0.0504955202341079,0.0746461302042007,0.1147109791636467,0.4523740112781524,14.152694702148438,1.6402422189712524,0.0013591303722932
7wpzx8cl,2G,expfm_2g,explicit,50,1760051200.0,1568.931884765625,403.7099609375,0.0544936209917068,0.0515408106148242,0.075942724943161,0.1179969981312751,0.4573235809803009,13.859582901000977,1.6091885566711426,0.001222051680088
7wpzx8cl,2G,expfm_2g,explicit,50,1770045440.0,1550.57861328125,397.9873046875,0.0531660690903663,0.0492650531232357,0.0718360543251037,0.1111519858241081,0.4568153619766235,13.806625366210938,1.5408815145492554,0.0016351486556231
7wpzx8cl,2G,expfm_2g,explicit,50,1780039680.0,1581.26708984375,402.3447265625,0.0534079112112522,0.0482623651623725,0.071329228579998,0.1090293154120445,0.4477757811546325,13.881573677062988,1.533838152885437,0.0013504014350473
7wpzx8cl,2G,expfm_2g,explicit,50,1790033920.0,1510.929443359375,390.5400390625,0.062503233551979,0.0531908646225929,0.0776541531085968,0.1185333281755447,0.4558199942111969,14.150274276733398,1.6311888694763184,0.0017671617679297
7wpzx8cl,2G,expfm_2g,explicit,50,1800028160.0,1536.28857421875,396.0556640625,0.0569876581430435,0.0506784357130527,0.073710024356842,0.112532690167427,0.4435105621814728,14.416861534118652,1.574995756149292,0.0014745194930583
7wpzx8cl,2G,expfm_2g,explicit,50,1810022400.0,1515.969482421875,392.49609375,0.06789131462574,0.052914559841156,0.0784688740968704,0.1204835996031761,0.4634144604206085,13.93479061126709,1.6110846996307373,0.0015508088981732
7wpzx8cl,2G,expfm_2g,explicit,50,1820016640.0,1550.99462890625,398.314453125,0.0576777085661888,0.048187643289566,0.071167767047882,0.1105247288942337,0.4572066366672516,14.123283386230469,1.617288589477539,0.0014844588004052
7wpzx8cl,2G,expfm_2g,explicit,50,1830010880.0,1524.9508056640625,394.623046875,0.0593931712210178,0.0514532141387462,0.0750733464956283,0.114855483174324,0.4568568766117096,14.218750953674316,1.6262683868408203,0.0015523650217801
7wpzx8cl,2G,expfm_2g,explicit,50,1840005120.0,1554.609130859375,399.3056640625,0.0561228357255458,0.0519665740430355,0.0752254575490951,0.1142537146806716,0.4565609395503998,14.161921501159668,1.614537477493286,0.0013766932534053
7wpzx8cl,2G,expfm_2g,explicit,50,1850081280.0,1567.6724853515625,403.7060546875,0.0536591857671737,0.0505634099245071,0.0738939344882965,0.1140228658914566,0.4456326961517334,14.009096145629885,1.5631123781204224,0.0012702689273282
7wpzx8cl,2G,expfm_2g,explicit,50,1860075520.0,1532.7540283203125,397.0341796875,0.058742918074131,0.049530915915966,0.0732028484344482,0.1124692261219024,0.4476222991943359,14.040213584899902,1.5917119979858398,0.0015089528169482
7wpzx8cl,2G,expfm_2g,explicit,50,1870069760.0,1563.27880859375,397.166015625,0.0549371913075447,0.0501209981739521,0.0724822878837585,0.1112374439835548,0.4470506906509399,14.291587829589844,1.580223560333252,0.0015129861421883
7wpzx8cl,2G,expfm_2g,explicit,50,1880064000.0,1585.053466796875,403.87890625,0.0491322800517082,0.0512058399617672,0.0747874081134796,0.1132309585809707,0.4523197114467621,13.83392333984375,1.538785457611084,0.0012696404010057
7wpzx8cl,2G,expfm_2g,explicit,50,1890058240.0,1533.434326171875,395.716796875,0.056765466928482,0.0537748262286186,0.0779634416103363,0.1180234998464584,0.4592942297458648,14.272133827209473,1.64841890335083,0.001432258170098
7wpzx8cl,2G,expfm_2g,explicit,50,1900052480.0,1555.9810791015625,397.2421875,0.0587110817432403,0.050269316881895,0.0730996206402778,0.1107258722186088,0.4614374935626983,14.014564514160156,1.57098388671875,0.0014904299750924
7wpzx8cl,2G,expfm_2g,explicit,50,1910046720.0,1570.397705078125,402.0654296875,0.0536797977983951,0.0509172789752483,0.0737380534410476,0.1111311241984367,0.4578824341297149,14.236099243164062,1.595842361450195,0.0013823892222717
7wpzx8cl,2G,expfm_2g,explicit,50,1920040960.0,1559.5855712890625,401.0244140625,0.0571176372468471,0.0511629171669483,0.0759076327085495,0.1163465529680252,0.4530481994152069,14.084687232971191,1.6161997318267822,0.0015349779278039
7wpzx8cl,2G,expfm_2g,explicit,50,1930035200.0,1537.80224609375,395.666015625,0.0592460930347442,0.0526926927268505,0.0758335590362548,0.1144221872091293,0.4545679688453674,13.879167556762695,1.6279882192611694,0.0014809654094278
7wpzx8cl,2G,expfm_2g,explicit,50,1940029440.0,1570.908935546875,401.453125,0.0538431219756603,0.0526499338448047,0.0766608640551567,0.1165091171860694,0.4578711986541748,13.984912872314451,1.5775930881500244,0.0013834887649863
7wpzx8cl,2G,expfm_2g,explicit,50,1950023680.0,1566.81103515625,400.166015625,0.0570858493447303,0.0515410639345645,0.0756261274218559,0.1158447787165641,0.4614815413951874,13.859939575195312,1.599374532699585,0.0014387869741767
7wpzx8cl,2G,expfm_2g,explicit,50,1960017920.0,1579.1483154296875,403.8046875,0.0528514347970485,0.0484241172671318,0.0720797926187515,0.1110141202807426,0.4516859948635101,13.970255851745604,1.6165847778320312,0.0012687013950198
7wpzx8cl,2G,expfm_2g,explicit,50,1970012160.0,1563.844482421875,398.0888671875,0.0537431165575981,0.0510213300585746,0.0739568173885345,0.1128834187984466,0.4472840130329132,13.858016967773438,1.542468786239624,0.0014766991371288
7wpzx8cl,2G,expfm_2g,explicit,50,1980006400.0,1572.3009033203125,401.318359375,0.0538743287324905,0.0505576618015766,0.0738927125930786,0.1135717257857322,0.4506808221340179,14.430913925170898,1.5537121295928955,0.0013441253686323
7wpzx8cl,2G,expfm_2g,explicit,50,1990000640.0,1569.4417724609375,401.2373046875,0.0547351986169815,0.0512665137648582,0.0739328414201736,0.1115901991724968,0.4489497244358063,14.07266902923584,1.5532233715057373,0.0013873392017558
7wpzx8cl,2G,expfm_2g,explicit,50,2000076800.0,1586.004638671875,405.56640625,0.0529934540390968,0.0506840199232101,0.0736364871263504,0.1115719228982925,0.4455910623073578,14.382761001586914,1.5379188060760498,0.0011973938671872
dgv264dt,2G,expfm_2g,explicit,0,10076160.0,683.2861328125,245.3720703125,0.0094359926879405,0.0111979804933071,0.014660645276308,0.0201182644814252,0.608845055103302,4.582791805267334,2.442075252532959,0.0083372648805379
dgv264dt,2G,expfm_2g,explicit,0,20070400.0,806.15283203125,266.361328125,0.0065235551446676,0.0038619264960289,0.0050085168331861,0.0067870635539293,0.5403326153755188,5.231447219848633,2.087907314300537,0.0072683785110712
dgv264dt,2G,expfm_2g,explicit,0,30064640.0,920.8255004882812,282.8779296875,0.0011370945721864,0.0023850621655583,0.0031130667775869,0.004259908106178,0.5098583102226257,6.096123695373535,1.8898324966430664,0.006096544675529
dgv264dt,2G,expfm_2g,explicit,0,40058880.0,962.6318969726562,284.427734375,0.0048818415962159,0.0033528378698974,0.0040963403880596,0.0050870687700808,0.4820095002651214,6.26555061340332,1.8505159616470337,0.0053211017511785
dgv264dt,2G,expfm_2g,explicit,0,50053120.0,1040.6397705078125,295.490234375,0.0016272853827103,0.0188268311321735,0.0230552963912487,0.0291850231587886,0.4643116891384125,7.012289524078369,1.7244226932525637,0.0048483028076589
dgv264dt,2G,expfm_2g,explicit,0,60047360.0,1106.350341796875,307.8818359375,0.0008866309653967,0.0012267023557797,0.0015946544008329,0.0021891486831009,0.4427613317966461,8.073379516601562,1.7447609901428225,0.0039706225506961
dgv264dt,2G,expfm_2g,explicit,0,70041600.0,1204.9722900390625,332.9130859375,0.0020877681672573,0.0011470539029687,0.0015070636291056,0.0020949500612914,0.4283994436264038,8.746581077575684,1.6911197900772097,0.0031912983395159
dgv264dt,2G,expfm_2g,explicit,0,80035840.0,1257.646484375,340.775390625,0.0007095879409462,0.0011793812736868,0.0015803452115505,0.0022505996748805,0.4316933453083038,8.445303916931152,1.6398979425430298,0.0028929263353347
dgv264dt,2G,expfm_2g,explicit,0,90030080.0,1428.632080078125,374.2705078125,0.0007771287928335,0.0024803499691188,0.0030145393684506,0.0037832641974091,0.4214794933795929,9.33506965637207,1.5911917686462402,0.0020284377969801
dgv264dt,2G,expfm_2g,explicit,0,100024320.0,1587.82763671875,404.7060546875,0.0006018839776515,0.0010095750913023,0.0013454128056764,0.0019123585661873,0.4131874442100525,9.58723258972168,1.506970763206482,0.001143158879131
dgv264dt,2G,expfm_2g,explicit,0,110018560.0,1704.1641845703125,425.17578125,0.0010703345760703,0.0019528757547959,0.0023002200759947,0.0028274711221456,0.4084628820419311,10.178359985351562,1.437558650970459,0.0006054255645722
dgv264dt,2G,expfm_2g,explicit,0,120012800.0,1740.158935546875,429.4970703125,0.0003027057391591,0.0005991745274513,0.0008236967260017,0.0012284902622923,0.3970764279365539,10.918462753295898,1.4312214851379397,0.0005333701265044
dgv264dt,2G,expfm_2g,explicit,0,130007040.0,1762.6502685546875,432.66015625,0.0005103068542666,0.0008158739074133,0.0010734144598245,0.0015073677059262,0.4006239175796509,11.207862854003906,1.398864984512329,0.0003897333226632
dgv264dt,2G,expfm_2g,explicit,0,140001280.0,1815.0701904296875,438.9287109375,0.0005706587689928,0.0007760814623907,0.0009468479547649,0.0012335678329691,0.3883889019489288,11.91645622253418,1.3371195793151855,0.0002427586878184
dgv264dt,2G,expfm_2g,explicit,0,150077440.0,1823.2861328125,438.9140625,0.001892126398161,0.0007446422241628,0.0009096508147194,0.0011899501550942,0.3938564658164978,11.90483856201172,1.3771620988845823,0.0002392349997535
dgv264dt,2G,expfm_2g,explicit,0,160071680.0,1807.4139404296875,432.3798828125,0.0014710191171616,0.0014002954121679,0.0016154503682628,0.0019539527129381,0.3844462931156158,12.57381534576416,1.355093002319336,0.0004363462212495
dgv264dt,2G,expfm_2g,explicit,0,170065920.0,1829.004638671875,435.1728515625,0.0004364236956462,0.0003434063983149,0.0004686277825385,0.0006937120342627,0.3842679858207702,13.068841934204102,1.354907751083374,0.0003807462053373
dgv264dt,2G,expfm_2g,explicit,0,180060160.0,1878.5938720703125,441.7685546875,0.0002682287013158,0.0003577079914975,0.0004756469279527,0.000678195268847,0.3749885857105255,13.408557891845703,1.2982237339019775,0.0001360589230898
dgv264dt,2G,expfm_2g,explicit,0,190054400.0,1858.59130859375,438.5517578125,0.0007168210577219,0.0086908331140875,0.0097266966477036,0.0109242126345634,0.3742347359657287,13.426088333129885,1.3060975074768066,0.0002215868444181
dgv264dt,2G,expfm_2g,explicit,0,200048640.0,1882.986083984375,441.564453125,0.0002184237528126,0.0005291822599247,0.0006423849845305,0.0008279829053208,0.3755668103694916,13.98969268798828,1.3162524700164795,0.0001359147863695
dgv264dt,2G,expfm_2g,explicit,0,210042880.0,1882.8388671875,441.021484375,0.0001224056031787,0.0003084013005718,0.0004113454488106,0.0005878743249922,0.3755298256874084,14.112110137939451,1.3144314289093018,0.0001406645460519
dgv264dt,2G,expfm_2g,explicit,0,220037120.0,1896.4100341796875,442.54296875,0.0003387070901226,0.0012875548563897,0.0014603015733882,0.0016984606627374,0.36993408203125,14.188002586364746,1.3025617599487305,0.0001096906053135
dgv264dt,2G,expfm_2g,explicit,0,230031360.0,1905.7335205078125,443.8720703125,0.0001087120181182,0.0002968026674352,0.0003972316626459,0.0005685347714461,0.3699081838130951,14.181791305541992,1.274170160293579,7.693310908507556e-05
dgv264dt,2G,expfm_2g,explicit,0,240025600.0,1892.762939453125,441.685546875,0.0003699648950714,0.0016917639877647,0.0018641803180798,0.0021017000544816,0.3641471564769745,15.080636978149414,1.2668030261993408,0.0001303886383539
dgv264dt,2G,expfm_2g,explicit,0,250019840.0,1897.398193359375,440.99609375,0.000466654455522,0.0017995294183492,0.0020251786336302,0.0023470604792237,0.3595759272575378,14.812767028808594,1.290583610534668,0.0001623608986847
dgv264dt,2G,expfm_2g,explicit,0,260014080.0,1919.2032470703125,443.537109375,0.0002107872569467,0.0003696795320138,0.0004674007068388,0.0006217990885488,0.3554781377315521,15.051783561706545,1.26340651512146,0.0001110966841224
dgv264dt,2G,expfm_2g,explicit,0,270008320.0,1891.5875244140625,438.53125,0.0016488396795466,0.0007204607827588,0.0008227896178141,0.0009826633613556,0.3504210412502289,15.60456085205078,1.2989017963409424,0.0002312543510925
dgv264dt,2G,expfm_2g,explicit,0,280002560.0,1921.61181640625,442.904296875,0.0029568106401711,0.0003640780632849,0.000446050078608,0.0005751968128606,0.3487745225429535,16.147918701171875,1.2530595064163208,0.0001021260104607
dgv264dt,2G,expfm_2g,explicit,0,290078720.0,1927.7841796875,443.3515625,0.0001042144285747,0.0002600471780169,0.0003366440651006,0.000458099937532,0.3430068790912628,16.258743286132812,1.2396012544631958,8.919537503970787e-05
dgv264dt,2G,expfm_2g,explicit,0,300072960.0,1933.423828125,445.0263671875,0.0018022825242951,0.0005043972632847,0.0006142354104667,0.0007717347471043,0.3403178453445434,15.749821662902832,1.2575559616088867,5.784224049421027e-05
dgv264dt,2G,expfm_2g,explicit,0,310067200.0,1928.790771484375,441.61328125,0.0002758082991931,0.001166955102235,0.0013131966115906,0.001502287806943,0.338375061750412,16.01005744934082,1.2174453735351562,0.0001413159188814
dgv264dt,2G,expfm_2g,explicit,0,320061440.0,1931.1654052734373,442.70703125,0.0005431624595075,0.000382424070267,0.000463624135591,0.0005870190216228,0.3335844874382019,16.71977424621582,1.2317554950714111,0.000122109951917
dgv264dt,2G,expfm_2g,explicit,0,330055680.0,1928.481201171875,442.89453125,0.0007686068420298,0.005018507130444,0.0054360507056117,0.0059667672030627,0.3346395492553711,16.211864471435547,1.2384874820709229,0.0001089143479475
dgv264dt,2G,expfm_2g,explicit,0,340049920.0,1930.8489990234373,441.99609375,0.00028353696689,0.0011292021954432,0.0012930179946124,0.0015036452095955,0.3342952728271484,16.581523895263672,1.2453086376190186,0.0001462937652831
dgv264dt,2G,expfm_2g,explicit,0,350044160.0,1946.867431640625,444.234375,0.0011231182143092,0.0003154191945213,0.0003908543149009,0.0005085277371108,0.3297928869724273,16.527297973632812,1.211000680923462,7.221566920634359e-05
dgv264dt,2G,expfm_2g,explicit,0,360038400.0,1958.398193359375,446.234375,0.0003363978757988,0.0007355088600888,0.0008455745410174,0.0009998234454542,0.3316963613033294,16.414260864257812,1.215808987617493,1.6107383999042213e-05
dgv264dt,2G,expfm_2g,explicit,0,370032640.0,1953.4490966796875,444.890625,0.0003818372497335,0.0022367550991475,0.0024075710680335,0.0026261508464813,0.3283104598522186,16.813758850097656,1.2108190059661863,4.263741720933467e-05
dgv264dt,2G,expfm_2g,explicit,0,380026880.0,1954.8883056640625,444.8935546875,0.0007070905994623,0.0020269355736672,0.0022459495812654,0.0025418780278414,0.3202312886714935,16.89841079711914,1.2137187719345093,5.808342029922642e-05
dgv264dt,2G,expfm_2g,explicit,0,390021120.0,1954.0870361328125,445.6728515625,0.0001368675439152,0.0003302150871604,0.0004003914364147,0.0005072507774457,0.32060307264328,16.968238830566406,1.2056875228881836,3.0975024856161326e-05
dgv264dt,2G,expfm_2g,explicit,0,400015360.0,1947.90185546875,444.1728515625,0.0005172632518224,0.0005126726464368,0.0005932477652095,0.0007100898073986,0.3206523656845093,17.304359436035156,1.210714340209961,7.317071140278131e-05
dgv264dt,2G,expfm_2g,explicit,0,410009600.0,1940.540771484375,442.9326171875,0.0037330056075006,0.0002656543510966,0.0003374481457285,0.0004483821394387,0.3196505904197693,17.364469528198242,1.2173035144805908,0.0001176115911221
dgv264dt,2G,expfm_2g,explicit,0,420003840.0,1962.72119140625,445.1123046875,0.0001897138135973,0.0007764417096041,0.0008830326260067,0.0010340345324948,0.317242681980133,17.043304443359375,1.2082476615905762,7.19215749995783e-05
dgv264dt,2G,expfm_2g,explicit,0,430080000.0,1955.789306640625,444.2265625,0.0003930953971575,0.0023818244226276,0.0026603180449455,0.0030068925116211,0.3225086033344269,17.24881362915039,1.2066318988800049,7.74692598497495e-05
dgv264dt,2G,expfm_2g,explicit,0,440074240.0,1962.5263671875,445.1201171875,0.0002916233497671,0.0004956306656822,0.0005940018454566,0.0007316814735531,0.3198999762535095,17.05198097229004,1.1940841674804688,5.095025699120015e-05
dgv264dt,2G,expfm_2g,explicit,0,450068480.0,1957.322509765625,444.4658203125,0.0002234336279798,0.0011093721259385,0.0013040348421782,0.0015634994488209,0.3271553516387939,17.305660247802734,1.1906359195709229,6.207879778230563e-05
dgv264dt,2G,expfm_2g,explicit,0,460062720.0,1964.838134765625,444.6259765625,0.0065361568704247,0.0002551039797253,0.0003199088969267,0.0004185779835097,0.3209278881549835,17.505897521972656,1.195436954498291,6.048346767784096e-05
dgv264dt,2G,expfm_2g,explicit,0,470056960.0,1946.832763671875,442.1943359375,0.0015716407215222,0.00076727574924,0.0008775689639151,0.0010314271785318,0.3146705627441406,17.61449432373047,1.2001750469207764,0.0001212841088999
dgv264dt,2G,expfm_2g,explicit,0,480051200.0,1963.37109375,444.9580078125,0.0003805005690082,0.0002508945181034,0.0003225401160307,0.0004340031882748,0.3094351291656494,17.52897834777832,1.200041651725769,4.755002737510949e-05
dgv264dt,2G,expfm_2g,explicit,0,490045440.0,1967.5556640625,446.1767578125,0.0003364881267771,0.0002287247625645,0.0002962898579426,0.0004008882388006,0.3227314352989197,17.21678352355957,1.2001142501831057,1.883041113615036e-05
dgv264dt,2G,expfm_2g,explicit,0,500039680.0,1970.44287109375,445.3046875,0.003179058432579,0.0002857654762919,0.0003540114848874,0.000455700646853,0.3094152212142944,17.94414520263672,1.1986443996429443,4.251091377227567e-05
dgv264dt,2G,expfm_2g,explicit,0,510033920.0,1968.972412109375,444.236328125,0.0001605003199074,0.000223227762035,0.0002865687711164,0.0003867708728648,0.3043281733989715,17.729572296142578,1.193644642829895,6.748686428181827e-05
dgv264dt,2G,expfm_2g,explicit,0,520028160.0,1967.70166015625,445.62109375,0.0006225465331226,0.0003236720222048,0.0004077922494616,0.0005340371280908,0.3125907778739929,17.772815704345703,1.2002675533294678,3.5691904486157e-05
dgv264dt,2G,expfm_2g,explicit,0,530022400.0,1967.849609375,445.455078125,0.0002753893204499,0.0006308603915385,0.0007337670540437,0.0008893363410606,0.3197567760944366,17.256420135498047,1.190656065940857,3.682353781186976e-05
dgv264dt,2G,expfm_2g,explicit,0,540016640.0,1977.2716064453125,445.53515625,0.0005840610247105,0.0015411666827276,0.001762653933838,0.0020106243900954,0.3073275685310364,18.27054977416992,1.1820671558380127,3.955654392484576e-05
dgv264dt,2G,expfm_2g,explicit,0,550010880.0,1954.657470703125,442.4013671875,0.0001202652711072,0.0002364070387557,0.0003126578521914,0.0004297995474189,0.3101345896720886,17.61566162109375,1.2219464778900146,0.0001179888204205
dgv264dt,2G,expfm_2g,explicit,0,560005120.0,1972.10986328125,445.7177734375,8.369560237042606e-05,0.0002216810535173,0.0002956391545012,0.0004121126257814,0.3119712173938751,17.78233528137207,1.196836233139038,3.388043842278421e-05
dgv264dt,2G,expfm_2g,explicit,0,570081280.0,1965.078857421875,445.4619140625,0.0002779698988888,0.000703964557033,0.0008292912971228,0.0010021921480074,0.3028939962387085,18.490835189819336,1.208361268043518,4.135347990086302e-05
dgv264dt,2G,expfm_2g,explicit,0,580075520.0,1957.319580078125,443.1337890625,0.0001954628678504,0.0005123103619553,0.0005992006044834,0.0007236564415507,0.3112781047821045,17.598445892333984,1.192510962486267,0.0001015697125694
dgv264dt,2G,expfm_2g,explicit,0,590069760.0,1981.7926025390625,446.169921875,0.0001670578785706,0.0002380307851126,0.000303506210912,0.000400931603508,0.3104426860809326,17.795106887817383,1.170842170715332,2.1471678337547928e-05
dgv264dt,2G,expfm_2g,explicit,0,600064000.0,1976.1494140625,445.228515625,0.0006330204196274,0.000380655110348,0.0004537518834695,0.0005599150317721,0.2975364923477173,18.6112060546875,1.1893291473388672,4.448225809028372e-05
dgv264dt,2G,expfm_2g,explicit,0,610058240.0,1987.802490234375,446.5712890625,0.0001964402908924,0.0002080412959912,0.0002728512627072,0.0003708823351189,0.2997416257858276,18.20368766784668,1.1902363300323486,1.1042202459066177e-05
dgv264dt,2G,expfm_2g,explicit,0,620052480.0,1977.340576171875,446.2734375,0.000106051142211,0.0002855985076166,0.0003649530699476,0.0004829149111174,0.3056953847408294,18.41061782836914,1.187175154685974,1.677045293035917e-05
dgv264dt,2G,expfm_2g,explicit,0,630046720.0,1935.5838623046875,441.9423828125,0.0040886960923671,0.0005412896862253,0.0006452167872339,0.0007910468266345,0.3075824677944183,18.00218963623047,1.2057087421417236,0.0001233242510352
dgv264dt,2G,expfm_2g,explicit,0,640040960.0,1970.44873046875,444.1142578125,0.0028123720549046,0.0009477352141402,0.0010808365186676,0.0012542442418634,0.3007694184780121,18.503427505493164,1.177133321762085,6.626774120377377e-05
dgv264dt,2G,expfm_2g,explicit,0,650035200.0,1974.5142822265625,446.8154296875,0.0010014522122219,0.0011271979892626,0.0013135157059878,0.0015595690347254,0.3069342076778412,17.871116638183594,1.2024167776107788,2.2816880118625704e-06
dgv264dt,2G,expfm_2g,explicit,0,660029440.0,1976.99951171875,445.0771484375,0.0013048646505922,0.0008203659090213,0.0009400231065228,0.0011027867440134,0.3114435970783233,17.707740783691406,1.1795103549957275,6.997943273745477e-05
dgv264dt,2G,expfm_2g,explicit,0,670023680.0,1963.58642578125,443.443359375,0.0001936992339324,0.0010222857818007,0.0011875762138515,0.0014200648292899,0.3005327582359314,18.047971725463867,1.1930055618286133,9.233132004737854e-05
dgv264dt,2G,expfm_2g,explicit,0,680017920.0,1990.2734375,446.3955078125,0.0012961204629391,0.0007205549045465,0.0008103873115032,0.000931434566155,0.2967455387115478,18.784591674804688,1.161113739013672,1.0260940143780315e-05
dgv264dt,2G,expfm_2g,explicit,0,690012160.0,1990.05712890625,446.30078125,0.0001171516778413,0.0002251179394079,0.0002947046305052,0.0003980804176535,0.2914427816867828,19.065696716308597,1.1691206693649292,1.687191252131015e-05
dgv264dt,2G,expfm_2g,explicit,0,700006400.0,1986.9718017578125,445.62890625,0.0001458538754377,0.0014296504668891,0.0016648710006847,0.0019538961350917,0.2888820767402649,19.251707077026367,1.1692707538604736,2.7984564439975657e-05
dgv264dt,2G,expfm_2g,explicit,0,710000640.0,1990.740478515625,446.265625,0.0020743238274008,0.0007122384267859,0.0008340893546119,0.0009947391226887,0.2969892919063568,18.445297241210938,1.163494348526001,1.6918160326895304e-05
dgv264dt,2G,expfm_2g,explicit,0,720076800.0,1984.0809326171875,445.8232421875,0.0018132019322365,0.00525713711977,0.0058023454621434,0.0064096795395016,0.3047956526279449,18.075572967529297,1.1772301197052002,3.016969822056126e-05
dgv264dt,2G,expfm_2g,explicit,0,730071040.0,1988.697509765625,445.7041015625,0.0001919846981763,0.0002203048643423,0.0002893299097195,0.0003926103236153,0.2931330502033233,18.910194396972656,1.1632379293441772,3.020108852069825e-05
dgv264dt,2G,expfm_2g,explicit,0,740065280.0,1988.382568359375,445.673828125,0.0001931673905346,0.0005702223279513,0.000668131862767,0.0008039231761358,0.3087666034698486,18.327869415283203,1.1726092100143433,3.634071254055016e-05
dgv264dt,2G,expfm_2g,explicit,0,750059520.0,1996.54541015625,446.8203125,0.0004442910139914,0.0035228303167968,0.0039563835598528,0.0044313352555036,0.2973141074180603,18.607023239135746,1.1693847179412842,2.353162699364475e-06
dgv264dt,2G,expfm_2g,explicit,0,760053760.0,1991.866943359375,446.1630859375,0.0001722363522276,0.0002872244513127,0.0003639776550699,0.0004785300989169,0.2959382236003876,18.50631332397461,1.1732699871063232,1.76067442225758e-05
dgv264dt,2G,expfm_2g,explicit,0,770048000.0,1987.2423095703125,445.3515625,0.0001124118789448,0.0003932243271265,0.0005158440908417,0.0006958896410651,0.3030973672866821,18.16138458251953,1.1585664749145508,4.522384188021533e-05
dgv264dt,2G,expfm_2g,explicit,0,780042240.0,1994.0499267578125,446.453125,0.0004639615945052,0.0019207100849598,0.0021375375799834,0.0024061664007604,0.2915041148662567,19.3194637298584,1.1666858196258545,1.5646477550035343e-05
dgv264dt,2G,expfm_2g,explicit,0,790036480.0,1991.010009765625,446.0205078125,0.0006797856767661,0.0004353819531388,0.0005247114459052,0.0006503869080916,0.2945770621299743,18.471567153930664,1.1648900508880615,2.8971729989279996e-05
dgv264dt,2G,expfm_2g,explicit,0,800030720.0,1988.56982421875,446.0673828125,0.0003602417127694,0.0008088059257715,0.0009415794629603,0.0011267801746726,0.2940458655357361,18.965087890625,1.1818759441375732,1.9622028048615903e-05
dgv264dt,2G,expfm_2g,explicit,0,810024960.0,1997.61669921875,446.48828125,0.0002042744599748,0.0003578721662051,0.0004295389808248,0.0005292853456921,0.2849528789520263,19.673728942871094,1.164583444595337,9.117031368077733e-06
dgv264dt,2G,expfm_2g,explicit,0,820019200.0,2001.0120849609373,446.837890625,0.0003437850973568,0.0009260941296815,0.0010330218356102,0.0011777412146329,0.2978546023368835,18.583778381347656,1.1551811695098877,0.0
dgv264dt,2G,expfm_2g,explicit,0,830013440.0,1976.908447265625,444.6123046875,0.0003903055912815,0.0003791821654886,0.0004549257864709,0.0005617868155241,0.2894031107425689,19.54779815673828,1.1667416095733645,6.040403968654573e-05
dgv264dt,2G,expfm_2g,explicit,0,840007680.0,1996.0753173828125,445.5634765625,7.495231693610549e-05,0.0002390232984907,0.0003041906747967,0.0004013083525933,0.2933538258075714,18.795907974243164,1.150309920310974,5.825821790494956e-05
dgv264dt,2G,expfm_2g,explicit,0,850001920.0,1991.692138671875,446.421875,0.0020510286558419,0.0008809124119579,0.0010415409924462,0.0012416479876264,0.3042968511581421,17.916362762451172,1.16878080368042,1.0769470463856123e-05
dgv264dt,2G,expfm_2g,explicit,0,860078080.0,1998.6597900390625,446.6748046875,0.0024664965458214,0.0004289572825655,0.0005276341107673,0.0006708193104714,0.2962189316749573,18.78439712524414,1.1600443124771118,3.643890067905886e-06
dgv264dt,2G,expfm_2g,explicit,0,870072320.0,1998.600341796875,446.3115234375,0.0006415779353119,0.0021556946448981,0.0023695055861026,0.0026423966046422,0.2897263467311859,19.229551315307617,1.1575431823730469,1.3113801287545355e-05
dgv264dt,2G,expfm_2g,explicit,0,880066560.0,1983.054443359375,446.138671875,0.0059487172402441,0.0009828815236687,0.0011122216237708,0.0012797317467629,0.294138103723526,19.195804595947266,1.1726064682006836,2.383508763159625e-05
dgv264dt,2G,expfm_2g,explicit,0,890060800.0,1993.822509765625,446.1650390625,0.0002299331972608,0.0005455026985146,0.0006616178434342,0.000827603333164,0.2968040108680725,18.59010124206543,1.152317762374878,1.4654674487246666e-05
dgv264dt,2G,expfm_2g,explicit,0,900055040.0,1993.982421875,445.3916015625,0.0007874814327806,0.0004004203365184,0.0004728708881884,0.0005756905884481,0.2881602644920349,19.088054656982425,1.164973258972168,3.945122080040164e-05
dgv264dt,2G,expfm_2g,explicit,0,910049280.0,1992.14599609375,446.220703125,0.0005952476058155,0.0006841449066996,0.0007937224581837,0.0009396425448358,0.2897754609584808,19.103479385375977,1.1596423387527466,1.5083509424584918e-05
dgv264dt,2G,expfm_2g,explicit,0,920043520.0,1989.6650390625,445.7607421875,0.0001709376520011,0.0019331395160406,0.0021011324133723,0.0023235988337546,0.2891598343849182,19.13768768310547,1.170339822769165,2.643916377564892e-05
dgv264dt,2G,expfm_2g,explicit,0,930037760.0,1999.418212890625,446.5927734375,0.0011359420605003,0.0002038168313447,0.0002639746526256,0.0003527779772412,0.282594621181488,19.780086517333984,1.167987823486328,5.7444854064669926e-06
dgv264dt,2G,expfm_2g,explicit,0,940032000.0,1990.88623046875,444.7001953125,0.0001536901690997,0.0003373538493178,0.0004087765701115,0.0005112960934638,0.2897308766841888,18.60490226745605,1.1621360778808594,6.026984192430973e-05
dgv264dt,2G,expfm_2g,explicit,0,950026240.0,1995.8505859375,446.826171875,0.0004914687597192,0.0031954897567629,0.0035882655065506,0.0040471265092492,0.2994728088378906,18.40271759033203,1.1622207164764404,2.255340632473235e-06
dgv264dt,2G,expfm_2g,explicit,0,960020480.0,2001.894287109375,446.4013671875,0.0011953979264944,0.0003167134418617,0.0003873973619192,0.0004873356956522,0.2887855470180511,19.403173446655277,1.146142601966858,2.048375790764112e-05
dgv264dt,2G,expfm_2g,explicit,0,970014720.0,1997.4476318359373,445.8388671875,0.0003984012582805,0.0002674766001291,0.0003455801634117,0.0004577595682349,0.2889343500137329,19.106306076049805,1.15245258808136,2.4548397050239142e-05
dgv264dt,2G,expfm_2g,explicit,0,980008960.0,2002.06787109375,446.3828125,0.0002007973380386,0.0011901413090527,0.0014276023721322,0.0017324950313195,0.2811422348022461,19.535728454589844,1.136879801750183,1.8000888303504325e-05
dgv264dt,2G,expfm_2g,explicit,0,990003200.0,2002.7816162109373,446.6064453125,0.0001928942656377,0.0004158295923843,0.0004995341878384,0.0006167977117002,0.2790400683879852,19.45046615600586,1.1462297439575195,5.960097951174248e-06
dgv264dt,2G,expfm_2g,explicit,0,1000079360.0,1999.418701171875,446.083984375,0.0014618991408497,0.000750066479668,0.0008596527623012,0.0010134608019143,0.2805276215076446,19.796043395996094,1.1515722274780271,3.142889909213409e-05
dgv264dt,2G,expfm_2g,explicit,0,1010073600.0,2006.90283203125,446.60546875,0.0021049892529845,0.0003103732597082,0.000387733860407,0.0004996023490093,0.2820576131343841,19.464710235595703,1.1409168243408203,6.613357527385233e-06
dgv264dt,2G,expfm_2g,explicit,0,1020067840.0,2004.6912841796875,446.0458984375,0.0009381921263411,0.0008976121316663,0.0010138296056538,0.001164115499705,0.2805793583393097,19.64527702331543,1.1415810585021973,1.604861972737126e-05
dgv264dt,2G,expfm_2g,explicit,0,1030062080.0,2008.047607421875,446.5986328125,0.0001584832352818,0.0004607041191775,0.0005458105588331,0.000662398932036,0.2806839346885681,19.75019645690918,1.1306161880493164,8.283776878670324e-06
dgv264dt,2G,expfm_2g,explicit,0,1040056320.0,2006.330810546875,446.837890625,0.0037342621944844,0.0007832631235942,0.0009617599425837,0.0011810378637164,0.2894222736358642,19.286052703857425,1.1456623077392578,0.0
dgv264dt,2G,expfm_2g,explicit,0,1050050560.0,2006.665283203125,446.8349609375,9.467214840697125e-05,0.0003089279634878,0.0004004038055427,0.0005375164910219,0.279640793800354,19.733436584472656,1.1475489139556885,2.026063384619192e-06
dgv264dt,2G,expfm_2g,explicit,0,1060044800.0,2002.4083251953125,446.5224609375,0.0010845437645912,0.0002893549681175,0.0003758775710593,0.0005014072521589,0.2886801064014435,18.253582000732425,1.138141632080078,8.95063658390427e-06
dgv264dt,2G,expfm_2g,explicit,0,1070039040.0,1994.6256103515625,446.8349609375,0.0015265116235241,0.0004422308993525,0.0005212443065829,0.0006305351271294,0.2960419952869415,18.9576416015625,1.159792423248291,2.160536496376153e-06
dgv264dt,2G,expfm_2g,explicit,0,1080033280.0,2002.27294921875,445.4580078125,0.0013454223517328,0.0002638074511196,0.000342759565683,0.0004590210155583,0.2883840799331665,19.63678359985352,1.1504645347595217,4.3166994146304205e-05
dgv264dt,2G,expfm_2g,explicit,0,1090027520.0,2007.259521484375,446.140625,0.0002220642199972,0.002500772010535,0.0028468761593103,0.0032588324975222,0.286768764257431,19.21541786193848,1.1362876892089844,2.218551526311785e-05
dgv264dt,2G,expfm_2g,explicit,0,1100021760.0,2002.1435546875,445.83984375,0.0004432600107975,0.001885384437628,0.0021177686285227,0.0024315626360476,0.2857325077056885,19.105640411376957,1.144181489944458,2.7881073037860915e-05
dgv264dt,2G,expfm_2g,explicit,0,1110016000.0,2004.1053466796875,446.408203125,0.0013625815045088,0.000321516796248,0.0003909086226485,0.0004884981317445,0.2826540470123291,19.855173110961918,1.144465446472168,1.3193515769671649e-05
dgv264dt,2G,expfm_2g,explicit,0,1120010240.0,2007.487548828125,446.83203125,0.0009263143874704,0.000343589897966,0.0004151333414483,0.0005168849020265,0.2772174775600433,19.714649200439453,1.1276907920837402,4.544142029772047e-06
dgv264dt,2G,expfm_2g,explicit,0,1130004480.0,2010.7159423828125,446.484375,0.0001793732080841,0.0005931754712946,0.0007066398975439,0.0008600633591413,0.2841026782989502,19.483470916748047,1.1313670873641968,2.3818596673663706e-05
dgv264dt,2G,expfm_2g,explicit,0,1140080640.0,2000.2598876953125,446.1796875,0.0001469923445256,0.0003219954669475,0.0004177700029686,0.000559359032195,0.2936764061450958,18.6479606628418,1.144346833229065,1.4751689377590084e-05
dgv264dt,2G,expfm_2g,explicit,0,1150074880.0,1999.078857421875,445.2373046875,0.0008498475071974,0.0003645493707153,0.0004372598486952,0.0005444857524707,0.2830927968025207,19.455307006835938,1.1345162391662598,5.219800368649885e-05
dgv264dt,2G,expfm_2g,explicit,0,1160069120.0,2005.064697265625,446.837890625,0.0001460759085603,0.0005903005949221,0.0007168864831328,0.0008984404266811,0.2933122813701629,18.79177474975586,1.1504757404327393,0.0
dgv264dt,2G,expfm_2g,explicit,0,1170063360.0,2005.705810546875,446.833984375,0.0006365529261529,0.0019805806223303,0.002225070958957,0.0025238993111997,0.2818975746631622,19.662839889526367,1.145252704620361,2.2449712560046464e-06
dgv264dt,2G,expfm_2g,explicit,0,1180057600.0,2003.90576171875,446.224609375,0.0001231942442245,0.0002420543896732,0.0003128643729723,0.0004170791071373,0.272875040769577,20.338285446166992,1.1464816331863403,3.352671046741307e-05
dgv264dt,2G,expfm_2g,explicit,0,1190051840.0,2010.89990234375,446.384765625,0.0007717499393038,0.0002312899450771,0.000301364227198,0.0004031723365187,0.2730737924575805,19.971698760986328,1.1239564418792725,1.0690650015021674e-05
dgv264dt,2G,expfm_2g,explicit,0,1200046080.0,2007.662841796875,446.556640625,0.0002805984113365,0.0004748103965539,0.0005514583317562,0.000655589159578,0.2754164338111877,20.36902618408203,1.1325985193252563,6.602604116778821e-06
dgv264dt,2G,expfm_2g,explicit,0,1210040320.0,2008.57666015625,446.39453125,9.81710181804374e-05,0.0005106210010126,0.0006077346624806,0.0007439540349878,0.2728144526481628,20.07034111022949,1.1376005411148071,1.0077215847559272e-05
dgv264dt,2G,expfm_2g,explicit,0,1220034560.0,1991.62060546875,446.037109375,8.719258767087013e-05,0.0003392354701645,0.0004176689544692,0.0005270654801279,0.2733567357063293,20.34142303466797,1.1385750770568848,1.4514634131046478e-05
dgv264dt,2G,expfm_2g,explicit,0,1230028800.0,2007.055908203125,445.830078125,0.0002007435832638,0.0007806267240084,0.0009285158012062,0.0011232247343286,0.2810702621936798,19.84960174560547,1.1395448446273804,3.6769186408491805e-05
dgv264dt,2G,expfm_2g,explicit,0,1240023040.0,2010.5567626953125,446.5732421875,0.0001356169814243,0.000389755499782,0.0004782029718626,0.0006047686329111,0.2767484188079834,19.496915817260746,1.136878490447998,6.598394975299016e-06
dgv264dt,2G,expfm_2g,explicit,0,1250017280.0,1994.5166015625,446.484375,0.0002165194164263,0.0008481652475893,0.0010996116325259,0.0014692088589072,0.2888824641704559,19.088022232055664,1.1542398929595947,2.3818596673663706e-05
dgv264dt,2G,expfm_2g,explicit,0,1260011520.0,2010.710693359375,446.7529296875,8.057568629737943e-05,0.0002613909018691,0.0003397394611965,0.0004549926379695,0.2776943147182464,19.7291259765625,1.1330924034118652,9.38227185542928e-06
dgv264dt,2G,expfm_2g,explicit,0,1270005760.0,1994.938720703125,446.06640625,0.0019191917963325,0.0047620935365557,0.0052659856155514,0.0058720195665955,0.2847242355346679,20.00510025024414,1.1521190404891968,4.761904710903764e-05
dgv264dt,2G,expfm_2g,explicit,0,1280000000.0,2008.8125,446.744140625,0.0001893680455395,0.0003289788728579,0.0004252036451362,0.000570457894355,0.2915930151939392,18.695749282836918,1.1303389072418213,3.120007932011504e-06
dgv264dt,2G,expfm_2g,explicit,0,1290076160.0,2001.812744140625,445.47265625,0.0002503357536625,0.0039789536967873,0.0044666607864201,0.0051676467992365,0.2788985967636108,20.04669570922852,1.142676591873169,5.082873394712806e-05
dgv264dt,2G,expfm_2g,explicit,0,1300070400.0,1989.651611328125,446.2509765625,0.0005584616446867,0.0044955303892493,0.0050676008686423,0.0056753153912723,0.2867460250854492,19.414987564086918,1.1359176635742188,2.6058463845402e-05
dgv264dt,2G,expfm_2g,explicit,0,1310064640.0,1997.619873046875,444.4755859375,0.0002864982525352,0.0019037947058677,0.0021408777683973,0.0024395794607698,0.2829206883907318,19.56978988647461,1.130076885223389,5.646209319820628e-05
dgv264dt,2G,expfm_2g,explicit,0,1320058880.0,2001.542236328125,446.8173828125,0.0001069795762305,0.0003369316109456,0.0004298364801798,0.0005683979834429,0.2887912094593048,18.784934997558597,1.1329751014709473,2.4053263132373104e-06
dgv264dt,2G,expfm_2g,explicit,0,1330053120.0,2010.2794189453125,446.1494140625,0.0001064565149135,0.0005355055327527,0.0006253868341445,0.0007487389375455,0.2746399939060211,20.59297752380371,1.1215386390686035,1.7874266632134095e-05
dgv264dt,2G,expfm_2g,explicit,0,1340047360.0,2006.3212890625,445.8125,0.0006707684369757,0.0017985351150855,0.002028026850894,0.0023220665752887,0.2729811072349548,20.365482330322266,1.1261026859283447,2.9334585633478127e-05
dgv264dt,2G,expfm_2g,explicit,0,1350041600.0,2001.7169189453125,445.3310546875,0.0001213198265759,0.0004108817956876,0.0005378084606491,0.0007279480923898,0.2782056927680969,19.67797470092773,1.1382290124893188,3.2289448427036405e-05
dgv264dt,2G,expfm_2g,explicit,0,1360035840.0,1997.1422119140625,445.2314453125,0.0039661498740315,0.0095687750726938,0.0105054751038551,0.011747445911169,0.2706632018089294,20.275657653808597,1.1346068382263184,3.956640648539178e-05
dgv264dt,2G,expfm_2g,explicit,0,1370030080.0,2016.35595703125,446.837890625,0.0001080208458006,0.0002998247509822,0.0003805627929978,0.0004991544410586,0.2759474813938141,19.88379669189453,1.1326277256011963,0.0
dgv264dt,2G,expfm_2g,explicit,0,1380024320.0,1946.24658203125,439.3603515625,0.0120620559900999,0.0130662526935338,0.0164730139076709,0.0201824773102998,0.2851625382900238,19.289703369140625,1.153740167617798,0.00018874759553
dgv264dt,2G,expfm_2g,explicit,0,1390018560.0,2013.92822265625,446.5087890625,0.0002174133842345,0.0004071125586051,0.0004955136682838,0.0006196938338689,0.270681232213974,20.41172409057617,1.134687900543213,7.287780135811772e-06
dgv264dt,2G,expfm_2g,explicit,0,1400012800.0,2009.088134765625,446.4765625,0.0002060825063381,0.0006637165788561,0.0008107211906462,0.0010130568407475,0.286532998085022,19.239917755126957,1.136485576629639,1.0639772881404497e-05
dgv264dt,2G,expfm_2g,explicit,0,1410007040.0,2013.6875,446.4990234375,0.0008015193743631,0.0020971684716641,0.0023164581507444,0.0025927731767296,0.2737566530704498,20.240938186645508,1.136303186416626,8.294172403111588e-06
dgv264dt,2G,expfm_2g,explicit,0,1420001280.0,2015.7474365234373,446.671875,0.0002045741857727,0.0002620497252792,0.0003399168199393,0.0004530764708761,0.2730990350246429,20.314903259277344,1.1188511848449707,3.0806388622295344e-06
dgv264dt,2G,expfm_2g,explicit,0,1430077440.0,2003.7962646484373,445.8603515625,0.0001986521092476,0.000645860331133,0.0007572869071736,0.0009036960545927,0.2744695842266083,20.00588607788086,1.1415202617645264,3.184105662512593e-05
dgv264dt,2G,expfm_2g,explicit,0,1440071680.0,2008.38623046875,446.822265625,0.0004840416368097,0.0006187156541272,0.0007182572735473,0.0008553640218451,0.2771183550357818,19.657794952392575,1.1268060207366943,2.3418765522364997e-06
dgv264dt,2G,expfm_2g,explicit,0,1450065920.0,2010.087646484375,446.3486328125,0.0001170353643829,0.0005255297292023,0.0006288663716986,0.0007710159989073,0.2706620991230011,20.1435604095459,1.1199729442596436,1.4487810403807089e-05
dgv264dt,2G,expfm_2g,explicit,0,1460060160.0,2012.3831787109373,445.9912109375,0.000142328790389,0.0002433575864415,0.0003164181252941,0.0004237032262608,0.2815800309181213,19.88489532470703,1.123104214668274,5.113574297865853e-05
dgv264dt,2G,expfm_2g,explicit,0,1470054400.0,1999.0611572265625,445.892578125,0.0035336376167833,0.0003570361877791,0.0004397332668304,0.0005585792823694,0.2773816585540771,19.69622039794922,1.139368772506714,4.195806468487717e-05
dgv264dt,2G,expfm_2g,explicit,0,1480048640.0,2007.6749267578125,445.4033203125,0.0001360268215648,0.0002722567878663,0.0003471769159659,0.0004532262682914,0.273559421300888,19.77538681030273,1.1189650297164917,4.1090635932050645e-05
dgv264dt,2G,expfm_2g,explicit,0,1490042880.0,2007.587158203125,446.4501953125,9.591497655492276e-05,0.0003165105590596,0.0004135115887038,0.000559881562367,0.2782022655010223,19.47063446044922,1.1305893659591677,9.434665116714314e-06
dgv264dt,2G,expfm_2g,explicit,0,1500037120.0,2013.7791748046875,446.4697265625,0.0002693385758902,0.0020825290121138,0.0023465491831302,0.0026620782446116,0.2686935067176819,20.502460479736328,1.116546392440796,9.44072235142812e-06
dgv264dt,2G,expfm_2g,explicit,0,1510031360.0,2002.9774169921875,446.0185546875,0.0001242606231244,0.0004136805073358,0.0005315417074598,0.0007009763503447,0.2705498337745666,20.16559600830078,1.149484634399414,1.80346305569401e-05
dgv264dt,2G,expfm_2g,explicit,0,1520025600.0,2017.0361328125,446.4892578125,0.0005675888387486,0.0006878987769596,0.0008153592934831,0.0009783930145204,0.2624888718128204,20.53286361694336,1.112374186515808,7.398200523311971e-06
dgv264dt,2G,expfm_2g,explicit,0,1530019840.0,2016.513427734375,446.734375,0.0001689104537945,0.0003269665176048,0.0004075957112945,0.0005201647290959,0.2648608982563019,20.579418182373047,1.1205148696899414,5.040072210249491e-06
dgv264dt,2G,expfm_2g,explicit,0,1540014080.0,2016.294189453125,446.470703125,0.0004001584893558,0.0009141558548435,0.001028292812407,0.0011794450692832,0.2611015141010284,20.820314407348636,1.1266701221466064,3.616898175096139e-05
dgv264dt,2G,expfm_2g,explicit,0,1550008320.0,2015.8873291015625,446.2294921875,0.0001191034025396,0.0002319629275007,0.0002972421643789,0.0003914202388841,0.2669232487678528,20.72414779663086,1.122427225112915,4.309787982492708e-05
dgv264dt,2G,expfm_2g,explicit,0,1560002560.0,2013.586669921875,446.33984375,0.0001122175744967,0.0003218589990865,0.0004138028016313,0.0005470337346196,0.2690774500370025,20.206239700317383,1.1278326511383057,2.544130984460935e-05
dgv264dt,2G,expfm_2g,explicit,0,1570078720.0,2012.6221923828125,446.837890625,0.0002877695660572,0.0042043686844408,0.0045712264254689,0.0050137410871684,0.2654564082622528,20.681678771972656,1.1242377758026123,0.0
dgv264dt,2G,expfm_2g,explicit,0,1580072960.0,2011.767822265625,446.0859375,0.0007395320571959,0.0004355410928837,0.0005282099591568,0.0006598233594559,0.2721734344959259,20.281742095947266,1.1203770637512207,4.370670285425149e-05
dgv264dt,2G,expfm_2g,explicit,0,1590067200.0,2017.0728759765625,446.662109375,0.0006301285466179,0.0006005519535392,0.0007010726258158,0.0008365517714992,0.2719217240810394,19.843624114990234,1.1147340536117554,3.180985459039221e-06
dgv264dt,2G,expfm_2g,explicit,0,1600061440.0,2014.902099609375,446.798828125,0.0001193685093312,0.0004369464004412,0.0005662364419549,0.0007479568012058,0.2832364439964294,18.969825744628903,1.1176743507385254,2.3418765522364997e-06
dgv264dt,2G,expfm_2g,explicit,0,1610055680.0,1989.7916259765625,444.703125,0.0022430759854614,0.0074432310648262,0.0085222758352756,0.0098187196999788,0.2709394097328186,20.153779983520508,1.1649240255355835,5.164757021702826e-05
dgv264dt,2G,expfm_2g,explicit,0,1620049920.0,2014.943115234375,446.466796875,0.0001267515035578,0.000400804070523,0.0004894887097179,0.0006122997729107,0.2735637128353119,20.174692153930664,1.1235369443893433,4.245923992129974e-05
dgv264dt,2G,expfm_2g,explicit,0,1630044160.0,2014.8170166015625,446.75,0.0014669055817648,0.0014505961444228,0.0016676549566909,0.0019410536624491,0.2680134177207947,20.32511329650879,1.128403663635254,4.792714207724202e-06
dgv264dt,2G,expfm_2g,explicit,0,1640038400.0,2013.35693359375,446.484375,0.0001998417137656,0.0005540409474633,0.0006602371577173,0.0008036709623411,0.2600162625312805,20.502216339111328,1.1211402416229248,2.3818596673663706e-05
dgv264dt,2G,expfm_2g,explicit,0,1650032640.0,1990.6865234375,445.9345703125,0.0020449045114219,0.0149486940354108,0.0164190717041492,0.0181778986006975,0.2685381174087524,20.345123291015625,1.164541721343994,2.1000285414629616e-05
dgv264dt,2G,expfm_2g,explicit,0,1660026880.0,2018.7315673828125,446.837890625,0.000502334209159,0.0007597941439598,0.0008850676240399,0.0010517040500417,0.2583996653556824,20.898881912231445,1.113916039466858,0.0
dgv264dt,2G,expfm_2g,explicit,0,1670021120.0,2018.6851806640625,446.837890625,0.0007737624691799,0.0004110833688173,0.0005030337488278,0.0006293678889051,0.2656266093254089,20.56423568725586,1.117050290107727,0.0
dgv264dt,2G,expfm_2g,explicit,0,1680015360.0,2015.4398193359373,446.66796875,0.0002111614739987,0.0003559201431926,0.0004428462416399,0.000561150140129,0.2763585448265075,19.45889663696289,1.1277952194213867,5.95604615227785e-06
dgv264dt,2G,expfm_2g,explicit,0,1690009600.0,2015.88037109375,446.2353515625,0.0001118554137065,0.0003452945675235,0.0004477824259083,0.0005960669368505,0.26599782705307,20.55173683166504,1.1171813011169434,1.3010329894314054e-05
dgv264dt,2G,expfm_2g,explicit,0,1700003840.0,2009.233154296875,445.5615234375,0.0064131491817533,0.0012293579056859,0.0014474847121164,0.0017176858382299,0.2697674930095672,20.339519500732425,1.125817060470581,5.886835788260214e-05
dgv264dt,2G,expfm_2g,explicit,0,1710080000.0,2016.932373046875,446.837890625,0.0047236885875463,0.0004992699250578,0.0005859097000211,0.000704746460542,0.2694492638111114,20.208972930908203,1.128678560256958,0.0
dgv264dt,2G,expfm_2g,explicit,0,1720074240.0,2022.7109375,446.837890625,0.0003169316914863,0.000288720941171,0.0003560041077435,0.0004523917159531,0.2623428404331207,20.848777770996094,1.1093463897705078,0.0
dgv264dt,2G,expfm_2g,explicit,0,1730068480.0,2015.3929443359373,446.20703125,0.0001223771687364,0.0005339419585652,0.0006490373634733,0.0008007451542653,0.2732843160629272,20.356128692626957,1.1165226697921753,1.9466757294139825e-05
dgv264dt,2G,expfm_2g,explicit,0,1740062720.0,2016.6824951171875,446.4951171875,0.0001971153542399,0.0004599608655553,0.0005439886590465,0.0006634924793615,0.2717891633510589,19.919597625732425,1.1121971607208252,1.3177361324778758e-05
dgv264dt,2G,expfm_2g,explicit,0,1750056960.0,2022.269287109375,446.716796875,0.000487336772494,0.0008172717643901,0.000959281460382,0.0011221027234569,0.2659627497196197,20.50263023376465,1.1183137893676758,3.120007932011504e-06
dgv264dt,2G,expfm_2g,explicit,0,1760051200.0,2011.536376953125,446.48046875,0.0003284885606262,0.0114587787538766,0.012878056615591,0.014457382261753,0.2658190131187439,20.29557037353516,1.1097928285598757,8.807382073428016e-06
dgv264dt,2G,expfm_2g,explicit,0,1770045440.0,2008.02734375,446.5,0.0019742420408874,0.0009514230769127,0.0011113788932561,0.0013129144208505,0.2657156586647033,20.255395889282227,1.116804122924805,1.3887296518078074e-05
dgv264dt,2G,expfm_2g,explicit,0,1780039680.0,2011.21240234375,445.9609375,0.0016183814732357,0.0026513952761888,0.0029715693090111,0.0033723837696015,0.2642492949962616,19.56787109375,1.124792218208313,1.7085647414205596e-05
dgv264dt,2G,expfm_2g,explicit,0,1790033920.0,2019.4552001953125,446.3974609375,0.0001186954905278,0.0008944731089286,0.0010168158914893,0.001177173689939,0.2638725042343139,20.65513610839844,1.1186342239379885,3.637225381680764e-05
dgv264dt,2G,expfm_2g,explicit,0,1800028160.0,2021.81640625,446.61328125,0.0001806640066206,0.0003784192958846,0.0004590305034071,0.0005735175218433,0.2616674900054931,20.36910629272461,1.1074000597000122,6.034131729393266e-06
dgv264dt,2G,expfm_2g,explicit,0,1810022400.0,2012.5177001953125,446.40234375,0.0001577042858116,0.000369161251001,0.000469739024993,0.00061449612258,0.2709138095378876,20.186988830566406,1.1250613927841189,1.684908966126386e-05
dgv264dt,2G,expfm_2g,explicit,0,1820016640.0,2014.5733642578125,446.1181640625,0.0001789077796274,0.0006356369704008,0.0007622928824275,0.0009380689589306,0.2713150084018707,20.26541328430176,1.1205365657806396,2.1482135707628917e-05
dgv264dt,2G,expfm_2g,explicit,0,1830010880.0,2017.088134765625,446.236328125,0.0005595783004537,0.001271836576052,0.0014368155971169,0.0016408679075539,0.2636670172214508,20.580034255981445,1.121003270149231,1.5076086128829049e-05
dgv264dt,2G,expfm_2g,explicit,0,1840005120.0,2019.267333984375,446.513671875,9.84551734291017e-05,0.0002709722029976,0.0003480440354906,0.0004586227587424,0.2672466933727264,20.581701278686523,1.1212050914764404,8.797860573395155e-06
dgv264dt,2G,expfm_2g,explicit,0,1850081280.0,2014.4375,446.265625,0.0001017454487737,0.0002588160859886,0.0003246488922741,0.0004193144850432,0.267003446817398,20.19105529785156,1.1170575618743896,1.892189175123349e-05
dgv264dt,2G,expfm_2g,explicit,0,1860075520.0,2019.199951171875,446.3203125,0.0003282463003415,0.0003521107719279,0.0004432924324646,0.0005740512278862,0.2617672383785248,21.00074005126953,1.1148898601531982,1.1216315215278884e-05
dgv264dt,2G,expfm_2g,explicit,0,1870069760.0,2023.214599609375,446.837890625,0.0003026951453648,0.0003362523857504,0.0004136892966926,0.0005263556959107,0.2626521587371826,20.385866165161133,1.101459264755249,0.0
dgv264dt,2G,expfm_2g,explicit,0,1880064000.0,2011.48095703125,446.2421875,0.0001427537645213,0.000479419803014,0.0006207390688359,0.0008299207547679,0.268329381942749,20.16482162475586,1.1027162075042725,3.0893868824932724e-05
dgv264dt,2G,expfm_2g,explicit,0,1890058240.0,2013.962646484375,446.837890625,0.0001701598230283,0.0007505046669393,0.0008630821248516,0.0010133500909432,0.2656508088111877,20.20486068725586,1.1257245540618896,0.0
dgv264dt,2G,expfm_2g,explicit,0,1900052480.0,2022.150634765625,446.837890625,0.0006439984426833,0.0003471057279966,0.0004208499740343,0.0005217546131461,0.2665053308010101,20.73687744140625,1.1096850633621216,0.0
dgv264dt,2G,expfm_2g,explicit,0,1910046720.0,2011.865478515625,446.283203125,0.0004136481438763,0.0028408202342689,0.0032942635007202,0.0038968566805124,0.2767883241176605,19.25054168701172,1.120675563812256,1.3454618965624832e-05
dgv264dt,2G,expfm_2g,explicit,0,1920040960.0,2021.4603271484373,446.8251953125,0.0002916677040047,0.0008001785608939,0.0009265118278563,0.0010976166231557,0.2709703743457794,20.33444023132324,1.117324709892273,2.199465143348789e-06
dgv264dt,2G,expfm_2g,explicit,0,1930035200.0,2008.1995849609373,445.7685546875,0.0027095396071672,0.0050364956259727,0.0057178186252713,0.0066492338664829,0.267559140920639,20.61875534057617,1.121325969696045,4.424142389325425e-05
dgv264dt,2G,expfm_2g,explicit,0,1940029440.0,2021.001708984375,446.6474609375,0.0002762782969512,0.0007571429014205,0.0008768684929236,0.0010398784652352,0.261745810508728,20.795734405517575,1.1056585311889648,4.398930286697578e-06
dgv264dt,2G,expfm_2g,explicit,0,1950023680.0,2000.984619140625,446.099609375,0.0007152509060688,0.001205890905112,0.0014006500132381,0.0016528922133147,0.2721277177333832,19.575706481933597,1.1420916318893433,4.579741289489903e-05
dgv264dt,2G,expfm_2g,explicit,0,1960017920.0,2024.326416015625,446.2998046875,0.0002615106932353,0.0003208420530427,0.000392971385736,0.0004932245938107,0.2553016245365143,21.0760440826416,1.098305583000183,1.3164207302907016e-05
dgv264dt,2G,expfm_2g,explicit,0,1970012160.0,2019.1903076171875,446.837890625,0.0012026244075968,0.0010540096554905,0.0012411364587023,0.0014772294089198,0.2777308821678161,19.859590530395508,1.1167296171188354,0.0
dgv264dt,2G,expfm_2g,explicit,0,1980006400.0,2021.8251953125,446.837890625,0.0004166428698226,0.0004258117987774,0.0005059012328274,0.0006152002024464,0.2597539126873016,21.43341827392578,1.0915108919143677,0.0
dgv264dt,2G,expfm_2g,explicit,0,1990000640.0,2020.0814208984373,446.5087890625,0.0001190194743685,0.0002869153686333,0.000355614174623,0.0004529503639787,0.2616444230079651,20.49794578552246,1.1071083545684814,1.4796401046623942e-05
dgv264dt,2G,expfm_2g,explicit,0,2000076800.0,2012.692138671875,446.482421875,0.0001651008351473,0.0003962346818298,0.0005036551738157,0.0006559877074323,0.2754108607769012,19.68779563903809,1.119375467300415,1.0160022611671591e-05
itedqjyt,2G,expfm_2g,explicit,10,10076160.0,537.0182495117188,208.9541015625,0.0601749382913112,0.0549591295421123,0.0754792541265487,0.1315673589706421,0.615886390209198,5.663734436035156,2.53367280960083,0.0122277168557047
itedqjyt,2G,expfm_2g,explicit,10,20070400.0,631.9976806640625,230.0224609375,0.0523001924157142,0.05044512078166,0.0742171704769134,0.1254371255636215,0.5544303059577942,6.485189437866211,2.408850908279419,0.0095653953030705
itedqjyt,2G,expfm_2g,explicit,10,30064640.0,724.2589721679688,245.681640625,0.0487966760993003,0.0611374899744987,0.0890155285596847,0.1361585259437561,0.5297234058380127,6.111774444580078,2.285783290863037,0.0081537319347262
itedqjyt,2G,expfm_2g,explicit,10,40058880.0,781.3024291992188,258.6376953125,0.0439726300537586,0.0575913451611995,0.0830011516809463,0.1226258799433708,0.5069493055343628,6.763750076293945,2.120647430419922,0.0073603838682174
itedqjyt,2G,expfm_2g,explicit,10,50053120.0,849.343017578125,267.6962890625,0.0395898409187793,0.0540701523423194,0.0755699351429939,0.1091791689395904,0.4904506206512451,7.304104804992676,1.9802086353302,0.0063932966440916
itedqjyt,2G,expfm_2g,explicit,10,60047360.0,884.8746948242188,276.2919921875,0.0375894233584404,0.0473494678735733,0.0680840909481048,0.0988797172904014,0.4737280309200287,7.925450325012207,1.988421440124512,0.0058491276577115
itedqjyt,2G,expfm_2g,explicit,10,70041600.0,911.4309692382812,273.9697265625,0.0400570482015609,0.0455305017530918,0.0638463050127029,0.0924271941184997,0.4551161229610443,8.48234748840332,1.796330451965332,0.0059055183082818
itedqjyt,2G,expfm_2g,explicit,10,80035840.0,936.790283203125,277.205078125,0.0373840555548667,0.0430294387042522,0.0612411573529243,0.090303286910057,0.4509609639644623,8.571878433227539,1.768174409866333,0.0058743222616612
itedqjyt,2G,expfm_2g,explicit,10,90030080.0,935.35498046875,274.74609375,0.0378079153597354,0.0439775586128234,0.0619315542280674,0.090750515460968,0.4585871398448944,9.156330108642578,1.70982027053833,0.005808790680021
itedqjyt,2G,expfm_2g,explicit,10,100024320.0,985.526611328125,289.8759765625,0.0355002284049987,0.0419039204716682,0.0595535337924957,0.0885372459888458,0.4554843306541443,9.28932762145996,1.7111902236938477,0.0049403179436922
itedqjyt,2G,expfm_2g,explicit,10,110018560.0,1019.7987670898438,296.0634765625,0.0410539656877517,0.0405519530177116,0.0571775138378143,0.0843787044286727,0.4543028771877289,9.4951171875,1.7115778923034668,0.0047179572284221
itedqjyt,2G,expfm_2g,explicit,10,120012800.0,1040.7637939453125,302.7822265625,0.0396518260240554,0.0417184382677078,0.0590505748987197,0.0885678604245185,0.4518688023090362,9.752992630004885,1.716665506362915,0.0045240786857903
itedqjyt,2G,expfm_2g,explicit,10,130007040.0,1105.34619140625,318.798828125,0.0441852062940597,0.0419567041099071,0.0600650608539581,0.0913924425840377,0.4521649479866028,10.176487922668455,1.759294033050537,0.0040249899029731
itedqjyt,2G,expfm_2g,explicit,10,140001280.0,1181.2315673828125,332.0126953125,0.0400169119238853,0.0420010685920715,0.059378158301115,0.0908550918102264,0.4441807568073272,10.049457550048828,1.6572275161743164,0.0037857228890061
itedqjyt,2G,expfm_2g,explicit,10,150077440.0,1213.0185546875,335.9169921875,0.0429022163152694,0.0405487343668937,0.0575933903455734,0.0884559825062751,0.4550593495368957,10.271392822265623,1.6689776182174685,0.0035919235087931
itedqjyt,2G,expfm_2g,explicit,10,160071680.0,1254.02099609375,342.74609375,0.0417568497359752,0.0408998504281044,0.0575491860508918,0.0875816047191619,0.4524882435798645,10.599096298217772,1.6079630851745603,0.003286417806521
itedqjyt,2G,expfm_2g,explicit,10,170065920.0,1327.36767578125,357.6884765625,0.0403166636824607,0.0416224971413612,0.0586477667093277,0.089439257979393,0.4548082947731018,10.539026260375977,1.5707831382751465,0.0028479697648435
itedqjyt,2G,expfm_2g,explicit,10,180060160.0,1363.3978271484375,366.4970703125,0.0366349257528781,0.0390235185623168,0.0553828738629817,0.0848200693726539,0.4574277698993683,10.731271743774414,1.5416786670684814,0.0025874837301671
itedqjyt,2G,expfm_2g,explicit,10,190054400.0,1411.67919921875,373.123046875,0.0381148606538772,0.0391940660774707,0.0554667674005031,0.0852140188217163,0.4478082060813904,10.750687599182127,1.5486798286437988,0.002410331275314
itedqjyt,2G,expfm_2g,explicit,10,200048640.0,1441.472412109375,373.6416015625,0.0372565574944019,0.0411213338375091,0.0572940558195114,0.0861182883381843,0.4438374638557434,11.529033660888672,1.4819623231887815,0.0024172139819711
itedqjyt,2G,expfm_2g,explicit,10,210042880.0,1474.9818115234375,378.982421875,0.0347690284252166,0.0381964892148971,0.0539286360144615,0.0827239006757736,0.4462305903434753,11.465296745300291,1.463648557662964,0.0022190168965607
itedqjyt,2G,expfm_2g,explicit,10,220037120.0,1491.0628662109375,380.40234375,0.03421575948596,0.0388507172465324,0.0539956763386726,0.0810198113322258,0.4433631300926208,11.910955429077148,1.4532928466796875,0.002201669383794
itedqjyt,2G,expfm_2g,explicit,10,230031360.0,1538.90576171875,391.91015625,0.0306663811206817,0.0375146158039569,0.0526151284575462,0.0797844678163528,0.435666024684906,11.419443130493164,1.450929880142212,0.0017613841919228
itedqjyt,2G,expfm_2g,explicit,10,240025600.0,1537.41455078125,390.283203125,0.0310612469911575,0.0374375246465206,0.0528401993215084,0.0804771184921264,0.4315007030963897,11.646892547607422,1.494434833526611,0.0017992709763348
itedqjyt,2G,expfm_2g,explicit,10,250019840.0,1575.23193359375,396.71484375,0.0306610092520713,0.0371422879397869,0.052379123866558,0.0803507640957832,0.4345372319221496,12.067582130432127,1.4326164722442627,0.0016399060841649
itedqjyt,2G,expfm_2g,explicit,10,260014080.0,1595.1834716796875,400.7119140625,0.0295097269117832,0.0375169590115547,0.0524378046393394,0.0791864246129989,0.4338531494140625,12.468242645263672,1.4571479558944702,0.0014839346986263
itedqjyt,2G,expfm_2g,explicit,10,270008320.0,1557.31591796875,392.93359375,0.0318415835499763,0.0375071801245212,0.0531776435673236,0.0826002731919288,0.4230645000934601,12.473651885986328,1.4963819980621338,0.0017421040683984
itedqjyt,2G,expfm_2g,explicit,10,280002560.0,1589.3623046875,394.7900390625,0.030581647530198,0.0346257537603378,0.0487902760505676,0.0742503255605697,0.4266060292720794,12.85366439819336,1.4364290237426758,0.0017171495128422
itedqjyt,2G,expfm_2g,explicit,10,290078720.0,1628.151123046875,405.7958984375,0.0273721329867839,0.0347358807921409,0.0493498221039772,0.0761350095272064,0.4335254430770874,12.65412425994873,1.453282594680786,0.0012713067699223
itedqjyt,2G,expfm_2g,explicit,10,300072960.0,1665.874755859375,412.1767578125,0.0271838940680027,0.0351056084036827,0.0494483411312103,0.0760869309306144,0.425917774438858,12.78375244140625,1.4414507150650024,0.0012013523373752
itedqjyt,2G,expfm_2g,explicit,10,310067200.0,1627.879638671875,406.138671875,0.0274856034666299,0.0334682278335094,0.0476177707314491,0.0728856176137924,0.4279128015041351,12.95620346069336,1.4547760486602783,0.0014053471386432
itedqjyt,2G,expfm_2g,explicit,10,320061440.0,1659.67724609375,409.73828125,0.0289393663406372,0.0434495136141777,0.0584319680929183,0.0844879746437072,0.4296510517597198,13.019545555114746,1.4200600385665894,0.0012271347222849
itedqjyt,2G,expfm_2g,explicit,10,330055680.0,1673.1488037109375,412.025390625,0.026694968342781,0.0330198109149932,0.0472495220601558,0.0733596086502075,0.4225609004497528,12.9733247756958,1.421986103057861,0.0011418156791478
itedqjyt,2G,expfm_2g,explicit,10,340049920.0,1647.24072265625,407.3291015625,0.0284026451408863,0.0338650718331337,0.0480757877230644,0.0731666982173919,0.4103331267833709,13.56176471710205,1.4498043060302734,0.0012671549338847
itedqjyt,2G,expfm_2g,explicit,10,350044160.0,1717.21826171875,420.7373046875,0.0254081543534994,0.0329812727868557,0.0472864285111427,0.0728731304407119,0.4157807528972626,13.083828926086426,1.4198368787765503,0.0008078537648543
itedqjyt,2G,expfm_2g,explicit,10,360038400.0,1684.843994140625,411.3125,0.0269061289727687,0.0315157622098922,0.0454221293330192,0.0709719359874725,0.4152811467647552,13.76616096496582,1.4242172241210938,0.0013208962045609
itedqjyt,2G,expfm_2g,explicit,10,370032640.0,1680.373779296875,407.48046875,0.0265682060271501,0.0319927930831909,0.0457892529666423,0.0707814767956733,0.4122755229473114,13.544103622436523,1.404574632644653,0.0012907516211271
itedqjyt,2G,expfm_2g,explicit,10,380026880.0,1722.87255859375,420.677734375,0.0253952369093894,0.0321358740329742,0.0463207624852657,0.0720497444272041,0.4150237739086151,13.120771408081056,1.4023115634918213,0.0008629572694189
itedqjyt,2G,expfm_2g,explicit,10,390021120.0,1701.7794189453125,412.8564453125,0.0257098898291587,0.0310356821864843,0.0446524694561958,0.0700327828526496,0.4157984554767608,13.805373191833496,1.4219727516174316,0.0010744566097855
itedqjyt,2G,expfm_2g,explicit,10,400015360.0,1648.455810546875,402.494140625,0.0288460999727249,0.0329831466078758,0.0467468872666358,0.0715700984001159,0.4193803071975708,14.082347869873049,1.411518096923828,0.0013310034992173
itedqjyt,2G,expfm_2g,explicit,10,410009600.0,1756.5126953125,425.0537109375,0.0229872353374958,0.0315498113632202,0.0449948236346244,0.0695151984691619,0.4096527695655823,13.73459815979004,1.3839439153671265,0.0006525028729811
itedqjyt,2G,expfm_2g,explicit,10,420003840.0,1694.866943359375,411.248046875,0.0332429856061935,0.0308513939380645,0.0445724055171012,0.069899633526802,0.4136381149291992,14.144474983215332,1.4288780689239502,0.0010763047030195
itedqjyt,2G,expfm_2g,explicit,10,430080000.0,1688.34814453125,409.669921875,0.0265944860875606,0.0313994213938713,0.0449023582041263,0.0698795765638351,0.4207261502742767,14.148270606994627,1.438786864280701,0.0011295764707028
itedqjyt,2G,expfm_2g,explicit,10,440074240.0,1738.80126953125,420.0654296875,0.0232375375926494,0.0295912362635135,0.0419778749346733,0.0640108808875083,0.4061614871025085,14.285174369812012,1.4019734859466553,0.0008350386633537
itedqjyt,2G,expfm_2g,explicit,10,450068480.0,1740.1212158203125,418.431640625,0.0236258283257484,0.0308181215077638,0.0442984998226165,0.0683893859386444,0.4147384464740753,14.466760635375977,1.385655164718628,0.0009874268434941
itedqjyt,2G,expfm_2g,explicit,10,460062720.0,1769.9627685546875,427.5439453125,0.0215416327118873,0.0301961414515972,0.0427744947373867,0.0652519762516021,0.4078196585178375,14.84433937072754,1.3777670860290527,0.0005600647418759
itedqjyt,2G,expfm_2g,explicit,10,470056960.0,1750.578857421875,421.712890625,0.0231174584478139,0.0324631035327911,0.0462282970547676,0.0712867379188537,0.4138565957546234,14.199995040893556,1.3993911743164062,0.0008474555797874
itedqjyt,2G,expfm_2g,explicit,10,480051200.0,1734.8076171875,418.22265625,0.0227109957486391,0.0292937587946653,0.0419212244451046,0.0653385519981384,0.4102213680744171,14.236176490783691,1.376561164855957,0.0008377389749512
itedqjyt,2G,expfm_2g,explicit,10,490045440.0,1762.197509765625,424.904296875,0.0221196822822093,0.0285725910216569,0.040635410696268,0.0626705586910247,0.4013885259628296,14.634864807128906,1.382182478904724,0.0007063432130962
itedqjyt,2G,expfm_2g,explicit,10,500039680.0,1768.406494140625,423.904296875,0.0297359675168991,0.0290171485394239,0.0411060452461242,0.0635705068707466,0.3994071781635284,14.52457046508789,1.3739819526672363,0.0007207972230389
itedqjyt,2G,expfm_2g,explicit,10,510033920.0,1760.236083984375,423.5615234375,0.0231672637164592,0.0287013836205005,0.0413729771971702,0.0644661113619804,0.4031076431274414,14.109917640686035,1.4120748043060305,0.0006937583675608
itedqjyt,2G,expfm_2g,explicit,10,520028160.0,1772.827880859375,423.98828125,0.0237221457064151,0.0296761561185121,0.0420129597187042,0.064889557659626,0.4004708528518677,14.41305923461914,1.3730617761611938,0.0007167703006416
itedqjyt,2G,expfm_2g,explicit,10,530022400.0,1756.0245361328125,422.1240234375,0.0267079062759876,0.0347437150776386,0.0477037653326988,0.0708289891481399,0.4025428593158722,14.589874267578123,1.3990590572357178,0.0007969222497195
itedqjyt,2G,expfm_2g,explicit,10,540016640.0,1790.534423828125,429.962890625,0.0201066173613071,0.0283716581761837,0.0403607040643692,0.0618525110185146,0.408151626586914,14.41217803955078,1.3632303476333618,0.0005269385874271
itedqjyt,2G,expfm_2g,explicit,10,550010880.0,1756.85302734375,418.740234375,0.0220491904765367,0.0315603576600551,0.0439329147338867,0.0663701891899108,0.4086082279682159,14.447418212890623,1.3546653985977173,0.0008397072087973
itedqjyt,2G,expfm_2g,explicit,10,560005120.0,1799.74560546875,430.111328125,0.021306263282895,0.0297690443694591,0.0420071743428707,0.0645808726549148,0.401421308517456,14.934429168701172,1.3616774082183838,0.000538324820809
itedqjyt,2G,expfm_2g,explicit,10,570081280.0,1767.4515380859375,422.794921875,0.0220675133168697,0.0300996750593185,0.0423747077584266,0.0649475827813148,0.4056468307971954,14.243915557861328,1.3895971775054932,0.0007514695171266
itedqjyt,2G,expfm_2g,explicit,10,580075520.0,1776.6483154296875,422.4814453125,0.02959406375885,0.0278603266924619,0.0402732044458389,0.0636893436312675,0.4038470685482025,14.47218132019043,1.361104965209961,0.0008098121616058
itedqjyt,2G,expfm_2g,explicit,10,590069760.0,1770.852783203125,424.80859375,0.0222111921757459,0.0358824506402015,0.0486356802284717,0.0718596428632736,0.4031307995319366,14.619070053100586,1.403656244277954,0.0006998652825132
itedqjyt,2G,expfm_2g,explicit,10,600064000.0,1777.04150390625,423.5400390625,0.0219043996185064,0.0277379173785448,0.0395948514342308,0.0613289959728717,0.396971195936203,14.68963623046875,1.3677034378051758,0.0007094517932273
itedqjyt,2G,expfm_2g,explicit,10,610058240.0,1792.677001953125,426.4091796875,0.0210148300975561,0.0274951420724391,0.0392299778759479,0.0604997053742408,0.4015797078609466,14.557292938232422,1.3683189153671265,0.000631497008726
itedqjyt,2G,expfm_2g,explicit,10,620052480.0,1802.7308349609373,426.958984375,0.020576000213623,0.0264161005616188,0.0379202254116535,0.0594261698424816,0.396535187959671,14.927356719970703,1.352107286453247,0.0005756068276241
itedqjyt,2G,expfm_2g,explicit,10,630046720.0,1764.99609375,422.4111328125,0.0243757665157318,0.0289176274091005,0.0411540791392326,0.0639953017234802,0.3983857929706573,14.8853759765625,1.3655189275741575,0.0007613151101395
itedqjyt,2G,expfm_2g,explicit,10,640040960.0,1795.9891357421875,426.3125,0.0209631342440843,0.0274375118315219,0.0390160977840423,0.0601108968257904,0.4037124812602997,14.786592483520508,1.359478235244751,0.0006202767253853
itedqjyt,2G,expfm_2g,explicit,10,650035200.0,1787.38720703125,425.173828125,0.0209679752588272,0.0269629843533039,0.0388908013701438,0.0611932687461376,0.4040503799915313,15.069747924804688,1.366072654724121,0.0006737222429364
itedqjyt,2G,expfm_2g,explicit,10,660029440.0,1833.212890625,432.833984375,0.0192728266119956,0.0262440759688615,0.0373200699687004,0.0572347156703472,0.3991675674915313,15.169395446777344,1.3413523435592651,0.000481105671497
itedqjyt,2G,expfm_2g,explicit,10,670023680.0,1809.9930419921875,428.998046875,0.0196800269186496,0.0269697364419698,0.0390858016908168,0.061290293931961,0.3959801495075226,14.7573881149292,1.3513387441635132,0.0005406515556387
itedqjyt,2G,expfm_2g,explicit,10,680017920.0,1811.273681640625,429.36328125,0.0231493450701236,0.0269359741359949,0.0388016253709793,0.0606305748224258,0.3981899619102478,15.155139923095703,1.3131132125854492,0.0005548612680286
itedqjyt,2G,expfm_2g,explicit,10,690012160.0,1818.750244140625,431.3935546875,0.0214408431202173,0.0267775878310203,0.0381880849599838,0.0594393424689769,0.4017297327518463,14.732307434082031,1.3377890586853027,0.0004663100698962
itedqjyt,2G,expfm_2g,explicit,10,700006400.0,1815.3704833984373,430.37109375,0.019618472084403,0.0266784969717264,0.0379823520779609,0.05834386870265,0.4020635783672333,15.4954833984375,1.3248708248138428,0.0005046947626397
itedqjyt,2G,expfm_2g,explicit,10,710000640.0,1843.8701171875,436.3369140625,0.0244533531367778,0.0270963441580533,0.0388217568397522,0.061052318662405,0.404364138841629,14.58075714111328,1.34634268283844,0.0003310709143988
itedqjyt,2G,expfm_2g,explicit,10,720076800.0,1827.2265625,431.34375,0.019561169669032,0.0263645090162754,0.0377133935689926,0.0583176240324974,0.4031297564506531,15.037809371948242,1.3178462982177734,0.0004398007877171
itedqjyt,2G,expfm_2g,explicit,10,730071040.0,1794.445068359375,426.255859375,0.0224785227328538,0.027670269832015,0.0398797988891601,0.063122734427452,0.4131272435188293,14.90365219116211,1.3525787591934204,0.000613410375081
itedqjyt,2G,expfm_2g,explicit,10,740065280.0,1831.7025146484373,433.7666015625,0.0195216573774814,0.0273326765745878,0.0394312292337417,0.0610276348888874,0.4068415462970733,15.37449836730957,1.345331788063049,0.0003906833590008
itedqjyt,2G,expfm_2g,explicit,10,750059520.0,1835.0374755859373,433.068359375,0.0194541458040475,0.0260649565607309,0.037336315959692,0.0581017546355724,0.4047261774539947,15.107917785644531,1.3296653032302856,0.0004088967980351
itedqjyt,2G,expfm_2g,explicit,10,760053760.0,1848.677978515625,436.638671875,0.0183578375726938,0.0263871494680643,0.0377553291618824,0.0582163110375404,0.3997130692005157,15.15964126586914,1.3287556171417236,0.0002837780339177
itedqjyt,2G,expfm_2g,explicit,10,770048000.0,1821.7960205078125,430.515625,0.0206421539187431,0.0292735826224088,0.0412108302116394,0.0636975839734077,0.4048094451427459,15.141319274902344,1.3524136543273926,0.0004968320718035
itedqjyt,2G,expfm_2g,explicit,10,780042240.0,1830.0634765625,432.7666015625,0.0199257433414459,0.0255187563598155,0.0364793241024017,0.057120069861412,0.3983605504035949,15.472726821899414,1.3384302854537964,0.0004198490642011
itedqjyt,2G,expfm_2g,explicit,10,790036480.0,1831.38232421875,433.1982421875,0.0208078771829605,0.0284056849777698,0.0399600379168987,0.0612611100077629,0.4004237055778503,15.284882545471191,1.350325107574463,0.0004707464249804
itedqjyt,2G,expfm_2g,explicit,10,800030720.0,1829.15966796875,431.509765625,0.0198061279952526,0.0276779811829328,0.0391001552343368,0.0604808442294597,0.3957017362117767,15.29275894165039,1.339444875717163,0.0004340434679761
itedqjyt,2G,expfm_2g,explicit,10,810024960.0,1839.8333740234373,433.8212890625,0.0195642374455928,0.0250255316495895,0.03571667522192,0.055526565760374,0.3949548304080963,15.58469581604004,1.3082737922668457,0.0003839394485112
itedqjyt,2G,expfm_2g,explicit,10,820019200.0,1867.60107421875,438.0087890625,0.0185494348406791,0.0252696126699447,0.0361279174685478,0.0566483177244663,0.4057012498378753,15.257715225219728,1.3175066709518433,0.0002637269790284
itedqjyt,2G,expfm_2g,explicit,10,830013440.0,1836.040771484375,432.1806640625,0.019382132217288,0.0262499302625656,0.0378189571201801,0.0595773495733737,0.4050744175910949,15.301899909973145,1.3202338218688965,0.0004519541398622
itedqjyt,2G,expfm_2g,explicit,10,840007680.0,1861.93701171875,436.87890625,0.0187166519463062,0.02668540738523,0.037283070385456,0.0562917217612266,0.3987249433994293,15.479808807373049,1.297287940979004,0.0003827540203928
itedqjyt,2G,expfm_2g,explicit,10,850001920.0,1826.296630859375,432.580078125,0.0215324889868497,0.0260501969605684,0.0376325398683548,0.0590101927518844,0.4055615365505218,15.206607818603516,1.3558331727981567,0.0004295143007766
itedqjyt,2G,expfm_2g,explicit,10,860078080.0,1844.0703125,433.9287109375,0.0200804490596056,0.0257060695439577,0.0368831604719162,0.0570402331650257,0.4093935489654541,15.354792594909668,1.337127685546875,0.0004268686170689
itedqjyt,2G,expfm_2g,explicit,10,870072320.0,1853.1513671875,435.55859375,0.0208199378103017,0.025048105046153,0.0359014421701431,0.0558618828654289,0.3956299722194671,15.12684726715088,1.318037748336792,0.0003112500417046
itedqjyt,2G,expfm_2g,explicit,10,880066560.0,1881.938232421875,440.7421875,0.0186758562922477,0.0259005576372146,0.0373114943504333,0.0584569051861763,0.4072954952716827,14.949010848999023,1.309777021408081,0.0002147925843019
itedqjyt,2G,expfm_2g,explicit,10,890060800.0,1859.3203125,436.8623046875,0.0194575116038322,0.0282623060047626,0.0393356382846832,0.0598135218024253,0.4012404382228851,15.753108978271484,1.3153674602508545,0.0003555174043867
itedqjyt,2G,expfm_2g,explicit,10,900055040.0,1869.481201171875,438.568359375,0.0182040072977542,0.025270503014326,0.0361557304859161,0.0557192601263523,0.396145612001419,15.667484283447266,1.319916605949402,0.0002534193336032
itedqjyt,2G,expfm_2g,explicit,10,910049280.0,1867.808349609375,438.255859375,0.0184376202523708,0.0257722400128841,0.0367462113499641,0.0563228242099285,0.4025615155696869,15.279248237609863,1.3287813663482666,0.0002555404207669
itedqjyt,2G,expfm_2g,explicit,10,920043520.0,1845.02001953125,433.9931640625,0.0187254548072814,0.0262159723788499,0.0375574231147766,0.0582686737179756,0.4078534245491028,15.27839469909668,1.3388315439224243,0.000373282644432
itedqjyt,2G,expfm_2g,explicit,10,930037760.0,1798.2725830078125,426.5361328125,0.0240007229149341,0.0253105238080024,0.0357589423656463,0.0546684339642524,0.4009690582752228,15.63726806640625,1.3530311584472656,0.0005901952390559
itedqjyt,2G,expfm_2g,explicit,10,940032000.0,1837.540283203125,434.193359375,0.0202815029770135,0.0259812921285629,0.0376200713217258,0.0591645799577236,0.4023788273334503,15.129823684692385,1.359360933303833,0.0003820641431957
itedqjyt,2G,expfm_2g,explicit,10,950026240.0,1860.771484375,436.03515625,0.018701285123825,0.0241883024573326,0.0347260609269142,0.0540192015469074,0.3964629471302032,15.664979934692385,1.3177213668823242,0.0003506823559291
itedqjyt,2G,expfm_2g,explicit,10,960020480.0,1867.5556640625,438.376953125,0.0179713293910026,0.0251153390854597,0.0364844985306263,0.057613905519247,0.4008468687534332,15.290885925292969,1.291273832321167,0.0002958626137115
itedqjyt,2G,expfm_2g,explicit,10,970014720.0,1858.885009765625,435.640625,0.019564650952816,0.0244880225509405,0.0349810756742954,0.0542630031704902,0.4005793035030365,15.575719833374023,1.3097325563430786,0.0003749824827536
itedqjyt,2G,expfm_2g,explicit,10,980008960.0,1864.7105712890625,436.58203125,0.01901550963521,0.0241794902831316,0.0346781238913536,0.0541230402886867,0.4004630446434021,15.360591888427734,1.3142895698547363,0.0003450758522376
itedqjyt,2G,expfm_2g,explicit,10,990003200.0,1860.41748046875,436.3828125,0.0192957073450088,0.0265034306794405,0.0373631902039051,0.0574032254517078,0.3957611918449402,15.582563400268556,1.309410572052002,0.0003497212601359
itedqjyt,2G,expfm_2g,explicit,10,1000079360.0,1871.732666015625,436.9521484375,0.0178590547293424,0.0257437117397785,0.0370779149234294,0.0582395903766155,0.4049089252948761,15.575356483459473,1.3050274848937988,0.0003088901285082
itedqjyt,2G,expfm_2g,explicit,10,1010073600.0,1885.5394287109373,439.681640625,0.019669059664011,0.0241168402135372,0.0345772095024585,0.053685151040554,0.3992730975151062,15.929709434509276,1.3093538284301758,0.0002363107341807
itedqjyt,2G,expfm_2g,explicit,10,1020067840.0,1867.297119140625,436.8671875,0.0189297273755073,0.0245896317064762,0.0351646468043327,0.0547305680811405,0.4006202220916748,15.272249221801758,1.30938458442688,0.0002755076275207
itedqjyt,2G,expfm_2g,explicit,10,1030062080.0,1873.19482421875,437.068359375,0.0182758867740631,0.0240073464810848,0.0344489812850952,0.0537228807806968,0.4051753878593445,15.865478515625,1.323913335800171,0.0003332941851112
itedqjyt,2G,expfm_2g,explicit,10,1040056320.0,1863.969970703125,435.826171875,0.0185636579990386,0.0239958949387073,0.0344241634011268,0.0535282008349895,0.4027380347251892,15.764789581298828,1.314326286315918,0.0003700743545778
itedqjyt,2G,expfm_2g,explicit,10,1050050560.0,1834.3721923828125,429.8681640625,0.0272231586277484,0.0242935065180063,0.0346306972205638,0.0536165982484817,0.3998912870883941,15.82216739654541,1.303013801574707,0.0005567137268371
itedqjyt,2G,expfm_2g,explicit,10,1060044800.0,1864.2828369140625,436.255859375,0.0186574645340442,0.0242826696485281,0.034911174327135,0.0544657781720161,0.3913697302341461,16.037416458129883,1.3012765645980835,0.0003832636284641
itedqjyt,2G,expfm_2g,explicit,10,1070039040.0,1869.995849609375,436.380859375,0.0188340600579977,0.0244508944451808,0.0354565158486366,0.0562611147761344,0.395887941122055,15.554957389831545,1.3115134239196775,0.0003486939822323
itedqjyt,2G,expfm_2g,explicit,10,1080033280.0,1864.64404296875,435.26171875,0.0198378730565309,0.0235676206648349,0.0340054705739021,0.0535447932779789,0.3957685828208923,15.60329246520996,1.3329973220825195,0.000398556352593
itedqjyt,2G,expfm_2g,explicit,10,1090027520.0,1879.3271484375,439.0654296875,0.0179219841957092,0.0235083065927028,0.0339962840080261,0.0530855990946292,0.3908127844333648,15.785490036010742,1.2961704730987549,0.0002463965211063
itedqjyt,2G,expfm_2g,explicit,10,1100021760.0,1864.791259765625,436.4306640625,0.0184128396213054,0.0240549519658088,0.0345931202173233,0.053450271487236,0.4013691544532776,15.50155544281006,1.3026034832000732,0.0003543869243003
itedqjyt,2G,expfm_2g,explicit,10,1110016000.0,1888.908935546875,441.0419921875,0.0170553959906101,0.0248427409678697,0.0357705429196357,0.0555047951638698,0.4017952382564544,15.624303817749023,1.3035237789154053,0.0001902979565784
itedqjyt,2G,expfm_2g,explicit,10,1120010240.0,1885.2877197265625,440.216796875,0.0191258136183023,0.0234331376850605,0.033995121717453,0.053298745304346,0.3949094116687774,15.73930549621582,1.3150968551635742,0.0002112331712851
itedqjyt,2G,expfm_2g,explicit,10,1130004480.0,1891.061767578125,441.0458984375,0.0177560653537511,0.0231782682240009,0.0334312915802001,0.0525146685540676,0.3989127874374389,15.786931037902832,1.2979398965835571,0.0002296711027156
itedqjyt,2G,expfm_2g,explicit,10,1140080640.0,1879.718017578125,438.0830078125,0.01932805031538,0.024451233446598,0.0350071713328361,0.0548390746116638,0.3996246755123138,15.850944519042969,1.2847844362258911,0.0002454217756167
itedqjyt,2G,expfm_2g,explicit,10,1150074880.0,1823.188720703125,429.107421875,0.0298731550574302,0.023877378553152,0.0340424217283725,0.0527471303939819,0.3948637247085571,15.989961624145508,1.31450092792511,0.0004881143395323
itedqjyt,2G,expfm_2g,explicit,10,1160069120.0,1872.76904296875,437.7890625,0.0191308017820119,0.0255970153957605,0.0361841097474098,0.0561719238758087,0.3933933079242706,16.26708984375,1.3014411926269531,0.0002531851350795
itedqjyt,2G,expfm_2g,explicit,10,1170063360.0,1854.234375,432.822265625,0.0184312127530574,0.0279727950692176,0.0389983914792537,0.0591186545789241,0.4008811116218567,15.648435592651367,1.3103668689727783,0.0004071302828378
itedqjyt,2G,expfm_2g,explicit,10,1180057600.0,1879.462646484375,439.1279296875,0.0176644474267959,0.0227666776627302,0.0326256528496742,0.0507674403488636,0.3997101187705993,15.97096061706543,1.2822630405426023,0.0002097450196743
itedqjyt,2G,expfm_2g,explicit,10,1190051840.0,1880.94189453125,438.0712890625,0.0185047909617424,0.0228471457958221,0.0327997021377086,0.0514356195926666,0.3915216028690338,16.110525131225586,1.2905561923980713,0.0002302826178492
itedqjyt,2G,expfm_2g,explicit,10,1200046080.0,1884.008056640625,440.3232421875,0.0189233236014843,0.0228247959166765,0.0326627977192401,0.0505645349621772,0.3925899863243103,15.891095161437988,1.3080836534500122,0.0002080551785184
itedqjyt,2G,expfm_2g,explicit,10,1210040320.0,1837.004150390625,431.5615234375,0.0514799878001213,0.022816676646471,0.0329125672578811,0.0517081283032894,0.401346206665039,16.213966369628906,1.3133723735809326,0.0004715113900601
itedqjyt,2G,expfm_2g,explicit,10,1220034560.0,1881.405029296875,438.8525390625,0.0178025066852569,0.0229585152119398,0.0331226214766502,0.052524946630001,0.3996725380420685,15.841623306274414,1.293055772781372,0.0002789065183605
itedqjyt,2G,expfm_2g,explicit,10,1230028800.0,1892.157470703125,440.5634765625,0.0176840927451849,0.0242137499153614,0.0351218581199646,0.0549938268959522,0.398484319448471,15.699533462524414,1.2795264720916748,0.0001891596912173
itedqjyt,2G,expfm_2g,explicit,10,1240023040.0,1868.864501953125,436.0185546875,0.0203829836100339,0.022660544142127,0.0329713933169841,0.0524023361504077,0.3953665792942047,16.042179107666016,1.298081874847412,0.0003175549791194
itedqjyt,2G,expfm_2g,explicit,10,1250017280.0,1892.162841796875,438.6220703125,0.017278678715229,0.0227363407611846,0.0327786654233932,0.0509778372943401,0.3973084390163421,15.503625869750977,1.272215723991394,0.0002662356127984
itedqjyt,2G,expfm_2g,explicit,10,1260011520.0,1895.5565185546875,441.439453125,0.0171841792762279,0.0233523920178413,0.0334752425551414,0.051996748894453,0.3960753381252289,15.733739852905272,1.277540683746338,0.0001953990140464
itedqjyt,2G,expfm_2g,explicit,10,1270005760.0,1903.66162109375,442.2861328125,0.0174611750990152,0.0228053908795118,0.0329784601926803,0.0521792918443679,0.3967831432819366,15.909147262573242,1.2878477573394775,0.0001671304053161
itedqjyt,2G,expfm_2g,explicit,10,1280000000.0,1904.4119873046875,442.0244140625,0.0168810039758682,0.0231315530836582,0.0332774892449379,0.051783338189125,0.3977237641811371,15.542329788208008,1.297062635421753,0.0001471727300668
itedqjyt,2G,expfm_2g,explicit,10,1290076160.0,1882.665771484375,437.7939453125,0.0180900301784276,0.0246575772762298,0.0349733829498291,0.0545042008161544,0.3990989625453949,15.392215728759766,1.2932140827178955,0.0002883150300476
itedqjyt,2G,expfm_2g,explicit,10,1300070400.0,1880.117919921875,437.93359375,0.017154412344098,0.0228350795805454,0.0326809659600257,0.0509238541126251,0.3910219371318817,15.865345001220703,1.2887895107269287,0.0002374571340624
itedqjyt,2G,expfm_2g,explicit,10,1310064640.0,1884.216064453125,437.984375,0.0176916141062974,0.0223666783422231,0.0323417410254478,0.051328781992197,0.384699136018753,15.895654678344728,1.289210557937622,0.0003279065422248
itedqjyt,2G,expfm_2g,explicit,10,1320058880.0,1866.73193359375,435.2919921875,0.0177332609891891,0.0227609537541866,0.0328366160392761,0.0510222651064395,0.3977065980434418,15.517868041992188,1.2782037258148191,0.0003957562439609
itedqjyt,2G,expfm_2g,explicit,10,1330053120.0,1864.7900390625,435.751953125,0.0242677275091409,0.0229918919503688,0.0332330949604511,0.0521451868116855,0.3969519138336181,16.063678741455078,1.3005388975143433,0.0003647989942692
itedqjyt,2G,expfm_2g,explicit,10,1340047360.0,1904.9693603515625,442.6376953125,0.0168781746178865,0.023298317566514,0.0338423624634742,0.0539184212684631,0.4014096558094024,15.21954345703125,1.2853049039840698,0.0001332756801275
itedqjyt,2G,expfm_2g,explicit,10,1350041600.0,1891.027587890625,438.1748046875,0.0185278318822383,0.0251048989593982,0.0354678370058536,0.0552977733314037,0.3951738476753235,15.970380783081056,1.2958428859710691,0.0002894541248679
itedqjyt,2G,expfm_2g,explicit,10,1360035840.0,1881.865234375,437.716796875,0.018364779651165,0.0226468257606029,0.0333915054798126,0.0537876896560192,0.3946654200553894,15.331558227539062,1.280661702156067,0.0002890310133807
itedqjyt,2G,expfm_2g,explicit,10,1370030080.0,1898.364013671875,441.5,0.0194138903170824,0.0273921266198158,0.0377511531114578,0.0562489554286003,0.400507777929306,15.360892295837402,1.2899887561798096,0.0001924237003549
itedqjyt,2G,expfm_2g,explicit,10,1380024320.0,1886.052490234375,440.2470703125,0.0178524013608694,0.0243051275610923,0.0342831537127494,0.0526340082287788,0.4004221856594085,15.67202091217041,1.2991080284118652,0.0002264851791551
itedqjyt,2G,expfm_2g,explicit,10,1390018560.0,1886.979248046875,438.26953125,0.0190467946231365,0.0224734544754028,0.0327682197093963,0.0525236465036869,0.3981996178627014,16.021556854248047,1.292986512184143,0.0002770389837678
itedqjyt,2G,expfm_2g,explicit,10,1400012800.0,1898.381103515625,440.9306640625,0.0223495587706565,0.0223751794546842,0.0322974435985088,0.0503709428012371,0.390891820192337,16.292877197265625,1.281585693359375,0.0001819263125071
itedqjyt,2G,expfm_2g,explicit,10,1410007040.0,1858.871826171875,435.8310546875,0.0187688935548067,0.0233094170689582,0.033314049243927,0.0515917427837848,0.3941158652305603,16.12657928466797,1.2949434518814087,0.0003243536339141
itedqjyt,2G,expfm_2g,explicit,10,1420001280.0,1862.0045166015625,433.7265625,0.0182321649044752,0.02295414917171,0.0328372195363044,0.0516359806060791,0.3933698534965515,15.736644744873049,1.2820775508880615,0.0004569195443764
itedqjyt,2G,expfm_2g,explicit,10,1430077440.0,1860.6785888671875,434.6201171875,0.0245554987341165,0.0261504761874675,0.0363841094076633,0.05530521646142,0.3954069912433624,15.971949577331545,1.3326544761657717,0.0003661591908894
itedqjyt,2G,expfm_2g,explicit,10,1440071680.0,1851.938232421875,431.015625,0.0204378217458724,0.025114145129919,0.0347995832562446,0.0519487559795379,0.3948681950569153,16.179306030273438,1.279879808425903,0.0004633826902136
itedqjyt,2G,expfm_2g,explicit,10,1450065920.0,1882.287353515625,438.7861328125,0.0185524206608533,0.0241146720945835,0.0356426313519477,0.0573028437793254,0.3994632661342621,16.084177017211914,1.3119704723358154,0.0002840220695361
itedqjyt,2G,expfm_2g,explicit,10,1460060160.0,1848.4256591796875,432.1494140625,0.022425215691328,0.0232706815004348,0.0326744019985199,0.0501420572400093,0.3927918076515198,16.186756134033203,1.2935055494308472,0.0004457199247553
itedqjyt,2G,expfm_2g,explicit,10,1470054400.0,1893.1644287109373,438.603515625,0.0176586713641881,0.0222220476716756,0.0320527255535125,0.0502688996493816,0.391044020652771,16.013273239135742,1.2989308834075928,0.0002390949230175
itedqjyt,2G,expfm_2g,explicit,10,1480048640.0,1873.2705078125,436.36328125,0.0209512691944837,0.0243230629712343,0.0345608592033386,0.054099790751934,0.3948200345039367,15.741006851196287,1.2899460792541504,0.0003683320828713
itedqjyt,2G,expfm_2g,explicit,10,1490042880.0,1876.8857421875,435.2041015625,0.0180309321731328,0.0230485461652278,0.0334480628371238,0.052481934428215,0.3914816677570343,15.644075393676758,1.2803438901901243,0.0004057388287037
itedqjyt,2G,expfm_2g,explicit,10,1500037120.0,1895.62890625,439.8564453125,0.0179914683103561,0.0228029079735279,0.0331416390836238,0.0522010177373886,0.397990882396698,15.79464054107666,1.2918250560760498,0.0002407912106718
itedqjyt,2G,expfm_2g,explicit,10,1510031360.0,1893.850830078125,441.130859375,0.0170423127710819,0.0223160088062286,0.0323163941502571,0.050701830536127,0.3923168182373047,15.97299575805664,1.302182912826538,0.0001649335899855
itedqjyt,2G,expfm_2g,explicit,10,1520025600.0,1896.7388916015625,438.310546875,0.0183551497757434,0.0225948859006166,0.0327216126024723,0.0510895326733589,0.3871351182460785,16.151226043701172,1.279094934463501,0.0002812372986227
itedqjyt,2G,expfm_2g,explicit,10,1530019840.0,1876.1883544921875,435.8125,0.0191113539040088,0.0225391499698162,0.0326342098414897,0.0517403408885002,0.3952212631702423,15.880963325500488,1.3167328834533691,0.0003802293213084
itedqjyt,2G,expfm_2g,explicit,10,1540014080.0,1884.62109375,438.134765625,0.0182428136467933,0.0216479487717151,0.0312132686376571,0.0490061491727829,0.3890120089054107,16.339794158935547,1.2710239887237549,0.0002677442971616
itedqjyt,2G,expfm_2g,explicit,10,1550008320.0,1886.639404296875,437.7255859375,0.0176430586725473,0.0219660494476556,0.03178321570158,0.0501189790666103,0.3903022110462188,16.036136627197266,1.2799105644226074,0.000249689357588
itedqjyt,2G,expfm_2g,explicit,10,1560002560.0,1870.87060546875,433.7373046875,0.0173615477979183,0.0224165990948677,0.032590277493,0.0511921420693397,0.3952503204345703,15.818464279174805,1.2820539474487305,0.0003970304969698
itedqjyt,2G,expfm_2g,explicit,10,1570078720.0,1896.7413330078125,438.5390625,0.01650982350111,0.0221577398478984,0.0323372706770896,0.0516636259853839,0.3976871073246002,15.75444507598877,1.27377450466156,0.0002699192264117
itedqjyt,2G,expfm_2g,explicit,10,1580072960.0,1905.603515625,441.876953125,0.0187885127961635,0.0225247293710708,0.0319264605641365,0.0489007346332073,0.3872218728065491,16.161056518554688,1.279932737350464,0.000174954009708
itedqjyt,2G,expfm_2g,explicit,10,1590067200.0,1911.9412841796875,442.029296875,0.0167670622467994,0.0227893944829702,0.0329007692635059,0.0522438511252403,0.3870716392993927,15.562332153320312,1.2702237367630005,0.0001367265795124
itedqjyt,2G,expfm_2g,explicit,10,1600061440.0,1897.6827392578125,440.0048828125,0.017167842015624,0.0227378029376268,0.0327003896236419,0.0514900870621204,0.3918717205524444,16.125171661376953,1.2744234800338743,0.0002310385316377
itedqjyt,2G,expfm_2g,explicit,10,1610055680.0,1866.2568359375,434.7900390625,0.0196628849953413,0.0234168954193592,0.0339775159955024,0.0541343986988067,0.3973683714866638,15.891125679016112,1.299972653388977,0.0003620676579885
itedqjyt,2G,expfm_2g,explicit,10,1620049920.0,1922.465087890625,444.26171875,0.0159214287996292,0.0225874483585357,0.0324748009443283,0.0511822812259197,0.3933074474334717,15.69358730316162,1.2704473733901978,7.90959456935525e-05
itedqjyt,2G,expfm_2g,explicit,10,1630044160.0,1923.8284912109373,444.1953125,0.0165306869894266,0.0225454866886138,0.0320026949048042,0.04928520321846,0.3903486728668213,16.049402236938477,1.2695941925048828,9.213827433995904e-05
itedqjyt,2G,expfm_2g,explicit,10,1640038400.0,1906.319580078125,442.4609375,0.0201476588845253,0.022379407659173,0.0320441052317619,0.0495871677994728,0.388232946395874,15.86089324951172,1.2670472860336304,0.000141393917147
itedqjyt,2G,expfm_2g,explicit,10,1650032640.0,1908.0013427734373,441.1611328125,0.0170046463608741,0.0222071036696434,0.0316705331206321,0.0492472574114799,0.3869791030883789,15.822908401489258,1.2865405082702637,0.0001980027154786
itedqjyt,2G,expfm_2g,explicit,10,1660026880.0,1900.744384765625,440.0,0.0206320341676473,0.0221851542592048,0.0317350663244724,0.0491603687405586,0.3855329751968384,16.224414825439453,1.2750792503356934,0.0002191261737607
itedqjyt,2G,expfm_2g,explicit,10,1670021120.0,1918.248291015625,442.15234375,0.0155566688627004,0.0207676496356725,0.0301929488778114,0.0477429293096065,0.3807034790515899,15.977703094482422,1.2679976224899292,0.0001465050445403
itedqjyt,2G,expfm_2g,explicit,10,1680015360.0,1910.439453125,441.3544921875,0.0163358449935913,0.0211545638740062,0.0305138230323791,0.0481572560966014,0.3858888447284698,16.070175170898438,1.2901867628097534,0.0001911759027279
itedqjyt,2G,expfm_2g,explicit,10,1690009600.0,1915.9296875,442.873046875,0.0160102043300867,0.0224590487778186,0.0324183106422424,0.051681138575077,0.3878114223480224,15.899443626403809,1.2827441692352295,0.0001621080155018
itedqjyt,2G,expfm_2g,explicit,10,1700003840.0,1896.515869140625,439.8466796875,0.017393609508872,0.0212746653705835,0.0308453552424907,0.0488017201423645,0.3838914930820465,16.104373931884766,1.296480655670166,0.0002469665196258
itedqjyt,2G,expfm_2g,explicit,10,1710080000.0,1912.3798828125,442.0068359375,0.0203847661614418,0.0231358092278242,0.03244598954916,0.0489240027964115,0.383228600025177,15.854692459106444,1.243964433670044,0.0001962752139661
itedqjyt,2G,expfm_2g,explicit,10,1720074240.0,1908.465576171875,441.8017578125,0.0160906221717596,0.0214462205767631,0.0311120171099901,0.049283642321825,0.3804034292697906,16.1068115234375,1.2637276649475098,0.0001922447700053
itedqjyt,2G,expfm_2g,explicit,10,1730068480.0,1872.9134521484373,433.87109375,0.0181176159530878,0.031345248222351,0.0414340868592262,0.0592697337269783,0.3907554149627685,16.025630950927734,1.297262191772461,0.0003824638260994
itedqjyt,2G,expfm_2g,explicit,10,1740062720.0,1901.0740966796875,440.267578125,0.0167713649570941,0.021824512630701,0.0314893275499343,0.0495171137154102,0.3804079890251159,16.39236068725586,1.2625792026519775,0.000219243200263
itedqjyt,2G,expfm_2g,explicit,10,1750056960.0,1895.176025390625,438.619140625,0.0193253569304943,0.0217392891645431,0.0310077648609876,0.0483826547861099,0.3876726627349853,15.912214279174805,1.254184007644653,0.000261702487478
itedqjyt,2G,expfm_2g,explicit,10,1760051200.0,1895.6064453125,438.2138671875,0.0184547081589698,0.0264811553061008,0.0366267263889312,0.0549375787377357,0.3922831118106842,15.947443962097168,1.2563475370407104,0.0003313255147077
itedqjyt,2G,expfm_2g,explicit,10,1770045440.0,1914.854736328125,441.6396484375,0.0160619653761386,0.0211414098739624,0.030659457668662,0.0487034618854522,0.3905563950538635,16.354202270507812,1.2427527904510498,0.0001716194383334
itedqjyt,2G,expfm_2g,explicit,10,1780039680.0,1893.57177734375,436.9765625,0.0185818616300821,0.0220923516899347,0.031067632138729,0.0474027208983898,0.3860937654972076,16.31043243408203,1.2619099617004397,0.0003249756991863
itedqjyt,2G,expfm_2g,explicit,10,1790033920.0,1899.691650390625,440.1162109375,0.0171938799321651,0.0221608933061361,0.0323222950100898,0.0518632419407367,0.3962864279747009,15.693883895874023,1.295663833618164,0.0002654610143508
itedqjyt,2G,expfm_2g,explicit,10,1800028160.0,1910.937255859375,441.7158203125,0.0163872800767421,0.0221601463854312,0.0316408164799213,0.0493722930550575,0.3899748921394348,16.145397186279297,1.257401466369629,0.0002108020271407
itedqjyt,2G,expfm_2g,explicit,10,1810022400.0,1904.25341796875,440.7666015625,0.0167695581912994,0.0226043500006198,0.0323540605604648,0.0506543517112731,0.3938671052455902,16.103673934936523,1.290988802909851,0.0002352765441173
itedqjyt,2G,expfm_2g,explicit,10,1820016640.0,1920.1982421875,442.3359375,0.0166446678340435,0.0227369610220193,0.0324472747743129,0.0501156076788902,0.3905488848686218,16.29656219482422,1.253370761871338,0.0001643443247303
itedqjyt,2G,expfm_2g,explicit,10,1830010880.0,1909.3525390625,440.734375,0.0165139585733413,0.021328892558813,0.0306845866143703,0.0481255836784839,0.3886359333992004,16.103191375732422,1.272288799285889,0.0002377049240749
itedqjyt,2G,expfm_2g,explicit,10,1840005120.0,1907.9163818359373,442.2041015625,0.0189527235925197,0.0226465016603469,0.0326961800456047,0.051115233451128,0.3946861922740936,15.620904922485352,1.2636619806289673,0.0002146783226635
itedqjyt,2G,expfm_2g,explicit,10,1850081280.0,1906.19482421875,441.037109375,0.0171500146389007,0.0217169374227523,0.0314559787511825,0.0495060533285141,0.3927861154079437,16.491558074951172,1.262120485305786,0.0001933389576151
itedqjyt,2G,expfm_2g,explicit,10,1860075520.0,1916.875732421875,441.142578125,0.016083151102066,0.0214693173766136,0.0307828541845083,0.0479030311107635,0.3892829716205597,16.12969398498535,1.2542301416397097,0.0001915923494379
itedqjyt,2G,expfm_2g,explicit,10,1870069760.0,1909.833740234375,439.65234375,0.0168151073157787,0.0209887865930795,0.0300029832869768,0.0465240851044654,0.3824834823608398,16.28579330444336,1.2533806562423706,0.0002739638439379
itedqjyt,2G,expfm_2g,explicit,10,1880064000.0,1925.2333984375,442.6337890625,0.0155054619535803,0.0211690161377191,0.0308749452233314,0.0489523597061634,0.3795008957386017,16.152851104736328,1.244736671447754,0.0001659391418797
itedqjyt,2G,expfm_2g,explicit,10,1890058240.0,1922.4849853515625,443.8251953125,0.0162863358855247,0.0218599215149879,0.0312788933515548,0.0489690266549587,0.3829719722270965,15.90827178955078,1.2665140628814695,0.0001068033016053
itedqjyt,2G,expfm_2g,explicit,10,1900052480.0,1914.5926513671875,442.2099609375,0.0185125861316919,0.0209307167679071,0.0302606634795665,0.0475886538624763,0.3855843842029571,15.91116428375244,1.2827190160751345,0.0001883748336695
itedqjyt,2G,expfm_2g,explicit,10,1910046720.0,1912.7486572265625,442.2353515625,0.01634700037539,0.0220262855291366,0.0318464152514934,0.0507187694311142,0.3886957764625549,16.000141143798828,1.2904276847839355,0.0001624778815312
itedqjyt,2G,expfm_2g,explicit,10,1920040960.0,1900.99462890625,440.7412109375,0.0176910422742366,0.0224068388342857,0.0321061611175537,0.0500935912132263,0.3861847221851349,15.824872970581056,1.2697696685791016,0.0002081614511553
itedqjyt,2G,expfm_2g,explicit,10,1930035200.0,1898.439453125,438.2275390625,0.0170613303780555,0.0219684019684791,0.0315998718142509,0.0495315454900264,0.3895102441310882,15.799898147583008,1.270362138748169,0.0002891247277148
itedqjyt,2G,expfm_2g,explicit,10,1940029440.0,1931.0126953125,443.6396484375,0.0154880322515964,0.0209216102957725,0.0302665960043668,0.0473253987729549,0.3874140679836273,16.21910858154297,1.2472422122955322,0.0001340837625321
itedqjyt,2G,expfm_2g,explicit,10,1950023680.0,1922.7320556640625,443.0625,0.0163889974355697,0.0215941593050956,0.0312859043478965,0.0494327247142791,0.3879872858524322,15.73335075378418,1.2734370231628418,0.0001446825335733
itedqjyt,2G,expfm_2g,explicit,10,1960017920.0,1922.6876220703125,442.6064453125,0.0159347876906394,0.0214350707828998,0.0311979092657566,0.0494614392518997,0.3858391642570495,16.103269577026367,1.2691216468811035,0.0001775212440406
itedqjyt,2G,expfm_2g,explicit,10,1970012160.0,1913.4764404296875,442.703125,0.0168738663196563,0.0218839440494775,0.0315337218344211,0.0494273528456687,0.3891246318817138,15.917105674743652,1.2604176998138428,0.0001609316968824
itedqjyt,2G,expfm_2g,explicit,10,1980006400.0,1922.790771484375,443.869140625,0.0165014490485191,0.0208266973495483,0.030191071331501,0.0473399981856346,0.3860681354999542,16.188426971435547,1.2474092245101929,8.360794890904799e-05
itedqjyt,2G,expfm_2g,explicit,10,1990000640.0,1916.908203125,440.775390625,0.016003780066967,0.0215605907142162,0.0309435091912746,0.0480790734291076,0.3889973759651184,16.244131088256836,1.2566571235656738,0.0002215605782112
itedqjyt,2G,expfm_2g,explicit,10,2000076800.0,1932.392578125,444.8173828125,0.0165706574916839,0.0213515423238277,0.0304442271590232,0.0468622632324695,0.3787381947040558,16.166767120361328,1.2739989757537842,9.306763240601867e-05
25io6a70,600M,expfm_600m,explicit,10,10076160.0,571.9202880859375,223.865234375,0.0612518675625324,0.0527976900339126,0.0701668933033943,0.119687333703041,0.6310213208198547,5.41077184677124,2.5711960792541504,0.011677112430334
25io6a70,600M,expfm_600m,explicit,10,20070400.0,600.863037109375,213.7158203125,0.0582907050848007,0.0572457537055015,0.0848047286272049,0.1417820751667022,0.5605680346488953,6.000575065612793,2.360166311264038,0.0100958822295069
25io6a70,600M,expfm_600m,explicit,10,30064640.0,650.5127563476562,230.3046875,0.0542731806635856,0.0538779236376285,0.0756786838173866,0.1175220012664794,0.5510936379432678,6.522770881652832,2.248824119567871,0.0085683241486549
25io6a70,600M,expfm_600m,explicit,10,40058880.0,796.2301025390625,264.8466796875,0.0483474135398864,0.0513925328850746,0.0752673670649528,0.1143983602523803,0.5084773898124695,6.955522060394287,2.2139229774475098,0.0072841886430978
25io6a70,600M,expfm_600m,explicit,10,50053120.0,844.1296997070312,266.53125,0.0411230586469173,0.0489730648696422,0.0705154538154602,0.1035094112157821,0.4874459207057953,7.496100425720215,2.002858161926269,0.0066256383433938
25io6a70,600M,expfm_600m,explicit,10,60047360.0,862.697509765625,266.080078125,0.0407454073429107,0.056766003370285,0.079723447561264,0.1165174841880798,0.4785189032554626,8.036432266235352,1.8646039962768557,0.006823921110481
25io6a70,600M,expfm_600m,explicit,10,70041600.0,902.119140625,273.4091796875,0.0406550019979476,0.0500689037144184,0.0701770931482315,0.1022150292992591,0.4733115136623382,8.491694450378418,1.8280041217803955,0.0061789951287209
25io6a70,600M,expfm_600m,explicit,10,80035840.0,943.7327270507812,276.9560546875,0.03897300735116,0.045123390853405,0.0640190318226814,0.0938645973801612,0.4680421650409698,8.60235595703125,1.764686107635498,0.0056869266554713
25io6a70,600M,expfm_600m,explicit,10,90030080.0,967.6674194335938,283.3935546875,0.0373416617512702,0.0460825636982917,0.0645577237010002,0.0940872058272361,0.4591878056526184,9.513758659362791,1.7727274894714355,0.0054328949190676
25io6a70,600M,expfm_600m,explicit,10,100024320.0,984.9834594726562,286.4169921875,0.036650076508522,0.0442083030939102,0.0617395862936973,0.0905335322022438,0.459021657705307,9.237970352172852,1.725588083267212,0.0052106878720223
25io6a70,600M,expfm_600m,explicit,10,110018560.0,991.4271240234376,284.3671875,0.0360609516501426,0.0448414646089077,0.0632116645574569,0.0928558856248855,0.4572674036026001,9.948200225830078,1.7068259716033936,0.0052098329178988
25io6a70,600M,expfm_600m,explicit,10,120012800.0,1070.2608642578125,308.05859375,0.0389322564005851,0.0436781793832778,0.0616151317954063,0.0922058373689651,0.4564546346664428,9.723379135131836,1.722545862197876,0.0042811902239918
25io6a70,600M,expfm_600m,explicit,10,130007040.0,1074.942138671875,308.681640625,0.041461557149887,0.0434731990098953,0.0615186057984828,0.0922844409942627,0.4551151692867279,10.471117973327637,1.7345550060272217,0.0044224336743354
25io6a70,600M,expfm_600m,explicit,10,140001280.0,1145.739501953125,325.3095703125,0.0415288023650646,0.0435112975537776,0.0618756562471389,0.0937568619847297,0.458886057138443,10.280733108520508,1.710916519165039,0.003763243323192
25io6a70,600M,expfm_600m,explicit,10,150077440.0,1261.988037109375,355.4267578125,0.0398910716176033,0.0415443778038024,0.0594213940203189,0.0923652350902557,0.4598267376422882,10.337093353271484,1.71397864818573,0.0031681447289884
25io6a70,600M,expfm_600m,explicit,10,160071680.0,1272.756103515625,356.6240234375,0.0404418185353279,0.0408335849642753,0.0584735013544559,0.0901384502649307,0.4654265344142914,10.363130569458008,1.7581181526184082,0.0028536701574921
25io6a70,600M,expfm_600m,explicit,10,170065920.0,1288.9188232421875,358.1884765625,0.0411326736211776,0.0402310118079185,0.0571139454841613,0.0872295945882797,0.4611936807632446,10.63589859008789,1.6824026107788086,0.002982668345794
25io6a70,600M,expfm_600m,explicit,10,180060160.0,1372.121337890625,367.888671875,0.0400314331054687,0.0459149330854415,0.0639354884624481,0.0957506150007247,0.4544072449207306,10.5328950881958,1.583640217781067,0.0026387220714241
25io6a70,600M,expfm_600m,explicit,10,190054400.0,1361.3779296875,368.068359375,0.037154771387577,0.0398282967507839,0.0560039691627025,0.0854106545448303,0.4550497829914093,10.934070587158203,1.5792653560638428,0.0023057947400957
25io6a70,600M,expfm_600m,explicit,10,200048640.0,1414.699951171875,371.5595703125,0.0382516346871852,0.0400946214795112,0.0562779940664768,0.0858246833086013,0.4493979811668396,11.59199333190918,1.5384018421173096,0.0025427318178117
25io6a70,600M,expfm_600m,explicit,10,210042880.0,1462.70654296875,383.6787109375,0.0355706922709941,0.0400807671248912,0.0565282143652439,0.087187260389328,0.4487661123275757,11.09327793121338,1.533517360687256,0.0021848641335964
25io6a70,600M,expfm_600m,explicit,10,220037120.0,1511.70361328125,391.5009765625,0.0348739922046661,0.0397811084985733,0.0559721067547798,0.0851208865642547,0.4507579803466797,11.807273864746094,1.5228055715560913,0.0019171421881765
25io6a70,600M,expfm_600m,explicit,10,230031360.0,1523.81005859375,389.0791015625,0.0333127081394195,0.0388847365975379,0.0547995045781135,0.0831015929579734,0.4432989954948425,11.282367706298828,1.482712745666504,0.0019219941459596
25io6a70,600M,expfm_600m,explicit,10,240025600.0,1525.093994140625,386.26171875,0.0420196317136287,0.0379316210746765,0.0539335831999778,0.082683116197586,0.4415523111820221,11.902488708496094,1.4946553707122805,0.002114466857165
25io6a70,600M,expfm_600m,explicit,10,250019840.0,1578.5234375,400.837890625,0.0326065979897975,0.0382008217275142,0.0533572062849998,0.0808460712432861,0.4341383874416351,12.099159240722656,1.4902669191360474,0.0015851078787818
25io6a70,600M,expfm_600m,explicit,10,260014080.0,1540.969970703125,387.4765625,0.0311276763677597,0.0357700027525424,0.0503994897007942,0.0770267993211746,0.4298024475574493,11.826236724853516,1.4732234477996826,0.002070978982374
25io6a70,600M,expfm_600m,explicit,10,270008320.0,1576.8642578125,400.0849609375,0.0316485576331615,0.0364552810788154,0.0521380230784416,0.0800821781158447,0.44184610247612,12.02057933807373,1.5127801895141602,0.0017242631874978
25io6a70,600M,expfm_600m,explicit,10,280002560.0,1610.84033203125,403.05859375,0.0306754019111394,0.0348457992076873,0.0493608713150024,0.0759705454111099,0.4299293458461761,12.385845184326172,1.4806294441223145,0.0015382326673716
25io6a70,600M,expfm_600m,explicit,10,290078720.0,1586.999267578125,397.654296875,0.030810322612524,0.0393362641334533,0.0544483140110969,0.0815126448869705,0.4376812875270843,12.402101516723633,1.4641603231430054,0.0016795243136584
25io6a70,600M,expfm_600m,explicit,10,300072960.0,1631.7525634765625,406.607421875,0.0298720058053731,0.0355672091245651,0.0500026308000087,0.0758505687117576,0.4259059429168701,12.86012840270996,1.4742249250411987,0.0013362923637032
25io6a70,600M,expfm_600m,explicit,10,310067200.0,1641.3160400390625,406.24609375,0.0295473858714103,0.0330982953310012,0.0477212890982627,0.0740694180130958,0.4281168580055237,12.612852096557615,1.449137806892395,0.0013301649596542
25io6a70,600M,expfm_600m,explicit,10,320061440.0,1683.2021484375,415.916015625,0.0268077440559864,0.0330990031361579,0.0471072196960449,0.0723671615123748,0.4207620024681091,12.907444953918455,1.4143471717834473,0.0009685426484793
25io6a70,600M,expfm_600m,explicit,10,330055680.0,1609.8099365234375,395.5068359375,0.0296070538461208,0.0337663553655147,0.0479483678936958,0.0737722441554069,0.42799773812294,13.147504806518556,1.4393773078918457,0.0018322325777262
25io6a70,600M,expfm_600m,explicit,10,340049920.0,1586.3095703125,392.9140625,0.0312425903975963,0.039485327899456,0.0542366653680801,0.0804600566625595,0.4252531230449676,13.047832489013672,1.4304094314575195,0.0019397133728489
25io6a70,600M,expfm_600m,explicit,10,350044160.0,1629.4229736328125,399.701171875,0.0289392881095409,0.034560453146696,0.0483455285429954,0.072730042040348,0.4177179336547851,13.046661376953123,1.396841049194336,0.0015631054993718
25io6a70,600M,expfm_600m,explicit,10,360038400.0,1667.8544921875,411.046875,0.0266534443944692,0.0325441360473632,0.0467258244752883,0.0729082152247428,0.4225420653820038,13.404300689697266,1.4280503988265991,0.0010558294598013
25io6a70,600M,expfm_600m,explicit,10,370032640.0,1688.85791015625,413.2548828125,0.0261079389601945,0.0324058458209037,0.0465950891375541,0.0722221285104751,0.4195371568202972,13.681148529052734,1.389857530593872,0.0011016111820936
25io6a70,600M,expfm_600m,explicit,10,380026880.0,1689.6298828125,412.08203125,0.0264375656843185,0.0308748520910739,0.0433477088809013,0.0657970085740089,0.4112781882286072,13.69573211669922,1.389854907989502,0.0010427454253658
25io6a70,600M,expfm_600m,explicit,10,390021120.0,1688.916259765625,410.4443359375,0.0259016826748847,0.0315246805548667,0.0449261851608753,0.0692545920610427,0.4165714085102081,13.567277908325195,1.37732195854187,0.0011316412128508
25io6a70,600M,expfm_600m,explicit,10,400015360.0,1740.010498046875,422.046875,0.0258054975420236,0.0304702017456293,0.044203758239746,0.0690093338489532,0.413642555475235,13.81842803955078,1.368469476699829,0.0008853418985381
25io6a70,600M,expfm_600m,explicit,10,410009600.0,1691.2587890625,409.6455078125,0.0254134461283683,0.0303705688565969,0.0430840775370597,0.0656944662332534,0.4091617166996002,13.698984146118164,1.3541724681854248,0.0011736890301108
25io6a70,600M,expfm_600m,explicit,10,420003840.0,1706.3575439453125,415.2802734375,0.0245805457234382,0.031292088329792,0.0447552800178527,0.0681424066424369,0.4127877354621887,13.395849227905272,1.3953099250793457,0.0009720733505673
25io6a70,600M,expfm_600m,explicit,10,430080000.0,1743.8619384765625,423.4853515625,0.0229180268943309,0.0315200239419937,0.0449082516133785,0.0687264427542686,0.4097555875778198,13.566911697387695,1.3858606815338137,0.0006755237118341
25io6a70,600M,expfm_600m,explicit,10,440074240.0,1702.9217529296875,413.2412109375,0.0258873160928487,0.0317094400525093,0.0443799719214439,0.0673951134085655,0.410959929227829,14.140228271484377,1.3767961263656616,0.001033078180626
25io6a70,600M,expfm_600m,explicit,10,450068480.0,1645.2669677734375,402.125,0.0297400187700986,0.0305831711739301,0.043300837278366,0.0656218901276588,0.4158407747745514,13.986656188964844,1.419318675994873,0.0015273008029907
25io6a70,600M,expfm_600m,explicit,10,460062720.0,1757.97509765625,424.5361328125,0.022688640281558,0.0304035879671573,0.0431130826473236,0.0661898255348205,0.411987841129303,13.530692100524902,1.3717772960662842,0.0006923007895238
25io6a70,600M,expfm_600m,explicit,10,470056960.0,1753.331787109375,422.744140625,0.0236698985099792,0.0307661592960357,0.0434958040714263,0.0659656599164009,0.4114132523536682,13.935220718383787,1.3764057159423828,0.0007541601080447
25io6a70,600M,expfm_600m,explicit,10,480051200.0,1666.682373046875,408.353515625,0.0332177057862281,0.0306932143867015,0.0430532619357109,0.0653299689292907,0.4139060080051422,13.932894706726074,1.420634627342224,0.0011714177671819
25io6a70,600M,expfm_600m,explicit,10,490045440.0,1751.4075927734375,422.2451171875,0.0228629074990749,0.0297452136874198,0.0425285473465919,0.0654141306877136,0.4142450988292694,14.20371437072754,1.3596116304397583,0.0007464998634532
25io6a70,600M,expfm_600m,explicit,10,500039680.0,1773.1876220703125,426.625,0.0222344398498535,0.0295015200972557,0.0417212173342704,0.0632760897278785,0.4068240523338318,14.36863899230957,1.3634291887283323,0.0006137517630122
25io6a70,600M,expfm_600m,explicit,10,510033920.0,1750.4300537109375,420.6865234375,0.023254619911313,0.0333003737032413,0.0460478216409683,0.0690397098660469,0.4160757064819336,14.022056579589844,1.3555538654327393,0.0008154109236784
25io6a70,600M,expfm_600m,explicit,10,520028160.0,1719.172607421875,415.0908203125,0.0238031726330518,0.0307386443018913,0.04390250146389,0.0677201226353645,0.4163093864917755,14.170242309570312,1.4095044136047363,0.0009585897205397
25io6a70,600M,expfm_600m,explicit,10,530022400.0,1716.247314453125,411.11328125,0.0247592069208621,0.0306548494845628,0.043297529220581,0.0653955489397049,0.4211727082729339,13.98887062072754,1.403668761253357,0.001241261488758
25io6a70,600M,expfm_600m,explicit,10,540016640.0,1751.2763671875,419.3642578125,0.0230875499546527,0.0301949772983789,0.0429428778588771,0.0658144131302833,0.4189619421958923,14.245677947998049,1.3568408489227295,0.0008951132185757
25io6a70,600M,expfm_600m,explicit,10,550010880.0,1757.64111328125,423.158203125,0.0225527621805667,0.0308846216648817,0.0430813804268837,0.0648871511220932,0.4085600972175598,14.028364181518556,1.3469088077545166,0.0007184021524153
25io6a70,600M,expfm_600m,explicit,10,560005120.0,1770.86181640625,423.0859375,0.0227590780705213,0.0289390664547681,0.0412827581167221,0.0638718158006668,0.4076810777187347,14.388449668884276,1.3702609539031982,0.0007268974441103
25io6a70,600M,expfm_600m,explicit,10,570081280.0,1786.588134765625,425.19140625,0.0237194877117872,0.0274679232388734,0.0395820774137973,0.0608227550983428,0.4079330861568451,14.464116096496582,1.337185263633728,0.0007078753551468
25io6a70,600M,expfm_600m,explicit,10,580075520.0,1777.0650634765625,422.947265625,0.0225126519799232,0.0284704584628343,0.0403825305402278,0.0622149333357811,0.4055991768836975,14.597660064697266,1.3590352535247805,0.0007187881856225
25io6a70,600M,expfm_600m,explicit,10,590069760.0,1788.3836669921875,429.6279296875,0.022914333269,0.0316617935895919,0.0446058064699173,0.0681346654891967,0.4009606540203094,14.56619930267334,1.3937335014343262,0.0005009565502405
25io6a70,600M,expfm_600m,explicit,10,600064000.0,1797.570556640625,427.91796875,0.02257108874619,0.0274397861212492,0.0392792224884033,0.060829821974039,0.399253249168396,14.60149097442627,1.339317798614502,0.0005795549368485
48icppj0,600M,expfm_600m,explicit,20,10076160.0,516.6556396484375,202.6787109375,0.0789734870195388,0.0594090074300766,0.0782691687345504,0.1270414441823959,0.6003596782684326,6.02447509765625,2.489545583724976,0.0111641278490424
48icppj0,600M,expfm_600m,explicit,20,20070400.0,629.8435668945312,228.5078125,0.0696480870246887,0.0695947408676147,0.1039585173130035,0.1644029915332794,0.5688278675079346,5.914450645446777,2.38329815864563,0.0094048408791422
48icppj0,600M,expfm_600m,explicit,20,30064640.0,709.855712890625,253.3125,0.0631465017795562,0.0745257437229156,0.107444167137146,0.1612494736909866,0.5477418303489685,6.377787590026856,2.3123903274536133,0.0076806261204183
48icppj0,600M,expfm_600m,explicit,20,40058880.0,767.960693359375,262.4365234375,0.0537928193807601,0.0722332000732421,0.0989840924739837,0.1393336653709411,0.5187391042709351,7.5650954246521,2.087355613708496,0.0071192518807947
48icppj0,600M,expfm_600m,explicit,20,50053120.0,848.9324951171875,273.298828125,0.053797535598278,0.0642154514789581,0.089076355099678,0.1287673115730285,0.496712177991867,7.312610626220703,1.9984254837036133,0.006490496918559
48icppj0,600M,expfm_600m,explicit,20,60047360.0,866.8211669921875,275.1728515625,0.0487515404820442,0.0568853914737701,0.0802851617336273,0.1160122752189636,0.46930593252182,8.305818557739258,1.926070094108581,0.0062282504513859
48icppj0,600M,expfm_600m,explicit,20,70041600.0,893.8065185546875,275.6728515625,0.0482441298663616,0.0547644048929214,0.0779238641262054,0.1133241355419159,0.4589409530162811,8.840373992919922,1.8666404485702517,0.005903341807425
48icppj0,600M,expfm_600m,explicit,20,80035840.0,935.449462890625,283.634765625,0.045501209795475,0.0494476705789566,0.0702006220817565,0.1034375131130218,0.4556744396686554,8.668686866760254,1.813686847686768,0.0055367345921695
48icppj0,600M,expfm_600m,explicit,20,90030080.0,927.6259155273438,280.71484375,0.0486054308712482,0.051934253424406,0.073901779949665,0.1095238327980041,0.4630930125713348,8.512565612792969,1.7724053859710691,0.0057342541404068
48icppj0,600M,expfm_600m,explicit,20,100024320.0,956.270263671875,287.5546875,0.0484640076756477,0.0487783178687095,0.0698462426662445,0.1040816158056259,0.4696953594684601,9.036653518676758,1.8196721076965328,0.0053127584978938
48icppj0,600M,expfm_600m,explicit,20,110018560.0,975.4693603515624,290.0283203125,0.0450171157717704,0.0494862124323844,0.0713270306587219,0.1083457916975021,0.4692241847515106,9.02419662475586,1.7898461818695068,0.0048757372424006
48icppj0,600M,expfm_600m,explicit,20,120012800.0,1040.5284423828125,308.46484375,0.0537777505815029,0.0518103688955307,0.0747013241052627,0.1140412837266922,0.475406140089035,9.457727432250977,1.817127704620361,0.0044741705060005
48icppj0,600M,expfm_600m,explicit,20,130007040.0,1108.787353515625,323.9404296875,0.0504835769534111,0.0492689050734043,0.0706570520997047,0.1080127283930778,0.4619984924793243,10.062893867492676,1.7409231662750244,0.0042845895513892
48icppj0,600M,expfm_600m,explicit,20,140001280.0,1215.818359375,349.9189453125,0.0511534363031387,0.0509858019649982,0.0725100934505462,0.1120564341545105,0.4601518809795379,10.031044006347656,1.7300550937652588,0.0031617917120456
48icppj0,600M,expfm_600m,explicit,20,150077440.0,1194.99658203125,347.5205078125,0.0495584160089492,0.0485504828393459,0.0695285499095916,0.1084625124931335,0.4625555276870727,10.252724647521973,1.7418980598449707,0.0032252517994493
48icppj0,600M,expfm_600m,explicit,20,160071680.0,1247.519287109375,357.0830078125,0.0509730540215969,0.0481557622551918,0.0691483840346336,0.1078852415084838,0.4531001448631286,9.813589096069336,1.7110462188720703,0.0029215095564723
48icppj0,600M,expfm_600m,explicit,20,170065920.0,1265.3160400390625,358.2880859375,0.0546327605843544,0.0480516217648983,0.0685949027538299,0.1060378327965736,0.4598613679409027,10.501593589782717,1.704537868499756,0.0029929671436548
48icppj0,600M,expfm_600m,explicit,20,180060160.0,1301.3310546875,364.025390625,0.04905466735363,0.0496191792190074,0.0704928338527679,0.1088082790374755,0.4577448666095733,10.762537002563477,1.6538817882537842,0.0027182861231267
48icppj0,600M,expfm_600m,explicit,20,190054400.0,1273.943603515625,357.083984375,0.0495806634426116,0.0476436465978622,0.067911222577095,0.1051597967743873,0.4574300944805145,11.488935470581056,1.6436901092529297,0.002845655195415
48icppj0,600M,expfm_600m,explicit,20,200048640.0,1254.90966796875,350.4677734375,0.0508415289223194,0.0579723045229911,0.0786366537213325,0.1171790361404419,0.4551199972629547,11.4027738571167,1.6267746686935425,0.0030956910923123
48icppj0,600M,expfm_600m,explicit,20,210042880.0,1332.789306640625,364.1953125,0.0490068718791008,0.0481256656348705,0.068208709359169,0.1045206636190414,0.4632714986801147,10.94740867614746,1.5612303018569946,0.0027640433982014
48icppj0,600M,expfm_600m,explicit,20,220037120.0,1364.5595703125,367.1337890625,0.0496267229318618,0.0479560755193233,0.0685112625360488,0.1074047684669494,0.4594154357910156,11.081958770751951,1.559416890144348,0.0027202076744288
48icppj0,600M,expfm_600m,explicit,20,230031360.0,1322.0240478515625,356.291015625,0.0489765033125877,0.0465666614472866,0.0659663006663322,0.1033407673239708,0.456992894411087,11.151444435119627,1.5448967218399048,0.0029802066273987
48icppj0,600M,expfm_600m,explicit,20,240025600.0,1360.028564453125,368.5390625,0.0489793717861175,0.047708760946989,0.0673429369926452,0.1039619892835617,0.4556023478507995,11.944561004638672,1.591221809387207,0.0024539791047573
48icppj0,600M,expfm_600m,explicit,20,250019840.0,1388.349365234375,365.9931640625,0.0478749424219131,0.0469744279980659,0.0667290985584259,0.1032199412584304,0.4592979252338409,11.91561222076416,1.5387542247772217,0.0028577209450304
48icppj0,600M,expfm_600m,explicit,20,260014080.0,1408.177734375,371.396484375,0.0487276837229728,0.0484734661877155,0.0685968995094299,0.1053277626633644,0.4618007242679596,11.884777069091797,1.554105281829834,0.0025647217407822
48icppj0,600M,expfm_600m,explicit,20,270008320.0,1446.68310546875,380.986328125,0.0467911288142204,0.0503157339990139,0.0693923532962799,0.10468490421772,0.45773446559906,11.950607299804688,1.530182719230652,0.002224653493613
48icppj0,600M,expfm_600m,explicit,20,280002560.0,1461.781982421875,380.27734375,0.0442203134298324,0.0460858568549156,0.065338909626007,0.1011430621147155,0.4539991617202759,11.777225494384766,1.4810391664505005,0.0022046698722988
48icppj0,600M,expfm_600m,explicit,20,290078720.0,1449.2611083984375,376.9482421875,0.0469530224800109,0.0479526035487651,0.0673326030373573,0.1039583012461662,0.4576323330402374,12.07588005065918,1.515589475631714,0.0022442403715103
48icppj0,600M,expfm_600m,explicit,20,300072960.0,1494.7763671875,386.3828125,0.0427058339118957,0.0472968146204948,0.0666578114032745,0.1022750660777092,0.4561648666858673,11.854997634887695,1.5075923204421997,0.0019657872617244
48icppj0,600M,expfm_600m,explicit,20,310067200.0,1487.945068359375,391.0439453125,0.0458444915711879,0.0456160344183445,0.0655917078256607,0.1033567711710929,0.4535324871540069,11.813264846801758,1.5612397193908691,0.0018727316055446
48icppj0,600M,expfm_600m,explicit,20,320061440.0,1498.7161865234375,388.9609375,0.0435262694954872,0.0426207669079303,0.0607219040393829,0.0947413221001625,0.4440170228481293,12.32639217376709,1.5028622150421145,0.0019313326338306
48icppj0,600M,expfm_600m,explicit,20,330055680.0,1497.63232421875,385.767578125,0.0450723804533481,0.0441789105534553,0.0628878623247146,0.0984308421611785,0.4423495829105377,12.288387298583984,1.5103216171264648,0.0020778249017894
48icppj0,600M,expfm_600m,explicit,20,340049920.0,1541.05224609375,396.439453125,0.0392513386905193,0.0430583581328392,0.061686385422945,0.0951260775327682,0.441324234008789,12.473388671875,1.5042858123779297,0.0015033497475087
48icppj0,600M,expfm_600m,explicit,20,350044160.0,1531.2080078125,388.93359375,0.0410844087600708,0.0436470620334148,0.0621796511113643,0.0968079566955566,0.4432337582111358,12.519466400146484,1.4841482639312744,0.0020370227284729
48icppj0,600M,expfm_600m,explicit,20,360038400.0,1539.012451171875,393.58984375,0.0427491404116153,0.0431493781507015,0.0615269355475902,0.0963777974247932,0.4424390196800232,12.825382232666016,1.530982494354248,0.0017333367140963
48icppj0,600M,expfm_600m,explicit,20,370032640.0,1508.5130615234375,383.6923828125,0.0421043634414672,0.0432799607515335,0.0629464760422706,0.1003940477967262,0.4405254125595093,12.183988571166992,1.4912482500076294,0.0020755839068442
48icppj0,600M,expfm_600m,explicit,20,380026880.0,1494.341796875,381.8330078125,0.0443953052163124,0.0421609729528427,0.0603607445955276,0.0944585502147674,0.4393461048603058,12.66563320159912,1.5114351511001587,0.002173826098442
48icppj0,600M,expfm_600m,explicit,20,390021120.0,1539.9302978515625,393.0302734375,0.0404387712478637,0.0414790511131286,0.0588998310267925,0.0918958634138107,0.4419550597667694,12.400153160095217,1.517145752906799,0.0017902592662721
48icppj0,600M,expfm_600m,explicit,20,400015360.0,1514.821044921875,387.78125,0.0444130338728427,0.043611891567707,0.0626304149627685,0.0993785560131073,0.4417846202850342,12.7122802734375,1.5180816650390625,0.0020690611563622
48icppj0,600M,expfm_600m,explicit,20,410009600.0,1546.736083984375,393.150390625,0.0408578254282474,0.0416703782975673,0.0598055273294448,0.0939248651266098,0.4396686553955078,12.889198303222656,1.4696065187454224,0.0018976165447384
48icppj0,600M,expfm_600m,explicit,20,420003840.0,1540.3851318359375,389.66796875,0.0424097813665866,0.0415105484426021,0.0595932379364967,0.0938782095909118,0.4450421631336212,12.980757713317873,1.5018609762191772,0.0019735002424567
48icppj0,600M,expfm_600m,explicit,20,430080000.0,1528.274658203125,388.703125,0.0430497080087661,0.0405751392245292,0.0582851693034172,0.0915966928005218,0.4450734853744507,12.82695770263672,1.4916627407073977,0.0019745156168937
48icppj0,600M,expfm_600m,explicit,20,440074240.0,1574.348388671875,397.1962890625,0.0384407192468643,0.0423556193709373,0.0604868344962596,0.0941712707281112,0.4400104284286499,12.881636619567873,1.4973483085632324,0.0016923290677368
48icppj0,600M,expfm_600m,explicit,20,450068480.0,1601.4779052734375,402.4775390625,0.0376503989100456,0.0412173569202423,0.0595874898135662,0.093245044350624,0.4380647838115692,12.623931884765623,1.468810796737671,0.0015008199261501
48icppj0,600M,expfm_600m,explicit,20,460062720.0,1597.663330078125,402.4892578125,0.0381454788148403,0.0409309491515159,0.0584187693893909,0.0913168862462043,0.4379791617393493,12.77411651611328,1.4777833223342896,0.0014139447594061
48icppj0,600M,expfm_600m,explicit,20,470056960.0,1592.1005859375,403.1162109375,0.0370915010571479,0.0416671559214592,0.0593620166182518,0.0923512727022171,0.43665212392807,12.931833267211914,1.4728623628616333,0.0014090237673372
48icppj0,600M,expfm_600m,explicit,20,480051200.0,1561.69677734375,392.9384765625,0.0403283536434173,0.0421182960271835,0.059687539935112,0.0921479910612106,0.4348386526107788,13.047996520996094,1.4705686569213867,0.0017964339349418
48icppj0,600M,expfm_600m,explicit,20,490045440.0,1604.144287109375,401.482421875,0.0378701463341712,0.0388546474277973,0.055832989513874,0.0878109633922576,0.4306182861328125,13.003522872924805,1.4549038410186768,0.0015621532220393
48icppj0,600M,expfm_600m,explicit,20,500039680.0,1611.553466796875,404.3037109375,0.0381700545549392,0.0407687798142433,0.0577404871582984,0.0896463990211486,0.4481408894062042,12.908456802368164,1.432361125946045,0.001403889269568
48icppj0,600M,expfm_600m,explicit,20,510033920.0,1616.851318359375,404.11328125,0.038446806371212,0.0441355668008327,0.062226690351963,0.096042588353157,0.4342331290245056,13.133472442626951,1.4587833881378174,0.0013445713557302
48icppj0,600M,expfm_600m,explicit,20,520028160.0,1600.4439697265625,401.734375,0.0386669933795928,0.0399844385683536,0.0573653616011142,0.0905529707670211,0.434326171875,13.32366943359375,1.4792976379394531,0.0015268983552232
48icppj0,600M,expfm_600m,explicit,20,530022400.0,1633.2940673828125,407.8271484375,0.0410230904817581,0.0396278426051139,0.0564042404294014,0.0879633724689483,0.4390592575073242,13.396044731140137,1.4533323049545288,0.0012976893922314
48icppj0,600M,expfm_600m,explicit,20,540016640.0,1625.44775390625,405.6015625,0.0408645272254943,0.0401462391018867,0.0576769970357418,0.08940090239048,0.4409063160419464,13.396018981933594,1.488003134727478,0.0013303868472576
48icppj0,600M,expfm_600m,explicit,20,550010880.0,1643.828857421875,409.2421875,0.0369807966053485,0.042550079524517,0.0602702088654041,0.0931919962167739,0.4370617270469665,13.761749267578123,1.4462623596191406,0.0012746921274811
48icppj0,600M,expfm_600m,explicit,20,560005120.0,1636.148681640625,406.505859375,0.0355801954865455,0.0417448468506336,0.0603142827749252,0.0948272496461868,0.4356728494167328,13.74284553527832,1.4490511417388916,0.001273185480386
48icppj0,600M,expfm_600m,explicit,20,570081280.0,1611.8511962890625,400.517578125,0.0364955738186836,0.0383978448808193,0.0546726323664188,0.0847727954387664,0.4278998076915741,13.59678840637207,1.43694007396698,0.0014821571530774
48icppj0,600M,expfm_600m,explicit,20,580075520.0,1633.987060546875,404.9130859375,0.0386535786092281,0.0387105979025363,0.0553550869226455,0.0871990323066711,0.4262298941612243,13.658782958984377,1.4543836116790771,0.0013046177336946
48icppj0,600M,expfm_600m,explicit,20,590069760.0,1654.304443359375,409.716796875,0.0350081399083137,0.0390357561409473,0.0564687922596931,0.0899425894021987,0.4353498220443725,13.662656784057615,1.4521533250808716,0.0012244934914633
48icppj0,600M,expfm_600m,explicit,20,600064000.0,1639.313720703125,402.873046875,0.0367161743342876,0.0381290540099144,0.0545024126768112,0.0853353440761566,0.4353413879871368,13.357995986938477,1.3978328704833984,0.0014894697815179
6cbzq5on,600M,expfm_600m,explicit,50,10076160.0,497.21868896484375,204.0224609375,0.1152426525950431,0.0839592739939689,0.1139673143625259,0.1749110072851181,0.614648699760437,6.004214763641357,2.624715805053711,0.0122555373236536
6cbzq5on,600M,expfm_600m,explicit,50,20070400.0,539.935302734375,212.4013671875,0.1110942587256431,0.1129373908042907,0.162239521741867,0.226926252245903,0.5753617286682129,6.533613204956055,2.3122239112854004,0.0096660209819674
6cbzq5on,600M,expfm_600m,explicit,50,30064640.0,702.390869140625,250.505859375,0.0917253494262695,0.0978739485144615,0.1335927695035934,0.1816948503255844,0.5440305471420288,7.177088737487793,2.307950973510742,0.0080190263688564
6cbzq5on,600M,expfm_600m,explicit,50,40058880.0,743.9984130859375,260.2822265625,0.0851726979017257,0.0916672050952911,0.1250234991312027,0.1712372899055481,0.513443112373352,7.485164642333984,2.2451400756835938,0.0074792057275772
6cbzq5on,600M,expfm_600m,explicit,50,50053120.0,761.050537109375,259.0732421875,0.0824471414089202,0.0832361578941345,0.1200303882360458,0.1674761474132537,0.5111771821975708,8.138561248779297,2.155064582824707,0.0073397527448832
6cbzq5on,600M,expfm_600m,explicit,50,60047360.0,792.2054443359375,263.5537109375,0.0790017247200012,0.0813522487878799,0.1151788383722305,0.1608715653419494,0.4931018352508545,7.906415462493896,2.104473829269409,0.0068824579939246
6cbzq5on,600M,expfm_600m,explicit,50,70041600.0,840.4041748046875,274.10546875,0.0761443004012107,0.0761590301990509,0.1091077327728271,0.154172733426094,0.4902097284793854,8.263673782348633,2.109661102294922,0.0064123189076781
6cbzq5on,600M,expfm_600m,explicit,50,80035840.0,852.5861206054688,273.6103515625,0.0757709890604019,0.0726432055234909,0.104787103831768,0.1496754288673401,0.491448700428009,8.428595542907715,2.038636922836304,0.0060292398557066
6cbzq5on,600M,expfm_600m,explicit,50,90030080.0,867.1961669921875,277.4580078125,0.0758988931775093,0.0703650563955307,0.1050381660461425,0.1525581181049347,0.495375245809555,8.360430717468262,2.005415201187134,0.0057602385058999
6cbzq5on,600M,expfm_600m,explicit,50,100024320.0,844.593505859375,270.2470703125,0.0833300650119781,0.0667080283164978,0.1013186424970626,0.1511357575654983,0.4748410582542419,9.15260887145996,1.999557614326477,0.0061797751113772
6cbzq5on,600M,expfm_600m,explicit,50,110018560.0,892.5555419921875,279.6572265625,0.0756770670413971,0.0710810124874115,0.1030670627951622,0.1482081711292266,0.4716204106807709,9.01893424987793,2.0200560092926025,0.0055960672907531
6cbzq5on,600M,expfm_600m,explicit,50,120012800.0,878.657470703125,274.072265625,0.0755607113242149,0.0698387175798416,0.1029648780822753,0.1498319059610366,0.4805388152599334,9.491182327270508,1.909033298492432,0.0062507367692887
6cbzq5on,600M,expfm_600m,explicit,50,130007040.0,917.348388671875,282.5244140625,0.0740472078323364,0.0688434466719627,0.1019618138670921,0.1507676839828491,0.4749012887477875,9.273242950439451,1.9214491844177248,0.005429474171251
6cbzq5on,600M,expfm_600m,explicit,50,140001280.0,922.9249267578124,282.5810546875,0.0752129703760147,0.0662911459803581,0.0985024869441986,0.1445898562669754,0.4689289927482605,9.091679573059082,1.8887226581573489,0.0056141046807169
6cbzq5on,600M,expfm_600m,explicit,50,150077440.0,929.9398193359376,283.8134765625,0.0761419460177421,0.0674229264259338,0.0985097140073776,0.1451224982738495,0.4702907502651214,9.65184211730957,1.90752911567688,0.0054303323850035
6cbzq5on,600M,expfm_600m,explicit,50,160071680.0,939.8820190429688,289.0791015625,0.0772678554058075,0.066366508603096,0.0990615636110305,0.1477089375257492,0.4686497151851654,9.761492729187012,1.9415282011032104,0.0048145982436835
6cbzq5on,600M,expfm_600m,explicit,50,170065920.0,946.9805908203124,287.0859375,0.0775266960263252,0.0687164738774299,0.1007147431373596,0.1494189649820327,0.4791195690631866,9.926814079284668,1.929232120513916,0.0050822547636926
6cbzq5on,600M,expfm_600m,explicit,50,180060160.0,984.8760375976562,299.892578125,0.080296903848648,0.0670879930257797,0.1007507815957069,0.1513693183660507,0.4756508767604828,9.86375617980957,1.975338101387024,0.0046937018632888
6cbzq5on,600M,expfm_600m,explicit,50,190054400.0,990.536865234375,301.591796875,0.0801392644643783,0.0654109269380569,0.0960386842489242,0.1432015597820282,0.4744636118412018,10.48630714416504,1.9969638586044312,0.0045456499792635
6cbzq5on,600M,expfm_600m,explicit,50,200048640.0,1018.1405029296876,304.3896484375,0.0821912139654159,0.0683924704790115,0.0999761968851089,0.149534523487091,0.4802298843860626,10.337617874145508,1.9333891868591309,0.0046347947791218
6cbzq5on,600M,expfm_600m,explicit,50,210042880.0,1048.708740234375,312.2919921875,0.0858470350503921,0.067581757903099,0.0999847501516342,0.1506071090698242,0.4833738505840301,10.945352554321287,1.9325408935546875,0.0041637737303972
6cbzq5on,600M,expfm_600m,explicit,50,220037120.0,1069.1876220703125,323.0791015625,0.0831220299005508,0.0679465010762214,0.0986121594905853,0.1475489288568496,0.4863081574440002,10.591044425964355,1.9434101581573489,0.0037672230973839
6cbzq5on,600M,expfm_600m,explicit,50,230031360.0,1083.45263671875,323.5751953125,0.0815764963626861,0.0687132701277732,0.0995898097753524,0.147786945104599,0.4785081446170807,10.706645965576172,1.9039039611816408,0.0040231347084045
6cbzq5on,600M,expfm_600m,explicit,50,240025600.0,1098.1666259765625,326.4140625,0.0861952751874923,0.068642258644104,0.1004795134067535,0.1490309238433838,0.483010858297348,11.088764190673828,1.946136832237244,0.0040270187892019
6cbzq5on,600M,expfm_600m,explicit,50,250019840.0,1122.3939208984375,330.673828125,0.0858921706676483,0.0682080686092376,0.0998142659664154,0.1495140790939331,0.4737907350063324,11.018162727355955,1.925746202468872,0.0037419218569993
6cbzq5on,600M,expfm_600m,explicit,50,260014080.0,1158.65869140625,340.4775390625,0.0844994187355041,0.0681741684675216,0.0993525832891464,0.1505819708108902,0.4755133688449859,10.9725923538208,1.929146409034729,0.0032433331944048
6cbzq5on,600M,expfm_600m,explicit,50,270008320.0,1145.288818359375,338.326171875,0.0862101018428802,0.0661621838808059,0.0970443859696388,0.145775556564331,0.4836208522319793,11.222820281982422,1.9587236642837524,0.0033281515352427
6cbzq5on,600M,expfm_600m,explicit,50,280002560.0,1155.337158203125,339.7373046875,0.0838962271809578,0.0637799724936485,0.094839371740818,0.1445663869380951,0.4811837673187256,11.08939266204834,1.8674695491790767,0.0034219657536596
6cbzq5on,600M,expfm_600m,explicit,50,290078720.0,1180.8038330078125,346.40234375,0.0831937789916992,0.0775527730584144,0.1129676103591919,0.165890097618103,0.4766826629638672,11.274591445922852,1.9180376529693604,0.0032223490998148
6cbzq5on,600M,expfm_600m,explicit,50,300072960.0,1193.51904296875,350.828125,0.0822037607431411,0.067699909210205,0.0999054312705993,0.1514010578393936,0.4873949885368347,11.272686004638672,1.9378511905670168,0.0030056326650083
6cbzq5on,600M,expfm_600m,explicit,50,310067200.0,1217.119140625,355.82421875,0.0793068408966064,0.0667347162961959,0.0969286113977432,0.1457082778215408,0.472844123840332,11.154485702514648,1.907037734985352,0.0030089817009866
6cbzq5on,600M,expfm_600m,explicit,50,320061440.0,1248.6634521484375,361.658203125,0.0798812210559845,0.0645479038357734,0.0933657139539718,0.1395713835954666,0.4719821512699127,11.465582847595217,1.8920327425003047,0.002668750938028
6cbzq5on,600M,expfm_600m,explicit,50,330055680.0,1245.1339111328125,359.720703125,0.0832985937595367,0.0675432085990905,0.0996453762054443,0.1504580974578857,0.4718644022941589,11.476228713989258,1.9200446605682373,0.0027935313992202
6cbzq5on,600M,expfm_600m,explicit,50,340049920.0,1254.1119384765625,359.830078125,0.0842903852462768,0.0652200728654861,0.0949649214744567,0.1441751569509506,0.4714618921279907,11.569963455200195,1.8720648288726809,0.0028216135688126
6cbzq5on,600M,expfm_600m,explicit,50,350044160.0,1228.7158203125,352.306640625,0.080583855509758,0.0643077045679092,0.0946825891733169,0.143982395529747,0.4741910696029663,11.828075408935549,1.8578386306762693,0.003059550654143
6cbzq5on,600M,expfm_600m,explicit,50,360038400.0,1232.366455078125,354.876953125,0.0817112848162651,0.0666496604681015,0.0975182056427002,0.1481050252914428,0.4784249663352966,11.719640731811523,1.855067491531372,0.0030753137543797
6cbzq5on,600M,expfm_600m,explicit,50,370032640.0,1248.4945068359375,357.6279296875,0.0782545879483223,0.0657894611358642,0.0950969010591507,0.1437367349863052,0.4740640223026275,11.65483283996582,1.8531235456466677,0.0029072924517095
6cbzq5on,600M,expfm_600m,explicit,50,380026880.0,1304.824462890625,366.3115234375,0.0758145228028297,0.0643385499715805,0.0943880826234817,0.1431902348995208,0.4627677500247955,11.926631927490234,1.770014405250549,0.0026482311077415
6cbzq5on,600M,expfm_600m,explicit,50,390021120.0,1294.5772705078125,366.0341796875,0.0855395570397377,0.0652474835515022,0.094971090555191,0.1419762670993805,0.4713026285171509,11.822969436645508,1.7853100299835205,0.0026226136833429
6cbzq5on,600M,expfm_600m,explicit,50,400015360.0,1284.719482421875,360.375,0.0843143463134765,0.0635515078902244,0.0933300852775573,0.1429652571678161,0.4769685566425323,12.172588348388672,1.7529513835906982,0.002907711546868
6cbzq5on,600M,expfm_600m,explicit,50,410009600.0,1302.127685546875,364.96875,0.0776216387748718,0.0625318884849548,0.0916594192385673,0.1385321319103241,0.4708855450153351,11.947898864746094,1.7719382047653198,0.0027290466241538
6cbzq5on,600M,expfm_600m,explicit,50,420003840.0,1300.2606201171875,363.1640625,0.0745865553617477,0.0617150850594043,0.0902347415685653,0.1378854364156723,0.4694363474845886,12.019493103027344,1.7538983821868896,0.0027454402297735
6cbzq5on,600M,expfm_600m,explicit,50,430080000.0,1316.378173828125,364.5341796875,0.0746772214770317,0.0620648115873336,0.0916799530386924,0.1416202336549759,0.4668012857437134,12.487848281860352,1.7235405445098877,0.0025608465075492
6cbzq5on,600M,expfm_600m,explicit,50,440074240.0,1309.51025390625,365.8369140625,0.0819692760705947,0.0643574371933937,0.092927411198616,0.1417108178138733,0.4573629200458526,12.308855056762695,1.736992359161377,0.00265644188039
6cbzq5on,600M,expfm_600m,explicit,50,450068480.0,1303.130126953125,360.1875,0.0778476819396019,0.0616247504949569,0.0912608504295349,0.141386866569519,0.4662227630615234,12.18173885345459,1.7209103107452393,0.0027139359153807
6cbzq5on,600M,expfm_600m,explicit,50,460062720.0,1316.484130859375,365.97265625,0.0790045782923698,0.0632899031043052,0.0923049598932266,0.1399368643760681,0.471007764339447,12.29160499572754,1.7468222379684448,0.0024392988998442
6cbzq5on,600M,expfm_600m,explicit,50,470056960.0,1313.0341796875,363.1103515625,0.0778309106826782,0.0647631213068962,0.0944186896085739,0.1425040811300277,0.4776259064674377,12.718761444091797,1.7284672260284424,0.0026156012900173
6cbzq5on,600M,expfm_600m,explicit,50,480051200.0,1253.259033203125,353.169921875,0.0817494392395019,0.0647555589675903,0.09525166451931,0.1464297026395797,0.4838632345199585,12.777631759643556,1.766169786453247,0.0028760896530002
6cbzq5on,600M,expfm_600m,explicit,50,490045440.0,1309.9107666015625,359.9541015625,0.0774654299020767,0.0620158240199089,0.0912690311670303,0.1403495520353317,0.4758580029010772,12.601276397705078,1.684565186500549,0.0027665651869028
6cbzq5on,600M,expfm_600m,explicit,50,500039680.0,1293.780029296875,357.6943359375,0.0766449198126792,0.0639775395393371,0.0931197106838226,0.1425920724868774,0.4775386750698089,12.392425537109377,1.6926875114440918,0.0029093921184539
6cbzq5on,600M,expfm_600m,explicit,50,510033920.0,1299.9248046875,360.576171875,0.0779662281274795,0.0646097362041473,0.0953004360198974,0.1461996436119079,0.4769179821014404,12.79473876953125,1.7277745008468628,0.0026855203323066
6cbzq5on,600M,expfm_600m,explicit,50,520028160.0,1280.174072265625,356.04296875,0.08250392973423,0.0627221390604972,0.0924164652824401,0.1426654905080795,0.4705654084682464,12.862112998962402,1.755960464477539,0.0028006108477711
6cbzq5on,600M,expfm_600m,explicit,50,530022400.0,1270.028076171875,356.1279296875,0.0770116671919822,0.0625790283083915,0.0924072265625,0.1432414948940277,0.4720498025417328,12.834579467773438,1.7000256776809692,0.0027032492216676
6cbzq5on,600M,expfm_600m,explicit,50,540016640.0,1342.7154541015625,369.8310546875,0.0760851055383682,0.0629697889089584,0.0917872488498687,0.1403555870056152,0.4737033247947693,12.703235626220703,1.7004985809326172,0.0024076856207102
6cbzq5on,600M,expfm_600m,explicit,50,550010880.0,1365.483642578125,371.359375,0.0742648690938949,0.061545442789793,0.0891505554318428,0.134967416524887,0.4710941314697265,12.35695457458496,1.6737518310546875,0.002382194623351
6cbzq5on,600M,expfm_600m,explicit,50,560005120.0,1373.3955078125,375.62109375,0.0755455195903778,0.0646876245737075,0.0923305600881576,0.1394253075122833,0.4718618988990783,12.432537078857422,1.702979564666748,0.0020614687819033
6cbzq5on,600M,expfm_600m,explicit,50,570081280.0,1366.272216796875,373.3291015625,0.0738825350999832,0.0634564310312271,0.0912778973579406,0.1378520727157592,0.4772317707538605,12.776744842529297,1.7108078002929688,0.0023982352577149
6cbzq5on,600M,expfm_600m,explicit,50,580075520.0,1400.216796875,378.931640625,0.0728003233671188,0.0639376416802406,0.0914056599140167,0.1368750631809234,0.4761704802513122,12.92422866821289,1.6738221645355225,0.0021333983168005
6cbzq5on,600M,expfm_600m,explicit,50,590069760.0,1331.6253662109375,363.2470703125,0.0764329582452774,0.0608534626662731,0.0898193269968032,0.1391818821430206,0.4702257513999939,13.19560432434082,1.6946799755096436,0.0025229093153029
6cbzq5on,600M,expfm_600m,explicit,50,600064000.0,1355.3756103515625,370.0908203125,0.0717100799083709,0.0616778619587421,0.0905815809965133,0.1395493000745773,0.4678475260734558,13.121360778808594,1.703067660331726,0.0022511149290949
q7e7028r,600M,expfm_600m,explicit,0,10076160.0,666.7168579101562,237.69921875,0.0060158278793096,0.0094326408579945,0.0126069756224751,0.0179810151457786,0.6205019950866699,4.949802398681641,2.476029396057129,0.0090651009231805
q7e7028r,600M,expfm_600m,explicit,0,20070400.0,826.2384033203125,270.3935546875,0.0034469189122319,0.0049091982655227,0.0063621080480515,0.0086227403953671,0.5416430234909058,5.48566484451294,2.146686553955078,0.0068891979753971
q7e7028r,600M,expfm_600m,explicit,0,30064640.0,909.6448974609376,278.78125,0.0012999925529584,0.0022731567732989,0.003032742999494,0.0042143231257796,0.4976778030395508,5.914232730865479,1.9334070682525637,0.0061351554468274
q7e7028r,600M,expfm_600m,explicit,0,40058880.0,945.8795166015624,278.767578125,0.0011186591582372,0.0015145615907385,0.0019880305044353,0.0027623982168734,0.4693193435668945,6.59133243560791,1.7989189624786377,0.0059631466865539
q7e7028r,600M,expfm_600m,explicit,0,50053120.0,1037.2642822265625,295.5810546875,0.0007237946265377,0.0013319053687155,0.0017511518672108,0.0024221327621489,0.4539794027805328,7.207139015197754,1.7583435773849487,0.0050161718390882
q7e7028r,600M,expfm_600m,explicit,0,60047360.0,1089.554443359375,303.4970703125,0.0009850834030658,0.0020338685717433,0.0025116472970694,0.0031956536695361,0.4325890243053436,7.706156253814697,1.675559401512146,0.0043454291298985
q7e7028r,600M,expfm_600m,explicit,0,70041600.0,1200.7603759765625,328.8837890625,0.0006568922544829,0.0018153621349483,0.0022240853868424,0.0028201206587255,0.4241605103015899,8.186792373657227,1.6367924213409424,0.0033416799269616
q7e7028r,600M,expfm_600m,explicit,0,80035840.0,1361.5263671875,370.8232421875,0.0012694320175796,0.0119901672005653,0.0145442290231585,0.0178233180195093,0.4257860779762268,8.523601531982422,1.6706182956695557,0.0021404933650046
q7e7028r,600M,expfm_600m,explicit,0,90030080.0,1496.8443603515625,390.1982421875,0.0007434102008119,0.0010281411232426,0.0013551122974604,0.0019019787432625,0.4169571101665497,9.107131958007812,1.5739840269088743,0.0016254641814157
q7e7028r,600M,expfm_600m,explicit,0,100024320.0,1611.863525390625,409.8505859375,0.0008701519109308,0.0011220964370295,0.001445417292416,0.0019677716773003,0.4147842526435852,9.605777740478516,1.5038124322891235,0.0011105376761406
q7e7028r,600M,expfm_600m,explicit,0,110018560.0,1706.56982421875,425.8095703125,0.0005134169477969,0.0007462389767169,0.0009764571441337,0.0013738949783146,0.3979482352733612,10.295177459716797,1.4656174182891846,0.0006381943821907
q7e7028r,600M,expfm_600m,explicit,0,120012800.0,1751.553466796875,430.9052734375,0.0031922736670821,0.0005701180780306,0.0007731423247605,0.0011202143505215,0.3967692852020263,10.82704734802246,1.4120688438415527,0.0005126033211126
q7e7028r,600M,expfm_600m,explicit,0,130007040.0,1774.302490234375,432.166015625,0.0002402835234533,0.0005784889217466,0.0007805284112691,0.0011249763192608,0.3915707468986511,11.192874908447266,1.3973824977874756,0.0004120712983421
q7e7028r,600M,expfm_600m,explicit,0,140001280.0,1752.7332763671875,428.1337890625,0.0003242746170144,0.001443768851459,0.0016915578162297,0.0020854310132563,0.3934768736362457,11.702821731567385,1.396305799484253,0.0005977352266199
q7e7028r,600M,expfm_600m,explicit,0,150077440.0,1817.57568359375,437.208984375,0.0010179165983572,0.0004246435128152,0.0005741614149883,0.0008375847246497,0.3925693929195404,12.10125732421875,1.3737555742263794,0.0002940758713521
q7e7028r,600M,expfm_600m,explicit,0,160071680.0,1842.822265625,439.3466796875,0.0001822468766476,0.0003887913189828,0.0005216429708525,0.0007499958155676,0.3743921220302582,12.4766845703125,1.3449612855911257,0.0002153588284272
q7e7028r,600M,expfm_600m,explicit,0,170065920.0,1846.6787109375,439.4775390625,0.0011333512375131,0.0110381767153739,0.0122391190379858,0.0138046471402049,0.3799024522304535,13.098295211791992,1.3252570629119873,0.0002272221754537
q7e7028r,600M,expfm_600m,explicit,0,180060160.0,1857.24951171875,439.046875,0.0001598877570359,0.0003487172652967,0.0004639892140403,0.0006589719559997,0.3757122159004211,13.566102981567385,1.3292012214660645,0.0002038862003246
q7e7028r,600M,expfm_600m,explicit,0,190054400.0,1881.1708984375,442.6533203125,0.001982876798138,0.0005323014920577,0.0006534185376949,0.0008594401879236,0.3737395703792572,13.87951946258545,1.290804743766785,0.000146471807966
q7e7028r,600M,expfm_600m,explicit,0,200048640.0,1880.3377685546875,439.978515625,0.0003303380799479,0.0002775713510345,0.0003740509273484,0.0005449131713248,0.3669468462467193,14.02061653137207,1.3052799701690674,0.0001848778629209
q7e7028r,600M,expfm_600m,explicit,0,210042880.0,1903.2423095703125,445.8017578125,0.0001204536820296,0.0002880237007047,0.0003937225556001,0.0005835398915223,0.3650371730327606,13.73438549041748,1.2878464460372925,3.734718484338373e-05
q7e7028r,600M,expfm_600m,explicit,0,220037120.0,1901.4366455078125,443.837890625,0.0002647750661708,0.0003644823445938,0.0004670573980547,0.0006408473709598,0.3618718087673187,14.634291648864746,1.2910486459732056,8.012642501853406e-05
q7e7028r,600M,expfm_600m,explicit,0,230031360.0,1920.25634765625,446.37890625,0.0013384610647335,0.0032108344603329,0.0035112993791699,0.0038887017872184,0.3542175889015198,14.902631759643556,1.272723913192749,1.404973227181472e-05
q7e7028r,600M,expfm_600m,explicit,0,240025600.0,1909.7333984375,443.822265625,0.0001995949132833,0.0008074505603872,0.0009319797391071,0.0011284775100648,0.3558452427387237,14.326704025268556,1.2754062414169312,7.952660962473601e-05
q7e7028r,600M,expfm_600m,explicit,0,250019840.0,1922.84423828125,444.208984375,0.0001742161402944,0.0010009083198383,0.001146983471699,0.0013509963173419,0.3502764105796814,15.08602809906006,1.253145694732666,6.168438994791359e-05
q7e7028r,600M,expfm_600m,explicit,0,260014080.0,1904.9154052734373,442.44140625,0.0017345694359391,0.0084780054166913,0.0095813535153865,0.0108692608773708,0.3433456718921661,15.673258781433104,1.26132333278656,0.0001349352678516
q7e7028r,600M,expfm_600m,explicit,0,270008320.0,1925.7843017578125,444.0234375,0.000393660768168,0.0002652233233675,0.0003467720525804,0.0004801793838851,0.3503853380680084,15.296951293945312,1.2399799823760986,8.644896297482774e-05
q7e7028r,600M,expfm_600m,explicit,0,280002560.0,1921.988525390625,443.6064453125,0.0005853590555489,0.0003628449630923,0.0004513631574809,0.0005954790394753,0.3539047539234161,15.734107971191406,1.2507543563842771,9.860620775725693e-05
q7e7028r,600M,expfm_600m,explicit,0,290078720.0,1913.19775390625,441.2099609375,0.0008295503212139,0.0014166187029331,0.0016684860456734,0.0019977786578238,0.340650349855423,15.774563789367676,1.243869066238403,0.0001526519481558
q7e7028r,600M,expfm_600m,explicit,0,300072960.0,1913.181884765625,440.0068359375,0.0002341404760954,0.0054710367694497,0.0060402620583772,0.0067586889490485,0.3361962139606476,16.443649291992188,1.2381293773651123,0.0002111029752995
q7e7028r,600M,expfm_600m,explicit,0,310067200.0,1922.110595703125,442.060546875,0.0003544716164469,0.0003319243260193,0.000415691116359,0.0005475797224789,0.3385434746742248,16.27603530883789,1.2424315214157104,0.0001270566426683
q7e7028r,600M,expfm_600m,explicit,0,320061440.0,1915.65869140625,440.4091796875,9.841934661380948e-05,0.0002562035515438,0.0003380105481483,0.0004675447125919,0.3331042826175689,16.166622161865234,1.254999041557312,0.0001765950582921
q7e7028r,600M,expfm_600m,explicit,0,330055680.0,1936.79248046875,443.4482421875,8.858527871780097e-05,0.0002932426868937,0.0003834615636151,0.0005306436214596,0.3334992229938507,16.31402587890625,1.230815052986145,0.0001008753315545
q7e7028r,600M,expfm_600m,explicit,0,340049920.0,1938.063232421875,444.427734375,0.0002602930762805,0.0024299370124936,0.0027202721685171,0.0030912063084542,0.3418142199516296,15.650108337402344,1.2228320837020874,5.624712139251642e-05
q7e7028r,600M,expfm_600m,explicit,0,350044160.0,1948.4241943359373,444.5791015625,8.259204332716763e-05,0.0003562858619261,0.0004312597156967,0.0005479505634866,0.3284276723861694,16.962343215942383,1.2064814567565918,7.47362500987947e-05
q7e7028r,600M,expfm_600m,explicit,0,360038400.0,1942.4970703125,443.47265625,0.0002266387455165,0.0003584267687983,0.0004488683771342,0.0005914813955314,0.3305422365665436,16.687183380126953,1.2182798385620115,9.791737829800697e-05
q7e7028r,600M,expfm_600m,explicit,0,370032640.0,1937.54443359375,442.1533203125,0.000481519382447,0.0005664845230057,0.0006558336899615,0.0007857483578845,0.3258948922157287,16.960527420043945,1.2144999504089355,0.0001338184956694
q7e7028r,600M,expfm_600m,explicit,0,380026880.0,1946.83203125,444.751953125,0.0002964518498629,0.0004799683229066,0.0005772198783233,0.0007113427855074,0.3340518176555633,16.587690353393555,1.2162108421325684,6.860059511382133e-05
q7e7028r,600M,expfm_600m,explicit,0,390021120.0,1940.781005859375,443.7587890625,0.0018877561669796,0.0013310316717252,0.001530164387077,0.0017693768022581,0.3263652324676513,17.014591217041016,1.2147018909454346,7.677971734665334e-05
q7e7028r,600M,expfm_600m,explicit,0,400015360.0,1958.822265625,446.2314453125,0.0002780630602501,0.0018219136400148,0.0019932661671191,0.0022288998588919,0.3234086334705353,17.43516731262207,1.222427487373352,1.6202113329200074e-05
q7e7028r,600M,expfm_600m,explicit,0,410009600.0,1956.155517578125,444.4716796875,0.0003610684070736,0.0006502346950583,0.0007560005178675,0.0009111758554354,0.3184658885002136,17.20184326171875,1.2012131214141846,7.174142228905112e-05
q7e7028r,600M,expfm_600m,explicit,0,420003840.0,1954.78564453125,444.3671875,0.0001917409827001,0.0007608399027958,0.0008835312328301,0.0010480070486664,0.3141150772571563,17.136058807373047,1.2046619653701782,7.673647633055225e-05
q7e7028r,600M,expfm_600m,explicit,0,430080000.0,1962.6689453125,444.1220703125,0.0011540834093466,0.000636518234387,0.0007601677207276,0.0009353939676657,0.3150054216384887,17.198400497436523,1.1994072198867798,7.538570935139433e-05
q7e7028r,600M,expfm_600m,explicit,0,440074240.0,1946.486083984375,444.521484375,0.0076885041780769,0.0005161033477634,0.0006075447890907,0.0007328777574002,0.3130452930927276,17.74017333984375,1.2185781002044678,6.498325092252344e-05
q7e7028r,600M,expfm_600m,explicit,0,450068480.0,1944.162353515625,442.271484375,0.006683187559247,0.0007444548537023,0.000853544450365,0.0009937400463968,0.3092137277126312,17.860748291015625,1.2065422534942627,0.0001151953038061
q7e7028r,600M,expfm_600m,explicit,0,460062720.0,1959.8323974609373,444.1240234375,0.000544891343452,0.0007480153581127,0.0008487555896863,0.0009902248857542,0.3198358714580536,17.482006072998047,1.1949543952941897,6.974425923544914e-05
q7e7028r,600M,expfm_600m,explicit,0,470056960.0,1934.80810546875,441.9375,0.0001223071012645,0.0003308617742732,0.0004340597661212,0.0005964229349046,0.3207907080650329,17.784467697143555,1.2296828031539917,0.0001416897284798
q7e7028r,600M,expfm_600m,explicit,0,480051200.0,1960.9825439453125,444.873046875,0.0033636852167546,0.0007229673792608,0.0008275039144791,0.0009671702282503,0.3256036937236786,17.134674072265625,1.1939153671264648,5.31420337210875e-05
q7e7028r,600M,expfm_600m,explicit,0,490045440.0,1961.1552734375,445.177734375,0.0008335004677064,0.0005779024795629,0.0006777429953217,0.0008187322528101,0.3203141689300537,17.58062171936035,1.2101225852966309,4.403426646604203e-05
q7e7028r,600M,expfm_600m,explicit,0,500039680.0,1970.994384765625,444.830078125,0.0001182259002234,0.0001881412172224,0.0002513856743462,0.000351624097675,0.303457111120224,18.31842803955078,1.1892542839050293,5.654983760905452e-05
q7e7028r,600M,expfm_600m,explicit,0,510033920.0,1928.1900634765625,441.0146484375,0.0012111223768442,0.0202812105417251,0.02177295088768,0.0236550103873014,0.3112443089485168,18.77422523498535,1.237952709197998,0.0001835719012888
q7e7028r,600M,expfm_600m,explicit,0,520028160.0,1962.226318359375,444.59375,0.0002531356294639,0.0002851564786396,0.000353863928467,0.0004575130296871,0.3115766644477844,17.87384605407715,1.1851739883422852,6.282837421167642e-05
q7e7028r,600M,expfm_600m,explicit,0,530022400.0,1965.2279052734373,444.1298828125,0.0001121800742112,0.0007010831031948,0.0008175604743883,0.000990365166217,0.3179809153079986,17.323110580444336,1.1912524700164795,8.777117182034999e-05
q7e7028r,600M,expfm_600m,explicit,0,540016640.0,1979.4508056640625,446.18359375,0.0003910983796231,0.0003114985884167,0.0003846557810902,0.0004948843852616,0.3120687007904053,18.103679656982425,1.1657662391662598,2.2634811102761887e-05
q7e7028r,600M,expfm_600m,explicit,0,550010880.0,1972.280029296875,444.5791015625,8.389248978346586e-05,0.0002422345132799,0.0003118914319202,0.000413312256569,0.3022961318492889,18.66236114501953,1.172232985496521,5.97381622355897e-05
q7e7028r,600M,expfm_600m,explicit,0,560005120.0,1976.0369873046875,446.1240234375,0.0029887813143432,0.0024745611008256,0.0028200270608067,0.003247148822993,0.3061012625694275,17.986494064331055,1.19101881980896,2.139898060704581e-05
q7e7028r,600M,expfm_600m,explicit,0,570081280.0,1972.658935546875,444.9423828125,0.0003542181802913,0.0004290998040232,0.0005064090946689,0.0006159588228911,0.3008412718772888,18.679218292236328,1.1902151107788086,4.905748937744647e-05
q7e7028r,600M,expfm_600m,explicit,0,580075520.0,1980.7774658203125,446.1591796875,0.0004299276624806,0.0008893780759535,0.000997066614218,0.0011415702756494,0.2992920279502868,18.209794998168945,1.172132968902588,1.8674532839213495e-05
q7e7028r,600M,expfm_600m,explicit,0,590069760.0,1981.780029296875,446.345703125,8.522626012563705e-05,0.0002432399487588,0.0003181468928232,0.0004304777248762,0.3110155761241913,17.889562606811523,1.1926099061965942,1.7197256966028363e-05
q7e7028r,600M,expfm_600m,explicit,0,600064000.0,1981.185791015625,446.1083984375,0.0002164294564863,0.0002893757482524,0.0003615320310927,0.0004648902104236,0.3038556575775146,18.517742156982425,1.1623246669769287,4.409107350511477e-05
1dbmh27r,2G,pgfm_2g,implicit,10,10076160.0,566.702392578125,216.9326171875,0.448347806930542,0.678271472454071,0.8027650117874146,0.9820058345794678,0.5873192548751831,4.777273654937744,2.6061367988586426,0.0125794354826211
1dbmh27r,2G,pgfm_2g,implicit,10,20070400.0,472.86859130859375,174.3427734375,0.6129084229469299,0.6729198694229126,0.7838641405105591,0.9311538934707642,0.5000267028808594,5.93471097946167,2.470689296722412,0.0140440864488482
1dbmh27r,2G,pgfm_2g,implicit,10,30064640.0,543.438232421875,193.6591796875,0.5691211223602295,0.6966631412506104,0.8230808973312378,1.0022112131118774,0.465282529592514,6.436399459838867,2.489990711212158,0.0106993662193417
1dbmh27r,2G,pgfm_2g,implicit,10,40058880.0,570.1343994140625,203.970703125,0.6053625345230103,0.743217408657074,0.8861263990402222,1.0687769651412964,0.4670363068580627,6.932801723480225,2.5034189224243164,0.0100243147462606
1dbmh27r,2G,pgfm_2g,implicit,10,50053120.0,644.3148193359375,229.5673828125,0.5853288173675537,0.7335155606269836,0.8894484043121338,1.0801560878753662,0.4513974487781524,6.123373031616211,2.6073803901672363,0.0086016803979873
1dbmh27r,2G,pgfm_2g,implicit,10,60047360.0,639.9547729492188,231.326171875,0.6020005941390991,0.7216773629188538,0.8771997690200806,1.0769215822219849,0.4284704029560089,6.462237358093262,2.5730113983154297,0.0086493166163563
1dbmh27r,2G,pgfm_2g,implicit,10,70041600.0,715.5051879882812,256.5400390625,0.5453271865844727,0.7801726460456848,0.9303197860717772,1.1074377298355105,0.447511613368988,6.673602104187012,2.5728182792663574,0.0069988081231713
1dbmh27r,2G,pgfm_2g,implicit,10,80035840.0,704.8709716796875,249.248046875,0.5458011627197266,0.780559778213501,0.9178096055984496,1.0941619873046875,0.4603579640388489,6.635329723358154,2.46632719039917,0.007355679757893
1dbmh27r,2G,pgfm_2g,implicit,10,90030080.0,783.896484375,265.7802734375,0.5202420949935913,0.8134385347366333,0.9602938890457152,1.14691424369812,0.4426202178001404,6.57280158996582,2.338508367538452,0.0069419387727975
1dbmh27r,2G,pgfm_2g,implicit,10,100024320.0,819.3308715820312,270.1416015625,0.5182399153709412,0.8145351409912109,0.9607560634613036,1.148658037185669,0.4248697459697723,6.642428398132324,2.2026233673095703,0.0065989135764539
1dbmh27r,2G,pgfm_2g,implicit,10,110018560.0,823.4218139648438,271.1044921875,0.5163558721542358,0.8272221088409424,0.97697651386261,1.1740704774856567,0.4311462342739105,7.363614559173584,2.179016351699829,0.0064003122970461
1dbmh27r,2G,pgfm_2g,implicit,10,120012800.0,850.998291015625,273.8203125,0.5081028938293457,0.8509280681610107,1.005947828292847,1.2117576599121094,0.4313223659992218,7.289129257202148,2.1464524269104004,0.0060353223234415
1dbmh27r,2G,pgfm_2g,implicit,10,130007040.0,863.2913208007812,271.5205078125,0.5076400637626648,0.848873496055603,1.002696871757507,1.20597243309021,0.4193428456783294,7.461294651031494,2.041879415512085,0.0060058617964386
1dbmh27r,2G,pgfm_2g,implicit,10,140001280.0,897.912841796875,278.5224609375,0.483200192451477,0.8537760376930237,1.005979061126709,1.2074401378631592,0.4212520122528076,7.710663795471191,1.977998733520508,0.0057164710015058
1dbmh27r,2G,pgfm_2g,implicit,10,150077440.0,926.3623657226562,281.912109375,0.4862610697746277,0.8255643844604492,0.9723512530326844,1.1694982051849363,0.4151434302330017,8.360563278198242,1.9842150211334229,0.0055020069703459
1dbmh27r,2G,pgfm_2g,implicit,10,160071680.0,890.7911376953125,272.201171875,0.4757938683032989,0.8354775905609131,0.9849200248718262,1.1829050779342651,0.4114225208759308,8.7572021484375,1.922839641571045,0.0061343749985098
1dbmh27r,2G,pgfm_2g,implicit,10,170065920.0,951.6849365234376,283.712890625,0.4710633754730224,0.847938060760498,0.9971389770507812,1.192227840423584,0.4181059598922729,8.759260177612305,1.918229103088379,0.0053249318152666
1dbmh27r,2G,pgfm_2g,implicit,10,180060160.0,975.4834594726562,287.2255859375,0.4807229936122894,0.8398627042770386,0.9844928979873656,1.1719205379486084,0.4257024526596069,8.715091705322266,1.874961853027344,0.0051846876740455
1dbmh27r,2G,pgfm_2g,implicit,10,190054400.0,1004.7050170898438,289.1123046875,0.463810384273529,0.8281018733978271,0.9704710841178894,1.1549557447433472,0.4233558177947998,8.545172691345215,1.7802557945251465,0.0049329847097396
1dbmh27r,2G,pgfm_2g,implicit,10,200048640.0,1045.982177734375,298.51171875,0.4635076522827148,0.8418951034545898,0.979678511619568,1.1532320976257324,0.42071533203125,8.939245223999023,1.7944447994232178,0.004470195621252
1dbmh27r,2G,pgfm_2g,implicit,10,210042880.0,1035.3936767578125,296.1591796875,0.4615294635295868,0.8360462188720703,0.9750284552574158,1.1481530666351318,0.4226507842540741,9.171289443969728,1.7612212896347046,0.0047223293222486
1dbmh27r,2G,pgfm_2g,implicit,10,220037120.0,1094.983154296875,308.1083984375,0.4503411054611206,0.8332069516181946,0.9733766317367554,1.149707555770874,0.4231727123260498,9.424781799316406,1.750608205795288,0.0039857644587755
1dbmh27r,2G,pgfm_2g,implicit,10,230031360.0,1091.3438720703125,305.248046875,0.4573812484741211,0.8292993903160095,0.9724027514457704,1.1475850343704224,0.4206344187259674,9.430962562561035,1.7257297039031982,0.0042779464274644
1dbmh27r,2G,pgfm_2g,implicit,10,240025600.0,1142.994873046875,312.0517578125,0.4844943881034851,0.8286370038986206,0.9722212553024292,1.154518961906433,0.4291315674781799,9.385822296142578,1.6437926292419434,0.0040794657543301
1dbmh27r,2G,pgfm_2g,implicit,10,250019840.0,1202.0457763671875,322.0,0.4715896844863891,0.8142868280410767,0.962011218070984,1.144790768623352,0.4182053208351135,9.594460487365724,1.574192762374878,0.0037534721195697
1dbmh27r,2G,pgfm_2g,implicit,10,260014080.0,1298.86279296875,348.3779296875,0.4758898019790649,0.8224995136260986,0.967572808265686,1.1484787464141846,0.4223872721195221,9.545125961303713,1.6030948162078855,0.0028361827135086
1dbmh27r,2G,pgfm_2g,implicit,10,270008320.0,1361.12158203125,360.748046875,0.4725509881973266,0.8169820308685303,0.969241738319397,1.1674765348434448,0.4160757958889007,9.690587997436523,1.5848605632781982,0.0024824202992022
1dbmh27r,2G,pgfm_2g,implicit,10,280002560.0,1455.619873046875,379.5791015625,0.4607409834861755,0.8367922306060791,0.9956856966018676,1.1964529752731323,0.4221042990684509,9.98266887664795,1.533812165260315,0.0020326846279203
1dbmh27r,2G,pgfm_2g,implicit,10,290078720.0,1459.71533203125,375.6396484375,0.4493674635887146,0.8268958330154419,0.9819333553314208,1.1743239164352417,0.4173264801502228,9.86268424987793,1.4712693691253662,0.0023521715775132
1dbmh27r,2G,pgfm_2g,implicit,10,300072960.0,1441.4283447265625,371.0341796875,0.4533863365650177,0.8179909586906433,0.9733696579933168,1.168039083480835,0.4172102808952331,9.96695613861084,1.478864669799805,0.0023944773711264
1dbmh27r,2G,pgfm_2g,implicit,10,310067200.0,1464.7669677734375,376.8408203125,0.454756498336792,0.8090095520019531,0.9624857306480408,1.163573980331421,0.4106491506099701,10.149322509765623,1.4969863891601562,0.0021702176891267
1dbmh27r,2G,pgfm_2g,implicit,10,320061440.0,1547.35888671875,392.0341796875,0.4418493509292602,0.8308112025260925,0.993562877178192,1.1962721347808838,0.417218267917633,10.148480415344238,1.4959383010864258,0.0016695337835699
1dbmh27r,2G,pgfm_2g,implicit,10,330055680.0,1523.086181640625,385.5791015625,0.4539554417133331,0.830940842628479,0.9903109073638916,1.1869970560073853,0.4182519614696502,10.254901885986328,1.4450417757034302,0.0019133646273985
1dbmh27r,2G,pgfm_2g,implicit,10,340049920.0,1547.5465087890625,390.1787109375,0.4481307864189148,0.8106810450553894,0.9739497900009156,1.178377389907837,0.4150366187095642,10.320920944213867,1.4658914804458618,0.0018014458473771
1dbmh27r,2G,pgfm_2g,implicit,10,350044160.0,1568.1900634765625,393.66015625,0.450506329536438,0.8054417967796326,0.9672527313232422,1.1709516048431396,0.409155935049057,10.746101379394531,1.442946434020996,0.0015944491606205
1dbmh27r,2G,pgfm_2g,implicit,10,360038400.0,1574.89013671875,395.1376953125,0.4448173940181732,0.803148627281189,0.9644068479537964,1.1673240661621094,0.4133634269237518,10.716392517089844,1.4504027366638184,0.0015780013054609
1dbmh27r,2G,pgfm_2g,implicit,10,370032640.0,1566.951171875,391.6044921875,0.447279691696167,0.8103356957435608,0.9719887971878052,1.1784406900405884,0.4150735139846802,10.754974365234377,1.431912899017334,0.0016575091285631
1dbmh27r,2G,pgfm_2g,implicit,10,380026880.0,1602.0465087890625,396.0517578125,0.4499762654304504,0.8256507515907288,0.9864616990089417,1.1890612840652466,0.4183407425880432,10.945716857910156,1.4126079082489014,0.0016147288260981
1dbmh27r,2G,pgfm_2g,implicit,10,390021120.0,1624.4771728515625,403.4609375,0.4409419298171997,0.8065730333328247,0.9808911085128784,1.2046133279800415,0.4107087552547455,10.85011100769043,1.4254392385482788,0.0013256222009658
1dbmh27r,2G,pgfm_2g,implicit,10,400015360.0,1633.8916015625,404.8681640625,0.4311690926551819,0.8036721348762512,0.9771498441696168,1.1994297504425049,0.4167423248291015,10.657466888427734,1.4081954956054688,0.0012410031631588
1dbmh27r,2G,pgfm_2g,implicit,10,410009600.0,1642.132568359375,405.69140625,0.4272688627243042,0.7978504300117493,0.9651049375534058,1.17996346950531,0.4141120910644531,10.77241325378418,1.4091596603393557,0.0011765358503907
1dbmh27r,2G,pgfm_2g,implicit,10,420003840.0,1667.78759765625,411.7060546875,0.4318766295909881,0.7952744364738464,0.9645334482192992,1.1896705627441406,0.4119393825531006,11.0429105758667,1.4480836391448977,0.0009885057806968
1dbmh27r,2G,pgfm_2g,implicit,10,430080000.0,1649.410400390625,407.861328125,0.4472447037696838,0.7948682904243469,0.9612104892730712,1.186152100563049,0.4152789115905761,11.123133659362791,1.4311456680297852,0.0011344429804012
1dbmh27r,2G,pgfm_2g,implicit,10,440074240.0,1674.401611328125,411.11328125,0.426673412322998,0.7848412990570068,0.9549461603164672,1.1842375993728638,0.4081394374370575,10.99853801727295,1.415619730949402,0.0010396555298939
1dbmh27r,2G,pgfm_2g,implicit,10,450068480.0,1695.8544921875,414.677734375,0.4331266283988952,0.7970284223556519,0.9628379344940186,1.1865261793136597,0.4078028500080108,11.197047233581545,1.3968185186386108,0.0009796030353754
1dbmh27r,2G,pgfm_2g,implicit,10,460062720.0,1706.54541015625,415.19140625,0.4323602318763733,0.7857837677001953,0.9615788459777832,1.1970199346542358,0.4044615030288696,10.887575149536133,1.3983004093170166,0.0008726706728339
1dbmh27r,2G,pgfm_2g,implicit,10,470056960.0,1748.32861328125,426.1142578125,0.418060153722763,0.7676575779914856,0.930707573890686,1.1577273607254028,0.4067228734493255,11.356757164001465,1.4037456512451172,0.0005358920898288
1dbmh27r,2G,pgfm_2g,implicit,10,480051200.0,1708.901611328125,414.73046875,0.4205357432365417,0.7738930583000183,0.9367821216583252,1.161105394363403,0.4070230424404144,10.949030876159668,1.3722960948944092,0.0009526806534267
1dbmh27r,2G,pgfm_2g,implicit,10,490045440.0,1715.168701171875,414.404296875,0.4358620345592499,0.7669962644577026,0.9285852909088136,1.1577264070510864,0.4017785787582397,11.58671760559082,1.3480912446975708,0.0009779169922694
1dbmh27r,2G,pgfm_2g,implicit,10,500039680.0,1729.9654541015625,418.744140625,0.4399794340133667,0.775270938873291,0.9341156482696532,1.164691686630249,0.3988140523433685,11.709228515625,1.3898802995681765,0.0008630555239506
1dbmh27r,2G,pgfm_2g,implicit,10,510033920.0,1757.1219482421875,423.2646484375,0.436355710029602,0.7765188813209534,0.9453351497650146,1.1828880310058594,0.4019461572170257,11.741983413696287,1.356348752975464,0.0006598770269192
1dbmh27r,2G,pgfm_2g,implicit,10,520028160.0,1749.448486328125,421.822265625,0.4370917677879333,0.7895681262016296,0.9530293941497804,1.1846728324890137,0.4008241593837738,11.811552047729492,1.3725683689117432,0.0007461034692823
1dbmh27r,2G,pgfm_2g,implicit,10,530022400.0,1748.90185546875,421.6591796875,0.4452194571495056,0.7912465333938599,0.953706920146942,1.1888766288757324,0.402042806148529,11.323936462402344,1.3924731016159058,0.0006945475470274
1dbmh27r,2G,pgfm_2g,implicit,10,540016640.0,1742.555908203125,418.662109375,0.4477969408035278,0.7966693639755249,0.9587072134017944,1.18840491771698,0.4080658555030823,11.5258207321167,1.3795825242996216,0.000806288793683
1dbmh27r,2G,pgfm_2g,implicit,10,550010880.0,1749.37646484375,420.0341796875,0.4341742694377899,0.7782288789749146,0.9380929470062256,1.1669591665267944,0.4081334769725799,11.704681396484377,1.3625686168670654,0.000749071710743
1dbmh27r,2G,pgfm_2g,implicit,10,560005120.0,1767.821533203125,425.11328125,0.4358395338058471,0.7866008281707764,0.9501584768295288,1.177704691886902,0.4029467105865478,11.74447536468506,1.373397707939148,0.0006128716049715
1dbmh27r,2G,pgfm_2g,implicit,10,570081280.0,1781.501708984375,427.2880859375,0.4264138340950012,0.7693527936935425,0.9285197257995604,1.1572078466415403,0.3983773589134216,11.795154571533203,1.3501170873641968,0.000558876490686
1dbmh27r,2G,pgfm_2g,implicit,10,580075520.0,1799.689697265625,429.46875,0.4327068626880646,0.777128279209137,0.936978816986084,1.1668556928634644,0.3989861309528351,11.90472412109375,1.32787823677063,0.00052803568542
1dbmh27r,2G,pgfm_2g,implicit,10,590069760.0,1822.0992431640625,433.39453125,0.4321275651454925,0.7679034471511841,0.924748420715332,1.1475554704666138,0.4005857408046722,12.016969680786133,1.327503681182861,0.0004327092319726
1dbmh27r,2G,pgfm_2g,implicit,10,600064000.0,1815.533447265625,433.3037109375,0.4399104118347168,0.7764423489570618,0.9337631464004515,1.165488362312317,0.402204692363739,12.18328094482422,1.342839002609253,0.0003842615697067
1dbmh27r,2G,pgfm_2g,implicit,10,610058240.0,1805.8369140625,431.169921875,0.446280837059021,0.7802881002426147,0.9420202374458312,1.172506332397461,0.4055665135383606,12.058209419250488,1.3641831874847412,0.0004349343071226
1dbmh27r,2G,pgfm_2g,implicit,10,620052480.0,1798.5106201171875,428.482421875,0.4304125905036926,0.7796850800514221,0.9417926669120787,1.175449252128601,0.4077377617359161,12.349139213562012,1.3411132097244265,0.0005166993942111
1dbmh27r,2G,pgfm_2g,implicit,10,630046720.0,1807.36767578125,432.7294921875,0.4257806837558746,0.7802379727363586,0.9386215209960938,1.1778990030288696,0.404324471950531,11.938979148864746,1.3567876815795898,0.0003757993108592
1dbmh27r,2G,pgfm_2g,implicit,10,640040960.0,1796.551513671875,429.5546875,0.4317936599254608,0.7725492715835571,0.929448902606964,1.165467381477356,0.3997247219085693,12.03470516204834,1.357982873916626,0.0004990177112631
1dbmh27r,2G,pgfm_2g,implicit,10,650035200.0,1819.288330078125,432.162109375,0.437781810760498,0.7780511975288391,0.9382939338684082,1.1714491844177246,0.3981475234031677,11.913761138916016,1.3367249965667725,0.0004267706535756
1dbmh27r,2G,pgfm_2g,implicit,10,660029440.0,1829.7274169921875,434.54296875,0.4308890998363495,0.7703205347061157,0.926732063293457,1.1511638164520264,0.3979746401309967,12.024471282958984,1.352505087852478,0.0003326333535369
1dbmh27r,2G,pgfm_2g,implicit,10,670023680.0,1800.217041015625,428.2109375,0.4414840340614319,0.7629129886627197,0.9169259071350098,1.1437699794769287,0.3936467468738556,12.30901336669922,1.358445405960083,0.0005059774266555
1dbmh27r,2G,pgfm_2g,implicit,10,680017920.0,1815.61328125,431.2451171875,0.4479806423187256,0.7598434090614319,0.915141463279724,1.1461830139160156,0.3935557305812835,12.314395904541016,1.3315632343292236,0.000437403388787
1dbmh27r,2G,pgfm_2g,implicit,10,690012160.0,1782.43798828125,425.455078125,0.4625080823898315,0.7717242240905762,0.9282735586166382,1.1590932607650757,0.3959411978721618,12.046709060668944,1.36668062210083,0.0005684985080733
1dbmh27r,2G,pgfm_2g,implicit,10,700006400.0,1820.8663330078125,433.0439453125,0.4411747455596924,0.7784224152565002,0.9364610910415648,1.1739391088485718,0.3991963863372803,12.188467025756836,1.346484661102295,0.0004006185045
1dbmh27r,2G,pgfm_2g,implicit,10,710000640.0,1789.9271240234375,425.576171875,0.449506938457489,0.7781162858009338,0.9369826912879944,1.167020320892334,0.4024503529071808,12.160049438476562,1.3481578826904297,0.0005821757949888
1dbmh27r,2G,pgfm_2g,implicit,10,720076800.0,1818.375,431.6376953125,0.4366256594657898,0.7746172547340393,0.9240989089012146,1.1464948654174805,0.399014949798584,12.289416313171388,1.3303532600402832,0.0004103402607142
1dbmh27r,2G,pgfm_2g,implicit,10,730071040.0,1831.08349609375,432.978515625,0.4386846423149109,0.7791674137115479,0.9371541738510132,1.1781573295593262,0.3987792134284973,12.633674621582031,1.3243722915649414,0.0004015741869807
1dbmh27r,2G,pgfm_2g,implicit,10,740065280.0,1832.7325439453125,433.310546875,0.4345047175884247,0.7763890027999878,0.9308570623397828,1.1610459089279177,0.4025648832321167,12.415273666381836,1.327244758605957,0.0003770518815144
1dbmh27r,2G,pgfm_2g,implicit,10,750059520.0,1839.5377197265625,435.5693359375,0.4510253369808197,0.7866542935371399,0.9466983079910278,1.1777167320251465,0.3968989849090576,12.567623138427734,1.3302539587020874,0.0003335352521389
1dbmh27r,2G,pgfm_2g,implicit,10,760053760.0,1825.4315185546875,433.0517578125,0.436249166727066,0.7707637548446655,0.9205607175827026,1.1464840173721311,0.401181012392044,12.616559982299805,1.330090880393982,0.0004179004463367
1dbmh27r,2G,pgfm_2g,implicit,10,770048000.0,1851.9818115234373,437.478515625,0.435256153345108,0.7727866172790527,0.9243435859680176,1.1613988876342771,0.398022323846817,12.479461669921877,1.3313319683074951,0.0002647858345881
1dbmh27r,2G,pgfm_2g,implicit,10,780042240.0,1855.59326171875,437.4873046875,0.4423981010913849,0.7824329733848572,0.93586266040802,1.1657569408416748,0.3961311280727386,12.193998336791992,1.3202991485595703,0.0002544192248024
1dbmh27r,2G,pgfm_2g,implicit,10,790036480.0,1840.5093994140625,435.2392578125,0.4537880718708038,0.7917064428329468,0.9477295279502868,1.1749435663223269,0.3990466892719269,12.504838943481444,1.3374696969985962,0.0003579416370484
1dbmh27r,2G,pgfm_2g,implicit,10,800030720.0,1846.1689453125,436.4462890625,0.4405456185340881,0.7820422649383545,0.933635950088501,1.1543395519256592,0.396472692489624,12.83835220336914,1.3297991752624512,0.0002729711704887
1dbmh27r,2G,pgfm_2g,implicit,10,810024960.0,1832.420166015625,433.5107421875,0.4312942624092102,0.785135805606842,0.93878436088562,1.1673985719680786,0.3990221619606018,12.454710006713867,1.3255199193954468,0.0004093855095561
1dbmh27r,2G,pgfm_2g,implicit,10,820019200.0,1851.39013671875,437.38671875,0.4404255449771881,0.7824061512947083,0.9382322430610656,1.163771152496338,0.4015332758426666,12.330466270446776,1.3520183563232422,0.0002803216339088
1dbmh27r,2G,pgfm_2g,implicit,10,830013440.0,1843.2493896484373,433.369140625,0.4411741197109222,0.7731878757476807,0.9245342016220092,1.1490600109100342,0.396362155675888,12.652031898498535,1.342461109161377,0.0003820178972091
1dbmh27r,2G,pgfm_2g,implicit,10,840007680.0,1850.2119140625,436.5478515625,0.4414160251617431,0.7807533740997314,0.926847517490387,1.1469128131866455,0.400230199098587,12.841853141784668,1.3400945663452148,0.0002907324233092
1dbmh27r,2G,pgfm_2g,implicit,10,850001920.0,1856.02978515625,437.3486328125,0.4411833882331848,0.765565037727356,0.9110562801361084,1.1261961460113523,0.3921107351779938,12.733562469482422,1.3105545043945312,0.0002941640559583
1dbmh27r,2G,pgfm_2g,implicit,10,860078080.0,1852.416015625,436.3388671875,0.4413967132568359,0.7685710191726685,0.9230958223342896,1.1578333377838137,0.3912510871887207,12.758209228515623,1.3198111057281494,0.0003010685322806
1dbmh27r,2G,pgfm_2g,implicit,10,870072320.0,1870.9542236328125,439.6904296875,0.4338297843933105,0.7784550786018372,0.9308713674545288,1.1545590162277222,0.3911749422550201,12.908336639404297,1.3121850490570068,0.0002006111026275
1dbmh27r,2G,pgfm_2g,implicit,10,880066560.0,1874.6888427734373,440.12890625,0.4314013719558716,0.7718197107315063,0.9190736413002014,1.1362290382385254,0.3908082246780395,12.682634353637695,1.3081316947937012,0.0002419975062366
1dbmh27r,2G,pgfm_2g,implicit,10,890060800.0,1854.781982421875,436.375,0.4397583603858948,0.7783301472663879,0.928683876991272,1.1483793258666992,0.3940621614456177,12.745020866394045,1.316009759902954,0.0003529469831846
1dbmh27r,2G,pgfm_2g,implicit,10,900055040.0,1862.06787109375,437.7265625,0.4430474638938904,0.7649136781692505,0.914745032787323,1.129434585571289,0.3862885534763336,12.877309799194336,1.3214325904846191,0.0002735087473411
1dbmh27r,2G,pgfm_2g,implicit,10,910049280.0,1867.3665771484373,438.1669921875,0.4350042939186096,0.7759973406791687,0.9249184727668762,1.1479942798614502,0.3911901414394378,12.961758613586426,1.3062338829040527,0.0002678513992577
1dbmh27r,2G,pgfm_2g,implicit,10,920043520.0,1855.9112548828125,436.01953125,0.4512863755226135,0.7774173021316528,0.9273117780685424,1.140193223953247,0.3935199677944183,12.891295433044434,1.311026096343994,0.0002921466948464
1dbmh27r,2G,pgfm_2g,implicit,10,930037760.0,1866.227783203125,437.48046875,0.4578201472759247,0.7703393697738647,0.9202144145965576,1.1363675594329834,0.3870790600776672,12.794302940368652,1.2882061004638672,0.0002773257147055
1dbmh27r,2G,pgfm_2g,implicit,10,940032000.0,1865.4345703125,437.0625,0.4535042643547058,0.776453971862793,0.930779218673706,1.1545228958129885,0.3921962678432464,12.88652801513672,1.2954720258712769,0.0003107017255388
1dbmh27r,2G,pgfm_2g,implicit,10,950026240.0,1856.3055419921875,434.97265625,0.4468120634555816,0.773382306098938,0.9287134408950806,1.1631485223770142,0.3941260874271393,12.823726654052734,1.3050658702850342,0.0003653624444268
1dbmh27r,2G,pgfm_2g,implicit,10,960020480.0,1886.86181640625,440.7509765625,0.438682347536087,0.7751750946044922,0.9266385436058044,1.145893096923828,0.3901806473731994,13.047149658203123,1.2945475578308103,0.0001863231009338
1dbmh27r,2G,pgfm_2g,implicit,10,970014720.0,1869.2294921875,438.939453125,0.4462324380874634,0.7603985071182251,0.9115780591964722,1.1367734670639038,0.3845442235469818,12.931351661682127,1.3184958696365356,0.0002161788434023
1dbmh27r,2G,pgfm_2g,implicit,10,980008960.0,1884.4407958984373,440.642578125,0.4382120370864868,0.7582744359970093,0.9073438048362732,1.1249241828918457,0.3850316405296325,12.702835083007812,1.303720235824585,0.0001744724286254
1dbmh27r,2G,pgfm_2g,implicit,10,990003200.0,1862.869873046875,437.146484375,0.4489532113075256,0.7697499394416809,0.9220629930496216,1.1434088945388794,0.3868089020252228,12.955389022827148,1.323930263519287,0.0002818840148393
1dbmh27r,2G,pgfm_2g,implicit,10,1000079360.0,1881.87353515625,438.919921875,0.4449069797992706,0.7756698131561279,0.9280266761779784,1.1539058685302734,0.3891185224056244,12.621950149536133,1.3102822303771973,0.0002475520013831
1dbmh27r,2G,pgfm_2g,implicit,10,1010073600.0,1893.0711669921875,441.779296875,0.443289041519165,0.7855360507965088,0.9394329190254213,1.1650004386901855,0.3905793130397796,12.828908920288086,1.3128318786621094,0.0001636095985304
1dbmh27r,2G,pgfm_2g,implicit,10,1020067840.0,1889.9931640625,441.7783203125,0.4366211295127868,0.766904354095459,0.9098222851753236,1.1186156272888184,0.3883352875709533,12.831872940063477,1.3113560676574707,0.0001492573501309
1dbmh27r,2G,pgfm_2g,implicit,10,1030062080.0,1887.341796875,441.12109375,0.4419306516647339,0.7661869525909424,0.9136557579040528,1.1283259391784668,0.3806246817111969,12.912997245788574,1.312787652015686,0.0001665248128119
1dbmh27r,2G,pgfm_2g,implicit,10,1040056320.0,1883.5013427734373,439.1669921875,0.444728136062622,0.772990345954895,0.9211102724075316,1.1368484497070312,0.3863530457019806,12.87395477294922,1.29844868183136,0.0001949281577253
1dbmh27r,2G,pgfm_2g,implicit,10,1050050560.0,1857.404296875,435.1787109375,0.4456696808338165,0.7732114791870117,0.9188271760940552,1.1333911418914795,0.3882021903991699,12.923646926879885,1.3135740756988523,0.0003105072828475
1dbmh27r,2G,pgfm_2g,implicit,10,1060044800.0,1865.45166015625,437.083984375,0.4491912424564361,0.7826533317565918,0.9216529130935668,1.1254281997680664,0.3874188065528869,13.038728713989258,1.3048996925354004,0.0002697743475437
1dbmh27r,2G,pgfm_2g,implicit,10,1070039040.0,1884.939208984375,439.642578125,0.4372079968452453,0.7781731486320496,0.9240059852600098,1.1348100900650024,0.3830209076404571,13.035737037658691,1.290938377380371,0.000200865775696
1dbmh27r,2G,pgfm_2g,implicit,10,1080033280.0,1885.1065673828125,439.123046875,0.4415381252765655,0.7616329789161682,0.9057846069335938,1.1074702739715576,0.379134327173233,12.963086128234863,1.2864165306091309,0.0002222412731498
1dbmh27r,2G,pgfm_2g,implicit,10,1090027520.0,1897.241455078125,442.1396484375,0.4346965551376343,0.7726261615753174,0.9260020852088928,1.143756866455078,0.3792411983013153,13.106499671936035,1.2924078702926636,0.0001299518771702
1dbmh27r,2G,pgfm_2g,implicit,10,1100021760.0,1881.65478515625,438.9169921875,0.4442563056945801,0.7812516689300537,0.9273619651794434,1.1384649276733398,0.3887623250484466,13.045684814453123,1.3066108226776123,0.000255688704783
1dbmh27r,2G,pgfm_2g,implicit,10,1110016000.0,1881.984619140625,438.4169921875,0.4444321691989898,0.7759250998497009,0.9282710552215576,1.1449540853500366,0.3840334117412567,13.160196304321287,1.3025431632995603,0.0002424501581117
1dbmh27r,2G,pgfm_2g,implicit,10,1120010240.0,1886.365478515625,440.43359375,0.4543512165546417,0.7807906270027161,0.9272762537002563,1.1318355798721311,0.378919392824173,13.238252639770508,1.291615009307861,0.0001803699997253
1dbmh27r,2G,pgfm_2g,implicit,10,1130004480.0,1892.8001708984373,440.8115234375,0.4429371356964111,0.7771678566932678,0.9240413904190063,1.133134126663208,0.3806305825710296,13.126626968383787,1.3106029033660889,0.0001767308422131
1dbmh27r,2G,pgfm_2g,implicit,10,1140080640.0,1899.950927734375,442.5263671875,0.445794939994812,0.7629179358482361,0.9089312553405762,1.116490602493286,0.3763768672943115,12.81291389465332,1.2963590621948242,0.0001273767993552
1dbmh27r,2G,pgfm_2g,implicit,10,1150074880.0,1884.381103515625,439.1435546875,0.4501053690910339,0.7609801292419434,0.905831217765808,1.113656759262085,0.3745161890983581,13.340432167053224,1.2983081340789795,0.0002258567837998
1dbmh27r,2G,pgfm_2g,implicit,10,1160069120.0,1892.3294677734373,441.2568359375,0.450206458568573,0.7715599536895752,0.9198758602142334,1.1334933042526243,0.3787432610988617,13.187026977539062,1.2951105833053589,0.0001913975429488
1dbmh27r,2G,pgfm_2g,implicit,10,1170063360.0,1888.5635986328125,439.9443359375,0.4445001780986786,0.7715388536453247,0.9143649339675904,1.118051528930664,0.3812557160854339,13.07906436920166,1.2856483459472656,0.0001755443081492
1dbmh27r,2G,pgfm_2g,implicit,10,1180057600.0,1886.1092529296875,439.6640625,0.4435798525810241,0.77165687084198,0.9195417165756226,1.1358689069747925,0.3830899596214294,13.26168155670166,1.2976688146591189,0.0002026333822868
1dbmh27r,2G,pgfm_2g,implicit,10,1190051840.0,1869.505859375,435.6552734375,0.4450824856758117,0.7697467803955078,0.9149357080459596,1.1216957569122314,0.3816505074501037,12.970085144042969,1.296595335006714,0.0003116314765065
1dbmh27r,2G,pgfm_2g,implicit,10,1200046080.0,1876.507568359375,435.984375,0.4521464109420776,0.773696780204773,0.9162002801895142,1.125473976135254,0.3782303631305694,13.245729446411133,1.291898488998413,0.0003449534415267
1dbmh27r,2G,pgfm_2g,implicit,10,1210040320.0,1876.98828125,437.009765625,0.4565822780132293,0.7613484859466553,0.9057064056396484,1.1190266609191897,0.3762519359588623,13.204723358154297,1.3014068603515625,0.000287787959678
1dbmh27r,2G,pgfm_2g,implicit,10,1220034560.0,1892.7081298828125,439.57421875,0.4483148455619812,0.7721641659736633,0.9193754196166992,1.1241450309753418,0.3768948912620544,13.171905517578123,1.2841802835464478,0.0001730944495648
1dbmh27r,2G,pgfm_2g,implicit,10,1230028800.0,1889.743896484375,438.3935546875,0.4648364782333374,0.7722926139831543,0.9161515831947328,1.116413116455078,0.3745411336421966,13.131672859191896,1.2887773513793943,0.0002737857867032
1dbmh27r,2G,pgfm_2g,implicit,10,1240023040.0,1884.122314453125,438.013671875,0.4584253430366516,0.7865489721298218,0.9354915618896484,1.1494122743606567,0.3813035786151886,13.251543045043944,1.3074817657470703,0.0002587214985396
1dbmh27r,2G,pgfm_2g,implicit,10,1250017280.0,1904.7308349609373,441.5986328125,0.4433401226997375,0.7808224558830261,0.9316153526306152,1.153796672821045,0.3772521913051605,13.00605010986328,1.292921543121338,0.0001654232328291
1dbmh27r,2G,pgfm_2g,implicit,10,1260011520.0,1881.578369140625,436.4521484375,0.4460982084274292,0.770633339881897,0.9173732399940492,1.1245921850204468,0.37514129281044,13.278024673461914,1.2928329706192017,0.0003052927204407
1dbmh27r,2G,pgfm_2g,implicit,10,1270005760.0,1893.17431640625,440.01171875,0.4577404260635376,0.7761973142623901,0.9215399622917176,1.1284217834472656,0.3818756639957428,12.956302642822266,1.3019373416900637,0.0002338949998375
1dbmh27r,2G,pgfm_2g,implicit,10,1280000000.0,1873.81640625,436.140625,0.4723915755748749,0.7873276472091675,0.9338438510894777,1.1476331949234009,0.3829469084739685,13.382318496704102,1.3076598644256592,0.000327680259943
1dbmh27r,2G,pgfm_2g,implicit,10,1290076160.0,1897.190185546875,439.80859375,0.4444795250892639,0.7630748748779297,0.9069907665252686,1.1119163036346436,0.3724542558193207,13.124785423278809,1.2790510654449463,0.0002019941457547
1dbmh27r,2G,pgfm_2g,implicit,10,1300070400.0,1899.423583984375,441.5791015625,0.4580786824226379,0.7687397003173828,0.913988471031189,1.1243293285369873,0.3720522224903106,13.395503997802734,1.3053407669067385,0.0001597331283846
1dbmh27r,2G,pgfm_2g,implicit,10,1310064640.0,1891.88232421875,440.259765625,0.4491976499557495,0.7697790265083313,0.9116948246955872,1.116008996963501,0.3762739598751068,13.026960372924805,1.3048028945922852,0.0001899788330774
1dbmh27r,2G,pgfm_2g,implicit,10,1320058880.0,1900.65087890625,440.7783203125,0.4535073637962341,0.7812840938568115,0.9249916076660156,1.1286929845809937,0.3769131898880005,13.129878997802734,1.306773662567139,0.0001903470547404
1dbmh27r,2G,pgfm_2g,implicit,10,1330053120.0,1901.663818359375,442.501953125,0.4490758180618286,0.7590277194976807,0.9037467241287231,1.1120809316635132,0.3705872893333435,13.25320053100586,1.3093373775482178,0.0001372019323753
1dbmh27r,2G,pgfm_2g,implicit,10,1340047360.0,1904.4947509765625,442.3759765625,0.4502893090248108,0.7694637179374695,0.9131263494491576,1.1190979480743408,0.3743599653244018,13.255081176757812,1.2981702089309692,0.0001480044302297
1dbmh27r,2G,pgfm_2g,implicit,10,1350041600.0,1906.204833984375,441.517578125,0.4554029703140259,0.7789819836616516,0.9262644052505492,1.1381300687789917,0.3763994872570038,13.357854843139648,1.299451470375061,0.0001511494192527
1dbmh27r,2G,pgfm_2g,implicit,10,1360035840.0,1896.76025390625,440.380859375,0.4589599967002868,0.7645244002342224,0.9078435897827148,1.112853765487671,0.3686508536338806,13.732555389404297,1.289044737815857,0.000179817987373
1dbmh27r,2G,pgfm_2g,implicit,10,1370030080.0,1898.57470703125,440.541015625,0.4517372846603393,0.7711276412010193,0.9139186143875122,1.1142125129699707,0.3685309290885925,13.369054794311523,1.2859474420547483,0.0001599568931851
1dbmh27r,2G,pgfm_2g,implicit,10,1380024320.0,1899.4853515625,440.896484375,0.4478188753128052,0.7777532935142517,0.9222944974899292,1.132605791091919,0.379702478647232,13.28575325012207,1.2957788705825806,0.0001449852861696
1dbmh27r,2G,pgfm_2g,implicit,10,1390018560.0,1907.349853515625,442.3798828125,0.4471777081489563,0.7771145105361938,0.921871304512024,1.1244890689849854,0.3770834803581238,13.47216796875,1.286158561706543,0.0001114788465201
1dbmh27r,2G,pgfm_2g,implicit,10,1400012800.0,1906.952880859375,442.3369140625,0.4540477991104126,0.7811823487281799,0.9312342405319214,1.1420791149139404,0.3702347874641418,13.203539848327637,1.2893633842468262,0.000140766162076
1dbmh27r,2G,pgfm_2g,implicit,10,1410007040.0,1909.8475341796875,442.2158203125,0.457221657037735,0.7867364883422852,0.9340277314186096,1.13889741897583,0.3703469336032867,13.346641540527344,1.2807811498641968,0.0001463495427742
1dbmh27r,2G,pgfm_2g,implicit,10,1420001280.0,1910.16455078125,442.287109375,0.4487561583518982,0.7673990726470947,0.9113118648529052,1.1168808937072754,0.3696974813938141,13.170509338378906,1.28637957572937,0.0001495133619755
1dbmh27r,2G,pgfm_2g,implicit,10,1430077440.0,1905.4453125,441.9013671875,0.4486387968063354,0.7755815386772156,0.9166855812072754,1.1168231964111328,0.3736899197101593,13.18940544128418,1.2920736074447632,0.0001331413805019
1dbmh27r,2G,pgfm_2g,implicit,10,1440071680.0,1904.595947265625,442.1318359375,0.4646066427230835,0.7780287265777588,0.9205664396286012,1.1248419284820557,0.3700460195541382,13.582117080688477,1.3082525730133057,0.0001496981421951
1dbmh27r,2G,pgfm_2g,implicit,10,1450065920.0,1907.254150390625,440.5556640625,0.4456746578216553,0.7680608034133911,0.9146899580955504,1.1205213069915771,0.3693114817142486,13.644872665405272,1.2891557216644287,0.0001758864091243
1dbmh27r,2G,pgfm_2g,implicit,10,1460060160.0,1902.1058349609373,441.1552734375,0.4626666605472564,0.77068030834198,0.9136589169502258,1.1171112060546875,0.3682103455066681,13.350449562072754,1.290264129638672,0.0001636497763684
1dbmh27r,2G,pgfm_2g,implicit,10,1470054400.0,1895.4443359375,439.2451171875,0.4668439030647278,0.7692437171936035,0.91100811958313,1.1151005029678345,0.3691118061542511,13.571788787841797,1.2971402406692505,0.0002085248706862
1dbmh27r,2G,pgfm_2g,implicit,10,1480048640.0,1926.4375,444.37109375,0.4557338654994964,0.7739841938018799,0.916040301322937,1.121773362159729,0.3700190484523773,13.560968399047852,1.2734745740890503,6.108067464083433e-05
1dbmh27r,2G,pgfm_2g,implicit,10,1490042880.0,1902.2530517578125,440.705078125,0.4676632881164551,0.7739143371582031,0.91602623462677,1.1120048761367798,0.3658066093921661,13.512081146240234,1.286568522453308,0.0001811857509892
1dbmh27r,2G,pgfm_2g,implicit,10,1500037120.0,1883.25146484375,437.048828125,0.4647878408432007,0.7786878347396851,0.9212106466293336,1.117560863494873,0.3669596314430237,13.636369705200195,1.288137674331665,0.0003367169992998
1dbmh27r,2G,pgfm_2g,implicit,10,1510031360.0,1896.1923828125,438.984375,0.4626714587211609,0.7820022702217102,0.9317243099212646,1.1365522146224976,0.3699563443660736,13.492733001708984,1.2893842458724976,0.0002475043875165
1dbmh27r,2G,pgfm_2g,implicit,10,1520025600.0,1897.655029296875,439.0673828125,0.4639407396316528,0.7734410762786865,0.918537974357605,1.1208462715148926,0.3651261031627655,13.807218551635742,1.2966656684875488,0.0002218403096776
1dbmh27r,2G,pgfm_2g,implicit,10,1530019840.0,1906.63330078125,440.7861328125,0.4586571156978607,0.7727519273757935,0.914517879486084,1.116255521774292,0.3658300638198852,13.724251747131348,1.2839374542236328,0.0001375657448079
1dbmh27r,2G,pgfm_2g,implicit,10,1540014080.0,1901.96728515625,439.666015625,0.4677421450614929,0.7820925116539001,0.9237496852874756,1.1242105960845947,0.3687234818935394,13.886890411376951,1.298278570175171,0.0002079432597383
1dbmh27r,2G,pgfm_2g,implicit,10,1550008320.0,1896.293701171875,439.2978515625,0.4666904211044311,0.7721194624900818,0.915575921535492,1.1080126762390137,0.3619544506072998,13.722469329833984,1.3083598613739014,0.0002153003006242
1dbmh27r,2G,pgfm_2g,implicit,10,1560002560.0,1907.28662109375,440.3388671875,0.4633436203002929,0.777132511138916,0.9166856408119202,1.1102046966552734,0.3604405224323272,13.579673767089844,1.273730993270874,0.0002118816628353
1dbmh27r,2G,pgfm_2g,implicit,10,1570078720.0,1893.9354248046875,438.73046875,0.4721646904945373,0.7835329174995422,0.9289951920509338,1.1371840238571167,0.364864319562912,13.26559829711914,1.28671133518219,0.000224090879783
1dbmh27r,2G,pgfm_2g,implicit,10,1580072960.0,1903.160888671875,439.3681640625,0.4662039875984192,0.7975343465805054,0.9478921890258788,1.155997633934021,0.3752284944057464,13.568336486816406,1.2851568460464478,0.0002428726875223
1dbmh27r,2G,pgfm_2g,implicit,10,1590067200.0,1912.3529052734373,441.6337890625,0.4722588658332824,0.7933443784713745,0.9392894506454468,1.1518958806991575,0.3725470900535583,13.411502838134766,1.280278205871582,0.0001363219635095
1dbmh27r,2G,pgfm_2g,implicit,10,1600061440.0,1896.1175537109373,438.6318359375,0.4753628373146057,0.7915306091308594,0.933974027633667,1.1381678581237793,0.3637277483940124,13.559770584106444,1.3026279211044312,0.0002286903618369
1dbmh27r,2G,pgfm_2g,implicit,10,1610055680.0,1903.8309326171875,440.451171875,0.4655407071113586,0.7805906534194946,0.9241275787353516,1.124094009399414,0.3621689081192016,13.61191177368164,1.3032495975494385,0.000182638541446
1dbmh27r,2G,pgfm_2g,implicit,10,1620049920.0,1906.349365234375,440.771484375,0.4794128537178039,0.795099139213562,0.9433778524398804,1.145246505737305,0.3628763854503631,13.612676620483398,1.2882752418518066,0.000170185463503
1dbmh27r,2G,pgfm_2g,implicit,10,1630044160.0,1906.627197265625,440.2412109375,0.4610284864902496,0.7863677740097046,0.9263832569122314,1.117563009262085,0.3670024871826172,13.902790069580078,1.2752256393432615,0.0001889025443233
1dbmh27r,2G,pgfm_2g,implicit,10,1640038400.0,1920.08740234375,442.9404296875,0.4672187268733978,0.7965183258056641,0.942733883857727,1.145917892456055,0.3676932156085968,13.6854829788208,1.287771701812744,9.471910016145556e-05
1dbmh27r,2G,pgfm_2g,implicit,10,1650032640.0,1917.171142578125,442.412109375,0.461790919303894,0.7951058149337769,0.9368091821670532,1.1342225074768066,0.3673849999904632,13.418006896972656,1.2864265441894531,0.0001233589719049
1dbmh27r,2G,pgfm_2g,implicit,10,1660026880.0,1906.97119140625,441.2607421875,0.4658514857292175,0.7909014225006104,0.9376049041748048,1.149998426437378,0.369884729385376,13.576995849609377,1.2983856201171875,0.0001717095001367
1dbmh27r,2G,pgfm_2g,implicit,10,1670021120.0,1918.31591796875,442.5615234375,0.4582118093967438,0.7988307476043701,0.9434142112731934,1.144337773323059,0.369865208864212,13.682889938354492,1.2859095335006714,0.0001129321972257
1dbmh27r,2G,pgfm_2g,implicit,10,1680015360.0,1911.2158203125,441.8251953125,0.4728256464004516,0.8006131052970886,0.9475070238113404,1.1540873050689695,0.3705244958400726,13.54934310913086,1.325258493423462,0.0001635352527955
1dbmh27r,2G,pgfm_2g,implicit,10,1690009600.0,1906.6739501953125,439.9375,0.4651619791984558,0.7947517037391663,0.937691867351532,1.1342158317565918,0.3731271624565124,13.661548614501951,1.290231466293335,0.0002084300067508
1dbmh27r,2G,pgfm_2g,implicit,10,1700003840.0,1908.856689453125,440.1494140625,0.4651106297969818,0.788374662399292,0.9340704083442688,1.1391189098358154,0.3677264750003814,13.693388938903809,1.2947114706039429,0.0002052745840046
1dbmh27r,2G,pgfm_2g,implicit,10,1710080000.0,1917.00537109375,442.0576171875,0.4630434811115265,0.7875211238861084,0.935602605342865,1.1429483890533447,0.3632178008556366,13.715805053710938,1.2931804656982422,0.0001649972400628
1dbmh27r,2G,pgfm_2g,implicit,10,1720074240.0,1919.412841796875,443.2548828125,0.4753820598125458,0.7953518629074097,0.9441434741020204,1.1513439416885376,0.3665403723716736,13.62967300415039,1.3084969520568848,0.0001202321145683
1dbmh27r,2G,pgfm_2g,implicit,10,1730068480.0,1918.1436767578125,441.9619140625,0.4668301045894623,0.7875792384147644,0.9348663091659546,1.1436163187026978,0.3631403148174286,13.560529708862305,1.281551718711853,0.0001439788611605
1dbmh27r,2G,pgfm_2g,implicit,10,1740062720.0,1895.8248291015625,436.9375,0.4780410528182983,0.789893388748169,0.9356904029846193,1.137271523475647,0.3649093806743622,13.64034652709961,1.280547022819519,0.0002972121292259
1dbmh27r,2G,pgfm_2g,implicit,10,1750056960.0,1920.282958984375,442.625,0.4644172787666321,0.7951231002807617,0.9425471425056458,1.1445231437683103,0.3629642128944397,13.617856979370115,1.2727270126342771,0.0001077944034477
1dbmh27r,2G,pgfm_2g,implicit,10,1760051200.0,1916.8681640625,442.4345703125,0.4725946187973022,0.7853896617889404,0.9290302991867064,1.132617712020874,0.3585799932479858,13.720026016235352,1.2969748973846436,0.0001271014334633
1dbmh27r,2G,pgfm_2g,implicit,10,1770045440.0,1911.4310302734373,441.30078125,0.4884518384933471,0.78639155626297,0.93740713596344,1.1397801637649536,0.3567860126495361,13.837709426879885,1.286919116973877,0.0001721204607747
1dbmh27r,2G,pgfm_2g,implicit,10,1780039680.0,1911.5328369140625,440.7900390625,0.4719194769859314,0.7830871939659119,0.92651629447937,1.127040147781372,0.3613169491291046,13.807733535766602,1.2913057804107666,0.0001694201491773
1dbmh27r,2G,pgfm_2g,implicit,10,1790033920.0,1918.983154296875,442.001953125,0.4597114324569702,0.770428478717804,0.9124347567558287,1.1092668771743774,0.3592813313007355,13.808874130249023,1.27422297000885,0.0001670478231972
1dbmh27r,2G,pgfm_2g,implicit,10,1800028160.0,1920.9459228515625,442.9931640625,0.4702404141426086,0.7859617471694946,0.9255794286727904,1.1224453449249268,0.3594057559967041,13.69017219543457,1.292349934577942,0.0001095008774427
1dbmh27r,2G,pgfm_2g,implicit,10,1810022400.0,1912.348876953125,441.2099609375,0.4699626564979553,0.7793376445770264,0.9217419624328612,1.117587327957153,0.3588850200176239,13.795451164245604,1.2700016498565674,0.0001669837656663
1dbmh27r,2G,pgfm_2g,implicit,10,1820016640.0,1904.247802734375,439.3251953125,0.4795185923576355,0.7797275185585022,0.9230754971504213,1.13093101978302,0.3573520183563232,13.701066970825195,1.2857365608215332,0.0002216738357674
1dbmh27r,2G,pgfm_2g,implicit,10,1830010880.0,1934.349365234375,444.267578125,0.4583294987678528,0.7783045172691345,0.9206684827804564,1.119021773338318,0.3594538569450378,13.937417030334473,1.2565269470214844,8.46043840283528e-05
1dbmh27r,2G,pgfm_2g,implicit,10,1840005120.0,1919.72900390625,441.4794921875,0.4726691842079162,0.7808208465576172,0.9164015650749208,1.1064388751983645,0.357322096824646,13.8826904296875,1.2622839212417605,0.000148707840708
1dbmh27r,2G,pgfm_2g,implicit,10,1850081280.0,1929.7303466796875,443.7109375,0.4660373628139496,0.7833589315414429,0.9278964996337892,1.126948356628418,0.3573293685913086,13.746521949768066,1.2825524806976318,7.255538366734982e-05
1dbmh27r,2G,pgfm_2g,implicit,10,1860075520.0,1908.37890625,440.158203125,0.4685138165950775,0.7930299043655396,0.9385348558425904,1.1421470642089844,0.3605747818946838,13.762890815734863,1.29152250289917,0.0001774002739693
1dbmh27r,2G,pgfm_2g,implicit,10,1870069760.0,1896.535888671875,438.4267578125,0.4702475368976593,0.7781051397323608,0.9249616861343384,1.134101152420044,0.3598643541336059,13.900734901428224,1.2965797185897827,0.0002352902665734
1dbmh27r,2G,pgfm_2g,implicit,10,1880064000.0,1921.32177734375,441.9931640625,0.4648047089576721,0.7875986695289612,0.9311683177947998,1.1313387155532837,0.3600208461284637,13.896536827087402,1.2873895168304443,0.0001464001252315
1dbmh27r,2G,pgfm_2g,implicit,10,1890058240.0,1917.99755859375,441.81640625,0.4765705466270447,0.7808008790016174,0.921806275844574,1.1149234771728516,0.3499155342578888,13.716072082519531,1.2813425064086914,0.0001508756540715
1dbmh27r,2G,pgfm_2g,implicit,10,1900052480.0,1913.444091796875,440.7041015625,0.475327730178833,0.7847239971160889,0.9261319637298584,1.1195363998413086,0.3561857044696808,13.881657600402832,1.2657560110092163,0.0002069797774311
1dbmh27r,2G,pgfm_2g,implicit,10,1910046720.0,1920.9700927734373,441.1474609375,0.465826153755188,0.7840237021446228,0.9249700307846068,1.123707890510559,0.3540060818195343,13.772954940795898,1.2868750095367432,0.0001713356177788
1dbmh27r,2G,pgfm_2g,implicit,10,1920040960.0,1920.54052734375,441.9482421875,0.4615035355091095,0.78184574842453,0.929031252861023,1.1349129676818848,0.3610766232013702,14.05038070678711,1.2849265336990356,0.0001470557763241
1dbmh27r,2G,pgfm_2g,implicit,10,1930035200.0,1943.6627197265625,445.9521484375,0.4586771130561828,0.7755053639411926,0.921679139137268,1.1194342374801636,0.3556778728961944,13.71739101409912,1.2655527591705322,2.371024129388388e-05
1dbmh27r,2G,pgfm_2g,implicit,10,1940029440.0,1926.908447265625,442.0341796875,0.4573112428188324,0.7792230844497681,0.921522319316864,1.123910665512085,0.3576235771179199,13.883801460266112,1.2655137777328491,0.0001236835814779
1dbmh27r,2G,pgfm_2g,implicit,10,1950023680.0,1929.8294677734373,443.2578125,0.4798406958580017,0.7923649549484253,0.9372067451477052,1.134905457496643,0.3582342267036438,13.914762496948242,1.2840297222137451,0.0001022741926135
1dbmh27r,2G,pgfm_2g,implicit,10,1960017920.0,1919.7303466796875,441.072265625,0.4674357771873474,0.7823158502578735,0.9264453649520874,1.126536846160889,0.3603608906269073,13.38924789428711,1.2959332466125488,0.0001402263587806
1dbmh27r,2G,pgfm_2g,implicit,10,1970012160.0,1932.1739501953125,443.744140625,0.4608949422836303,0.7895888090133667,0.9353399276733398,1.1384670734405518,0.3632030487060547,13.75727081298828,1.2783398628234863,9.944834164343774e-05
1dbmh27r,2G,pgfm_2g,implicit,10,1980006400.0,1914.859619140625,439.845703125,0.4684236943721771,0.7931633591651917,0.9371742010116576,1.133984088897705,0.3614843487739563,13.654273986816406,1.278963565826416,0.0002029220486292
1dbmh27r,2G,pgfm_2g,implicit,10,1990000640.0,1924.885009765625,443.0146484375,0.4637917876243591,0.7932733297348022,0.9396440982818604,1.1458369493484497,0.3628934025764465,13.49928092956543,1.279462456703186,0.0001074486935976
1dbmh27r,2G,pgfm_2g,implicit,10,2000076800.0,1932.0458984375,443.5625,0.4726500213146209,0.7973234057426453,0.9379643201828004,1.1285585165023804,0.3599672317504883,13.775508880615234,1.2671657800674438,7.71351478761062e-05
6jz9o5p4,2G,pgfm_2g,implicit,50,10076160.0,458.03125,189.1171875,0.4887934923171997,0.7135202884674072,0.8732300996780396,1.05375874042511,0.5817031860351562,5.542598724365234,2.643298625946045,0.0116138290613889
6jz9o5p4,2G,pgfm_2g,implicit,50,20070400.0,511.5260620117188,202.5830078125,0.4987843930721283,0.7119378447532654,0.866952121257782,1.0477946996688845,0.5379941463470459,5.782167911529541,2.553598403930664,0.0108588747680187
6jz9o5p4,2G,pgfm_2g,implicit,50,30064640.0,517.4791259765625,194.41015625,0.4637906551361084,0.7065068483352661,0.8553311824798584,1.0404038429260254,0.521007776260376,6.214941024780273,2.4207332134246826,0.0105307903140783
6jz9o5p4,2G,pgfm_2g,implicit,50,40058880.0,496.526611328125,187.783203125,0.495779275894165,0.731480598449707,0.8805387616157532,1.0693817138671875,0.5359734892845154,6.487438201904297,2.337437629699707,0.0100796241313219
6jz9o5p4,2G,pgfm_2g,implicit,50,50053120.0,521.4476318359375,199.3955078125,0.5234087705612183,0.7503534555435181,0.9137234687805176,1.1232850551605225,0.519832193851471,6.909574508666992,2.396714210510254,0.0094144288450479
6jz9o5p4,2G,pgfm_2g,implicit,50,60047360.0,531.4699096679688,200.1875,0.5024451613426208,0.7474480867385864,0.9065945744514464,1.1035572290420532,0.5110827088356018,6.679108142852783,2.364453077316284,0.0092468243092298
6jz9o5p4,2G,pgfm_2g,implicit,50,70041600.0,550.9136962890625,205.1611328125,0.5233421325683594,0.7908226251602173,0.9645830392837524,1.178417444229126,0.5108795166015625,6.628246307373047,2.381467819213867,0.0085619911551475
6jz9o5p4,2G,pgfm_2g,implicit,50,80035840.0,498.4109802246094,191.51953125,0.5390152931213379,0.8008275032043457,0.9895111322402954,1.207271695137024,0.48361536860466,6.96521520614624,2.3978657722473145,0.0092348791658878
6jz9o5p4,2G,pgfm_2g,implicit,50,90030080.0,522.06298828125,200.8056640625,0.5193684101104736,0.8278540968894958,1.016709566116333,1.2364238500595093,0.4910047352313995,7.010202407836914,2.4504594802856445,0.0087056504562497
6jz9o5p4,2G,pgfm_2g,implicit,50,100024320.0,613.7977905273438,226.6240234375,0.5098905563354492,0.8213433623313904,0.994338035583496,1.1956069469451904,0.4969629049301147,6.730605125427246,2.421595811843872,0.0079209376126527
6jz9o5p4,2G,pgfm_2g,implicit,50,110018560.0,614.5353393554688,229.8818359375,0.5183271169662476,0.8398451209068298,1.012730360031128,1.206042766571045,0.5010128617286682,6.989448070526123,2.397381544113159,0.0075945449061691
6jz9o5p4,2G,pgfm_2g,implicit,50,120012800.0,665.6192016601562,241.4951171875,0.4965595006942749,0.8435737490653992,1.0189275741577148,1.2295231819152832,0.4876401722431183,7.187882423400879,2.4831950664520264,0.0069027077406644
6jz9o5p4,2G,pgfm_2g,implicit,50,130007040.0,601.216064453125,225.44140625,0.501711368560791,0.8449919819831848,1.020906686782837,1.2220338582992554,0.4782111644744873,7.866880416870117,2.4938642978668213,0.0075133629143238
6jz9o5p4,2G,pgfm_2g,implicit,50,140001280.0,650.72412109375,238.0439453125,0.5336930751800537,0.8563359379768372,1.0392310619354248,1.2632107734680176,0.4736170470714569,7.433745861053467,2.563566207885742,0.0067042359150946
6jz9o5p4,2G,pgfm_2g,implicit,50,150077440.0,711.3448486328125,255.5703125,0.5146205425262451,0.8456217050552368,1.0152583122253418,1.2154521942138672,0.4720408916473388,7.249879837036133,2.59131383895874,0.0060701742768287
6jz9o5p4,2G,pgfm_2g,implicit,50,160071680.0,702.734619140625,253.6455078125,0.5360738635063171,0.8839133381843567,1.072296977043152,1.2979340553283691,0.4722352921962738,7.293788909912109,2.474352598190308,0.0062635047361254
6jz9o5p4,2G,pgfm_2g,implicit,50,170065920.0,690.7984619140625,247.9970703125,0.5329859256744385,0.9076531529426576,1.0923142433166504,1.3123400211334229,0.4686107039451599,8.095348358154297,2.548989772796631,0.0062338719144463
6jz9o5p4,2G,pgfm_2g,implicit,50,180060160.0,736.7620239257812,261.0458984375,0.4953024089336395,0.9023416638374328,1.0818537473678589,1.2905282974243164,0.464689165353775,7.830378532409668,2.4638512134552,0.005998196080327
6jz9o5p4,2G,pgfm_2g,implicit,50,190054400.0,761.8140869140625,267.1328125,0.556282103061676,0.9300135374069214,1.127975583076477,1.3467419147491455,0.4718052744865417,7.394523620605469,2.467260837554932,0.0059231156483292
6jz9o5p4,2G,pgfm_2g,implicit,50,200048640.0,749.5555419921875,260.451171875,0.5264679193496704,0.92603600025177,1.118955135345459,1.349254131317139,0.4678114950656891,7.950540542602539,2.4164772033691406,0.0058027845807373
6jz9o5p4,2G,pgfm_2g,implicit,50,210042880.0,727.8204345703125,256.5107421875,0.5836536884307861,0.9393828511238098,1.1353356838226318,1.3533636331558228,0.4723787903785705,7.623142242431641,2.4145188331604004,0.0058569815009832
6jz9o5p4,2G,pgfm_2g,implicit,50,220037120.0,712.8919677734375,253.33203125,0.5588757395744324,0.9362538456916808,1.1365872621536257,1.3738884925842283,0.4585676789283752,7.91542387008667,2.4358391761779785,0.0062639811076223
6jz9o5p4,2G,pgfm_2g,implicit,50,230031360.0,725.3128662109375,252.923828125,0.5700637102127075,0.9365517497062684,1.1414825916290283,1.3821141719818115,0.4414985477924347,7.88023567199707,2.339533805847168,0.0061747464351356
6jz9o5p4,2G,pgfm_2g,implicit,50,240025600.0,756.8357543945312,263.138671875,0.5625871419906616,0.968476951122284,1.1877909898757937,1.4386998414993286,0.4577445387840271,7.927513122558594,2.3436264991760254,0.0056444881483912
6jz9o5p4,2G,pgfm_2g,implicit,50,250019840.0,790.0053100585938,267.1689453125,0.5684750080108643,0.974187970161438,1.186286687850952,1.4302124977111816,0.4568366110324859,7.736834526062012,2.3373122215271,0.0057291947305202
6jz9o5p4,2G,pgfm_2g,implicit,50,260014080.0,767.7644653320312,263.7529296875,0.5657427310943604,0.9858850836753844,1.2033464908599854,1.4597101211547852,0.4553756713867187,7.762063980102539,2.311328649520874,0.0056109461002051
6jz9o5p4,2G,pgfm_2g,implicit,50,270008320.0,786.224853515625,266.0,0.5619340538978577,0.990874409675598,1.2110865116119385,1.4645546674728394,0.4532005488872528,7.944085121154785,2.2649905681610107,0.0057170670479536
6jz9o5p4,2G,pgfm_2g,implicit,50,280002560.0,775.41796875,269.77734375,0.5800009965896606,0.9851968288421632,1.2099599838256836,1.4661977291107178,0.4521079361438751,7.924189567565918,2.3218390941619877,0.005397031083703
6jz9o5p4,2G,pgfm_2g,implicit,50,290078720.0,753.5881958007812,263.150390625,0.5908658504486084,0.9990296363830566,1.2359182834625244,1.530247926712036,0.4538772106170654,8.086435317993164,2.3234965801239014,0.0052625201642513
6jz9o5p4,2G,pgfm_2g,implicit,50,300072960.0,782.1072998046875,266.6953125,0.5736116170883179,1.009279489517212,1.25626802444458,1.562851905822754,0.4590475261211395,8.019593238830566,2.3243722915649414,0.0054482161067426
6jz9o5p4,2G,pgfm_2g,implicit,50,310067200.0,803.662109375,272.3115234375,0.5636776685714722,1.0217385292053225,1.2804040908813477,1.580025315284729,0.4551939666271209,8.11701488494873,2.308608055114746,0.0051772026345133
6jz9o5p4,2G,pgfm_2g,implicit,50,320061440.0,754.056884765625,261.7490234375,0.5613000392913818,1.041360855102539,1.28348708152771,1.5608506202697754,0.4629299342632293,7.964385986328125,2.2361302375793457,0.0056580398231744
6jz9o5p4,2G,pgfm_2g,implicit,50,330055680.0,785.063720703125,269.056640625,0.5851107239723206,1.0310180187225342,1.2664625644683838,1.5526278018951416,0.4725750386714935,7.7693772315979,2.309978723526001,0.0052831871435046
6jz9o5p4,2G,pgfm_2g,implicit,50,340049920.0,816.73095703125,275.2353515625,0.581282913684845,1.035532832145691,1.2855775356292725,1.612242579460144,0.4667604267597198,7.75421142578125,2.3638386726379395,0.004977005533874
6jz9o5p4,2G,pgfm_2g,implicit,50,350044160.0,822.0097045898438,274.2177734375,0.5770951509475708,1.0404061079025269,1.2841570377349854,1.5908517837524414,0.4696549773216247,8.087984085083008,2.319401264190674,0.005321635864675
6jz9o5p4,2G,pgfm_2g,implicit,50,360038400.0,864.9334106445312,286.896484375,0.5991834402084351,1.0566149950027466,1.3064385652542114,1.618808031082153,0.4811062216758728,7.798016548156738,2.346436023712158,0.0045318147167563
6jz9o5p4,2G,pgfm_2g,implicit,50,370032640.0,868.2440185546875,285.3564453125,0.5943365097045898,1.0390417575836182,1.2858192920684814,1.6004656553268433,0.4801323711872101,8.227209091186523,2.3121581077575684,0.0046892212703824
6jz9o5p4,2G,pgfm_2g,implicit,50,380026880.0,826.2244873046875,272.544921875,0.5843271017074585,1.032477855682373,1.2767939567565918,1.5889955759048462,0.4718443155288696,7.715508460998535,2.2373242378234863,0.0050697601400315
6jz9o5p4,2G,pgfm_2g,implicit,50,390021120.0,843.101806640625,279.896484375,0.565558910369873,1.0359547138214111,1.3061072826385498,1.6936036348342896,0.4700005352497101,8.24470329284668,2.2794713973999023,0.0048787798732519
6jz9o5p4,2G,pgfm_2g,implicit,50,400015360.0,850.7188720703125,277.9296875,0.564713180065155,1.0739178657531738,1.344074249267578,1.69419527053833,0.4776693284511566,8.31926155090332,2.2319767475128174,0.005035500973463
6jz9o5p4,2G,pgfm_2g,implicit,50,410009600.0,810.0390014648438,275.001953125,0.6318967342376709,1.0685105323791504,1.332866668701172,1.6943042278289795,0.484023243188858,8.392887115478516,2.3082096576690674,0.0049635879695415
6jz9o5p4,2G,pgfm_2g,implicit,50,420003840.0,815.8030395507812,278.9130859375,0.6158032417297363,1.038864016532898,1.3017349243164062,1.6640855073928833,0.4674659669399261,8.000771522521973,2.3406572341918945,0.0049398373812437
6jz9o5p4,2G,pgfm_2g,implicit,50,430080000.0,808.5570068359375,273.7548828125,0.5987917184829712,1.033281326293945,1.2997440099716189,1.665473222732544,0.455746591091156,8.402266502380371,2.321881055831909,0.0050748791545629
6jz9o5p4,2G,pgfm_2g,implicit,50,440074240.0,810.739013671875,276.765625,0.6198863387107849,1.0539339780807495,1.3284120559692385,1.6987011432647705,0.4570969641208648,8.15353775024414,2.344545841217041,0.0048735789023339
6jz9o5p4,2G,pgfm_2g,implicit,50,450068480.0,833.548583984375,277.15625,0.6059856414794922,1.0523521900177002,1.3171212673187256,1.6914196014404297,0.4670253694057464,7.934810638427734,2.281147003173828,0.005055527202785
6jz9o5p4,2G,pgfm_2g,implicit,50,460062720.0,797.63037109375,265.916015625,0.6540959477424622,1.073867917060852,1.345960021018982,1.7165675163269043,0.4676711559295654,8.146278381347656,2.268488883972168,0.0050907181575894
6jz9o5p4,2G,pgfm_2g,implicit,50,470056960.0,848.8975830078125,278.2587890625,0.6241849064826965,1.0684537887573242,1.3498246669769287,1.731208324432373,0.4659287333488464,8.09469223022461,2.2368338108062744,0.0049835322424769
6jz9o5p4,2G,pgfm_2g,implicit,50,480051200.0,884.888427734375,289.2197265625,0.6124652028083801,1.0427703857421875,1.3127694129943848,1.6823177337646484,0.456011414527893,8.119856834411621,2.2954869270324707,0.0045656664296984
6jz9o5p4,2G,pgfm_2g,implicit,50,490045440.0,848.673095703125,278.390625,0.6242355108261108,1.0408687591552734,1.3151283264160156,1.6759364604949951,0.4682152569293976,8.138423919677734,2.248896837234497,0.0049342634156346
6jz9o5p4,2G,pgfm_2g,implicit,50,500039680.0,855.0821533203125,280.94140625,0.6172722578048706,1.0498554706573486,1.3270678520202637,1.7017109394073486,0.4666459858417511,8.18283462524414,2.254037380218506,0.0048653166741132
6jz9o5p4,2G,pgfm_2g,implicit,50,510033920.0,852.4004516601562,282.525390625,0.6511785984039307,1.0806636810302734,1.381019115447998,1.7718770503997805,0.4779200255870819,8.319608688354492,2.2688772678375244,0.0045697335153818
6jz9o5p4,2G,pgfm_2g,implicit,50,520028160.0,825.338623046875,276.474609375,0.7005909085273743,1.0958842039108276,1.3881804943084717,1.8077025413513184,0.4833475947380066,8.381864547729492,2.284685611724853,0.0049160849303007
6jz9o5p4,2G,pgfm_2g,implicit,50,530022400.0,851.05029296875,287.6455078125,0.6811818480491638,1.100759506225586,1.4052588939666748,1.8257513046264648,0.4762473404407501,8.232772827148438,2.3363494873046875,0.0045586442574858
6jz9o5p4,2G,pgfm_2g,implicit,50,540016640.0,863.991455078125,289.2138671875,0.7259047627449036,1.1153855323791504,1.416661024093628,1.7995214462280271,0.4819761514663696,8.158117294311523,2.3649139404296875,0.0043434761464595
6jz9o5p4,2G,pgfm_2g,implicit,50,550010880.0,868.5723876953125,292.7587890625,0.7191612720489502,1.117706298828125,1.4212123155593872,1.820712208747864,0.4864966869354248,8.07386589050293,2.413684129714966,0.0042669712565839
6jz9o5p4,2G,pgfm_2g,implicit,50,560005120.0,848.646728515625,287.4814453125,0.7125307321548462,1.1113908290863037,1.4103598594665527,1.8131036758422847,0.4769431054592132,8.056243896484375,2.316126108169556,0.004444268066436
6jz9o5p4,2G,pgfm_2g,implicit,50,570081280.0,857.1331787109375,291.51953125,0.7197449803352356,1.1050300598144531,1.4155371189117432,1.8486937284469604,0.470818817615509,8.37386703491211,2.3596620559692383,0.004287994466722
6jz9o5p4,2G,pgfm_2g,implicit,50,580075520.0,864.0054931640625,288.2978515625,0.6877524852752686,1.0966370105743408,1.4046533107757568,1.8247382640838623,0.4711124002933502,8.443629264831543,2.314573049545288,0.0045026140287518
6jz9o5p4,2G,pgfm_2g,implicit,50,590069760.0,842.8890380859375,283.5078125,0.7163612842559814,1.1192288398742676,1.4586609601974487,1.9195183515548704,0.4809205830097198,8.502105712890625,2.2889537811279297,0.004547662101686
6jz9o5p4,2G,pgfm_2g,implicit,50,600064000.0,855.8819580078125,292.1259765625,0.7051349878311157,1.1157492399215698,1.4456984996795654,1.8937561511993408,0.4652245342731476,8.301471710205078,2.3183393478393555,0.0042189238592982
6jz9o5p4,2G,pgfm_2g,implicit,50,610058240.0,873.8312377929688,292.3916015625,0.6897491812705994,1.1281332969665527,1.4536603689193726,1.898695468902588,0.4685649275779724,8.09530258178711,2.290787696838379,0.0043150633573532
6jz9o5p4,2G,pgfm_2g,implicit,50,620052480.0,897.081787109375,294.548828125,0.6906740069389343,1.10988187789917,1.4371240139007568,1.867583155632019,0.4625654220581054,8.406179428100586,2.293949604034424,0.0042377263307571
6jz9o5p4,2G,pgfm_2g,implicit,50,630046720.0,861.3502197265625,285.708984375,0.7653295993804932,1.121304273605347,1.446103572845459,1.8753474950790403,0.4741702973842621,8.397305488586426,2.2935383319854736,0.0044375667348504
6jz9o5p4,2G,pgfm_2g,implicit,50,640040960.0,864.455810546875,284.53515625,0.7015843987464905,1.116608500480652,1.4477709531784058,1.8810001611709597,0.4703181087970733,8.679241180419922,2.275346279144287,0.004645936191082
6jz9o5p4,2G,pgfm_2g,implicit,50,650035200.0,866.715576171875,286.892578125,0.6903178691864014,1.1136232614517212,1.4410200119018557,1.875733971595764,0.4741714894771576,8.169705390930176,2.262324810028076,0.0044980007223784
6jz9o5p4,2G,pgfm_2g,implicit,50,660029440.0,889.472900390625,292.470703125,0.6837750673294067,1.1596670150756836,1.4787530899047852,1.882152438163757,0.4826760590076446,8.2930269241333,2.3078556060791016,0.0043349908664822
6jz9o5p4,2G,pgfm_2g,implicit,50,670023680.0,862.96240234375,285.416015625,0.6634855270385742,1.1298866271972656,1.4403443336486816,1.864171385765076,0.4675767421722412,8.361227035522461,2.353323221206665,0.0044325469061732
6jz9o5p4,2G,pgfm_2g,implicit,50,680017920.0,870.1116943359375,290.30859375,0.6695986986160278,1.1197878122329712,1.436171293258667,1.877278447151184,0.4722695648670196,8.479085922241211,2.2935571670532227,0.0042926697060465
6jz9o5p4,2G,pgfm_2g,implicit,50,690012160.0,830.7577514648438,285.84765625,0.714221179485321,1.1091647148132324,1.4281880855560305,1.8601808547973635,0.4661038219928741,8.469232559204102,2.386316537857056,0.0044691041111946
6jz9o5p4,2G,pgfm_2g,implicit,50,700006400.0,821.1536865234375,278.61328125,0.7168817520141602,1.132273554801941,1.4487420320510864,1.8870947360992432,0.4700927734375,8.493091583251953,2.293108463287353,0.0046999482437968
6jz9o5p4,2G,pgfm_2g,implicit,50,710000640.0,828.3021240234375,279.826171875,0.7349445819854736,1.1521077156066897,1.4655494689941406,1.9050661325454712,0.4779805243015289,8.403753280639648,2.355852603912353,0.0046871025115251
6jz9o5p4,2G,pgfm_2g,implicit,50,720076800.0,832.1806030273438,280.60546875,0.7055513858795166,1.1601383686065674,1.464547872543335,1.8796170949935915,0.479047417640686,8.31079387664795,2.329838514328003,0.0047218012623488
6jz9o5p4,2G,pgfm_2g,implicit,50,730071040.0,859.5421142578125,283.6689453125,0.7306569814682007,1.1835503578186035,1.506602168083191,1.947509527206421,0.4886735677719116,8.318746566772461,2.3133199214935303,0.0046273875050246
6jz9o5p4,2G,pgfm_2g,implicit,50,740065280.0,849.377197265625,283.1494140625,0.7615889310836792,1.1897060871124268,1.5256855487823486,1.9866769313812256,0.4917256832122803,8.048222541809082,2.28757905960083,0.004765753634274
6jz9o5p4,2G,pgfm_2g,implicit,50,750059520.0,871.816650390625,290.408203125,0.7562119960784912,1.20292329788208,1.5511866807937622,2.025155782699585,0.4970956146717071,7.98929500579834,2.3535802364349365,0.0043171257711946
6jz9o5p4,2G,pgfm_2g,implicit,50,760053760.0,856.5971069335938,287.1953125,0.750846803188324,1.219963550567627,1.551012396812439,2.0194332599639893,0.5064137578010559,8.015899658203125,2.328709125518799,0.0044346470385789
6jz9o5p4,2G,pgfm_2g,implicit,50,770048000.0,878.4234619140625,290.1845703125,0.7643834352493286,1.210608959197998,1.532373547554016,1.99743127822876,0.4978754222393036,8.021713256835938,2.3573689460754395,0.0043826671317219
6jz9o5p4,2G,pgfm_2g,implicit,50,780042240.0,866.6607666015625,288.9599609375,0.7712711095809937,1.2214388847351074,1.557661056518555,2.0511906147003174,0.5025864839553833,7.79869794845581,2.3254616260528564,0.0044199735857546
6jz9o5p4,2G,pgfm_2g,implicit,50,790036480.0,856.9623413085938,283.556640625,0.7760379314422607,1.201765775680542,1.5195837020874023,1.9640998840332031,0.5015819668769836,8.229619979858398,2.3144567012786865,0.004609134979546
6jz9o5p4,2G,pgfm_2g,implicit,50,800030720.0,856.922607421875,286.3779296875,0.7603124976158142,1.2142434120178225,1.5285158157348633,1.9555766582489011,0.5036418437957764,8.194961547851562,2.28092098236084,0.004368538968265
6jz9o5p4,2G,pgfm_2g,implicit,50,810024960.0,857.821533203125,288.6484375,0.7633503079414368,1.2307757139205933,1.5373051166534424,1.9641557931900024,0.5060238838195801,8.0305757522583,2.370136260986328,0.0043080965988337
6jz9o5p4,2G,pgfm_2g,implicit,50,820019200.0,835.640625,284.3642578125,0.8396412134170532,1.225527048110962,1.5576341152191162,2.0417699813842773,0.5057117342948914,8.242100715637207,2.300799608230591,0.004643318708986
6jz9o5p4,2G,pgfm_2g,implicit,50,830013440.0,847.7415771484375,284.6767578125,0.8231862187385559,1.224444031715393,1.5489304065704346,2.01544189453125,0.5120460987091064,8.209569931030273,2.395537614822388,0.0045986250042915
6jz9o5p4,2G,pgfm_2g,implicit,50,840007680.0,858.8319091796875,290.486328125,0.805608868598938,1.2449347972869873,1.570076584815979,2.033409595489502,0.5162524580955505,8.099109649658203,2.408396482467652,0.004258963279426
6jz9o5p4,2G,pgfm_2g,implicit,50,850001920.0,829.4456787109375,283.3974609375,0.8571619391441345,1.2658227682113647,1.6119749546051023,2.085836172103882,0.5179949402809143,7.836569786071777,2.41378116607666,0.0046818940900266
6jz9o5p4,2G,pgfm_2g,implicit,50,860078080.0,825.5674438476562,277.533203125,0.8092297315597534,1.2423019409179688,1.566156268119812,2.026388645172119,0.5123296976089478,7.993502140045166,2.297952651977539,0.0048218369483947
6jz9o5p4,2G,pgfm_2g,implicit,50,870072320.0,853.9366455078125,287.1748046875,0.8189139366149902,1.2558271884918213,1.595463752746582,2.0580296516418457,0.5161076784133911,8.051767349243164,2.3362245559692383,0.0045177796855568
6jz9o5p4,2G,pgfm_2g,implicit,50,880066560.0,872.4969482421875,292.318359375,0.8222689032554626,1.2588239908218384,1.5890920162200928,2.0440235137939453,0.5171940326690674,7.998405933380127,2.391709089279175,0.0042647086083889
6jz9o5p4,2G,pgfm_2g,implicit,50,890060800.0,849.8316650390625,288.939453125,0.8462907671928406,1.2699556350708008,1.5967903137207031,2.0384840965271,0.5111308097839355,7.934379577636719,2.398333072662353,0.0044122207909822
6jz9o5p4,2G,pgfm_2g,implicit,50,900055040.0,825.3079833984375,284.1396484375,0.8483062982559204,1.2624528408050537,1.5861674547195437,2.0289251804351807,0.5133728981018066,8.107423782348633,2.408884048461914,0.0045075248926877
6jz9o5p4,2G,pgfm_2g,implicit,50,910049280.0,839.295654296875,288.271484375,0.8495277166366577,1.2621490955352783,1.5790143013000488,2.017544746398926,0.5161004066467285,8.196876525878906,2.4638185501098637,0.0043217968195676
6jz9o5p4,2G,pgfm_2g,implicit,50,920043520.0,835.4087524414062,286.83984375,0.7828818559646606,1.2739455699920654,1.6016263961791992,2.0697131156921387,0.5131037831306458,8.06358528137207,2.4744019508361816,0.0045339921489357
6jz9o5p4,2G,pgfm_2g,implicit,50,930037760.0,845.1099243164062,291.22265625,0.8811327219009399,1.265641450881958,1.5741291046142578,1.9917120933532717,0.5149104595184326,7.911532402038574,2.4984726905822754,0.0042219394817948
6jz9o5p4,2G,pgfm_2g,implicit,50,940032000.0,849.0445556640625,291.8203125,0.8560961484909058,1.273365139961243,1.59107506275177,2.0409982204437256,0.5193601846694946,7.933620452880859,2.4427690505981445,0.0042221499606966
6jz9o5p4,2G,pgfm_2g,implicit,50,950026240.0,858.254638671875,290.7236328125,0.8457762002944946,1.266632080078125,1.5669052600860596,1.977681279182434,0.5196451544761658,7.897055149078369,2.432446241378784,0.0042446088045835
6jz9o5p4,2G,pgfm_2g,implicit,50,960020480.0,805.4398193359375,280.0625,0.8703136444091797,1.2610136270523071,1.5660624504089355,1.983169436454773,0.5176131129264832,7.961824417114258,2.4036130905151367,0.0046749901957809
6jz9o5p4,2G,pgfm_2g,implicit,50,970014720.0,823.1248168945312,287.431640625,0.8831634521484375,1.3040120601654053,1.6126346588134766,2.039297580718994,0.5245978832244873,7.589792251586914,2.448413848876953,0.0043026865459978
6jz9o5p4,2G,pgfm_2g,implicit,50,980008960.0,837.7752685546875,288.638671875,0.8386876583099365,1.2910845279693604,1.5963184833526611,2.0224273204803467,0.5229236483573914,7.842802047729492,2.425330400466919,0.0043652327731251
6jz9o5p4,2G,pgfm_2g,implicit,50,990003200.0,842.9979248046875,286.1865234375,0.8041679859161377,1.261768102645874,1.57104229927063,1.995109796524048,0.5091167092323303,7.737323760986328,2.439703941345215,0.0044488394632935
6jz9o5p4,2G,pgfm_2g,implicit,50,1000079360.0,853.6546630859375,288.982421875,0.8226311206817627,1.26072096824646,1.5602967739105225,1.9485949277877808,0.5118775367736816,7.838428020477295,2.428873062133789,0.0043011866509914
6jz9o5p4,2G,pgfm_2g,implicit,50,1010073600.0,834.4027099609375,287.783203125,0.8480895757675171,1.2685575485229492,1.5613665580749512,1.9825916290283203,0.518126368522644,7.86699104309082,2.455330848693848,0.0043435469269752
6jz9o5p4,2G,pgfm_2g,implicit,50,1020067840.0,825.1174926757812,283.703125,0.8435218930244446,1.2601938247680664,1.5495719909667969,1.9523038864135744,0.5164925456047058,7.825821876525879,2.4562878608703613,0.0045999875292181
6jz9o5p4,2G,pgfm_2g,implicit,50,1030062080.0,829.1253051757812,285.1181640625,0.8511570692062378,1.281506061553955,1.587956428527832,2.0227503776550293,0.5193381905555725,7.770145416259766,2.473076820373535,0.004394784104079
6jz9o5p4,2G,pgfm_2g,implicit,50,1040056320.0,851.1767578125,290.5810546875,0.8574534058570862,1.2857900857925415,1.5717144012451172,1.9599993228912356,0.5243151783943176,8.030145645141602,2.453004837036133,0.0043261004611849
6jz9o5p4,2G,pgfm_2g,implicit,50,1050050560.0,815.7860107421875,281.0498046875,0.8524951934814453,1.2690341472625732,1.5507878065109253,1.933391094207764,0.5219721794128418,8.056418418884277,2.3578009605407715,0.0045629534870386
6jz9o5p4,2G,pgfm_2g,implicit,50,1060044800.0,830.2891235351562,281.3642578125,0.8327073454856873,1.2907464504241943,1.5794050693511963,1.997074604034424,0.5227329730987549,7.91382360458374,2.3934130668640137,0.0046368627808988
6jz9o5p4,2G,pgfm_2g,implicit,50,1070039040.0,833.83251953125,282.552734375,0.8612014055252075,1.3049352169036863,1.6093159914016724,2.072629928588867,0.5166272521018982,7.840658187866211,2.3682761192321777,0.0046213041059672
6jz9o5p4,2G,pgfm_2g,implicit,50,1080033280.0,847.6588134765625,286.58984375,0.8278442621231079,1.3076964616775513,1.630697250366211,2.131094455718994,0.5167335271835327,7.817547798156738,2.390574216842652,0.0043058134615421
6jz9o5p4,2G,pgfm_2g,implicit,50,1090027520.0,827.0625,285.529296875,0.9011387825012208,1.3009090423583984,1.6089513301849363,2.0521202087402344,0.5143575072288513,7.97065544128418,2.4114818572998047,0.0043803080916404
6jz9o5p4,2G,pgfm_2g,implicit,50,1100021760.0,819.185791015625,286.4775390625,0.8876623511314392,1.2921380996704102,1.591891527175903,2.0617105960845947,0.5195035338401794,7.828577041625977,2.491400957107544,0.0042596394196152
6jz9o5p4,2G,pgfm_2g,implicit,50,1110016000.0,844.945068359375,290.353515625,0.844283938407898,1.285285472869873,1.5881657600402832,2.049567222595215,0.516651451587677,7.725564479827881,2.4551026821136475,0.0042624548077583
6jz9o5p4,2G,pgfm_2g,implicit,50,1120010240.0,834.0977172851562,287.44921875,0.8966066837310791,1.3119871616363523,1.6227818727493286,2.089995622634888,0.5227974653244019,7.860381603240967,2.4717421531677246,0.0044169882312417
6jz9o5p4,2G,pgfm_2g,implicit,50,1130004480.0,830.5089111328125,285.16796875,0.9028903841972352,1.3116929531097412,1.619499921798706,2.073324918746948,0.5229175686836243,7.615756511688232,2.427522659301758,0.0045799110084772
6jz9o5p4,2G,pgfm_2g,implicit,50,1140080640.0,821.1405029296875,288.8076171875,0.9252794981002808,1.3098630905151367,1.6117899417877195,2.062828779220581,0.5208042860031128,7.79618501663208,2.4696412086486816,0.0043635005131363
6jz9o5p4,2G,pgfm_2g,implicit,50,1150074880.0,828.4346923828125,288.7705078125,0.8743863105773926,1.3130285739898682,1.6256883144378662,2.107637643814087,0.5195962190628052,7.6868181228637695,2.4318885803222656,0.0043173707090318
6jz9o5p4,2G,pgfm_2g,implicit,50,1160069120.0,856.9925537109375,292.021484375,0.8898048400878906,1.335993409156799,1.6612013578414917,2.146855354309082,0.524936854839325,7.641035079956055,2.409935474395752,0.0042028254829347
6jz9o5p4,2G,pgfm_2g,implicit,50,1170063360.0,865.8673095703125,295.4619140625,0.8465945720672607,1.3122575283050537,1.6168687343597412,2.053845167160034,0.5186039805412292,7.49100923538208,2.3627216815948486,0.0042346995323896
6jz9o5p4,2G,pgfm_2g,implicit,50,1180057600.0,859.5780029296875,295.53515625,0.8882091045379639,1.3380799293518066,1.6535723209381104,2.1111068725585938,0.517493724822998,7.48188591003418,2.3893303871154785,0.0040581109933555
6jz9o5p4,2G,pgfm_2g,implicit,50,1190051840.0,856.0267333984375,292.0693359375,0.8692694902420044,1.331796407699585,1.6442952156066897,2.0858709812164307,0.5204460620880127,7.635321140289307,2.384420394897461,0.004201641306281
6jz9o5p4,2G,pgfm_2g,implicit,50,1200046080.0,839.3745727539062,286.4013671875,0.8734531402587891,1.3171052932739258,1.6287658214569092,2.098301649093628,0.5225877165794373,7.751965045928955,2.4002647399902344,0.0046242331154644
6jz9o5p4,2G,pgfm_2g,implicit,50,1210040320.0,841.0648803710938,287.6611328125,0.8835567235946655,1.3103699684143066,1.6198376417160034,2.0779905319213867,0.5239102244377136,7.709001064300537,2.501812219619751,0.0043398682028055
6jz9o5p4,2G,pgfm_2g,implicit,50,1220034560.0,864.5257568359375,292.1220703125,0.8811864852905273,1.310724854469299,1.6194984912872314,2.0834264755249023,0.5304481387138367,7.606086730957031,2.422367572784424,0.0041962279938161
6jz9o5p4,2G,pgfm_2g,implicit,50,1230028800.0,838.526611328125,286.2724609375,0.8857464790344238,1.325473427772522,1.6249605417251587,2.064894914627075,0.529868483543396,7.682254791259766,2.373929977416992,0.0043999762274324
6jz9o5p4,2G,pgfm_2g,implicit,50,1240023040.0,849.5328979492188,290.8896484375,0.8691427707672119,1.310909867286682,1.6249654293060305,2.1051414012908936,0.5250554084777832,7.79255199432373,2.4295928478240967,0.0044062607921659
6jz9o5p4,2G,pgfm_2g,implicit,50,1250017280.0,814.1444091796875,284.72265625,0.8880499601364136,1.3159080743789673,1.6177668571472168,2.067897081375122,0.5219360589981079,7.487507820129394,2.5274405479431152,0.0043806871399283
6jz9o5p4,2G,pgfm_2g,implicit,50,1260011520.0,834.3394775390625,286.4873046875,0.8940749168395996,1.3255813121795654,1.6548025608062744,2.163424015045166,0.5226668119430542,7.590654373168945,2.489659786224365,0.0044442769140005
6jz9o5p4,2G,pgfm_2g,implicit,50,1270005760.0,818.0494384765625,281.7998046875,0.939866065979004,1.3392748832702637,1.650324463844299,2.1373586654663086,0.5171914100646973,7.660675525665283,2.4886040687561035,0.0046232477761805
6jz9o5p4,2G,pgfm_2g,implicit,50,1280000000.0,809.801513671875,279.44140625,0.95965176820755,1.3350940942764282,1.6408706903457642,2.107762336730957,0.525568425655365,7.90988826751709,2.496301889419556,0.0046451538801193
6jz9o5p4,2G,pgfm_2g,implicit,50,1290076160.0,784.5291137695312,273.5849609375,0.9563069939613342,1.3438504934310913,1.6706407070159912,2.164945125579834,0.5239739418029785,7.498130321502685,2.4679605960845947,0.0048097912222146
6jz9o5p4,2G,pgfm_2g,implicit,50,1300070400.0,826.825439453125,285.6865234375,0.9581637382507324,1.3580094575881958,1.6760375499725342,2.1305172443389893,0.5279824733734131,7.588149070739746,2.468444347381592,0.0045398152433335
6jz9o5p4,2G,pgfm_2g,implicit,50,1310064640.0,831.917724609375,288.521484375,0.9299955368041992,1.3669214248657229,1.6800739765167236,2.1409499645233154,0.5358716249465942,7.696245193481445,2.507373571395874,0.0043109022080898
6jz9o5p4,2G,pgfm_2g,implicit,50,1320058880.0,818.714599609375,281.076171875,0.92416512966156,1.3811533451080322,1.7093980312347412,2.18250060081482,0.5338279604911804,7.606115818023682,2.4506447315216064,0.0045719039626419
6jz9o5p4,2G,pgfm_2g,implicit,50,1330053120.0,807.5943603515625,276.7255859375,0.9842007160186768,1.3718723058700562,1.695157766342163,2.14637303352356,0.5281264185905457,7.806480407714844,2.4528701305389404,0.0047490643337368
6jz9o5p4,2G,pgfm_2g,implicit,50,1340047360.0,798.8472900390625,277.7265625,0.915458917617798,1.3437364101409912,1.6497148275375366,2.0793299674987797,0.5248360633850098,7.813292503356934,2.524788379669189,0.004686418455094
6jz9o5p4,2G,pgfm_2g,implicit,50,1350041600.0,816.34375,278.3681640625,0.9096413850784302,1.37320876121521,1.681999921798706,2.121487617492676,0.522197425365448,7.871455669403076,2.480151653289795,0.0046757739037275
6jz9o5p4,2G,pgfm_2g,implicit,50,1360035840.0,766.2586669921875,271.654296875,0.9473235011100768,1.3527390956878662,1.6589727401733398,2.089186429977417,0.5249006152153015,7.954145431518555,2.4894864559173584,0.0049267285503447
6jz9o5p4,2G,pgfm_2g,implicit,50,1370030080.0,772.1036987304688,274.376953125,1.0011811256408691,1.3519840240478516,1.6551251411437988,2.109581470489502,0.53323894739151,7.864284515380859,2.5821332931518555,0.0048297285102307
6jz9o5p4,2G,pgfm_2g,implicit,50,1380024320.0,809.796875,281.4833984375,0.9561959505081176,1.369260549545288,1.6843383312225342,2.123807907104492,0.5327486991882324,7.876899719238281,2.5744194984436035,0.0045802174136042
6jz9o5p4,2G,pgfm_2g,implicit,50,1390018560.0,820.405029296875,284.0537109375,0.9392801523208618,1.3879674673080444,1.7049014568328855,2.156146049499512,0.5338080525398254,7.734611511230469,2.4837899208068848,0.0045352317392826
6jz9o5p4,2G,pgfm_2g,implicit,50,1400012800.0,797.8015747070312,275.8310546875,0.9008485078811646,1.3586126565933228,1.670767307281494,2.1407666206359863,0.5308895111083984,7.737162113189697,2.530587673187256,0.0047915498726069
6jz9o5p4,2G,pgfm_2g,implicit,50,1410007040.0,803.8795166015625,277.32421875,0.9228248596191406,1.3876162767410278,1.7079097032546997,2.1884801387786865,0.5341132879257202,7.9027228355407715,2.6007745265960693,0.0046269628219306
6jz9o5p4,2G,pgfm_2g,implicit,50,1420001280.0,827.7183837890625,286.0087890625,0.9469056129455566,1.3768880367279053,1.686614751815796,2.143132209777832,0.5264462828636169,7.889128684997559,2.585436582565308,0.0043247686699032
6jz9o5p4,2G,pgfm_2g,implicit,50,1430077440.0,806.4376220703125,279.5263671875,0.9373509883880616,1.374587059020996,1.6998445987701416,2.159555196762085,0.5251629948616028,7.908455848693848,2.595449447631836,0.0045214495621621
6jz9o5p4,2G,pgfm_2g,implicit,50,1440071680.0,805.1663208007812,276.5458984375,0.9234936237335204,1.3872071504592896,1.7134969234466553,2.211918354034424,0.5293260812759399,7.862349510192871,2.530221939086914,0.0046668676659464
6jz9o5p4,2G,pgfm_2g,implicit,50,1450065920.0,814.525390625,284.1142578125,0.9664190411567688,1.4082914590835571,1.744412899017334,2.2322630882263184,0.5313635468482971,7.816926002502441,2.6132736206054688,0.0044065648689866
6jz9o5p4,2G,pgfm_2g,implicit,50,1460060160.0,817.0943603515625,281.19921875,0.9446144700050354,1.3624635934829712,1.6817917823791504,2.151422500610352,0.5269836783409119,7.6369781494140625,2.578373908996582,0.0044180694967508
6jz9o5p4,2G,pgfm_2g,implicit,50,1470054400.0,846.1259765625,287.4140625,0.9622188210487366,1.3766460418701172,1.6920249462127686,2.161201000213623,0.5198728442192078,7.777976036071777,2.5111007690429688,0.0043747294694185
6jz9o5p4,2G,pgfm_2g,implicit,50,1480048640.0,831.8202514648438,287.5546875,0.9739581942558287,1.3832018375396729,1.7165290117263794,2.2304062843322754,0.5187475681304932,7.818840026855469,2.529505491256714,0.0043660285882651
6jz9o5p4,2G,pgfm_2g,implicit,50,1490042880.0,791.7537841796875,274.546875,0.9861813187599182,1.3736302852630615,1.687545657157898,2.163736343383789,0.5160819888114929,7.947336673736572,2.576899528503418,0.0046441182494163
6jz9o5p4,2G,pgfm_2g,implicit,50,1500037120.0,833.244384765625,286.8271484375,1.0098190307617188,1.385007381439209,1.7121113538742063,2.210494041442871,0.511960506439209,7.840546131134033,2.554920196533203,0.0043640220537781
6jz9o5p4,2G,pgfm_2g,implicit,50,1510031360.0,725.7724609375,258.8447265625,1.081819772720337,1.392896056175232,1.7034966945648191,2.1895527839660645,0.5112960338592529,8.220952033996582,2.510324001312256,0.0053579322993755
6jz9o5p4,2G,pgfm_2g,implicit,50,1520025600.0,787.8282470703125,275.0908203125,1.022566318511963,1.3982661962509155,1.7232980728149414,2.192084550857544,0.514772355556488,8.022367477416992,2.525228977203369,0.0047104880213737
6jz9o5p4,2G,pgfm_2g,implicit,50,1530019840.0,793.229736328125,276.3134765625,1.0306804180145264,1.3855270147323608,1.6944526433944702,2.1254918575286865,0.5097147226333618,7.867077827453613,2.549022674560547,0.0046429522335529
6jz9o5p4,2G,pgfm_2g,implicit,50,1540014080.0,806.958984375,283.0302734375,1.0716134309768677,1.4057918787002563,1.732071876525879,2.225515842437744,0.5178632140159607,7.881309509277344,2.550999402999878,0.0044124913401901
6jz9o5p4,2G,pgfm_2g,implicit,50,1550008320.0,815.9017944335938,279.46875,1.0744585990905762,1.400294542312622,1.7338299751281738,2.220149517059326,0.5084468722343445,7.969450950622559,2.4990782737731934,0.004515416920185
6jz9o5p4,2G,pgfm_2g,implicit,50,1560002560.0,818.1187744140625,286.0986328125,1.0543971061706543,1.3970208168029783,1.7287713289260864,2.206373691558838,0.5246221423149109,7.817707538604736,2.5512351989746094,0.004411706700921
6jz9o5p4,2G,pgfm_2g,implicit,50,1570078720.0,800.4249267578125,282.630859375,1.089390993118286,1.3958265781402588,1.7164838314056396,2.1923985481262207,0.5255036354064941,7.633420944213867,2.5565345287323,0.0045305471867322
6jz9o5p4,2G,pgfm_2g,implicit,50,1580072960.0,807.4888916015625,281.9990234375,1.0297722816467283,1.3959648609161377,1.720980167388916,2.2144572734832764,0.5256836414337158,7.631982326507568,2.54817008972168,0.0044614821672439
6jz9o5p4,2G,pgfm_2g,implicit,50,1590067200.0,828.63525390625,289.6953125,1.0123422145843506,1.3927773237228394,1.7125065326690674,2.1952195167541504,0.5270899534225464,7.513731002807617,2.538249492645264,0.0043920064345002
6jz9o5p4,2G,pgfm_2g,implicit,50,1600061440.0,840.5991821289062,290.4013671875,1.001831293106079,1.3886427879333496,1.6990975141525269,2.1611790657043457,0.5291215777397156,7.346017837524414,2.5026965141296387,0.0043556615710258
6jz9o5p4,2G,pgfm_2g,implicit,50,1610055680.0,813.1741943359375,285.7578125,1.042025089263916,1.3876307010650637,1.7007522583007812,2.19730281829834,0.5281094312667847,7.60483455657959,2.53774356842041,0.0045207533985376
6jz9o5p4,2G,pgfm_2g,implicit,50,1620049920.0,802.138916015625,287.4482421875,1.049816608428955,1.4051471948623655,1.723648190498352,2.2175657749176025,0.5248345136642456,7.291834354400635,2.5791356563568115,0.0043411371298134
6jz9o5p4,2G,pgfm_2g,implicit,50,1630044160.0,764.0201416015625,272.6279296875,1.083179950714111,1.383015513420105,1.7058534622192385,2.2157697677612305,0.5141622424125671,7.799436569213867,2.5348997116088867,0.004953933879733
6jz9o5p4,2G,pgfm_2g,implicit,50,1640038400.0,725.9519653320312,265.3369140625,1.1058073043823242,1.3909640312194824,1.7155494689941406,2.20961332321167,0.5105963945388794,7.738955020904541,2.541432380676269,0.0049736173823475
6jz9o5p4,2G,pgfm_2g,implicit,50,1650032640.0,762.6473388671875,270.88671875,1.123070240020752,1.4050201177597046,1.7299423217773438,2.23093056678772,0.5165204405784607,7.761508941650391,2.64175796508789,0.0048459735698997
6jz9o5p4,2G,pgfm_2g,implicit,50,1660026880.0,754.0443115234375,270.5009765625,1.1665983200073242,1.3901094198226929,1.7030069828033447,2.1755170822143555,0.5179486274719238,7.874744415283203,2.6864542961120605,0.0047588674351572
6jz9o5p4,2G,pgfm_2g,implicit,50,1670021120.0,791.9634399414062,277.80078125,1.14584481716156,1.3929893970489502,1.706575632095337,2.18632173538208,0.5242919921875,7.749350070953369,2.5943703651428223,0.0046143271028995
6jz9o5p4,2G,pgfm_2g,implicit,50,1680015360.0,787.73046875,278.8994140625,1.1549322605133057,1.3979984521865845,1.723533272743225,2.2696950435638428,0.5212892293930054,7.790495872497559,2.6325511932373047,0.0045349998399615
6jz9o5p4,2G,pgfm_2g,implicit,50,1690009600.0,722.5179443359375,258.998046875,1.1715831756591797,1.403242826461792,1.7349255084991455,2.282252073287964,0.522072970867157,7.921257972717285,2.540970802307129,0.0050797364674508
6jz9o5p4,2G,pgfm_2g,implicit,50,1700003840.0,740.2261962890625,264.2666015625,1.1245901584625244,1.3906633853912354,1.7138192653656006,2.220938205718994,0.5153611898422241,7.71264123916626,2.624455451965332,0.0049787475727498
6jz9o5p4,2G,pgfm_2g,implicit,50,1710080000.0,772.2745361328125,273.8203125,1.1760849952697754,1.3930766582489014,1.7145906686782837,2.216466188430786,0.5152314901351929,7.745485305786133,2.5902109146118164,0.0047712959349155
6jz9o5p4,2G,pgfm_2g,implicit,50,1720074240.0,784.0985107421875,276.724609375,1.1254358291625977,1.396668553352356,1.7183542251586914,2.2606093883514404,0.5190781950950623,7.580297470092773,2.579725980758667,0.0048739495687186
6jz9o5p4,2G,pgfm_2g,implicit,50,1730068480.0,790.2286987304688,274.310546875,1.1139620542526243,1.4004991054534912,1.7136636972427368,2.191030263900757,0.5168585777282715,7.755664348602295,2.54121732711792,0.0046754758805036
6jz9o5p4,2G,pgfm_2g,implicit,50,1740062720.0,824.2474975585938,284.283203125,1.0232290029525757,1.40254008769989,1.723176121711731,2.2306604385375977,0.5190657377243042,7.577930450439453,2.493894577026367,0.0044228164479136
6jz9o5p4,2G,pgfm_2g,implicit,50,1750056960.0,808.4445190429688,282.48046875,1.0753415822982788,1.4227523803710938,1.759303092956543,2.303718090057373,0.5220454335212708,7.547334671020508,2.538859844207764,0.004450041335076
6jz9o5p4,2G,pgfm_2g,implicit,50,1760051200.0,799.0623168945312,276.1943359375,1.1112806797027588,1.4141864776611328,1.7465641498565674,2.281130790710449,0.5221359729766846,7.695812225341797,2.511672019958496,0.0046000154688954
6jz9o5p4,2G,pgfm_2g,implicit,50,1770045440.0,805.3736572265625,277.732421875,1.0434000492095947,1.417647123336792,1.7513208389282229,2.2828738689422607,0.5261716246604919,7.522042751312256,2.497566938400269,0.0047880304045975
6jz9o5p4,2G,pgfm_2g,implicit,50,1780039680.0,803.97119140625,279.177734375,1.0926486253738403,1.4109045267105105,1.7518949508666992,2.299749851226806,0.5150181651115417,7.421247959136963,2.5566203594207764,0.0045175696723163
6jz9o5p4,2G,pgfm_2g,implicit,50,1790033920.0,844.6307373046875,291.1943359375,1.0665451288223269,1.4062849283218384,1.7620011568069458,2.3505373001098637,0.517798662185669,7.437328815460205,2.4990413188934326,0.0042476747184991
6jz9o5p4,2G,pgfm_2g,implicit,50,1800028160.0,812.2603759765625,283.3603515625,1.0594229698181152,1.416798710823059,1.7659626007080078,2.357275485992432,0.5178976058959961,7.411393165588379,2.4814703464508057,0.0045638810843229
6jz9o5p4,2G,pgfm_2g,implicit,50,1810022400.0,810.662841796875,282.9833984375,1.0611891746520996,1.4070374965667725,1.742674708366394,2.2941341400146484,0.5255816578865051,7.653733253479004,2.50093936920166,0.0045452169142663
6jz9o5p4,2G,pgfm_2g,implicit,50,1820016640.0,802.0709228515625,281.1357421875,1.0345133543014526,1.4029099941253662,1.736270308494568,2.264658212661743,0.5312934517860413,7.526934146881103,2.528303623199463,0.0047397762537002
6jz9o5p4,2G,pgfm_2g,implicit,50,1830010880.0,797.0382690429688,279.3291015625,1.0704693794250488,1.405260682106018,1.7499306201934814,2.295351505279541,0.5234901905059814,7.541390419006348,2.5077366828918457,0.0046801692806184
6jz9o5p4,2G,pgfm_2g,implicit,50,1840005120.0,816.7355346679688,286.3779296875,1.0096805095672607,1.4132980108261108,1.7528680562973022,2.314310312271118,0.5257924795150757,7.658708095550537,2.523487091064453,0.0044443490915
6jz9o5p4,2G,pgfm_2g,implicit,50,1850081280.0,838.0403442382812,288.4541015625,1.0044033527374268,1.398027777671814,1.7423756122589111,2.277775764465332,0.5291702747344971,7.613765716552734,2.5122690200805664,0.0043348013423383
6jz9o5p4,2G,pgfm_2g,implicit,50,1860075520.0,811.3353881835938,284.1474609375,1.023295760154724,1.4216864109039309,1.7644613981246948,2.342013120651245,0.5248417258262634,7.482338905334473,2.539050340652466,0.0046100411564111
6jz9o5p4,2G,pgfm_2g,implicit,50,1870069760.0,829.14013671875,287.0947265625,1.073927879333496,1.419988036155701,1.7677009105682373,2.3283140659332275,0.5217204093933105,7.457866668701172,2.508874654769897,0.0044061746448278
6jz9o5p4,2G,pgfm_2g,implicit,50,1880064000.0,827.249755859375,285.146484375,1.0132501125335691,1.423259735107422,1.7694402933120728,2.318117380142212,0.5283411741256714,7.646083831787109,2.510690212249756,0.0044810096733272
6jz9o5p4,2G,pgfm_2g,implicit,50,1890058240.0,819.7811889648438,282.4287109375,1.0542534589767456,1.4304944276809692,1.780810832977295,2.360785007476806,0.5369288921356201,7.356741428375244,2.4675631523132324,0.0044982796534895
6jz9o5p4,2G,pgfm_2g,implicit,50,1900052480.0,820.0367431640625,287.572265625,1.0427203178405762,1.439074993133545,1.784724473953247,2.385958433151245,0.5365060567855835,7.453334331512451,2.5032501220703125,0.0044002151116728
6jz9o5p4,2G,pgfm_2g,implicit,50,1910046720.0,793.51220703125,277.814453125,1.0286415815353394,1.4299516677856443,1.7631648778915403,2.321075439453125,0.5238651633262634,7.616561412811279,2.5100722312927246,0.0046387426555156
6jz9o5p4,2G,pgfm_2g,implicit,50,1920040960.0,810.932373046875,285.4296875,1.0053077936172483,1.4215679168701172,1.7688090801239014,2.361278295516968,0.5229577422142029,7.584427356719971,2.490175247192383,0.0044041248038411
6jz9o5p4,2G,pgfm_2g,implicit,50,1930035200.0,778.1404418945312,274.9443359375,1.0705068111419678,1.442948341369629,1.7888237237930298,2.3608973026275635,0.5267857909202576,7.497059345245361,2.4820780754089355,0.0048562260344624
6jz9o5p4,2G,pgfm_2g,implicit,50,1940029440.0,808.3101806640625,281.443359375,1.0106709003448486,1.4403812885284424,1.787590503692627,2.376617908477783,0.5260745882987976,7.50441312789917,2.514617443084717,0.0044979350641369
6jz9o5p4,2G,pgfm_2g,implicit,50,1950023680.0,830.822509765625,287.6201171875,0.9989385008811952,1.4335139989852903,1.7718114852905271,2.354921817779541,0.5293081402778625,7.508278846740723,2.505342960357666,0.0042731165885925
6jz9o5p4,2G,pgfm_2g,implicit,50,1960017920.0,821.0755615234375,286.5966796875,0.988902747631073,1.4487764835357666,1.8065416812896729,2.446512222290039,0.5263423919677734,7.409503936767578,2.500494241714477,0.0042189098894596
6jz9o5p4,2G,pgfm_2g,implicit,50,1970012160.0,810.0573120117188,284.3056640625,1.0138636827468872,1.419450044631958,1.7533165216445925,2.325408697128296,0.530694305896759,7.508496284484863,2.4929919242858887,0.0044344710186123
6jz9o5p4,2G,pgfm_2g,implicit,50,1980006400.0,823.4122924804688,289.115234375,0.9892414808273317,1.4314417839050293,1.7632148265838623,2.336319923400879,0.528386652469635,7.264378547668457,2.503523349761963,0.0043626502156257
6jz9o5p4,2G,pgfm_2g,implicit,50,1990000640.0,819.5653076171875,287.10546875,1.0000572204589844,1.4394054412841797,1.787669658660889,2.3890256881713867,0.5294670462608337,7.148151397705078,2.485759735107422,0.0043581966310739
6jz9o5p4,2G,pgfm_2g,implicit,50,2000076800.0,809.0042114257812,281.984375,1.0068347454071045,1.4484729766845703,1.7914341688156128,2.372159004211426,0.5260353088378906,7.372697353363037,2.5273327827453613,0.0045826151035726
nsfdsuk2,2G,pgfm_2g,implicit,0,10076160.0,632.2279052734375,235.3818359375,0.5287059545516968,0.6748304963111877,0.7961791753768921,0.9602746963500975,0.5781299471855164,4.533658027648926,2.530984401702881,0.0087022501975297
nsfdsuk2,2G,pgfm_2g,implicit,0,20070400.0,747.38427734375,256.40234375,0.5183697938919067,0.6925745606422424,0.8128960132598877,0.9702425003051758,0.4984818398952484,5.289203643798828,2.4169178009033203,0.0076901945285499
nsfdsuk2,2G,pgfm_2g,implicit,0,30064640.0,837.7091674804688,265.3173828125,0.4453997015953064,0.675095796585083,0.7846465110778809,0.925360143184662,0.4737072885036468,5.899058818817139,2.184403419494629,0.0068958788178861
nsfdsuk2,2G,pgfm_2g,implicit,0,40058880.0,949.25634765625,281.6953125,0.4271293878555298,0.6728651523590088,0.7824288606643677,0.9186941981315612,0.444853127002716,5.908271789550781,2.005265712738037,0.0056400662288069
nsfdsuk2,2G,pgfm_2g,implicit,0,50053120.0,1044.391357421875,304.03125,0.4194139838218689,0.6614097952842712,0.7726088762283325,0.9157845973968506,0.4243458211421966,6.469274520874023,1.976876974105835,0.0042993389070034
nsfdsuk2,2G,pgfm_2g,implicit,0,60047360.0,1160.283935546875,328.33984375,0.4470917284488678,0.6785831451416016,0.8014657497406006,0.9643759727478028,0.4186262488365173,6.628707885742188,1.96390163898468,0.0035409764386713
nsfdsuk2,2G,pgfm_2g,implicit,0,70041600.0,1266.5164794921875,347.5458984375,0.4590711593627929,0.6851807832717896,0.8131744861602783,0.9795475602149964,0.4150282740592956,7.311172485351562,1.8579754829406736,0.002874321071431
nsfdsuk2,2G,pgfm_2g,implicit,0,80035840.0,1512.900146484375,411.298828125,0.4924593567848205,0.6728130578994751,0.8157580494880676,1.0113345384597778,0.3978511393070221,7.8416643142700195,1.804829835891724,0.0010536450427025
nsfdsuk2,2G,pgfm_2g,implicit,0,90030080.0,1632.3330078125,421.18359375,0.4559146463871002,0.683661699295044,0.8338810205459595,1.046626329421997,0.3979572355747223,8.3973388671875,1.6193723678588867,0.0007413012208417
nsfdsuk2,2G,pgfm_2g,implicit,0,100024320.0,1691.807373046875,425.357421875,0.4324885010719299,0.6815813183784485,0.8250664472579956,1.0224730968475342,0.3905974626541137,9.180044174194336,1.5151190757751465,0.0006481548771262
nsfdsuk2,2G,pgfm_2g,implicit,0,110018560.0,1738.244873046875,427.697265625,0.426161527633667,0.6764132380485535,0.8139251470565796,1.012403964996338,0.3835130035877228,10.095067024230955,1.4579514265060425,0.0005196600104682
nsfdsuk2,2G,pgfm_2g,implicit,0,120012800.0,1791.5743408203125,433.09375,0.4396272897720337,0.6805024147033691,0.8163237571716309,1.0132145881652832,0.3776094019412994,10.87734031677246,1.391331672668457,0.0004039113991893
nsfdsuk2,2G,pgfm_2g,implicit,0,130007040.0,1834.1947021484373,439.3095703125,0.4184922575950622,0.6773948669433594,0.8137823939323425,1.004183650016785,0.3773468136787414,11.429189682006836,1.3673436641693115,0.0002331499708816
nsfdsuk2,2G,pgfm_2g,implicit,0,140001280.0,1833.551513671875,436.2841796875,0.4210226237773895,0.6596153974533081,0.7945533990859985,0.9844621419906616,0.3662155568599701,12.222840309143066,1.3513007164001465,0.0003079626185353
nsfdsuk2,2G,pgfm_2g,implicit,0,150077440.0,1849.6614990234373,437.7197265625,0.4254829883575439,0.6687068343162537,0.8024322986602783,0.9899029731750488,0.359139621257782,12.69818115234375,1.335597038269043,0.0002485598088242
nsfdsuk2,2G,pgfm_2g,implicit,0,160071680.0,1870.752197265625,439.9169921875,0.4191378057003021,0.6634441614151001,0.7948559522628784,0.975874662399292,0.3478332161903381,13.37880039215088,1.3077352046966553,0.0001717230770736
nsfdsuk2,2G,pgfm_2g,implicit,0,170065920.0,1892.2763671875,441.203125,0.4170562922954559,0.6555630564689636,0.7811002135276794,0.9527284502983092,0.3409367203712463,13.412302017211914,1.2858843803405762,0.0001569448213558
nsfdsuk2,2G,pgfm_2g,implicit,0,180060160.0,1907.65283203125,442.9150390625,0.4071587324142456,0.6535274982452393,0.7835630774497986,0.9593793153762816,0.3367418050765991,14.41961669921875,1.262237548828125,0.0001063695526681
nsfdsuk2,2G,pgfm_2g,implicit,0,190054400.0,1910.70947265625,442.1640625,0.4087523818016052,0.6591853499412537,0.7860948443412781,0.9567776322364808,0.3345445096492767,14.65329647064209,1.2658114433288574,0.0001332150422967
nsfdsuk2,2G,pgfm_2g,implicit,0,200048640.0,1913.036865234375,441.556640625,0.414261907339096,0.6619818210601807,0.7861737012863159,0.956494688987732,0.3298793435096741,15.332996368408203,1.2657616138458252,0.0001366565120406
nsfdsuk2,2G,pgfm_2g,implicit,0,210042880.0,1929.2720947265625,444.7529296875,0.4113770127296448,0.6600318551063538,0.7878353595733643,0.9565654993057252,0.3259808421134949,15.016260147094728,1.2617380619049072,5.291928391670808e-05
nsfdsuk2,2G,pgfm_2g,implicit,0,220037120.0,1927.137451171875,443.15625,0.4105303585529327,0.6571331024169922,0.7800881266593933,0.9457102417945862,0.3221938908100128,15.621318817138672,1.2448686361312866,9.399362897966056e-05
nsfdsuk2,2G,pgfm_2g,implicit,0,230031360.0,1936.8226318359373,445.19140625,0.4100313782691955,0.6603727340698242,0.7877416610717773,0.9553117752075196,0.3175992965698242,15.586113929748535,1.2575536966323853,4.861425986746326e-05
nsfdsuk2,2G,pgfm_2g,implicit,0,240025600.0,1925.989013671875,441.470703125,0.413041353225708,0.6675475835800171,0.7934229373931885,0.9599876403808594,0.3180282413959503,15.822181701660156,1.2332377433776855,0.000144198842463
nsfdsuk2,2G,pgfm_2g,implicit,0,250019840.0,1925.470947265625,441.0107421875,0.4176021218299866,0.6629269123077393,0.788860559463501,0.9553520679473876,0.3133145272731781,16.236745834350586,1.2569642066955566,0.000180647461093
nsfdsuk2,2G,pgfm_2g,implicit,0,260014080.0,1939.2867431640625,442.9892578125,0.4113525748252868,0.6634722948074341,0.7872169017791748,0.9494690895080566,0.3127257227897644,16.32691192626953,1.2384312152862549,0.0001077205524779
nsfdsuk2,2G,pgfm_2g,implicit,0,270008320.0,1954.198486328125,444.2099609375,0.4099789559841156,0.6684184670448303,0.7956620454788208,0.9679185152053832,0.3078466653823852,16.381446838378906,1.2220821380615234,7.876515155658126e-05
nsfdsuk2,2G,pgfm_2g,implicit,0,280002560.0,1957.047119140625,444.708984375,0.4167131781578064,0.6564392447471619,0.7841895818710327,0.9554357528686525,0.3019211292266845,16.810375213623047,1.2123746871948242,5.880915705347434e-05
nsfdsuk2,2G,pgfm_2g,implicit,0,290078720.0,1953.0933837890625,443.904296875,0.4176665842533111,0.6755838990211487,0.7993737459182739,0.9662092924118042,0.3086963593959808,16.172868728637695,1.2170641422271729,7.63623247621581e-05
nsfdsuk2,2G,pgfm_2g,implicit,0,300072960.0,1951.7127685546875,443.61328125,0.4192694425582886,0.682045578956604,0.8104462623596191,0.9831177592277528,0.3114140033721924,16.3969783782959,1.2178493738174438,9.15410346351564e-05
nsfdsuk2,2G,pgfm_2g,implicit,0,310067200.0,1953.587890625,443.0791015625,0.4205603003501892,0.6803193688392639,0.8056488633155823,0.9766010046005248,0.3020908832550049,16.75497055053711,1.2105915546417236,8.803010859992355e-05
nsfdsuk2,2G,pgfm_2g,implicit,0,320061440.0,1952.163330078125,443.8251953125,0.4221338629722595,0.6866642236709595,0.8143355250358582,0.9812811613082886,0.3090622425079345,16.40196990966797,1.2287081480026243,8.243716729339212e-05
nsfdsuk2,2G,pgfm_2g,implicit,0,330055680.0,1951.099365234375,443.048828125,0.4338594675064087,0.6768113374710083,0.8018732070922852,0.9695398807525636,0.3005796670913696,17.10489273071289,1.2063417434692385,9.48829692788422e-05
nsfdsuk2,2G,pgfm_2g,implicit,0,340049920.0,1962.8983154296875,444.1337890625,0.4355809986591339,0.6890063285827637,0.81414794921875,0.9774793386459352,0.3016846179962158,17.204025268554688,1.2052133083343506,8.258070738520473e-05
nsfdsuk2,2G,pgfm_2g,implicit,0,350044160.0,1970.4798583984373,444.7451171875,0.4310232400894165,0.6764061450958252,0.8014443516731262,0.9676365256309508,0.2949637472629547,17.199148178100586,1.1916974782943726,4.801102113560773e-05
nsfdsuk2,2G,pgfm_2g,implicit,0,360038400.0,1966.239501953125,444.3623046875,0.4307590425014496,0.6888841390609741,0.8192147016525269,0.9884425401687622,0.2977480888366699,17.263282775878906,1.1990910768508911,5.9915204474236816e-05
nsfdsuk2,2G,pgfm_2g,implicit,0,370032640.0,1964.006103515625,444.2099609375,0.4334565103054046,0.6860489845275879,0.8134979009628296,0.9868603944778442,0.2983596622943878,17.184207916259766,1.206637263298035,5.742828216170892e-05
nsfdsuk2,2G,pgfm_2g,implicit,0,380026880.0,1975.750244140625,445.4482421875,0.4321464896202087,0.7004879713058472,0.8307771682739258,1.0044305324554443,0.2985089719295501,17.768863677978516,1.190333604812622,4.048104528919794e-05
nsfdsuk2,2G,pgfm_2g,implicit,0,390021120.0,1977.244384765625,445.880859375,0.4297702312469482,0.6938098669052124,0.8210378885269165,0.9918595552444458,0.2989555895328522,17.67365264892578,1.1893514394760132,3.091993130510673e-05
nsfdsuk2,2G,pgfm_2g,implicit,0,400015360.0,1981.4644775390625,446.28125,0.4384350478649139,0.7038521766662598,0.832965075969696,1.0057941675186155,0.29451385140419,17.578168869018555,1.1968439817428589,1.726889968267642e-05
nsfdsuk2,2G,pgfm_2g,implicit,0,410009600.0,1970.849365234375,443.791015625,0.4419921338558197,0.7024028301239014,0.8319689035415649,1.0052088499069214,0.29583740234375,17.89638328552246,1.1818349361419678,9.135917935054748e-05
nsfdsuk2,2G,pgfm_2g,implicit,0,420003840.0,1978.68310546875,445.25390625,0.4471024572849273,0.7061716318130493,0.8374841213226318,1.0124578475952148,0.2936311066150665,17.509258270263672,1.1894580125808716,3.483637556200847e-05
nsfdsuk2,2G,pgfm_2g,implicit,0,430080000.0,1982.5321044921875,445.556640625,0.4527613222599029,0.7079442143440247,0.8406673669815063,1.020202398300171,0.2925330698490143,18.07546043395996,1.166293025016785,3.2157266105059534e-05
nsfdsuk2,2G,pgfm_2g,implicit,0,440074240.0,1986.10302734375,444.9833984375,0.444251149892807,0.7053655982017517,0.8375988006591797,1.0143375396728516,0.2930746972560882,17.787582397460938,1.166225552558899,7.039264164632186e-05
nsfdsuk2,2G,pgfm_2g,implicit,0,450068480.0,1989.01904296875,446.48828125,0.4484455585479736,0.7119914293289185,0.8496795892715454,1.0388708114624023,0.2943701446056366,17.82684326171875,1.163298726081848,1.2223458725202365e-05
nsfdsuk2,2G,pgfm_2g,implicit,0,460062720.0,1992.33203125,446.2822265625,0.4478974342346191,0.6996962428092957,0.8327053785324097,1.0104422569274902,0.2888103425502777,18.23221778869629,1.1608941555023191,3.7313577195163816e-05
nsfdsuk2,2G,pgfm_2g,implicit,0,470056960.0,1991.938720703125,446.55859375,0.4480127990245819,0.7053728103637695,0.8377848863601685,1.0187426805496216,0.2827205061912536,18.60002326965332,1.150932788848877,8.61239095684141e-06
nsfdsuk2,2G,pgfm_2g,implicit,0,480051200.0,1994.001220703125,446.837890625,0.4448058605194092,0.6977948546409607,0.8303495645523071,1.0077223777770996,0.2814663648605346,18.53277587890625,1.1599444150924685,0.0
nsfdsuk2,2G,pgfm_2g,implicit,0,490045440.0,1993.461669921875,445.62109375,0.4492908716201782,0.705001950263977,0.8378860354423523,1.0141159296035769,0.2845886945724487,18.282062530517575,1.160881519317627,4.957831697538495e-05
nsfdsuk2,2G,pgfm_2g,implicit,0,500039680.0,1992.7919921875,445.9541015625,0.4483729004859924,0.7052579522132874,0.8372569680213928,1.0114946365356443,0.2833239138126373,18.83243560791016,1.1543354988098145,2.033022428804543e-05
nsfdsuk2,2G,pgfm_2g,implicit,0,510033920.0,1989.372802734375,445.9267578125,0.4549427628517151,0.7149428129196167,0.8479729294776917,1.0276260375976562,0.2899493873119354,18.39116668701172,1.1612998247146606,2.4087094061542302e-05
nsfdsuk2,2G,pgfm_2g,implicit,0,520028160.0,1990.662841796875,445.7802734375,0.4644722640514374,0.7287276387214661,0.865057647228241,1.0440428256988523,0.2889796197414398,18.39468765258789,1.1639469861984253,4.907077891402878e-05
nsfdsuk2,2G,pgfm_2g,implicit,0,530022400.0,1992.4005126953125,446.0556640625,0.4665749073028564,0.7236166000366211,0.8560726046562195,1.0319836139678955,0.2847909033298492,18.61635971069336,1.1522897481918335,1.5300174709409475e-05
nsfdsuk2,2G,pgfm_2g,implicit,0,540016640.0,1999.1590576171875,446.4462890625,0.4614986181259155,0.7245272397994995,0.860042929649353,1.043439269065857,0.2856277823448181,18.39026641845703,1.1547949314117432,1.179409991891589e-05
nsfdsuk2,2G,pgfm_2g,implicit,0,550010880.0,1998.60791015625,446.10546875,0.458571195602417,0.7185367345809937,0.8512663245201111,1.024861454963684,0.2838167548179626,18.62636375427246,1.148121356964111,1.8598577298689637e-05
nsfdsuk2,2G,pgfm_2g,implicit,0,560005120.0,1995.427001953125,445.8720703125,0.4632010459899902,0.7327207922935486,0.870053768157959,1.0524195432662964,0.2839033603668213,18.358549118041992,1.153367042541504,5.889005842618644e-05
nsfdsuk2,2G,pgfm_2g,implicit,0,570081280.0,2003.0655517578125,446.7001953125,0.4504273533821106,0.7197124361991882,0.8544807434082031,1.0354228019714355,0.2818382084369659,18.992807388305664,1.1430401802062988,3.014081812580116e-06
nsfdsuk2,2G,pgfm_2g,implicit,0,580075520.0,1997.930419921875,446.1044921875,0.4570977091789245,0.709829568862915,0.8428149819374084,1.0222554206848145,0.2784396708011627,18.81777572631836,1.1367080211639404,2.017202677961905e-05
nsfdsuk2,2G,pgfm_2g,implicit,0,590069760.0,1996.616455078125,445.306640625,0.4692150354385376,0.7281138896942139,0.865664005279541,1.0472774505615234,0.2805151641368866,19.14319610595703,1.1496078968048096,6.224773096619174e-05
nsfdsuk2,2G,pgfm_2g,implicit,0,600064000.0,2005.3367919921875,446.677734375,0.4658397436141968,0.7287319898605347,0.8659815788269043,1.0545644760131836,0.2839632928371429,18.850982666015625,1.1418055295944214,3.890687366947532e-06
nsfdsuk2,2G,pgfm_2g,implicit,0,610058240.0,1999.3023681640625,446.0869140625,0.4621953964233398,0.725723147392273,0.8613840341567993,1.045034885406494,0.2830365002155304,19.06603240966797,1.1423454284667969,1.793349474610295e-05
nsfdsuk2,2G,pgfm_2g,implicit,0,620052480.0,2005.689697265625,446.744140625,0.4583581089973449,0.7231655120849609,0.8602228164672852,1.0413185358047483,0.2755949795246124,19.09925079345703,1.129011869430542,4.82358973385999e-06
nsfdsuk2,2G,pgfm_2g,implicit,0,630046720.0,1998.322021484375,445.2353515625,0.4611592888832092,0.7138299345970154,0.8506412506103516,1.0318045616149902,0.2747649848461151,19.1478328704834,1.1290055513381958,3.832131915260106e-05
nsfdsuk2,2G,pgfm_2g,implicit,0,640040960.0,2007.79541015625,446.837890625,0.4653992652893066,0.7224375009536743,0.8566097021102905,1.0363831520080566,0.2792582213878631,19.33907127380371,1.135133147239685,0.0
nsfdsuk2,2G,pgfm_2g,implicit,0,650035200.0,2004.424072265625,446.26953125,0.4635475873947143,0.7194993495941162,0.8544498682022095,1.0345216989517212,0.2727696299552917,19.457698822021484,1.1446261405944824,1.262703699467238e-05
nsfdsuk2,2G,pgfm_2g,implicit,0,660029440.0,2007.0469970703125,446.3427734375,0.4625696241855621,0.7173264622688293,0.8550254702568054,1.041659235954285,0.2730208039283752,19.439224243164062,1.1377252340316772,1.628362588235177e-05
nsfdsuk2,2G,pgfm_2g,implicit,0,670023680.0,2004.71923828125,446.333984375,0.4566832780838012,0.7274122834205627,0.8624777793884277,1.0455241203308103,0.2765581607818603,19.12820243835449,1.1411676406860352,1.0487092367839068e-05
nsfdsuk2,2G,pgfm_2g,implicit,0,680017920.0,2005.6241455078125,446.3330078125,0.4625700116157532,0.7220712304115295,0.859476625919342,1.037277102470398,0.2735381722450256,19.666915893554688,1.1334208250045776,1.1402002201066352e-05
nsfdsuk2,2G,pgfm_2g,implicit,0,690012160.0,2000.029541015625,445.087890625,0.4723955392837524,0.7350392937660217,0.8722454905509949,1.0525307655334473,0.2778413891792297,18.970144271850582,1.1448346376419067,8.659427840029821e-05
nsfdsuk2,2G,pgfm_2g,implicit,0,700006400.0,2004.0772705078125,446.0537109375,0.4694886803627014,0.7279037237167358,0.8665097951889038,1.049407124519348,0.2759730517864227,19.367095947265625,1.1367034912109375,3.780484985327348e-05
nsfdsuk2,2G,pgfm_2g,implicit,0,710000640.0,2005.294189453125,446.837890625,0.473353624343872,0.7403793334960938,0.8756788969039917,1.0565966367721558,0.2752223908901214,19.047197341918945,1.132301926612854,0.0
nsfdsuk2,2G,pgfm_2g,implicit,0,720076800.0,2004.6307373046875,446.001953125,0.4673350751399994,0.7384998798370361,0.8743492960929871,1.059023141860962,0.2785137593746185,19.492454528808597,1.1433700323104858,2.4043563826126046e-05
nsfdsuk2,2G,pgfm_2g,implicit,0,730071040.0,2007.2904052734373,446.625,0.4638384282588959,0.7298423051834106,0.862480103969574,1.0388877391815186,0.2718122005462646,19.744075775146484,1.1389296054840088,3.6035517041455023e-06
nsfdsuk2,2G,pgfm_2g,implicit,0,740065280.0,2004.476318359375,446.3017578125,0.4677660465240478,0.7443058490753174,0.8817911148071289,1.0632988214492798,0.2799639403820038,18.292179107666016,1.145100712776184,1.2527801118267234e-05
nsfdsuk2,2G,pgfm_2g,implicit,0,750059520.0,1999.521240234375,445.794921875,0.4693280458450317,0.7608859539031982,0.9047326445579528,1.0949269533157349,0.2910369038581848,18.81588554382324,1.1386523246765137,4.854306462220848e-05
nsfdsuk2,2G,pgfm_2g,implicit,0,760053760.0,2005.1025390625,445.5185546875,0.4667495489120483,0.7446103096008301,0.8833560943603516,1.0637946128845217,0.2818482518196106,19.35338592529297,1.1213457584381104,6.634526653215289e-05
nsfdsuk2,2G,pgfm_2g,implicit,0,770048000.0,2005.4805908203125,446.3720703125,0.4752147197723388,0.742098331451416,0.8802160024642944,1.0571593046188354,0.2751665711402893,19.794506072998047,1.1302368640899658,1.8128735973732543e-05
nsfdsuk2,2G,pgfm_2g,implicit,0,780042240.0,2004.392822265625,445.755859375,0.4725247919559479,0.7376044988632202,0.8755640983581543,1.0529545545578003,0.2712562978267669,19.924434661865234,1.1250619888305664,3.158378603984602e-05
nsfdsuk2,2G,pgfm_2g,implicit,0,790036480.0,2009.759765625,446.30859375,0.4638937413692474,0.7439014911651611,0.8828994035720825,1.0592412948608398,0.2768287658691406,19.14643859863281,1.119611144065857,1.0100719919137193e-05
nsfdsuk2,2G,pgfm_2g,implicit,0,800030720.0,2011.7791748046875,446.4140625,0.472737580537796,0.743794322013855,0.8800479173660278,1.060877799987793,0.2732382714748382,19.3520622253418,1.1253644227981567,1.1160829672007822e-05
nsfdsuk2,2G,pgfm_2g,implicit,0,810024960.0,2012.0482177734373,446.837890625,0.458544909954071,0.7353725433349609,0.8692917823791504,1.0432469844818115,0.2713066935539245,19.265077590942383,1.1211316585540771,0.0
nsfdsuk2,2G,pgfm_2g,implicit,0,820019200.0,2010.6942138671875,446.30859375,0.4683545231819153,0.7432762384414673,0.8822833299636841,1.0591309070587158,0.2735629379749298,19.33700561523437,1.1229677200317385,3.3678836189210415e-05
nsfdsuk2,2G,pgfm_2g,implicit,0,830013440.0,2012.9296875,446.7041015625,0.4632609188556671,0.7347040772438049,0.8720176219940186,1.0551373958587646,0.2684155404567718,19.76314926147461,1.1269710063934326,2.790178541545174e-06
nsfdsuk2,2G,pgfm_2g,implicit,0,840007680.0,2014.27734375,446.5576171875,0.4692963063716888,0.734403133392334,0.875062108039856,1.0577902793884275,0.2661963105201721,19.88630485534668,1.1258525848388672,5.307404990162468e-06
nsfdsuk2,2G,pgfm_2g,implicit,0,850001920.0,2012.0927734375,446.3173828125,0.4702513813972473,0.7308038473129272,0.8654274940490723,1.0488967895507812,0.2658771872520447,19.78251266479492,1.1214666366577148,1.4916292457201052e-05
nsfdsuk2,2G,pgfm_2g,implicit,0,860078080.0,2013.364501953125,446.5439453125,0.4804795384407043,0.7504443526268005,0.8873881101608276,1.0722723007202148,0.2704074382781982,19.87095260620117,1.12644624710083,9.564540050632786e-06
nsfdsuk2,2G,pgfm_2g,implicit,0,870072320.0,2013.962890625,446.5703125,0.4739326238632202,0.7389186024665833,0.8780987858772278,1.0625770092010498,0.267213761806488,19.78699111938477,1.1207529306411743,8.02364775154274e-06
nsfdsuk2,2G,pgfm_2g,implicit,0,880066560.0,2014.7694091796875,446.5732421875,0.4830159544944763,0.7356440424919128,0.8730746507644653,1.0586705207824707,0.262889951467514,19.809043884277344,1.1261892318725586,7.347020073211752e-06
nsfdsuk2,2G,pgfm_2g,implicit,0,890060800.0,2014.472412109375,446.814453125,0.4886258840560913,0.7500744462013245,0.8936039209365845,1.0813885927200315,0.2638232111930847,20.18279838562012,1.122316837310791,2.255340632473235e-06
nsfdsuk2,2G,pgfm_2g,implicit,0,900055040.0,2010.406494140625,445.7783203125,0.4856120944023132,0.7448422908782959,0.8829482197761536,1.067787766456604,0.266204833984375,19.246322631835938,1.1160638332366943,3.114113133051433e-05
nsfdsuk2,2G,pgfm_2g,implicit,0,910049280.0,2017.3541259765625,446.8349609375,0.4741988182067871,0.7529445886611938,0.8949348330497742,1.0821523666381836,0.2681586444377899,19.61874008178711,1.1285650730133057,2.104660552504356e-06
nsfdsuk2,2G,pgfm_2g,implicit,0,920043520.0,2017.7559814453125,446.677734375,0.4835714101791382,0.7369112372398376,0.8778175711631775,1.0655333995819092,0.2567373812198639,20.55493927001953,1.123775839805603,3.061324605369009e-06
nsfdsuk2,2G,pgfm_2g,implicit,0,930037760.0,2016.162841796875,446.8203125,0.4822149276733398,0.7726253867149353,0.9173526167869568,1.1026990413665771,0.2731865048408508,19.57671356201172,1.1173439025878906,2.2658064153802115e-06
nsfdsuk2,2G,pgfm_2g,implicit,0,940032000.0,2017.1226806640625,446.7109375,0.4795462489128113,0.7507252097129822,0.8918071985244751,1.081102728843689,0.2691986262798309,20.024385452270508,1.1190513372421265,5.19086006534053e-06
nsfdsuk2,2G,pgfm_2g,implicit,0,950026240.0,2014.7186279296875,445.732421875,0.4905250668525696,0.7547558546066284,0.8958873748779297,1.080868363380432,0.2632407248020172,19.882843017578125,1.1213444471359253,5.85857815167401e-05
nsfdsuk2,2G,pgfm_2g,implicit,0,960020480.0,2019.242431640625,446.6630859375,0.4797608554363251,0.7393453121185303,0.8808332681655884,1.0658823251724243,0.261591374874115,20.34218978881836,1.1250991821289062,3.906250185536919e-06
nsfdsuk2,2G,pgfm_2g,implicit,0,970014720.0,2018.1534423828125,446.474609375,0.4807216227054596,0.7384722232818604,0.8766006231307983,1.0568771362304688,0.2546135187149048,20.693267822265625,1.1148173809051514,3.150201519019902e-05
nsfdsuk2,2G,pgfm_2g,implicit,0,980008960.0,2018.72021484375,446.185546875,0.4914634823799133,0.7469737529754639,0.8858686089515686,1.0641824007034302,0.2574031352996826,20.395849227905277,1.1126794815063477,1.721993430692237e-05
nsfdsuk2,2G,pgfm_2g,implicit,0,990003200.0,2018.0927734375,446.837890625,0.4916969239711761,0.752210259437561,0.895429253578186,1.0807981491088867,0.2598962485790252,20.434619903564453,1.1256903409957886,0.0
nsfdsuk2,2G,pgfm_2g,implicit,0,1000079360.0,2017.28857421875,446.470703125,0.4860759377479553,0.7435758113861084,0.8831812143325806,1.0714914798736572,0.2609225511550903,20.398468017578125,1.1182780265808103,3.616898175096139e-05
nsfdsuk2,2G,pgfm_2g,implicit,0,1010073600.0,2017.85107421875,446.7958984375,0.488381564617157,0.7517285943031311,0.8951053619384766,1.0798895359039309,0.2595423758029938,20.125,1.1251492500305176,2.4053263132373104e-06
nsfdsuk2,2G,pgfm_2g,implicit,0,1020067840.0,2020.431884765625,446.4990234375,0.4890889525413513,0.7516428232192993,0.8935678005218506,1.0742614269256592,0.2603811621665954,19.92223358154297,1.1141787767410278,1.743861685099546e-05
nsfdsuk2,2G,pgfm_2g,implicit,0,1030062080.0,2018.733642578125,446.4541015625,0.4883463382720947,0.7523878812789917,0.8927501440048218,1.0753734111785889,0.2629512548446655,20.231489181518555,1.1176130771636963,1.3348297215998173e-05
nsfdsuk2,2G,pgfm_2g,implicit,0,1040056320.0,2021.358642578125,446.837890625,0.4852166771888733,0.7553815841674805,0.8965590000152588,1.0829004049301147,0.262860357761383,19.677600860595703,1.120771884918213,0.0
nsfdsuk2,2G,pgfm_2g,implicit,0,1050050560.0,2018.919921875,446.591796875,0.4893868863582611,0.7582158446311951,0.9004034996032715,1.0855966806411743,0.2652707397937774,19.800615310668945,1.123857498168945,4.542151145869866e-06
nsfdsuk2,2G,pgfm_2g,implicit,0,1060044800.0,2017.4508056640625,446.0361328125,0.4975712597370147,0.7721325159072876,0.9193613529205322,1.1116561889648438,0.2662282884120941,19.939380645751957,1.120516300201416,3.979358370997943e-05
nsfdsuk2,2G,pgfm_2g,implicit,0,1070039040.0,2016.551513671875,445.953125,0.4814220368862152,0.7633236646652222,0.9049201011657716,1.0858489274978638,0.2686550319194793,19.891002655029297,1.1224567890167236,6.771798507543281e-05
nsfdsuk2,2G,pgfm_2g,implicit,0,1080033280.0,2020.44189453125,446.5537109375,0.4873685836791992,0.7572812438011169,0.9021385312080384,1.0882365703582764,0.2610827088356018,20.56325912475586,1.1191755533218384,6.327264600258786e-06
nsfdsuk2,2G,pgfm_2g,implicit,0,1090027520.0,2023.730712890625,446.837890625,0.4842017590999603,0.7507587671279907,0.8944188356399536,1.0848476886749268,0.2564142644405365,20.377344131469727,1.1166690587997437,0.0
nsfdsuk2,2G,pgfm_2g,implicit,0,1100021760.0,2021.14892578125,446.2236328125,0.4926362633705139,0.7695603370666504,0.9114850759506226,1.0957740545272827,0.2622988224029541,20.20097541809082,1.1154940128326416,1.4363948139362035e-05
nsfdsuk2,2G,pgfm_2g,implicit,0,1110016000.0,2017.2822265625,446.837890625,0.4934914112091064,0.7669379711151123,0.913787007331848,1.1032438278198242,0.2642424702644348,19.83457565307617,1.1356810331344604,0.0
nsfdsuk2,2G,pgfm_2g,implicit,0,1120010240.0,2020.9437255859373,446.7197265625,0.490925133228302,0.7589343786239624,0.900596559047699,1.0859196186065674,0.26284259557724,20.23639869689941,1.1149377822875977,3.1913807561068097e-06
nsfdsuk2,2G,pgfm_2g,implicit,0,1130004480.0,2021.97509765625,446.765625,0.4843526482582092,0.7520727515220642,0.8904943466186523,1.0713075399398804,0.2557249963283539,20.32226181030273,1.122997522354126,2.5497715796518605e-06
nsfdsuk2,2G,pgfm_2g,implicit,0,1140080640.0,2020.512939453125,446.837890625,0.4893541932106018,0.7590319514274597,0.9018458127975464,1.085756540298462,0.2586109638214111,19.997697830200195,1.1219619512557983,0.0
nsfdsuk2,2G,pgfm_2g,implicit,0,1150074880.0,2016.138427734375,446.837890625,0.4852195978164673,0.7966564297676086,0.9439200162887572,1.1332390308380127,0.2806102335453033,17.43027114868164,1.1249768733978271,0.0
nsfdsuk2,2G,pgfm_2g,implicit,0,1160069120.0,2018.8623046875,446.0673828125,0.49405437707901,0.7808652520179749,0.9252963662147522,1.114398956298828,0.2729215621948242,19.679515838623047,1.120162010192871,1.715694452286698e-05
nsfdsuk2,2G,pgfm_2g,implicit,0,1170063360.0,2017.7640380859373,446.1142578125,0.4893019199371338,0.764125406742096,0.9097496271133424,1.102487087249756,0.2643116414546966,19.90195846557617,1.1222695112228394,1.552823778183665e-05
nsfdsuk2,2G,pgfm_2g,implicit,0,1180057600.0,2020.95068359375,446.474609375,0.4854229092597961,0.7559683322906494,0.8993908762931824,1.085456132888794,0.2582432627677917,20.27288055419922,1.113673210144043,3.150201519019902e-05
nsfdsuk2,2G,pgfm_2g,implicit,0,1190051840.0,2022.266357421875,446.837890625,0.4868268966674804,0.7640234231948853,0.907315731048584,1.089687705039978,0.2583810985088348,20.213871002197266,1.1057796478271484,0.0
nsfdsuk2,2G,pgfm_2g,implicit,0,1200046080.0,2019.214111328125,446.0751953125,0.4946897625923157,0.7643277645111084,0.9056471586227416,1.0863885879516602,0.2576495409011841,20.36551284790039,1.1083173751831057,1.7379472410539165e-05
nsfdsuk2,2G,pgfm_2g,implicit,0,1210040320.0,2021.870849609375,446.1904296875,0.4940558075904846,0.7615751028060913,0.9048482179641724,1.0892060995101929,0.2573811411857605,20.334453582763672,1.108354568481445,3.810041016549803e-05
nsfdsuk2,2G,pgfm_2g,implicit,0,1220034560.0,2015.680908203125,445.6806640625,0.4988945126533508,0.7816118001937866,0.930903136730194,1.1157464981079102,0.266575813293457,19.9351806640625,1.1196188926696775,4.3978216126561165e-05
nsfdsuk2,2G,pgfm_2g,implicit,0,1230028800.0,2022.4068603515625,446.2841796875,0.4906628429889679,0.7595536708831787,0.9036194086074828,1.0901423692703247,0.2575187087059021,20.276424407958984,1.1100623607635498,1.715154394332785e-05
nsfdsuk2,2G,pgfm_2g,implicit,0,1240023040.0,2024.40478515625,446.517578125,0.4941842555999756,0.759425938129425,0.902501940727234,1.0877764225006104,0.2554884552955627,20.8048152923584,1.1132054328918457,6.06560570304282e-06
nsfdsuk2,2G,pgfm_2g,implicit,0,1250017280.0,2022.323974609375,446.837890625,0.4926560521125793,0.7548788785934448,0.904267191886902,1.0968081951141355,0.254441499710083,20.346555709838867,1.1081289052963257,0.0
nsfdsuk2,2G,pgfm_2g,implicit,0,1260011520.0,2021.8939208984373,446.3056640625,0.4924590587615967,0.7683736085891724,0.9088231325149536,1.09030020236969,0.2584015727043152,20.199462890625,1.1060194969177246,4.198123497189954e-05
nsfdsuk2,2G,pgfm_2g,implicit,0,1270005760.0,2022.332763671875,446.5263671875,0.4963811039924621,0.7685670852661133,0.9104371070861816,1.0953254699707031,0.2608792185783386,20.248647689819336,1.1085611581802368,6.978988494665828e-06
nsfdsuk2,2G,pgfm_2g,implicit,0,1280000000.0,2024.822509765625,446.4541015625,0.4993323087692261,0.761386513710022,0.9013360738754272,1.0831819772720337,0.2563568949699402,20.451074600219727,1.1048692464828491,1.7757827663444914e-05
nsfdsuk2,2G,pgfm_2g,implicit,0,1290076160.0,2023.3775634765625,446.142578125,0.5043727159500122,0.7718284130096436,0.9187232255935668,1.1033653020858765,0.2524134516716003,20.82301139831543,1.1109225749969482,1.831052577472292e-05
nsfdsuk2,2G,pgfm_2g,implicit,0,1300070400.0,2028.259521484375,446.837890625,0.505294680595398,0.7590096592903137,0.903876781463623,1.0928210020065308,0.2495725303888321,20.800107955932617,1.1040644645690918,0.0
nsfdsuk2,2G,pgfm_2g,implicit,0,1310064640.0,2024.448974609375,446.46875,0.4972463250160217,0.7760639190673828,0.9257408380508424,1.1209869384765625,0.2606821656227112,19.897836685180664,1.1057658195495603,7.844381798349787e-06
nsfdsuk2,2G,pgfm_2g,implicit,0,1320058880.0,2025.334228515625,446.4765625,0.5019131302833557,0.781882107257843,0.9279499650001526,1.11578631401062,0.2591315805912018,20.089614868164062,1.1116843223571775,2.9592802093247883e-05
nsfdsuk2,2G,pgfm_2g,implicit,0,1330053120.0,2021.4859619140625,445.9716796875,0.5092393159866333,0.7809832096099854,0.9336106777191162,1.1273151636123655,0.2582404911518097,20.250173568725582,1.1140280961990356,1.7571208445588127e-05
nsfdsuk2,2G,pgfm_2g,implicit,0,1340047360.0,2025.48828125,446.4853515625,0.5017620325088501,0.7717668414115906,0.919758141040802,1.1084625720977783,0.2521789968013763,20.78808212280273,1.099733829498291,2.325148852833081e-05
nsfdsuk2,2G,pgfm_2g,implicit,0,1350041600.0,2023.15380859375,445.9755859375,0.5053540468215942,0.7670005559921265,0.9171566367149352,1.1067291498184204,0.2520718276500702,20.523679733276367,1.103766918182373,2.3324131689150818e-05
nsfdsuk2,2G,pgfm_2g,implicit,0,1360035840.0,2021.269287109375,446.6103515625,0.4950260519981384,0.7731059789657593,0.918350100517273,1.110355019569397,0.2566678524017334,19.98498916625977,1.0965003967285156,4.1379767026228365e-06
nsfdsuk2,2G,pgfm_2g,implicit,0,1370030080.0,2023.13232421875,446.763671875,0.5090819001197815,0.7845208048820496,0.9325308799743652,1.125821232795715,0.2575714588165283,19.767852783203125,1.1003293991088867,2.618130110931816e-06
nsfdsuk2,2G,pgfm_2g,implicit,0,1380024320.0,2024.1536865234373,446.1708984375,0.5095174908638,0.7747009992599487,0.9196399450302124,1.103707194328308,0.2510478496551513,20.945295333862305,1.0980888605117798,1.841420998971444e-05
nsfdsuk2,2G,pgfm_2g,implicit,0,1390018560.0,2024.5751953125,446.3671875,0.5167908072471619,0.7704216837882996,0.9188523292541504,1.1037646532058716,0.2478684931993484,20.91903305053711,1.1077182292938232,1.2425742170307784e-05
nsfdsuk2,2G,pgfm_2g,implicit,0,1400012800.0,2025.1488037109373,446.251953125,0.4979224503040313,0.7677983641624451,0.9144428968429564,1.0998343229293823,0.2493485659360885,20.81713104248047,1.1071107387542725,2.1071660739835352e-05
nsfdsuk2,2G,pgfm_2g,implicit,0,1410007040.0,2022.6036376953125,445.6865234375,0.5007335543632507,0.7701307535171509,0.9179663062095642,1.1092989444732666,0.2539549767971039,20.474720001220703,1.0986157655715942,3.1765383027959615e-05
nsfdsuk2,2G,pgfm_2g,implicit,0,1420001280.0,2022.329833984375,445.416015625,0.503962516784668,0.7782977819442749,0.92449688911438,1.1106740236282349,0.2498012036085128,20.581867218017575,1.0983035564422607,6.198189657879993e-05
nsfdsuk2,2G,pgfm_2g,implicit,0,1430077440.0,2027.5374755859373,446.6357421875,0.5062564611434937,0.7755841016769409,0.9229019284248352,1.1116927862167358,0.2510683536529541,20.71602249145508,1.1000808477401731,4.245923719281564e-06
nsfdsuk2,2G,pgfm_2g,implicit,0,1440071680.0,2025.668701171875,446.2021484375,0.5007402896881104,0.7784684896469116,0.9286159873008728,1.1184725761413574,0.2506530284881592,20.42304992675781,1.1020886898040771,4.635028017219156e-05
nsfdsuk2,2G,pgfm_2g,implicit,0,1450065920.0,2023.729248046875,446.466796875,0.4936524629592895,0.7902358770370483,0.9381781816482544,1.125707507133484,0.2559803426265716,20.245241165161133,1.1081511974334717,1.812130540201906e-05
nsfdsuk2,2G,pgfm_2g,implicit,0,1460060160.0,2028.048583984375,446.5654296875,0.4931703805923462,0.7814412713050842,0.9287066459655762,1.1135410070419312,0.2541447579860687,20.27642250061035,1.0960029363632202,5.7444854064669926e-06
nsfdsuk2,2G,pgfm_2g,implicit,0,1470054400.0,2026.48193359375,446.7919921875,0.5011146664619446,0.7803497314453125,0.9241832494735718,1.1071734428405762,0.2506369054317474,20.55477523803711,1.0966434478759766,2.4660669168952154e-06
nsfdsuk2,2G,pgfm_2g,implicit,0,1480048640.0,2027.3895263671875,446.837890625,0.4988488554954529,0.7626190781593323,0.9090365767478944,1.096384882926941,0.2447160929441452,20.88857650756836,1.100764513015747,0.0
nsfdsuk2,2G,pgfm_2g,implicit,0,1490042880.0,2024.052978515625,446.6181640625,0.4961788058280945,0.7655272483825684,0.9109760522842408,1.0923397541046145,0.2448479980230331,20.5269718170166,1.091062307357788,3.699100261655986e-06
nsfdsuk2,2G,pgfm_2g,implicit,0,1500037120.0,2029.0921630859373,446.837890625,0.4987029433250427,0.7622432708740234,0.9060138463974,1.0885602235794067,0.2444846034049987,20.42116928100586,1.0947551727294922,0.0
nsfdsuk2,2G,pgfm_2g,implicit,0,1510031360.0,2024.933349609375,446.5341796875,0.4979920983314514,0.777182936668396,0.9281372427940368,1.1182963848114014,0.2531398236751556,20.298858642578125,1.108728289604187,7.402086339425296e-06
nsfdsuk2,2G,pgfm_2g,implicit,0,1520025600.0,2023.260986328125,445.7802734375,0.4988948106765747,0.765745997428894,0.9099314212799072,1.0916752815246582,0.2443383336067199,20.95391082763672,1.1047511100769043,5.183587200008333e-05
nsfdsuk2,2G,pgfm_2g,implicit,0,1530019840.0,2027.3262939453125,446.4013671875,0.4988917410373688,0.7649786472320557,0.9113991260528564,1.0973860025405884,0.2463305592536926,20.4984073638916,1.1008220911026,8.88309659785591e-06
nsfdsuk2,2G,pgfm_2g,implicit,0,1540014080.0,2028.0068359375,446.4091796875,0.5080223083496094,0.7801892161369324,0.930938959121704,1.120551586151123,0.2517845928668976,20.571027755737305,1.1077390909194946,1.0578998626442626e-05
nsfdsuk2,2G,pgfm_2g,implicit,0,1550008320.0,2030.4617919921875,446.837890625,0.5034111738204956,0.7751258611679077,0.922633409500122,1.1128536462783811,0.2498198002576828,20.044361114501957,1.0977783203125,0.0
nsfdsuk2,2G,pgfm_2g,implicit,0,1560002560.0,2027.36962890625,446.6123046875,0.4979698657989502,0.7744400501251221,0.922948956489563,1.1119314432144165,0.2510784566402435,20.30975341796875,1.1067761182785034,4.1379767026228365e-06
nsfdsuk2,2G,pgfm_2g,implicit,0,1570078720.0,2028.0703125,446.5849609375,0.5018287897109985,0.7912592887878418,0.939129650592804,1.1252912282943726,0.2583770751953125,19.520004272460938,1.0987908840179443,4.245923719281564e-06
nsfdsuk2,2G,pgfm_2g,implicit,0,1580072960.0,2029.34765625,446.5244140625,0.5028532147407532,0.7753390073776245,0.9243080615997314,1.11505126953125,0.2492285817861557,20.981689453125,1.1015384197235107,1.1909298336831853e-05
nsfdsuk2,2G,pgfm_2g,implicit,0,1590067200.0,2029.986572265625,446.529296875,0.5071995258331299,0.7780669927597046,0.9287897348403932,1.119385004043579,0.2480249851942062,20.74845695495605,1.1016504764556885,1.1224856280023232e-05
nsfdsuk2,2G,pgfm_2g,implicit,0,1600061440.0,2028.4847412109373,446.4501953125,0.5039712190628052,0.7739452123641968,0.9213570952415466,1.1117680072784424,0.2450700253248214,20.576906204223636,1.0997562408447266,1.627604251552839e-05
nsfdsuk2,2G,pgfm_2g,implicit,0,1610055680.0,2025.760986328125,446.33203125,0.5081189870834351,0.7813678979873657,0.9313777685165404,1.1194418668746948,0.2486226707696914,20.99351501464844,1.0988134145736694,2.164868601539638e-05
nsfdsuk2,2G,pgfm_2g,implicit,0,1620049920.0,2030.3758544921875,446.5673828125,0.5109294652938843,0.7886143326759338,0.9382489919662476,1.12965726852417,0.2520846128463745,20.606868743896484,1.0936821699142456,6.781684078305261e-06
nsfdsuk2,2G,pgfm_2g,implicit,0,1630044160.0,2031.392822265625,446.837890625,0.5005201697349548,0.7854956388473511,0.9278717041015624,1.1081116199493408,0.2492815852165222,20.969158172607425,1.0954298973083496,0.0
nsfdsuk2,2G,pgfm_2g,implicit,0,1640038400.0,2028.03662109375,446.5419921875,0.5113018751144409,0.7769767045974731,0.9213430285453796,1.1049190759658811,0.2453885823488235,21.434444427490234,1.0911946296691897,6.868011951155495e-06
nsfdsuk2,2G,pgfm_2g,implicit,0,1650032640.0,2030.463623046875,446.509765625,0.5068948268890381,0.7771439552307129,0.9245045185089112,1.1163859367370603,0.2438174784183502,20.85037040710449,1.0875808000564575,7.103489224391524e-06
nsfdsuk2,2G,pgfm_2g,implicit,0,1660026880.0,2028.6064453125,446.3193359375,0.5030980110168457,0.7763793468475342,0.9231590628623962,1.1097049713134766,0.2437752485275268,21.18148803710937,1.100277543067932,2.300759297213517e-05
nsfdsuk2,2G,pgfm_2g,implicit,0,1670021120.0,2030.616943359375,446.484375,0.5008665919303894,0.767654538154602,0.9127503037452698,1.0978846549987793,0.2430976033210754,21.652427673339844,1.0975006818771362,2.3818596673663706e-05
nsfdsuk2,2G,pgfm_2g,implicit,0,1680015360.0,2032.3995361328125,446.837890625,0.5024911761283875,0.7799184918403625,0.9286167621612548,1.117264986038208,0.2478868812322616,20.58865737915039,1.0927650928497314,0.0
nsfdsuk2,2G,pgfm_2g,implicit,0,1690009600.0,2030.13623046875,446.5615234375,0.5028717517852783,0.776091992855072,0.922733187675476,1.110451579093933,0.2442944645881652,20.86778259277344,1.0916699171066284,7.875503797549754e-06
nsfdsuk2,2G,pgfm_2g,implicit,0,1700003840.0,2031.3135986328125,446.837890625,0.502100944519043,0.7912682294845581,0.9390898942947388,1.1270040273666382,0.2542028129100799,20.335742950439453,1.0909042358398438,0.0
nsfdsuk2,2G,pgfm_2g,implicit,0,1710080000.0,2031.1693115234373,446.837890625,0.5030247569084167,0.7829949259757996,0.9309664368629456,1.1198621988296509,0.249796524643898,21.08391761779785,1.096329927444458,0.0
nsfdsuk2,2G,pgfm_2g,implicit,0,1720074240.0,2029.125244140625,446.837890625,0.4984364509582519,0.7751074433326721,0.9201315641403198,1.1073522567749023,0.2464693933725357,20.77166557312012,1.0970094203948977,0.0
nsfdsuk2,2G,pgfm_2g,implicit,0,1730068480.0,2031.17138671875,446.7861328125,0.5047773718833923,0.7750800251960754,0.9219658374786376,1.1089637279510498,0.2449508756399154,20.91468048095703,1.093064785003662,2.4172338726202725e-06
nsfdsuk2,2G,pgfm_2g,implicit,0,1740062720.0,2030.738037109375,446.837890625,0.5119622945785522,0.7909457683563232,0.9409416317939758,1.1287795305252075,0.2463991343975067,21.06356430053711,1.0996291637420654,0.0
nsfdsuk2,2G,pgfm_2g,implicit,0,1750056960.0,2029.994384765625,446.2197265625,0.5074869990348816,0.7809621095657349,0.9307445883750916,1.1192123889923096,0.2426112592220306,21.05915641784668,1.0953891277313232,2.86530648736516e-05
nsfdsuk2,2G,pgfm_2g,implicit,0,1760051200.0,2028.09228515625,446.1943359375,0.5045298933982849,0.7833855152130127,0.9279621839523317,1.1123367547988892,0.2481777369976043,20.674549102783203,1.094578504562378,4.242899740347639e-05
nsfdsuk2,2G,pgfm_2g,implicit,0,1770045440.0,2029.8408203125,446.837890625,0.4991118311882019,0.7788757681846619,0.9231305122375488,1.109972357749939,0.2488021850585937,20.94793701171875,1.102326273918152,0.0
nsfdsuk2,2G,pgfm_2g,implicit,0,1780039680.0,2029.4984130859373,446.2578125,0.5097236633300781,0.7886546850204468,0.9383240938186646,1.1241917610168457,0.2468878328800201,21.317745208740234,1.0918824672698977,2.8047163141309284e-05
nsfdsuk2,2G,pgfm_2g,implicit,0,1790033920.0,2032.503173828125,446.837890625,0.5035637617111206,0.7842017412185669,0.9308589696884156,1.1180721521377563,0.2421165853738784,20.755001068115234,1.0882530212402344,0.0
nsfdsuk2,2G,pgfm_2g,implicit,0,1800028160.0,2029.968017578125,446.240234375,0.5105042457580566,0.7879562973976135,0.9387089014053344,1.124192237854004,0.2423651814460754,20.69223022460937,1.091092586517334,5.525795859284699e-05
nsfdsuk2,2G,pgfm_2g,implicit,0,1810022400.0,2028.33154296875,446.556640625,0.5171087980270386,0.7967270612716675,0.9436089992523192,1.1332744359970093,0.2521721124649048,20.400650024414062,1.089696168899536,8.133050869219005e-06
nsfdsuk2,2G,pgfm_2g,implicit,0,1820016640.0,2032.535888671875,446.822265625,0.5149057507514954,0.7883312702178955,0.9395541548728944,1.1269375085830688,0.2451618611812591,21.026430130004883,1.0879566669464111,2.3086583951226203e-06
nsfdsuk2,2G,pgfm_2g,implicit,0,1830010880.0,2028.7015380859373,446.484375,0.5076137185096741,0.776096522808075,0.9265740513801576,1.1132129430770874,0.2433228194713592,20.974681854248047,1.0963115692138672,2.3818596673663706e-05
nsfdsuk2,2G,pgfm_2g,implicit,0,1840005120.0,2030.61767578125,446.5361328125,0.5157685279846191,0.7906194925308228,0.9392614364624025,1.1262773275375366,0.2445322871208191,21.061872482299805,1.096402645111084,7.576229108963162e-06
nsfdsuk2,2G,pgfm_2g,implicit,0,1850081280.0,2032.2373046875,446.837890625,0.5065100193023682,0.7829130291938782,0.9306122064590454,1.1182396411895752,0.245214357972145,21.03458023071289,1.0960520505905151,0.0
nsfdsuk2,2G,pgfm_2g,implicit,0,1860075520.0,2034.375244140625,446.837890625,0.5032038688659668,0.7807737588882446,0.9309303760528564,1.1204447746276855,0.2432483434677124,21.132556915283203,1.0923141241073608,0.0
nsfdsuk2,2G,pgfm_2g,implicit,0,1870069760.0,2033.3709716796875,446.6806640625,0.502590000629425,0.7749722599983215,0.9241957664489746,1.1131117343902588,0.2411865442991256,20.85302734375,1.089530348777771,3.150201564494637e-06
nsfdsuk2,2G,pgfm_2g,implicit,0,1880064000.0,2034.062744140625,446.791015625,0.512671172618866,0.8011260628700256,0.9506832361221312,1.138679265975952,0.2474251836538314,20.933473587036133,1.085919737815857,2.43531803789665e-06
nsfdsuk2,2G,pgfm_2g,implicit,0,1890058240.0,2032.2623291015625,446.544921875,0.5099297165870667,0.7862856984138489,0.9342172741889954,1.1273422241210938,0.2475983500480651,21.030838012695312,1.09409499168396,5.166997652850114e-06
nsfdsuk2,2G,pgfm_2g,implicit,0,1900052480.0,2032.4151611328125,446.4736328125,0.5090038776397705,0.7855362892150879,0.9344370365142822,1.1245146989822388,0.2443590462207794,20.93690299987793,1.0892791748046875,8.71930842549773e-06
nsfdsuk2,2G,pgfm_2g,implicit,0,1910046720.0,2032.9766845703125,446.837890625,0.5102815628051758,0.8023173809051514,0.9547574520111084,1.145432949066162,0.2495747655630111,20.897794723510746,1.0872743129730225,0.0
nsfdsuk2,2G,pgfm_2g,implicit,0,1920040960.0,2033.37109375,446.837890625,0.5134512186050415,0.7829999923706055,0.935822606086731,1.1206750869750977,0.2425118535757064,21.365102767944336,1.0901933908462524,0.0
nsfdsuk2,2G,pgfm_2g,implicit,0,1930035200.0,2031.315673828125,446.837890625,0.5189996361732483,0.79378342628479,0.946286916732788,1.1368645429611206,0.2456419914960861,20.948843002319336,1.079158067703247,0.0
nsfdsuk2,2G,pgfm_2g,implicit,0,1940029440.0,2029.81103515625,446.271484375,0.5285594463348389,0.8024113178253174,0.9582655429840088,1.1521164178848269,0.2463920563459396,20.783788681030277,1.0973162651062012,2.7569276426220316e-05
nsfdsuk2,2G,pgfm_2g,implicit,0,1950023680.0,2033.623291015625,446.837890625,0.5199350714683533,0.7982544898986816,0.949493646621704,1.1415657997131348,0.247541531920433,20.90160179138184,1.0945377349853516,0.0
nsfdsuk2,2G,pgfm_2g,implicit,0,1960017920.0,2030.1873779296875,446.2607421875,0.5175275802612305,0.7981495261192322,0.952250599861145,1.1446748971939087,0.252612829208374,20.474517822265625,1.0957016944885254,1.4527464372804388e-05
nsfdsuk2,2G,pgfm_2g,implicit,0,1970012160.0,2030.9522705078125,446.837890625,0.5178003907203674,0.804917573928833,0.9548206329345704,1.1406230926513672,0.2505505681037903,20.614103317260746,1.096174716949463,0.0
nsfdsuk2,2G,pgfm_2g,implicit,0,1980006400.0,2029.48876953125,446.271484375,0.5173007249832153,0.8019229173660278,0.955875813961029,1.149883270263672,0.2491409182548523,20.21384048461914,1.0875288248062134,1.4163128071231768e-05
nsfdsuk2,2G,pgfm_2g,implicit,0,1990000640.0,2032.8671875,446.837890625,0.5118839740753174,0.7994514107704163,0.952594757080078,1.142109513282776,0.24699367582798,20.67824935913086,1.0876436233520508,0.0
nsfdsuk2,2G,pgfm_2g,implicit,0,2000076800.0,2033.510498046875,446.837890625,0.5200741291046143,0.791347861289978,0.9419182538986206,1.133227825164795,0.2392835170030594,21.135608673095703,1.088825821876526,0.0
x1wjdvt9,2G,pgfm_2g,implicit,20,10076160.0,529.3634033203125,209.650390625,0.503006100654602,0.6957560181617737,0.8158985376358032,0.970941126346588,0.613569438457489,5.268183708190918,2.7056870460510254,0.0112088220193982
x1wjdvt9,2G,pgfm_2g,implicit,20,20070400.0,465.242431640625,169.904296875,0.5318645238876343,0.682528555393219,0.8044919967651367,0.9722168445587158,0.5228633880615234,5.978898048400879,2.3571314811706543,0.0134503319859504
x1wjdvt9,2G,pgfm_2g,implicit,20,30064640.0,586.005859375,205.3046875,0.5218327045440674,0.7038750052452087,0.8276228904724121,0.9930742979049684,0.5035138130187988,6.31403112411499,2.426864624023437,0.0106369964778423
x1wjdvt9,2G,pgfm_2g,implicit,20,40058880.0,516.7603759765625,188.626953125,0.5532340407371521,0.7410497069358826,0.8898131847381592,1.076923370361328,0.4732386469841003,6.7368998527526855,2.436042547225952,0.0105027686804533
x1wjdvt9,2G,pgfm_2g,implicit,20,50053120.0,563.9652099609375,202.98046875,0.5897769927978516,0.7680073976516724,0.9306877255439758,1.1318094730377195,0.4814245402812958,6.783569812774658,2.44970440864563,0.0096295531839132
x1wjdvt9,2G,pgfm_2g,implicit,20,60047360.0,654.520263671875,232.4921875,0.5779946446418762,0.7851125597953796,0.9424501657485962,1.127166748046875,0.4823381602764129,6.894088745117188,2.4704830646514893,0.0081046661362051
x1wjdvt9,2G,pgfm_2g,implicit,20,70041600.0,675.820556640625,239.2744140625,0.5869646668434143,0.7713689208030701,0.9240809679031372,1.116012454032898,0.4586379528045654,6.788614273071289,2.4701452255249023,0.0077390554361045
x1wjdvt9,2G,pgfm_2g,implicit,20,80035840.0,602.5623168945312,227.7529296875,0.6011714935302734,0.7852239608764648,0.9327574968338012,1.117711901664734,0.4538120627403259,7.239169120788574,2.3794713020324707,0.0084127560257911
x1wjdvt9,2G,pgfm_2g,implicit,20,90030080.0,667.1929931640625,241.78125,0.5839496850967407,0.8081827163696289,0.9576295614242554,1.1440608501434326,0.4473612010478973,7.011957168579102,2.437640190124512,0.0075759198516607
x1wjdvt9,2G,pgfm_2g,implicit,20,100024320.0,693.8796997070312,246.1767578125,0.5539611577987671,0.827660322189331,0.9818835258483888,1.1918258666992188,0.4453318417072296,7.247891426086426,2.3426289558410645,0.0072963964194059
x1wjdvt9,2G,pgfm_2g,implicit,20,110018560.0,728.0096435546875,257.0302734375,0.5689946413040161,0.8388869762420654,0.997717559337616,1.2069255113601685,0.4470463693141937,7.190547943115234,2.330944776535034,0.0067329946905374
x1wjdvt9,2G,pgfm_2g,implicit,20,120012800.0,756.8003540039062,261.953125,0.5457540154457092,0.8613595962524414,1.025707721710205,1.2309635877609253,0.4515239298343658,7.478081703186035,2.374351978302002,0.0061722416430711
x1wjdvt9,2G,pgfm_2g,implicit,20,130007040.0,733.597412109375,258.7412109375,0.5462584495544434,0.847391664981842,0.9972355365753174,1.183277606964111,0.4430040121078491,7.619046211242676,2.27712345123291,0.0068663600832223
x1wjdvt9,2G,pgfm_2g,implicit,20,140001280.0,787.0435180664062,267.671875,0.575687050819397,0.868726372718811,1.0312414169311523,1.2438896894454956,0.4345674514770508,7.63544225692749,2.3740837574005127,0.0061465026810765
x1wjdvt9,2G,pgfm_2g,implicit,20,150077440.0,781.734130859375,261.841796875,0.5411893129348755,0.8679911494255066,1.0192289352416992,1.2087024450302124,0.4360188543796539,7.449563980102539,2.2484936714172363,0.0064735300838947
x1wjdvt9,2G,pgfm_2g,implicit,20,160071680.0,835.6353149414062,275.724609375,0.5342816114425659,0.8977817296981812,1.068502426147461,1.2861859798431396,0.4314389526844024,7.999655246734619,2.234100818634033,0.005691931117326
x1wjdvt9,2G,pgfm_2g,implicit,20,170065920.0,775.3692626953125,257.7900390625,0.5794597268104553,0.8944688439369202,1.0610358715057373,1.2757513523101809,0.4224167466163635,8.255927085876465,2.2072293758392334,0.0065856794826686
x1wjdvt9,2G,pgfm_2g,implicit,20,180060160.0,805.2117309570312,268.28125,0.5386257171630859,0.8850578665733337,1.0549441576004028,1.2799479961395264,0.4234203100204468,8.10618782043457,2.2166643142700195,0.005790221504867
x1wjdvt9,2G,pgfm_2g,implicit,20,190054400.0,787.7252197265625,258.7626953125,0.5618458986282349,0.920080542564392,1.1012022495269775,1.3282188177108765,0.4229257106781006,8.069765090942383,2.18684196472168,0.0059029897674918
x1wjdvt9,2G,pgfm_2g,implicit,20,200048640.0,821.7055053710938,267.0009765625,0.5384039878845215,0.916777491569519,1.0923799276351929,1.31181538105011,0.4280365407466888,8.251838684082031,2.140643835067749,0.0056887045502662
x1wjdvt9,2G,pgfm_2g,implicit,20,210042880.0,853.6328125,275.99609375,0.5150590538978577,0.9239934682846068,1.1001824140548706,1.330422043800354,0.4265018403530121,8.815872192382812,2.070054054260254,0.0055253976024687
x1wjdvt9,2G,pgfm_2g,implicit,20,220037120.0,857.482421875,275.5322265625,0.524904727935791,0.9270003437995912,1.098576307296753,1.3128719329833984,0.4239830374717712,9.33400535583496,2.1212046146392822,0.0055921706371009
x1wjdvt9,2G,pgfm_2g,implicit,20,230031360.0,832.1524047851562,269.080078125,0.524541974067688,0.9247347116470336,1.103212594985962,1.326876163482666,0.4234289526939392,8.979804992675781,2.077278614044189,0.0059150597080588
x1wjdvt9,2G,pgfm_2g,implicit,20,240025600.0,869.03564453125,270.9599609375,0.5249310731887817,0.9292555451393129,1.106806993484497,1.3239904642105105,0.4237435162067413,9.04303741455078,2.0258665084838867,0.0056777792051434
x1wjdvt9,2G,pgfm_2g,implicit,20,250019840.0,880.5850830078125,274.650390625,0.4979469180107116,0.9157091975212096,1.0891811847686768,1.3050942420959473,0.4268408715724945,9.386151313781738,1.977388858795166,0.0055650947615504
x1wjdvt9,2G,pgfm_2g,implicit,20,260014080.0,912.9593505859376,282.3740234375,0.5163362622261047,0.9217393398284912,1.095883846282959,1.312515139579773,0.4192242324352264,8.894254684448242,1.9715492725372317,0.005341081880033
x1wjdvt9,2G,pgfm_2g,implicit,20,270008320.0,954.9688720703124,287.04296875,0.5169171094894409,0.926805853843689,1.104075908660889,1.329006910324097,0.4216561615467071,9.496261596679688,1.992453694343567,0.0049855369143188
x1wjdvt9,2G,pgfm_2g,implicit,20,280002560.0,930.8154907226562,277.755859375,0.5079425573348999,0.9247714281082152,1.1017611026763916,1.3236143589019775,0.4295205473899841,9.397262573242188,1.8905233144760127,0.005534267053008
x1wjdvt9,2G,pgfm_2g,implicit,20,290078720.0,976.1915893554688,289.3515625,0.4972450733184814,0.9072991609573364,1.070343017578125,1.273322820663452,0.4264065027236938,9.21770477294922,1.8583714962005613,0.0049447091296315
x1wjdvt9,2G,pgfm_2g,implicit,20,300072960.0,1003.0552978515624,289.849609375,0.4787984192371368,0.9209636449813844,1.082392930984497,1.2841391563415527,0.4264674484729767,9.313239097595217,1.7982466220855713,0.0050829900428652
x1wjdvt9,2G,pgfm_2g,implicit,20,310067200.0,993.98388671875,289.79296875,0.4922927916049957,0.9327442646026612,1.0999157428741455,1.31343412399292,0.4282714426517486,9.490520477294922,1.8103339672088623,0.0050348434597253
x1wjdvt9,2G,pgfm_2g,implicit,20,320061440.0,1012.6336669921876,291.0517578125,0.495594710111618,0.9243468046188354,1.092615842819214,1.292812705039978,0.4267872869968414,9.112154960632324,1.760356307029724,0.005024928599596
x1wjdvt9,2G,pgfm_2g,implicit,20,330055680.0,1008.1868896484376,293.962890625,0.5034358501434326,0.907085657119751,1.0671758651733398,1.2645350694656372,0.4267457127571106,9.334455490112305,1.7387967109680176,0.0047841211780905
x1wjdvt9,2G,pgfm_2g,implicit,20,340049920.0,1022.8433837890624,298.509765625,0.507637083530426,0.916150689125061,1.0750222206115725,1.2702820301055908,0.4269718825817108,8.937030792236328,1.795843243598938,0.0046431706286966
x1wjdvt9,2G,pgfm_2g,implicit,20,350044160.0,1038.709716796875,298.1611328125,0.5109244585037231,0.908027708530426,1.0678224563598633,1.264692306518555,0.4356369376182556,9.365981101989746,1.747793436050415,0.0047445241361856
x1wjdvt9,2G,pgfm_2g,implicit,20,360038400.0,1025.411376953125,291.4912109375,0.5028101205825806,0.9110780954360962,1.069817066192627,1.2638871669769287,0.4364060461521148,9.254425048828123,1.6893655061721802,0.0048146480694413
x1wjdvt9,2G,pgfm_2g,implicit,20,370032640.0,1066.61767578125,300.4951171875,0.4943000972270965,0.9101203083992004,1.0694763660430908,1.270849108695984,0.4312832653522491,9.384342193603516,1.669036030769348,0.004281816072762
x1wjdvt9,2G,pgfm_2g,implicit,20,380026880.0,1044.947509765625,297.654296875,0.4964150190353393,0.9224544167518616,1.0853643417358398,1.2877634763717651,0.4391039907932281,9.425739288330078,1.6478605270385742,0.0043745134025812
x1wjdvt9,2G,pgfm_2g,implicit,20,390021120.0,1072.11669921875,302.23046875,0.4973046481609344,0.8994980454444885,1.0613020658493042,1.2660324573516846,0.4316698908805847,9.409379959106444,1.636145830154419,0.0043447744101285
x1wjdvt9,2G,pgfm_2g,implicit,20,400015360.0,1083.734375,304.4921875,0.5224786996841431,0.9188591241836548,1.0830680131912231,1.2835638523101809,0.4354680776596069,9.462656021118164,1.6257930994033811,0.0043120398186147
x1wjdvt9,2G,pgfm_2g,implicit,20,410009600.0,1113.5732421875,308.6220703125,0.5048192739486694,0.9034401774406432,1.066823959350586,1.2738574743270874,0.4327586889266968,9.774625778198242,1.6146286725997925,0.0041292952373623
x1wjdvt9,2G,pgfm_2g,implicit,20,420003840.0,1141.15478515625,313.9501953125,0.4915026724338531,0.8929658532142639,1.0579872131347656,1.2624155282974243,0.4313043355941772,9.431513786315918,1.5996925830841064,0.0038391354028135
x1wjdvt9,2G,pgfm_2g,implicit,20,430080000.0,1157.573486328125,320.8046875,0.5192831158638,0.8905138969421387,1.0527801513671875,1.2523609399795532,0.4289092123508453,9.567771911621094,1.6213786602020264,0.0036553165409713
x1wjdvt9,2G,pgfm_2g,implicit,20,440074240.0,1216.774658203125,335.2451171875,0.5059221982955933,0.8899044394493103,1.052613377571106,1.2460654973983765,0.4245694875717163,9.717097282409668,1.6012804508209229,0.0032120733521878
x1wjdvt9,2G,pgfm_2g,implicit,20,450068480.0,1244.7435302734375,340.064453125,0.511464536190033,0.8992457985877991,1.0591450929641724,1.2588098049163818,0.4272217154502868,9.85593605041504,1.5894596576690674,0.0032018590718507
x1wjdvt9,2G,pgfm_2g,implicit,20,460062720.0,1269.8653564453125,345.12109375,0.5000685453414917,0.9094439148902892,1.077232837677002,1.2967654466629028,0.4346082508563995,9.867376327514648,1.573959469795227,0.002996671712026
x1wjdvt9,2G,pgfm_2g,implicit,20,470056960.0,1277.828125,350.1298828125,0.5022042989730835,0.9050087928771972,1.0711522102355957,1.281811237335205,0.4360517859458923,10.033336639404297,1.61725115776062,0.0029315440915524
x1wjdvt9,2G,pgfm_2g,implicit,20,480051200.0,1300.6507568359375,355.326171875,0.4966746866703033,0.896952211856842,1.0716845989227295,1.2900387048721311,0.4305857717990875,9.985462188720703,1.5975193977355957,0.0027110106311738
x1wjdvt9,2G,pgfm_2g,implicit,20,490045440.0,1328.063720703125,358.2958984375,0.4862176179885864,0.8885751962661743,1.062855839729309,1.2749468088150024,0.4284610748291015,9.988286972045898,1.5570827722549438,0.0026669295039027
x1wjdvt9,2G,pgfm_2g,implicit,20,500039680.0,1345.788818359375,360.2880859375,0.493264377117157,0.8957929611206055,1.0754125118255615,1.2968580722808838,0.4349092245101928,9.541166305541992,1.5461798906326294,0.0026426212862133
x1wjdvt9,2G,pgfm_2g,implicit,20,510033920.0,1398.07177734375,369.0185546875,0.4615910351276397,0.8786929249763489,1.0525232553482056,1.27189838886261,0.4287645518779754,10.085251808166504,1.550100803375244,0.0024013717193156
x1wjdvt9,2G,pgfm_2g,implicit,20,520028160.0,1385.27978515625,368.794921875,0.4735040366649627,0.8917700052261353,1.0612835884094238,1.273097038269043,0.4302157759666443,9.933772087097168,1.562952995300293,0.002402170561254
x1wjdvt9,2G,pgfm_2g,implicit,20,530022400.0,1334.411865234375,356.38671875,0.4651439189910888,0.862318217754364,1.032444715499878,1.245000243186951,0.4303856790065765,9.967999458312988,1.5532233715057373,0.0028100996278226
x1wjdvt9,2G,pgfm_2g,implicit,20,540016640.0,1346.530517578125,356.5732421875,0.4884319901466369,0.8849117755889893,1.0644338130950928,1.2866568565368652,0.4256888926029205,10.050161361694336,1.5141959190368652,0.0028064888902008
x1wjdvt9,2G,pgfm_2g,implicit,20,550010880.0,1350.917236328125,361.5986328125,0.4684348702430725,0.8878449201583862,1.0622398853302002,1.2797428369522097,0.4366590678691864,9.89722728729248,1.5305578708648682,0.0026111195329576
x1wjdvt9,2G,pgfm_2g,implicit,20,560005120.0,1406.8221435546875,367.958984375,0.4656938314437866,0.8619252443313599,1.0354819297790527,1.2552223205566406,0.4348278045654297,10.341222763061523,1.502485275268555,0.002517077839002
x1wjdvt9,2G,pgfm_2g,implicit,20,570081280.0,1414.7880859375,372.5234375,0.4720089733600616,0.8614172339439392,1.0367181301116943,1.2586612701416016,0.4312248229980469,10.401569366455078,1.5592749118804932,0.0022276286035776
x1wjdvt9,2G,pgfm_2g,implicit,20,580075520.0,1394.743896484375,371.78125,0.4777095317840576,0.8643866777420044,1.0389987230300903,1.2560852766036987,0.4328935146331787,10.526042938232422,1.5762321949005127,0.0023040266241878
x1wjdvt9,2G,pgfm_2g,implicit,20,590069760.0,1470.939208984375,384.7392578125,0.4605633914470672,0.8555352687835693,1.0298264026641846,1.2491366863250732,0.4278469979763031,10.686830520629885,1.5514788627624512,0.0018044405151158
x1wjdvt9,2G,pgfm_2g,implicit,20,600064000.0,1416.0745849609375,373.3876953125,0.4744228720664978,0.8600684404373169,1.0355968475341797,1.2539312839508057,0.430834025144577,10.401312828063965,1.571489930152893,0.0024363975971937
x1wjdvt9,2G,pgfm_2g,implicit,20,610058240.0,1485.948974609375,383.83203125,0.4487209320068359,0.8666836023330688,1.0390801429748535,1.2546119689941406,0.4288428127765655,10.425817489624023,1.5110068321228027,0.0019625148270279
x1wjdvt9,2G,pgfm_2g,implicit,20,620052480.0,1471.0943603515625,384.775390625,0.4578575491905212,0.8686034083366394,1.048287868499756,1.2657972574234009,0.4357703328132629,10.455154418945312,1.5581728219985962,0.0018309832084923
x1wjdvt9,2G,pgfm_2g,implicit,20,630046720.0,1485.509033203125,385.12109375,0.4423389434814453,0.8593266010284424,1.0322705507278442,1.2485599517822266,0.4337215423583984,10.47504425048828,1.5250279903411863,0.0018804369028657
x1wjdvt9,2G,pgfm_2g,implicit,20,640040960.0,1482.0263671875,387.2509765625,0.462389200925827,0.855982780456543,1.0332518815994265,1.2621909379959106,0.436039388179779,10.395246505737305,1.5665686130523682,0.0017552329227328
x1wjdvt9,2G,pgfm_2g,implicit,20,650035200.0,1522.7073974609375,393.0,0.4438484907150268,0.841353178024292,1.0214451551437378,1.2624599933624268,0.4302151799201965,10.859260559082031,1.5112707614898682,0.0015847824979573
x1wjdvt9,2G,pgfm_2g,implicit,20,660029440.0,1452.3466796875,378.78125,0.4602969884872436,0.8716943264007568,1.062386155128479,1.3021435737609863,0.4428147673606872,10.926855087280272,1.5679116249084473,0.0019892491400241
x1wjdvt9,2G,pgfm_2g,implicit,20,670023680.0,1486.9742431640625,384.2626953125,0.4510945677757263,0.8652614951133728,1.0503931045532229,1.278979778289795,0.4371630549430847,10.672933578491213,1.522668480873108,0.0019965781830251
x1wjdvt9,2G,pgfm_2g,implicit,20,680017920.0,1483.1326904296875,385.412109375,0.4679877758026123,0.8604714870452881,1.0426297187805176,1.267802357673645,0.4361736476421356,10.885738372802734,1.5526926517486572,0.0018174317665398
x1wjdvt9,2G,pgfm_2g,implicit,20,690012160.0,1492.711181640625,386.7119140625,0.4636813104152679,0.8600975275039673,1.0495713949203491,1.2847764492034912,0.4343612194061279,10.886627197265623,1.5560033321380615,0.001780763734132
x1wjdvt9,2G,pgfm_2g,implicit,20,700006400.0,1482.54052734375,384.630859375,0.461988627910614,0.8794683218002319,1.0677807331085205,1.3055217266082764,0.4364350140094757,10.801097869873049,1.559406280517578,0.0019417717121541
x1wjdvt9,2G,pgfm_2g,implicit,20,710000640.0,1459.4150390625,379.7412109375,0.4469346702098846,0.8358241319656372,1.022738695144653,1.2599107027053833,0.4387337565422058,10.853353500366213,1.59198260307312,0.0021264324896037
x1wjdvt9,2G,pgfm_2g,implicit,20,720076800.0,1502.59375,391.1337890625,0.4532960653305053,0.8326343297958374,1.0197291374206543,1.257938027381897,0.4334875345230102,11.173795700073242,1.5938608646392822,0.0016495340969413
x1wjdvt9,2G,pgfm_2g,implicit,20,730071040.0,1473.287109375,382.63671875,0.4476385116577148,0.8345681428909302,1.0111615657806396,1.23399019241333,0.4331879019737243,11.022550582885742,1.5436391830444336,0.001879439339973
x1wjdvt9,2G,pgfm_2g,implicit,20,740065280.0,1525.3516845703125,394.150390625,0.4576893448829651,0.8241842985153198,0.9988445043563844,1.218174695968628,0.4213573038578033,11.197312355041504,1.541364669799805,0.0015280781080946
x1wjdvt9,2G,pgfm_2g,implicit,20,750059520.0,1499.80029296875,387.193359375,0.4648220539093017,0.8284377455711365,1.0044033527374268,1.220886468887329,0.4242049753665924,11.093311309814451,1.5293575525283811,0.0017477432265877
x1wjdvt9,2G,pgfm_2g,implicit,20,760053760.0,1515.811279296875,389.9912109375,0.4529727101325989,0.8442263007164001,1.022596836090088,1.2433067560195925,0.4329615533351898,11.087861061096191,1.5173574686050415,0.0016690597403794
x1wjdvt9,2G,pgfm_2g,implicit,20,770048000.0,1511.78466796875,386.49609375,0.455152302980423,0.828465461730957,1.0002676248550415,1.215599775314331,0.4244255423545837,10.975164413452148,1.499333381652832,0.0018318905495107
x1wjdvt9,2G,pgfm_2g,implicit,20,780042240.0,1551.3055419921875,396.375,0.4596270620822906,0.8280149698257446,1.0013309717178345,1.2158313989639282,0.4241379201412201,11.162069320678713,1.5334031581878662,0.0015168411191552
x1wjdvt9,2G,pgfm_2g,implicit,20,790036480.0,1569.3525390625,400.498046875,0.4447288811206817,0.8176870942115784,0.9955862760543824,1.2195138931274414,0.4184407591819763,11.482173919677734,1.503941535949707,0.0014041904360055
x1wjdvt9,2G,pgfm_2g,implicit,20,800030720.0,1534.789306640625,392.29296875,0.4517634510993957,0.830216646194458,1.0158004760742188,1.248222827911377,0.4224529266357422,11.297595024108888,1.5095874071121216,0.0016153529286384
x1wjdvt9,2G,pgfm_2g,implicit,20,810024960.0,1592.60986328125,403.7939453125,0.4451107382774353,0.8319400548934937,1.0184441804885864,1.2658594846725464,0.4223290979862213,11.100364685058594,1.4885417222976685,0.0012301125098019
x1wjdvt9,2G,pgfm_2g,implicit,20,820019200.0,1572.8736572265625,401.3134765625,0.4606702327728271,0.8463456034660339,1.0308679342269895,1.2689993381500244,0.427264004945755,11.358970642089844,1.5124932527542114,0.0012922841124236
x1wjdvt9,2G,pgfm_2g,implicit,20,830013440.0,1592.8641357421875,405.4873046875,0.4486885666847229,0.8442937731742859,1.0394099950790403,1.2927062511444092,0.4271733164787292,11.31431007385254,1.525445818901062,0.001179399434477
x1wjdvt9,2G,pgfm_2g,implicit,20,840007680.0,1554.56298828125,395.375,0.4581332504749298,0.8634713888168335,1.0533277988433838,1.2972204685211182,0.4323781728744507,11.362225532531738,1.506420612335205,0.0015332151670008
x1wjdvt9,2G,pgfm_2g,implicit,20,850001920.0,1563.4345703125,397.7177734375,0.4536953270435333,0.8722031116485596,1.061257243156433,1.296925663948059,0.4290910959243774,11.194609642028809,1.5182592868804932,0.0014470560709014
x1wjdvt9,2G,pgfm_2g,implicit,20,860078080.0,1553.0389404296875,396.5654296875,0.4501462280750274,0.842415988445282,1.030495524406433,1.27077054977417,0.4276097118854522,11.263322830200195,1.5264965295791626,0.0014703937340527
x1wjdvt9,2G,pgfm_2g,implicit,20,870072320.0,1573.81640625,397.3232421875,0.4438539147377014,0.8249642848968506,1.0093424320220947,1.2467081546783447,0.4250877201557159,11.716832160949709,1.4970773458480835,0.0014810794964432
x1wjdvt9,2G,pgfm_2g,implicit,20,880066560.0,1586.0830078125,399.8544921875,0.4499900341033935,0.8340839743614197,1.0113625526428225,1.2423880100250244,0.4237496256828308,11.511430740356444,1.4958665370941162,0.0013561110245063
x1wjdvt9,2G,pgfm_2g,implicit,20,890060800.0,1573.0654296875,400.076171875,0.4634431302547455,0.8447811603546143,1.0250279903411863,1.2602664232254028,0.4287386834621429,11.349907875061035,1.5411429405212402,0.0013870527036488
x1wjdvt9,2G,pgfm_2g,implicit,20,900055040.0,1567.78466796875,397.1318359375,0.4711629152297973,0.8435523509979248,1.023672342300415,1.2519235610961914,0.4232659041881561,11.487470626831056,1.5152987241744995,0.0014287058729678
x1wjdvt9,2G,pgfm_2g,implicit,20,910049280.0,1561.699951171875,397.4765625,0.4672401845455169,0.8369821310043335,1.023304462432861,1.259627342224121,0.4242185354232788,11.69311809539795,1.518990993499756,0.001373169478029
x1wjdvt9,2G,pgfm_2g,implicit,20,920043520.0,1597.893310546875,403.5537109375,0.4532219767570495,0.8372694253921509,1.0262925624847412,1.2715792655944824,0.4269274175167084,11.75844383239746,1.5003843307495115,0.0012279822258278
x1wjdvt9,2G,pgfm_2g,implicit,20,930037760.0,1543.880126953125,391.5166015625,0.4538276791572571,0.8398150205612183,1.0255422592163086,1.2665685415267944,0.4295060038566589,11.647706985473633,1.5340468883514404,0.0014811115106567
x1wjdvt9,2G,pgfm_2g,implicit,20,940032000.0,1576.288330078125,397.337890625,0.4614529013633728,0.8118568658828735,0.9934776425361632,1.2335891723632812,0.4204355776309967,11.531009674072266,1.5054500102996826,0.00137999211438
x1wjdvt9,2G,pgfm_2g,implicit,20,950026240.0,1549.2313232421875,392.0625,0.463454931974411,0.8192360997200012,1.0067050457000732,1.2510673999786377,0.419274628162384,11.488636016845703,1.4960598945617676,0.001648056320846
x1wjdvt9,2G,pgfm_2g,implicit,20,960020480.0,1512.061767578125,388.2548828125,0.4665137529373169,0.8088083863258362,0.9859724640846252,1.2145609855651855,0.4153034389019012,11.406511306762695,1.550059795379639,0.0016687335446476
x1wjdvt9,2G,pgfm_2g,implicit,20,970014720.0,1546.676025390625,392.6533203125,0.4641635417938232,0.8185824751853943,0.9947137832641602,1.2201917171478271,0.4195190370082855,11.716718673706056,1.5644277334213257,0.0015954124974086
x1wjdvt9,2G,pgfm_2g,implicit,20,980008960.0,1587.314208984375,399.7626953125,0.4588128328323364,0.818171501159668,0.997800588607788,1.235179424285889,0.4109756648540497,11.680353164672852,1.5154834985733032,0.001311563886702
x1wjdvt9,2G,pgfm_2g,implicit,20,990003200.0,1564.622314453125,396.05859375,0.4590380191802978,0.8131991028785706,0.9923919439315796,1.230711817741394,0.4144291579723358,11.66249179840088,1.4983747005462646,0.0014595658285543
x1wjdvt9,2G,pgfm_2g,implicit,20,1000079360.0,1548.4580078125,395.25390625,0.4780293703079223,0.8353670239448547,1.0208427906036377,1.258219838142395,0.4293197393417358,11.735584259033203,1.560110569000244,0.0014686246868222
x1wjdvt9,2G,pgfm_2g,implicit,20,1010073600.0,1574.661376953125,394.326171875,0.4575749039649963,0.8295689821243286,1.0076489448547363,1.2411378622055054,0.4191963374614715,11.491361618041992,1.4973318576812744,0.0014935075305402
x1wjdvt9,2G,pgfm_2g,implicit,20,1020067840.0,1550.955322265625,391.982421875,0.4706675410270691,0.819430947303772,0.9977481365203856,1.2317838668823242,0.4149896502494812,11.632135391235352,1.5174074172973633,0.0014768089167773
x1wjdvt9,2G,pgfm_2g,implicit,20,1030062080.0,1561.6749267578125,392.8271484375,0.4639255404472351,0.8302717208862305,1.005089521408081,1.2317883968353271,0.4253050684928894,11.78836441040039,1.5394799709320068,0.0015918795252218
x1wjdvt9,2G,pgfm_2g,implicit,20,1040056320.0,1576.968505859375,394.513671875,0.4516401886940002,0.8121649622917175,0.9962674975395204,1.2302186489105225,0.4118532240390777,11.997880935668944,1.4921705722808838,0.0015480003785341
x1wjdvt9,2G,pgfm_2g,implicit,20,1050050560.0,1583.5458984375,395.703125,0.4549435377120971,0.8205164074897766,0.9939027428627014,1.2182250022888184,0.4232032299041748,11.781238555908203,1.4761431217193604,0.0015452075749635
x1wjdvt9,2G,pgfm_2g,implicit,20,1060044800.0,1548.08740234375,390.16796875,0.4602988064289093,0.8165520429611206,0.9950790405273438,1.2364130020141602,0.4166078269481659,12.01665496826172,1.495004415512085,0.0017291565891355
x1wjdvt9,2G,pgfm_2g,implicit,20,1070039040.0,1585.1712646484375,396.92578125,0.4560433030128479,0.8136073350906372,0.9892120957374572,1.2184085845947266,0.4134932458400726,11.782350540161133,1.5025041103363037,0.001460813335143
x1wjdvt9,2G,pgfm_2g,implicit,20,1080033280.0,1557.544189453125,391.626953125,0.4690274894237518,0.8182154893875122,0.9950300455093384,1.2255675792694092,0.4165656566619873,12.022347450256348,1.5061668157577517,0.0015800276305526
x1wjdvt9,2G,pgfm_2g,implicit,20,1090027520.0,1546.4927978515625,391.220703125,0.4703490734100342,0.8117137551307678,0.9908416271209716,1.2264834642410278,0.4177292883396148,12.065472602844238,1.5404008626937866,0.0016179655212908
x1wjdvt9,2G,pgfm_2g,implicit,20,1100021760.0,1602.9779052734375,400.859375,0.4602854251861572,0.834326982498169,1.0087621212005615,1.2363773584365845,0.4150223433971405,11.78325080871582,1.4800716638565063,0.0013243067078292
x1wjdvt9,2G,pgfm_2g,implicit,20,1110016000.0,1581.069580078125,395.1923828125,0.4639818966388702,0.8325809240341187,1.015007257461548,1.2449697256088257,0.41494882106781,11.860215187072754,1.5001366138458252,0.0014936599181964
x1wjdvt9,2G,pgfm_2g,implicit,20,1120010240.0,1613.5093994140625,402.5263671875,0.4574588537216186,0.8193120956420898,1.0047907829284668,1.2430498600006104,0.4115442633628845,11.943010330200195,1.477864384651184,0.0013348942156881
x1wjdvt9,2G,pgfm_2g,implicit,20,1130004480.0,1621.9134521484375,402.9033203125,0.463211178779602,0.8223594427108765,1.001140594482422,1.2366222143173218,0.4104954302310943,11.780535697937012,1.4685139656066897,0.0012564624194055
x1wjdvt9,2G,pgfm_2g,implicit,20,1140080640.0,1603.981689453125,399.212890625,0.4526814222335815,0.7980554103851318,0.9777787923812866,1.2300289869308472,0.4090794622898102,11.996622085571287,1.4729681015014648,0.001420046435669
x1wjdvt9,2G,pgfm_2g,implicit,20,1150074880.0,1627.8466796875,404.6591796875,0.447685033082962,0.7952911853790283,0.9720879793167114,1.215283751487732,0.4132319390773773,12.13754940032959,1.467505693435669,0.0012112392578274
x1wjdvt9,2G,pgfm_2g,implicit,20,1160069120.0,1600.2615966796875,401.087890625,0.4571824371814728,0.8228602409362793,1.0027968883514404,1.2381601333618164,0.4185241162776947,11.802338600158691,1.4994271993637085,0.001349298399873
x1wjdvt9,2G,pgfm_2g,implicit,20,1170063360.0,1547.94140625,389.8515625,0.468991756439209,0.8177361488342285,0.9969930648803712,1.2367925643920898,0.4241792857646942,11.810455322265623,1.5147839784622192,0.0015845759771764
x1wjdvt9,2G,pgfm_2g,implicit,20,1180057600.0,1602.293701171875,401.8623046875,0.4673113226890564,0.8239890336990356,1.005779504776001,1.2596877813339231,0.4188125431537628,11.898253440856934,1.4988558292388916,0.0012818139512091
x1wjdvt9,2G,pgfm_2g,implicit,20,1190051840.0,1653.05029296875,408.953125,0.4463649690151214,0.8073925971984863,0.9897371530532836,1.2304370403289795,0.410855084657669,12.109601974487305,1.449418067932129,0.0010977936908602
x1wjdvt9,2G,pgfm_2g,implicit,20,1200046080.0,1620.679931640625,402.1787109375,0.4475259482860565,0.8058592081069946,0.9833476543426514,1.2374275922775269,0.4135905504226684,11.91774559020996,1.4584239721298218,0.001242249389179
x1wjdvt9,2G,pgfm_2g,implicit,20,1210040320.0,1611.47021484375,400.291015625,0.4615650773048401,0.8152419924736023,0.9882056713104248,1.2250299453735352,0.4098614752292633,12.077818870544434,1.478259563446045,0.001297041773796
x1wjdvt9,2G,pgfm_2g,implicit,20,1220034560.0,1623.245361328125,402.412109375,0.4436412453651428,0.8017222881317139,0.9699662327766418,1.1999834775924685,0.4130685925483703,11.870890617370604,1.44325852394104,0.0012700255028903
x1wjdvt9,2G,pgfm_2g,implicit,20,1230028800.0,1630.747802734375,406.560546875,0.4623220264911651,0.7978156805038452,0.9653223752975464,1.1887708902359009,0.4090279042720794,12.09350299835205,1.4637113809585571,0.001156585291028
x1wjdvt9,2G,pgfm_2g,implicit,20,1240023040.0,1646.847900390625,408.017578125,0.4510365724563598,0.8145514130592346,0.985414981842041,1.2117853164672852,0.4127725660800934,11.859102249145508,1.470695734024048,0.0011014010524377
x1wjdvt9,2G,pgfm_2g,implicit,20,1250017280.0,1630.8802490234375,405.3681640625,0.4533609747886657,0.806087851524353,0.9790099859237672,1.2117727994918823,0.4141041934490204,12.07798194885254,1.4667514562606812,0.0011810458963736
x1wjdvt9,2G,pgfm_2g,implicit,20,1260011520.0,1671.704345703125,413.072265625,0.4364966750144958,0.8100776672363281,0.9931684732437134,1.240816950798035,0.4124054610729217,12.141691207885742,1.4496358633041382,0.0009189358679577
x1wjdvt9,2G,pgfm_2g,implicit,20,1270005760.0,1636.375,404.2001953125,0.4586875438690185,0.8230955600738525,1.0019428730010986,1.2487895488739014,0.4164860844612121,12.05389404296875,1.461073398590088,0.0011771370191127
x1wjdvt9,2G,pgfm_2g,implicit,20,1280000000.0,1658.0457763671875,409.958984375,0.4556007981300354,0.7975775003433228,0.97144216299057,1.2075573205947876,0.4069105088710785,11.816051483154297,1.4698140621185305,0.0010582560207694
x1wjdvt9,2G,pgfm_2g,implicit,20,1290076160.0,1636.166015625,405.310546875,0.4556517601013183,0.8118629455566406,0.985760509967804,1.2210650444030762,0.4089565277099609,12.010005950927734,1.4978206157684326,0.0011485256254673
x1wjdvt9,2G,pgfm_2g,implicit,20,1300070400.0,1645.7073974609375,406.7578125,0.4606286883354187,0.8188005685806274,0.9992018938064576,1.2402068376541138,0.4116473793983459,11.967368125915527,1.47206449508667,0.0011466671712696
x1wjdvt9,2G,pgfm_2g,implicit,20,1310064640.0,1627.8795166015625,405.8251953125,0.4665439128875732,0.8094525933265686,0.9818993806838988,1.2220945358276367,0.412504643201828,12.13157844543457,1.5085301399230957,0.0011739118490368
x1wjdvt9,2G,pgfm_2g,implicit,20,1320058880.0,1635.0712890625,404.3583984375,0.4583203792572021,0.8041654825210571,0.984807312488556,1.2340710163116455,0.4061689972877502,11.94433307647705,1.4743292331695557,0.0012157914461567
x1wjdvt9,2G,pgfm_2g,implicit,20,1330053120.0,1626.8297119140625,402.26171875,0.447559118270874,0.803483784198761,0.9783146977424622,1.218981385231018,0.4097361266613006,12.180249214172363,1.4933518171310425,0.0012753539485856
x1wjdvt9,2G,pgfm_2g,implicit,20,1340047360.0,1636.485595703125,404.3564453125,0.4633567035198211,0.8153409957885742,0.9850643277168274,1.2164348363876345,0.4078184068202972,12.2698974609375,1.4846529960632324,0.0011801086366176
x1wjdvt9,2G,pgfm_2g,implicit,20,1350041600.0,1609.067138671875,399.1943359375,0.4693786799907684,0.8047052621841431,0.9792779684066772,1.2140038013458252,0.4033637940883636,12.314712524414062,1.4764461517333984,0.0014290504623204
x1wjdvt9,2G,pgfm_2g,implicit,20,1360035840.0,1644.60400390625,406.1669921875,0.4677399098873138,0.8127943277359009,0.98778235912323,1.2359716892242432,0.4113800525665283,12.072985649108888,1.471697449684143,0.0011592567898333
x1wjdvt9,2G,pgfm_2g,implicit,20,1370030080.0,1640.6402587890625,404.892578125,0.4732419550418854,0.8203413486480713,0.9926154613494872,1.2207541465759275,0.4095388948917389,12.289012908935549,1.462942600250244,0.0011624090839177
x1wjdvt9,2G,pgfm_2g,implicit,20,1380024320.0,1659.19970703125,407.34765625,0.4628607034683227,0.808448851108551,0.9810458421707152,1.222070336341858,0.4083127081394195,12.45171070098877,1.4544346332550049,0.0010946625843644
x1wjdvt9,2G,pgfm_2g,implicit,20,1390018560.0,1670.192138671875,408.7412109375,0.4582057595252991,0.7941886186599731,0.9675281047821044,1.2165734767913818,0.4029671847820282,12.40907382965088,1.4284571409225464,0.0010667901951819
x1wjdvt9,2G,pgfm_2g,implicit,20,1400012800.0,1665.400390625,409.087890625,0.4354477822780609,0.7968149781227112,0.9696646928787231,1.2140666246414185,0.4063821136951446,12.343550682067873,1.4317022562026978,0.0010572450701147
x1wjdvt9,2G,pgfm_2g,implicit,20,1410007040.0,1663.052978515625,406.541015625,0.4475752711296081,0.8050925731658936,0.9788455367088318,1.2192201614379885,0.408236563205719,12.171018600463867,1.4328293800354004,0.0011250316165387
x1wjdvt9,2G,pgfm_2g,implicit,20,1420001280.0,1641.7113037109375,403.267578125,0.4632690548896789,0.8088306188583374,0.9821853637695312,1.224026799201965,0.4016333520412445,12.296103477478027,1.454575538635254,0.0012760502286255
x1wjdvt9,2G,pgfm_2g,implicit,20,1430077440.0,1653.62109375,406.8935546875,0.4737691879272461,0.8200948238372803,0.9979554414749146,1.243841528892517,0.4045503139495849,12.161054611206056,1.4614906311035156,0.0011634703259915
x1wjdvt9,2G,pgfm_2g,implicit,20,1440071680.0,1625.790283203125,400.033203125,0.4673637747764587,0.8215513825416565,0.999236524105072,1.247000217437744,0.410371333360672,12.483293533325195,1.4626905918121338,0.0013519375352188
x1wjdvt9,2G,pgfm_2g,implicit,20,1450065920.0,1658.77783203125,406.92578125,0.460124671459198,0.8429995775222778,1.0336353778839111,1.288633108139038,0.4156711399555206,12.26597785949707,1.440082550048828,0.0011731346603482
x1wjdvt9,2G,pgfm_2g,implicit,20,1460060160.0,1673.503173828125,409.9365234375,0.4386458098888397,0.8167120218276978,0.9953688383102416,1.2569881677627563,0.4090215265750885,12.40615463256836,1.428072214126587,0.0010777030838653
x1wjdvt9,2G,pgfm_2g,implicit,20,1470054400.0,1669.3160400390625,408.3349609375,0.4472212791442871,0.7976700067520142,0.9698465466499328,1.2159472703933716,0.4010999798774719,12.518028259277344,1.4118130207061768,0.0011484194546937
x1wjdvt9,2G,pgfm_2g,implicit,20,1480048640.0,1654.859619140625,406.0078125,0.4520049691200256,0.8047898411750793,0.985426425933838,1.2442975044250488,0.408409059047699,12.286937713623049,1.4343819618225098,0.0011466046562418
x1wjdvt9,2G,pgfm_2g,implicit,20,1490042880.0,1645.66650390625,404.478515625,0.4642882943153381,0.8091151118278503,0.9810903072357178,1.2294355630874634,0.4093549251556396,12.201374053955078,1.4340605735778809,0.0012376963859423
x1wjdvt9,2G,pgfm_2g,implicit,20,1500037120.0,1626.987060546875,400.34375,0.4753846228122711,0.8157800436019897,0.9955651760101318,1.251682996749878,0.4169045984745025,12.340742111206056,1.467287540435791,0.0014437781646847
x1wjdvt9,2G,pgfm_2g,implicit,20,1510031360.0,1631.68017578125,400.4755859375,0.4633783400058746,0.8186845779418945,0.9918559789657592,1.242268204689026,0.4145723581314087,12.235843658447266,1.4518394470214844,0.0013223917922005
x1wjdvt9,2G,pgfm_2g,implicit,20,1520025600.0,1649.59619140625,404.037109375,0.4612483382225036,0.8157638311386108,0.9957703351974488,1.2505320310592651,0.4102259278297424,12.550395965576172,1.4466791152954102,0.0011784425005316
x1wjdvt9,2G,pgfm_2g,implicit,20,1530019840.0,1649.275634765625,404.654296875,0.4675094187259674,0.806382954120636,0.9786843657493592,1.213804841041565,0.4053894281387329,12.31905746459961,1.4739770889282229,0.0012334337225183
x1wjdvt9,2G,pgfm_2g,implicit,20,1540014080.0,1612.56591796875,398.5595703125,0.475167453289032,0.7956838607788086,0.9687845706939696,1.2094523906707764,0.40801602602005,12.218154907226562,1.454333782196045,0.0013709578197449
x1wjdvt9,2G,pgfm_2g,implicit,20,1550008320.0,1609.198486328125,395.296875,0.4687469601631164,0.8090009689331055,0.9838546514511108,1.222839593887329,0.408040851354599,12.444791793823242,1.4423834085464478,0.001493570394814
x1wjdvt9,2G,pgfm_2g,implicit,20,1560002560.0,1635.212158203125,401.5732421875,0.4604997634887695,0.8200183510780334,0.9947136640548706,1.237803339958191,0.4104413986206054,12.04031753540039,1.446354866027832,0.0013736515538766
x1wjdvt9,2G,pgfm_2g,implicit,20,1570078720.0,1656.4913330078125,407.603515625,0.4570194482803345,0.8070985078811646,0.9795248508453368,1.218629002571106,0.4070185422897339,12.5090970993042,1.4508380889892578,0.0011067778104916
x1wjdvt9,2G,pgfm_2g,implicit,20,1580072960.0,1632.5928955078125,400.8583984375,0.4492878913879394,0.8015345931053162,0.9786815643310548,1.2287585735321045,0.3993895649909973,12.444694519042969,1.4586201906204224,0.0012909894576296
x1wjdvt9,2G,pgfm_2g,implicit,20,1590067200.0,1640.3310546875,401.9189453125,0.4667425751686096,0.8017426133155823,0.9723016619682312,1.215876817703247,0.4004278481006622,12.321196556091309,1.4815421104431152,0.0013088074047118
x1wjdvt9,2G,pgfm_2g,implicit,20,1600061440.0,1657.670166015625,405.3388671875,0.4606989622116089,0.8089764714241028,0.9705889225006104,1.193572759628296,0.403201699256897,12.61667251586914,1.4138379096984863,0.0011794177116826
x1wjdvt9,2G,pgfm_2g,implicit,20,1610055680.0,1656.35107421875,405.3505859375,0.4616584181785583,0.8011869192123413,0.9704334139823914,1.207455277442932,0.4069465100765228,12.202159881591797,1.451824188232422,0.0011394978500902
x1wjdvt9,2G,pgfm_2g,implicit,20,1620049920.0,1648.6322021484375,403.0771484375,0.4626005887985229,0.809335470199585,0.984143316745758,1.224762797355652,0.4076933562755584,12.442220687866213,1.4759231805801392,0.001331856008619
x1wjdvt9,2G,pgfm_2g,implicit,20,1630044160.0,1644.677734375,402.5439453125,0.4727214276790619,0.8122730851173401,0.9921214580535888,1.2396870851516724,0.4072031676769256,12.588342666625977,1.4554283618927002,0.0012558996677398
x1wjdvt9,2G,pgfm_2g,implicit,20,1640038400.0,1653.5631103515625,405.841796875,0.4754708707332611,0.8136358261108398,0.9921379089355468,1.2379683256149292,0.4060640335083008,12.494702339172363,1.4759738445281982,0.0011725145159289
x1wjdvt9,2G,pgfm_2g,implicit,20,1650032640.0,1629.4290771484375,401.7763671875,0.4837612807750702,0.8108842372894287,0.9879928827285768,1.2298213243484497,0.4076971709728241,12.557256698608398,1.4730172157287598,0.0012515203561633
x1wjdvt9,2G,pgfm_2g,implicit,20,1660026880.0,1658.076416015625,405.5615234375,0.4704870581626892,0.8133192658424377,0.9930362105369568,1.2400782108306885,0.4118720293045044,12.51197338104248,1.4534730911254885,0.0012297119246795
x1wjdvt9,2G,pgfm_2g,implicit,20,1670021120.0,1647.125,404.70703125,0.4600851535797119,0.8164240121841431,0.9977298974990844,1.25345778465271,0.4112425446510315,12.427785873413086,1.4686918258666992,0.0011916020885109
x1wjdvt9,2G,pgfm_2g,implicit,20,1680015360.0,1647.701416015625,402.6962890625,0.4666623473167419,0.8032006025314331,0.9745121002197266,1.2176446914672852,0.4061334133148193,12.464208602905272,1.4638352394104004,0.0012250462314113
x1wjdvt9,2G,pgfm_2g,implicit,20,1690009600.0,1640.1434326171875,403.447265625,0.4776560664176941,0.8130723237991333,0.988614559173584,1.241862654685974,0.4097132086753845,12.388221740722656,1.4801441431045532,0.0012647687690332
x1wjdvt9,2G,pgfm_2g,implicit,20,1700003840.0,1645.3594970703125,405.580078125,0.4736453294754028,0.8024645447731018,0.978123903274536,1.2318576574325562,0.4115239083766937,12.395299911499023,1.4738794565200806,0.0012291222810745
x1wjdvt9,2G,pgfm_2g,implicit,20,1710080000.0,1636.54638671875,402.0419921875,0.4704058766365051,0.7845793962478638,0.954330563545227,1.193290948867798,0.4049449861049652,12.45888328552246,1.470534086227417,0.0012672276934608
x1wjdvt9,2G,pgfm_2g,implicit,20,1720074240.0,1662.646484375,405.2841796875,0.4629225134849548,0.808258056640625,0.9869648218154908,1.240929126739502,0.4095336496829986,12.272730827331545,1.4495556354522705,0.0011377847986295
x1wjdvt9,2G,pgfm_2g,implicit,20,1730068480.0,1637.757568359375,402.486328125,0.4855895042419433,0.8255306482315063,1.0039231777191162,1.25789213180542,0.4092171788215637,12.338247299194336,1.4886553287506104,0.0012377251405268
x1wjdvt9,2G,pgfm_2g,implicit,20,1740062720.0,1640.766845703125,400.962890625,0.4801234602928161,0.8166493773460388,1.0009167194366455,1.2621982097625732,0.4051568806171417,12.40230941772461,1.4534547328948977,0.0013191581238061
x1wjdvt9,2G,pgfm_2g,implicit,20,1750056960.0,1644.30224609375,403.294921875,0.4882287979125976,0.8127262592315674,0.9897115230560304,1.2401912212371826,0.4051812887191772,12.35736846923828,1.4619673490524292,0.0012315667700022
x1wjdvt9,2G,pgfm_2g,implicit,20,1760051200.0,1678.881103515625,409.9248046875,0.4767804443836212,0.8086392879486084,0.9773291349411012,1.2206655740737915,0.4095591008663177,12.327648162841797,1.458472490310669,0.0010018174070864
x1wjdvt9,2G,pgfm_2g,implicit,20,1770045440.0,1676.5888671875,408.4423828125,0.4754601716995239,0.8055869340896606,0.979753851890564,1.2434450387954712,0.4051564931869507,12.629430770874023,1.4497020244598389,0.0010569245787337
x1wjdvt9,2G,pgfm_2g,implicit,20,1780039680.0,1679.88818359375,410.701171875,0.4750422239303589,0.8302501440048218,1.0122934579849243,1.2693036794662476,0.4087774753570556,12.386333465576172,1.4475737810134888,0.0010397110600024
x1wjdvt9,2G,pgfm_2g,implicit,20,1790033920.0,1677.133544921875,408.671875,0.4687225818634033,0.7996636033058167,0.9772863388061525,1.2435232400894165,0.4009875655174255,12.319350242614746,1.43451189994812,0.0011051318142563
x1wjdvt9,2G,pgfm_2g,implicit,20,1800028160.0,1667.037109375,406.8515625,0.482563853263855,0.8100049495697021,0.98647141456604,1.2391599416732788,0.3985238969326019,12.370112419128418,1.4258191585540771,0.0011222036555409
x1wjdvt9,2G,pgfm_2g,implicit,20,1810022400.0,1653.252197265625,404.1376953125,0.4738508462905884,0.7987406849861145,0.9745426177978516,1.2344554662704468,0.3957048654556274,12.615510940551758,1.4518237113952637,0.0011684326454997
x1wjdvt9,2G,pgfm_2g,implicit,20,1820016640.0,1650.39208984375,400.76171875,0.4732301235198974,0.8017472624778748,0.9775131940841676,1.2292475700378418,0.4004221856594085,12.277567863464355,1.4413496255874634,0.001413882127963
x1wjdvt9,2G,pgfm_2g,implicit,20,1830010880.0,1677.494140625,408.8798828125,0.4748242497444153,0.7981394529342651,0.9693965315818788,1.216106653213501,0.4036758244037628,12.624152183532717,1.443394899368286,0.0011327932588756
x1wjdvt9,2G,pgfm_2g,implicit,20,1840005120.0,1668.8203125,405.537109375,0.4692361354827881,0.8044053912162781,0.9809766411781312,1.2346386909484863,0.4026676118373871,12.556653022766112,1.4350690841674805,0.0012684583198279
x1wjdvt9,2G,pgfm_2g,implicit,20,1850081280.0,1673.0634765625,407.220703125,0.4595763087272644,0.7898443341255188,0.958159327507019,1.204013109207153,0.4008753001689911,12.64141082763672,1.4334170818328855,0.0011053045745939
x1wjdvt9,2G,pgfm_2g,implicit,20,1860075520.0,1652.791015625,402.64453125,0.4607507586479187,0.7890884280204773,0.9664298295974731,1.2270992994308472,0.4085595905780792,12.439250946044922,1.4449529647827148,0.0012391541386023
x1wjdvt9,2G,pgfm_2g,implicit,20,1870069760.0,1674.914794921875,408.0546875,0.4558066725730896,0.8060795664787292,0.983716368675232,1.2500901222229004,0.406608521938324,12.486702919006348,1.429185390472412,0.0010698054684326
x1wjdvt9,2G,pgfm_2g,implicit,20,1880064000.0,1680.786376953125,407.8759765625,0.454848051071167,0.8078182935714722,0.9843720197677612,1.260873794555664,0.407030701637268,12.34645938873291,1.43597674369812,0.0010943089146167
x1wjdvt9,2G,pgfm_2g,implicit,20,1890058240.0,1684.2724609375,409.6494140625,0.4578781127929687,0.8197281360626221,0.997623324394226,1.2444045543670654,0.4089702367782593,12.358427047729492,1.4331917762756348,0.0010725342435762
x1wjdvt9,2G,pgfm_2g,implicit,20,1900052480.0,1689.973388671875,410.8251953125,0.4588810205459595,0.810630202293396,0.9917662143707277,1.2541273832321167,0.4040011763572693,12.310985565185549,1.4129523038864136,0.0010385089553892
x1wjdvt9,2G,pgfm_2g,implicit,20,1910046720.0,1695.0157470703125,411.8720703125,0.4580894708633423,0.8122826814651489,0.9913128018379213,1.2452651262283323,0.4005537033081054,12.516940116882324,1.43359112739563,0.0010217088274657
x1wjdvt9,2G,pgfm_2g,implicit,20,1920040960.0,1705.301513671875,414.8701171875,0.4697787761688232,0.8172735571861267,0.994130313396454,1.2442724704742432,0.4046127498149872,12.469505310058594,1.4351060390472412,0.0009387839236296
x1wjdvt9,2G,pgfm_2g,implicit,20,1930035200.0,1698.275390625,413.6728515625,0.46541827917099,0.8108022809028625,0.9867687225341796,1.2380164861679075,0.4030415415763855,12.758536338806152,1.4223203659057615,0.0009233980672433
x1wjdvt9,2G,pgfm_2g,implicit,20,1940029440.0,1700.192138671875,413.3212890625,0.4656335711479187,0.8183746933937073,0.9917162656784058,1.244246482849121,0.4100774526596069,12.811187744140623,1.4461528062820437,0.0009584495564922
x1wjdvt9,2G,pgfm_2g,implicit,20,1950023680.0,1666.049560546875,406.17578125,0.470161885023117,0.8227737545967102,0.9992353320121764,1.2592840194702148,0.4108130633831024,12.49504566192627,1.4339549541473389,0.0011257459409534
x1wjdvt9,2G,pgfm_2g,implicit,20,1960017920.0,1698.525146484375,411.69140625,0.4670276045799255,0.8051716089248657,0.9819415807724,1.2432326078414917,0.4044438302516937,12.653779029846191,1.4315272569656372,0.0009889425709843
x1wjdvt9,2G,pgfm_2g,implicit,20,1970012160.0,1686.0372314453125,410.2958984375,0.468689501285553,0.8160998225212097,0.988832712173462,1.2340534925460815,0.3967788219451904,12.64971160888672,1.4428483247756958,0.0010295116808265
x1wjdvt9,2G,pgfm_2g,implicit,20,1980006400.0,1700.986083984375,413.1904296875,0.465969979763031,0.8115684390068054,0.9853590726852416,1.2402830123901367,0.3999802470207214,12.73588752746582,1.426807522773743,0.0009626628016121
x1wjdvt9,2G,pgfm_2g,implicit,20,1990000640.0,1720.718017578125,416.70703125,0.4593090415000915,0.8020429015159607,0.9819086194038392,1.2545993328094482,0.3963652551174164,12.676586151123049,1.4129924774169922,0.0008759829215705
x1wjdvt9,2G,pgfm_2g,implicit,20,2000076800.0,1712.02734375,414.52734375,0.4686731398105621,0.806857705116272,0.9792040586471558,1.2394537925720217,0.3955600559711456,12.645992279052734,1.4185242652893066,0.0009178082691505
cgs8q5gj,600M,pgfm_600m,implicit,10,10076160.0,580.2741088867188,223.0537109375,0.4415368735790252,0.6635360717773438,0.7807377576828003,0.9422609806060792,0.6053738594055176,4.817269325256348,2.6483683586120605,0.0119491256773471
cgs8q5gj,600M,pgfm_600m,implicit,10,20070400.0,630.348388671875,225.48046875,0.53840172290802,0.6437757611274719,0.768426239490509,0.9467523097991944,0.5357740521430969,5.478202819824219,2.536181926727295,0.0109835900366306
cgs8q5gj,600M,pgfm_600m,implicit,10,30064640.0,577.7862548828125,206.9404296875,0.596505880355835,0.6719131469726562,0.8010746240615845,0.9800891876220704,0.4806992411613464,6.251095771789551,2.5381999015808105,0.0110589507967233
cgs8q5gj,600M,pgfm_600m,implicit,10,40058880.0,517.9505004882812,182.0927734375,0.6036126613616943,0.7118869423866272,0.847626805305481,1.0242019891738892,0.4616868495941162,6.297771453857422,2.3119850158691406,0.0116055365651845
cgs8q5gj,600M,pgfm_600m,implicit,10,50053120.0,602.8572998046875,218.455078125,0.651189923286438,0.7331181764602661,0.8654873967170715,1.030441164970398,0.4585322439670563,6.374983310699463,2.530138731002808,0.0091214012354612
cgs8q5gj,600M,pgfm_600m,implicit,10,60047360.0,561.393798828125,209.4501953125,0.7287695407867432,0.7577465176582336,0.9107816219329834,1.104963779449463,0.4516404867172241,6.722028255462647,2.5850796699523926,0.0092273354530334
cgs8q5gj,600M,pgfm_600m,implicit,10,70041600.0,703.06982421875,245.830078125,0.5743210315704346,0.7914000749588013,0.9455718398094176,1.13525652885437,0.4624685645103454,6.524358749389648,2.455845832824707,0.0075160358101129
cgs8q5gj,600M,pgfm_600m,implicit,10,80035840.0,706.4034423828125,241.765625,0.5772703886032104,0.8245566487312317,0.97788268327713,1.1637980937957764,0.4609371423721313,6.900812149047852,2.373063564300537,0.0078032244928181
cgs8q5gj,600M,pgfm_600m,implicit,10,90030080.0,780.10302734375,265.669921875,0.5602673888206482,0.8104861378669739,0.9595544934272766,1.144671082496643,0.4574590921401977,7.057467460632324,2.362138271331787,0.0066670626401901
cgs8q5gj,600M,pgfm_600m,implicit,10,100024320.0,774.3948364257812,264.7939453125,0.5912988185882568,0.8195275664329529,0.9672846794128418,1.1598306894302368,0.4575860798358917,7.184887886047363,2.3010518550872803,0.006890753749758
cgs8q5gj,600M,pgfm_600m,implicit,10,110018560.0,795.5762939453125,271.3251953125,0.5376441478729248,0.8564590811729431,1.0167851448059082,1.2299580574035645,0.4546389281749725,7.2658491134643555,2.2688093185424805,0.0063676694408059
cgs8q5gj,600M,pgfm_600m,implicit,10,120012800.0,852.8643798828125,274.9833984375,0.5137688517570496,0.8527918457984924,1.007219314575195,1.2057636976242063,0.4366608560085296,7.320242881774902,2.1593708992004395,0.00612623244524
cgs8q5gj,600M,pgfm_600m,implicit,10,130007040.0,863.9118041992188,275.0693359375,0.5053088068962097,0.8669235110282898,1.022982835769653,1.2225817441940308,0.4302596151828766,7.597811698913574,2.062556266784668,0.0060505382716655
cgs8q5gj,600M,pgfm_600m,implicit,10,140001280.0,835.453857421875,276.4794921875,0.5243567228317261,0.866775631904602,1.029989242553711,1.2391258478164673,0.4235514104366302,8.045296669006348,2.209585189819336,0.0056772753596305
cgs8q5gj,600M,pgfm_600m,implicit,10,150077440.0,876.505126953125,281.8427734375,0.5021358132362366,0.8678046464920044,1.0332401990890503,1.2373414039611816,0.4270648062229156,8.043365478515625,2.1479923725128174,0.0051602656021714
cgs8q5gj,600M,pgfm_600m,implicit,10,160071680.0,910.2843627929688,282.193359375,0.4922453761100769,0.8734620213508606,1.043999195098877,1.2559279203414917,0.4218912720680237,8.108424186706543,1.9798206090927124,0.0051425453275442
cgs8q5gj,600M,pgfm_600m,implicit,10,170065920.0,940.2242431640624,282.873046875,0.4785686135292053,0.8601680994033813,1.0190069675445557,1.215465068817139,0.4199978113174438,8.339361190795898,1.9435012340545652,0.005142486654222
cgs8q5gj,600M,pgfm_600m,implicit,10,180060160.0,973.2994384765624,286.609375,0.462708830833435,0.83519446849823,0.992445945739746,1.1952943801879885,0.4103347957134247,8.508479118347168,1.864019513130188,0.0051584970206022
cgs8q5gj,600M,pgfm_600m,implicit,10,190054400.0,1024.826416015625,299.861328125,0.4515963196754455,0.8377243280410767,0.9974156618118286,1.2001099586486816,0.4115511476993561,8.547470092773438,1.8197410106658936,0.0044677499681711
cgs8q5gj,600M,pgfm_600m,implicit,10,200048640.0,1049.7064208984375,300.1123046875,0.4159263968467712,0.8401722311973572,0.9982774257659912,1.1933588981628418,0.4073056578636169,8.838191032409668,1.7296428680419922,0.0043657193891704
cgs8q5gj,600M,pgfm_600m,implicit,10,210042880.0,1005.5628662109376,288.5244140625,0.447405993938446,0.8456025719642639,1.0042601823806765,1.1952989101409912,0.4110372960567474,8.784821510314941,1.7227354049682615,0.0050993799231946
cgs8q5gj,600M,pgfm_600m,implicit,10,220037120.0,1088.697021484375,304.654296875,0.4402585029602051,0.8434886336326599,0.9910240173339844,1.173279047012329,0.4213148057460785,8.86361312866211,1.7040188312530518,0.0041046827100217
cgs8q5gj,600M,pgfm_600m,implicit,10,230031360.0,1093.4024658203125,305.859375,0.4451765716075897,0.8453419208526611,1.0013799667358398,1.1833785772323608,0.4202997982501983,8.984474182128906,1.6820228099822998,0.0041478741914033
cgs8q5gj,600M,pgfm_600m,implicit,10,240025600.0,1129.68310546875,313.5869140625,0.4773446321487427,0.8559125065803528,1.011953830718994,1.1959595680236816,0.4226413667201996,9.2245454788208,1.719829797744751,0.0038259129505604
cgs8q5gj,600M,pgfm_600m,implicit,10,250019840.0,1131.96533203125,312.1748046875,0.4733106791973114,0.8612089157104492,1.0127382278442385,1.1965807676315308,0.4331416487693786,9.100605010986328,1.6452524662017822,0.0039181425236165
cgs8q5gj,600M,pgfm_600m,implicit,10,260014080.0,1220.6329345703125,332.001953125,0.5094910264015198,0.8459424376487732,0.9979792833328248,1.1867328882217407,0.4289053976535797,9.495084762573242,1.636873483657837,0.0032757432200014
cgs8q5gj,600M,pgfm_600m,implicit,10,270008320.0,1222.738525390625,331.4130859375,0.5043361186981201,0.8400988578796387,0.99162358045578,1.1771336793899536,0.419470727443695,9.346494674682615,1.571396827697754,0.0032601966522634
cgs8q5gj,600M,pgfm_600m,implicit,10,280002560.0,1335.109619140625,356.08984375,0.4966961741447449,0.8304610252380371,0.9911606907844543,1.1912070512771606,0.4224106073379516,9.31682586669922,1.5761995315551758,0.0027370862662792
cgs8q5gj,600M,pgfm_600m,implicit,10,290078720.0,1387.4786376953125,364.26953125,0.4739612340927124,0.8265688419342041,0.9801706075668336,1.176938772201538,0.4216497838497162,9.617949485778809,1.5240943431854248,0.0026268986985087
cgs8q5gj,600M,pgfm_600m,implicit,10,300072960.0,1433.5087890625,374.3515625,0.4703807830810547,0.8318834900856018,0.9940334558486938,1.1934330463409424,0.4262185394763946,9.85805892944336,1.5319056510925293,0.0022678920067846
cgs8q5gj,600M,pgfm_600m,implicit,10,310067200.0,1485.9439697265625,381.9130859375,0.4659933745861053,0.8219489455223083,0.973572075366974,1.1654314994812012,0.4244959056377411,10.008503913879396,1.481696367263794,0.0020583495497703
cgs8q5gj,600M,pgfm_600m,implicit,10,320061440.0,1458.99169921875,375.197265625,0.4560481905937195,0.8263474106788635,0.9884026050567628,1.1920173168182373,0.4240541458129883,9.73393440246582,1.480224370956421,0.0022087693214416
cgs8q5gj,600M,pgfm_600m,implicit,10,330055680.0,1463.983642578125,376.65234375,0.4592417776584625,0.8177080154418945,0.9814260005950928,1.1913212537765503,0.4155264496803283,10.03018569946289,1.5016822814941406,0.0020888904109597
cgs8q5gj,600M,pgfm_600m,implicit,10,340049920.0,1486.530029296875,378.9931640625,0.4476653337478637,0.8149791359901428,0.9746397733688354,1.1796669960021973,0.415336549282074,10.031705856323242,1.4750242233276367,0.0019385800696909
cgs8q5gj,600M,pgfm_600m,implicit,10,350044160.0,1541.6285400390625,389.5458984375,0.4714202284812927,0.8289541006088257,0.996901273727417,1.2117904424667358,0.4177108108997345,10.065979957580566,1.4554245471954346,0.0017230728408321
cgs8q5gj,600M,pgfm_600m,implicit,10,360038400.0,1567.5577392578125,393.7734375,0.4422299861907959,0.7974992990493774,0.9600800275802612,1.167380928993225,0.4104150533676147,10.470202445983888,1.4527485370635986,0.0016000017058104
cgs8q5gj,600M,pgfm_600m,implicit,10,370032640.0,1568.348388671875,395.2353515625,0.4511651396751404,0.7999643087387085,0.9615578651428224,1.172935128211975,0.4131435751914978,10.691112518310549,1.4407166242599487,0.001512608025223
cgs8q5gj,600M,pgfm_600m,implicit,10,380026880.0,1574.7000732421875,393.2431640625,0.4589952826499939,0.7995336651802063,0.961083173751831,1.1671440601348877,0.4078913927078247,10.675460815429688,1.441469430923462,0.0015467749908566
cgs8q5gj,600M,pgfm_600m,implicit,10,390021120.0,1628.308349609375,401.98828125,0.463508129119873,0.800964891910553,0.96484112739563,1.1767405271530151,0.404977411031723,10.883237838745115,1.4038677215576172,0.0013366232160478
cgs8q5gj,600M,pgfm_600m,implicit,10,400015360.0,1642.004638671875,407.7001953125,0.4602939784526825,0.8136341571807861,0.9813985228538512,1.1985957622528076,0.4102685451507568,10.823206901550291,1.4065712690353394,0.0011180147994309
cgs8q5gj,600M,pgfm_600m,implicit,10,410009600.0,1638.23974609375,403.5009765625,0.4611130952835083,0.8041515946388245,0.9693722724914552,1.179128885269165,0.4140120148658752,10.863140106201172,1.4176466464996338,0.0012607923708856
cgs8q5gj,600M,pgfm_600m,implicit,10,420003840.0,1653.7724609375,406.697265625,0.4466685354709625,0.7977660894393921,0.9622026681900024,1.1776418685913086,0.4120319783687591,10.747408866882324,1.4054830074310305,0.0012074171099811
cgs8q5gj,600M,pgfm_600m,implicit,10,430080000.0,1650.4434814453125,402.4453125,0.4471393823623657,0.7922972440719604,0.9511063098907472,1.158091425895691,0.4133769571781158,11.171526908874512,1.3932057619094849,0.0012828673934563
cgs8q5gj,600M,pgfm_600m,implicit,10,440074240.0,1676.5185546875,408.87109375,0.4447414875030517,0.7918895483016968,0.9531724452972412,1.16981840133667,0.4083965122699737,10.9783353805542,1.4045003652572632,0.0011382735101506
cgs8q5gj,600M,pgfm_600m,implicit,10,450068480.0,1685.29296875,411.96484375,0.4535121023654938,0.7892240285873413,0.959502935409546,1.1851099729537964,0.4029035568237304,11.008060455322266,1.4112861156463623,0.0010127404239028
cgs8q5gj,600M,pgfm_600m,implicit,10,460062720.0,1715.8369140625,420.4560546875,0.4427603483200073,0.8053848147392273,0.967853546142578,1.181405544281006,0.4117002487182617,11.01774787902832,1.3894948959350586,0.000691779423505
cgs8q5gj,600M,pgfm_600m,implicit,10,470056960.0,1711.805908203125,416.75,0.4563093781471252,0.7879274487495422,0.9522937536239624,1.1751247644424438,0.4035062193870544,11.30388069152832,1.4228651523590088,0.0008901258697733
cgs8q5gj,600M,pgfm_600m,implicit,10,480051200.0,1701.904296875,414.4658203125,0.4555242657661438,0.7783418297767639,0.9522262811660768,1.1837458610534668,0.4039056897163391,11.531305313110352,1.3967461585998535,0.0009384777513332
cgs8q5gj,600M,pgfm_600m,implicit,10,490045440.0,1720.648681640625,416.4814453125,0.4496465027332306,0.8031089305877686,0.9761165380477904,1.2121613025665283,0.413288950920105,11.65334129333496,1.3876307010650637,0.0008981347782537
cgs8q5gj,600M,pgfm_600m,implicit,10,500039680.0,1710.80322265625,412.9580078125,0.4428334832191467,0.7898539900779724,0.949533462524414,1.1723682880401611,0.4135678112506866,11.360748291015623,1.372330904006958,0.0009719069348648
cgs8q5gj,600M,pgfm_600m,implicit,10,510033920.0,1739.8115234375,420.5546875,0.4502185583114624,0.7875692844390869,0.947173237800598,1.1712859869003296,0.4068184792995453,11.68758487701416,1.3512128591537476,0.000706311664544
cgs8q5gj,600M,pgfm_600m,implicit,10,520028160.0,1751.891357421875,421.412109375,0.4373776316642761,0.7747617959976196,0.939429521560669,1.1631903648376465,0.4047800302505493,11.423344612121582,1.351082444190979,0.0007128334254957
cgs8q5gj,600M,pgfm_600m,implicit,10,530022400.0,1755.653564453125,421.28125,0.4330694079399109,0.7843690514564514,0.953657567501068,1.1919467449188232,0.4094053208827972,11.528627395629885,1.3470888137817385,0.0007235764060169
cgs8q5gj,600M,pgfm_600m,implicit,10,540016640.0,1743.51708984375,418.5478515625,0.460777223110199,0.7877755761146545,0.9523658752441406,1.1851454973220823,0.4082206189632416,11.780983924865724,1.367822289466858,0.0008104548905976
cgs8q5gj,600M,pgfm_600m,implicit,10,550010880.0,1766.028076171875,423.9326171875,0.4630279541015625,0.799146294593811,0.9677114486694336,1.2138073444366455,0.4136049449443817,11.51785659790039,1.3622575998306274,0.0006599280168302
cgs8q5gj,600M,pgfm_600m,implicit,10,560005120.0,1755.096435546875,421.91796875,0.4605695605278015,0.7909027934074402,0.9597839117050172,1.1929203271865845,0.4098885059356689,11.992265701293944,1.367780685424805,0.0007360248710028
cgs8q5gj,600M,pgfm_600m,implicit,10,570081280.0,1754.9130859375,420.154296875,0.4663876295089721,0.7843329906463623,0.9481295347213744,1.1804875135421753,0.4083403050899505,11.970524787902832,1.368921995162964,0.000795206404291
cgs8q5gj,600M,pgfm_600m,implicit,10,580075520.0,1757.2999267578125,420.37890625,0.4535040259361267,0.7803655862808228,0.9431152939796448,1.1764699220657349,0.4110060930252075,11.99437141418457,1.346237063407898,0.0007592792971991
cgs8q5gj,600M,pgfm_600m,implicit,10,590069760.0,1753.4156494140625,419.3642578125,0.4636558592319488,0.7829453945159912,0.944149911403656,1.1791930198669434,0.4094477593898773,12.036266326904297,1.3670611381530762,0.0008230926468968
cgs8q5gj,600M,pgfm_600m,implicit,10,600064000.0,1753.2088623046875,419.25390625,0.4617536067962646,0.7829926609992981,0.9455399513244628,1.1802573204040527,0.4109542667865753,12.03679656982422,1.3683075904846191,0.0007984789554029
efc0z8fe,600M,pgfm_600m,implicit,0,10076160.0,639.695556640625,238.3330078125,0.5279744863510132,0.6760314702987671,0.7881563901901245,0.9409971833229064,0.5797196626663208,4.998070240020752,2.639413833618164,0.0086822481825947
efc0z8fe,600M,pgfm_600m,implicit,0,20070400.0,795.5201416015625,266.3681640625,0.4565280079841614,0.6941080689430237,0.822980523109436,0.996598482131958,0.5057784914970398,5.210887908935547,2.4025392532348637,0.0072402935475111
efc0z8fe,600M,pgfm_600m,implicit,0,30064640.0,871.4298095703125,272.4541015625,0.4118060171604156,0.6488713622093201,0.7580987215042114,0.8970669507980347,0.4658137857913971,6.286324977874756,2.143709182739258,0.0067279702052474
efc0z8fe,600M,pgfm_600m,implicit,0,40058880.0,934.0542602539062,285.830078125,0.4149315655231476,0.6546735763549805,0.7653602361679077,0.9042709469795228,0.4375649392604828,6.109048366546631,2.098299980163574,0.0057449359446763
efc0z8fe,600M,pgfm_600m,implicit,0,50053120.0,1036.20361328125,302.8857421875,0.4117301404476166,0.6656036376953125,0.7743936777114868,0.91349995136261,0.4217871725559234,6.485702991485596,1.9742395877838133,0.0046655470505356
efc0z8fe,600M,pgfm_600m,implicit,0,60047360.0,1172.5390625,332.5625,0.4341811537742615,0.6681286096572876,0.7954328656196594,0.9652132987976074,0.4202733337879181,7.280360698699951,1.9258683919906616,0.0033475940581411
efc0z8fe,600M,pgfm_600m,implicit,0,70041600.0,1324.526123046875,368.5224609375,0.4602464735507965,0.6801154017448425,0.8181982636451721,1.0021389722824097,0.421582967042923,7.576966285705566,1.9076138734817505,0.002219101646915
efc0z8fe,600M,pgfm_600m,implicit,0,80035840.0,1478.380859375,396.4931640625,0.4565569758415222,0.6772588491439819,0.8156630992889404,1.00831139087677,0.4167815446853637,8.115065574645996,1.7616395950317385,0.0014885046985
efc0z8fe,600M,pgfm_600m,implicit,0,90030080.0,1603.75830078125,411.6767578125,0.4589250683784485,0.6834588646888733,0.8257697820663452,1.039768099784851,0.4176059365272522,8.643762588500977,1.6058664321899414,0.0009518221486359
efc0z8fe,600M,pgfm_600m,implicit,0,100024320.0,1682.5745849609375,422.5,0.4433040022850036,0.6800370216369629,0.820601224899292,1.0361374616622925,0.4017367660999298,9.516521453857422,1.5173324346542358,0.0006636455655097
efc0z8fe,600M,pgfm_600m,implicit,0,110018560.0,1755.401611328125,430.9658203125,0.4264244437217712,0.6740660667419434,0.8122753500938416,1.0211443901062012,0.3918557465076446,10.35639190673828,1.4229750633239746,0.0004291268705856
efc0z8fe,600M,pgfm_600m,implicit,0,120012800.0,1798.8897705078125,435.935546875,0.4114786386489868,0.6621221303939819,0.7944418787956238,0.9805830121040344,0.3737407028675079,11.299177169799805,1.3899781703948977,0.0002984917373396
efc0z8fe,600M,pgfm_600m,implicit,0,130007040.0,1842.9869384765625,439.8779296875,0.4137623906135559,0.646470844745636,0.7752155065536499,0.95809143781662,0.3627697229385376,12.101019859313965,1.3586969375610352,0.0001803358172765
efc0z8fe,600M,pgfm_600m,implicit,0,140001280.0,1872.23974609375,441.8740234375,0.4034641087055206,0.643356204032898,0.7745828628540039,0.9570423364639282,0.3521937131881714,12.661721229553224,1.323696255683899,0.0001264619349967
efc0z8fe,600M,pgfm_600m,implicit,0,150077440.0,1876.14306640625,441.255859375,0.404042899608612,0.6392386555671692,0.7673965692520142,0.94532573223114,0.3498223423957824,13.096981048583984,1.311007022857666,0.0001311558298766
efc0z8fe,600M,pgfm_600m,implicit,0,160071680.0,1901.7847900390625,442.7939453125,0.4029418528079986,0.6475893259048462,0.7740226984024048,0.949598789215088,0.3428464233875274,13.632566452026367,1.2931115627288818,0.0001329597143922
efc0z8fe,600M,pgfm_600m,implicit,0,170065920.0,1908.52294921875,442.3193359375,0.3964548408985138,0.6467701196670532,0.7682996988296509,0.9347009658813475,0.3383868932723999,14.258384704589844,1.2758102416992188,0.0001506484404671
efc0z8fe,600M,pgfm_600m,implicit,0,180060160.0,1892.6114501953125,438.9697265625,0.4080407917499542,0.6457552313804626,0.7717161178588867,0.9455265402793884,0.3310190141201019,14.203472137451172,1.2888751029968262,0.0002298758627148
efc0z8fe,600M,pgfm_600m,implicit,0,190054400.0,1919.113525390625,443.2197265625,0.4052544832229614,0.6422705054283142,0.7663674354553223,0.9298375844955444,0.3247483372688293,14.65659523010254,1.2685083150863647,9.5582683570683e-05
efc0z8fe,600M,pgfm_600m,implicit,0,200048640.0,1898.553466796875,437.7744140625,0.4140074253082275,0.6421042680740356,0.7676478624343872,0.938835382461548,0.3199223279953003,15.124812126159668,1.2693264484405518,0.0002281623746966
efc0z8fe,600M,pgfm_600m,implicit,0,210042880.0,1915.5885009765625,439.9072265625,0.4095742702484131,0.6487771272659302,0.7726747989654541,0.9399994611740112,0.3184175491333008,15.339258193969728,1.2542083263397217,0.0001729524374241
efc0z8fe,600M,pgfm_600m,implicit,0,220037120.0,1938.65673828125,444.208984375,0.415626049041748,0.6521365642547607,0.7771507501602173,0.9410253763198853,0.3172281682491302,15.603336334228516,1.238497018814087,9.561691695125774e-05
efc0z8fe,600M,pgfm_600m,implicit,0,230031360.0,1938.26318359375,443.7548828125,0.4126887917518616,0.6561142206192017,0.7780914306640625,0.9377250075340272,0.3174982666969299,15.406984329223633,1.2449313402175903,8.310080011142418e-05
efc0z8fe,600M,pgfm_600m,implicit,0,240025600.0,1925.93212890625,440.1015625,0.4202683269977569,0.6677776575088501,0.7906571626663208,0.9548790454864502,0.315800279378891,16.082782745361328,1.2441511154174805,0.0001756934216246
efc0z8fe,600M,pgfm_600m,implicit,0,250019840.0,1922.2138671875,439.328125,0.4219242632389068,0.6775012016296387,0.8005039691925049,0.9648360013961792,0.3166623413562774,15.845989227294922,1.2469922304153442,0.000212430168176
efc0z8fe,600M,pgfm_600m,implicit,0,260014080.0,1940.4371337890625,442.34765625,0.4111641645431518,0.6716859936714172,0.7975950241088867,0.9625957012176514,0.3136292994022369,15.701187133789062,1.2201666831970217,0.0001478111371397
efc0z8fe,600M,pgfm_600m,implicit,0,270008320.0,1948.8167724609373,443.40234375,0.4078582525253296,0.6590251922607422,0.7793799638748169,0.9401400089263916,0.3042376041412353,16.220670700073242,1.2259111404418943,7.982110400917009e-05
efc0z8fe,600M,pgfm_600m,implicit,0,280002560.0,1956.2611083984373,443.94140625,0.4169333577156067,0.6666807532310486,0.7898898124694824,0.9534056186676024,0.3054750263690948,16.311901092529297,1.215822696685791,0.0001060666618286
efc0z8fe,600M,pgfm_600m,implicit,0,290078720.0,1949.577392578125,442.4970703125,0.4192114770412445,0.6769110560417175,0.797783613204956,0.9575613737106324,0.3071987330913543,16.36871337890625,1.222018837928772,0.000117757685075
efc0z8fe,600M,pgfm_600m,implicit,0,300072960.0,1956.5965576171875,444.1181640625,0.4296217560768127,0.6888178586959839,0.8114892244338989,0.9742420315742492,0.3093498647212982,16.18935203552246,1.2184494733810425,0.0001081119407899
efc0z8fe,600M,pgfm_600m,implicit,0,310067200.0,1957.2137451171875,444.787109375,0.4304842948913574,0.6963116526603699,0.8221625089645386,0.988036036491394,0.3082077503204345,16.807336807250977,1.2149224281311035,6.060145824449137e-05
efc0z8fe,600M,pgfm_600m,implicit,0,320061440.0,1958.21826171875,444.5283203125,0.4399139285087585,0.6871275305747986,0.8142417669296265,0.9831820726394652,0.3035730719566345,16.98531723022461,1.2134840488433838,6.132788257673383e-05
efc0z8fe,600M,pgfm_600m,implicit,0,330055680.0,1965.91064453125,444.822265625,0.4349069595336914,0.6882883906364441,0.8180918097496033,0.9905317425727844,0.3056243360042572,16.82900047302246,1.2086296081542969,5.268806853564456e-05
efc0z8fe,600M,pgfm_600m,implicit,0,340049920.0,1966.4078369140625,444.7744140625,0.4297725260257721,0.68488609790802,0.8108558654785156,0.9742814898490906,0.3014817237854004,17.146238327026367,1.1963194608688354,5.489681279868819e-05
efc0z8fe,600M,pgfm_600m,implicit,0,350044160.0,1975.587646484375,445.6962890625,0.431257963180542,0.6906286478042603,0.8181141018867493,0.985916256904602,0.3040401637554168,16.9130802154541,1.1893465518951416,2.4767987270024605e-05
efc0z8fe,600M,pgfm_600m,implicit,0,360038400.0,1969.566650390625,445.0517578125,0.4327594041824341,0.6862228512763977,0.8135867714881897,0.986415147781372,0.2973563373088836,17.139198303222656,1.1950185298919678,5.065456934971735e-05
efc0z8fe,600M,pgfm_600m,implicit,0,370032640.0,1971.8231201171875,445.3212890625,0.4374072849750519,0.6993751525878906,0.8322780728340149,1.0084595680236816,0.2983966171741485,17.578533172607422,1.195498824119568,6.39728968963027e-05
efc0z8fe,600M,pgfm_600m,implicit,0,380026880.0,1971.337158203125,444.703125,0.4335267543792724,0.6879627704620361,0.8176193237304688,0.9900341033935548,0.2905126512050628,17.33576202392578,1.199483871459961,5.117841647006571e-05
efc0z8fe,600M,pgfm_600m,implicit,0,390021120.0,1974.2183837890625,444.220703125,0.4341884255409241,0.6833419799804688,0.8115038871765137,0.9782305359840392,0.2942241430282593,17.40088653564453,1.1763839721679688,6.726395804435015e-05
efc0z8fe,600M,pgfm_600m,implicit,0,400015360.0,1980.0213623046875,445.75390625,0.4333117604255676,0.6897099614143372,0.8184115886688232,0.9844543933868408,0.2983017861843109,17.502092361450195,1.1844985485076904,2.623273030621931e-05
efc0z8fe,600M,pgfm_600m,implicit,0,410009600.0,1978.321044921875,445.5185546875,0.4346398711204529,0.7008827924728394,0.8325424194335938,1.0098382234573364,0.2961972057819366,17.45636749267578,1.1827375888824463,3.347649908391759e-05
efc0z8fe,600M,pgfm_600m,implicit,0,420003840.0,1979.4603271484373,445.2900390625,0.4426246881484985,0.6969574689865112,0.8274345993995667,1.002940654754639,0.2954300343990326,17.797149658203125,1.1915762424468994,3.60417107003741e-05
efc0z8fe,600M,pgfm_600m,implicit,0,430080000.0,1977.68798828125,445.310546875,0.459417462348938,0.7128874659538269,0.8455572128295898,1.0221666097640991,0.295996606349945,17.626419067382812,1.1832876205444336,4.051721043651924e-05
efc0z8fe,600M,pgfm_600m,implicit,0,440074240.0,1975.9407958984373,444.185546875,0.4665275514125824,0.7178761959075928,0.8527547717094421,1.0329008102416992,0.2957519888877868,17.680654525756836,1.1679480075836182,6.843398296041414e-05
efc0z8fe,600M,pgfm_600m,implicit,0,450068480.0,1984.369873046875,445.3251953125,0.4429572820663452,0.6963469386100769,0.8301359415054321,1.013563871383667,0.2926954627037048,17.9985294342041,1.1783757209777832,3.646106051746756e-05
efc0z8fe,600M,pgfm_600m,implicit,0,460062720.0,1985.81884765625,446.3984375,0.4510599374771118,0.7058757543563843,0.8377211689949036,1.0131947994232178,0.2928659915924072,17.73959732055664,1.1795077323913574,1.4085439943301026e-05
efc0z8fe,600M,pgfm_600m,implicit,0,470056960.0,1984.0986328125,445.720703125,0.4478560090065002,0.7000596523284912,0.8348397016525269,1.0149359703063965,0.2912641763687134,17.7904109954834,1.175920844078064,2.833380494848825e-05
efc0z8fe,600M,pgfm_600m,implicit,0,480051200.0,1986.609375,445.46875,0.4487989842891693,0.7095938324928284,0.8394695520401001,1.0180094242095947,0.2979437112808227,17.497543334960938,1.159935712814331,3.2550175092183053e-05
efc0z8fe,600M,pgfm_600m,implicit,0,490045440.0,1992.67138671875,446.1884765625,0.4507477879524231,0.7166074514389038,0.8502391576766968,1.0324915647506714,0.2933704853057861,17.948129653930664,1.1666905879974363,1.820699071686249e-05
efc0z8fe,600M,pgfm_600m,implicit,0,500039680.0,1992.0068359375,446.1806640625,0.4534716308116913,0.7201324701309204,0.8566359281539917,1.0347797870635986,0.2952100932598114,18.030048370361328,1.164565920829773,2.0813437004107985e-05
efc0z8fe,600M,pgfm_600m,implicit,0,510033920.0,1988.9417724609373,445.5771484375,0.4561164379119873,0.7064615488052368,0.8374192714691162,1.010183572769165,0.2859516739845276,18.34206199645996,1.1635966300964355,5.464846617542207e-05
efc0z8fe,600M,pgfm_600m,implicit,0,520028160.0,1989.5963134765625,445.4951171875,0.4577463567256927,0.7152472138404846,0.8491847515106201,1.0263004302978516,0.2828827202320099,18.16166305541992,1.1688024997711182,2.597481034172233e-05
efc0z8fe,600M,pgfm_600m,implicit,0,530022400.0,1993.48388671875,446.595703125,0.443550556898117,0.6999339461326599,0.8293330669403076,1.0024173259735107,0.2819277942180633,18.71793365478516,1.1589218378067017,8.775417882134207e-06
efc0z8fe,600M,pgfm_600m,implicit,0,540016640.0,1996.748779296875,446.25,0.4489818811416626,0.7014801502227783,0.8335521221160889,1.0091946125030518,0.2813403606414795,18.5545654296875,1.1558798551559448,1.2401750609569716e-05
efc0z8fe,600M,pgfm_600m,implicit,0,550010880.0,2000.2183837890625,446.837890625,0.4558107256889343,0.7151027917861938,0.8523279428482056,1.0342897176742554,0.2832336127758026,18.30318832397461,1.1421459913253784,0.0
efc0z8fe,600M,pgfm_600m,implicit,0,560005120.0,1993.3538818359373,445.1474609375,0.458263635635376,0.7021450996398926,0.8390880227088928,1.0198163986206057,0.2795894145965576,18.42818832397461,1.1518954038619995,4.0414601244265214e-05
efc0z8fe,600M,pgfm_600m,implicit,0,570081280.0,1994.162109375,445.498046875,0.4621128141880035,0.7216588854789734,0.8561254143714905,1.0372774600982666,0.2834108173847198,18.192943572998047,1.160200834274292,3.700183151522651e-05
efc0z8fe,600M,pgfm_600m,implicit,0,580075520.0,1997.494384765625,446.2646484375,0.4532104432582855,0.7161765694618225,0.8512556552886963,1.0293327569961548,0.2819432318210602,18.75314140319824,1.1495764255523682,1.5630088455509394e-05
efc0z8fe,600M,pgfm_600m,implicit,0,590069760.0,2001.6165771484373,446.7509765625,0.4550848305225372,0.7152647376060486,0.8503930568695068,1.029340147972107,0.2799704074859619,18.97933959960937,1.1527408361434937,5.055809197074268e-06
efc0z8fe,600M,pgfm_600m,implicit,0,600064000.0,1999.728759765625,446.6044921875,0.4596852660179138,0.7136660814285278,0.8501558303833008,1.0326588153839111,0.2817203998565674,18.80970001220703,1.1498914957046509,6.958955964364577e-06
kwk401pl,600M,pgfm_600m,implicit,10,10076160.0,550.5927734375,214.8720703125,0.4921743869781494,0.6835724115371704,0.8045337200164795,0.9848042130470276,0.6051337122917175,4.455011367797852,2.641305923461914,0.0129966270178556
kwk401pl,600M,pgfm_600m,implicit,10,20070400.0,590.7613525390625,212.9580078125,0.5475621223449707,0.6374257802963257,0.7450599670410156,0.907093346118927,0.5146295428276062,5.760051727294922,2.553709983825684,0.0116641614586114
kwk401pl,600M,pgfm_600m,implicit,10,30064640.0,601.2564697265625,214.775390625,0.5667879581451416,0.6699779033660889,0.7878448963165283,0.9672764539718628,0.4750779271125793,6.207713127136231,2.541706323623657,0.0107737090438604
kwk401pl,600M,pgfm_600m,implicit,10,40058880.0,556.7980346679688,207.736328125,0.6646326780319214,0.724166214466095,0.8651272654533386,1.0527539253234863,0.463324636220932,6.477892875671387,2.583097457885742,0.010059155523777
kwk401pl,600M,pgfm_600m,implicit,10,50053120.0,537.634033203125,195.791015625,0.6188976764678955,0.7432290315628052,0.8856241703033447,1.061089038848877,0.4472979605197906,6.40852165222168,2.397733449935913,0.0102383997291326
kwk401pl,600M,pgfm_600m,implicit,10,60047360.0,646.8992919921875,233.919921875,0.5979087948799133,0.7584689855575562,0.9056128859519958,1.0831483602523804,0.4364998042583465,6.24718713760376,2.498521327972412,0.0084356535226106
kwk401pl,600M,pgfm_600m,implicit,10,70041600.0,734.3653564453125,247.8603515625,0.5775982737541199,0.7732733488082886,0.9107625484466552,1.0813486576080322,0.4287243783473968,6.484666347503662,2.396547317504883,0.0078332452103495
kwk401pl,600M,pgfm_600m,implicit,10,80035840.0,723.9495849609375,254.66796875,0.5543777346611023,0.7854391932487488,0.9241316318511964,1.0982462167739868,0.4355599284172058,7.03542947769165,2.3821730613708496,0.0074038989841938
kwk401pl,600M,pgfm_600m,implicit,10,90030080.0,750.4193115234375,253.1455078125,0.5255218148231506,0.7916172742843628,0.9325915575027466,1.1134426593780518,0.4383410513401031,7.215988159179687,2.245177745819092,0.0070879096165299
kwk401pl,600M,pgfm_600m,implicit,10,100024320.0,818.7440185546875,267.791015625,0.4989410042762756,0.8155550956726074,0.9594544768333436,1.1459150314331057,0.4298544824123382,7.183672904968262,2.2100634574890137,0.0063162501901388
kwk401pl,600M,pgfm_600m,implicit,10,110018560.0,793.1643676757812,262.0009765625,0.501970648765564,0.8145853877067566,0.9580361843109132,1.1443123817443848,0.4210241138935089,7.309430122375488,2.1652936935424805,0.0061188349500298
kwk401pl,600M,pgfm_600m,implicit,10,120012800.0,813.171142578125,264.4892578125,0.5073853731155396,0.8304718732833862,0.9774926900863647,1.1661659479141235,0.4208826720714569,7.660557746887207,2.1287283897399902,0.0065092388540506
kwk401pl,600M,pgfm_600m,implicit,10,130007040.0,830.0697021484375,266.7294921875,0.4995742440223694,0.823676586151123,0.9734145998954772,1.1664190292358398,0.4108974635601043,8.134062767028809,2.0848135948181152,0.0058930763043463
kwk401pl,600M,pgfm_600m,implicit,10,140001280.0,865.7837524414062,270.96875,0.4667159914970398,0.8184864521026611,0.969044864177704,1.1617422103881836,0.4124638438224792,8.221160888671875,1.9364967346191408,0.0060565629974007
kwk401pl,600M,pgfm_600m,implicit,10,150077440.0,895.5606689453125,275.5869140625,0.4531624913215637,0.8319598436355591,0.9757612943649292,1.1603164672851562,0.4094915986061096,8.522403717041016,1.86303186416626,0.0061470703221857
kwk401pl,600M,pgfm_600m,implicit,10,160071680.0,976.6820068359376,288.4248046875,0.4537856578826904,0.8262823820114136,0.9660608768463136,1.1550524234771729,0.4214536845684051,8.265168190002441,1.881675243377685,0.0050786491483449
kwk401pl,600M,pgfm_600m,implicit,10,170065920.0,979.2576293945312,286.591796875,0.4499429166316986,0.8160672187805176,0.9563987255096436,1.135271668434143,0.4233334362506866,8.782962799072266,1.843766927719116,0.0053077163174748
kwk401pl,600M,pgfm_600m,implicit,10,180060160.0,992.2330322265624,290.701171875,0.4495574235916137,0.826727032661438,0.9626964330673218,1.136060118675232,0.4266168773174286,8.737855911254883,1.840033769607544,0.0050112977623939
kwk401pl,600M,pgfm_600m,implicit,10,190054400.0,1025.197021484375,296.37109375,0.4585698246955871,0.8056084513664246,0.9426631927490234,1.1137845516204834,0.4142461717128753,8.830066680908203,1.7982275485992432,0.0047727478668093
kwk401pl,600M,pgfm_600m,implicit,10,200048640.0,1038.2816162109375,297.359375,0.4427462220191955,0.7941188216209412,0.922629714012146,1.0857877731323242,0.4199755787849426,8.842607498168945,1.734589695930481,0.0047469260171055
kwk401pl,600M,pgfm_600m,implicit,10,210042880.0,1036.761962890625,295.6884765625,0.4448906779289245,0.8078179359436035,0.9361064434051514,1.103526592254639,0.4299906194210052,8.688135147094727,1.7284526824951172,0.0046985438093543
kwk401pl,600M,pgfm_600m,implicit,10,220037120.0,1096.91162109375,308.5810546875,0.4314886033535003,0.8245334625244141,0.9609994888305664,1.1346091032028198,0.4334352314472198,9.113279342651367,1.6797549724578855,0.0042577814310789
kwk401pl,600M,pgfm_600m,implicit,10,230031360.0,1191.845458984375,327.40625,0.4311023950576782,0.7875500321388245,0.9170819520950316,1.0775086879730225,0.4191302061080932,9.171018600463867,1.65390944480896,0.0035126865841448
kwk401pl,600M,pgfm_600m,implicit,10,240025600.0,1221.807373046875,330.3671875,0.4440978169441223,0.8062934875488281,0.9355480670928956,1.103230595588684,0.4259418845176697,9.460758209228516,1.6267530918121338,0.0033985930494964
kwk401pl,600M,pgfm_600m,implicit,10,250019840.0,1264.4541015625,339.384765625,0.4495241045951843,0.8082793354988098,0.9418370127677916,1.116218328475952,0.4202977120876312,9.612394332885742,1.5808918476104736,0.0032542692497372
kwk401pl,600M,pgfm_600m,implicit,10,260014080.0,1374.0391845703125,363.478515625,0.4377776980400085,0.8122344017028809,0.948837399482727,1.124860405921936,0.4218093454837799,9.89781665802002,1.5284925699234009,0.0024602112825959
kwk401pl,600M,pgfm_600m,implicit,10,270008320.0,1397.2625732421875,366.60546875,0.4484181404113769,0.8114967942237854,0.9468196034431458,1.116604924201965,0.4191730618476867,9.693963050842283,1.5098426342010498,0.0024594538845121
kwk401pl,600M,pgfm_600m,implicit,10,280002560.0,1435.552978515625,374.00390625,0.4287550449371338,0.7982826828956604,0.9367648363113404,1.11336350440979,0.4209297001361847,9.489011764526367,1.4901247024536133,0.0023814132437109
kwk401pl,600M,pgfm_600m,implicit,10,290078720.0,1419.3348388671875,365.1826171875,0.4329861402511596,0.8002564907073975,0.9449637532234192,1.131175875663757,0.4152666330337524,10.370698928833008,1.4843943119049072,0.0025229542516171
kwk401pl,600M,pgfm_600m,implicit,10,300072960.0,1445.2919921875,373.4658203125,0.4465495347976684,0.7972326874732971,0.9432558417320251,1.1333754062652588,0.4178374111652374,9.997970581054688,1.535165309906006,0.0023103645071387
kwk401pl,600M,pgfm_600m,implicit,10,310067200.0,1535.394775390625,390.3564453125,0.4384646415710449,0.800388753414154,0.9498660564422609,1.1365561485290527,0.4210889339447021,10.017059326171877,1.471548080444336,0.001680911052972
kwk401pl,600M,pgfm_600m,implicit,10,320061440.0,1551.161865234375,394.8603515625,0.4370180964469909,0.8079727292060852,0.9593478441238404,1.1440433263778689,0.4187654256820678,10.478861808776855,1.4811890125274658,0.0016247967723757
kwk401pl,600M,pgfm_600m,implicit,10,330055680.0,1547.39453125,391.7890625,0.4392328262329101,0.800696849822998,0.9588781595230104,1.1535273790359497,0.4134615957736969,10.223072052001951,1.4771803617477417,0.0017337079625576
kwk401pl,600M,pgfm_600m,implicit,10,340049920.0,1552.9090576171875,393.005859375,0.4384506344795227,0.8123469352722168,0.9769959449768066,1.1867172718048096,0.414119690656662,10.447261810302734,1.460516095161438,0.0016842597397044
kwk401pl,600M,pgfm_600m,implicit,10,350044160.0,1585.4404296875,399.7744140625,0.4519225358963012,0.8142796754837036,0.975440502166748,1.1805530786514282,0.4165028929710388,10.287882804870604,1.4623723030090332,0.0014406605623662
kwk401pl,600M,pgfm_600m,implicit,10,360038400.0,1594.567138671875,399.4755859375,0.4438219666481018,0.8029311895370483,0.9715033769607544,1.1912506818771362,0.4166728854179382,10.642105102539062,1.4776991605758667,0.0014328643446788
kwk401pl,600M,pgfm_600m,implicit,10,370032640.0,1614.708251953125,403.8017578125,0.4412289261817932,0.7977474927902222,0.9577945470809937,1.1647846698760986,0.4141738712787628,10.420790672302246,1.4682037830352783,0.0012823625002056
kwk401pl,600M,pgfm_600m,implicit,10,380026880.0,1629.638671875,404.4296875,0.4343261122703552,0.7973213195800781,0.9664137959480286,1.1862130165100098,0.411415696144104,10.758338928222656,1.457540512084961,0.0012569389073178
kwk401pl,600M,pgfm_600m,implicit,10,390021120.0,1654.443359375,408.4267578125,0.4188042879104614,0.785140335559845,0.9452311992645264,1.1541588306427002,0.4082091152667999,11.13355541229248,1.4184448719024658,0.0011293371208012
kwk401pl,600M,pgfm_600m,implicit,10,400015360.0,1665.421630859375,410.4326171875,0.4207507967948913,0.7969875335693359,0.9591858386993408,1.172904133796692,0.4142743349075317,10.849393844604492,1.4084036350250244,0.0011462850961834
kwk401pl,600M,pgfm_600m,implicit,10,410009600.0,1664.684326171875,410.6240234375,0.4267522692680359,0.7929023504257202,0.952194094657898,1.1608747243881226,0.4120195806026459,11.02118682861328,1.4147512912750244,0.0011202073656022
kwk401pl,600M,pgfm_600m,implicit,10,420003840.0,1666.15478515625,408.4296875,0.442896693944931,0.7892313003540039,0.9505147337913512,1.1645299196243286,0.4102567732334137,11.035154342651367,1.4074243307113647,0.0011677714064717
kwk401pl,600M,pgfm_600m,implicit,10,430080000.0,1652.451904296875,407.75,0.4370068907737732,0.7818547487258911,0.941046416759491,1.156220316886902,0.4086129665374756,10.996248245239258,1.4348750114440918,0.0012038275599479
kwk401pl,600M,pgfm_600m,implicit,10,440074240.0,1670.00146484375,408.42578125,0.444673478603363,0.7683988809585571,0.9234944581985474,1.1374719142913818,0.4079854488372803,11.245840072631836,1.399927258491516,0.0011855867924168
kwk401pl,600M,pgfm_600m,implicit,10,450068480.0,1671.671142578125,411.7939453125,0.4500318169593811,0.7764722108840942,0.939110279083252,1.1585582494735718,0.4004169702529907,11.195598602294922,1.4238008260726929,0.0010979146463796
kwk401pl,600M,pgfm_600m,implicit,10,460062720.0,1686.00390625,412.5771484375,0.4374175071716308,0.761955738067627,0.923892378807068,1.1389060020446775,0.3974027633666992,11.425106048583984,1.412358045578003,0.0010019612964242
kwk401pl,600M,pgfm_600m,implicit,10,470056960.0,1708.54931640625,417.828125,0.4430936276912689,0.7713834047317505,0.9377832412719728,1.1633586883544922,0.403399646282196,11.36677074432373,1.407192587852478,0.0008972840150818
kwk401pl,600M,pgfm_600m,implicit,10,480051200.0,1681.699951171875,410.470703125,0.4424917101860046,0.7675025463104248,0.92853045463562,1.157798409461975,0.4055172204971313,11.479511260986328,1.3877958059310913,0.0010443265782669
kwk401pl,600M,pgfm_600m,implicit,10,490045440.0,1695.322998046875,412.033203125,0.4362064599990845,0.7646394968032837,0.9205741286277772,1.1399002075195312,0.4057323634624481,11.3879976272583,1.3765283823013306,0.0010079811327159
kwk401pl,600M,pgfm_600m,implicit,10,500039680.0,1727.1724853515625,417.833984375,0.440513551235199,0.7731421589851379,0.9336529970169068,1.15198016166687,0.404166579246521,11.570438385009766,1.381860852241516,0.0008080599363893
kwk401pl,600M,pgfm_600m,implicit,10,510033920.0,1743.8978271484375,421.9228515625,0.4440513849258423,0.7601763010025024,0.9167304039001464,1.1332108974456787,0.3988197743892669,11.95065212249756,1.4015841484069824,0.0007087116828188
kwk401pl,600M,pgfm_600m,implicit,10,520028160.0,1756.806640625,422.9931640625,0.4263272285461426,0.7687678337097168,0.927269458770752,1.1467714309692385,0.399266242980957,11.654754638671877,1.3628325462341309,0.0006746047874912
kwk401pl,600M,pgfm_600m,implicit,10,530022400.0,1739.10986328125,421.8046875,0.443721204996109,0.7723435759544373,0.9323223829269408,1.1583912372589111,0.4027987420558929,11.879730224609377,1.3868378400802612,0.000753222964704
kwk401pl,600M,pgfm_600m,implicit,10,540016640.0,1735.6444091796875,418.6875,0.4524755775928497,0.771041214466095,0.9269604682922364,1.1500697135925293,0.4010926783084869,11.833573341369627,1.3849635124206543,0.0008096877718344
kwk401pl,600M,pgfm_600m,implicit,10,550010880.0,1745.7734375,420.59375,0.4437308311462402,0.7733312249183655,0.9350475072860718,1.165053367614746,0.4016264975070953,11.99754810333252,1.376751184463501,0.0007934958557598
kwk401pl,600M,pgfm_600m,implicit,10,560005120.0,1763.830078125,423.509765625,0.4379392564296722,0.770334005355835,0.9332823753356934,1.1632513999938965,0.3983178436756134,11.593375205993652,1.359001636505127,0.0006731625762768
kwk401pl,600M,pgfm_600m,implicit,10,570081280.0,1774.4718017578125,424.6240234375,0.4381668269634247,0.7806464433670044,0.9406834840774536,1.1673269271850586,0.4022134244441986,11.555813789367676,1.3490653038024902,0.0006222748779691
kwk401pl,600M,pgfm_600m,implicit,10,580075520.0,1766.842529296875,423.7958984375,0.4507718384265899,0.7699486017227173,0.9261271953582764,1.1448891162872314,0.3985444605350494,11.721151351928713,1.3705796003341677,0.0006820597918704
kwk401pl,600M,pgfm_600m,implicit,10,590069760.0,1791.480224609375,426.9697265625,0.4488752484321594,0.7788572311401367,0.9376540780067444,1.153008222579956,0.4001264572143554,11.938648223876951,1.3453736305236816,0.0005686371587216
kwk401pl,600M,pgfm_600m,implicit,10,600064000.0,1775.4158935546875,423.8505859375,0.4361971020698547,0.7685829401016235,0.927199125289917,1.154515504837036,0.401025652885437,12.117512702941896,1.3509052991867063,0.0006613192381337
lxgp2zfn,600M,pgfm_600m,implicit,50,10076160.0,474.63677978515625,202.5498046875,0.5797978639602661,0.7062118053436279,0.8691428899765015,1.0668210983276367,0.5586065649986267,5.377706050872803,2.804150342941284,0.0116095943376421
lxgp2zfn,600M,pgfm_600m,implicit,50,20070400.0,521.198486328125,205.0029296875,0.5189143419265747,0.697726845741272,0.8407735824584961,1.0136038064956665,0.5243096351623535,5.647200107574463,2.5950734615325928,0.0110481847077608
lxgp2zfn,600M,pgfm_600m,implicit,50,30064640.0,590.3856201171875,220.7568359375,0.51214998960495,0.7154916524887085,0.8660106658935547,1.0644052028656006,0.525873064994812,5.753978729248047,2.537564754486084,0.0091278264299035
lxgp2zfn,600M,pgfm_600m,implicit,50,40058880.0,591.6149291992188,218.603515625,0.5218388438224792,0.7485314607620239,0.9045615196228028,1.106727123260498,0.5410456657409668,6.014706134796143,2.481297492980957,0.0091203935444355
lxgp2zfn,600M,pgfm_600m,implicit,50,50053120.0,567.050537109375,208.6044921875,0.4936127066612243,0.740481972694397,0.9017908573150636,1.106692910194397,0.5088779330253601,6.332150459289551,2.3884739875793457,0.0090613067150115
lxgp2zfn,600M,pgfm_600m,implicit,50,60047360.0,607.1339721679688,220.2177734375,0.5316506624221802,0.7672523260116577,0.9425013661384584,1.1676732301712036,0.5122519135475159,6.478948593139648,2.513383626937866,0.0082035008817911
lxgp2zfn,600M,pgfm_600m,implicit,50,70041600.0,631.1851806640625,228.3623046875,0.4862714409828186,0.772446870803833,0.9466465711593628,1.160124897956848,0.5039017200469971,6.358628273010254,2.4117989540100098,0.007883746176958
lxgp2zfn,600M,pgfm_600m,implicit,50,80035840.0,587.250732421875,215.900390625,0.4835949242115021,0.7971326112747192,0.9727940559387208,1.1782703399658203,0.4970576763153076,6.759896278381348,2.424387216567993,0.0078087942674756
lxgp2zfn,600M,pgfm_600m,implicit,50,90030080.0,615.228759765625,223.7890625,0.4764804244041443,0.7977039217948914,0.9700801968574524,1.1675212383270264,0.4935492575168609,6.824127197265625,2.419484615325928,0.0078272651880979
lxgp2zfn,600M,pgfm_600m,implicit,50,100024320.0,597.1732177734375,215.306640625,0.4698075950145721,0.8117832541465759,0.9774057865142822,1.1671712398529053,0.4856602549552917,7.181257247924805,2.403277635574341,0.0077588981948792
lxgp2zfn,600M,pgfm_600m,implicit,50,110018560.0,681.8413696289062,238.287109375,0.4596403241157532,0.7985082864761353,0.950660228729248,1.126563549041748,0.4677082300186157,6.989841461181641,2.4843759536743164,0.0066859908401966
lxgp2zfn,600M,pgfm_600m,implicit,50,120012800.0,684.64111328125,240.0927734375,0.4920874238014221,0.8269283175468445,0.9933820962905884,1.1912060976028442,0.4744981527328491,7.319837093353271,2.471127510070801,0.0068853846751153
lxgp2zfn,600M,pgfm_600m,implicit,50,130007040.0,666.548828125,232.8759765625,0.4716084897518158,0.8289305567741394,0.9964282512664796,1.1925171613693235,0.4719440042972564,7.442107677459717,2.424415111541748,0.0071050599217414
lxgp2zfn,600M,pgfm_600m,implicit,50,140001280.0,682.78759765625,239.1181640625,0.5140632390975952,0.8494828343391418,1.0252883434295654,1.2392354011535645,0.4792812764644623,7.477236270904541,2.511181116104126,0.0067588882520794
lxgp2zfn,600M,pgfm_600m,implicit,50,150077440.0,701.3718872070312,247.40625,0.5039660930633545,0.8557569980621338,1.03398597240448,1.2492377758026123,0.4800908863544464,7.548073291778564,2.530266761779785,0.0065358476713299
lxgp2zfn,600M,pgfm_600m,implicit,50,160071680.0,713.7587890625,252.875,0.5103502869606018,0.860558271408081,1.0367627143859863,1.2430568933486938,0.4755983352661133,7.6828107833862305,2.4719467163085938,0.0063924277201294
lxgp2zfn,600M,pgfm_600m,implicit,50,170065920.0,744.1268310546875,260.5908203125,0.4932600855827331,0.8726819753646851,1.0528345108032229,1.2607953548431396,0.4672203958034515,7.632007122039795,2.4806020259857178,0.0057709645479917
lxgp2zfn,600M,pgfm_600m,implicit,50,180060160.0,754.848388671875,261.5537109375,0.5371189713478088,0.8873138427734375,1.07611346244812,1.2975525856018066,0.4634647369384765,7.891148090362549,2.462277412414551,0.0058691692538559
lxgp2zfn,600M,pgfm_600m,implicit,50,190054400.0,771.0770263671875,269.9462890625,0.5463638305664062,0.9023411870002748,1.094992995262146,1.317928910255432,0.4701755940914154,8.0686674118042,2.5300216674804688,0.0055112736299633
lxgp2zfn,600M,pgfm_600m,implicit,50,200048640.0,759.92431640625,258.9892578125,0.5561270713806152,0.9100068807601928,1.117137432098389,1.367292881011963,0.4630736410617828,7.976466178894043,2.4410717487335205,0.0060512451454997
lxgp2zfn,600M,pgfm_600m,implicit,50,210042880.0,795.8822021484375,272.8115234375,0.5467418432235718,0.897068440914154,1.096977949142456,1.3377138376235962,0.4534874856472015,8.033491134643555,2.4377100467681885,0.0054503981955349
lxgp2zfn,600M,pgfm_600m,implicit,50,220037120.0,786.2786865234375,269.2509765625,0.5250810384750366,0.8942780494689941,1.09378981590271,1.3306615352630615,0.450076162815094,8.375179290771484,2.389540195465088,0.005624066106975
lxgp2zfn,600M,pgfm_600m,implicit,50,230031360.0,789.758056640625,266.693359375,0.5246044993400574,0.9209367036819458,1.1196300983428955,1.364010214805603,0.4605662822723388,8.022017478942871,2.379056453704834,0.0054649887606501
lxgp2zfn,600M,pgfm_600m,implicit,50,240025600.0,796.259033203125,269.9560546875,0.5483525991439819,0.93932443857193,1.146335482597351,1.3796039819717407,0.4616734385490417,7.8850789070129395,2.4313063621521,0.005468379240483
lxgp2zfn,600M,pgfm_600m,implicit,50,250019840.0,763.814453125,264.458984375,0.5456452965736389,0.9407755136489868,1.1533691883087158,1.4013091325759888,0.4600595831871032,8.21692180633545,2.44108510017395,0.0057646799832582
lxgp2zfn,600M,pgfm_600m,implicit,50,260014080.0,800.37841796875,275.87890625,0.5499192476272583,0.9546942710876464,1.1653964519500732,1.4282928705215454,0.4573083221912384,7.933347225189209,2.441902637481689,0.0054589621722698
lxgp2zfn,600M,pgfm_600m,implicit,50,270008320.0,795.5708618164062,270.693359375,0.5317082405090332,0.9477066397666932,1.1612412929534912,1.4302270412445068,0.4424620568752289,8.25381851196289,2.3908095359802246,0.0055102007463574
lxgp2zfn,600M,pgfm_600m,implicit,50,280002560.0,822.92919921875,277.5849609375,0.5171641707420349,0.9502806067466736,1.1720982789993286,1.4431568384170532,0.4411030411720276,8.084333419799805,2.373551845550537,0.0051002730615437
lxgp2zfn,600M,pgfm_600m,implicit,50,290078720.0,816.2364501953125,274.5166015625,0.5562055706977844,0.9715781211853028,1.2005451917648315,1.4784326553344729,0.4540224075317383,8.39940357208252,2.410656213760376,0.0051105357706546
lxgp2zfn,600M,pgfm_600m,implicit,50,300072960.0,817.562255859375,274.00390625,0.545291006565094,0.9691015481948853,1.1941051483154297,1.465034246444702,0.4519141316413879,8.147478103637695,2.340946674346924,0.0052653676830232
lxgp2zfn,600M,pgfm_600m,implicit,50,310067200.0,804.4439697265625,272.5107421875,0.5682768225669861,0.9895475506782532,1.21757173538208,1.4938664436340332,0.4561523795127868,8.09931755065918,2.3651223182678223,0.0053769657388329
lxgp2zfn,600M,pgfm_600m,implicit,50,320061440.0,794.0928955078125,274.568359375,0.588167667388916,0.9857016801834106,1.2171475887298584,1.503169059753418,0.459250807762146,8.068262100219727,2.4463160037994385,0.0050133913755416
lxgp2zfn,600M,pgfm_600m,implicit,50,330055680.0,801.3350830078125,274.3662109375,0.5499227046966553,0.9896481037139891,1.2249131202697754,1.513052225112915,0.4518203735351562,8.651119232177734,2.3857741355896,0.0049552829004824
lxgp2zfn,600M,pgfm_600m,implicit,50,340049920.0,789.0267944335938,266.203125,0.5575156211853027,0.9861535429954528,1.2216753959655762,1.515277862548828,0.4466615915298462,8.574361801147461,2.3134264945983887,0.005387507379055
lxgp2zfn,600M,pgfm_600m,implicit,50,350044160.0,817.905517578125,278.44140625,0.5750092267990112,1.0011240243911743,1.2415506839752195,1.5437417030334473,0.4534598886966705,8.450096130371094,2.3610739707946777,0.0049283225089311
lxgp2zfn,600M,pgfm_600m,implicit,50,360038400.0,790.996337890625,267.255859375,0.5641366839408875,0.9942622780799866,1.2410132884979248,1.5414485931396484,0.4405843913555145,8.270953178405762,2.331667184829712,0.0054044420830905
lxgp2zfn,600M,pgfm_600m,implicit,50,370032640.0,818.572021484375,274.5634765625,0.5816121697425842,1.019319772720337,1.2509715557098389,1.5157556533813477,0.4506241679191589,8.03076457977295,2.306967735290528,0.0051284562796354
lxgp2zfn,600M,pgfm_600m,implicit,50,380026880.0,806.5216674804688,271.0546875,0.5706130862236023,1.0329084396362305,1.2835599184036257,1.572425365447998,0.4602646231651306,8.428922653198242,2.269843339920044,0.0050978702493011
lxgp2zfn,600M,pgfm_600m,implicit,50,390021120.0,834.91162109375,276.9560546875,0.6097865700721741,1.0660580396652222,1.3376169204711914,1.6762473583221436,0.4703726172447204,8.483219146728516,2.325081825256348,0.0048684636130928
lxgp2zfn,600M,pgfm_600m,implicit,50,400015360.0,824.1038818359375,276.4326171875,0.5971059799194336,1.0595359802246094,1.3183391094207764,1.614259123802185,0.4776287972927093,8.123147964477539,2.2744274139404297,0.0052283005788922
lxgp2zfn,600M,pgfm_600m,implicit,50,410009600.0,818.142822265625,275.3740234375,0.6439434885978699,1.1053451299667358,1.3710265159606934,1.674839973449707,0.4896104633808136,8.237679481506348,2.3403263092041016,0.0050994828343391
lxgp2zfn,600M,pgfm_600m,implicit,50,420003840.0,821.7611083984375,275.8505859375,0.6151556968688965,1.103980541229248,1.3597841262817385,1.6435370445251465,0.4862363636493683,8.195383071899414,2.3192358016967773,0.0050703538581728
lxgp2zfn,600M,pgfm_600m,implicit,50,430080000.0,844.4976806640625,280.8134765625,0.6023282408714294,1.0823421478271484,1.349889039993286,1.657408595085144,0.4749411642551422,7.99503231048584,2.35571813583374,0.005022426135838
lxgp2zfn,600M,pgfm_600m,implicit,50,440074240.0,851.728515625,279.7138671875,0.639846682548523,1.089998483657837,1.3618292808532717,1.6849974393844604,0.4830151498317718,8.145055770874023,2.3064286708831787,0.0050812014378607
lxgp2zfn,600M,pgfm_600m,implicit,50,450068480.0,850.8277587890625,277.427734375,0.6324448585510254,1.099618434906006,1.3814401626586914,1.7659876346588137,0.4856399893760681,8.408303260803223,2.281801700592041,0.0049463901668787
lxgp2zfn,600M,pgfm_600m,implicit,50,460062720.0,865.8837280273438,285.9150390625,0.6299424171447754,1.0916790962219238,1.37601900100708,1.747323513031006,0.4878636300563812,8.140329360961914,2.294628143310547,0.0047459658235311
lxgp2zfn,600M,pgfm_600m,implicit,50,470056960.0,867.1939697265625,284.2333984375,0.6256948709487915,1.085876226425171,1.3681498765945437,1.7230383157730105,0.4831253886222839,8.370309829711914,2.2712650299072266,0.0048070969060063
lxgp2zfn,600M,pgfm_600m,implicit,50,480051200.0,858.757568359375,282.21875,0.6306676864624023,1.0843796730041504,1.3565895557403564,1.7179069519042969,0.4831091165542602,8.486778259277344,2.3277347087860107,0.0047361636534333
lxgp2zfn,600M,pgfm_600m,implicit,50,490045440.0,843.0079345703125,274.24609375,0.6671291589736938,1.1080859899520874,1.388736605644226,1.7558419704437256,0.4838027954101562,8.499320983886719,2.247144222259521,0.0050252089276909
lxgp2zfn,600M,pgfm_600m,implicit,50,500039680.0,845.9658813476562,281.1005859375,0.6329793930053711,1.1040819883346558,1.385167956352234,1.7453478574752808,0.4766068160533905,8.102441787719727,2.267565488815308,0.0047129411250352
lxgp2zfn,600M,pgfm_600m,implicit,50,510033920.0,820.6231689453125,272.2490234375,0.6913442015647888,1.0965546369552612,1.3753734827041626,1.7361639738082886,0.4805989563465118,8.116971969604492,2.280059099197388,0.004975002259016
lxgp2zfn,600M,pgfm_600m,implicit,50,520028160.0,850.195068359375,279.462890625,0.6608058214187622,1.079189419746399,1.3368279933929443,1.6633648872375488,0.4737211465835571,8.229827880859375,2.2730462551116943,0.0048409807495772
lxgp2zfn,600M,pgfm_600m,implicit,50,530022400.0,859.4443969726562,282.3046875,0.6634654402732849,1.0571496486663818,1.3187401294708252,1.664089918136597,0.464162141084671,7.824057579040527,2.332557678222656,0.0047806021757423
lxgp2zfn,600M,pgfm_600m,implicit,50,540016640.0,846.7555541992188,279.896484375,0.6801794767379761,1.0620107650756836,1.3271552324295044,1.6807106733322144,0.4594705402851105,8.272960662841797,2.2936325073242188,0.0045788586139678
lxgp2zfn,600M,pgfm_600m,implicit,50,550010880.0,884.6974487304688,289.6904296875,0.6870571374893188,1.0897666215896606,1.3682674169540403,1.736527442932129,0.4642244577407837,7.906437873840332,2.282479763031006,0.0043177055194973
lxgp2zfn,600M,pgfm_600m,implicit,50,560005120.0,888.960693359375,289.66796875,0.698766827583313,1.0927979946136477,1.3728853464126587,1.752577781677246,0.46135213971138,8.167540550231934,2.2971413135528564,0.0044244490563869
lxgp2zfn,600M,pgfm_600m,implicit,50,570081280.0,864.9942626953125,284.4169921875,0.6913552284240723,1.0860048532485962,1.3690779209136963,1.7560573816299438,0.4581894278526306,8.19686508178711,2.3101933002471924,0.0045507606118917
lxgp2zfn,600M,pgfm_600m,implicit,50,580075520.0,887.299560546875,288.9658203125,0.681900143623352,1.1059329509735107,1.400867938995361,1.804630994796753,0.461189329624176,7.979351997375488,2.2414097785949707,0.0044178110547363
lxgp2zfn,600M,pgfm_600m,implicit,50,590069760.0,884.9454345703125,287.068359375,0.6674288511276245,1.103060245513916,1.401201844215393,1.825035572052002,0.4671193659305572,8.273595809936523,2.2117223739624023,0.0045267203822731
lxgp2zfn,600M,pgfm_600m,implicit,50,600064000.0,850.0670166015625,283.49609375,0.7263671159744263,1.1233209371566772,1.407745361328125,1.7747009992599487,0.4692663848400116,8.025169372558594,2.3330743312835693,0.0046450109221041
yt776s6d,600M,pgfm_600m,implicit,20,10076160.0,536.1962890625,212.7119140625,0.4860571026802063,0.690311074256897,0.8144373893737793,0.9766284227371216,0.6043365001678467,5.206160068511963,2.802031278610229,0.0115334969013929
yt776s6d,600M,pgfm_600m,implicit,20,20070400.0,505.6911010742188,185.1025390625,0.5488052368164062,0.6860324144363403,0.7997546195983887,0.955275058746338,0.5268601179122925,6.054054260253906,2.434466361999512,0.0123265776783227
yt776s6d,600M,pgfm_600m,implicit,20,30064640.0,439.677001953125,158.0654296875,0.5940680503845215,0.7311117649078369,0.8611533641815186,1.0401818752288818,0.4883488118648529,7.160633087158203,2.352238655090332,0.0127685312181711
yt776s6d,600M,pgfm_600m,implicit,20,40058880.0,489.655029296875,178.1259765625,0.562616229057312,0.7334437966346741,0.8862917423248291,1.0840193033218384,0.4523929953575134,6.847670555114746,2.453319549560547,0.0107764508575201
yt776s6d,600M,pgfm_600m,implicit,20,50053120.0,562.111572265625,202.1591796875,0.5335198640823364,0.7380371689796448,0.8950983285903931,1.082909345626831,0.4485248923301697,6.982609748840332,2.40632438659668,0.0097736939787864
yt776s6d,600M,pgfm_600m,implicit,20,60047360.0,539.9718017578125,202.4130859375,0.5626409649848938,0.7659759521484375,0.9152991771697998,1.0875883102416992,0.4510244131088257,6.906425952911377,2.4314887523651123,0.0094015635550022
yt776s6d,600M,pgfm_600m,implicit,20,70041600.0,670.813720703125,238.6982421875,0.5341674089431763,0.7664165496826172,0.9077313542366028,1.076048731803894,0.4585060477256775,6.8598246574401855,2.4302711486816406,0.008243778720498
yt776s6d,600M,pgfm_600m,implicit,20,80035840.0,663.7971801757812,240.0625,0.5783741474151611,0.7977147102355957,0.940936803817749,1.118232488632202,0.4568555653095245,7.003803730010986,2.495436429977417,0.0079038860276341
yt776s6d,600M,pgfm_600m,implicit,20,90030080.0,691.4905395507812,247.125,0.5541120171546936,0.8109149932861328,0.9623838067054749,1.1542816162109375,0.4491771459579468,7.151017189025879,2.491384983062744,0.0072609051130712
yt776s6d,600M,pgfm_600m,implicit,20,100024320.0,738.005859375,249.8232421875,0.5276844501495361,0.7984459400177002,0.9480794668197632,1.132103681564331,0.4286699891090393,7.219493865966797,2.3717265129089355,0.0072086565196514
yt776s6d,600M,pgfm_600m,implicit,20,110018560.0,744.1981201171875,258.7578125,0.6116248965263367,0.8403269648551941,1.0052340030670166,1.208337903022766,0.4298411309719085,7.096457481384277,2.4198150634765625,0.0066614830866456
yt776s6d,600M,pgfm_600m,implicit,20,120012800.0,777.4224853515625,260.8408203125,0.5391917824745178,0.8450824618339539,1.001225233078003,1.199736475944519,0.422407865524292,7.378637313842773,2.265984058380127,0.0066986763849854
yt776s6d,600M,pgfm_600m,implicit,20,130007040.0,777.9764404296875,264.6240234375,0.5505998134613037,0.8661730289459229,1.0216832160949707,1.2088041305541992,0.4263052642345428,7.48637580871582,2.3363943099975586,0.0063748061656951
yt776s6d,600M,pgfm_600m,implicit,20,140001280.0,778.6495361328125,261.5078125,0.5213189125061035,0.8584550023078918,1.0110774040222168,1.2096405029296875,0.4247691035270691,7.411814212799072,2.2714314460754395,0.0063862772658467
yt776s6d,600M,pgfm_600m,implicit,20,150077440.0,812.0877685546875,266.38671875,0.5040553212165833,0.8748417496681213,1.03168785572052,1.2303391695022583,0.4213730692863464,7.640768527984619,2.23803973197937,0.006343109998852
yt776s6d,600M,pgfm_600m,implicit,20,160071680.0,849.9790649414062,276.734375,0.5066996812820435,0.8904855847358704,1.0561779737472534,1.272189736366272,0.4220238327980041,7.565304279327393,2.135293483734131,0.0057381251826882
yt776s6d,600M,pgfm_600m,implicit,20,170065920.0,839.504638671875,272.2724609375,0.5132982134819031,0.9056377410888672,1.0728561878204346,1.2958837747573853,0.4312787353992462,7.847909927368164,2.173478603363037,0.0062352423556149
yt776s6d,600M,pgfm_600m,implicit,20,180060160.0,804.2811889648438,263.51953125,0.519467830657959,0.9005306959152222,1.074660301208496,1.3104597330093384,0.426281064748764,7.892625331878662,2.15035343170166,0.0063211368396878
yt776s6d,600M,pgfm_600m,implicit,20,190054400.0,804.76318359375,264.0498046875,0.5238295793533325,0.9013647437095642,1.0707076787948608,1.2869597673416138,0.4200369715690613,8.086538314819336,2.1405348777771,0.0060542859137058
yt776s6d,600M,pgfm_600m,implicit,20,200048640.0,834.95654296875,266.484375,0.5150156617164612,0.8928387761116028,1.0486901998519895,1.2594125270843506,0.4127604961395263,8.474523544311523,2.040402412414551,0.0060898759402334
yt776s6d,600M,pgfm_600m,implicit,20,210042880.0,887.3961181640625,280.193359375,0.5166193246841431,0.9112157225608826,1.0821826457977295,1.309844732284546,0.4111548960208893,8.643735885620117,2.0488085746765137,0.0052116173319518
yt776s6d,600M,pgfm_600m,implicit,20,220037120.0,864.199951171875,276.39453125,0.5177372097969055,0.9152343273162842,1.0848453044891355,1.3041439056396484,0.4143025279045105,8.884965896606445,2.039628505706787,0.0055946512147784
yt776s6d,600M,pgfm_600m,implicit,20,230031360.0,922.9615478515624,284.6904296875,0.5123873353004456,0.9175342917442322,1.083607196807861,1.2890293598175049,0.4190109670162201,8.918746948242188,2.023832321166992,0.0050733182579278
yt776s6d,600M,pgfm_600m,implicit,20,240025600.0,896.8753662109375,279.220703125,0.5608400106430054,0.9303152561187744,1.0923521518707275,1.2992773056030271,0.424433022737503,9.234142303466797,1.9971349239349363,0.0055915126577019
yt776s6d,600M,pgfm_600m,implicit,20,250019840.0,914.3619384765624,285.3046875,0.5157730579376221,0.9234156012535096,1.0873091220855713,1.294288992881775,0.4254884123802185,9.31928253173828,1.9857969284057615,0.0050235334783792
yt776s6d,600M,pgfm_600m,implicit,20,260014080.0,954.9815673828124,289.9287109375,0.4903488457202911,0.9194967150688172,1.0840904712677002,1.2834410667419434,0.4259338974952698,9.121698379516602,1.891706705093384,0.004951530136168
yt776s6d,600M,pgfm_600m,implicit,20,270008320.0,942.8728637695312,284.205078125,0.4810689389705658,0.902601957321167,1.0567669868469238,1.2514435052871704,0.4278977215290069,9.073562622070312,1.8996487855911253,0.0050508445128798
yt776s6d,600M,pgfm_600m,implicit,20,280002560.0,993.0684814453124,296.15625,0.4692868292331695,0.9081727266311646,1.0626652240753174,1.2598259449005127,0.4327839314937591,8.98094654083252,1.8762104511260984,0.0045750103890895
yt776s6d,600M,pgfm_600m,implicit,20,290078720.0,1008.9068603515624,297.4453125,0.4868921041488647,0.9066932201385498,1.0649782419204712,1.2664861679077148,0.4333956837654114,9.227991104125977,1.816253662109375,0.0045512965880334
yt776s6d,600M,pgfm_600m,implicit,20,300072960.0,1027.9346923828125,302.4619140625,0.5006712675094604,0.9075846672058104,1.0619615316390991,1.2584633827209473,0.4305031597614288,8.961971282958984,1.8716990947723389,0.0042524170130491
yt776s6d,600M,pgfm_600m,implicit,20,310067200.0,998.1685180664062,293.8603515625,0.4932628571987152,0.9233975410461426,1.083954095840454,1.2879502773284912,0.440180629491806,8.79321575164795,1.82195258140564,0.0045732026919722
yt776s6d,600M,pgfm_600m,implicit,20,320061440.0,999.2171020507812,294.7841796875,0.5310089588165283,0.9243607521057128,1.077003002166748,1.2712962627410889,0.4367097616195678,9.2164306640625,1.7879726886749268,0.0045245182700455
yt776s6d,600M,pgfm_600m,implicit,20,330055680.0,1022.987548828125,294.8076171875,0.4668175876140594,0.9007343649864196,1.0572142601013184,1.2470250129699707,0.4178949296474457,9.457769393920898,1.7383326292037964,0.0046890317462384
yt776s6d,600M,pgfm_600m,implicit,20,340049920.0,1026.673828125,298.28515625,0.4983440339565277,0.9085425138473512,1.067269206047058,1.267390251159668,0.430768072605133,9.265889167785645,1.7545372247695925,0.0045120972208678
yt776s6d,600M,pgfm_600m,implicit,20,350044160.0,1042.6199951171875,299.958984375,0.484821081161499,0.902414083480835,1.0593204498291016,1.2556943893432615,0.42714923620224,9.212428092956545,1.7400593757629397,0.0043147206306457
yt776s6d,600M,pgfm_600m,implicit,20,360038400.0,1043.854736328125,301.3955078125,0.480144590139389,0.8990251421928406,1.0516480207443235,1.2383495569229126,0.4289720356464386,9.44753074645996,1.717260718345642,0.0043104356154799
yt776s6d,600M,pgfm_600m,implicit,20,370032640.0,1055.89208984375,300.7138671875,0.4978977143764496,0.920082151889801,1.0813193321228027,1.2793842554092407,0.4267160594463348,9.41884994506836,1.73429536819458,0.0042800782248377
yt776s6d,600M,pgfm_600m,implicit,20,380026880.0,1071.6397705078125,304.369140625,0.5218667984008789,0.9067641496658324,1.0659630298614502,1.2663449048995972,0.430952787399292,9.51456069946289,1.7208664417266846,0.004138009622693
yt776s6d,600M,pgfm_600m,implicit,20,390021120.0,1062.1435546875,305.4267578125,0.5204029679298401,0.9084774851799012,1.0663611888885498,1.2655789852142334,0.430700808763504,9.431145668029783,1.701498031616211,0.0042641512118279
yt776s6d,600M,pgfm_600m,implicit,20,400015360.0,1119.2545166015625,315.849609375,0.5083222389221191,0.9006281495094299,1.059655785560608,1.2583799362182615,0.4310871958732605,9.430397033691406,1.6942253112792969,0.0038156632799655
yt776s6d,600M,pgfm_600m,implicit,20,410009600.0,1108.4085693359375,306.8349609375,0.5158025026321411,0.905272662639618,1.0631914138793943,1.2587661743164062,0.4298030436038971,9.460505485534668,1.621260404586792,0.004090026486665
yt776s6d,600M,pgfm_600m,implicit,20,420003840.0,1143.890625,318.1494140625,0.5167427062988281,0.9130183458328248,1.066988825798035,1.2609440088272097,0.4352525472640991,9.679206848144531,1.64521324634552,0.0036882548592984
yt776s6d,600M,pgfm_600m,implicit,20,430080000.0,1174.7581787109375,324.8662109375,0.5219459533691406,0.9086943864822388,1.0617876052856443,1.256480693817139,0.4397161304950714,9.988388061523438,1.6388258934020996,0.0035822670906782
yt776s6d,600M,pgfm_600m,implicit,20,440074240.0,1188.36865234375,324.962890625,0.531125545501709,0.906208872795105,1.0613276958465576,1.252896785736084,0.4397971928119659,9.776546478271484,1.5961875915527344,0.0036272564902901
yt776s6d,600M,pgfm_600m,implicit,20,450068480.0,1196.2930908203125,330.5419921875,0.4976482689380646,0.8946266174316406,1.0460023880004885,1.2363569736480713,0.4382531940937042,9.79281997680664,1.5854027271270752,0.0034528237301856
yt776s6d,600M,pgfm_600m,implicit,20,460062720.0,1263.851318359375,344.662109375,0.4967754483222961,0.9080581665039062,1.0649466514587402,1.2671360969543457,0.4390825927257538,9.883224487304688,1.5889296531677246,0.0029027026612311
yt776s6d,600M,pgfm_600m,implicit,20,470056960.0,1222.705322265625,332.5673828125,0.509610652923584,0.9084325432777404,1.0668258666992188,1.2673248052597046,0.4402956664562225,9.651660919189451,1.561236023902893,0.0034907017834484
yt776s6d,600M,pgfm_600m,implicit,20,480051200.0,1241.654541015625,339.2900390625,0.5042418241500854,0.8986951112747192,1.0504757165908811,1.2449194192886353,0.4310184717178345,9.943499565124512,1.5653014183044434,0.0034923115745186
yt776s6d,600M,pgfm_600m,implicit,20,490045440.0,1281.942626953125,346.587890625,0.4895761013031006,0.8894537091255188,1.0477948188781738,1.2503950595855713,0.4295640885829925,9.84931755065918,1.5622220039367676,0.0030380929820239
yt776s6d,600M,pgfm_600m,implicit,20,500039680.0,1338.48486328125,354.6259765625,0.4850025177001953,0.8767732977867126,1.0332846641540527,1.238067626953125,0.4288576543331146,9.863929748535156,1.523832082748413,0.0027347288560122
yt776s6d,600M,pgfm_600m,implicit,20,510033920.0,1345.9739990234375,360.14453125,0.464093267917633,0.8718332648277283,1.0286884307861328,1.22996187210083,0.4241307377815246,9.881402969360352,1.5446090698242188,0.0024908084888011
yt776s6d,600M,pgfm_600m,implicit,20,520028160.0,1324.3924560546875,354.59375,0.4777736663818359,0.8846766948699951,1.0448881387710571,1.243812918663025,0.4257725179195404,10.017863273620604,1.5586678981781006,0.0027188039384782
yt776s6d,600M,pgfm_600m,implicit,20,530022400.0,1318.9990234375,354.3779296875,0.4986535310745239,0.880459189414978,1.0389304161071775,1.2394189834594729,0.4287041127681732,10.125372886657717,1.582164287567139,0.0027167228981852
yt776s6d,600M,pgfm_600m,implicit,20,540016640.0,1360.05029296875,363.15625,0.4657556414604187,0.8793781995773315,1.042478084564209,1.246584177017212,0.4300093352794647,10.107248306274414,1.553196668624878,0.0024195383302867
yt776s6d,600M,pgfm_600m,implicit,20,550010880.0,1398.73974609375,369.466796875,0.4751462936401367,0.8806020021438599,1.051408767700195,1.2655426263809204,0.4301652014255523,10.401448249816896,1.552400827407837,0.0023594568483531
yt776s6d,600M,pgfm_600m,implicit,20,560005120.0,1377.3154296875,365.146484375,0.473949134349823,0.8713215589523315,1.044970989227295,1.2578682899475098,0.4232873320579529,10.0281982421875,1.543604016304016,0.0024517744313925
yt776s6d,600M,pgfm_600m,implicit,20,570081280.0,1350.9189453125,361.5244140625,0.4938883185386657,0.8778060674667358,1.0469560623168943,1.2560185194015503,0.4267143607139587,10.183868408203123,1.5923852920532229,0.0025102398358285
yt776s6d,600M,pgfm_600m,implicit,20,580075520.0,1403.1669921875,369.8359375,0.4754541516304016,0.8838386535644531,1.059031963348389,1.2765458822250366,0.4291619658470154,10.041667938232422,1.5272793769836426,0.0023110578767955
yt776s6d,600M,pgfm_600m,implicit,20,590069760.0,1425.457275390625,375.3447265625,0.4624720811843872,0.8784450888633728,1.0517457723617554,1.2650771141052246,0.4308420419692993,10.391200065612791,1.5386111736297607,0.0020772833377122
yt776s6d,600M,pgfm_600m,implicit,20,600064000.0,1438.64404296875,377.072265625,0.477065235376358,0.8781298995018005,1.0468528270721436,1.2598657608032229,0.4308299124240875,10.14755153656006,1.5640367269515991,0.0020710807293653
