wandb_id,condition,delay,seed,step,reward_mean
kb3n3vp3,delayed_mlp,0,i42/p1234,4915200,667.171875
kb3n3vp3,delayed_mlp,0,i42/p1234,9830400,908.89453125
kb3n3vp3,delayed_mlp,0,i42/p1234,14499840,936.64453125
kb3n3vp3,delayed_mlp,0,i42/p1234,19415040,945.82421875
kb3n3vp3,delayed_mlp,0,i42/p1234,24084480,949.703125
kb3n3vp3,delayed_mlp,0,i42/p1234,28999680,956.95703125
kb3n3vp3,delayed_mlp,0,i42/p1234,33669120,959.19140625
kb3n3vp3,delayed_mlp,0,i42/p1234,38584320,960.62890625
kb3n3vp3,delayed_mlp,0,i42/p1234,43253760,961.953125
kb3n3vp3,delayed_mlp,0,i42/p1234,48168960,962.05078125
kb3n3vp3,delayed_mlp,0,i42/p1234,52838400,963.81640625
kb3n3vp3,delayed_mlp,0,i42/p1234,57753600,964.80078125
kb3n3vp3,delayed_mlp,0,i42/p1234,62423040,965.1953125
kb3n3vp3,delayed_mlp,0,i42/p1234,67338240,960.90234375
kb3n3vp3,delayed_mlp,0,i42/p1234,72007680,962.0859375
kb3n3vp3,delayed_mlp,0,i42/p1234,76922880,962.42578125
kb3n3vp3,delayed_mlp,0,i42/p1234,81838080,963.51953125
kb3n3vp3,delayed_mlp,0,i42/p1234,86507520,964.12109375
kb3n3vp3,delayed_mlp,0,i42/p1234,91422720,965.8203125
kb3n3vp3,delayed_mlp,0,i42/p1234,96092160,966.66796875
kb3n3vp3,delayed_mlp,0,i42/p1234,101007360,966.96484375
kb3n3vp3,delayed_mlp,0,i42/p1234,105676800,963.97265625
kb3n3vp3,delayed_mlp,0,i42/p1234,110592000,960.515625
kb3n3vp3,delayed_mlp,0,i42/p1234,115261440,959.40625
kb3n3vp3,delayed_mlp,0,i42/p1234,120176640,963.85546875
kb3n3vp3,delayed_mlp,0,i42/p1234,124846080,968.828125
kb3n3vp3,delayed_mlp,0,i42/p1234,129761280,968.859375
kb3n3vp3,delayed_mlp,0,i42/p1234,134430720,969.40625
kb3n3vp3,delayed_mlp,0,i42/p1234,139345920,969.375
kb3n3vp3,delayed_mlp,0,i42/p1234,144015360,966.23046875
kb3n3vp3,delayed_mlp,0,i42/p1234,148930560,968.484375
kb3n3vp3,delayed_mlp,0,i42/p1234,153600000,970.07421875
kb3n3vp3,delayed_mlp,0,i42/p1234,158515200,971.0859375
kb3n3vp3,delayed_mlp,0,i42/p1234,163430400,971.73828125
kb3n3vp3,delayed_mlp,0,i42/p1234,168099840,971.98046875
kb3n3vp3,delayed_mlp,0,i42/p1234,173015040,971.96875
kb3n3vp3,delayed_mlp,0,i42/p1234,177684480,972.43359375
kb3n3vp3,delayed_mlp,0,i42/p1234,182599680,972.40625
kb3n3vp3,delayed_mlp,0,i42/p1234,187269120,972.53125
kb3n3vp3,delayed_mlp,0,i42/p1234,192184320,973.20703125
kb3n3vp3,delayed_mlp,0,i42/p1234,196853760,973.21484375
kb3n3vp3,delayed_mlp,0,i42/p1234,201768960,973.85546875
kb3n3vp3,delayed_mlp,0,i42/p1234,206438400,973.79296875
kb3n3vp3,delayed_mlp,0,i42/p1234,211353600,973.38671875
kb3n3vp3,delayed_mlp,0,i42/p1234,216023040,969.65234375
kb3n3vp3,delayed_mlp,0,i42/p1234,220938240,969.71875
kb3n3vp3,delayed_mlp,0,i42/p1234,225607680,973.8828125
kb3n3vp3,delayed_mlp,0,i42/p1234,230522880,974.03125
kb3n3vp3,delayed_mlp,0,i42/p1234,235438080,973.14453125
kb3n3vp3,delayed_mlp,0,i42/p1234,240107520,973.8828125
kb3n3vp3,delayed_mlp,0,i42/p1234,245022720,973.7265625
kb3n3vp3,delayed_mlp,0,i42/p1234,249692160,973.8203125
kb3n3vp3,delayed_mlp,0,i42/p1234,254607360,973.9921875
kb3n3vp3,delayed_mlp,0,i42/p1234,259276800,974.28125
kb3n3vp3,delayed_mlp,0,i42/p1234,264192000,974.8359375
kb3n3vp3,delayed_mlp,0,i42/p1234,268861440,975.171875
kb3n3vp3,delayed_mlp,0,i42/p1234,273776640,975.1484375
kb3n3vp3,delayed_mlp,0,i42/p1234,278446080,975.19140625
kb3n3vp3,delayed_mlp,0,i42/p1234,283361280,975.3828125
kb3n3vp3,delayed_mlp,0,i42/p1234,288030720,974.85546875
kb3n3vp3,delayed_mlp,0,i42/p1234,292945920,975.28125
kb3n3vp3,delayed_mlp,0,i42/p1234,297615360,975.19140625
kb3n3vp3,delayed_mlp,0,i42/p1234,302530560,975.2265625
kb3n3vp3,delayed_mlp,0,i42/p1234,307200000,975.48828125
kb3n3vp3,delayed_mlp,0,i42/p1234,312115200,975.27734375
kb3n3vp3,delayed_mlp,0,i42/p1234,317030400,975.24609375
kb3n3vp3,delayed_mlp,0,i42/p1234,321699840,975.625
kb3n3vp3,delayed_mlp,0,i42/p1234,326615040,975.66015625
kb3n3vp3,delayed_mlp,0,i42/p1234,331284480,975.83203125
kb3n3vp3,delayed_mlp,0,i42/p1234,336199680,976.14453125
kb3n3vp3,delayed_mlp,0,i42/p1234,340869120,976.40234375
kb3n3vp3,delayed_mlp,0,i42/p1234,345784320,976.23046875
kb3n3vp3,delayed_mlp,0,i42/p1234,350453760,975.8046875
kb3n3vp3,delayed_mlp,0,i42/p1234,355368960,976.07421875
kb3n3vp3,delayed_mlp,0,i42/p1234,360038400,976.62890625
kb3n3vp3,delayed_mlp,0,i42/p1234,364953600,976.6328125
kb3n3vp3,delayed_mlp,0,i42/p1234,369623040,976.7734375
kb3n3vp3,delayed_mlp,0,i42/p1234,374538240,976.51171875
kb3n3vp3,delayed_mlp,0,i42/p1234,379207680,976.3828125
kb3n3vp3,delayed_mlp,0,i42/p1234,384122880,976.40625
kb3n3vp3,delayed_mlp,0,i42/p1234,389038080,976.6640625
kb3n3vp3,delayed_mlp,0,i42/p1234,393707520,976.53515625
kb3n3vp3,delayed_mlp,0,i42/p1234,398622720,976.765625
kb3n3vp3,delayed_mlp,0,i42/p1234,403292160,976.75390625
kb3n3vp3,delayed_mlp,0,i42/p1234,408207360,977.27734375
kb3n3vp3,delayed_mlp,0,i42/p1234,412876800,976.82421875
kb3n3vp3,delayed_mlp,0,i42/p1234,417792000,977.08984375
kb3n3vp3,delayed_mlp,0,i42/p1234,422461440,977.16796875
kb3n3vp3,delayed_mlp,0,i42/p1234,427376640,977.3828125
kb3n3vp3,delayed_mlp,0,i42/p1234,432046080,977.40234375
kb3n3vp3,delayed_mlp,0,i42/p1234,436961280,977.40234375
kb3n3vp3,delayed_mlp,0,i42/p1234,441630720,976.89453125
kb3n3vp3,delayed_mlp,0,i42/p1234,446545920,977.26171875
kb3n3vp3,delayed_mlp,0,i42/p1234,451215360,976.95703125
kb3n3vp3,delayed_mlp,0,i42/p1234,456130560,977.23046875
kb3n3vp3,delayed_mlp,0,i42/p1234,460800000,974.515625
kb3n3vp3,delayed_mlp,0,i42/p1234,465715200,975.671875
kb3n3vp3,delayed_mlp,0,i42/p1234,470630400,975.94921875
kb3n3vp3,delayed_mlp,0,i42/p1234,475299840,976.55859375
kb3n3vp3,delayed_mlp,0,i42/p1234,480215040,976.19140625
mbpy4dk5,delayed_mlp,0,i43/p43,4915200,570.73828125
mbpy4dk5,delayed_mlp,0,i43/p43,9830400,811.96484375
mbpy4dk5,delayed_mlp,0,i43/p43,14499840,872.73046875
mbpy4dk5,delayed_mlp,0,i43/p43,19415040,848.37890625
mbpy4dk5,delayed_mlp,0,i43/p43,24084480,857.921875
mbpy4dk5,delayed_mlp,0,i43/p43,28999680,893.65234375
mbpy4dk5,delayed_mlp,0,i43/p43,33669120,901.83984375
mbpy4dk5,delayed_mlp,0,i43/p43,38584320,891.05859375
mbpy4dk5,delayed_mlp,0,i43/p43,43253760,909.62890625
mbpy4dk5,delayed_mlp,0,i43/p43,48168960,916.38671875
mbpy4dk5,delayed_mlp,0,i43/p43,52838400,919.55859375
mbpy4dk5,delayed_mlp,0,i43/p43,57753600,922.82421875
mbpy4dk5,delayed_mlp,0,i43/p43,62423040,926.18359375
mbpy4dk5,delayed_mlp,0,i43/p43,67338240,928.73828125
mbpy4dk5,delayed_mlp,0,i43/p43,72007680,933.44140625
mbpy4dk5,delayed_mlp,0,i43/p43,76922880,936.1171875
mbpy4dk5,delayed_mlp,0,i43/p43,81838080,938.3125
mbpy4dk5,delayed_mlp,0,i43/p43,86507520,939.25390625
mbpy4dk5,delayed_mlp,0,i43/p43,91422720,942.8359375
mbpy4dk5,delayed_mlp,0,i43/p43,96092160,943.1953125
mbpy4dk5,delayed_mlp,0,i43/p43,101007360,947.953125
mbpy4dk5,delayed_mlp,0,i43/p43,105676800,944.28515625
mbpy4dk5,delayed_mlp,0,i43/p43,110592000,946.74609375
mbpy4dk5,delayed_mlp,0,i43/p43,115261440,946.6953125
mbpy4dk5,delayed_mlp,0,i43/p43,120176640,953.359375
mbpy4dk5,delayed_mlp,0,i43/p43,124846080,953.6171875
mbpy4dk5,delayed_mlp,0,i43/p43,129761280,958.34375
mbpy4dk5,delayed_mlp,0,i43/p43,134430720,958.4140625
mbpy4dk5,delayed_mlp,0,i43/p43,139345920,959.41796875
mbpy4dk5,delayed_mlp,0,i43/p43,144015360,956.24609375
mbpy4dk5,delayed_mlp,0,i43/p43,148930560,952.7734375
mbpy4dk5,delayed_mlp,0,i43/p43,153600000,954.09765625
mbpy4dk5,delayed_mlp,0,i43/p43,158515200,959.1875
mbpy4dk5,delayed_mlp,0,i43/p43,163430400,960.93359375
mbpy4dk5,delayed_mlp,0,i43/p43,168099840,961.5703125
mbpy4dk5,delayed_mlp,0,i43/p43,173015040,961.86328125
mbpy4dk5,delayed_mlp,0,i43/p43,177684480,962.4609375
mbpy4dk5,delayed_mlp,0,i43/p43,182599680,960.96484375
mbpy4dk5,delayed_mlp,0,i43/p43,187269120,963.51171875
mbpy4dk5,delayed_mlp,0,i43/p43,192184320,964.046875
mbpy4dk5,delayed_mlp,0,i43/p43,196853760,963.0625
mbpy4dk5,delayed_mlp,0,i43/p43,201768960,963.6875
mbpy4dk5,delayed_mlp,0,i43/p43,206438400,964.58203125
mbpy4dk5,delayed_mlp,0,i43/p43,211353600,965.04296875
mbpy4dk5,delayed_mlp,0,i43/p43,216023040,964.8203125
mbpy4dk5,delayed_mlp,0,i43/p43,220938240,964.94140625
mbpy4dk5,delayed_mlp,0,i43/p43,225607680,965.32421875
mbpy4dk5,delayed_mlp,0,i43/p43,230522880,956.984375
mbpy4dk5,delayed_mlp,0,i43/p43,235438080,960.48828125
mbpy4dk5,delayed_mlp,0,i43/p43,240107520,965.4765625
mbpy4dk5,delayed_mlp,0,i43/p43,245022720,962.2578125
mbpy4dk5,delayed_mlp,0,i43/p43,249692160,965.86328125
mbpy4dk5,delayed_mlp,0,i43/p43,254607360,966.09375
mbpy4dk5,delayed_mlp,0,i43/p43,259276800,966.56640625
mbpy4dk5,delayed_mlp,0,i43/p43,264192000,963.37109375
mbpy4dk5,delayed_mlp,0,i43/p43,268861440,966.73046875
mbpy4dk5,delayed_mlp,0,i43/p43,273776640,967.046875
mbpy4dk5,delayed_mlp,0,i43/p43,278446080,967.02734375
mbpy4dk5,delayed_mlp,0,i43/p43,283361280,963.83984375
mbpy4dk5,delayed_mlp,0,i43/p43,288030720,966.96875
mbpy4dk5,delayed_mlp,0,i43/p43,292945920,968.0859375
mbpy4dk5,delayed_mlp,0,i43/p43,297615360,968.3125
mbpy4dk5,delayed_mlp,0,i43/p43,302530560,968.64453125
mbpy4dk5,delayed_mlp,0,i43/p43,307200000,968.47265625
mbpy4dk5,delayed_mlp,0,i43/p43,312115200,968.21484375
mbpy4dk5,delayed_mlp,0,i43/p43,317030400,968.6484375
mbpy4dk5,delayed_mlp,0,i43/p43,321699840,963.46875
mbpy4dk5,delayed_mlp,0,i43/p43,326615040,968.90234375
mbpy4dk5,delayed_mlp,0,i43/p43,331284480,968.89453125
mbpy4dk5,delayed_mlp,0,i43/p43,336199680,969.1484375
mbpy4dk5,delayed_mlp,0,i43/p43,340869120,969.41796875
mbpy4dk5,delayed_mlp,0,i43/p43,345784320,969.7734375
mbpy4dk5,delayed_mlp,0,i43/p43,350453760,969.46484375
mbpy4dk5,delayed_mlp,0,i43/p43,355368960,969.84375
mbpy4dk5,delayed_mlp,0,i43/p43,360038400,969.7890625
mbpy4dk5,delayed_mlp,0,i43/p43,364953600,969.5078125
mbpy4dk5,delayed_mlp,0,i43/p43,369623040,969.6796875
mbpy4dk5,delayed_mlp,0,i43/p43,374538240,969.75390625
mbpy4dk5,delayed_mlp,0,i43/p43,379207680,969.81640625
mbpy4dk5,delayed_mlp,0,i43/p43,384122880,969.9375
mbpy4dk5,delayed_mlp,0,i43/p43,389038080,970.1953125
mbpy4dk5,delayed_mlp,0,i43/p43,393707520,969.60546875
mbpy4dk5,delayed_mlp,0,i43/p43,398622720,959.1640625
mbpy4dk5,delayed_mlp,0,i43/p43,403292160,962.125
mbpy4dk5,delayed_mlp,0,i43/p43,408207360,956.32421875
mbpy4dk5,delayed_mlp,0,i43/p43,412876800,963.09375
mbpy4dk5,delayed_mlp,0,i43/p43,417792000,967.23828125
mbpy4dk5,delayed_mlp,0,i43/p43,422461440,968.50390625
mbpy4dk5,delayed_mlp,0,i43/p43,427376640,967.3046875
mbpy4dk5,delayed_mlp,0,i43/p43,432046080,970.515625
mbpy4dk5,delayed_mlp,0,i43/p43,436961280,971.91796875
mbpy4dk5,delayed_mlp,0,i43/p43,441630720,971.30078125
mbpy4dk5,delayed_mlp,0,i43/p43,446545920,971.46484375
mbpy4dk5,delayed_mlp,0,i43/p43,451215360,972.1953125
mbpy4dk5,delayed_mlp,0,i43/p43,456130560,972.20703125
mbpy4dk5,delayed_mlp,0,i43/p43,460800000,972.13671875
mbpy4dk5,delayed_mlp,0,i43/p43,465715200,971.9609375
mbpy4dk5,delayed_mlp,0,i43/p43,470630400,972.00390625
mbpy4dk5,delayed_mlp,0,i43/p43,475299840,972.1953125
mbpy4dk5,delayed_mlp,0,i43/p43,480215040,972.625
0jiprpx9,delayed_mlp,0,i45/p45,4915200,585.9921875
0jiprpx9,delayed_mlp,0,i45/p45,9830400,884.12890625
0jiprpx9,delayed_mlp,0,i45/p45,14499840,925.78125
0jiprpx9,delayed_mlp,0,i45/p45,19415040,929.6484375
0jiprpx9,delayed_mlp,0,i45/p45,24084480,936.63671875
0jiprpx9,delayed_mlp,0,i45/p45,28999680,942.5546875
0jiprpx9,delayed_mlp,0,i45/p45,33669120,947.734375
0jiprpx9,delayed_mlp,0,i45/p45,38584320,950.8046875
0jiprpx9,delayed_mlp,0,i45/p45,43253760,948.69921875
0jiprpx9,delayed_mlp,0,i45/p45,48168960,949.48046875
0jiprpx9,delayed_mlp,0,i45/p45,52838400,953.12890625
0jiprpx9,delayed_mlp,0,i45/p45,57753600,955.17578125
0jiprpx9,delayed_mlp,0,i45/p45,62423040,955.7109375
0jiprpx9,delayed_mlp,0,i45/p45,67338240,955.09375
0jiprpx9,delayed_mlp,0,i45/p45,72007680,956.39453125
0jiprpx9,delayed_mlp,0,i45/p45,76922880,955.98828125
0jiprpx9,delayed_mlp,0,i45/p45,81838080,956.94921875
0jiprpx9,delayed_mlp,0,i45/p45,86507520,952.73828125
0jiprpx9,delayed_mlp,0,i45/p45,91422720,956.6328125
0jiprpx9,delayed_mlp,0,i45/p45,96092160,960.8203125
0jiprpx9,delayed_mlp,0,i45/p45,101007360,960.73046875
0jiprpx9,delayed_mlp,0,i45/p45,105676800,961.63671875
0jiprpx9,delayed_mlp,0,i45/p45,110592000,960.609375
0jiprpx9,delayed_mlp,0,i45/p45,115261440,959.828125
0jiprpx9,delayed_mlp,0,i45/p45,120176640,964.140625
0jiprpx9,delayed_mlp,0,i45/p45,124846080,963.8046875
0jiprpx9,delayed_mlp,0,i45/p45,129761280,964.15625
0jiprpx9,delayed_mlp,0,i45/p45,134430720,963.765625
0jiprpx9,delayed_mlp,0,i45/p45,139345920,964.07421875
0jiprpx9,delayed_mlp,0,i45/p45,144015360,964.49609375
0jiprpx9,delayed_mlp,0,i45/p45,148930560,965.0703125
0jiprpx9,delayed_mlp,0,i45/p45,153600000,964.76171875
0jiprpx9,delayed_mlp,0,i45/p45,158515200,964.5390625
0jiprpx9,delayed_mlp,0,i45/p45,163430400,965.203125
0jiprpx9,delayed_mlp,0,i45/p45,168099840,965.2578125
0jiprpx9,delayed_mlp,0,i45/p45,173015040,962.25
0jiprpx9,delayed_mlp,0,i45/p45,177684480,962.04296875
0jiprpx9,delayed_mlp,0,i45/p45,182599680,962.49609375
0jiprpx9,delayed_mlp,0,i45/p45,187269120,962.84765625
0jiprpx9,delayed_mlp,0,i45/p45,192184320,965.0546875
0jiprpx9,delayed_mlp,0,i45/p45,196853760,965.93359375
0jiprpx9,delayed_mlp,0,i45/p45,201768960,760.23046875
0jiprpx9,delayed_mlp,0,i45/p45,206438400,805.5546875
0jiprpx9,delayed_mlp,0,i45/p45,211353600,885.0390625
0jiprpx9,delayed_mlp,0,i45/p45,216023040,882.74609375
0jiprpx9,delayed_mlp,0,i45/p45,220938240,915.25
0jiprpx9,delayed_mlp,0,i45/p45,225607680,943.421875
0jiprpx9,delayed_mlp,0,i45/p45,230522880,945.8203125
0jiprpx9,delayed_mlp,0,i45/p45,235438080,953.08203125
0jiprpx9,delayed_mlp,0,i45/p45,240107520,959.92578125
0jiprpx9,delayed_mlp,0,i45/p45,245022720,962.29296875
0jiprpx9,delayed_mlp,0,i45/p45,249692160,963.54296875
0jiprpx9,delayed_mlp,0,i45/p45,254607360,964.5078125
0jiprpx9,delayed_mlp,0,i45/p45,259276800,930.0234375
0jiprpx9,delayed_mlp,0,i45/p45,264192000,941.84765625
0jiprpx9,delayed_mlp,0,i45/p45,268861440,936.4375
0jiprpx9,delayed_mlp,0,i45/p45,273776640,953.2578125
0jiprpx9,delayed_mlp,0,i45/p45,278446080,961.27734375
0jiprpx9,delayed_mlp,0,i45/p45,283361280,962.19140625
0jiprpx9,delayed_mlp,0,i45/p45,288030720,958.41796875
0jiprpx9,delayed_mlp,0,i45/p45,292945920,962.375
0jiprpx9,delayed_mlp,0,i45/p45,297615360,962.89453125
0jiprpx9,delayed_mlp,0,i45/p45,302530560,966.4609375
0jiprpx9,delayed_mlp,0,i45/p45,307200000,967.42578125
0jiprpx9,delayed_mlp,0,i45/p45,312115200,967.82421875
0jiprpx9,delayed_mlp,0,i45/p45,317030400,968.12109375
0jiprpx9,delayed_mlp,0,i45/p45,321699840,967.796875
0jiprpx9,delayed_mlp,0,i45/p45,326615040,965.83203125
0jiprpx9,delayed_mlp,0,i45/p45,331284480,967.0859375
0jiprpx9,delayed_mlp,0,i45/p45,336199680,968.015625
0jiprpx9,delayed_mlp,0,i45/p45,340869120,968.1015625
0jiprpx9,delayed_mlp,0,i45/p45,345784320,969.5625
0jiprpx9,delayed_mlp,0,i45/p45,350453760,969.2734375
0jiprpx9,delayed_mlp,0,i45/p45,355368960,969.96875
0jiprpx9,delayed_mlp,0,i45/p45,360038400,969.73046875
0jiprpx9,delayed_mlp,0,i45/p45,364953600,970.16015625
0jiprpx9,delayed_mlp,0,i45/p45,369623040,970.078125
0jiprpx9,delayed_mlp,0,i45/p45,374538240,969.9765625
0jiprpx9,delayed_mlp,0,i45/p45,379207680,970.07421875
0jiprpx9,delayed_mlp,0,i45/p45,384122880,970.390625
0jiprpx9,delayed_mlp,0,i45/p45,389038080,970.80859375
0jiprpx9,delayed_mlp,0,i45/p45,393707520,970.546875
0jiprpx9,delayed_mlp,0,i45/p45,398622720,970.62109375
0jiprpx9,delayed_mlp,0,i45/p45,403292160,970.8671875
0jiprpx9,delayed_mlp,0,i45/p45,408207360,970.76953125
0jiprpx9,delayed_mlp,0,i45/p45,412876800,971.0546875
0jiprpx9,delayed_mlp,0,i45/p45,417792000,970.95703125
0jiprpx9,delayed_mlp,0,i45/p45,422461440,970.60546875
0jiprpx9,delayed_mlp,0,i45/p45,427376640,971.08203125
0jiprpx9,delayed_mlp,0,i45/p45,432046080,971.78125
0jiprpx9,delayed_mlp,0,i45/p45,436961280,971.6640625
0jiprpx9,delayed_mlp,0,i45/p45,441630720,971.7578125
0jiprpx9,delayed_mlp,0,i45/p45,446545920,971.35546875
0jiprpx9,delayed_mlp,0,i45/p45,451215360,971.55078125
0jiprpx9,delayed_mlp,0,i45/p45,456130560,971.46484375
0jiprpx9,delayed_mlp,0,i45/p45,460800000,971.90234375
0jiprpx9,delayed_mlp,0,i45/p45,465715200,972.05078125
0jiprpx9,delayed_mlp,0,i45/p45,470630400,972.26953125
0jiprpx9,delayed_mlp,0,i45/p45,475299840,972.25390625
0jiprpx9,delayed_mlp,0,i45/p45,480215040,971.984375
zo8ai8x7,delayed_mlp,2,i42/p1234,4915200,507.4921875
zo8ai8x7,delayed_mlp,2,i42/p1234,9830400,724.796875
zo8ai8x7,delayed_mlp,2,i42/p1234,14499840,810.0703125
zo8ai8x7,delayed_mlp,2,i42/p1234,19415040,864.37890625
zo8ai8x7,delayed_mlp,2,i42/p1234,24084480,874.8203125
zo8ai8x7,delayed_mlp,2,i42/p1234,28999680,887.18359375
zo8ai8x7,delayed_mlp,2,i42/p1234,33669120,899.44140625
zo8ai8x7,delayed_mlp,2,i42/p1234,38584320,907.859375
zo8ai8x7,delayed_mlp,2,i42/p1234,43253760,917.07421875
zo8ai8x7,delayed_mlp,2,i42/p1234,48168960,920.4609375
zo8ai8x7,delayed_mlp,2,i42/p1234,52838400,921.03515625
zo8ai8x7,delayed_mlp,2,i42/p1234,57753600,925.4921875
zo8ai8x7,delayed_mlp,2,i42/p1234,62423040,924.30859375
zo8ai8x7,delayed_mlp,2,i42/p1234,67338240,923.06640625
zo8ai8x7,delayed_mlp,2,i42/p1234,72007680,925.140625
zo8ai8x7,delayed_mlp,2,i42/p1234,76922880,925.66796875
zo8ai8x7,delayed_mlp,2,i42/p1234,81838080,925.75
zo8ai8x7,delayed_mlp,2,i42/p1234,86507520,924.75
zo8ai8x7,delayed_mlp,2,i42/p1234,91422720,929.58203125
zo8ai8x7,delayed_mlp,2,i42/p1234,96092160,930.58203125
zo8ai8x7,delayed_mlp,2,i42/p1234,101007360,931.1953125
zo8ai8x7,delayed_mlp,2,i42/p1234,105676800,930.24609375
zo8ai8x7,delayed_mlp,2,i42/p1234,110592000,931.9453125
zo8ai8x7,delayed_mlp,2,i42/p1234,115261440,931.8671875
zo8ai8x7,delayed_mlp,2,i42/p1234,120176640,932.87890625
zo8ai8x7,delayed_mlp,2,i42/p1234,124846080,926.4375
zo8ai8x7,delayed_mlp,2,i42/p1234,129761280,933.0390625
zo8ai8x7,delayed_mlp,2,i42/p1234,134430720,932.12109375
zo8ai8x7,delayed_mlp,2,i42/p1234,139345920,938.41796875
zo8ai8x7,delayed_mlp,2,i42/p1234,144015360,937.84375
zo8ai8x7,delayed_mlp,2,i42/p1234,148930560,940.5703125
zo8ai8x7,delayed_mlp,2,i42/p1234,153600000,940.90625
zo8ai8x7,delayed_mlp,2,i42/p1234,158515200,941.359375
zo8ai8x7,delayed_mlp,2,i42/p1234,163430400,944.6328125
zo8ai8x7,delayed_mlp,2,i42/p1234,168099840,950.9453125
zo8ai8x7,delayed_mlp,2,i42/p1234,173015040,951.02734375
zo8ai8x7,delayed_mlp,2,i42/p1234,177684480,954.4453125
zo8ai8x7,delayed_mlp,2,i42/p1234,182599680,951.75
zo8ai8x7,delayed_mlp,2,i42/p1234,187269120,954.828125
zo8ai8x7,delayed_mlp,2,i42/p1234,192184320,955.8203125
zo8ai8x7,delayed_mlp,2,i42/p1234,196853760,955.8828125
zo8ai8x7,delayed_mlp,2,i42/p1234,201768960,955.92578125
zo8ai8x7,delayed_mlp,2,i42/p1234,206438400,956.625
zo8ai8x7,delayed_mlp,2,i42/p1234,211353600,957.109375
zo8ai8x7,delayed_mlp,2,i42/p1234,216023040,957.27734375
zo8ai8x7,delayed_mlp,2,i42/p1234,220938240,957.828125
zo8ai8x7,delayed_mlp,2,i42/p1234,225607680,958.21875
zo8ai8x7,delayed_mlp,2,i42/p1234,230522880,958.359375
zo8ai8x7,delayed_mlp,2,i42/p1234,235438080,958.83984375
zo8ai8x7,delayed_mlp,2,i42/p1234,240107520,959.234375
zo8ai8x7,delayed_mlp,2,i42/p1234,245022720,959.7265625
zo8ai8x7,delayed_mlp,2,i42/p1234,249692160,960.7890625
zo8ai8x7,delayed_mlp,2,i42/p1234,254607360,961.328125
zo8ai8x7,delayed_mlp,2,i42/p1234,259276800,961.17578125
zo8ai8x7,delayed_mlp,2,i42/p1234,264192000,962.19140625
zo8ai8x7,delayed_mlp,2,i42/p1234,268861440,958.62109375
zo8ai8x7,delayed_mlp,2,i42/p1234,273776640,962.625
zo8ai8x7,delayed_mlp,2,i42/p1234,278446080,962.88671875
zo8ai8x7,delayed_mlp,2,i42/p1234,283361280,963.3046875
zo8ai8x7,delayed_mlp,2,i42/p1234,288030720,963.75
zo8ai8x7,delayed_mlp,2,i42/p1234,292945920,964.12109375
zo8ai8x7,delayed_mlp,2,i42/p1234,297615360,964.484375
zo8ai8x7,delayed_mlp,2,i42/p1234,302530560,964.2421875
zo8ai8x7,delayed_mlp,2,i42/p1234,307200000,964.30078125
zo8ai8x7,delayed_mlp,2,i42/p1234,312115200,965.01953125
zo8ai8x7,delayed_mlp,2,i42/p1234,317030400,965.08984375
zo8ai8x7,delayed_mlp,2,i42/p1234,321699840,965.41015625
zo8ai8x7,delayed_mlp,2,i42/p1234,326615040,965.69921875
zo8ai8x7,delayed_mlp,2,i42/p1234,331284480,965.9296875
zo8ai8x7,delayed_mlp,2,i42/p1234,336199680,966.0234375
zo8ai8x7,delayed_mlp,2,i42/p1234,340869120,965.96875
zo8ai8x7,delayed_mlp,2,i42/p1234,345784320,966.02734375
zo8ai8x7,delayed_mlp,2,i42/p1234,350453760,965.53515625
zo8ai8x7,delayed_mlp,2,i42/p1234,355368960,965.8359375
zo8ai8x7,delayed_mlp,2,i42/p1234,360038400,965.796875
zo8ai8x7,delayed_mlp,2,i42/p1234,364953600,966.0703125
zo8ai8x7,delayed_mlp,2,i42/p1234,369623040,966.5859375
zo8ai8x7,delayed_mlp,2,i42/p1234,374538240,966.140625
zo8ai8x7,delayed_mlp,2,i42/p1234,379207680,966.49609375
zo8ai8x7,delayed_mlp,2,i42/p1234,384122880,966.77734375
zo8ai8x7,delayed_mlp,2,i42/p1234,389038080,967.02734375
zo8ai8x7,delayed_mlp,2,i42/p1234,393707520,967.2890625
zo8ai8x7,delayed_mlp,2,i42/p1234,398622720,967.2734375
zo8ai8x7,delayed_mlp,2,i42/p1234,403292160,967.6484375
zo8ai8x7,delayed_mlp,2,i42/p1234,408207360,967.72265625
zo8ai8x7,delayed_mlp,2,i42/p1234,412876800,967.5703125
zo8ai8x7,delayed_mlp,2,i42/p1234,417792000,967.68359375
zo8ai8x7,delayed_mlp,2,i42/p1234,422461440,967.8671875
zo8ai8x7,delayed_mlp,2,i42/p1234,427376640,968.00390625
zo8ai8x7,delayed_mlp,2,i42/p1234,432046080,967.9296875
zo8ai8x7,delayed_mlp,2,i42/p1234,436961280,968.109375
zo8ai8x7,delayed_mlp,2,i42/p1234,441630720,968.2421875
zo8ai8x7,delayed_mlp,2,i42/p1234,446545920,968.4765625
zo8ai8x7,delayed_mlp,2,i42/p1234,451215360,968.609375
zo8ai8x7,delayed_mlp,2,i42/p1234,456130560,968.8046875
zo8ai8x7,delayed_mlp,2,i42/p1234,460800000,968.328125
zo8ai8x7,delayed_mlp,2,i42/p1234,465715200,968.81640625
zo8ai8x7,delayed_mlp,2,i42/p1234,470630400,969.03125
zo8ai8x7,delayed_mlp,2,i42/p1234,475299840,969.29296875
zo8ai8x7,delayed_mlp,2,i42/p1234,480215040,969.29296875
io3b1jjm,delayed_mlp,2,i43/p43,4915200,416.625
io3b1jjm,delayed_mlp,2,i43/p43,9830400,714.71875
io3b1jjm,delayed_mlp,2,i43/p43,14499840,804.15625
io3b1jjm,delayed_mlp,2,i43/p43,19415040,833.56640625
io3b1jjm,delayed_mlp,2,i43/p43,24084480,864.72265625
io3b1jjm,delayed_mlp,2,i43/p43,28999680,876.921875
io3b1jjm,delayed_mlp,2,i43/p43,33669120,891.921875
io3b1jjm,delayed_mlp,2,i43/p43,38584320,896.07421875
io3b1jjm,delayed_mlp,2,i43/p43,43253760,902.8984375
io3b1jjm,delayed_mlp,2,i43/p43,48168960,889.56640625
io3b1jjm,delayed_mlp,2,i43/p43,52838400,899.25
io3b1jjm,delayed_mlp,2,i43/p43,57753600,899.40234375
io3b1jjm,delayed_mlp,2,i43/p43,62423040,883.28125
io3b1jjm,delayed_mlp,2,i43/p43,67338240,890.578125
io3b1jjm,delayed_mlp,2,i43/p43,72007680,901.09375
io3b1jjm,delayed_mlp,2,i43/p43,76922880,904.28515625
io3b1jjm,delayed_mlp,2,i43/p43,81838080,917.17578125
io3b1jjm,delayed_mlp,2,i43/p43,86507520,916.875
io3b1jjm,delayed_mlp,2,i43/p43,91422720,916.0
io3b1jjm,delayed_mlp,2,i43/p43,96092160,924.1171875
io3b1jjm,delayed_mlp,2,i43/p43,101007360,928.203125
io3b1jjm,delayed_mlp,2,i43/p43,105676800,929.68359375
io3b1jjm,delayed_mlp,2,i43/p43,110592000,927.21484375
io3b1jjm,delayed_mlp,2,i43/p43,115261440,925.8828125
io3b1jjm,delayed_mlp,2,i43/p43,120176640,926.6796875
io3b1jjm,delayed_mlp,2,i43/p43,124846080,925.74609375
io3b1jjm,delayed_mlp,2,i43/p43,129761280,930.39453125
io3b1jjm,delayed_mlp,2,i43/p43,134430720,929.51953125
io3b1jjm,delayed_mlp,2,i43/p43,139345920,930.65625
io3b1jjm,delayed_mlp,2,i43/p43,144015360,934.2734375
io3b1jjm,delayed_mlp,2,i43/p43,148930560,939.5
io3b1jjm,delayed_mlp,2,i43/p43,153600000,940.50390625
io3b1jjm,delayed_mlp,2,i43/p43,158515200,940.484375
io3b1jjm,delayed_mlp,2,i43/p43,163430400,942.67578125
io3b1jjm,delayed_mlp,2,i43/p43,168099840,943.3671875
io3b1jjm,delayed_mlp,2,i43/p43,173015040,944.16015625
io3b1jjm,delayed_mlp,2,i43/p43,177684480,946.94140625
io3b1jjm,delayed_mlp,2,i43/p43,182599680,948.0
io3b1jjm,delayed_mlp,2,i43/p43,187269120,946.46484375
io3b1jjm,delayed_mlp,2,i43/p43,192184320,947.62890625
io3b1jjm,delayed_mlp,2,i43/p43,196853760,949.546875
io3b1jjm,delayed_mlp,2,i43/p43,201768960,948.48046875
io3b1jjm,delayed_mlp,2,i43/p43,206438400,949.64453125
io3b1jjm,delayed_mlp,2,i43/p43,211353600,949.1640625
io3b1jjm,delayed_mlp,2,i43/p43,216023040,948.69140625
io3b1jjm,delayed_mlp,2,i43/p43,220938240,948.4453125
io3b1jjm,delayed_mlp,2,i43/p43,225607680,949.25
io3b1jjm,delayed_mlp,2,i43/p43,230522880,949.74609375
io3b1jjm,delayed_mlp,2,i43/p43,235438080,949.984375
io3b1jjm,delayed_mlp,2,i43/p43,240107520,950.15234375
io3b1jjm,delayed_mlp,2,i43/p43,245022720,950.9453125
io3b1jjm,delayed_mlp,2,i43/p43,249692160,951.39453125
io3b1jjm,delayed_mlp,2,i43/p43,254607360,951.4609375
io3b1jjm,delayed_mlp,2,i43/p43,259276800,951.17578125
io3b1jjm,delayed_mlp,2,i43/p43,264192000,951.48828125
io3b1jjm,delayed_mlp,2,i43/p43,268861440,948.171875
io3b1jjm,delayed_mlp,2,i43/p43,273776640,948.1953125
io3b1jjm,delayed_mlp,2,i43/p43,278446080,948.125
io3b1jjm,delayed_mlp,2,i43/p43,283361280,948.6796875
io3b1jjm,delayed_mlp,2,i43/p43,288030720,952.31640625
io3b1jjm,delayed_mlp,2,i43/p43,292945920,951.9296875
io3b1jjm,delayed_mlp,2,i43/p43,297615360,953.33203125
io3b1jjm,delayed_mlp,2,i43/p43,302530560,953.328125
io3b1jjm,delayed_mlp,2,i43/p43,307200000,953.8203125
io3b1jjm,delayed_mlp,2,i43/p43,312115200,953.5859375
io3b1jjm,delayed_mlp,2,i43/p43,317030400,953.26171875
io3b1jjm,delayed_mlp,2,i43/p43,321699840,954.04296875
io3b1jjm,delayed_mlp,2,i43/p43,326615040,950.48828125
io3b1jjm,delayed_mlp,2,i43/p43,331284480,954.0546875
io3b1jjm,delayed_mlp,2,i43/p43,336199680,948.89453125
io3b1jjm,delayed_mlp,2,i43/p43,340869120,949.17578125
io3b1jjm,delayed_mlp,2,i43/p43,345784320,952.76953125
io3b1jjm,delayed_mlp,2,i43/p43,350453760,949.94140625
io3b1jjm,delayed_mlp,2,i43/p43,355368960,949.44140625
io3b1jjm,delayed_mlp,2,i43/p43,360038400,954.12890625
io3b1jjm,delayed_mlp,2,i43/p43,364953600,952.0546875
io3b1jjm,delayed_mlp,2,i43/p43,369623040,954.109375
io3b1jjm,delayed_mlp,2,i43/p43,374538240,954.65234375
io3b1jjm,delayed_mlp,2,i43/p43,379207680,955.87109375
io3b1jjm,delayed_mlp,2,i43/p43,384122880,956.38671875
io3b1jjm,delayed_mlp,2,i43/p43,389038080,956.59375
io3b1jjm,delayed_mlp,2,i43/p43,393707520,954.54296875
io3b1jjm,delayed_mlp,2,i43/p43,398622720,957.265625
io3b1jjm,delayed_mlp,2,i43/p43,403292160,957.078125
io3b1jjm,delayed_mlp,2,i43/p43,408207360,955.625
io3b1jjm,delayed_mlp,2,i43/p43,412876800,957.25
io3b1jjm,delayed_mlp,2,i43/p43,417792000,953.78125
io3b1jjm,delayed_mlp,2,i43/p43,422461440,957.83203125
io3b1jjm,delayed_mlp,2,i43/p43,427376640,954.59765625
io3b1jjm,delayed_mlp,2,i43/p43,432046080,958.5
io3b1jjm,delayed_mlp,2,i43/p43,436961280,958.19921875
io3b1jjm,delayed_mlp,2,i43/p43,441630720,957.5
io3b1jjm,delayed_mlp,2,i43/p43,446545920,958.83203125
io3b1jjm,delayed_mlp,2,i43/p43,451215360,958.6015625
io3b1jjm,delayed_mlp,2,i43/p43,456130560,954.8984375
io3b1jjm,delayed_mlp,2,i43/p43,460800000,954.94140625
io3b1jjm,delayed_mlp,2,i43/p43,465715200,954.8828125
io3b1jjm,delayed_mlp,2,i43/p43,470630400,958.6484375
io3b1jjm,delayed_mlp,2,i43/p43,475299840,959.1171875
io3b1jjm,delayed_mlp,2,i43/p43,480215040,958.125
3o4k225w,delayed_mlp,2,i45/p45,4915200,452.78515625
3o4k225w,delayed_mlp,2,i45/p45,9830400,716.125
3o4k225w,delayed_mlp,2,i45/p45,14499840,794.453125
3o4k225w,delayed_mlp,2,i45/p45,19415040,831.625
3o4k225w,delayed_mlp,2,i45/p45,24084480,894.578125
3o4k225w,delayed_mlp,2,i45/p45,28999680,920.87890625
3o4k225w,delayed_mlp,2,i45/p45,33669120,928.64453125
3o4k225w,delayed_mlp,2,i45/p45,38584320,930.99609375
3o4k225w,delayed_mlp,2,i45/p45,43253760,931.9296875
3o4k225w,delayed_mlp,2,i45/p45,48168960,933.109375
3o4k225w,delayed_mlp,2,i45/p45,52838400,929.71484375
3o4k225w,delayed_mlp,2,i45/p45,57753600,932.66015625
3o4k225w,delayed_mlp,2,i45/p45,62423040,933.8046875
3o4k225w,delayed_mlp,2,i45/p45,67338240,936.1953125
3o4k225w,delayed_mlp,2,i45/p45,72007680,931.3984375
3o4k225w,delayed_mlp,2,i45/p45,76922880,936.96484375
3o4k225w,delayed_mlp,2,i45/p45,81838080,940.0234375
3o4k225w,delayed_mlp,2,i45/p45,86507520,946.89453125
3o4k225w,delayed_mlp,2,i45/p45,91422720,948.89453125
3o4k225w,delayed_mlp,2,i45/p45,96092160,949.6171875
3o4k225w,delayed_mlp,2,i45/p45,101007360,950.95703125
3o4k225w,delayed_mlp,2,i45/p45,105676800,947.9453125
3o4k225w,delayed_mlp,2,i45/p45,110592000,955.8203125
3o4k225w,delayed_mlp,2,i45/p45,115261440,956.4453125
3o4k225w,delayed_mlp,2,i45/p45,120176640,954.31640625
3o4k225w,delayed_mlp,2,i45/p45,124846080,957.078125
3o4k225w,delayed_mlp,2,i45/p45,129761280,957.77734375
3o4k225w,delayed_mlp,2,i45/p45,134430720,958.80078125
3o4k225w,delayed_mlp,2,i45/p45,139345920,959.49609375
3o4k225w,delayed_mlp,2,i45/p45,144015360,960.1171875
3o4k225w,delayed_mlp,2,i45/p45,148930560,960.578125
3o4k225w,delayed_mlp,2,i45/p45,153600000,959.484375
3o4k225w,delayed_mlp,2,i45/p45,158515200,960.2265625
3o4k225w,delayed_mlp,2,i45/p45,163430400,961.8046875
3o4k225w,delayed_mlp,2,i45/p45,168099840,962.390625
3o4k225w,delayed_mlp,2,i45/p45,173015040,962.9296875
3o4k225w,delayed_mlp,2,i45/p45,177684480,963.9765625
3o4k225w,delayed_mlp,2,i45/p45,182599680,963.91796875
3o4k225w,delayed_mlp,2,i45/p45,187269120,964.6171875
3o4k225w,delayed_mlp,2,i45/p45,192184320,964.78125
3o4k225w,delayed_mlp,2,i45/p45,196853760,965.3046875
3o4k225w,delayed_mlp,2,i45/p45,201768960,964.859375
3o4k225w,delayed_mlp,2,i45/p45,206438400,965.14453125
3o4k225w,delayed_mlp,2,i45/p45,211353600,966.546875
3o4k225w,delayed_mlp,2,i45/p45,216023040,960.24609375
3o4k225w,delayed_mlp,2,i45/p45,220938240,963.2421875
3o4k225w,delayed_mlp,2,i45/p45,225607680,964.8125
3o4k225w,delayed_mlp,2,i45/p45,230522880,966.046875
3o4k225w,delayed_mlp,2,i45/p45,235438080,966.640625
3o4k225w,delayed_mlp,2,i45/p45,240107520,966.79296875
3o4k225w,delayed_mlp,2,i45/p45,245022720,965.99609375
3o4k225w,delayed_mlp,2,i45/p45,249692160,967.58984375
3o4k225w,delayed_mlp,2,i45/p45,254607360,967.61328125
3o4k225w,delayed_mlp,2,i45/p45,259276800,966.515625
3o4k225w,delayed_mlp,2,i45/p45,264192000,967.32421875
3o4k225w,delayed_mlp,2,i45/p45,268861440,965.33203125
3o4k225w,delayed_mlp,2,i45/p45,273776640,967.96484375
3o4k225w,delayed_mlp,2,i45/p45,278446080,966.890625
3o4k225w,delayed_mlp,2,i45/p45,283361280,967.79296875
3o4k225w,delayed_mlp,2,i45/p45,288030720,967.58203125
3o4k225w,delayed_mlp,2,i45/p45,292945920,967.984375
3o4k225w,delayed_mlp,2,i45/p45,297615360,967.23828125
3o4k225w,delayed_mlp,2,i45/p45,302530560,965.7109375
3o4k225w,delayed_mlp,2,i45/p45,307200000,967.25
3o4k225w,delayed_mlp,2,i45/p45,312115200,966.95703125
3o4k225w,delayed_mlp,2,i45/p45,317030400,967.6484375
3o4k225w,delayed_mlp,2,i45/p45,321699840,967.99609375
3o4k225w,delayed_mlp,2,i45/p45,326615040,966.26171875
3o4k225w,delayed_mlp,2,i45/p45,331284480,968.62109375
3o4k225w,delayed_mlp,2,i45/p45,336199680,968.53515625
3o4k225w,delayed_mlp,2,i45/p45,340869120,968.515625
3o4k225w,delayed_mlp,2,i45/p45,345784320,968.7265625
3o4k225w,delayed_mlp,2,i45/p45,350453760,968.76171875
3o4k225w,delayed_mlp,2,i45/p45,355368960,969.3203125
3o4k225w,delayed_mlp,2,i45/p45,360038400,968.9765625
3o4k225w,delayed_mlp,2,i45/p45,364953600,969.1171875
3o4k225w,delayed_mlp,2,i45/p45,369623040,969.4609375
3o4k225w,delayed_mlp,2,i45/p45,374538240,969.88671875
3o4k225w,delayed_mlp,2,i45/p45,379207680,969.625
3o4k225w,delayed_mlp,2,i45/p45,384122880,969.43359375
3o4k225w,delayed_mlp,2,i45/p45,389038080,969.75390625
3o4k225w,delayed_mlp,2,i45/p45,393707520,969.6875
3o4k225w,delayed_mlp,2,i45/p45,398622720,969.671875
3o4k225w,delayed_mlp,2,i45/p45,403292160,970.08984375
3o4k225w,delayed_mlp,2,i45/p45,408207360,969.6875
3o4k225w,delayed_mlp,2,i45/p45,412876800,963.33984375
3o4k225w,delayed_mlp,2,i45/p45,417792000,968.41015625
3o4k225w,delayed_mlp,2,i45/p45,422461440,968.4375
3o4k225w,delayed_mlp,2,i45/p45,427376640,969.52734375
3o4k225w,delayed_mlp,2,i45/p45,432046080,969.7109375
3o4k225w,delayed_mlp,2,i45/p45,436961280,968.44140625
3o4k225w,delayed_mlp,2,i45/p45,441630720,969.48828125
3o4k225w,delayed_mlp,2,i45/p45,446545920,969.99609375
3o4k225w,delayed_mlp,2,i45/p45,451215360,970.01171875
3o4k225w,delayed_mlp,2,i45/p45,456130560,966.04296875
3o4k225w,delayed_mlp,2,i45/p45,460800000,969.21484375
3o4k225w,delayed_mlp,2,i45/p45,465715200,969.6328125
3o4k225w,delayed_mlp,2,i45/p45,470630400,970.02734375
3o4k225w,delayed_mlp,2,i45/p45,475299840,969.5703125
3o4k225w,delayed_mlp,2,i45/p45,480215040,969.953125
haa2liwa,delayed_mlp,5,i42/p1234,4915200,401.06640625
haa2liwa,delayed_mlp,5,i42/p1234,9830400,651.4765625
haa2liwa,delayed_mlp,5,i42/p1234,14499840,716.65625
haa2liwa,delayed_mlp,5,i42/p1234,19415040,772.17578125
haa2liwa,delayed_mlp,5,i42/p1234,24084480,781.421875
haa2liwa,delayed_mlp,5,i42/p1234,28999680,781.265625
haa2liwa,delayed_mlp,5,i42/p1234,33669120,803.8828125
haa2liwa,delayed_mlp,5,i42/p1234,38584320,813.94140625
haa2liwa,delayed_mlp,5,i42/p1234,43253760,534.4921875
haa2liwa,delayed_mlp,5,i42/p1234,48168960,723.671875
haa2liwa,delayed_mlp,5,i42/p1234,52838400,765.609375
haa2liwa,delayed_mlp,5,i42/p1234,57753600,822.6875
haa2liwa,delayed_mlp,5,i42/p1234,62423040,757.74609375
haa2liwa,delayed_mlp,5,i42/p1234,67338240,799.58984375
haa2liwa,delayed_mlp,5,i42/p1234,72007680,847.8359375
haa2liwa,delayed_mlp,5,i42/p1234,76922880,841.6875
haa2liwa,delayed_mlp,5,i42/p1234,81838080,805.90625
haa2liwa,delayed_mlp,5,i42/p1234,86507520,776.96484375
haa2liwa,delayed_mlp,5,i42/p1234,91422720,790.125
haa2liwa,delayed_mlp,5,i42/p1234,96092160,778.9296875
haa2liwa,delayed_mlp,5,i42/p1234,101007360,746.0703125
haa2liwa,delayed_mlp,5,i42/p1234,105676800,727.87890625
haa2liwa,delayed_mlp,5,i42/p1234,110592000,708.8125
haa2liwa,delayed_mlp,5,i42/p1234,115261440,704.2734375
haa2liwa,delayed_mlp,5,i42/p1234,120176640,766.87890625
haa2liwa,delayed_mlp,5,i42/p1234,124846080,740.48828125
haa2liwa,delayed_mlp,5,i42/p1234,129761280,749.1328125
haa2liwa,delayed_mlp,5,i42/p1234,134430720,779.3984375
haa2liwa,delayed_mlp,5,i42/p1234,139345920,798.58984375
haa2liwa,delayed_mlp,5,i42/p1234,144015360,862.546875
haa2liwa,delayed_mlp,5,i42/p1234,148930560,924.83984375
haa2liwa,delayed_mlp,5,i42/p1234,153600000,927.18359375
haa2liwa,delayed_mlp,5,i42/p1234,158515200,927.203125
haa2liwa,delayed_mlp,5,i42/p1234,163430400,929.29296875
haa2liwa,delayed_mlp,5,i42/p1234,168099840,927.546875
haa2liwa,delayed_mlp,5,i42/p1234,173015040,924.06640625
haa2liwa,delayed_mlp,5,i42/p1234,177684480,929.26171875
haa2liwa,delayed_mlp,5,i42/p1234,182599680,927.28515625
haa2liwa,delayed_mlp,5,i42/p1234,187269120,934.28515625
haa2liwa,delayed_mlp,5,i42/p1234,192184320,928.79296875
haa2liwa,delayed_mlp,5,i42/p1234,196853760,930.265625
haa2liwa,delayed_mlp,5,i42/p1234,201768960,932.8828125
haa2liwa,delayed_mlp,5,i42/p1234,206438400,935.1015625
haa2liwa,delayed_mlp,5,i42/p1234,211353600,939.30859375
haa2liwa,delayed_mlp,5,i42/p1234,216023040,940.45703125
haa2liwa,delayed_mlp,5,i42/p1234,220938240,940.95703125
haa2liwa,delayed_mlp,5,i42/p1234,225607680,933.56640625
haa2liwa,delayed_mlp,5,i42/p1234,230522880,942.79296875
haa2liwa,delayed_mlp,5,i42/p1234,235438080,939.3828125
haa2liwa,delayed_mlp,5,i42/p1234,240107520,940.203125
haa2liwa,delayed_mlp,5,i42/p1234,245022720,940.0703125
haa2liwa,delayed_mlp,5,i42/p1234,249692160,941.9921875
haa2liwa,delayed_mlp,5,i42/p1234,254607360,941.51953125
haa2liwa,delayed_mlp,5,i42/p1234,259276800,944.64453125
haa2liwa,delayed_mlp,5,i42/p1234,264192000,948.30859375
haa2liwa,delayed_mlp,5,i42/p1234,268861440,946.85546875
haa2liwa,delayed_mlp,5,i42/p1234,273776640,945.12890625
haa2liwa,delayed_mlp,5,i42/p1234,278446080,945.51953125
haa2liwa,delayed_mlp,5,i42/p1234,283361280,946.30859375
haa2liwa,delayed_mlp,5,i42/p1234,288030720,947.04296875
haa2liwa,delayed_mlp,5,i42/p1234,292945920,951.046875
haa2liwa,delayed_mlp,5,i42/p1234,297615360,950.921875
haa2liwa,delayed_mlp,5,i42/p1234,302530560,945.015625
haa2liwa,delayed_mlp,5,i42/p1234,307200000,951.8984375
haa2liwa,delayed_mlp,5,i42/p1234,312115200,952.0625
haa2liwa,delayed_mlp,5,i42/p1234,317030400,951.734375
haa2liwa,delayed_mlp,5,i42/p1234,321699840,951.04296875
haa2liwa,delayed_mlp,5,i42/p1234,326615040,953.15234375
haa2liwa,delayed_mlp,5,i42/p1234,331284480,953.359375
haa2liwa,delayed_mlp,5,i42/p1234,336199680,951.3125
haa2liwa,delayed_mlp,5,i42/p1234,340869120,952.0234375
haa2liwa,delayed_mlp,5,i42/p1234,345784320,953.140625
haa2liwa,delayed_mlp,5,i42/p1234,350453760,953.30859375
haa2liwa,delayed_mlp,5,i42/p1234,355368960,950.66796875
haa2liwa,delayed_mlp,5,i42/p1234,360038400,954.5390625
haa2liwa,delayed_mlp,5,i42/p1234,364953600,948.23046875
haa2liwa,delayed_mlp,5,i42/p1234,369623040,955.83984375
haa2liwa,delayed_mlp,5,i42/p1234,374538240,954.7734375
haa2liwa,delayed_mlp,5,i42/p1234,379207680,955.15234375
haa2liwa,delayed_mlp,5,i42/p1234,384122880,955.7578125
haa2liwa,delayed_mlp,5,i42/p1234,389038080,956.15625
haa2liwa,delayed_mlp,5,i42/p1234,393707520,956.00390625
haa2liwa,delayed_mlp,5,i42/p1234,398622720,952.20703125
haa2liwa,delayed_mlp,5,i42/p1234,403292160,934.4140625
haa2liwa,delayed_mlp,5,i42/p1234,408207360,947.08203125
haa2liwa,delayed_mlp,5,i42/p1234,412876800,952.57421875
haa2liwa,delayed_mlp,5,i42/p1234,417792000,953.65625
haa2liwa,delayed_mlp,5,i42/p1234,422461440,956.86328125
haa2liwa,delayed_mlp,5,i42/p1234,427376640,958.0703125
haa2liwa,delayed_mlp,5,i42/p1234,432046080,939.83203125
haa2liwa,delayed_mlp,5,i42/p1234,436961280,935.13671875
haa2liwa,delayed_mlp,5,i42/p1234,441630720,958.59765625
haa2liwa,delayed_mlp,5,i42/p1234,446545920,960.125
haa2liwa,delayed_mlp,5,i42/p1234,451215360,960.26953125
haa2liwa,delayed_mlp,5,i42/p1234,456130560,958.30859375
haa2liwa,delayed_mlp,5,i42/p1234,460800000,958.796875
haa2liwa,delayed_mlp,5,i42/p1234,465715200,960.0625
haa2liwa,delayed_mlp,5,i42/p1234,470630400,956.6484375
haa2liwa,delayed_mlp,5,i42/p1234,475299840,960.63671875
haa2liwa,delayed_mlp,5,i42/p1234,480215040,959.78515625
s6lj3phn,delayed_mlp,5,i43/p43,4915200,131.7734375
s6lj3phn,delayed_mlp,5,i43/p43,9830400,701.078125
s6lj3phn,delayed_mlp,5,i43/p43,14499840,767.75390625
s6lj3phn,delayed_mlp,5,i43/p43,19415040,803.9609375
s6lj3phn,delayed_mlp,5,i43/p43,24084480,822.078125
s6lj3phn,delayed_mlp,5,i43/p43,28999680,835.875
s6lj3phn,delayed_mlp,5,i43/p43,33669120,851.85546875
s6lj3phn,delayed_mlp,5,i43/p43,38584320,859.46484375
s6lj3phn,delayed_mlp,5,i43/p43,43253760,860.14453125
s6lj3phn,delayed_mlp,5,i43/p43,48168960,822.14453125
s6lj3phn,delayed_mlp,5,i43/p43,52838400,816.61328125
s6lj3phn,delayed_mlp,5,i43/p43,57753600,800.5859375
s6lj3phn,delayed_mlp,5,i43/p43,62423040,759.7421875
s6lj3phn,delayed_mlp,5,i43/p43,67338240,748.7109375
s6lj3phn,delayed_mlp,5,i43/p43,72007680,765.10546875
s6lj3phn,delayed_mlp,5,i43/p43,76922880,759.52734375
s6lj3phn,delayed_mlp,5,i43/p43,81838080,722.02734375
s6lj3phn,delayed_mlp,5,i43/p43,86507520,715.33984375
s6lj3phn,delayed_mlp,5,i43/p43,91422720,751.4375
s6lj3phn,delayed_mlp,5,i43/p43,96092160,746.73046875
s6lj3phn,delayed_mlp,5,i43/p43,101007360,757.1875
s6lj3phn,delayed_mlp,5,i43/p43,105676800,849.640625
s6lj3phn,delayed_mlp,5,i43/p43,110592000,796.4140625
s6lj3phn,delayed_mlp,5,i43/p43,115261440,705.17578125
s6lj3phn,delayed_mlp,5,i43/p43,120176640,831.63671875
s6lj3phn,delayed_mlp,5,i43/p43,124846080,881.109375
s6lj3phn,delayed_mlp,5,i43/p43,129761280,869.69921875
s6lj3phn,delayed_mlp,5,i43/p43,134430720,887.36328125
s6lj3phn,delayed_mlp,5,i43/p43,139345920,901.44921875
s6lj3phn,delayed_mlp,5,i43/p43,144015360,925.515625
s6lj3phn,delayed_mlp,5,i43/p43,148930560,926.9921875
s6lj3phn,delayed_mlp,5,i43/p43,153600000,928.3828125
s6lj3phn,delayed_mlp,5,i43/p43,158515200,929.05078125
s6lj3phn,delayed_mlp,5,i43/p43,163430400,927.49609375
s6lj3phn,delayed_mlp,5,i43/p43,168099840,927.3671875
s6lj3phn,delayed_mlp,5,i43/p43,173015040,928.55078125
s6lj3phn,delayed_mlp,5,i43/p43,177684480,930.8515625
s6lj3phn,delayed_mlp,5,i43/p43,182599680,932.71484375
s6lj3phn,delayed_mlp,5,i43/p43,187269120,932.6796875
s6lj3phn,delayed_mlp,5,i43/p43,192184320,932.87109375
s6lj3phn,delayed_mlp,5,i43/p43,196853760,932.06640625
s6lj3phn,delayed_mlp,5,i43/p43,201768960,932.40234375
s6lj3phn,delayed_mlp,5,i43/p43,206438400,932.4765625
s6lj3phn,delayed_mlp,5,i43/p43,211353600,933.8828125
s6lj3phn,delayed_mlp,5,i43/p43,216023040,933.98828125
s6lj3phn,delayed_mlp,5,i43/p43,220938240,933.234375
s6lj3phn,delayed_mlp,5,i43/p43,225607680,929.62109375
s6lj3phn,delayed_mlp,5,i43/p43,230522880,929.7734375
s6lj3phn,delayed_mlp,5,i43/p43,235438080,930.4453125
s6lj3phn,delayed_mlp,5,i43/p43,240107520,933.87890625
s6lj3phn,delayed_mlp,5,i43/p43,245022720,935.06640625
s6lj3phn,delayed_mlp,5,i43/p43,249692160,935.015625
s6lj3phn,delayed_mlp,5,i43/p43,254607360,935.33203125
s6lj3phn,delayed_mlp,5,i43/p43,259276800,935.796875
s6lj3phn,delayed_mlp,5,i43/p43,264192000,936.25
s6lj3phn,delayed_mlp,5,i43/p43,268861440,932.7265625
s6lj3phn,delayed_mlp,5,i43/p43,273776640,936.734375
s6lj3phn,delayed_mlp,5,i43/p43,278446080,933.93359375
s6lj3phn,delayed_mlp,5,i43/p43,283361280,936.96484375
s6lj3phn,delayed_mlp,5,i43/p43,288030720,936.953125
s6lj3phn,delayed_mlp,5,i43/p43,292945920,936.64453125
s6lj3phn,delayed_mlp,5,i43/p43,297615360,937.328125
s6lj3phn,delayed_mlp,5,i43/p43,302530560,937.55859375
s6lj3phn,delayed_mlp,5,i43/p43,307200000,937.17578125
s6lj3phn,delayed_mlp,5,i43/p43,312115200,938.046875
s6lj3phn,delayed_mlp,5,i43/p43,317030400,938.546875
s6lj3phn,delayed_mlp,5,i43/p43,321699840,653.9296875
s6lj3phn,delayed_mlp,5,i43/p43,326615040,757.5546875
s6lj3phn,delayed_mlp,5,i43/p43,331284480,818.359375
s6lj3phn,delayed_mlp,5,i43/p43,336199680,838.8828125
s6lj3phn,delayed_mlp,5,i43/p43,340869120,871.84375
s6lj3phn,delayed_mlp,5,i43/p43,345784320,888.41015625
s6lj3phn,delayed_mlp,5,i43/p43,350453760,896.01171875
s6lj3phn,delayed_mlp,5,i43/p43,355368960,907.00390625
s6lj3phn,delayed_mlp,5,i43/p43,360038400,903.66015625
s6lj3phn,delayed_mlp,5,i43/p43,364953600,914.36328125
s6lj3phn,delayed_mlp,5,i43/p43,369623040,914.8515625
s6lj3phn,delayed_mlp,5,i43/p43,374538240,907.80859375
s6lj3phn,delayed_mlp,5,i43/p43,379207680,914.8125
s6lj3phn,delayed_mlp,5,i43/p43,384122880,917.08203125
s6lj3phn,delayed_mlp,5,i43/p43,389038080,918.2734375
s6lj3phn,delayed_mlp,5,i43/p43,393707520,920.43359375
s6lj3phn,delayed_mlp,5,i43/p43,398622720,922.390625
s6lj3phn,delayed_mlp,5,i43/p43,403292160,928.46875
s6lj3phn,delayed_mlp,5,i43/p43,408207360,928.94140625
s6lj3phn,delayed_mlp,5,i43/p43,412876800,930.23828125
s6lj3phn,delayed_mlp,5,i43/p43,417792000,932.01171875
s6lj3phn,delayed_mlp,5,i43/p43,422461440,932.09765625
s6lj3phn,delayed_mlp,5,i43/p43,427376640,932.93359375
s6lj3phn,delayed_mlp,5,i43/p43,432046080,934.75390625
s6lj3phn,delayed_mlp,5,i43/p43,436961280,935.71875
s6lj3phn,delayed_mlp,5,i43/p43,441630720,935.3671875
s6lj3phn,delayed_mlp,5,i43/p43,446545920,936.6640625
s6lj3phn,delayed_mlp,5,i43/p43,451215360,937.65625
s6lj3phn,delayed_mlp,5,i43/p43,456130560,938.95703125
s6lj3phn,delayed_mlp,5,i43/p43,460800000,941.1328125
s6lj3phn,delayed_mlp,5,i43/p43,465715200,941.484375
s6lj3phn,delayed_mlp,5,i43/p43,470630400,941.66015625
s6lj3phn,delayed_mlp,5,i43/p43,475299840,942.0078125
s6lj3phn,delayed_mlp,5,i43/p43,480215040,942.0703125
4q031yv7,delayed_mlp,5,i45/p45,4915200,350.90625
4q031yv7,delayed_mlp,5,i45/p45,9830400,669.2890625
4q031yv7,delayed_mlp,5,i45/p45,14499840,739.80078125
4q031yv7,delayed_mlp,5,i45/p45,19415040,779.640625
4q031yv7,delayed_mlp,5,i45/p45,24084480,790.05078125
4q031yv7,delayed_mlp,5,i45/p45,28999680,790.953125
4q031yv7,delayed_mlp,5,i45/p45,33669120,815.8125
4q031yv7,delayed_mlp,5,i45/p45,38584320,829.5859375
4q031yv7,delayed_mlp,5,i45/p45,43253760,843.53125
4q031yv7,delayed_mlp,5,i45/p45,48168960,863.421875
4q031yv7,delayed_mlp,5,i45/p45,52838400,869.38671875
4q031yv7,delayed_mlp,5,i45/p45,57753600,827.29296875
4q031yv7,delayed_mlp,5,i45/p45,62423040,761.36328125
4q031yv7,delayed_mlp,5,i45/p45,67338240,666.48046875
4q031yv7,delayed_mlp,5,i45/p45,72007680,595.66015625
4q031yv7,delayed_mlp,5,i45/p45,76922880,589.75390625
4q031yv7,delayed_mlp,5,i45/p45,81838080,599.203125
4q031yv7,delayed_mlp,5,i45/p45,86507520,615.16015625
4q031yv7,delayed_mlp,5,i45/p45,91422720,673.09375
4q031yv7,delayed_mlp,5,i45/p45,96092160,691.125
4q031yv7,delayed_mlp,5,i45/p45,101007360,707.04296875
4q031yv7,delayed_mlp,5,i45/p45,105676800,746.03515625
4q031yv7,delayed_mlp,5,i45/p45,110592000,778.65625
4q031yv7,delayed_mlp,5,i45/p45,115261440,789.1875
4q031yv7,delayed_mlp,5,i45/p45,120176640,818.5625
4q031yv7,delayed_mlp,5,i45/p45,124846080,800.0
4q031yv7,delayed_mlp,5,i45/p45,129761280,779.0390625
4q031yv7,delayed_mlp,5,i45/p45,134430720,828.578125
4q031yv7,delayed_mlp,5,i45/p45,139345920,792.65625
4q031yv7,delayed_mlp,5,i45/p45,144015360,811.578125
4q031yv7,delayed_mlp,5,i45/p45,148930560,838.75390625
4q031yv7,delayed_mlp,5,i45/p45,153600000,855.19921875
4q031yv7,delayed_mlp,5,i45/p45,158515200,837.07421875
4q031yv7,delayed_mlp,5,i45/p45,163430400,835.0234375
4q031yv7,delayed_mlp,5,i45/p45,168099840,837.12890625
4q031yv7,delayed_mlp,5,i45/p45,173015040,875.07421875
4q031yv7,delayed_mlp,5,i45/p45,177684480,876.43359375
4q031yv7,delayed_mlp,5,i45/p45,182599680,890.29296875
4q031yv7,delayed_mlp,5,i45/p45,187269120,921.21875
4q031yv7,delayed_mlp,5,i45/p45,192184320,926.9140625
4q031yv7,delayed_mlp,5,i45/p45,196853760,930.0234375
4q031yv7,delayed_mlp,5,i45/p45,201768960,931.6640625
4q031yv7,delayed_mlp,5,i45/p45,206438400,938.203125
4q031yv7,delayed_mlp,5,i45/p45,211353600,939.39453125
4q031yv7,delayed_mlp,5,i45/p45,216023040,941.5390625
4q031yv7,delayed_mlp,5,i45/p45,220938240,936.4765625
4q031yv7,delayed_mlp,5,i45/p45,225607680,942.3125
4q031yv7,delayed_mlp,5,i45/p45,230522880,942.51171875
4q031yv7,delayed_mlp,5,i45/p45,235438080,943.7265625
4q031yv7,delayed_mlp,5,i45/p45,240107520,944.8046875
4q031yv7,delayed_mlp,5,i45/p45,245022720,945.51171875
4q031yv7,delayed_mlp,5,i45/p45,249692160,946.62890625
4q031yv7,delayed_mlp,5,i45/p45,254607360,943.09765625
4q031yv7,delayed_mlp,5,i45/p45,259276800,943.140625
4q031yv7,delayed_mlp,5,i45/p45,264192000,947.72265625
4q031yv7,delayed_mlp,5,i45/p45,268861440,947.59765625
4q031yv7,delayed_mlp,5,i45/p45,273776640,949.03515625
4q031yv7,delayed_mlp,5,i45/p45,278446080,948.19140625
4q031yv7,delayed_mlp,5,i45/p45,283361280,948.0234375
4q031yv7,delayed_mlp,5,i45/p45,288030720,949.0
4q031yv7,delayed_mlp,5,i45/p45,292945920,949.67578125
4q031yv7,delayed_mlp,5,i45/p45,297615360,950.55859375
4q031yv7,delayed_mlp,5,i45/p45,302530560,950.41015625
4q031yv7,delayed_mlp,5,i45/p45,307200000,948.953125
4q031yv7,delayed_mlp,5,i45/p45,312115200,949.84765625
4q031yv7,delayed_mlp,5,i45/p45,317030400,950.84765625
4q031yv7,delayed_mlp,5,i45/p45,321699840,951.0703125
4q031yv7,delayed_mlp,5,i45/p45,326615040,948.36328125
4q031yv7,delayed_mlp,5,i45/p45,331284480,952.9453125
4q031yv7,delayed_mlp,5,i45/p45,336199680,949.16015625
4q031yv7,delayed_mlp,5,i45/p45,340869120,948.73828125
4q031yv7,delayed_mlp,5,i45/p45,345784320,949.44921875
4q031yv7,delayed_mlp,5,i45/p45,350453760,949.1015625
4q031yv7,delayed_mlp,5,i45/p45,355368960,949.765625
4q031yv7,delayed_mlp,5,i45/p45,360038400,949.86328125
4q031yv7,delayed_mlp,5,i45/p45,364953600,949.9921875
4q031yv7,delayed_mlp,5,i45/p45,369623040,950.703125
4q031yv7,delayed_mlp,5,i45/p45,374538240,954.53125
4q031yv7,delayed_mlp,5,i45/p45,379207680,954.34765625
4q031yv7,delayed_mlp,5,i45/p45,384122880,954.48828125
4q031yv7,delayed_mlp,5,i45/p45,389038080,953.69921875
4q031yv7,delayed_mlp,5,i45/p45,393707520,953.6640625
4q031yv7,delayed_mlp,5,i45/p45,398622720,953.734375
4q031yv7,delayed_mlp,5,i45/p45,403292160,954.7265625
4q031yv7,delayed_mlp,5,i45/p45,408207360,950.9296875
4q031yv7,delayed_mlp,5,i45/p45,412876800,951.2421875
4q031yv7,delayed_mlp,5,i45/p45,417792000,951.94140625
4q031yv7,delayed_mlp,5,i45/p45,422461440,955.4921875
4q031yv7,delayed_mlp,5,i45/p45,427376640,956.125
4q031yv7,delayed_mlp,5,i45/p45,432046080,957.1484375
4q031yv7,delayed_mlp,5,i45/p45,436961280,956.53125
4q031yv7,delayed_mlp,5,i45/p45,441630720,956.8125
4q031yv7,delayed_mlp,5,i45/p45,446545920,957.62109375
4q031yv7,delayed_mlp,5,i45/p45,451215360,958.109375
4q031yv7,delayed_mlp,5,i45/p45,456130560,958.296875
4q031yv7,delayed_mlp,5,i45/p45,460800000,958.56640625
4q031yv7,delayed_mlp,5,i45/p45,465715200,958.58203125
4q031yv7,delayed_mlp,5,i45/p45,470630400,958.390625
4q031yv7,delayed_mlp,5,i45/p45,475299840,958.609375
4q031yv7,delayed_mlp,5,i45/p45,480215040,958.9296875
arnshycb,delayed_mlp,7,i42/p1234,4915200,325.96484375
arnshycb,delayed_mlp,7,i42/p1234,9830400,615.375
arnshycb,delayed_mlp,7,i42/p1234,14499840,674.83203125
arnshycb,delayed_mlp,7,i42/p1234,19415040,723.47265625
arnshycb,delayed_mlp,7,i42/p1234,24084480,737.89453125
arnshycb,delayed_mlp,7,i42/p1234,28999680,758.125
arnshycb,delayed_mlp,7,i42/p1234,33669120,766.0859375
arnshycb,delayed_mlp,7,i42/p1234,38584320,787.828125
arnshycb,delayed_mlp,7,i42/p1234,43253760,796.81640625
arnshycb,delayed_mlp,7,i42/p1234,48168960,821.30859375
arnshycb,delayed_mlp,7,i42/p1234,52838400,825.23046875
arnshycb,delayed_mlp,7,i42/p1234,57753600,811.234375
arnshycb,delayed_mlp,7,i42/p1234,62423040,829.87109375
arnshycb,delayed_mlp,7,i42/p1234,67338240,840.640625
arnshycb,delayed_mlp,7,i42/p1234,72007680,870.328125
arnshycb,delayed_mlp,7,i42/p1234,76922880,854.234375
arnshycb,delayed_mlp,7,i42/p1234,81838080,851.703125
arnshycb,delayed_mlp,7,i42/p1234,86507520,864.23828125
arnshycb,delayed_mlp,7,i42/p1234,91422720,870.93359375
arnshycb,delayed_mlp,7,i42/p1234,96092160,866.296875
arnshycb,delayed_mlp,7,i42/p1234,101007360,871.94921875
arnshycb,delayed_mlp,7,i42/p1234,105676800,848.15625
arnshycb,delayed_mlp,7,i42/p1234,110592000,758.5625
arnshycb,delayed_mlp,7,i42/p1234,115261440,828.59765625
arnshycb,delayed_mlp,7,i42/p1234,120176640,804.04296875
arnshycb,delayed_mlp,7,i42/p1234,124846080,847.78125
arnshycb,delayed_mlp,7,i42/p1234,129761280,518.6953125
arnshycb,delayed_mlp,7,i42/p1234,134430720,627.6484375
arnshycb,delayed_mlp,7,i42/p1234,139345920,604.78125
arnshycb,delayed_mlp,7,i42/p1234,144015360,667.13671875
arnshycb,delayed_mlp,7,i42/p1234,148930560,776.49609375
arnshycb,delayed_mlp,7,i42/p1234,153600000,801.00390625
arnshycb,delayed_mlp,7,i42/p1234,158515200,818.84375
arnshycb,delayed_mlp,7,i42/p1234,163430400,858.88671875
arnshycb,delayed_mlp,7,i42/p1234,168099840,822.46875
arnshycb,delayed_mlp,7,i42/p1234,173015040,844.03125
arnshycb,delayed_mlp,7,i42/p1234,177684480,873.64453125
arnshycb,delayed_mlp,7,i42/p1234,182599680,845.8359375
arnshycb,delayed_mlp,7,i42/p1234,187269120,869.19140625
arnshycb,delayed_mlp,7,i42/p1234,192184320,864.5625
arnshycb,delayed_mlp,7,i42/p1234,196853760,866.98046875
arnshycb,delayed_mlp,7,i42/p1234,201768960,863.38671875
arnshycb,delayed_mlp,7,i42/p1234,206438400,874.5
arnshycb,delayed_mlp,7,i42/p1234,211353600,891.2890625
arnshycb,delayed_mlp,7,i42/p1234,216023040,896.859375
arnshycb,delayed_mlp,7,i42/p1234,220938240,879.16015625
arnshycb,delayed_mlp,7,i42/p1234,225607680,872.1328125
arnshycb,delayed_mlp,7,i42/p1234,230522880,880.26953125
arnshycb,delayed_mlp,7,i42/p1234,235438080,860.3203125
arnshycb,delayed_mlp,7,i42/p1234,240107520,862.34765625
arnshycb,delayed_mlp,7,i42/p1234,245022720,891.203125
arnshycb,delayed_mlp,7,i42/p1234,249692160,847.1953125
arnshycb,delayed_mlp,7,i42/p1234,254607360,868.9921875
arnshycb,delayed_mlp,7,i42/p1234,259276800,903.484375
arnshycb,delayed_mlp,7,i42/p1234,264192000,909.6875
arnshycb,delayed_mlp,7,i42/p1234,268861440,899.76171875
arnshycb,delayed_mlp,7,i42/p1234,273776640,877.7265625
arnshycb,delayed_mlp,7,i42/p1234,278446080,905.52734375
arnshycb,delayed_mlp,7,i42/p1234,283361280,903.9296875
arnshycb,delayed_mlp,7,i42/p1234,288030720,897.421875
arnshycb,delayed_mlp,7,i42/p1234,292945920,923.91796875
arnshycb,delayed_mlp,7,i42/p1234,297615360,930.5625
arnshycb,delayed_mlp,7,i42/p1234,302530560,886.59375
arnshycb,delayed_mlp,7,i42/p1234,307200000,916.9765625
arnshycb,delayed_mlp,7,i42/p1234,312115200,894.1015625
arnshycb,delayed_mlp,7,i42/p1234,317030400,899.16015625
arnshycb,delayed_mlp,7,i42/p1234,321699840,877.89453125
arnshycb,delayed_mlp,7,i42/p1234,326615040,926.7890625
arnshycb,delayed_mlp,7,i42/p1234,331284480,928.26953125
arnshycb,delayed_mlp,7,i42/p1234,336199680,932.25
arnshycb,delayed_mlp,7,i42/p1234,340869120,933.4609375
arnshycb,delayed_mlp,7,i42/p1234,345784320,935.48828125
arnshycb,delayed_mlp,7,i42/p1234,350453760,935.984375
arnshycb,delayed_mlp,7,i42/p1234,355368960,934.59765625
arnshycb,delayed_mlp,7,i42/p1234,360038400,936.5859375
arnshycb,delayed_mlp,7,i42/p1234,364953600,937.44921875
arnshycb,delayed_mlp,7,i42/p1234,369623040,929.421875
arnshycb,delayed_mlp,7,i42/p1234,374538240,937.50390625
arnshycb,delayed_mlp,7,i42/p1234,379207680,932.63671875
arnshycb,delayed_mlp,7,i42/p1234,384122880,934.3828125
arnshycb,delayed_mlp,7,i42/p1234,389038080,897.046875
arnshycb,delayed_mlp,7,i42/p1234,393707520,925.53515625
arnshycb,delayed_mlp,7,i42/p1234,398622720,911.234375
arnshycb,delayed_mlp,7,i42/p1234,403292160,927.984375
arnshycb,delayed_mlp,7,i42/p1234,408207360,941.2890625
arnshycb,delayed_mlp,7,i42/p1234,412876800,940.90625
arnshycb,delayed_mlp,7,i42/p1234,417792000,941.96875
arnshycb,delayed_mlp,7,i42/p1234,422461440,942.0546875
arnshycb,delayed_mlp,7,i42/p1234,427376640,941.64453125
arnshycb,delayed_mlp,7,i42/p1234,432046080,940.24609375
arnshycb,delayed_mlp,7,i42/p1234,436961280,924.375
arnshycb,delayed_mlp,7,i42/p1234,441630720,933.03125
arnshycb,delayed_mlp,7,i42/p1234,446545920,942.77734375
arnshycb,delayed_mlp,7,i42/p1234,451215360,942.71484375
arnshycb,delayed_mlp,7,i42/p1234,456130560,940.15234375
arnshycb,delayed_mlp,7,i42/p1234,460800000,940.4765625
arnshycb,delayed_mlp,7,i42/p1234,465715200,942.63671875
arnshycb,delayed_mlp,7,i42/p1234,470630400,944.20703125
arnshycb,delayed_mlp,7,i42/p1234,475299840,941.95703125
arnshycb,delayed_mlp,7,i42/p1234,480215040,944.109375
icn8rgcb,delayed_mlp,7,i43/p43,4915200,60.1171875
icn8rgcb,delayed_mlp,7,i43/p43,9830400,584.484375
icn8rgcb,delayed_mlp,7,i43/p43,14499840,688.10546875
icn8rgcb,delayed_mlp,7,i43/p43,19415040,762.28125
icn8rgcb,delayed_mlp,7,i43/p43,24084480,787.8046875
icn8rgcb,delayed_mlp,7,i43/p43,28999680,787.359375
icn8rgcb,delayed_mlp,7,i43/p43,33669120,792.16015625
icn8rgcb,delayed_mlp,7,i43/p43,38584320,802.7421875
icn8rgcb,delayed_mlp,7,i43/p43,43253760,815.66796875
icn8rgcb,delayed_mlp,7,i43/p43,48168960,730.2421875
icn8rgcb,delayed_mlp,7,i43/p43,52838400,822.921875
icn8rgcb,delayed_mlp,7,i43/p43,57753600,825.98046875
icn8rgcb,delayed_mlp,7,i43/p43,62423040,831.07421875
icn8rgcb,delayed_mlp,7,i43/p43,67338240,826.26953125
icn8rgcb,delayed_mlp,7,i43/p43,72007680,827.84375
icn8rgcb,delayed_mlp,7,i43/p43,76922880,839.8515625
icn8rgcb,delayed_mlp,7,i43/p43,81838080,853.62890625
icn8rgcb,delayed_mlp,7,i43/p43,86507520,848.84765625
icn8rgcb,delayed_mlp,7,i43/p43,91422720,844.19140625
icn8rgcb,delayed_mlp,7,i43/p43,96092160,850.53125
icn8rgcb,delayed_mlp,7,i43/p43,101007360,855.0859375
icn8rgcb,delayed_mlp,7,i43/p43,105676800,865.80859375
icn8rgcb,delayed_mlp,7,i43/p43,110592000,860.64453125
icn8rgcb,delayed_mlp,7,i43/p43,115261440,866.375
icn8rgcb,delayed_mlp,7,i43/p43,120176640,863.125
icn8rgcb,delayed_mlp,7,i43/p43,124846080,864.8203125
icn8rgcb,delayed_mlp,7,i43/p43,129761280,860.30859375
icn8rgcb,delayed_mlp,7,i43/p43,134430720,870.48828125
icn8rgcb,delayed_mlp,7,i43/p43,139345920,870.54296875
icn8rgcb,delayed_mlp,7,i43/p43,144015360,885.08203125
icn8rgcb,delayed_mlp,7,i43/p43,148930560,870.3125
icn8rgcb,delayed_mlp,7,i43/p43,153600000,869.12890625
icn8rgcb,delayed_mlp,7,i43/p43,158515200,883.65234375
icn8rgcb,delayed_mlp,7,i43/p43,163430400,878.2265625
icn8rgcb,delayed_mlp,7,i43/p43,168099840,900.109375
icn8rgcb,delayed_mlp,7,i43/p43,173015040,888.609375
icn8rgcb,delayed_mlp,7,i43/p43,177684480,890.23828125
icn8rgcb,delayed_mlp,7,i43/p43,182599680,895.12890625
icn8rgcb,delayed_mlp,7,i43/p43,187269120,897.62890625
icn8rgcb,delayed_mlp,7,i43/p43,192184320,897.046875
icn8rgcb,delayed_mlp,7,i43/p43,196853760,877.8984375
icn8rgcb,delayed_mlp,7,i43/p43,201768960,895.58203125
icn8rgcb,delayed_mlp,7,i43/p43,206438400,895.82421875
icn8rgcb,delayed_mlp,7,i43/p43,211353600,902.46875
icn8rgcb,delayed_mlp,7,i43/p43,216023040,905.28515625
icn8rgcb,delayed_mlp,7,i43/p43,220938240,917.56640625
icn8rgcb,delayed_mlp,7,i43/p43,225607680,911.03515625
icn8rgcb,delayed_mlp,7,i43/p43,230522880,916.484375
icn8rgcb,delayed_mlp,7,i43/p43,235438080,918.70703125
icn8rgcb,delayed_mlp,7,i43/p43,240107520,916.66015625
icn8rgcb,delayed_mlp,7,i43/p43,245022720,924.91015625
icn8rgcb,delayed_mlp,7,i43/p43,249692160,919.99609375
icn8rgcb,delayed_mlp,7,i43/p43,254607360,931.56640625
icn8rgcb,delayed_mlp,7,i43/p43,259276800,925.2265625
icn8rgcb,delayed_mlp,7,i43/p43,264192000,918.5390625
icn8rgcb,delayed_mlp,7,i43/p43,268861440,926.3359375
icn8rgcb,delayed_mlp,7,i43/p43,273776640,933.203125
icn8rgcb,delayed_mlp,7,i43/p43,278446080,928.26171875
icn8rgcb,delayed_mlp,7,i43/p43,283361280,923.58984375
icn8rgcb,delayed_mlp,7,i43/p43,288030720,929.59375
icn8rgcb,delayed_mlp,7,i43/p43,292945920,866.80078125
icn8rgcb,delayed_mlp,7,i43/p43,297615360,866.8046875
icn8rgcb,delayed_mlp,7,i43/p43,302530560,883.42578125
icn8rgcb,delayed_mlp,7,i43/p43,307200000,907.40234375
icn8rgcb,delayed_mlp,7,i43/p43,312115200,913.6953125
icn8rgcb,delayed_mlp,7,i43/p43,317030400,930.55078125
icn8rgcb,delayed_mlp,7,i43/p43,321699840,927.80859375
icn8rgcb,delayed_mlp,7,i43/p43,326615040,935.875
icn8rgcb,delayed_mlp,7,i43/p43,331284480,936.359375
icn8rgcb,delayed_mlp,7,i43/p43,336199680,933.32421875
icn8rgcb,delayed_mlp,7,i43/p43,340869120,938.90625
icn8rgcb,delayed_mlp,7,i43/p43,345784320,937.40625
icn8rgcb,delayed_mlp,7,i43/p43,350453760,903.01171875
icn8rgcb,delayed_mlp,7,i43/p43,355368960,936.828125
icn8rgcb,delayed_mlp,7,i43/p43,360038400,932.62890625
icn8rgcb,delayed_mlp,7,i43/p43,364953600,936.57421875
icn8rgcb,delayed_mlp,7,i43/p43,369623040,935.37890625
icn8rgcb,delayed_mlp,7,i43/p43,374538240,934.921875
icn8rgcb,delayed_mlp,7,i43/p43,379207680,931.62890625
icn8rgcb,delayed_mlp,7,i43/p43,384122880,933.52734375
icn8rgcb,delayed_mlp,7,i43/p43,389038080,938.45703125
icn8rgcb,delayed_mlp,7,i43/p43,393707520,938.19140625
icn8rgcb,delayed_mlp,7,i43/p43,398622720,937.859375
icn8rgcb,delayed_mlp,7,i43/p43,403292160,943.28125
icn8rgcb,delayed_mlp,7,i43/p43,408207360,933.671875
icn8rgcb,delayed_mlp,7,i43/p43,412876800,941.1796875
icn8rgcb,delayed_mlp,7,i43/p43,417792000,941.70703125
icn8rgcb,delayed_mlp,7,i43/p43,422461440,943.69140625
icn8rgcb,delayed_mlp,7,i43/p43,427376640,945.265625
icn8rgcb,delayed_mlp,7,i43/p43,432046080,941.796875
icn8rgcb,delayed_mlp,7,i43/p43,436961280,946.30078125
icn8rgcb,delayed_mlp,7,i43/p43,441630720,946.1796875
icn8rgcb,delayed_mlp,7,i43/p43,446545920,940.69140625
icn8rgcb,delayed_mlp,7,i43/p43,451215360,941.56640625
icn8rgcb,delayed_mlp,7,i43/p43,456130560,942.15625
icn8rgcb,delayed_mlp,7,i43/p43,460800000,948.0625
icn8rgcb,delayed_mlp,7,i43/p43,465715200,945.75
icn8rgcb,delayed_mlp,7,i43/p43,470630400,949.8046875
icn8rgcb,delayed_mlp,7,i43/p43,475299840,948.49609375
icn8rgcb,delayed_mlp,7,i43/p43,480215040,947.93359375
dyfuh7fu,delayed_mlp,7,i45/p45,4915200,357.4453125
dyfuh7fu,delayed_mlp,7,i45/p45,9830400,668.15625
dyfuh7fu,delayed_mlp,7,i45/p45,14499840,689.66796875
dyfuh7fu,delayed_mlp,7,i45/p45,19415040,755.94921875
dyfuh7fu,delayed_mlp,7,i45/p45,24084480,778.78125
dyfuh7fu,delayed_mlp,7,i45/p45,28999680,810.8125
dyfuh7fu,delayed_mlp,7,i45/p45,33669120,826.2265625
dyfuh7fu,delayed_mlp,7,i45/p45,38584320,810.63671875
dyfuh7fu,delayed_mlp,7,i45/p45,43253760,780.26171875
dyfuh7fu,delayed_mlp,7,i45/p45,48168960,673.3828125
dyfuh7fu,delayed_mlp,7,i45/p45,52838400,649.9921875
dyfuh7fu,delayed_mlp,7,i45/p45,57753600,632.31640625
dyfuh7fu,delayed_mlp,7,i45/p45,62423040,600.23828125
dyfuh7fu,delayed_mlp,7,i45/p45,67338240,748.55859375
dyfuh7fu,delayed_mlp,7,i45/p45,72007680,667.04296875
dyfuh7fu,delayed_mlp,7,i45/p45,76922880,693.7109375
dyfuh7fu,delayed_mlp,7,i45/p45,81838080,710.36328125
dyfuh7fu,delayed_mlp,7,i45/p45,86507520,768.3671875
dyfuh7fu,delayed_mlp,7,i45/p45,91422720,787.7109375
dyfuh7fu,delayed_mlp,7,i45/p45,96092160,709.4296875
dyfuh7fu,delayed_mlp,7,i45/p45,101007360,723.33203125
dyfuh7fu,delayed_mlp,7,i45/p45,105676800,738.94140625
dyfuh7fu,delayed_mlp,7,i45/p45,110592000,760.7734375
dyfuh7fu,delayed_mlp,7,i45/p45,115261440,753.7265625
dyfuh7fu,delayed_mlp,7,i45/p45,120176640,764.859375
dyfuh7fu,delayed_mlp,7,i45/p45,124846080,753.46875
dyfuh7fu,delayed_mlp,7,i45/p45,129761280,838.4375
dyfuh7fu,delayed_mlp,7,i45/p45,134430720,839.3671875
dyfuh7fu,delayed_mlp,7,i45/p45,139345920,853.2578125
dyfuh7fu,delayed_mlp,7,i45/p45,144015360,857.83203125
dyfuh7fu,delayed_mlp,7,i45/p45,148930560,897.69921875
dyfuh7fu,delayed_mlp,7,i45/p45,153600000,893.47265625
dyfuh7fu,delayed_mlp,7,i45/p45,158515200,845.0859375
dyfuh7fu,delayed_mlp,7,i45/p45,163430400,882.234375
dyfuh7fu,delayed_mlp,7,i45/p45,168099840,843.42578125
dyfuh7fu,delayed_mlp,7,i45/p45,173015040,888.0234375
dyfuh7fu,delayed_mlp,7,i45/p45,177684480,872.03125
dyfuh7fu,delayed_mlp,7,i45/p45,182599680,873.01953125
dyfuh7fu,delayed_mlp,7,i45/p45,187269120,920.98828125
dyfuh7fu,delayed_mlp,7,i45/p45,192184320,903.95703125
dyfuh7fu,delayed_mlp,7,i45/p45,196853760,827.2109375
dyfuh7fu,delayed_mlp,7,i45/p45,201768960,908.1171875
dyfuh7fu,delayed_mlp,7,i45/p45,206438400,854.61328125
dyfuh7fu,delayed_mlp,7,i45/p45,211353600,915.90234375
dyfuh7fu,delayed_mlp,7,i45/p45,216023040,898.67578125
dyfuh7fu,delayed_mlp,7,i45/p45,220938240,900.08984375
dyfuh7fu,delayed_mlp,7,i45/p45,225607680,936.42578125
dyfuh7fu,delayed_mlp,7,i45/p45,230522880,937.03515625
dyfuh7fu,delayed_mlp,7,i45/p45,235438080,937.59765625
dyfuh7fu,delayed_mlp,7,i45/p45,240107520,935.0546875
dyfuh7fu,delayed_mlp,7,i45/p45,245022720,931.30859375
dyfuh7fu,delayed_mlp,7,i45/p45,249692160,932.9921875
dyfuh7fu,delayed_mlp,7,i45/p45,254607360,935.15625
dyfuh7fu,delayed_mlp,7,i45/p45,259276800,934.61328125
dyfuh7fu,delayed_mlp,7,i45/p45,264192000,940.875
dyfuh7fu,delayed_mlp,7,i45/p45,268861440,924.90234375
dyfuh7fu,delayed_mlp,7,i45/p45,273776640,691.26171875
dyfuh7fu,delayed_mlp,7,i45/p45,278446080,799.11328125
dyfuh7fu,delayed_mlp,7,i45/p45,283361280,915.3046875
dyfuh7fu,delayed_mlp,7,i45/p45,288030720,931.78125
dyfuh7fu,delayed_mlp,7,i45/p45,292945920,941.5703125
dyfuh7fu,delayed_mlp,7,i45/p45,297615360,943.5859375
dyfuh7fu,delayed_mlp,7,i45/p45,302530560,940.73828125
dyfuh7fu,delayed_mlp,7,i45/p45,307200000,941.2734375
dyfuh7fu,delayed_mlp,7,i45/p45,312115200,943.52734375
dyfuh7fu,delayed_mlp,7,i45/p45,317030400,937.3125
dyfuh7fu,delayed_mlp,7,i45/p45,321699840,944.640625
dyfuh7fu,delayed_mlp,7,i45/p45,326615040,944.2109375
dyfuh7fu,delayed_mlp,7,i45/p45,331284480,946.16796875
dyfuh7fu,delayed_mlp,7,i45/p45,336199680,944.1796875
dyfuh7fu,delayed_mlp,7,i45/p45,340869120,946.52734375
dyfuh7fu,delayed_mlp,7,i45/p45,345784320,946.98828125
dyfuh7fu,delayed_mlp,7,i45/p45,350453760,943.63671875
dyfuh7fu,delayed_mlp,7,i45/p45,355368960,946.33984375
dyfuh7fu,delayed_mlp,7,i45/p45,360038400,918.515625
dyfuh7fu,delayed_mlp,7,i45/p45,364953600,919.31640625
dyfuh7fu,delayed_mlp,7,i45/p45,369623040,946.3046875
dyfuh7fu,delayed_mlp,7,i45/p45,374538240,941.2734375
dyfuh7fu,delayed_mlp,7,i45/p45,379207680,938.828125
dyfuh7fu,delayed_mlp,7,i45/p45,384122880,946.2265625
dyfuh7fu,delayed_mlp,7,i45/p45,389038080,947.3359375
dyfuh7fu,delayed_mlp,7,i45/p45,393707520,948.16796875
dyfuh7fu,delayed_mlp,7,i45/p45,398622720,948.1875
dyfuh7fu,delayed_mlp,7,i45/p45,403292160,948.30859375
dyfuh7fu,delayed_mlp,7,i45/p45,408207360,944.1875
dyfuh7fu,delayed_mlp,7,i45/p45,412876800,924.86328125
dyfuh7fu,delayed_mlp,7,i45/p45,417792000,947.49609375
dyfuh7fu,delayed_mlp,7,i45/p45,422461440,948.36328125
dyfuh7fu,delayed_mlp,7,i45/p45,427376640,927.4609375
dyfuh7fu,delayed_mlp,7,i45/p45,432046080,930.296875
dyfuh7fu,delayed_mlp,7,i45/p45,436961280,945.0234375
dyfuh7fu,delayed_mlp,7,i45/p45,441630720,946.1640625
dyfuh7fu,delayed_mlp,7,i45/p45,446545920,918.35546875
dyfuh7fu,delayed_mlp,7,i45/p45,451215360,948.33984375
dyfuh7fu,delayed_mlp,7,i45/p45,456130560,938.81640625
dyfuh7fu,delayed_mlp,7,i45/p45,460800000,949.421875
dyfuh7fu,delayed_mlp,7,i45/p45,465715200,951.046875
dyfuh7fu,delayed_mlp,7,i45/p45,470630400,950.9609375
dyfuh7fu,delayed_mlp,7,i45/p45,475299840,949.83203125
dyfuh7fu,delayed_mlp,7,i45/p45,480215040,945.640625
elttam67,delayed_mlp,10,i42/p1234,4915200,62.875
elttam67,delayed_mlp,10,i42/p1234,14499840,586.33203125
elttam67,delayed_mlp,10,i42/p1234,19415040,696.93359375
elttam67,delayed_mlp,10,i42/p1234,24084480,739.98828125
elttam67,delayed_mlp,10,i42/p1234,28999680,781.875
elttam67,delayed_mlp,10,i42/p1234,33669120,795.25
elttam67,delayed_mlp,10,i42/p1234,38584320,822.77734375
elttam67,delayed_mlp,10,i42/p1234,43253760,816.28125
elttam67,delayed_mlp,10,i42/p1234,48168960,750.20703125
elttam67,delayed_mlp,10,i42/p1234,52838400,703.71484375
elttam67,delayed_mlp,10,i42/p1234,57753600,704.25
elttam67,delayed_mlp,10,i42/p1234,62423040,689.40234375
elttam67,delayed_mlp,10,i42/p1234,67338240,747.4140625
elttam67,delayed_mlp,10,i42/p1234,72007680,730.38671875
elttam67,delayed_mlp,10,i42/p1234,76922880,851.0625
elttam67,delayed_mlp,10,i42/p1234,81838080,820.86328125
elttam67,delayed_mlp,10,i42/p1234,86507520,819.421875
elttam67,delayed_mlp,10,i42/p1234,91422720,801.484375
elttam67,delayed_mlp,10,i42/p1234,96092160,759.2578125
elttam67,delayed_mlp,10,i42/p1234,101007360,778.17578125
elttam67,delayed_mlp,10,i42/p1234,105676800,748.51171875
elttam67,delayed_mlp,10,i42/p1234,110592000,774.88671875
elttam67,delayed_mlp,10,i42/p1234,115261440,717.6640625
elttam67,delayed_mlp,10,i42/p1234,120176640,740.69140625
elttam67,delayed_mlp,10,i42/p1234,124846080,754.3203125
elttam67,delayed_mlp,10,i42/p1234,129761280,789.19140625
elttam67,delayed_mlp,10,i42/p1234,134430720,783.0703125
elttam67,delayed_mlp,10,i42/p1234,139345920,724.328125
elttam67,delayed_mlp,10,i42/p1234,144015360,777.4609375
elttam67,delayed_mlp,10,i42/p1234,148930560,765.8828125
elttam67,delayed_mlp,10,i42/p1234,153600000,800.96484375
elttam67,delayed_mlp,10,i42/p1234,158515200,778.91015625
elttam67,delayed_mlp,10,i42/p1234,163430400,771.2734375
elttam67,delayed_mlp,10,i42/p1234,168099840,785.71875
elttam67,delayed_mlp,10,i42/p1234,173015040,815.08984375
elttam67,delayed_mlp,10,i42/p1234,177684480,839.8203125
elttam67,delayed_mlp,10,i42/p1234,182599680,823.73828125
elttam67,delayed_mlp,10,i42/p1234,187269120,829.84765625
elttam67,delayed_mlp,10,i42/p1234,192184320,853.58984375
elttam67,delayed_mlp,10,i42/p1234,196853760,832.7421875
elttam67,delayed_mlp,10,i42/p1234,201768960,818.203125
elttam67,delayed_mlp,10,i42/p1234,206438400,858.46484375
elttam67,delayed_mlp,10,i42/p1234,211353600,873.09765625
elttam67,delayed_mlp,10,i42/p1234,216023040,929.8671875
elttam67,delayed_mlp,10,i42/p1234,220938240,919.921875
elttam67,delayed_mlp,10,i42/p1234,225607680,916.52734375
elttam67,delayed_mlp,10,i42/p1234,230522880,919.18359375
elttam67,delayed_mlp,10,i42/p1234,235438080,900.2734375
elttam67,delayed_mlp,10,i42/p1234,240107520,936.265625
elttam67,delayed_mlp,10,i42/p1234,245022720,936.10546875
elttam67,delayed_mlp,10,i42/p1234,249692160,934.53125
elttam67,delayed_mlp,10,i42/p1234,254607360,935.30078125
elttam67,delayed_mlp,10,i42/p1234,259276800,938.9453125
elttam67,delayed_mlp,10,i42/p1234,264192000,939.375
elttam67,delayed_mlp,10,i42/p1234,268861440,938.39453125
elttam67,delayed_mlp,10,i42/p1234,273776640,939.98046875
elttam67,delayed_mlp,10,i42/p1234,278446080,940.83203125
elttam67,delayed_mlp,10,i42/p1234,283361280,938.921875
elttam67,delayed_mlp,10,i42/p1234,288030720,940.83984375
elttam67,delayed_mlp,10,i42/p1234,292945920,942.1796875
elttam67,delayed_mlp,10,i42/p1234,297615360,941.71875
elttam67,delayed_mlp,10,i42/p1234,302530560,943.13671875
elttam67,delayed_mlp,10,i42/p1234,307200000,942.0859375
elttam67,delayed_mlp,10,i42/p1234,312115200,940.640625
elttam67,delayed_mlp,10,i42/p1234,317030400,943.65625
elttam67,delayed_mlp,10,i42/p1234,321699840,935.98046875
elttam67,delayed_mlp,10,i42/p1234,326615040,931.55078125
elttam67,delayed_mlp,10,i42/p1234,331284480,942.78125
elttam67,delayed_mlp,10,i42/p1234,336199680,946.3203125
elttam67,delayed_mlp,10,i42/p1234,340869120,946.9765625
elttam67,delayed_mlp,10,i42/p1234,345784320,946.875
elttam67,delayed_mlp,10,i42/p1234,350453760,941.71875
elttam67,delayed_mlp,10,i42/p1234,355368960,944.4921875
elttam67,delayed_mlp,10,i42/p1234,360038400,945.31640625
elttam67,delayed_mlp,10,i42/p1234,364953600,934.94140625
elttam67,delayed_mlp,10,i42/p1234,369623040,939.84765625
elttam67,delayed_mlp,10,i42/p1234,374538240,944.96484375
elttam67,delayed_mlp,10,i42/p1234,379207680,948.25
elttam67,delayed_mlp,10,i42/p1234,384122880,945.47265625
elttam67,delayed_mlp,10,i42/p1234,389038080,947.63671875
elttam67,delayed_mlp,10,i42/p1234,393707520,945.4453125
elttam67,delayed_mlp,10,i42/p1234,398622720,948.90234375
elttam67,delayed_mlp,10,i42/p1234,403292160,946.23046875
elttam67,delayed_mlp,10,i42/p1234,408207360,948.91796875
elttam67,delayed_mlp,10,i42/p1234,412876800,950.62890625
elttam67,delayed_mlp,10,i42/p1234,417792000,948.04296875
elttam67,delayed_mlp,10,i42/p1234,422461440,950.15234375
elttam67,delayed_mlp,10,i42/p1234,427376640,936.64453125
elttam67,delayed_mlp,10,i42/p1234,432046080,942.71875
elttam67,delayed_mlp,10,i42/p1234,436961280,938.86328125
elttam67,delayed_mlp,10,i42/p1234,441630720,933.1953125
elttam67,delayed_mlp,10,i42/p1234,446545920,930.484375
elttam67,delayed_mlp,10,i42/p1234,451215360,941.21484375
elttam67,delayed_mlp,10,i42/p1234,456130560,941.42578125
elttam67,delayed_mlp,10,i42/p1234,460800000,947.109375
elttam67,delayed_mlp,10,i42/p1234,465715200,939.71875
elttam67,delayed_mlp,10,i42/p1234,470630400,937.6640625
elttam67,delayed_mlp,10,i42/p1234,475299840,934.6015625
elttam67,delayed_mlp,10,i42/p1234,480215040,930.08984375
84wndhf2,delayed_mlp,10,i43/p43,4915200,24.4765625
84wndhf2,delayed_mlp,10,i43/p43,9830400,433.30078125
84wndhf2,delayed_mlp,10,i43/p43,14499840,697.22265625
84wndhf2,delayed_mlp,10,i43/p43,19415040,741.0390625
84wndhf2,delayed_mlp,10,i43/p43,24084480,777.48046875
84wndhf2,delayed_mlp,10,i43/p43,28999680,757.2265625
84wndhf2,delayed_mlp,10,i43/p43,33669120,790.078125
84wndhf2,delayed_mlp,10,i43/p43,38584320,812.20703125
84wndhf2,delayed_mlp,10,i43/p43,43253760,828.68359375
84wndhf2,delayed_mlp,10,i43/p43,48168960,813.734375
84wndhf2,delayed_mlp,10,i43/p43,52838400,817.2109375
84wndhf2,delayed_mlp,10,i43/p43,57753600,824.99609375
84wndhf2,delayed_mlp,10,i43/p43,62423040,707.7265625
84wndhf2,delayed_mlp,10,i43/p43,67338240,529.30859375
84wndhf2,delayed_mlp,10,i43/p43,72007680,639.74609375
84wndhf2,delayed_mlp,10,i43/p43,76922880,612.51953125
84wndhf2,delayed_mlp,10,i43/p43,81838080,620.5859375
84wndhf2,delayed_mlp,10,i43/p43,86507520,563.56640625
84wndhf2,delayed_mlp,10,i43/p43,91422720,547.28515625
84wndhf2,delayed_mlp,10,i43/p43,96092160,561.484375
84wndhf2,delayed_mlp,10,i43/p43,101007360,675.92578125
84wndhf2,delayed_mlp,10,i43/p43,105676800,772.5703125
84wndhf2,delayed_mlp,10,i43/p43,110592000,742.48046875
84wndhf2,delayed_mlp,10,i43/p43,115261440,652.35546875
84wndhf2,delayed_mlp,10,i43/p43,120176640,682.3046875
84wndhf2,delayed_mlp,10,i43/p43,124846080,702.2890625
84wndhf2,delayed_mlp,10,i43/p43,129761280,703.3203125
84wndhf2,delayed_mlp,10,i43/p43,134430720,684.95703125
84wndhf2,delayed_mlp,10,i43/p43,139345920,744.58984375
84wndhf2,delayed_mlp,10,i43/p43,144015360,751.47265625
84wndhf2,delayed_mlp,10,i43/p43,148930560,710.28125
84wndhf2,delayed_mlp,10,i43/p43,153600000,752.7578125
84wndhf2,delayed_mlp,10,i43/p43,158515200,763.08984375
84wndhf2,delayed_mlp,10,i43/p43,163430400,712.99609375
84wndhf2,delayed_mlp,10,i43/p43,168099840,666.2578125
84wndhf2,delayed_mlp,10,i43/p43,173015040,676.0859375
84wndhf2,delayed_mlp,10,i43/p43,177684480,681.18359375
84wndhf2,delayed_mlp,10,i43/p43,182599680,685.7578125
84wndhf2,delayed_mlp,10,i43/p43,187269120,698.1640625
84wndhf2,delayed_mlp,10,i43/p43,192184320,744.12109375
84wndhf2,delayed_mlp,10,i43/p43,196853760,686.6953125
84wndhf2,delayed_mlp,10,i43/p43,201768960,698.125
84wndhf2,delayed_mlp,10,i43/p43,206438400,762.1953125
84wndhf2,delayed_mlp,10,i43/p43,211353600,769.45703125
84wndhf2,delayed_mlp,10,i43/p43,216023040,783.4453125
84wndhf2,delayed_mlp,10,i43/p43,220938240,803.65625
84wndhf2,delayed_mlp,10,i43/p43,225607680,877.1953125
84wndhf2,delayed_mlp,10,i43/p43,230522880,844.734375
84wndhf2,delayed_mlp,10,i43/p43,235438080,842.09375
84wndhf2,delayed_mlp,10,i43/p43,240107520,831.359375
84wndhf2,delayed_mlp,10,i43/p43,245022720,859.80859375
84wndhf2,delayed_mlp,10,i43/p43,249692160,852.72265625
84wndhf2,delayed_mlp,10,i43/p43,254607360,862.84765625
84wndhf2,delayed_mlp,10,i43/p43,259276800,867.1484375
84wndhf2,delayed_mlp,10,i43/p43,264192000,903.15625
84wndhf2,delayed_mlp,10,i43/p43,268861440,917.09375
84wndhf2,delayed_mlp,10,i43/p43,273776640,916.94921875
84wndhf2,delayed_mlp,10,i43/p43,278446080,918.64453125
84wndhf2,delayed_mlp,10,i43/p43,283361280,886.609375
84wndhf2,delayed_mlp,10,i43/p43,288030720,926.64453125
84wndhf2,delayed_mlp,10,i43/p43,292945920,926.01953125
84wndhf2,delayed_mlp,10,i43/p43,297615360,904.44140625
84wndhf2,delayed_mlp,10,i43/p43,302530560,920.546875
84wndhf2,delayed_mlp,10,i43/p43,307200000,924.71875
84wndhf2,delayed_mlp,10,i43/p43,312115200,924.5859375
84wndhf2,delayed_mlp,10,i43/p43,317030400,924.875
84wndhf2,delayed_mlp,10,i43/p43,321699840,924.37890625
84wndhf2,delayed_mlp,10,i43/p43,326615040,926.390625
84wndhf2,delayed_mlp,10,i43/p43,331284480,927.6796875
84wndhf2,delayed_mlp,10,i43/p43,336199680,926.7421875
84wndhf2,delayed_mlp,10,i43/p43,340869120,927.703125
84wndhf2,delayed_mlp,10,i43/p43,345784320,928.796875
84wndhf2,delayed_mlp,10,i43/p43,350453760,926.24609375
84wndhf2,delayed_mlp,10,i43/p43,355368960,930.109375
84wndhf2,delayed_mlp,10,i43/p43,360038400,926.23046875
84wndhf2,delayed_mlp,10,i43/p43,364953600,930.1953125
84wndhf2,delayed_mlp,10,i43/p43,369623040,930.72265625
84wndhf2,delayed_mlp,10,i43/p43,374538240,782.4375
84wndhf2,delayed_mlp,10,i43/p43,379207680,923.4921875
84wndhf2,delayed_mlp,10,i43/p43,384122880,927.4609375
84wndhf2,delayed_mlp,10,i43/p43,389038080,927.546875
84wndhf2,delayed_mlp,10,i43/p43,393707520,916.44921875
84wndhf2,delayed_mlp,10,i43/p43,398622720,919.75390625
84wndhf2,delayed_mlp,10,i43/p43,403292160,919.28515625
84wndhf2,delayed_mlp,10,i43/p43,408207360,927.25390625
84wndhf2,delayed_mlp,10,i43/p43,412876800,926.18359375
84wndhf2,delayed_mlp,10,i43/p43,417792000,927.265625
84wndhf2,delayed_mlp,10,i43/p43,422461440,927.68359375
84wndhf2,delayed_mlp,10,i43/p43,427376640,925.96875
84wndhf2,delayed_mlp,10,i43/p43,432046080,926.3984375
84wndhf2,delayed_mlp,10,i43/p43,436961280,927.05078125
84wndhf2,delayed_mlp,10,i43/p43,441630720,926.91015625
84wndhf2,delayed_mlp,10,i43/p43,446545920,929.1875
84wndhf2,delayed_mlp,10,i43/p43,451215360,927.6171875
84wndhf2,delayed_mlp,10,i43/p43,456130560,930.7578125
84wndhf2,delayed_mlp,10,i43/p43,460800000,933.29296875
84wndhf2,delayed_mlp,10,i43/p43,465715200,932.01953125
84wndhf2,delayed_mlp,10,i43/p43,470630400,928.76171875
84wndhf2,delayed_mlp,10,i43/p43,475299840,934.46484375
84wndhf2,delayed_mlp,10,i43/p43,480215040,932.13671875
32b668eb,delayed_mlp,10,i45/p45,4915200,352.1171875
32b668eb,delayed_mlp,10,i45/p45,9830400,639.2109375
32b668eb,delayed_mlp,10,i45/p45,14499840,705.11328125
32b668eb,delayed_mlp,10,i45/p45,19415040,748.203125
32b668eb,delayed_mlp,10,i45/p45,24084480,777.7578125
32b668eb,delayed_mlp,10,i45/p45,28999680,808.97265625
32b668eb,delayed_mlp,10,i45/p45,33669120,796.69140625
32b668eb,delayed_mlp,10,i45/p45,38584320,742.13671875
32b668eb,delayed_mlp,10,i45/p45,43253760,568.39453125
32b668eb,delayed_mlp,10,i45/p45,48168960,495.3828125
32b668eb,delayed_mlp,10,i45/p45,52838400,493.08984375
32b668eb,delayed_mlp,10,i45/p45,57753600,531.625
32b668eb,delayed_mlp,10,i45/p45,62423040,570.70703125
32b668eb,delayed_mlp,10,i45/p45,67338240,579.4921875
32b668eb,delayed_mlp,10,i45/p45,72007680,584.3671875
32b668eb,delayed_mlp,10,i45/p45,76922880,627.32421875
32b668eb,delayed_mlp,10,i45/p45,81838080,652.94921875
32b668eb,delayed_mlp,10,i45/p45,86507520,662.96875
32b668eb,delayed_mlp,10,i45/p45,91422720,588.33984375
32b668eb,delayed_mlp,10,i45/p45,96092160,621.8984375
32b668eb,delayed_mlp,10,i45/p45,101007360,619.4765625
32b668eb,delayed_mlp,10,i45/p45,105676800,655.33203125
32b668eb,delayed_mlp,10,i45/p45,110592000,644.1171875
32b668eb,delayed_mlp,10,i45/p45,115261440,669.1484375
32b668eb,delayed_mlp,10,i45/p45,120176640,646.93359375
32b668eb,delayed_mlp,10,i45/p45,124846080,602.73046875
32b668eb,delayed_mlp,10,i45/p45,129761280,600.6796875
32b668eb,delayed_mlp,10,i45/p45,134430720,624.83984375
32b668eb,delayed_mlp,10,i45/p45,139345920,646.48046875
32b668eb,delayed_mlp,10,i45/p45,144015360,728.16796875
32b668eb,delayed_mlp,10,i45/p45,148930560,660.2421875
32b668eb,delayed_mlp,10,i45/p45,153600000,742.765625
32b668eb,delayed_mlp,10,i45/p45,158515200,784.08203125
32b668eb,delayed_mlp,10,i45/p45,163430400,831.578125
32b668eb,delayed_mlp,10,i45/p45,168099840,818.7734375
32b668eb,delayed_mlp,10,i45/p45,173015040,849.91015625
32b668eb,delayed_mlp,10,i45/p45,177684480,845.0390625
32b668eb,delayed_mlp,10,i45/p45,182599680,845.26953125
32b668eb,delayed_mlp,10,i45/p45,187269120,800.91015625
32b668eb,delayed_mlp,10,i45/p45,192184320,806.2578125
32b668eb,delayed_mlp,10,i45/p45,196853760,753.640625
32b668eb,delayed_mlp,10,i45/p45,201768960,756.84375
32b668eb,delayed_mlp,10,i45/p45,206438400,761.40625
32b668eb,delayed_mlp,10,i45/p45,211353600,772.10546875
32b668eb,delayed_mlp,10,i45/p45,216023040,755.96484375
32b668eb,delayed_mlp,10,i45/p45,220938240,754.890625
32b668eb,delayed_mlp,10,i45/p45,225607680,748.87890625
32b668eb,delayed_mlp,10,i45/p45,230522880,747.4609375
32b668eb,delayed_mlp,10,i45/p45,235438080,786.390625
32b668eb,delayed_mlp,10,i45/p45,240107520,755.33984375
32b668eb,delayed_mlp,10,i45/p45,245022720,764.0390625
32b668eb,delayed_mlp,10,i45/p45,249692160,785.61328125
32b668eb,delayed_mlp,10,i45/p45,254607360,774.40234375
32b668eb,delayed_mlp,10,i45/p45,259276800,796.50390625
32b668eb,delayed_mlp,10,i45/p45,264192000,794.84375
32b668eb,delayed_mlp,10,i45/p45,268861440,750.640625
32b668eb,delayed_mlp,10,i45/p45,273776640,763.484375
32b668eb,delayed_mlp,10,i45/p45,278446080,797.25
32b668eb,delayed_mlp,10,i45/p45,283361280,762.24609375
32b668eb,delayed_mlp,10,i45/p45,288030720,787.97265625
32b668eb,delayed_mlp,10,i45/p45,292945920,831.7265625
32b668eb,delayed_mlp,10,i45/p45,297615360,823.46484375
32b668eb,delayed_mlp,10,i45/p45,302530560,831.765625
32b668eb,delayed_mlp,10,i45/p45,307200000,778.64453125
32b668eb,delayed_mlp,10,i45/p45,312115200,846.50390625
32b668eb,delayed_mlp,10,i45/p45,317030400,849.1875
32b668eb,delayed_mlp,10,i45/p45,321699840,859.7265625
32b668eb,delayed_mlp,10,i45/p45,326615040,858.6640625
32b668eb,delayed_mlp,10,i45/p45,331284480,816.9296875
32b668eb,delayed_mlp,10,i45/p45,336199680,833.95703125
32b668eb,delayed_mlp,10,i45/p45,340869120,851.125
32b668eb,delayed_mlp,10,i45/p45,345784320,827.30859375
32b668eb,delayed_mlp,10,i45/p45,350453760,814.33203125
32b668eb,delayed_mlp,10,i45/p45,355368960,828.0234375
32b668eb,delayed_mlp,10,i45/p45,360038400,819.11328125
32b668eb,delayed_mlp,10,i45/p45,364953600,831.35546875
32b668eb,delayed_mlp,10,i45/p45,369623040,812.1953125
32b668eb,delayed_mlp,10,i45/p45,374538240,719.57421875
32b668eb,delayed_mlp,10,i45/p45,379207680,727.48828125
32b668eb,delayed_mlp,10,i45/p45,384122880,728.24609375
32b668eb,delayed_mlp,10,i45/p45,389038080,755.00390625
32b668eb,delayed_mlp,10,i45/p45,393707520,741.3203125
32b668eb,delayed_mlp,10,i45/p45,398622720,751.08203125
32b668eb,delayed_mlp,10,i45/p45,403292160,772.56640625
32b668eb,delayed_mlp,10,i45/p45,408207360,803.10546875
32b668eb,delayed_mlp,10,i45/p45,412876800,795.46484375
32b668eb,delayed_mlp,10,i45/p45,417792000,790.28125
32b668eb,delayed_mlp,10,i45/p45,422461440,783.6484375
32b668eb,delayed_mlp,10,i45/p45,427376640,814.56640625
32b668eb,delayed_mlp,10,i45/p45,432046080,777.73046875
32b668eb,delayed_mlp,10,i45/p45,436961280,798.15625
32b668eb,delayed_mlp,10,i45/p45,441630720,792.52734375
32b668eb,delayed_mlp,10,i45/p45,446545920,826.84375
32b668eb,delayed_mlp,10,i45/p45,451215360,815.9375
32b668eb,delayed_mlp,10,i45/p45,456130560,852.91015625
32b668eb,delayed_mlp,10,i45/p45,460800000,819.39453125
32b668eb,delayed_mlp,10,i45/p45,465715200,846.7421875
32b668eb,delayed_mlp,10,i45/p45,470630400,837.81640625
32b668eb,delayed_mlp,10,i45/p45,475299840,846.359375
32b668eb,delayed_mlp,10,i45/p45,480215040,860.4453125
cwlddpw2,delayed_mlp,12,i42/p1234,4915200,75.9609375
cwlddpw2,delayed_mlp,12,i42/p1234,9830400,586.640625
cwlddpw2,delayed_mlp,12,i42/p1234,14499840,678.8984375
cwlddpw2,delayed_mlp,12,i42/p1234,19415040,718.51953125
cwlddpw2,delayed_mlp,12,i42/p1234,24084480,730.51953125
cwlddpw2,delayed_mlp,12,i42/p1234,28999680,710.20703125
cwlddpw2,delayed_mlp,12,i42/p1234,33669120,716.0859375
cwlddpw2,delayed_mlp,12,i42/p1234,38584320,725.5625
cwlddpw2,delayed_mlp,12,i42/p1234,43253760,734.8984375
cwlddpw2,delayed_mlp,12,i42/p1234,48168960,729.03125
cwlddpw2,delayed_mlp,12,i42/p1234,52838400,731.91015625
cwlddpw2,delayed_mlp,12,i42/p1234,57753600,729.0625
cwlddpw2,delayed_mlp,12,i42/p1234,62423040,747.76953125
cwlddpw2,delayed_mlp,12,i42/p1234,67338240,743.36328125
cwlddpw2,delayed_mlp,12,i42/p1234,72007680,728.0
cwlddpw2,delayed_mlp,12,i42/p1234,76922880,656.26953125
cwlddpw2,delayed_mlp,12,i42/p1234,81838080,713.05859375
cwlddpw2,delayed_mlp,12,i42/p1234,86507520,646.609375
cwlddpw2,delayed_mlp,12,i42/p1234,91422720,619.3359375
cwlddpw2,delayed_mlp,12,i42/p1234,96092160,673.546875
cwlddpw2,delayed_mlp,12,i42/p1234,101007360,697.98046875
cwlddpw2,delayed_mlp,12,i42/p1234,105676800,722.27734375
cwlddpw2,delayed_mlp,12,i42/p1234,110592000,695.83984375
cwlddpw2,delayed_mlp,12,i42/p1234,115261440,689.74609375
cwlddpw2,delayed_mlp,12,i42/p1234,120176640,649.62890625
cwlddpw2,delayed_mlp,12,i42/p1234,124846080,626.39453125
cwlddpw2,delayed_mlp,12,i42/p1234,129761280,578.171875
cwlddpw2,delayed_mlp,12,i42/p1234,134430720,618.578125
cwlddpw2,delayed_mlp,12,i42/p1234,139345920,672.65625
cwlddpw2,delayed_mlp,12,i42/p1234,144015360,735.15234375
cwlddpw2,delayed_mlp,12,i42/p1234,148930560,638.62109375
cwlddpw2,delayed_mlp,12,i42/p1234,153600000,630.984375
cwlddpw2,delayed_mlp,12,i42/p1234,158515200,652.0625
cwlddpw2,delayed_mlp,12,i42/p1234,163430400,658.72265625
cwlddpw2,delayed_mlp,12,i42/p1234,168099840,633.8828125
cwlddpw2,delayed_mlp,12,i42/p1234,173015040,622.94140625
cwlddpw2,delayed_mlp,12,i42/p1234,177684480,645.69140625
cwlddpw2,delayed_mlp,12,i42/p1234,182599680,657.15625
cwlddpw2,delayed_mlp,12,i42/p1234,187269120,716.47265625
cwlddpw2,delayed_mlp,12,i42/p1234,192184320,747.234375
cwlddpw2,delayed_mlp,12,i42/p1234,196853760,748.08203125
cwlddpw2,delayed_mlp,12,i42/p1234,201768960,742.0
cwlddpw2,delayed_mlp,12,i42/p1234,206438400,743.75390625
cwlddpw2,delayed_mlp,12,i42/p1234,211353600,714.64453125
cwlddpw2,delayed_mlp,12,i42/p1234,216023040,783.41796875
cwlddpw2,delayed_mlp,12,i42/p1234,220938240,750.078125
cwlddpw2,delayed_mlp,12,i42/p1234,225607680,820.43359375
cwlddpw2,delayed_mlp,12,i42/p1234,230522880,672.95703125
cwlddpw2,delayed_mlp,12,i42/p1234,235438080,695.95703125
cwlddpw2,delayed_mlp,12,i42/p1234,240107520,684.42578125
cwlddpw2,delayed_mlp,12,i42/p1234,245022720,668.78125
cwlddpw2,delayed_mlp,12,i42/p1234,249692160,812.58984375
cwlddpw2,delayed_mlp,12,i42/p1234,254607360,773.76953125
cwlddpw2,delayed_mlp,12,i42/p1234,259276800,794.0078125
cwlddpw2,delayed_mlp,12,i42/p1234,264192000,751.52734375
cwlddpw2,delayed_mlp,12,i42/p1234,268861440,800.1015625
cwlddpw2,delayed_mlp,12,i42/p1234,273776640,703.02734375
cwlddpw2,delayed_mlp,12,i42/p1234,278446080,730.32421875
cwlddpw2,delayed_mlp,12,i42/p1234,283361280,762.23828125
cwlddpw2,delayed_mlp,12,i42/p1234,288030720,800.06640625
cwlddpw2,delayed_mlp,12,i42/p1234,292945920,738.8515625
cwlddpw2,delayed_mlp,12,i42/p1234,297615360,760.6640625
cwlddpw2,delayed_mlp,12,i42/p1234,302530560,677.87109375
cwlddpw2,delayed_mlp,12,i42/p1234,307200000,827.99609375
cwlddpw2,delayed_mlp,12,i42/p1234,312115200,784.234375
cwlddpw2,delayed_mlp,12,i42/p1234,317030400,793.43359375
cwlddpw2,delayed_mlp,12,i42/p1234,321699840,831.515625
cwlddpw2,delayed_mlp,12,i42/p1234,326615040,783.73828125
cwlddpw2,delayed_mlp,12,i42/p1234,331284480,815.98046875
cwlddpw2,delayed_mlp,12,i42/p1234,336199680,795.81640625
cwlddpw2,delayed_mlp,12,i42/p1234,340869120,764.8359375
cwlddpw2,delayed_mlp,12,i42/p1234,345784320,676.61328125
cwlddpw2,delayed_mlp,12,i42/p1234,350453760,674.18359375
cwlddpw2,delayed_mlp,12,i42/p1234,355368960,710.375
cwlddpw2,delayed_mlp,12,i42/p1234,360038400,761.06640625
cwlddpw2,delayed_mlp,12,i42/p1234,364953600,715.95703125
cwlddpw2,delayed_mlp,12,i42/p1234,369623040,692.02734375
cwlddpw2,delayed_mlp,12,i42/p1234,374538240,685.90625
cwlddpw2,delayed_mlp,12,i42/p1234,379207680,735.51171875
cwlddpw2,delayed_mlp,12,i42/p1234,384122880,665.3203125
cwlddpw2,delayed_mlp,12,i42/p1234,389038080,762.36328125
cwlddpw2,delayed_mlp,12,i42/p1234,393707520,776.2734375
cwlddpw2,delayed_mlp,12,i42/p1234,398622720,835.453125
cwlddpw2,delayed_mlp,12,i42/p1234,403292160,769.9609375
cwlddpw2,delayed_mlp,12,i42/p1234,408207360,762.3828125
cwlddpw2,delayed_mlp,12,i42/p1234,412876800,752.2734375
cwlddpw2,delayed_mlp,12,i42/p1234,417792000,833.3515625
cwlddpw2,delayed_mlp,12,i42/p1234,422461440,846.80859375
cwlddpw2,delayed_mlp,12,i42/p1234,427376640,833.5546875
cwlddpw2,delayed_mlp,12,i42/p1234,432046080,794.5
cwlddpw2,delayed_mlp,12,i42/p1234,436961280,776.91796875
cwlddpw2,delayed_mlp,12,i42/p1234,441630720,732.00390625
cwlddpw2,delayed_mlp,12,i42/p1234,446545920,822.55078125
cwlddpw2,delayed_mlp,12,i42/p1234,451215360,746.54296875
cwlddpw2,delayed_mlp,12,i42/p1234,456130560,791.50390625
cwlddpw2,delayed_mlp,12,i42/p1234,460800000,731.19921875
cwlddpw2,delayed_mlp,12,i42/p1234,465715200,757.0078125
cwlddpw2,delayed_mlp,12,i42/p1234,470630400,794.57421875
cwlddpw2,delayed_mlp,12,i42/p1234,475299840,689.88671875
cwlddpw2,delayed_mlp,12,i42/p1234,480215040,662.4765625
1jcl03u8,delayed_mlp,12,i43/p43,4915200,39.98046875
1jcl03u8,delayed_mlp,12,i43/p43,9830400,419.65625
1jcl03u8,delayed_mlp,12,i43/p43,14499840,490.84375
1jcl03u8,delayed_mlp,12,i43/p43,19415040,563.58984375
1jcl03u8,delayed_mlp,12,i43/p43,24084480,599.1875
1jcl03u8,delayed_mlp,12,i43/p43,28999680,639.0546875
1jcl03u8,delayed_mlp,12,i43/p43,33669120,682.125
1jcl03u8,delayed_mlp,12,i43/p43,38584320,696.72265625
1jcl03u8,delayed_mlp,12,i43/p43,43253760,713.77734375
1jcl03u8,delayed_mlp,12,i43/p43,48168960,737.3359375
1jcl03u8,delayed_mlp,12,i43/p43,52838400,715.95703125
1jcl03u8,delayed_mlp,12,i43/p43,57753600,723.9375
1jcl03u8,delayed_mlp,12,i43/p43,62423040,737.67578125
1jcl03u8,delayed_mlp,12,i43/p43,67338240,682.5390625
1jcl03u8,delayed_mlp,12,i43/p43,72007680,665.09765625
1jcl03u8,delayed_mlp,12,i43/p43,76922880,755.640625
1jcl03u8,delayed_mlp,12,i43/p43,81838080,772.67578125
1jcl03u8,delayed_mlp,12,i43/p43,86507520,807.8828125
1jcl03u8,delayed_mlp,12,i43/p43,91422720,841.59375
1jcl03u8,delayed_mlp,12,i43/p43,96092160,842.16015625
1jcl03u8,delayed_mlp,12,i43/p43,101007360,619.55078125
1jcl03u8,delayed_mlp,12,i43/p43,105676800,804.359375
1jcl03u8,delayed_mlp,12,i43/p43,110592000,841.10546875
1jcl03u8,delayed_mlp,12,i43/p43,115261440,862.03125
1jcl03u8,delayed_mlp,12,i43/p43,120176640,881.609375
1jcl03u8,delayed_mlp,12,i43/p43,124846080,882.31640625
1jcl03u8,delayed_mlp,12,i43/p43,129761280,881.06640625
1jcl03u8,delayed_mlp,12,i43/p43,134430720,894.96875
1jcl03u8,delayed_mlp,12,i43/p43,139345920,892.9921875
1jcl03u8,delayed_mlp,12,i43/p43,144015360,898.0546875
1jcl03u8,delayed_mlp,12,i43/p43,148930560,903.0078125
1jcl03u8,delayed_mlp,12,i43/p43,153600000,906.66796875
1jcl03u8,delayed_mlp,12,i43/p43,158515200,906.65234375
1jcl03u8,delayed_mlp,12,i43/p43,163430400,908.55078125
1jcl03u8,delayed_mlp,12,i43/p43,168099840,909.80859375
1jcl03u8,delayed_mlp,12,i43/p43,173015040,910.21484375
1jcl03u8,delayed_mlp,12,i43/p43,177684480,909.47265625
1jcl03u8,delayed_mlp,12,i43/p43,182599680,916.83203125
1jcl03u8,delayed_mlp,12,i43/p43,187269120,916.25
1jcl03u8,delayed_mlp,12,i43/p43,192184320,878.53125
1jcl03u8,delayed_mlp,12,i43/p43,196853760,868.57421875
1jcl03u8,delayed_mlp,12,i43/p43,201768960,821.9140625
1jcl03u8,delayed_mlp,12,i43/p43,206438400,846.19140625
1jcl03u8,delayed_mlp,12,i43/p43,211353600,894.1484375
1jcl03u8,delayed_mlp,12,i43/p43,216023040,913.359375
1jcl03u8,delayed_mlp,12,i43/p43,220938240,924.5390625
1jcl03u8,delayed_mlp,12,i43/p43,225607680,928.9609375
1jcl03u8,delayed_mlp,12,i43/p43,230522880,930.41796875
1jcl03u8,delayed_mlp,12,i43/p43,235438080,876.3203125
1jcl03u8,delayed_mlp,12,i43/p43,240107520,922.546875
1jcl03u8,delayed_mlp,12,i43/p43,245022720,926.5078125
1jcl03u8,delayed_mlp,12,i43/p43,249692160,930.80859375
1jcl03u8,delayed_mlp,12,i43/p43,254607360,929.26953125
1jcl03u8,delayed_mlp,12,i43/p43,259276800,932.484375
1jcl03u8,delayed_mlp,12,i43/p43,264192000,931.80859375
1jcl03u8,delayed_mlp,12,i43/p43,268861440,932.13671875
1jcl03u8,delayed_mlp,12,i43/p43,273776640,931.9296875
1jcl03u8,delayed_mlp,12,i43/p43,278446080,831.8125
1jcl03u8,delayed_mlp,12,i43/p43,283361280,856.59375
1jcl03u8,delayed_mlp,12,i43/p43,288030720,870.5078125
1jcl03u8,delayed_mlp,12,i43/p43,292945920,885.37109375
1jcl03u8,delayed_mlp,12,i43/p43,297615360,882.9453125
1jcl03u8,delayed_mlp,12,i43/p43,302530560,908.51171875
1jcl03u8,delayed_mlp,12,i43/p43,307200000,918.6953125
1jcl03u8,delayed_mlp,12,i43/p43,312115200,928.0390625
1jcl03u8,delayed_mlp,12,i43/p43,317030400,931.1171875
1jcl03u8,delayed_mlp,12,i43/p43,321699840,933.84375
1jcl03u8,delayed_mlp,12,i43/p43,326615040,922.984375
1jcl03u8,delayed_mlp,12,i43/p43,331284480,926.5234375
1jcl03u8,delayed_mlp,12,i43/p43,336199680,933.1875
1jcl03u8,delayed_mlp,12,i43/p43,340869120,932.75390625
1jcl03u8,delayed_mlp,12,i43/p43,345784320,936.97265625
1jcl03u8,delayed_mlp,12,i43/p43,350453760,934.703125
1jcl03u8,delayed_mlp,12,i43/p43,355368960,936.80859375
1jcl03u8,delayed_mlp,12,i43/p43,360038400,939.87109375
1jcl03u8,delayed_mlp,12,i43/p43,364953600,939.26953125
1jcl03u8,delayed_mlp,12,i43/p43,369623040,941.2109375
1jcl03u8,delayed_mlp,12,i43/p43,374538240,940.33984375
1jcl03u8,delayed_mlp,12,i43/p43,379207680,941.9453125
1jcl03u8,delayed_mlp,12,i43/p43,384122880,943.421875
1jcl03u8,delayed_mlp,12,i43/p43,389038080,942.2265625
1jcl03u8,delayed_mlp,12,i43/p43,393707520,943.22265625
1jcl03u8,delayed_mlp,12,i43/p43,398622720,940.94140625
1jcl03u8,delayed_mlp,12,i43/p43,403292160,943.2421875
1jcl03u8,delayed_mlp,12,i43/p43,408207360,942.6328125
1jcl03u8,delayed_mlp,12,i43/p43,412876800,943.828125
1jcl03u8,delayed_mlp,12,i43/p43,417792000,943.5078125
1jcl03u8,delayed_mlp,12,i43/p43,422461440,937.68359375
1jcl03u8,delayed_mlp,12,i43/p43,427376640,944.44921875
1jcl03u8,delayed_mlp,12,i43/p43,432046080,942.35546875
1jcl03u8,delayed_mlp,12,i43/p43,436961280,946.4609375
1jcl03u8,delayed_mlp,12,i43/p43,441630720,944.3671875
1jcl03u8,delayed_mlp,12,i43/p43,446545920,948.22265625
1jcl03u8,delayed_mlp,12,i43/p43,451215360,948.3515625
1jcl03u8,delayed_mlp,12,i43/p43,456130560,868.18359375
1jcl03u8,delayed_mlp,12,i43/p43,460800000,889.3203125
1jcl03u8,delayed_mlp,12,i43/p43,465715200,903.61328125
1jcl03u8,delayed_mlp,12,i43/p43,470630400,914.51953125
1jcl03u8,delayed_mlp,12,i43/p43,475299840,921.01953125
1jcl03u8,delayed_mlp,12,i43/p43,480215040,924.55078125
2hx492w1,delayed_mlp,12,i45/p45,4915200,128.40625
2hx492w1,delayed_mlp,12,i45/p45,9830400,503.1875
2hx492w1,delayed_mlp,12,i45/p45,14499840,668.015625
2hx492w1,delayed_mlp,12,i45/p45,19415040,720.05859375
2hx492w1,delayed_mlp,12,i45/p45,24084480,764.96875
2hx492w1,delayed_mlp,12,i45/p45,28999680,679.8828125
2hx492w1,delayed_mlp,12,i45/p45,33669120,640.60546875
2hx492w1,delayed_mlp,12,i45/p45,38584320,450.328125
2hx492w1,delayed_mlp,12,i45/p45,43253760,340.515625
2hx492w1,delayed_mlp,12,i45/p45,48168960,404.5078125
2hx492w1,delayed_mlp,12,i45/p45,52838400,444.078125
2hx492w1,delayed_mlp,12,i45/p45,57753600,478.38671875
2hx492w1,delayed_mlp,12,i45/p45,62423040,520.984375
2hx492w1,delayed_mlp,12,i45/p45,67338240,574.47265625
2hx492w1,delayed_mlp,12,i45/p45,72007680,595.38671875
2hx492w1,delayed_mlp,12,i45/p45,76922880,653.140625
2hx492w1,delayed_mlp,12,i45/p45,81838080,631.125
2hx492w1,delayed_mlp,12,i45/p45,86507520,657.5625
2hx492w1,delayed_mlp,12,i45/p45,91422720,645.40234375
2hx492w1,delayed_mlp,12,i45/p45,96092160,637.2890625
2hx492w1,delayed_mlp,12,i45/p45,101007360,683.1015625
2hx492w1,delayed_mlp,12,i45/p45,105676800,679.21484375
2hx492w1,delayed_mlp,12,i45/p45,110592000,740.09765625
2hx492w1,delayed_mlp,12,i45/p45,115261440,695.57421875
2hx492w1,delayed_mlp,12,i45/p45,120176640,712.3828125
2hx492w1,delayed_mlp,12,i45/p45,124846080,699.79296875
2hx492w1,delayed_mlp,12,i45/p45,129761280,700.609375
2hx492w1,delayed_mlp,12,i45/p45,134430720,731.7734375
2hx492w1,delayed_mlp,12,i45/p45,139345920,741.76171875
2hx492w1,delayed_mlp,12,i45/p45,144015360,749.1484375
2hx492w1,delayed_mlp,12,i45/p45,148930560,850.68359375
2hx492w1,delayed_mlp,12,i45/p45,153600000,744.94921875
2hx492w1,delayed_mlp,12,i45/p45,158515200,769.3828125
2hx492w1,delayed_mlp,12,i45/p45,163430400,776.3828125
2hx492w1,delayed_mlp,12,i45/p45,168099840,734.83203125
2hx492w1,delayed_mlp,12,i45/p45,173015040,733.515625
2hx492w1,delayed_mlp,12,i45/p45,177684480,722.5390625
2hx492w1,delayed_mlp,12,i45/p45,182599680,782.3828125
2hx492w1,delayed_mlp,12,i45/p45,187269120,768.703125
2hx492w1,delayed_mlp,12,i45/p45,192184320,855.4140625
2hx492w1,delayed_mlp,12,i45/p45,196853760,750.38671875
2hx492w1,delayed_mlp,12,i45/p45,201768960,763.328125
2hx492w1,delayed_mlp,12,i45/p45,206438400,762.01953125
2hx492w1,delayed_mlp,12,i45/p45,211353600,819.10546875
2hx492w1,delayed_mlp,12,i45/p45,216023040,789.828125
2hx492w1,delayed_mlp,12,i45/p45,220938240,798.19921875
2hx492w1,delayed_mlp,12,i45/p45,225607680,770.1796875
2hx492w1,delayed_mlp,12,i45/p45,230522880,763.8046875
2hx492w1,delayed_mlp,12,i45/p45,235438080,841.91796875
2hx492w1,delayed_mlp,12,i45/p45,240107520,770.91015625
2hx492w1,delayed_mlp,12,i45/p45,245022720,768.87890625
2hx492w1,delayed_mlp,12,i45/p45,249692160,877.109375
2hx492w1,delayed_mlp,12,i45/p45,254607360,757.35546875
2hx492w1,delayed_mlp,12,i45/p45,259276800,896.84375
2hx492w1,delayed_mlp,12,i45/p45,264192000,724.30859375
2hx492w1,delayed_mlp,12,i45/p45,268861440,803.14453125
2hx492w1,delayed_mlp,12,i45/p45,273776640,924.28515625
2hx492w1,delayed_mlp,12,i45/p45,278446080,921.44921875
2hx492w1,delayed_mlp,12,i45/p45,283361280,927.94921875
2hx492w1,delayed_mlp,12,i45/p45,288030720,931.00390625
2hx492w1,delayed_mlp,12,i45/p45,292945920,930.62890625
2hx492w1,delayed_mlp,12,i45/p45,297615360,932.38671875
2hx492w1,delayed_mlp,12,i45/p45,302530560,932.3984375
2hx492w1,delayed_mlp,12,i45/p45,307200000,937.26953125
2hx492w1,delayed_mlp,12,i45/p45,312115200,938.4609375
2hx492w1,delayed_mlp,12,i45/p45,317030400,938.875
2hx492w1,delayed_mlp,12,i45/p45,321699840,940.31640625
2hx492w1,delayed_mlp,12,i45/p45,326615040,937.56640625
2hx492w1,delayed_mlp,12,i45/p45,331284480,936.75
2hx492w1,delayed_mlp,12,i45/p45,336199680,937.41796875
2hx492w1,delayed_mlp,12,i45/p45,340869120,940.2890625
2hx492w1,delayed_mlp,12,i45/p45,345784320,940.93359375
2hx492w1,delayed_mlp,12,i45/p45,350453760,941.27734375
2hx492w1,delayed_mlp,12,i45/p45,355368960,942.421875
2hx492w1,delayed_mlp,12,i45/p45,360038400,943.46875
2hx492w1,delayed_mlp,12,i45/p45,364953600,945.55078125
2hx492w1,delayed_mlp,12,i45/p45,369623040,946.52734375
2hx492w1,delayed_mlp,12,i45/p45,374538240,947.22265625
2hx492w1,delayed_mlp,12,i45/p45,379207680,947.33984375
2hx492w1,delayed_mlp,12,i45/p45,384122880,947.453125
2hx492w1,delayed_mlp,12,i45/p45,389038080,947.140625
2hx492w1,delayed_mlp,12,i45/p45,393707520,947.80078125
2hx492w1,delayed_mlp,12,i45/p45,398622720,945.7578125
2hx492w1,delayed_mlp,12,i45/p45,403292160,947.35546875
2hx492w1,delayed_mlp,12,i45/p45,408207360,947.5625
2hx492w1,delayed_mlp,12,i45/p45,412876800,947.5
2hx492w1,delayed_mlp,12,i45/p45,417792000,938.58984375
2hx492w1,delayed_mlp,12,i45/p45,422461440,942.734375
2hx492w1,delayed_mlp,12,i45/p45,427376640,942.28515625
2hx492w1,delayed_mlp,12,i45/p45,432046080,942.125
2hx492w1,delayed_mlp,12,i45/p45,436961280,938.14453125
2hx492w1,delayed_mlp,12,i45/p45,441630720,942.9375
2hx492w1,delayed_mlp,12,i45/p45,446545920,946.7734375
2hx492w1,delayed_mlp,12,i45/p45,451215360,938.68359375
2hx492w1,delayed_mlp,12,i45/p45,456130560,939.51953125
2hx492w1,delayed_mlp,12,i45/p45,460800000,940.8125
2hx492w1,delayed_mlp,12,i45/p45,465715200,941.67578125
2hx492w1,delayed_mlp,12,i45/p45,470630400,941.51171875
2hx492w1,delayed_mlp,12,i45/p45,475299840,938.53515625
2hx492w1,delayed_mlp,12,i45/p45,480215040,933.109375
l0zrsfg1,delayed_mlp,15,i42/p1234,4915200,45.12890625
l0zrsfg1,delayed_mlp,15,i42/p1234,9830400,398.703125
l0zrsfg1,delayed_mlp,15,i42/p1234,14499840,589.78515625
l0zrsfg1,delayed_mlp,15,i42/p1234,19415040,651.140625
l0zrsfg1,delayed_mlp,15,i42/p1234,24084480,684.11328125
l0zrsfg1,delayed_mlp,15,i42/p1234,28999680,676.2421875
l0zrsfg1,delayed_mlp,15,i42/p1234,33669120,670.05078125
l0zrsfg1,delayed_mlp,15,i42/p1234,38584320,712.05078125
l0zrsfg1,delayed_mlp,15,i42/p1234,43253760,722.76171875
l0zrsfg1,delayed_mlp,15,i42/p1234,48168960,723.9921875
l0zrsfg1,delayed_mlp,15,i42/p1234,52838400,720.77734375
l0zrsfg1,delayed_mlp,15,i42/p1234,57753600,656.421875
l0zrsfg1,delayed_mlp,15,i42/p1234,62423040,731.22265625
l0zrsfg1,delayed_mlp,15,i42/p1234,67338240,736.37890625
l0zrsfg1,delayed_mlp,15,i42/p1234,72007680,698.87109375
l0zrsfg1,delayed_mlp,15,i42/p1234,76922880,746.0234375
l0zrsfg1,delayed_mlp,15,i42/p1234,81838080,639.77734375
l0zrsfg1,delayed_mlp,15,i42/p1234,86507520,712.0234375
l0zrsfg1,delayed_mlp,15,i42/p1234,91422720,716.91015625
l0zrsfg1,delayed_mlp,15,i42/p1234,96092160,686.46484375
l0zrsfg1,delayed_mlp,15,i42/p1234,101007360,610.53125
l0zrsfg1,delayed_mlp,15,i42/p1234,105676800,630.875
l0zrsfg1,delayed_mlp,15,i42/p1234,110592000,692.83203125
l0zrsfg1,delayed_mlp,15,i42/p1234,115261440,672.921875
l0zrsfg1,delayed_mlp,15,i42/p1234,120176640,664.84765625
l0zrsfg1,delayed_mlp,15,i42/p1234,124846080,729.2109375
l0zrsfg1,delayed_mlp,15,i42/p1234,129761280,813.57421875
l0zrsfg1,delayed_mlp,15,i42/p1234,134430720,730.03515625
l0zrsfg1,delayed_mlp,15,i42/p1234,139345920,754.6328125
l0zrsfg1,delayed_mlp,15,i42/p1234,144015360,772.18359375
l0zrsfg1,delayed_mlp,15,i42/p1234,148930560,807.015625
l0zrsfg1,delayed_mlp,15,i42/p1234,153600000,829.328125
l0zrsfg1,delayed_mlp,15,i42/p1234,158515200,788.93359375
l0zrsfg1,delayed_mlp,15,i42/p1234,163430400,787.47265625
l0zrsfg1,delayed_mlp,15,i42/p1234,168099840,736.71875
l0zrsfg1,delayed_mlp,15,i42/p1234,173015040,662.53515625
l0zrsfg1,delayed_mlp,15,i42/p1234,177684480,702.3125
l0zrsfg1,delayed_mlp,15,i42/p1234,182599680,858.09375
l0zrsfg1,delayed_mlp,15,i42/p1234,187269120,741.5546875
l0zrsfg1,delayed_mlp,15,i42/p1234,192184320,819.69140625
l0zrsfg1,delayed_mlp,15,i42/p1234,196853760,833.9140625
l0zrsfg1,delayed_mlp,15,i42/p1234,201768960,796.28515625
l0zrsfg1,delayed_mlp,15,i42/p1234,206438400,753.17578125
l0zrsfg1,delayed_mlp,15,i42/p1234,211353600,756.17578125
l0zrsfg1,delayed_mlp,15,i42/p1234,216023040,805.203125
l0zrsfg1,delayed_mlp,15,i42/p1234,220938240,832.97265625
l0zrsfg1,delayed_mlp,15,i42/p1234,225607680,896.390625
l0zrsfg1,delayed_mlp,15,i42/p1234,230522880,863.765625
l0zrsfg1,delayed_mlp,15,i42/p1234,235438080,875.609375
l0zrsfg1,delayed_mlp,15,i42/p1234,240107520,840.22265625
l0zrsfg1,delayed_mlp,15,i42/p1234,245022720,854.734375
l0zrsfg1,delayed_mlp,15,i42/p1234,249692160,872.92578125
l0zrsfg1,delayed_mlp,15,i42/p1234,254607360,849.98828125
l0zrsfg1,delayed_mlp,15,i42/p1234,259276800,893.2578125
l0zrsfg1,delayed_mlp,15,i42/p1234,264192000,905.23046875
l0zrsfg1,delayed_mlp,15,i42/p1234,268861440,897.58984375
l0zrsfg1,delayed_mlp,15,i42/p1234,273776640,891.0078125
l0zrsfg1,delayed_mlp,15,i42/p1234,278446080,876.70703125
l0zrsfg1,delayed_mlp,15,i42/p1234,283361280,879.84765625
l0zrsfg1,delayed_mlp,15,i42/p1234,288030720,889.03515625
l0zrsfg1,delayed_mlp,15,i42/p1234,292945920,897.12109375
l0zrsfg1,delayed_mlp,15,i42/p1234,297615360,906.69921875
l0zrsfg1,delayed_mlp,15,i42/p1234,302530560,909.83984375
l0zrsfg1,delayed_mlp,15,i42/p1234,307200000,912.1328125
l0zrsfg1,delayed_mlp,15,i42/p1234,312115200,903.51171875
l0zrsfg1,delayed_mlp,15,i42/p1234,317030400,895.1328125
l0zrsfg1,delayed_mlp,15,i42/p1234,321699840,907.55078125
l0zrsfg1,delayed_mlp,15,i42/p1234,326615040,901.91796875
l0zrsfg1,delayed_mlp,15,i42/p1234,331284480,911.796875
l0zrsfg1,delayed_mlp,15,i42/p1234,336199680,902.921875
l0zrsfg1,delayed_mlp,15,i42/p1234,340869120,862.10546875
l0zrsfg1,delayed_mlp,15,i42/p1234,345784320,888.58203125
l0zrsfg1,delayed_mlp,15,i42/p1234,350453760,902.69140625
l0zrsfg1,delayed_mlp,15,i42/p1234,355368960,905.953125
l0zrsfg1,delayed_mlp,15,i42/p1234,360038400,903.2890625
l0zrsfg1,delayed_mlp,15,i42/p1234,364953600,903.66796875
l0zrsfg1,delayed_mlp,15,i42/p1234,369623040,907.16796875
l0zrsfg1,delayed_mlp,15,i42/p1234,374538240,905.34765625
l0zrsfg1,delayed_mlp,15,i42/p1234,379207680,911.95703125
l0zrsfg1,delayed_mlp,15,i42/p1234,384122880,910.90234375
l0zrsfg1,delayed_mlp,15,i42/p1234,389038080,909.4921875
l0zrsfg1,delayed_mlp,15,i42/p1234,393707520,909.78125
l0zrsfg1,delayed_mlp,15,i42/p1234,398622720,912.2265625
l0zrsfg1,delayed_mlp,15,i42/p1234,403292160,910.9375
l0zrsfg1,delayed_mlp,15,i42/p1234,408207360,914.74609375
l0zrsfg1,delayed_mlp,15,i42/p1234,412876800,916.80078125
l0zrsfg1,delayed_mlp,15,i42/p1234,417792000,909.60546875
l0zrsfg1,delayed_mlp,15,i42/p1234,422461440,921.51171875
l0zrsfg1,delayed_mlp,15,i42/p1234,427376640,901.37109375
l0zrsfg1,delayed_mlp,15,i42/p1234,432046080,915.7890625
l0zrsfg1,delayed_mlp,15,i42/p1234,436961280,900.01171875
l0zrsfg1,delayed_mlp,15,i42/p1234,441630720,909.875
l0zrsfg1,delayed_mlp,15,i42/p1234,446545920,920.00390625
l0zrsfg1,delayed_mlp,15,i42/p1234,451215360,910.55859375
l0zrsfg1,delayed_mlp,15,i42/p1234,456130560,918.6953125
l0zrsfg1,delayed_mlp,15,i42/p1234,460800000,911.12890625
l0zrsfg1,delayed_mlp,15,i42/p1234,465715200,924.23046875
l0zrsfg1,delayed_mlp,15,i42/p1234,470630400,910.5703125
l0zrsfg1,delayed_mlp,15,i42/p1234,475299840,919.1328125
l0zrsfg1,delayed_mlp,15,i42/p1234,480215040,925.390625
64uhdde4,delayed_mlp,15,i43/p43,4915200,36.79296875
64uhdde4,delayed_mlp,15,i43/p43,9830400,326.5
64uhdde4,delayed_mlp,15,i43/p43,14499840,531.9609375
64uhdde4,delayed_mlp,15,i43/p43,19415040,662.4140625
64uhdde4,delayed_mlp,15,i43/p43,24084480,677.67578125
64uhdde4,delayed_mlp,15,i43/p43,28999680,673.98828125
64uhdde4,delayed_mlp,15,i43/p43,33669120,694.6875
64uhdde4,delayed_mlp,15,i43/p43,38584320,704.44140625
64uhdde4,delayed_mlp,15,i43/p43,43253760,711.01171875
64uhdde4,delayed_mlp,15,i43/p43,48168960,698.3125
64uhdde4,delayed_mlp,15,i43/p43,52838400,755.13671875
64uhdde4,delayed_mlp,15,i43/p43,57753600,692.90234375
64uhdde4,delayed_mlp,15,i43/p43,62423040,623.1640625
64uhdde4,delayed_mlp,15,i43/p43,67338240,641.74609375
64uhdde4,delayed_mlp,15,i43/p43,72007680,612.3984375
64uhdde4,delayed_mlp,15,i43/p43,76922880,691.2265625
64uhdde4,delayed_mlp,15,i43/p43,81838080,608.05859375
64uhdde4,delayed_mlp,15,i43/p43,86507520,659.8203125
64uhdde4,delayed_mlp,15,i43/p43,91422720,671.62890625
64uhdde4,delayed_mlp,15,i43/p43,96092160,659.640625
64uhdde4,delayed_mlp,15,i43/p43,101007360,667.32421875
64uhdde4,delayed_mlp,15,i43/p43,105676800,666.578125
64uhdde4,delayed_mlp,15,i43/p43,110592000,654.63671875
64uhdde4,delayed_mlp,15,i43/p43,115261440,669.421875
64uhdde4,delayed_mlp,15,i43/p43,120176640,655.1484375
64uhdde4,delayed_mlp,15,i43/p43,124846080,634.66015625
64uhdde4,delayed_mlp,15,i43/p43,129761280,658.3671875
64uhdde4,delayed_mlp,15,i43/p43,134430720,683.453125
64uhdde4,delayed_mlp,15,i43/p43,139345920,708.2734375
64uhdde4,delayed_mlp,15,i43/p43,144015360,748.85546875
64uhdde4,delayed_mlp,15,i43/p43,148930560,686.7421875
64uhdde4,delayed_mlp,15,i43/p43,153600000,657.2578125
64uhdde4,delayed_mlp,15,i43/p43,158515200,672.1171875
64uhdde4,delayed_mlp,15,i43/p43,163430400,647.06640625
64uhdde4,delayed_mlp,15,i43/p43,168099840,659.49609375
64uhdde4,delayed_mlp,15,i43/p43,173015040,658.484375
64uhdde4,delayed_mlp,15,i43/p43,177684480,658.04296875
64uhdde4,delayed_mlp,15,i43/p43,182599680,716.2578125
64uhdde4,delayed_mlp,15,i43/p43,187269120,659.20703125
64uhdde4,delayed_mlp,15,i43/p43,192184320,685.2109375
64uhdde4,delayed_mlp,15,i43/p43,196853760,765.390625
64uhdde4,delayed_mlp,15,i43/p43,201768960,771.375
64uhdde4,delayed_mlp,15,i43/p43,206438400,797.09765625
64uhdde4,delayed_mlp,15,i43/p43,211353600,754.09765625
64uhdde4,delayed_mlp,15,i43/p43,216023040,773.64453125
64uhdde4,delayed_mlp,15,i43/p43,220938240,792.546875
64uhdde4,delayed_mlp,15,i43/p43,225607680,708.84765625
64uhdde4,delayed_mlp,15,i43/p43,230522880,730.47265625
64uhdde4,delayed_mlp,15,i43/p43,235438080,711.91796875
64uhdde4,delayed_mlp,15,i43/p43,240107520,790.921875
64uhdde4,delayed_mlp,15,i43/p43,245022720,706.25390625
64uhdde4,delayed_mlp,15,i43/p43,249692160,785.3125
64uhdde4,delayed_mlp,15,i43/p43,254607360,717.703125
64uhdde4,delayed_mlp,15,i43/p43,259276800,752.390625
64uhdde4,delayed_mlp,15,i43/p43,264192000,810.640625
64uhdde4,delayed_mlp,15,i43/p43,268861440,793.60546875
64uhdde4,delayed_mlp,15,i43/p43,273776640,784.58203125
64uhdde4,delayed_mlp,15,i43/p43,278446080,783.40625
64uhdde4,delayed_mlp,15,i43/p43,283361280,813.1796875
64uhdde4,delayed_mlp,15,i43/p43,288030720,805.078125
64uhdde4,delayed_mlp,15,i43/p43,292945920,823.72265625
64uhdde4,delayed_mlp,15,i43/p43,297615360,846.921875
64uhdde4,delayed_mlp,15,i43/p43,302530560,838.84765625
64uhdde4,delayed_mlp,15,i43/p43,307200000,849.5703125
64uhdde4,delayed_mlp,15,i43/p43,312115200,885.65625
64uhdde4,delayed_mlp,15,i43/p43,317030400,873.55859375
64uhdde4,delayed_mlp,15,i43/p43,321699840,869.14453125
64uhdde4,delayed_mlp,15,i43/p43,326615040,841.76171875
64uhdde4,delayed_mlp,15,i43/p43,331284480,833.5
64uhdde4,delayed_mlp,15,i43/p43,336199680,873.77734375
64uhdde4,delayed_mlp,15,i43/p43,340869120,864.48046875
64uhdde4,delayed_mlp,15,i43/p43,345784320,819.375
64uhdde4,delayed_mlp,15,i43/p43,350453760,791.78515625
64uhdde4,delayed_mlp,15,i43/p43,355368960,879.41796875
64uhdde4,delayed_mlp,15,i43/p43,360038400,889.59375
64uhdde4,delayed_mlp,15,i43/p43,364953600,899.18359375
64uhdde4,delayed_mlp,15,i43/p43,369623040,895.2734375
64uhdde4,delayed_mlp,15,i43/p43,374538240,892.19921875
64uhdde4,delayed_mlp,15,i43/p43,379207680,881.3828125
64uhdde4,delayed_mlp,15,i43/p43,384122880,901.68359375
64uhdde4,delayed_mlp,15,i43/p43,389038080,906.09375
64uhdde4,delayed_mlp,15,i43/p43,393707520,901.5
64uhdde4,delayed_mlp,15,i43/p43,398622720,905.375
64uhdde4,delayed_mlp,15,i43/p43,403292160,915.55078125
64uhdde4,delayed_mlp,15,i43/p43,408207360,921.04296875
64uhdde4,delayed_mlp,15,i43/p43,412876800,921.7109375
64uhdde4,delayed_mlp,15,i43/p43,417792000,921.29296875
64uhdde4,delayed_mlp,15,i43/p43,422461440,922.14453125
64uhdde4,delayed_mlp,15,i43/p43,427376640,921.6015625
64uhdde4,delayed_mlp,15,i43/p43,432046080,920.8671875
64uhdde4,delayed_mlp,15,i43/p43,436961280,887.7890625
64uhdde4,delayed_mlp,15,i43/p43,441630720,919.56640625
64uhdde4,delayed_mlp,15,i43/p43,446545920,921.41796875
64uhdde4,delayed_mlp,15,i43/p43,451215360,922.43359375
64uhdde4,delayed_mlp,15,i43/p43,456130560,899.06640625
64uhdde4,delayed_mlp,15,i43/p43,460800000,904.85546875
64uhdde4,delayed_mlp,15,i43/p43,465715200,915.2734375
64uhdde4,delayed_mlp,15,i43/p43,470630400,916.875
64uhdde4,delayed_mlp,15,i43/p43,475299840,918.41796875
64uhdde4,delayed_mlp,15,i43/p43,480215040,918.515625
88ednhd4,delayed_mlp,15,i45/p45,4915200,226.484375
88ednhd4,delayed_mlp,15,i45/p45,9830400,525.453125
88ednhd4,delayed_mlp,15,i45/p45,14499840,666.90625
88ednhd4,delayed_mlp,15,i45/p45,19415040,698.24609375
88ednhd4,delayed_mlp,15,i45/p45,24084480,741.34765625
88ednhd4,delayed_mlp,15,i45/p45,28999680,771.0078125
88ednhd4,delayed_mlp,15,i45/p45,33669120,776.484375
88ednhd4,delayed_mlp,15,i45/p45,38584320,826.390625
88ednhd4,delayed_mlp,15,i45/p45,43253760,797.27734375
88ednhd4,delayed_mlp,15,i45/p45,48168960,736.35546875
88ednhd4,delayed_mlp,15,i45/p45,52838400,630.07421875
88ednhd4,delayed_mlp,15,i45/p45,57753600,576.65234375
88ednhd4,delayed_mlp,15,i45/p45,62423040,604.03515625
88ednhd4,delayed_mlp,15,i45/p45,67338240,600.53125
88ednhd4,delayed_mlp,15,i45/p45,72007680,589.1875
88ednhd4,delayed_mlp,15,i45/p45,76922880,571.5234375
88ednhd4,delayed_mlp,15,i45/p45,81838080,643.859375
88ednhd4,delayed_mlp,15,i45/p45,86507520,623.71484375
88ednhd4,delayed_mlp,15,i45/p45,91422720,667.78515625
88ednhd4,delayed_mlp,15,i45/p45,96092160,648.75390625
88ednhd4,delayed_mlp,15,i45/p45,101007360,600.05078125
88ednhd4,delayed_mlp,15,i45/p45,105676800,625.18359375
88ednhd4,delayed_mlp,15,i45/p45,110592000,704.01171875
88ednhd4,delayed_mlp,15,i45/p45,115261440,661.4765625
88ednhd4,delayed_mlp,15,i45/p45,120176640,701.64453125
88ednhd4,delayed_mlp,15,i45/p45,124846080,727.26171875
88ednhd4,delayed_mlp,15,i45/p45,129761280,727.671875
88ednhd4,delayed_mlp,15,i45/p45,134430720,703.4921875
88ednhd4,delayed_mlp,15,i45/p45,139345920,651.17578125
88ednhd4,delayed_mlp,15,i45/p45,144015360,660.66015625
88ednhd4,delayed_mlp,15,i45/p45,148930560,676.3984375
88ednhd4,delayed_mlp,15,i45/p45,153600000,676.5234375
88ednhd4,delayed_mlp,15,i45/p45,158515200,717.9609375
88ednhd4,delayed_mlp,15,i45/p45,163430400,712.94921875
88ednhd4,delayed_mlp,15,i45/p45,168099840,699.72265625
88ednhd4,delayed_mlp,15,i45/p45,173015040,754.47265625
88ednhd4,delayed_mlp,15,i45/p45,177684480,813.59765625
88ednhd4,delayed_mlp,15,i45/p45,182599680,815.19921875
88ednhd4,delayed_mlp,15,i45/p45,187269120,746.29296875
88ednhd4,delayed_mlp,15,i45/p45,192184320,729.62890625
88ednhd4,delayed_mlp,15,i45/p45,196853760,785.09375
88ednhd4,delayed_mlp,15,i45/p45,201768960,774.8125
88ednhd4,delayed_mlp,15,i45/p45,206438400,835.40625
88ednhd4,delayed_mlp,15,i45/p45,211353600,816.55078125
88ednhd4,delayed_mlp,15,i45/p45,216023040,803.30078125
88ednhd4,delayed_mlp,15,i45/p45,220938240,849.39453125
88ednhd4,delayed_mlp,15,i45/p45,225607680,869.60546875
88ednhd4,delayed_mlp,15,i45/p45,230522880,833.84765625
88ednhd4,delayed_mlp,15,i45/p45,235438080,838.0234375
88ednhd4,delayed_mlp,15,i45/p45,240107520,842.921875
88ednhd4,delayed_mlp,15,i45/p45,245022720,876.95703125
88ednhd4,delayed_mlp,15,i45/p45,249692160,875.84375
88ednhd4,delayed_mlp,15,i45/p45,254607360,895.48828125
88ednhd4,delayed_mlp,15,i45/p45,259276800,885.25
88ednhd4,delayed_mlp,15,i45/p45,264192000,883.83984375
88ednhd4,delayed_mlp,15,i45/p45,268861440,883.77734375
88ednhd4,delayed_mlp,15,i45/p45,273776640,877.32421875
88ednhd4,delayed_mlp,15,i45/p45,278446080,892.171875
88ednhd4,delayed_mlp,15,i45/p45,283361280,899.71484375
88ednhd4,delayed_mlp,15,i45/p45,288030720,877.3984375
88ednhd4,delayed_mlp,15,i45/p45,292945920,862.23828125
88ednhd4,delayed_mlp,15,i45/p45,297615360,847.2890625
88ednhd4,delayed_mlp,15,i45/p45,302530560,878.48046875
88ednhd4,delayed_mlp,15,i45/p45,307200000,815.36328125
88ednhd4,delayed_mlp,15,i45/p45,312115200,861.265625
88ednhd4,delayed_mlp,15,i45/p45,317030400,910.3203125
88ednhd4,delayed_mlp,15,i45/p45,321699840,800.83984375
88ednhd4,delayed_mlp,15,i45/p45,326615040,832.20703125
88ednhd4,delayed_mlp,15,i45/p45,331284480,858.01171875
88ednhd4,delayed_mlp,15,i45/p45,336199680,850.78125
88ednhd4,delayed_mlp,15,i45/p45,340869120,872.88671875
88ednhd4,delayed_mlp,15,i45/p45,345784320,911.625
88ednhd4,delayed_mlp,15,i45/p45,350453760,871.3671875
88ednhd4,delayed_mlp,15,i45/p45,355368960,915.94140625
88ednhd4,delayed_mlp,15,i45/p45,360038400,899.984375
88ednhd4,delayed_mlp,15,i45/p45,364953600,902.484375
88ednhd4,delayed_mlp,15,i45/p45,369623040,892.5859375
88ednhd4,delayed_mlp,15,i45/p45,374538240,902.44921875
88ednhd4,delayed_mlp,15,i45/p45,379207680,857.11328125
88ednhd4,delayed_mlp,15,i45/p45,384122880,908.2265625
88ednhd4,delayed_mlp,15,i45/p45,389038080,872.4609375
88ednhd4,delayed_mlp,15,i45/p45,393707520,790.5390625
88ednhd4,delayed_mlp,15,i45/p45,398622720,791.21875
88ednhd4,delayed_mlp,15,i45/p45,403292160,837.2421875
88ednhd4,delayed_mlp,15,i45/p45,408207360,797.41796875
88ednhd4,delayed_mlp,15,i45/p45,412876800,775.9921875
88ednhd4,delayed_mlp,15,i45/p45,417792000,768.98828125
88ednhd4,delayed_mlp,15,i45/p45,422461440,768.56640625
88ednhd4,delayed_mlp,15,i45/p45,427376640,759.96484375
88ednhd4,delayed_mlp,15,i45/p45,432046080,841.625
88ednhd4,delayed_mlp,15,i45/p45,436961280,813.8828125
88ednhd4,delayed_mlp,15,i45/p45,441630720,801.78125
88ednhd4,delayed_mlp,15,i45/p45,446545920,916.33984375
88ednhd4,delayed_mlp,15,i45/p45,451215360,815.3515625
88ednhd4,delayed_mlp,15,i45/p45,456130560,804.84765625
88ednhd4,delayed_mlp,15,i45/p45,460800000,885.421875
88ednhd4,delayed_mlp,15,i45/p45,465715200,833.23046875
88ednhd4,delayed_mlp,15,i45/p45,470630400,834.75390625
88ednhd4,delayed_mlp,15,i45/p45,475299840,898.546875
88ednhd4,delayed_mlp,15,i45/p45,480215040,881.63671875
xzpvqnv3,delayed_mlp,20,i42/p1234,4915200,46.26953125
xzpvqnv3,delayed_mlp,20,i42/p1234,9830400,329.95703125
xzpvqnv3,delayed_mlp,20,i42/p1234,14499840,538.23046875
xzpvqnv3,delayed_mlp,20,i42/p1234,19415040,633.29296875
xzpvqnv3,delayed_mlp,20,i42/p1234,24084480,631.03125
xzpvqnv3,delayed_mlp,20,i42/p1234,28999680,627.40625
xzpvqnv3,delayed_mlp,20,i42/p1234,33669120,650.390625
xzpvqnv3,delayed_mlp,20,i42/p1234,38584320,698.4453125
xzpvqnv3,delayed_mlp,20,i42/p1234,43253760,707.93359375
xzpvqnv3,delayed_mlp,20,i42/p1234,48168960,710.6796875
xzpvqnv3,delayed_mlp,20,i42/p1234,52838400,701.60546875
xzpvqnv3,delayed_mlp,20,i42/p1234,57753600,633.35546875
xzpvqnv3,delayed_mlp,20,i42/p1234,62423040,587.42578125
xzpvqnv3,delayed_mlp,20,i42/p1234,67338240,587.875
xzpvqnv3,delayed_mlp,20,i42/p1234,72007680,589.7578125
xzpvqnv3,delayed_mlp,20,i42/p1234,76922880,594.65234375
xzpvqnv3,delayed_mlp,20,i42/p1234,81838080,574.62109375
xzpvqnv3,delayed_mlp,20,i42/p1234,86507520,558.07421875
xzpvqnv3,delayed_mlp,20,i42/p1234,91422720,124.0234375
xzpvqnv3,delayed_mlp,20,i42/p1234,96092160,400.171875
xzpvqnv3,delayed_mlp,20,i42/p1234,101007360,511.06640625
xzpvqnv3,delayed_mlp,20,i42/p1234,105676800,597.75390625
xzpvqnv3,delayed_mlp,20,i42/p1234,110592000,627.52734375
xzpvqnv3,delayed_mlp,20,i42/p1234,115261440,641.265625
xzpvqnv3,delayed_mlp,20,i42/p1234,120176640,451.13671875
xzpvqnv3,delayed_mlp,20,i42/p1234,124846080,411.078125
xzpvqnv3,delayed_mlp,20,i42/p1234,129761280,425.95703125
xzpvqnv3,delayed_mlp,20,i42/p1234,134430720,438.16015625
xzpvqnv3,delayed_mlp,20,i42/p1234,139345920,461.2421875
xzpvqnv3,delayed_mlp,20,i42/p1234,144015360,497.8828125
xzpvqnv3,delayed_mlp,20,i42/p1234,148930560,499.9609375
xzpvqnv3,delayed_mlp,20,i42/p1234,153600000,514.6875
xzpvqnv3,delayed_mlp,20,i42/p1234,158515200,510.14453125
xzpvqnv3,delayed_mlp,20,i42/p1234,163430400,481.95703125
xzpvqnv3,delayed_mlp,20,i42/p1234,168099840,521.56640625
xzpvqnv3,delayed_mlp,20,i42/p1234,173015040,535.4921875
xzpvqnv3,delayed_mlp,20,i42/p1234,177684480,733.4296875
xzpvqnv3,delayed_mlp,20,i42/p1234,182599680,699.86328125
xzpvqnv3,delayed_mlp,20,i42/p1234,187269120,759.3515625
xzpvqnv3,delayed_mlp,20,i42/p1234,192184320,839.48828125
xzpvqnv3,delayed_mlp,20,i42/p1234,196853760,846.9609375
xzpvqnv3,delayed_mlp,20,i42/p1234,201768960,830.453125
xzpvqnv3,delayed_mlp,20,i42/p1234,206438400,840.92578125
xzpvqnv3,delayed_mlp,20,i42/p1234,211353600,807.58203125
xzpvqnv3,delayed_mlp,20,i42/p1234,216023040,812.90625
xzpvqnv3,delayed_mlp,20,i42/p1234,220938240,831.55078125
xzpvqnv3,delayed_mlp,20,i42/p1234,225607680,836.109375
xzpvqnv3,delayed_mlp,20,i42/p1234,230522880,839.07421875
xzpvqnv3,delayed_mlp,20,i42/p1234,235438080,850.234375
xzpvqnv3,delayed_mlp,20,i42/p1234,240107520,850.84375
xzpvqnv3,delayed_mlp,20,i42/p1234,245022720,844.0859375
xzpvqnv3,delayed_mlp,20,i42/p1234,249692160,822.6171875
xzpvqnv3,delayed_mlp,20,i42/p1234,254607360,847.8046875
xzpvqnv3,delayed_mlp,20,i42/p1234,259276800,839.25390625
xzpvqnv3,delayed_mlp,20,i42/p1234,264192000,850.92578125
xzpvqnv3,delayed_mlp,20,i42/p1234,268861440,835.01171875
xzpvqnv3,delayed_mlp,20,i42/p1234,273776640,809.296875
xzpvqnv3,delayed_mlp,20,i42/p1234,278446080,838.609375
xzpvqnv3,delayed_mlp,20,i42/p1234,283361280,849.2265625
xzpvqnv3,delayed_mlp,20,i42/p1234,288030720,828.7109375
xzpvqnv3,delayed_mlp,20,i42/p1234,292945920,802.0859375
xzpvqnv3,delayed_mlp,20,i42/p1234,297615360,774.7109375
xzpvqnv3,delayed_mlp,20,i42/p1234,302530560,804.18359375
xzpvqnv3,delayed_mlp,20,i42/p1234,307200000,795.359375
xzpvqnv3,delayed_mlp,20,i42/p1234,312115200,753.51171875
xzpvqnv3,delayed_mlp,20,i42/p1234,317030400,831.92578125
xzpvqnv3,delayed_mlp,20,i42/p1234,321699840,825.5
xzpvqnv3,delayed_mlp,20,i42/p1234,326615040,753.47265625
xzpvqnv3,delayed_mlp,20,i42/p1234,331284480,824.73046875
xzpvqnv3,delayed_mlp,20,i42/p1234,336199680,839.80859375
xzpvqnv3,delayed_mlp,20,i42/p1234,340869120,876.66796875
xzpvqnv3,delayed_mlp,20,i42/p1234,345784320,855.890625
xzpvqnv3,delayed_mlp,20,i42/p1234,350453760,810.69921875
xzpvqnv3,delayed_mlp,20,i42/p1234,355368960,787.15234375
xzpvqnv3,delayed_mlp,20,i42/p1234,360038400,765.90625
xzpvqnv3,delayed_mlp,20,i42/p1234,364953600,839.9375
xzpvqnv3,delayed_mlp,20,i42/p1234,369623040,821.11328125
xzpvqnv3,delayed_mlp,20,i42/p1234,374538240,797.08203125
xzpvqnv3,delayed_mlp,20,i42/p1234,379207680,752.7890625
xzpvqnv3,delayed_mlp,20,i42/p1234,384122880,761.09765625
xzpvqnv3,delayed_mlp,20,i42/p1234,389038080,709.73046875
xzpvqnv3,delayed_mlp,20,i42/p1234,393707520,761.38671875
xzpvqnv3,delayed_mlp,20,i42/p1234,398622720,713.6171875
xzpvqnv3,delayed_mlp,20,i42/p1234,403292160,762.58984375
xzpvqnv3,delayed_mlp,20,i42/p1234,408207360,686.46484375
xzpvqnv3,delayed_mlp,20,i42/p1234,412876800,746.90625
xzpvqnv3,delayed_mlp,20,i42/p1234,417792000,710.7421875
xzpvqnv3,delayed_mlp,20,i42/p1234,422461440,794.6953125
xzpvqnv3,delayed_mlp,20,i42/p1234,427376640,755.98828125
xzpvqnv3,delayed_mlp,20,i42/p1234,432046080,851.60546875
xzpvqnv3,delayed_mlp,20,i42/p1234,436961280,776.03515625
xzpvqnv3,delayed_mlp,20,i42/p1234,441630720,833.0703125
xzpvqnv3,delayed_mlp,20,i42/p1234,446545920,778.6640625
xzpvqnv3,delayed_mlp,20,i42/p1234,451215360,795.74609375
xzpvqnv3,delayed_mlp,20,i42/p1234,456130560,762.50390625
xzpvqnv3,delayed_mlp,20,i42/p1234,460800000,796.05078125
xzpvqnv3,delayed_mlp,20,i42/p1234,465715200,858.9296875
xzpvqnv3,delayed_mlp,20,i42/p1234,470630400,842.578125
xzpvqnv3,delayed_mlp,20,i42/p1234,475299840,856.33203125
xzpvqnv3,delayed_mlp,20,i42/p1234,480215040,850.3515625
solwgrkc,delayed_mlp,20,i43/p43,4915200,16.421875
solwgrkc,delayed_mlp,20,i43/p43,9830400,238.4921875
solwgrkc,delayed_mlp,20,i43/p43,14499840,303.78125
solwgrkc,delayed_mlp,20,i43/p43,19415040,437.7265625
solwgrkc,delayed_mlp,20,i43/p43,24084480,527.87890625
solwgrkc,delayed_mlp,20,i43/p43,28999680,582.88671875
solwgrkc,delayed_mlp,20,i43/p43,33669120,600.5234375
solwgrkc,delayed_mlp,20,i43/p43,38584320,485.30859375
solwgrkc,delayed_mlp,20,i43/p43,43253760,532.50390625
solwgrkc,delayed_mlp,20,i43/p43,48168960,586.140625
solwgrkc,delayed_mlp,20,i43/p43,52838400,636.21484375
solwgrkc,delayed_mlp,20,i43/p43,57753600,647.8984375
solwgrkc,delayed_mlp,20,i43/p43,62423040,660.14453125
solwgrkc,delayed_mlp,20,i43/p43,67338240,669.64453125
solwgrkc,delayed_mlp,20,i43/p43,72007680,656.7265625
solwgrkc,delayed_mlp,20,i43/p43,76922880,399.0390625
solwgrkc,delayed_mlp,20,i43/p43,81838080,582.41015625
solwgrkc,delayed_mlp,20,i43/p43,86507520,659.08203125
solwgrkc,delayed_mlp,20,i43/p43,91422720,660.796875
solwgrkc,delayed_mlp,20,i43/p43,96092160,667.4609375
solwgrkc,delayed_mlp,20,i43/p43,101007360,164.375
solwgrkc,delayed_mlp,20,i43/p43,105676800,242.42578125
solwgrkc,delayed_mlp,20,i43/p43,110592000,394.84765625
solwgrkc,delayed_mlp,20,i43/p43,115261440,421.640625
solwgrkc,delayed_mlp,20,i43/p43,120176640,447.14453125
solwgrkc,delayed_mlp,20,i43/p43,124846080,477.69140625
solwgrkc,delayed_mlp,20,i43/p43,129761280,527.6953125
solwgrkc,delayed_mlp,20,i43/p43,134430720,559.12890625
solwgrkc,delayed_mlp,20,i43/p43,139345920,618.1796875
solwgrkc,delayed_mlp,20,i43/p43,144015360,669.140625
solwgrkc,delayed_mlp,20,i43/p43,148930560,678.26171875
solwgrkc,delayed_mlp,20,i43/p43,153600000,675.41015625
solwgrkc,delayed_mlp,20,i43/p43,158515200,753.38671875
solwgrkc,delayed_mlp,20,i43/p43,163430400,770.4609375
solwgrkc,delayed_mlp,20,i43/p43,168099840,782.84375
solwgrkc,delayed_mlp,20,i43/p43,173015040,776.01953125
solwgrkc,delayed_mlp,20,i43/p43,177684480,797.98828125
solwgrkc,delayed_mlp,20,i43/p43,182599680,779.75390625
solwgrkc,delayed_mlp,20,i43/p43,187269120,785.73828125
solwgrkc,delayed_mlp,20,i43/p43,192184320,806.671875
solwgrkc,delayed_mlp,20,i43/p43,196853760,804.25
solwgrkc,delayed_mlp,20,i43/p43,201768960,801.57421875
solwgrkc,delayed_mlp,20,i43/p43,206438400,815.50390625
solwgrkc,delayed_mlp,20,i43/p43,211353600,729.8984375
solwgrkc,delayed_mlp,20,i43/p43,216023040,747.91015625
solwgrkc,delayed_mlp,20,i43/p43,220938240,753.35546875
solwgrkc,delayed_mlp,20,i43/p43,225607680,717.765625
solwgrkc,delayed_mlp,20,i43/p43,230522880,677.86328125
solwgrkc,delayed_mlp,20,i43/p43,235438080,639.89453125
solwgrkc,delayed_mlp,20,i43/p43,240107520,610.5703125
solwgrkc,delayed_mlp,20,i43/p43,245022720,676.84765625
solwgrkc,delayed_mlp,20,i43/p43,249692160,675.2109375
solwgrkc,delayed_mlp,20,i43/p43,254607360,756.5
solwgrkc,delayed_mlp,20,i43/p43,259276800,749.48046875
solwgrkc,delayed_mlp,20,i43/p43,264192000,762.71484375
solwgrkc,delayed_mlp,20,i43/p43,268861440,845.5859375
solwgrkc,delayed_mlp,20,i43/p43,273776640,821.21484375
solwgrkc,delayed_mlp,20,i43/p43,278446080,838.046875
solwgrkc,delayed_mlp,20,i43/p43,283361280,859.6953125
solwgrkc,delayed_mlp,20,i43/p43,288030720,873.24609375
solwgrkc,delayed_mlp,20,i43/p43,292945920,873.41796875
solwgrkc,delayed_mlp,20,i43/p43,297615360,863.48046875
solwgrkc,delayed_mlp,20,i43/p43,302530560,861.37109375
solwgrkc,delayed_mlp,20,i43/p43,307200000,838.62890625
solwgrkc,delayed_mlp,20,i43/p43,312115200,848.41015625
solwgrkc,delayed_mlp,20,i43/p43,317030400,853.546875
solwgrkc,delayed_mlp,20,i43/p43,321699840,878.93359375
solwgrkc,delayed_mlp,20,i43/p43,326615040,862.48828125
solwgrkc,delayed_mlp,20,i43/p43,331284480,885.81640625
solwgrkc,delayed_mlp,20,i43/p43,336199680,876.10546875
solwgrkc,delayed_mlp,20,i43/p43,340869120,887.57421875
solwgrkc,delayed_mlp,20,i43/p43,345784320,868.46484375
solwgrkc,delayed_mlp,20,i43/p43,350453760,887.93359375
solwgrkc,delayed_mlp,20,i43/p43,355368960,887.47265625
solwgrkc,delayed_mlp,20,i43/p43,360038400,903.14453125
solwgrkc,delayed_mlp,20,i43/p43,364953600,902.0546875
solwgrkc,delayed_mlp,20,i43/p43,369623040,905.7421875
solwgrkc,delayed_mlp,20,i43/p43,374538240,892.69140625
solwgrkc,delayed_mlp,20,i43/p43,379207680,907.29296875
solwgrkc,delayed_mlp,20,i43/p43,384122880,903.84765625
solwgrkc,delayed_mlp,20,i43/p43,389038080,907.85546875
solwgrkc,delayed_mlp,20,i43/p43,393707520,906.36328125
solwgrkc,delayed_mlp,20,i43/p43,398622720,907.10546875
solwgrkc,delayed_mlp,20,i43/p43,403292160,896.796875
solwgrkc,delayed_mlp,20,i43/p43,408207360,901.25390625
solwgrkc,delayed_mlp,20,i43/p43,412876800,909.4765625
solwgrkc,delayed_mlp,20,i43/p43,417792000,906.03515625
solwgrkc,delayed_mlp,20,i43/p43,422461440,897.46875
solwgrkc,delayed_mlp,20,i43/p43,427376640,899.125
solwgrkc,delayed_mlp,20,i43/p43,432046080,905.453125
solwgrkc,delayed_mlp,20,i43/p43,436961280,904.3984375
solwgrkc,delayed_mlp,20,i43/p43,441630720,905.74609375
solwgrkc,delayed_mlp,20,i43/p43,446545920,909.11328125
solwgrkc,delayed_mlp,20,i43/p43,451215360,914.0625
solwgrkc,delayed_mlp,20,i43/p43,456130560,913.8125
solwgrkc,delayed_mlp,20,i43/p43,460800000,913.16015625
solwgrkc,delayed_mlp,20,i43/p43,465715200,907.37890625
solwgrkc,delayed_mlp,20,i43/p43,470630400,915.73046875
solwgrkc,delayed_mlp,20,i43/p43,475299840,909.0859375
solwgrkc,delayed_mlp,20,i43/p43,480215040,914.609375
gkiw6gsm,delayed_mlp,20,i45/p45,4915200,36.50390625
gkiw6gsm,delayed_mlp,20,i45/p45,9830400,244.48828125
gkiw6gsm,delayed_mlp,20,i45/p45,14499840,507.6640625
gkiw6gsm,delayed_mlp,20,i45/p45,19415040,610.953125
gkiw6gsm,delayed_mlp,20,i45/p45,24084480,658.1484375
gkiw6gsm,delayed_mlp,20,i45/p45,28999680,700.94921875
gkiw6gsm,delayed_mlp,20,i45/p45,33669120,751.91796875
gkiw6gsm,delayed_mlp,20,i45/p45,38584320,773.87890625
gkiw6gsm,delayed_mlp,20,i45/p45,43253760,718.03515625
gkiw6gsm,delayed_mlp,20,i45/p45,48168960,581.34765625
gkiw6gsm,delayed_mlp,20,i45/p45,52838400,531.4296875
gkiw6gsm,delayed_mlp,20,i45/p45,57753600,550.51171875
gkiw6gsm,delayed_mlp,20,i45/p45,62423040,535.54296875
gkiw6gsm,delayed_mlp,20,i45/p45,67338240,562.2265625
gkiw6gsm,delayed_mlp,20,i45/p45,72007680,587.3125
gkiw6gsm,delayed_mlp,20,i45/p45,76922880,553.41015625
gkiw6gsm,delayed_mlp,20,i45/p45,81838080,643.64453125
gkiw6gsm,delayed_mlp,20,i45/p45,86507520,632.546875
gkiw6gsm,delayed_mlp,20,i45/p45,91422720,644.140625
gkiw6gsm,delayed_mlp,20,i45/p45,96092160,676.9921875
gkiw6gsm,delayed_mlp,20,i45/p45,101007360,659.74609375
gkiw6gsm,delayed_mlp,20,i45/p45,105676800,633.01953125
gkiw6gsm,delayed_mlp,20,i45/p45,110592000,638.63671875
gkiw6gsm,delayed_mlp,20,i45/p45,115261440,729.31640625
gkiw6gsm,delayed_mlp,20,i45/p45,120176640,794.1328125
gkiw6gsm,delayed_mlp,20,i45/p45,124846080,777.828125
gkiw6gsm,delayed_mlp,20,i45/p45,129761280,793.51171875
gkiw6gsm,delayed_mlp,20,i45/p45,134430720,784.1640625
gkiw6gsm,delayed_mlp,20,i45/p45,139345920,809.4140625
gkiw6gsm,delayed_mlp,20,i45/p45,144015360,827.90234375
gkiw6gsm,delayed_mlp,20,i45/p45,148930560,858.5234375
gkiw6gsm,delayed_mlp,20,i45/p45,153600000,856.4375
gkiw6gsm,delayed_mlp,20,i45/p45,158515200,831.859375
gkiw6gsm,delayed_mlp,20,i45/p45,163430400,846.296875
gkiw6gsm,delayed_mlp,20,i45/p45,168099840,845.72265625
gkiw6gsm,delayed_mlp,20,i45/p45,173015040,854.95703125
gkiw6gsm,delayed_mlp,20,i45/p45,177684480,875.66796875
gkiw6gsm,delayed_mlp,20,i45/p45,182599680,875.42578125
gkiw6gsm,delayed_mlp,20,i45/p45,187269120,875.08203125
gkiw6gsm,delayed_mlp,20,i45/p45,192184320,883.5078125
gkiw6gsm,delayed_mlp,20,i45/p45,196853760,871.56640625
gkiw6gsm,delayed_mlp,20,i45/p45,201768960,885.75390625
gkiw6gsm,delayed_mlp,20,i45/p45,206438400,891.625
gkiw6gsm,delayed_mlp,20,i45/p45,211353600,894.73046875
gkiw6gsm,delayed_mlp,20,i45/p45,216023040,892.421875
gkiw6gsm,delayed_mlp,20,i45/p45,220938240,898.37109375
gkiw6gsm,delayed_mlp,20,i45/p45,225607680,900.12890625
gkiw6gsm,delayed_mlp,20,i45/p45,230522880,899.390625
gkiw6gsm,delayed_mlp,20,i45/p45,235438080,898.83203125
gkiw6gsm,delayed_mlp,20,i45/p45,240107520,895.2421875
gkiw6gsm,delayed_mlp,20,i45/p45,245022720,891.1171875
gkiw6gsm,delayed_mlp,20,i45/p45,249692160,907.0390625
gkiw6gsm,delayed_mlp,20,i45/p45,254607360,905.68359375
gkiw6gsm,delayed_mlp,20,i45/p45,259276800,904.79296875
gkiw6gsm,delayed_mlp,20,i45/p45,264192000,905.44921875
gkiw6gsm,delayed_mlp,20,i45/p45,268861440,910.2265625
gkiw6gsm,delayed_mlp,20,i45/p45,273776640,881.0546875
gkiw6gsm,delayed_mlp,20,i45/p45,278446080,896.22265625
gkiw6gsm,delayed_mlp,20,i45/p45,283361280,842.7265625
gkiw6gsm,delayed_mlp,20,i45/p45,288030720,890.65625
gkiw6gsm,delayed_mlp,20,i45/p45,292945920,906.5390625
gkiw6gsm,delayed_mlp,20,i45/p45,297615360,902.69921875
gkiw6gsm,delayed_mlp,20,i45/p45,302530560,865.48828125
gkiw6gsm,delayed_mlp,20,i45/p45,307200000,911.5703125
gkiw6gsm,delayed_mlp,20,i45/p45,312115200,893.30859375
gkiw6gsm,delayed_mlp,20,i45/p45,317030400,920.03125
gkiw6gsm,delayed_mlp,20,i45/p45,321699840,922.84765625
gkiw6gsm,delayed_mlp,20,i45/p45,326615040,677.4609375
gkiw6gsm,delayed_mlp,20,i45/p45,331284480,804.609375
gkiw6gsm,delayed_mlp,20,i45/p45,336199680,806.640625
gkiw6gsm,delayed_mlp,20,i45/p45,340869120,809.38671875
gkiw6gsm,delayed_mlp,20,i45/p45,345784320,819.68359375
gkiw6gsm,delayed_mlp,20,i45/p45,350453760,843.4453125
gkiw6gsm,delayed_mlp,20,i45/p45,355368960,888.84375
gkiw6gsm,delayed_mlp,20,i45/p45,360038400,901.50390625
gkiw6gsm,delayed_mlp,20,i45/p45,364953600,904.25
gkiw6gsm,delayed_mlp,20,i45/p45,369623040,911.3515625
gkiw6gsm,delayed_mlp,20,i45/p45,374538240,913.43359375
gkiw6gsm,delayed_mlp,20,i45/p45,379207680,916.72265625
gkiw6gsm,delayed_mlp,20,i45/p45,384122880,921.4296875
gkiw6gsm,delayed_mlp,20,i45/p45,389038080,922.8125
gkiw6gsm,delayed_mlp,20,i45/p45,393707520,922.91796875
gkiw6gsm,delayed_mlp,20,i45/p45,398622720,925.71484375
gkiw6gsm,delayed_mlp,20,i45/p45,403292160,923.2734375
gkiw6gsm,delayed_mlp,20,i45/p45,408207360,924.98046875
gkiw6gsm,delayed_mlp,20,i45/p45,412876800,922.8828125
gkiw6gsm,delayed_mlp,20,i45/p45,417792000,924.03125
gkiw6gsm,delayed_mlp,20,i45/p45,422461440,926.1640625
gkiw6gsm,delayed_mlp,20,i45/p45,427376640,928.28125
gkiw6gsm,delayed_mlp,20,i45/p45,432046080,927.30859375
gkiw6gsm,delayed_mlp,20,i45/p45,436961280,929.13671875
gkiw6gsm,delayed_mlp,20,i45/p45,441630720,926.984375
gkiw6gsm,delayed_mlp,20,i45/p45,446545920,930.90234375
gkiw6gsm,delayed_mlp,20,i45/p45,451215360,930.7734375
gkiw6gsm,delayed_mlp,20,i45/p45,456130560,928.1875
gkiw6gsm,delayed_mlp,20,i45/p45,460800000,927.71875
gkiw6gsm,delayed_mlp,20,i45/p45,465715200,930.41015625
gkiw6gsm,delayed_mlp,20,i45/p45,470630400,934.40625
gkiw6gsm,delayed_mlp,20,i45/p45,475299840,931.15625
gkiw6gsm,delayed_mlp,20,i45/p45,480215040,935.7265625
kgo6f75i,delayed_mlp,25,i42/p1234,4915200,11.08984375
kgo6f75i,delayed_mlp,25,i42/p1234,9830400,282.328125
kgo6f75i,delayed_mlp,25,i42/p1234,14499840,309.1015625
kgo6f75i,delayed_mlp,25,i42/p1234,19415040,400.546875
kgo6f75i,delayed_mlp,25,i42/p1234,24084480,456.1875
kgo6f75i,delayed_mlp,25,i42/p1234,28999680,481.27734375
kgo6f75i,delayed_mlp,25,i42/p1234,33669120,507.1015625
kgo6f75i,delayed_mlp,25,i42/p1234,38584320,527.13671875
kgo6f75i,delayed_mlp,25,i42/p1234,43253760,556.3359375
kgo6f75i,delayed_mlp,25,i42/p1234,48168960,419.09765625
kgo6f75i,delayed_mlp,25,i42/p1234,52838400,439.89453125
kgo6f75i,delayed_mlp,25,i42/p1234,57753600,492.38671875
kgo6f75i,delayed_mlp,25,i42/p1234,62423040,544.84765625
kgo6f75i,delayed_mlp,25,i42/p1234,67338240,556.70703125
kgo6f75i,delayed_mlp,25,i42/p1234,72007680,595.4296875
kgo6f75i,delayed_mlp,25,i42/p1234,76922880,600.12109375
kgo6f75i,delayed_mlp,25,i42/p1234,81838080,612.25390625
kgo6f75i,delayed_mlp,25,i42/p1234,86507520,604.30078125
kgo6f75i,delayed_mlp,25,i42/p1234,91422720,597.69140625
kgo6f75i,delayed_mlp,25,i42/p1234,96092160,574.3046875
kgo6f75i,delayed_mlp,25,i42/p1234,101007360,308.0078125
kgo6f75i,delayed_mlp,25,i42/p1234,105676800,266.3125
kgo6f75i,delayed_mlp,25,i42/p1234,110592000,275.3984375
kgo6f75i,delayed_mlp,25,i42/p1234,115261440,292.67578125
kgo6f75i,delayed_mlp,25,i42/p1234,120176640,344.484375
kgo6f75i,delayed_mlp,25,i42/p1234,124846080,411.484375
kgo6f75i,delayed_mlp,25,i42/p1234,129761280,334.30078125
kgo6f75i,delayed_mlp,25,i42/p1234,134430720,418.640625
kgo6f75i,delayed_mlp,25,i42/p1234,139345920,374.08203125
kgo6f75i,delayed_mlp,25,i42/p1234,144015360,435.43359375
kgo6f75i,delayed_mlp,25,i42/p1234,148930560,461.921875
kgo6f75i,delayed_mlp,25,i42/p1234,153600000,377.7265625
kgo6f75i,delayed_mlp,25,i42/p1234,158515200,374.0078125
kgo6f75i,delayed_mlp,25,i42/p1234,163430400,428.98046875
kgo6f75i,delayed_mlp,25,i42/p1234,168099840,371.91015625
kgo6f75i,delayed_mlp,25,i42/p1234,173015040,372.6640625
kgo6f75i,delayed_mlp,25,i42/p1234,177684480,365.421875
kgo6f75i,delayed_mlp,25,i42/p1234,182599680,447.21484375
kgo6f75i,delayed_mlp,25,i42/p1234,187269120,433.96484375
kgo6f75i,delayed_mlp,25,i42/p1234,192184320,470.03125
kgo6f75i,delayed_mlp,25,i42/p1234,196853760,495.375
kgo6f75i,delayed_mlp,25,i42/p1234,201768960,460.875
kgo6f75i,delayed_mlp,25,i42/p1234,206438400,546.16796875
kgo6f75i,delayed_mlp,25,i42/p1234,211353600,594.31640625
kgo6f75i,delayed_mlp,25,i42/p1234,216023040,620.0
kgo6f75i,delayed_mlp,25,i42/p1234,220938240,606.7421875
kgo6f75i,delayed_mlp,25,i42/p1234,225607680,593.51953125
kgo6f75i,delayed_mlp,25,i42/p1234,230522880,612.32421875
kgo6f75i,delayed_mlp,25,i42/p1234,235438080,636.7578125
kgo6f75i,delayed_mlp,25,i42/p1234,240107520,597.15234375
kgo6f75i,delayed_mlp,25,i42/p1234,245022720,556.69921875
kgo6f75i,delayed_mlp,25,i42/p1234,249692160,627.09375
kgo6f75i,delayed_mlp,25,i42/p1234,254607360,596.7109375
kgo6f75i,delayed_mlp,25,i42/p1234,259276800,522.375
kgo6f75i,delayed_mlp,25,i42/p1234,264192000,542.1875
kgo6f75i,delayed_mlp,25,i42/p1234,268861440,566.06640625
kgo6f75i,delayed_mlp,25,i42/p1234,273776640,574.36328125
kgo6f75i,delayed_mlp,25,i42/p1234,278446080,607.02734375
kgo6f75i,delayed_mlp,25,i42/p1234,283361280,726.87890625
kgo6f75i,delayed_mlp,25,i42/p1234,288030720,622.23046875
kgo6f75i,delayed_mlp,25,i42/p1234,292945920,602.9296875
kgo6f75i,delayed_mlp,25,i42/p1234,297615360,604.9140625
kgo6f75i,delayed_mlp,25,i42/p1234,302530560,738.546875
kgo6f75i,delayed_mlp,25,i42/p1234,307200000,636.703125
kgo6f75i,delayed_mlp,25,i42/p1234,312115200,730.5703125
kgo6f75i,delayed_mlp,25,i42/p1234,317030400,706.2265625
kgo6f75i,delayed_mlp,25,i42/p1234,321699840,690.88671875
kgo6f75i,delayed_mlp,25,i42/p1234,326615040,732.484375
kgo6f75i,delayed_mlp,25,i42/p1234,331284480,689.84765625
kgo6f75i,delayed_mlp,25,i42/p1234,336199680,736.58984375
kgo6f75i,delayed_mlp,25,i42/p1234,340869120,759.7890625
kgo6f75i,delayed_mlp,25,i42/p1234,345784320,725.8828125
kgo6f75i,delayed_mlp,25,i42/p1234,350453760,713.58984375
kgo6f75i,delayed_mlp,25,i42/p1234,355368960,810.91015625
kgo6f75i,delayed_mlp,25,i42/p1234,360038400,816.84375
kgo6f75i,delayed_mlp,25,i42/p1234,364953600,745.16015625
kgo6f75i,delayed_mlp,25,i42/p1234,369623040,804.9453125
kgo6f75i,delayed_mlp,25,i42/p1234,374538240,731.0703125
kgo6f75i,delayed_mlp,25,i42/p1234,379207680,844.5859375
kgo6f75i,delayed_mlp,25,i42/p1234,384122880,838.9296875
kgo6f75i,delayed_mlp,25,i42/p1234,389038080,871.21875
kgo6f75i,delayed_mlp,25,i42/p1234,393707520,848.93359375
kgo6f75i,delayed_mlp,25,i42/p1234,398622720,820.890625
kgo6f75i,delayed_mlp,25,i42/p1234,403292160,888.83203125
kgo6f75i,delayed_mlp,25,i42/p1234,408207360,786.09375
kgo6f75i,delayed_mlp,25,i42/p1234,412876800,787.68359375
kgo6f75i,delayed_mlp,25,i42/p1234,417792000,859.19140625
kgo6f75i,delayed_mlp,25,i42/p1234,422461440,877.9375
kgo6f75i,delayed_mlp,25,i42/p1234,427376640,869.5234375
kgo6f75i,delayed_mlp,25,i42/p1234,432046080,816.26953125
kgo6f75i,delayed_mlp,25,i42/p1234,436961280,890.40625
kgo6f75i,delayed_mlp,25,i42/p1234,441630720,814.27734375
kgo6f75i,delayed_mlp,25,i42/p1234,446545920,819.34375
kgo6f75i,delayed_mlp,25,i42/p1234,451215360,907.33984375
kgo6f75i,delayed_mlp,25,i42/p1234,456130560,856.45703125
kgo6f75i,delayed_mlp,25,i42/p1234,460800000,881.8984375
kgo6f75i,delayed_mlp,25,i42/p1234,465715200,862.99609375
kgo6f75i,delayed_mlp,25,i42/p1234,470630400,865.796875
kgo6f75i,delayed_mlp,25,i42/p1234,475299840,866.65625
kgo6f75i,delayed_mlp,25,i42/p1234,480215040,857.1484375
t0ges0so,delayed_mlp,25,i43/p43,4915200,12.88671875
t0ges0so,delayed_mlp,25,i43/p43,9830400,197.64453125
t0ges0so,delayed_mlp,25,i43/p43,14499840,211.73046875
t0ges0so,delayed_mlp,25,i43/p43,19415040,320.07421875
t0ges0so,delayed_mlp,25,i43/p43,24084480,443.86328125
t0ges0so,delayed_mlp,25,i43/p43,28999680,503.109375
t0ges0so,delayed_mlp,25,i43/p43,33669120,519.44140625
t0ges0so,delayed_mlp,25,i43/p43,38584320,534.11328125
t0ges0so,delayed_mlp,25,i43/p43,43253760,575.06640625
t0ges0so,delayed_mlp,25,i43/p43,48168960,593.26953125
t0ges0so,delayed_mlp,25,i43/p43,52838400,635.453125
t0ges0so,delayed_mlp,25,i43/p43,57753600,683.3359375
t0ges0so,delayed_mlp,25,i43/p43,62423040,682.3515625
t0ges0so,delayed_mlp,25,i43/p43,67338240,721.40234375
t0ges0so,delayed_mlp,25,i43/p43,72007680,715.140625
t0ges0so,delayed_mlp,25,i43/p43,76922880,649.2578125
t0ges0so,delayed_mlp,25,i43/p43,81838080,612.26953125
t0ges0so,delayed_mlp,25,i43/p43,86507520,663.2109375
t0ges0so,delayed_mlp,25,i43/p43,91422720,672.83203125
t0ges0so,delayed_mlp,25,i43/p43,96092160,626.63671875
t0ges0so,delayed_mlp,25,i43/p43,101007360,678.22265625
t0ges0so,delayed_mlp,25,i43/p43,105676800,718.52734375
t0ges0so,delayed_mlp,25,i43/p43,110592000,693.359375
t0ges0so,delayed_mlp,25,i43/p43,115261440,630.625
t0ges0so,delayed_mlp,25,i43/p43,120176640,647.67578125
t0ges0so,delayed_mlp,25,i43/p43,124846080,685.8125
t0ges0so,delayed_mlp,25,i43/p43,129761280,633.6796875
t0ges0so,delayed_mlp,25,i43/p43,134430720,575.453125
t0ges0so,delayed_mlp,25,i43/p43,139345920,559.29296875
t0ges0so,delayed_mlp,25,i43/p43,144015360,630.015625
t0ges0so,delayed_mlp,25,i43/p43,148930560,652.265625
t0ges0so,delayed_mlp,25,i43/p43,153600000,530.08984375
t0ges0so,delayed_mlp,25,i43/p43,158515200,507.66015625
t0ges0so,delayed_mlp,25,i43/p43,163430400,506.7734375
t0ges0so,delayed_mlp,25,i43/p43,168099840,554.71484375
t0ges0so,delayed_mlp,25,i43/p43,173015040,484.1171875
t0ges0so,delayed_mlp,25,i43/p43,177684480,532.1328125
t0ges0so,delayed_mlp,25,i43/p43,182599680,531.10546875
t0ges0so,delayed_mlp,25,i43/p43,187269120,537.390625
t0ges0so,delayed_mlp,25,i43/p43,192184320,575.1328125
t0ges0so,delayed_mlp,25,i43/p43,196853760,607.6484375
t0ges0so,delayed_mlp,25,i43/p43,201768960,592.92578125
t0ges0so,delayed_mlp,25,i43/p43,206438400,614.3984375
t0ges0so,delayed_mlp,25,i43/p43,211353600,666.1171875
t0ges0so,delayed_mlp,25,i43/p43,216023040,591.28125
t0ges0so,delayed_mlp,25,i43/p43,220938240,604.875
t0ges0so,delayed_mlp,25,i43/p43,225607680,590.8671875
t0ges0so,delayed_mlp,25,i43/p43,230522880,526.0
t0ges0so,delayed_mlp,25,i43/p43,235438080,635.59375
t0ges0so,delayed_mlp,25,i43/p43,240107520,476.78125
t0ges0so,delayed_mlp,25,i43/p43,245022720,419.890625
t0ges0so,delayed_mlp,25,i43/p43,249692160,381.4921875
t0ges0so,delayed_mlp,25,i43/p43,254607360,313.86328125
t0ges0so,delayed_mlp,25,i43/p43,259276800,349.8203125
t0ges0so,delayed_mlp,25,i43/p43,264192000,362.34765625
t0ges0so,delayed_mlp,25,i43/p43,268861440,356.69140625
t0ges0so,delayed_mlp,25,i43/p43,273776640,344.51171875
t0ges0so,delayed_mlp,25,i43/p43,278446080,393.42578125
t0ges0so,delayed_mlp,25,i43/p43,283361280,358.08203125
t0ges0so,delayed_mlp,25,i43/p43,288030720,360.17578125
t0ges0so,delayed_mlp,25,i43/p43,292945920,350.484375
t0ges0so,delayed_mlp,25,i43/p43,297615360,339.0859375
t0ges0so,delayed_mlp,25,i43/p43,302530560,387.76171875
t0ges0so,delayed_mlp,25,i43/p43,307200000,405.33984375
t0ges0so,delayed_mlp,25,i43/p43,312115200,383.765625
t0ges0so,delayed_mlp,25,i43/p43,317030400,378.96875
t0ges0so,delayed_mlp,25,i43/p43,321699840,422.3125
t0ges0so,delayed_mlp,25,i43/p43,326615040,435.51953125
t0ges0so,delayed_mlp,25,i43/p43,331284480,581.91796875
t0ges0so,delayed_mlp,25,i43/p43,336199680,517.8125
t0ges0so,delayed_mlp,25,i43/p43,340869120,521.7890625
t0ges0so,delayed_mlp,25,i43/p43,345784320,493.9375
t0ges0so,delayed_mlp,25,i43/p43,350453760,512.62109375
t0ges0so,delayed_mlp,25,i43/p43,355368960,583.05078125
t0ges0so,delayed_mlp,25,i43/p43,360038400,515.96875
t0ges0so,delayed_mlp,25,i43/p43,364953600,538.2265625
t0ges0so,delayed_mlp,25,i43/p43,369623040,497.21484375
t0ges0so,delayed_mlp,25,i43/p43,374538240,517.7265625
t0ges0so,delayed_mlp,25,i43/p43,379207680,579.05078125
t0ges0so,delayed_mlp,25,i43/p43,384122880,619.68359375
t0ges0so,delayed_mlp,25,i43/p43,389038080,747.3203125
t0ges0so,delayed_mlp,25,i43/p43,393707520,672.1015625
t0ges0so,delayed_mlp,25,i43/p43,398622720,685.48828125
t0ges0so,delayed_mlp,25,i43/p43,403292160,753.2109375
t0ges0so,delayed_mlp,25,i43/p43,408207360,757.20703125
t0ges0so,delayed_mlp,25,i43/p43,412876800,714.5078125
t0ges0so,delayed_mlp,25,i43/p43,417792000,750.703125
t0ges0so,delayed_mlp,25,i43/p43,422461440,750.8515625
t0ges0so,delayed_mlp,25,i43/p43,427376640,712.53515625
t0ges0so,delayed_mlp,25,i43/p43,432046080,750.890625
t0ges0so,delayed_mlp,25,i43/p43,436961280,763.28125
t0ges0so,delayed_mlp,25,i43/p43,441630720,767.1796875
t0ges0so,delayed_mlp,25,i43/p43,446545920,673.859375
t0ges0so,delayed_mlp,25,i43/p43,451215360,741.17578125
t0ges0so,delayed_mlp,25,i43/p43,456130560,741.546875
t0ges0so,delayed_mlp,25,i43/p43,460800000,756.59765625
t0ges0so,delayed_mlp,25,i43/p43,465715200,777.87890625
t0ges0so,delayed_mlp,25,i43/p43,470630400,782.72265625
t0ges0so,delayed_mlp,25,i43/p43,475299840,806.7265625
t0ges0so,delayed_mlp,25,i43/p43,480215040,815.66015625
qp8xwcxx,delayed_mlp,25,i45/p45,4915200,14.60546875
qp8xwcxx,delayed_mlp,25,i45/p45,9830400,265.41015625
qp8xwcxx,delayed_mlp,25,i45/p45,14499840,354.6484375
qp8xwcxx,delayed_mlp,25,i45/p45,19415040,472.23046875
qp8xwcxx,delayed_mlp,25,i45/p45,24084480,543.30859375
qp8xwcxx,delayed_mlp,25,i45/p45,28999680,565.34765625
qp8xwcxx,delayed_mlp,25,i45/p45,33669120,573.42578125
qp8xwcxx,delayed_mlp,25,i45/p45,38584320,592.96875
qp8xwcxx,delayed_mlp,25,i45/p45,43253760,613.63671875
qp8xwcxx,delayed_mlp,25,i45/p45,48168960,643.734375
qp8xwcxx,delayed_mlp,25,i45/p45,52838400,673.1171875
qp8xwcxx,delayed_mlp,25,i45/p45,57753600,672.50390625
qp8xwcxx,delayed_mlp,25,i45/p45,62423040,604.83984375
qp8xwcxx,delayed_mlp,25,i45/p45,67338240,596.609375
qp8xwcxx,delayed_mlp,25,i45/p45,72007680,649.66796875
qp8xwcxx,delayed_mlp,25,i45/p45,76922880,560.77734375
qp8xwcxx,delayed_mlp,25,i45/p45,81838080,600.8203125
qp8xwcxx,delayed_mlp,25,i45/p45,86507520,592.80859375
qp8xwcxx,delayed_mlp,25,i45/p45,91422720,588.25
qp8xwcxx,delayed_mlp,25,i45/p45,96092160,519.58203125
qp8xwcxx,delayed_mlp,25,i45/p45,101007360,534.52734375
qp8xwcxx,delayed_mlp,25,i45/p45,105676800,521.8359375
qp8xwcxx,delayed_mlp,25,i45/p45,110592000,553.64453125
qp8xwcxx,delayed_mlp,25,i45/p45,115261440,517.59375
qp8xwcxx,delayed_mlp,25,i45/p45,120176640,565.51953125
qp8xwcxx,delayed_mlp,25,i45/p45,124846080,516.3046875
qp8xwcxx,delayed_mlp,25,i45/p45,129761280,522.3671875
qp8xwcxx,delayed_mlp,25,i45/p45,134430720,540.875
qp8xwcxx,delayed_mlp,25,i45/p45,139345920,564.38671875
qp8xwcxx,delayed_mlp,25,i45/p45,144015360,546.0234375
qp8xwcxx,delayed_mlp,25,i45/p45,148930560,507.34765625
qp8xwcxx,delayed_mlp,25,i45/p45,153600000,533.2890625
qp8xwcxx,delayed_mlp,25,i45/p45,158515200,567.19921875
qp8xwcxx,delayed_mlp,25,i45/p45,163430400,632.8203125
qp8xwcxx,delayed_mlp,25,i45/p45,168099840,669.44140625
qp8xwcxx,delayed_mlp,25,i45/p45,173015040,627.96875
qp8xwcxx,delayed_mlp,25,i45/p45,177684480,641.71875
qp8xwcxx,delayed_mlp,25,i45/p45,182599680,649.140625
qp8xwcxx,delayed_mlp,25,i45/p45,187269120,735.984375
qp8xwcxx,delayed_mlp,25,i45/p45,192184320,726.60546875
qp8xwcxx,delayed_mlp,25,i45/p45,196853760,753.11328125
qp8xwcxx,delayed_mlp,25,i45/p45,201768960,770.53125
qp8xwcxx,delayed_mlp,25,i45/p45,206438400,761.79296875
qp8xwcxx,delayed_mlp,25,i45/p45,211353600,797.58984375
qp8xwcxx,delayed_mlp,25,i45/p45,216023040,764.05078125
qp8xwcxx,delayed_mlp,25,i45/p45,220938240,778.38671875
qp8xwcxx,delayed_mlp,25,i45/p45,225607680,784.33984375
qp8xwcxx,delayed_mlp,25,i45/p45,230522880,765.90234375
qp8xwcxx,delayed_mlp,25,i45/p45,235438080,805.02734375
qp8xwcxx,delayed_mlp,25,i45/p45,240107520,801.984375
qp8xwcxx,delayed_mlp,25,i45/p45,245022720,833.125
qp8xwcxx,delayed_mlp,25,i45/p45,249692160,869.84765625
qp8xwcxx,delayed_mlp,25,i45/p45,254607360,847.33984375
qp8xwcxx,delayed_mlp,25,i45/p45,259276800,818.76953125
qp8xwcxx,delayed_mlp,25,i45/p45,264192000,804.23046875
qp8xwcxx,delayed_mlp,25,i45/p45,268861440,800.35546875
qp8xwcxx,delayed_mlp,25,i45/p45,273776640,810.55078125
qp8xwcxx,delayed_mlp,25,i45/p45,278446080,843.4765625
qp8xwcxx,delayed_mlp,25,i45/p45,283361280,893.81640625
qp8xwcxx,delayed_mlp,25,i45/p45,288030720,872.03125
qp8xwcxx,delayed_mlp,25,i45/p45,292945920,911.89453125
qp8xwcxx,delayed_mlp,25,i45/p45,297615360,914.890625
qp8xwcxx,delayed_mlp,25,i45/p45,302530560,915.1953125
qp8xwcxx,delayed_mlp,25,i45/p45,307200000,914.7890625
qp8xwcxx,delayed_mlp,25,i45/p45,312115200,915.26953125
qp8xwcxx,delayed_mlp,25,i45/p45,317030400,917.9609375
qp8xwcxx,delayed_mlp,25,i45/p45,321699840,917.30859375
qp8xwcxx,delayed_mlp,25,i45/p45,326615040,920.015625
qp8xwcxx,delayed_mlp,25,i45/p45,331284480,918.8515625
qp8xwcxx,delayed_mlp,25,i45/p45,336199680,922.23046875
qp8xwcxx,delayed_mlp,25,i45/p45,340869120,922.83984375
qp8xwcxx,delayed_mlp,25,i45/p45,345784320,923.9140625
qp8xwcxx,delayed_mlp,25,i45/p45,350453760,923.72265625
qp8xwcxx,delayed_mlp,25,i45/p45,355368960,924.77734375
qp8xwcxx,delayed_mlp,25,i45/p45,360038400,925.99609375
qp8xwcxx,delayed_mlp,25,i45/p45,364953600,924.23828125
qp8xwcxx,delayed_mlp,25,i45/p45,369623040,920.4609375
qp8xwcxx,delayed_mlp,25,i45/p45,374538240,918.6484375
qp8xwcxx,delayed_mlp,25,i45/p45,379207680,923.859375
qp8xwcxx,delayed_mlp,25,i45/p45,384122880,923.76953125
qp8xwcxx,delayed_mlp,25,i45/p45,389038080,926.1015625
qp8xwcxx,delayed_mlp,25,i45/p45,393707520,925.86328125
qp8xwcxx,delayed_mlp,25,i45/p45,398622720,927.03515625
qp8xwcxx,delayed_mlp,25,i45/p45,403292160,922.5234375
qp8xwcxx,delayed_mlp,25,i45/p45,408207360,923.23828125
qp8xwcxx,delayed_mlp,25,i45/p45,412876800,924.4609375
qp8xwcxx,delayed_mlp,25,i45/p45,417792000,923.05078125
qp8xwcxx,delayed_mlp,25,i45/p45,422461440,921.88671875
qp8xwcxx,delayed_mlp,25,i45/p45,427376640,920.8203125
qp8xwcxx,delayed_mlp,25,i45/p45,432046080,923.609375
qp8xwcxx,delayed_mlp,25,i45/p45,436961280,922.6953125
qp8xwcxx,delayed_mlp,25,i45/p45,441630720,917.2578125
qp8xwcxx,delayed_mlp,25,i45/p45,446545920,921.9296875
qp8xwcxx,delayed_mlp,25,i45/p45,451215360,918.87109375
qp8xwcxx,delayed_mlp,25,i45/p45,456130560,918.19140625
qp8xwcxx,delayed_mlp,25,i45/p45,460800000,920.609375
qp8xwcxx,delayed_mlp,25,i45/p45,465715200,925.953125
qp8xwcxx,delayed_mlp,25,i45/p45,470630400,926.16796875
qp8xwcxx,delayed_mlp,25,i45/p45,475299840,923.1015625
qp8xwcxx,delayed_mlp,25,i45/p45,480215040,925.796875
d5upt49r,flat_forward_model,0,i42/p42,4915200,689.2265625
d5upt49r,flat_forward_model,0,i42/p42,9830400,921.60546875
d5upt49r,flat_forward_model,0,i42/p42,14499840,936.39453125
d5upt49r,flat_forward_model,0,i42/p42,19415040,939.42578125
d5upt49r,flat_forward_model,0,i42/p42,24084480,954.44140625
d5upt49r,flat_forward_model,0,i42/p42,28999680,957.68359375
d5upt49r,flat_forward_model,0,i42/p42,33669120,948.984375
d5upt49r,flat_forward_model,0,i42/p42,38584320,953.6953125
d5upt49r,flat_forward_model,0,i42/p42,43253760,960.34765625
d5upt49r,flat_forward_model,0,i42/p42,48168960,961.203125
d5upt49r,flat_forward_model,0,i42/p42,52838400,945.79296875
d5upt49r,flat_forward_model,0,i42/p42,57753600,965.8046875
d5upt49r,flat_forward_model,0,i42/p42,62423040,953.171875
d5upt49r,flat_forward_model,0,i42/p42,67338240,960.73046875
d5upt49r,flat_forward_model,0,i42/p42,72007680,964.6328125
d5upt49r,flat_forward_model,0,i42/p42,76922880,964.92578125
d5upt49r,flat_forward_model,0,i42/p42,81838080,969.1953125
d5upt49r,flat_forward_model,0,i42/p42,86507520,969.21484375
d5upt49r,flat_forward_model,0,i42/p42,91422720,970.125
d5upt49r,flat_forward_model,0,i42/p42,96092160,967.6328125
d5upt49r,flat_forward_model,0,i42/p42,101007360,970.1015625
d5upt49r,flat_forward_model,0,i42/p42,105676800,968.01171875
d5upt49r,flat_forward_model,0,i42/p42,110592000,964.60546875
d5upt49r,flat_forward_model,0,i42/p42,115261440,971.5234375
d5upt49r,flat_forward_model,0,i42/p42,120176640,971.0546875
d5upt49r,flat_forward_model,0,i42/p42,124846080,971.83984375
d5upt49r,flat_forward_model,0,i42/p42,129761280,972.421875
d5upt49r,flat_forward_model,0,i42/p42,134430720,972.91015625
d5upt49r,flat_forward_model,0,i42/p42,139345920,969.15625
d5upt49r,flat_forward_model,0,i42/p42,144015360,972.9296875
d5upt49r,flat_forward_model,0,i42/p42,148930560,972.5078125
d5upt49r,flat_forward_model,0,i42/p42,153600000,972.9296875
d5upt49r,flat_forward_model,0,i42/p42,158515200,973.64453125
d5upt49r,flat_forward_model,0,i42/p42,163430400,974.08203125
d5upt49r,flat_forward_model,0,i42/p42,168099840,973.81640625
d5upt49r,flat_forward_model,0,i42/p42,173015040,973.91796875
d5upt49r,flat_forward_model,0,i42/p42,177684480,973.85546875
d5upt49r,flat_forward_model,0,i42/p42,182599680,971.125
d5upt49r,flat_forward_model,0,i42/p42,187269120,970.65234375
d5upt49r,flat_forward_model,0,i42/p42,192184320,970.8671875
d5upt49r,flat_forward_model,0,i42/p42,196853760,975.015625
d5upt49r,flat_forward_model,0,i42/p42,201768960,975.45703125
d5upt49r,flat_forward_model,0,i42/p42,206438400,975.43359375
d5upt49r,flat_forward_model,0,i42/p42,211353600,974.86328125
d5upt49r,flat_forward_model,0,i42/p42,216023040,972.3828125
d5upt49r,flat_forward_model,0,i42/p42,220938240,975.19921875
d5upt49r,flat_forward_model,0,i42/p42,225607680,975.98828125
d5upt49r,flat_forward_model,0,i42/p42,230522880,975.828125
d5upt49r,flat_forward_model,0,i42/p42,235438080,976.03515625
d5upt49r,flat_forward_model,0,i42/p42,240107520,976.36328125
d5upt49r,flat_forward_model,0,i42/p42,245022720,976.2109375
d5upt49r,flat_forward_model,0,i42/p42,249692160,976.51953125
d5upt49r,flat_forward_model,0,i42/p42,254607360,976.87109375
d5upt49r,flat_forward_model,0,i42/p42,259276800,976.73046875
d5upt49r,flat_forward_model,0,i42/p42,264192000,977.05859375
d5upt49r,flat_forward_model,0,i42/p42,268861440,977.5234375
d5upt49r,flat_forward_model,0,i42/p42,273776640,977.58984375
d5upt49r,flat_forward_model,0,i42/p42,278446080,977.3671875
d5upt49r,flat_forward_model,0,i42/p42,283361280,977.16796875
d5upt49r,flat_forward_model,0,i42/p42,288030720,977.03515625
d5upt49r,flat_forward_model,0,i42/p42,292945920,978.0078125
d5upt49r,flat_forward_model,0,i42/p42,297615360,978.21875
d5upt49r,flat_forward_model,0,i42/p42,302530560,977.6328125
d5upt49r,flat_forward_model,0,i42/p42,307200000,977.96484375
d5upt49r,flat_forward_model,0,i42/p42,312115200,977.91796875
d5upt49r,flat_forward_model,0,i42/p42,317030400,977.8125
d5upt49r,flat_forward_model,0,i42/p42,321699840,978.08984375
d5upt49r,flat_forward_model,0,i42/p42,326615040,978.09375
d5upt49r,flat_forward_model,0,i42/p42,331284480,978.12890625
d5upt49r,flat_forward_model,0,i42/p42,336199680,977.74609375
d5upt49r,flat_forward_model,0,i42/p42,340869120,978.0703125
d5upt49r,flat_forward_model,0,i42/p42,345784320,978.4765625
d5upt49r,flat_forward_model,0,i42/p42,350453760,977.9921875
d5upt49r,flat_forward_model,0,i42/p42,355368960,978.26171875
d5upt49r,flat_forward_model,0,i42/p42,360038400,978.703125
d5upt49r,flat_forward_model,0,i42/p42,364953600,978.79296875
d5upt49r,flat_forward_model,0,i42/p42,369623040,979.11328125
d5upt49r,flat_forward_model,0,i42/p42,374538240,979.11328125
d5upt49r,flat_forward_model,0,i42/p42,379207680,978.6015625
d5upt49r,flat_forward_model,0,i42/p42,384122880,974.734375
d5upt49r,flat_forward_model,0,i42/p42,389038080,977.94921875
d5upt49r,flat_forward_model,0,i42/p42,393707520,974.6953125
d5upt49r,flat_forward_model,0,i42/p42,398622720,974.5078125
d5upt49r,flat_forward_model,0,i42/p42,403292160,978.30078125
d5upt49r,flat_forward_model,0,i42/p42,408207360,978.8125
d5upt49r,flat_forward_model,0,i42/p42,412876800,978.890625
d5upt49r,flat_forward_model,0,i42/p42,417792000,979.30859375
d5upt49r,flat_forward_model,0,i42/p42,422461440,979.21484375
d5upt49r,flat_forward_model,0,i42/p42,427376640,979.40234375
d5upt49r,flat_forward_model,0,i42/p42,432046080,979.31640625
d5upt49r,flat_forward_model,0,i42/p42,436961280,979.82421875
d5upt49r,flat_forward_model,0,i42/p42,441630720,979.84765625
d5upt49r,flat_forward_model,0,i42/p42,446545920,980.015625
d5upt49r,flat_forward_model,0,i42/p42,451215360,979.5078125
d5upt49r,flat_forward_model,0,i42/p42,456130560,980.01171875
d5upt49r,flat_forward_model,0,i42/p42,460800000,980.0
d5upt49r,flat_forward_model,0,i42/p42,465715200,979.57421875
d5upt49r,flat_forward_model,0,i42/p42,470630400,979.671875
d5upt49r,flat_forward_model,0,i42/p42,475299840,979.8828125
d5upt49r,flat_forward_model,0,i42/p42,480215040,979.24609375
asf6fud3,flat_forward_model,2,i42/p42,4915200,789.97265625
asf6fud3,flat_forward_model,2,i42/p42,9830400,902.640625
asf6fud3,flat_forward_model,2,i42/p42,14499840,926.03125
asf6fud3,flat_forward_model,2,i42/p42,19415040,935.7265625
asf6fud3,flat_forward_model,2,i42/p42,24084480,940.2578125
asf6fud3,flat_forward_model,2,i42/p42,28999680,943.55859375
asf6fud3,flat_forward_model,2,i42/p42,33669120,944.02734375
asf6fud3,flat_forward_model,2,i42/p42,38584320,951.66015625
asf6fud3,flat_forward_model,2,i42/p42,43253760,953.625
asf6fud3,flat_forward_model,2,i42/p42,48168960,955.63671875
asf6fud3,flat_forward_model,2,i42/p42,52838400,957.45703125
asf6fud3,flat_forward_model,2,i42/p42,57753600,957.11328125
asf6fud3,flat_forward_model,2,i42/p42,62423040,958.73828125
asf6fud3,flat_forward_model,2,i42/p42,67338240,958.15234375
asf6fud3,flat_forward_model,2,i42/p42,72007680,960.234375
asf6fud3,flat_forward_model,2,i42/p42,76922880,961.9296875
asf6fud3,flat_forward_model,2,i42/p42,81838080,962.4375
asf6fud3,flat_forward_model,2,i42/p42,86507520,962.203125
asf6fud3,flat_forward_model,2,i42/p42,91422720,964.43359375
asf6fud3,flat_forward_model,2,i42/p42,96092160,964.81640625
asf6fud3,flat_forward_model,2,i42/p42,101007360,965.1171875
asf6fud3,flat_forward_model,2,i42/p42,105676800,965.9921875
asf6fud3,flat_forward_model,2,i42/p42,110592000,966.26953125
asf6fud3,flat_forward_model,2,i42/p42,115261440,966.59765625
asf6fud3,flat_forward_model,2,i42/p42,120176640,967.359375
asf6fud3,flat_forward_model,2,i42/p42,124846080,967.2734375
asf6fud3,flat_forward_model,2,i42/p42,129761280,967.66796875
asf6fud3,flat_forward_model,2,i42/p42,134430720,967.39453125
asf6fud3,flat_forward_model,2,i42/p42,139345920,968.02734375
asf6fud3,flat_forward_model,2,i42/p42,144015360,968.78515625
asf6fud3,flat_forward_model,2,i42/p42,148930560,968.93359375
asf6fud3,flat_forward_model,2,i42/p42,153600000,968.34375
asf6fud3,flat_forward_model,2,i42/p42,158515200,968.8046875
asf6fud3,flat_forward_model,2,i42/p42,163430400,968.92578125
asf6fud3,flat_forward_model,2,i42/p42,168099840,969.328125
asf6fud3,flat_forward_model,2,i42/p42,173015040,969.43359375
asf6fud3,flat_forward_model,2,i42/p42,177684480,969.85546875
asf6fud3,flat_forward_model,2,i42/p42,182599680,969.8359375
asf6fud3,flat_forward_model,2,i42/p42,187269120,970.2890625
asf6fud3,flat_forward_model,2,i42/p42,192184320,970.4453125
asf6fud3,flat_forward_model,2,i42/p42,196853760,970.671875
asf6fud3,flat_forward_model,2,i42/p42,201768960,970.81640625
asf6fud3,flat_forward_model,2,i42/p42,206438400,970.71484375
asf6fud3,flat_forward_model,2,i42/p42,211353600,970.59765625
asf6fud3,flat_forward_model,2,i42/p42,216023040,970.578125
asf6fud3,flat_forward_model,2,i42/p42,220938240,970.7109375
asf6fud3,flat_forward_model,2,i42/p42,225607680,970.9765625
asf6fud3,flat_forward_model,2,i42/p42,230522880,970.70703125
asf6fud3,flat_forward_model,2,i42/p42,235438080,970.95703125
asf6fud3,flat_forward_model,2,i42/p42,240107520,971.01171875
asf6fud3,flat_forward_model,2,i42/p42,245022720,971.30859375
asf6fud3,flat_forward_model,2,i42/p42,249692160,970.90234375
asf6fud3,flat_forward_model,2,i42/p42,254607360,970.7734375
asf6fud3,flat_forward_model,2,i42/p42,259276800,970.94921875
asf6fud3,flat_forward_model,2,i42/p42,264192000,970.83203125
asf6fud3,flat_forward_model,2,i42/p42,268861440,971.11328125
asf6fud3,flat_forward_model,2,i42/p42,273776640,970.9609375
asf6fud3,flat_forward_model,2,i42/p42,278446080,970.453125
asf6fud3,flat_forward_model,2,i42/p42,283361280,970.69140625
asf6fud3,flat_forward_model,2,i42/p42,288030720,970.77734375
asf6fud3,flat_forward_model,2,i42/p42,292945920,970.66796875
asf6fud3,flat_forward_model,2,i42/p42,297615360,971.01953125
asf6fud3,flat_forward_model,2,i42/p42,302530560,970.953125
asf6fud3,flat_forward_model,2,i42/p42,307200000,970.58984375
asf6fud3,flat_forward_model,2,i42/p42,312115200,970.81640625
asf6fud3,flat_forward_model,2,i42/p42,317030400,971.37890625
asf6fud3,flat_forward_model,2,i42/p42,321699840,971.171875
asf6fud3,flat_forward_model,2,i42/p42,326615040,971.35546875
asf6fud3,flat_forward_model,2,i42/p42,331284480,971.703125
asf6fud3,flat_forward_model,2,i42/p42,336199680,971.48828125
asf6fud3,flat_forward_model,2,i42/p42,340869120,959.80859375
asf6fud3,flat_forward_model,2,i42/p42,345784320,970.59375
asf6fud3,flat_forward_model,2,i42/p42,350453760,971.3671875
asf6fud3,flat_forward_model,2,i42/p42,355368960,971.5
asf6fud3,flat_forward_model,2,i42/p42,360038400,971.58984375
asf6fud3,flat_forward_model,2,i42/p42,364953600,970.296875
asf6fud3,flat_forward_model,2,i42/p42,369623040,966.5234375
asf6fud3,flat_forward_model,2,i42/p42,374538240,971.5625
asf6fud3,flat_forward_model,2,i42/p42,379207680,971.58984375
asf6fud3,flat_forward_model,2,i42/p42,384122880,971.515625
asf6fud3,flat_forward_model,2,i42/p42,389038080,971.25
asf6fud3,flat_forward_model,2,i42/p42,393707520,971.59375
asf6fud3,flat_forward_model,2,i42/p42,398622720,971.5859375
asf6fud3,flat_forward_model,2,i42/p42,403292160,971.46484375
asf6fud3,flat_forward_model,2,i42/p42,408207360,971.5703125
asf6fud3,flat_forward_model,2,i42/p42,412876800,971.33203125
asf6fud3,flat_forward_model,2,i42/p42,417792000,971.4453125
asf6fud3,flat_forward_model,2,i42/p42,422461440,971.26953125
asf6fud3,flat_forward_model,2,i42/p42,427376640,971.37890625
asf6fud3,flat_forward_model,2,i42/p42,432046080,971.6484375
asf6fud3,flat_forward_model,2,i42/p42,436961280,971.2421875
asf6fud3,flat_forward_model,2,i42/p42,441630720,971.5078125
asf6fud3,flat_forward_model,2,i42/p42,446545920,971.6953125
asf6fud3,flat_forward_model,2,i42/p42,451215360,971.68359375
asf6fud3,flat_forward_model,2,i42/p42,456130560,971.3046875
asf6fud3,flat_forward_model,2,i42/p42,460800000,971.55078125
asf6fud3,flat_forward_model,2,i42/p42,465715200,971.57421875
asf6fud3,flat_forward_model,2,i42/p42,470630400,971.6484375
asf6fud3,flat_forward_model,2,i42/p42,475299840,971.44140625
asf6fud3,flat_forward_model,2,i42/p42,480215040,971.25
6wctl1fo,flat_forward_model,5,i42/p42,4915200,506.0703125
6wctl1fo,flat_forward_model,5,i42/p42,9830400,816.4140625
6wctl1fo,flat_forward_model,5,i42/p42,14499840,856.7890625
6wctl1fo,flat_forward_model,5,i42/p42,19415040,891.91796875
6wctl1fo,flat_forward_model,5,i42/p42,24084480,897.9375
6wctl1fo,flat_forward_model,5,i42/p42,28999680,896.15234375
6wctl1fo,flat_forward_model,5,i42/p42,33669120,911.890625
6wctl1fo,flat_forward_model,5,i42/p42,38584320,929.36328125
6wctl1fo,flat_forward_model,5,i42/p42,43253760,930.453125
6wctl1fo,flat_forward_model,5,i42/p42,48168960,939.5078125
6wctl1fo,flat_forward_model,5,i42/p42,52838400,939.6484375
6wctl1fo,flat_forward_model,5,i42/p42,57753600,947.11328125
6wctl1fo,flat_forward_model,5,i42/p42,62423040,930.33203125
6wctl1fo,flat_forward_model,5,i42/p42,67338240,941.05078125
6wctl1fo,flat_forward_model,5,i42/p42,72007680,949.25390625
6wctl1fo,flat_forward_model,5,i42/p42,76922880,941.6328125
6wctl1fo,flat_forward_model,5,i42/p42,81838080,939.7578125
6wctl1fo,flat_forward_model,5,i42/p42,86507520,954.36328125
6wctl1fo,flat_forward_model,5,i42/p42,91422720,948.0625
6wctl1fo,flat_forward_model,5,i42/p42,96092160,944.81640625
6wctl1fo,flat_forward_model,5,i42/p42,101007360,945.26953125
6wctl1fo,flat_forward_model,5,i42/p42,105676800,942.59765625
6wctl1fo,flat_forward_model,5,i42/p42,110592000,942.546875
6wctl1fo,flat_forward_model,5,i42/p42,115261440,937.0703125
6wctl1fo,flat_forward_model,5,i42/p42,120176640,935.31640625
6wctl1fo,flat_forward_model,5,i42/p42,124846080,936.328125
6wctl1fo,flat_forward_model,5,i42/p42,129761280,934.01171875
6wctl1fo,flat_forward_model,5,i42/p42,134430720,935.3046875
6wctl1fo,flat_forward_model,5,i42/p42,139345920,931.640625
6wctl1fo,flat_forward_model,5,i42/p42,144015360,927.1484375
6wctl1fo,flat_forward_model,5,i42/p42,148930560,928.1640625
6wctl1fo,flat_forward_model,5,i42/p42,153600000,929.40234375
6wctl1fo,flat_forward_model,5,i42/p42,158515200,934.8359375
6wctl1fo,flat_forward_model,5,i42/p42,163430400,928.828125
6wctl1fo,flat_forward_model,5,i42/p42,168099840,932.01171875
6wctl1fo,flat_forward_model,5,i42/p42,173015040,930.8125
6wctl1fo,flat_forward_model,5,i42/p42,177684480,930.4765625
6wctl1fo,flat_forward_model,5,i42/p42,182599680,930.62890625
6wctl1fo,flat_forward_model,5,i42/p42,187269120,934.51953125
6wctl1fo,flat_forward_model,5,i42/p42,192184320,936.94921875
6wctl1fo,flat_forward_model,5,i42/p42,196853760,940.8125
6wctl1fo,flat_forward_model,5,i42/p42,201768960,939.828125
6wctl1fo,flat_forward_model,5,i42/p42,206438400,942.08984375
6wctl1fo,flat_forward_model,5,i42/p42,211353600,942.453125
6wctl1fo,flat_forward_model,5,i42/p42,216023040,946.85546875
6wctl1fo,flat_forward_model,5,i42/p42,220938240,938.9453125
6wctl1fo,flat_forward_model,5,i42/p42,225607680,950.8125
6wctl1fo,flat_forward_model,5,i42/p42,230522880,950.9140625
6wctl1fo,flat_forward_model,5,i42/p42,235438080,957.71484375
6wctl1fo,flat_forward_model,5,i42/p42,240107520,951.8125
6wctl1fo,flat_forward_model,5,i42/p42,245022720,949.88671875
6wctl1fo,flat_forward_model,5,i42/p42,249692160,951.77734375
6wctl1fo,flat_forward_model,5,i42/p42,254607360,952.97265625
6wctl1fo,flat_forward_model,5,i42/p42,259276800,949.140625
6wctl1fo,flat_forward_model,5,i42/p42,264192000,953.85546875
6wctl1fo,flat_forward_model,5,i42/p42,268861440,943.546875
6wctl1fo,flat_forward_model,5,i42/p42,273776640,951.15234375
6wctl1fo,flat_forward_model,5,i42/p42,278446080,941.984375
6wctl1fo,flat_forward_model,5,i42/p42,283361280,961.53515625
6wctl1fo,flat_forward_model,5,i42/p42,288030720,960.3828125
6wctl1fo,flat_forward_model,5,i42/p42,292945920,961.12109375
6wctl1fo,flat_forward_model,5,i42/p42,297615360,956.08203125
6wctl1fo,flat_forward_model,5,i42/p42,302530560,956.62109375
6wctl1fo,flat_forward_model,5,i42/p42,307200000,957.01171875
6wctl1fo,flat_forward_model,5,i42/p42,312115200,969.5234375
6wctl1fo,flat_forward_model,5,i42/p42,317030400,961.359375
6wctl1fo,flat_forward_model,5,i42/p42,321699840,958.88671875
6wctl1fo,flat_forward_model,5,i42/p42,326615040,958.8046875
6wctl1fo,flat_forward_model,5,i42/p42,331284480,958.20703125
6wctl1fo,flat_forward_model,5,i42/p42,336199680,965.44140625
6wctl1fo,flat_forward_model,5,i42/p42,340869120,966.796875
6wctl1fo,flat_forward_model,5,i42/p42,345784320,966.50390625
6wctl1fo,flat_forward_model,5,i42/p42,350453760,966.33203125
6wctl1fo,flat_forward_model,5,i42/p42,355368960,962.16015625
6wctl1fo,flat_forward_model,5,i42/p42,360038400,962.796875
6wctl1fo,flat_forward_model,5,i42/p42,364953600,965.76171875
6wctl1fo,flat_forward_model,5,i42/p42,369623040,961.84375
6wctl1fo,flat_forward_model,5,i42/p42,374538240,960.4609375
6wctl1fo,flat_forward_model,5,i42/p42,379207680,964.3828125
6wctl1fo,flat_forward_model,5,i42/p42,384122880,962.03125
6wctl1fo,flat_forward_model,5,i42/p42,389038080,962.8671875
6wctl1fo,flat_forward_model,5,i42/p42,393707520,962.16796875
6wctl1fo,flat_forward_model,5,i42/p42,398622720,968.79296875
6wctl1fo,flat_forward_model,5,i42/p42,403292160,964.78515625
6wctl1fo,flat_forward_model,5,i42/p42,408207360,967.5234375
6wctl1fo,flat_forward_model,5,i42/p42,412876800,964.37890625
6wctl1fo,flat_forward_model,5,i42/p42,417792000,966.4296875
6wctl1fo,flat_forward_model,5,i42/p42,422461440,965.078125
6wctl1fo,flat_forward_model,5,i42/p42,427376640,961.484375
6wctl1fo,flat_forward_model,5,i42/p42,432046080,966.94921875
6wctl1fo,flat_forward_model,5,i42/p42,436961280,967.40234375
6wctl1fo,flat_forward_model,5,i42/p42,441630720,960.203125
6wctl1fo,flat_forward_model,5,i42/p42,446545920,966.00390625
6wctl1fo,flat_forward_model,5,i42/p42,451215360,966.453125
6wctl1fo,flat_forward_model,5,i42/p42,456130560,968.65234375
6wctl1fo,flat_forward_model,5,i42/p42,460800000,966.81640625
6wctl1fo,flat_forward_model,5,i42/p42,465715200,965.9765625
6wctl1fo,flat_forward_model,5,i42/p42,470630400,968.09375
6wctl1fo,flat_forward_model,5,i42/p42,475299840,971.0078125
6wctl1fo,flat_forward_model,5,i42/p42,480215040,965.08984375
5cmv9lfi,flat_forward_model,7,i42/p42,4915200,492.76171875
5cmv9lfi,flat_forward_model,7,i42/p42,9830400,743.38671875
5cmv9lfi,flat_forward_model,7,i42/p42,14499840,810.9921875
5cmv9lfi,flat_forward_model,7,i42/p42,19415040,837.41796875
5cmv9lfi,flat_forward_model,7,i42/p42,24084480,838.6953125
5cmv9lfi,flat_forward_model,7,i42/p42,28999680,852.296875
5cmv9lfi,flat_forward_model,7,i42/p42,33669120,880.3984375
5cmv9lfi,flat_forward_model,7,i42/p42,38584320,879.26171875
5cmv9lfi,flat_forward_model,7,i42/p42,43253760,898.27734375
5cmv9lfi,flat_forward_model,7,i42/p42,48168960,910.41796875
5cmv9lfi,flat_forward_model,7,i42/p42,52838400,880.16796875
5cmv9lfi,flat_forward_model,7,i42/p42,57753600,923.63671875
5cmv9lfi,flat_forward_model,7,i42/p42,62423040,935.34375
5cmv9lfi,flat_forward_model,7,i42/p42,67338240,930.80859375
5cmv9lfi,flat_forward_model,7,i42/p42,72007680,912.265625
5cmv9lfi,flat_forward_model,7,i42/p42,76922880,914.59765625
5cmv9lfi,flat_forward_model,7,i42/p42,81838080,913.9140625
5cmv9lfi,flat_forward_model,7,i42/p42,86507520,920.9375
5cmv9lfi,flat_forward_model,7,i42/p42,91422720,921.08203125
5cmv9lfi,flat_forward_model,7,i42/p42,96092160,923.8203125
5cmv9lfi,flat_forward_model,7,i42/p42,101007360,919.5546875
5cmv9lfi,flat_forward_model,7,i42/p42,105676800,923.1328125
5cmv9lfi,flat_forward_model,7,i42/p42,110592000,928.046875
5cmv9lfi,flat_forward_model,7,i42/p42,115261440,919.73046875
5cmv9lfi,flat_forward_model,7,i42/p42,120176640,922.6015625
5cmv9lfi,flat_forward_model,7,i42/p42,124846080,930.64453125
5cmv9lfi,flat_forward_model,7,i42/p42,129761280,928.2734375
5cmv9lfi,flat_forward_model,7,i42/p42,134430720,931.88671875
5cmv9lfi,flat_forward_model,7,i42/p42,139345920,936.0859375
5cmv9lfi,flat_forward_model,7,i42/p42,144015360,936.4921875
5cmv9lfi,flat_forward_model,7,i42/p42,148930560,938.484375
5cmv9lfi,flat_forward_model,7,i42/p42,153600000,933.79296875
5cmv9lfi,flat_forward_model,7,i42/p42,158515200,932.9609375
5cmv9lfi,flat_forward_model,7,i42/p42,163430400,933.765625
5cmv9lfi,flat_forward_model,7,i42/p42,168099840,937.2734375
5cmv9lfi,flat_forward_model,7,i42/p42,173015040,937.1640625
5cmv9lfi,flat_forward_model,7,i42/p42,177684480,936.7109375
5cmv9lfi,flat_forward_model,7,i42/p42,182599680,932.89453125
5cmv9lfi,flat_forward_model,7,i42/p42,187269120,935.06640625
5cmv9lfi,flat_forward_model,7,i42/p42,192184320,934.875
5cmv9lfi,flat_forward_model,7,i42/p42,196853760,934.7109375
5cmv9lfi,flat_forward_model,7,i42/p42,201768960,933.48828125
5cmv9lfi,flat_forward_model,7,i42/p42,206438400,936.19140625
5cmv9lfi,flat_forward_model,7,i42/p42,211353600,938.17578125
5cmv9lfi,flat_forward_model,7,i42/p42,216023040,940.53515625
5cmv9lfi,flat_forward_model,7,i42/p42,220938240,935.578125
5cmv9lfi,flat_forward_model,7,i42/p42,225607680,954.5703125
5cmv9lfi,flat_forward_model,7,i42/p42,230522880,949.51953125
5cmv9lfi,flat_forward_model,7,i42/p42,235438080,949.12890625
5cmv9lfi,flat_forward_model,7,i42/p42,240107520,944.7734375
5cmv9lfi,flat_forward_model,7,i42/p42,245022720,947.7421875
5cmv9lfi,flat_forward_model,7,i42/p42,249692160,947.25
5cmv9lfi,flat_forward_model,7,i42/p42,254607360,948.28515625
5cmv9lfi,flat_forward_model,7,i42/p42,259276800,948.38671875
5cmv9lfi,flat_forward_model,7,i42/p42,264192000,949.48046875
5cmv9lfi,flat_forward_model,7,i42/p42,268861440,946.87890625
5cmv9lfi,flat_forward_model,7,i42/p42,273776640,945.58984375
5cmv9lfi,flat_forward_model,7,i42/p42,278446080,939.58203125
5cmv9lfi,flat_forward_model,7,i42/p42,283361280,942.73046875
5cmv9lfi,flat_forward_model,7,i42/p42,288030720,940.7265625
5cmv9lfi,flat_forward_model,7,i42/p42,292945920,946.7109375
5cmv9lfi,flat_forward_model,7,i42/p42,297615360,945.58203125
5cmv9lfi,flat_forward_model,7,i42/p42,302530560,950.5390625
5cmv9lfi,flat_forward_model,7,i42/p42,307200000,957.125
5cmv9lfi,flat_forward_model,7,i42/p42,312115200,956.02734375
5cmv9lfi,flat_forward_model,7,i42/p42,317030400,948.66796875
5cmv9lfi,flat_forward_model,7,i42/p42,321699840,948.23046875
5cmv9lfi,flat_forward_model,7,i42/p42,326615040,953.7578125
5cmv9lfi,flat_forward_model,7,i42/p42,331284480,948.12890625
5cmv9lfi,flat_forward_model,7,i42/p42,336199680,955.33203125
5cmv9lfi,flat_forward_model,7,i42/p42,340869120,947.45703125
5cmv9lfi,flat_forward_model,7,i42/p42,345784320,947.1640625
5cmv9lfi,flat_forward_model,7,i42/p42,350453760,948.45703125
5cmv9lfi,flat_forward_model,7,i42/p42,355368960,951.88671875
5cmv9lfi,flat_forward_model,7,i42/p42,360038400,954.30078125
5cmv9lfi,flat_forward_model,7,i42/p42,364953600,955.203125
5cmv9lfi,flat_forward_model,7,i42/p42,369623040,944.62890625
5cmv9lfi,flat_forward_model,7,i42/p42,374538240,948.5234375
5cmv9lfi,flat_forward_model,7,i42/p42,379207680,943.421875
5cmv9lfi,flat_forward_model,7,i42/p42,384122880,946.5859375
5cmv9lfi,flat_forward_model,7,i42/p42,389038080,954.1953125
5cmv9lfi,flat_forward_model,7,i42/p42,393707520,958.421875
5cmv9lfi,flat_forward_model,7,i42/p42,398622720,959.96875
5cmv9lfi,flat_forward_model,7,i42/p42,403292160,961.36328125
5cmv9lfi,flat_forward_model,7,i42/p42,408207360,954.8125
5cmv9lfi,flat_forward_model,7,i42/p42,412876800,954.859375
5cmv9lfi,flat_forward_model,7,i42/p42,417792000,951.6328125
5cmv9lfi,flat_forward_model,7,i42/p42,422461440,947.88671875
5cmv9lfi,flat_forward_model,7,i42/p42,427376640,936.08203125
5cmv9lfi,flat_forward_model,7,i42/p42,432046080,941.0625
5cmv9lfi,flat_forward_model,7,i42/p42,436961280,937.3828125
5cmv9lfi,flat_forward_model,7,i42/p42,441630720,928.84375
5cmv9lfi,flat_forward_model,7,i42/p42,446545920,932.91015625
5cmv9lfi,flat_forward_model,7,i42/p42,451215360,939.10546875
5cmv9lfi,flat_forward_model,7,i42/p42,456130560,947.37109375
5cmv9lfi,flat_forward_model,7,i42/p42,460800000,950.92578125
5cmv9lfi,flat_forward_model,7,i42/p42,465715200,942.05859375
5cmv9lfi,flat_forward_model,7,i42/p42,470630400,932.76953125
5cmv9lfi,flat_forward_model,7,i42/p42,475299840,941.55859375
5cmv9lfi,flat_forward_model,7,i42/p42,480215040,943.8984375
skr0azs7,flat_forward_model,8,i42/p42,4915200,587.98046875
skr0azs7,flat_forward_model,8,i42/p42,9830400,812.9375
skr0azs7,flat_forward_model,8,i42/p42,14499840,848.53125
skr0azs7,flat_forward_model,8,i42/p42,19415040,861.26953125
skr0azs7,flat_forward_model,8,i42/p42,24084480,887.1328125
skr0azs7,flat_forward_model,8,i42/p42,28999680,915.390625
skr0azs7,flat_forward_model,8,i42/p42,33669120,929.484375
skr0azs7,flat_forward_model,8,i42/p42,38584320,926.0859375
skr0azs7,flat_forward_model,8,i42/p42,43253760,928.2890625
skr0azs7,flat_forward_model,8,i42/p42,48168960,925.4140625
skr0azs7,flat_forward_model,8,i42/p42,52838400,914.234375
skr0azs7,flat_forward_model,8,i42/p42,57753600,940.16796875
skr0azs7,flat_forward_model,8,i42/p42,62423040,947.625
skr0azs7,flat_forward_model,8,i42/p42,67338240,947.76953125
skr0azs7,flat_forward_model,8,i42/p42,72007680,949.76953125
skr0azs7,flat_forward_model,8,i42/p42,76922880,951.1953125
skr0azs7,flat_forward_model,8,i42/p42,81838080,950.9140625
skr0azs7,flat_forward_model,8,i42/p42,86507520,953.2265625
skr0azs7,flat_forward_model,8,i42/p42,91422720,954.7421875
skr0azs7,flat_forward_model,8,i42/p42,96092160,955.296875
skr0azs7,flat_forward_model,8,i42/p42,101007360,956.76953125
skr0azs7,flat_forward_model,8,i42/p42,105676800,957.171875
skr0azs7,flat_forward_model,8,i42/p42,110592000,957.90234375
skr0azs7,flat_forward_model,8,i42/p42,115261440,958.45703125
skr0azs7,flat_forward_model,8,i42/p42,120176640,958.98046875
skr0azs7,flat_forward_model,8,i42/p42,124846080,959.44140625
skr0azs7,flat_forward_model,8,i42/p42,129761280,960.08203125
skr0azs7,flat_forward_model,8,i42/p42,134430720,959.96875
skr0azs7,flat_forward_model,8,i42/p42,139345920,959.890625
skr0azs7,flat_forward_model,8,i42/p42,144015360,957.390625
skr0azs7,flat_forward_model,8,i42/p42,148930560,959.28515625
skr0azs7,flat_forward_model,8,i42/p42,153600000,958.5234375
skr0azs7,flat_forward_model,8,i42/p42,158515200,960.62890625
skr0azs7,flat_forward_model,8,i42/p42,163430400,962.37890625
skr0azs7,flat_forward_model,8,i42/p42,168099840,958.52734375
skr0azs7,flat_forward_model,8,i42/p42,173015040,961.44921875
skr0azs7,flat_forward_model,8,i42/p42,177684480,962.2421875
skr0azs7,flat_forward_model,8,i42/p42,182599680,963.48828125
skr0azs7,flat_forward_model,8,i42/p42,187269120,963.37109375
skr0azs7,flat_forward_model,8,i42/p42,192184320,963.3203125
skr0azs7,flat_forward_model,8,i42/p42,196853760,961.82421875
skr0azs7,flat_forward_model,8,i42/p42,201768960,960.84375
skr0azs7,flat_forward_model,8,i42/p42,206438400,962.5234375
skr0azs7,flat_forward_model,8,i42/p42,211353600,962.1796875
skr0azs7,flat_forward_model,8,i42/p42,216023040,962.78515625
skr0azs7,flat_forward_model,8,i42/p42,220938240,963.6328125
skr0azs7,flat_forward_model,8,i42/p42,225607680,963.140625
skr0azs7,flat_forward_model,8,i42/p42,230522880,963.95703125
skr0azs7,flat_forward_model,8,i42/p42,235438080,964.0546875
skr0azs7,flat_forward_model,8,i42/p42,240107520,963.6640625
skr0azs7,flat_forward_model,8,i42/p42,245022720,964.2421875
skr0azs7,flat_forward_model,8,i42/p42,249692160,963.44140625
skr0azs7,flat_forward_model,8,i42/p42,254607360,965.05078125
skr0azs7,flat_forward_model,8,i42/p42,259276800,964.62109375
skr0azs7,flat_forward_model,8,i42/p42,264192000,964.296875
skr0azs7,flat_forward_model,8,i42/p42,268861440,963.8125
skr0azs7,flat_forward_model,8,i42/p42,273776640,952.9921875
skr0azs7,flat_forward_model,8,i42/p42,278446080,964.68359375
skr0azs7,flat_forward_model,8,i42/p42,283361280,964.96484375
skr0azs7,flat_forward_model,8,i42/p42,288030720,964.98046875
skr0azs7,flat_forward_model,8,i42/p42,292945920,965.53125
skr0azs7,flat_forward_model,8,i42/p42,297615360,965.703125
skr0azs7,flat_forward_model,8,i42/p42,302530560,965.87109375
skr0azs7,flat_forward_model,8,i42/p42,307200000,965.65625
skr0azs7,flat_forward_model,8,i42/p42,312115200,965.24609375
skr0azs7,flat_forward_model,8,i42/p42,317030400,965.6640625
skr0azs7,flat_forward_model,8,i42/p42,321699840,965.23046875
skr0azs7,flat_forward_model,8,i42/p42,326615040,965.7578125
skr0azs7,flat_forward_model,8,i42/p42,331284480,965.5234375
skr0azs7,flat_forward_model,8,i42/p42,336199680,965.9609375
skr0azs7,flat_forward_model,8,i42/p42,340869120,966.08984375
skr0azs7,flat_forward_model,8,i42/p42,345784320,966.0234375
skr0azs7,flat_forward_model,8,i42/p42,350453760,965.62890625
skr0azs7,flat_forward_model,8,i42/p42,355368960,966.3671875
skr0azs7,flat_forward_model,8,i42/p42,360038400,966.52734375
skr0azs7,flat_forward_model,8,i42/p42,364953600,966.4921875
skr0azs7,flat_forward_model,8,i42/p42,369623040,966.34765625
skr0azs7,flat_forward_model,8,i42/p42,374538240,966.6171875
skr0azs7,flat_forward_model,8,i42/p42,379207680,966.875
skr0azs7,flat_forward_model,8,i42/p42,384122880,966.734375
skr0azs7,flat_forward_model,8,i42/p42,389038080,966.74609375
skr0azs7,flat_forward_model,8,i42/p42,393707520,966.82421875
skr0azs7,flat_forward_model,8,i42/p42,398622720,966.69921875
skr0azs7,flat_forward_model,8,i42/p42,403292160,966.6484375
skr0azs7,flat_forward_model,8,i42/p42,408207360,966.5078125
skr0azs7,flat_forward_model,8,i42/p42,412876800,966.1015625
skr0azs7,flat_forward_model,8,i42/p42,417792000,966.58203125
skr0azs7,flat_forward_model,8,i42/p42,422461440,942.921875
skr0azs7,flat_forward_model,8,i42/p42,427376640,963.11328125
skr0azs7,flat_forward_model,8,i42/p42,432046080,966.67578125
skr0azs7,flat_forward_model,8,i42/p42,436961280,966.8046875
skr0azs7,flat_forward_model,8,i42/p42,441630720,961.78125
skr0azs7,flat_forward_model,8,i42/p42,446545920,961.4140625
skr0azs7,flat_forward_model,8,i42/p42,451215360,961.05859375
skr0azs7,flat_forward_model,8,i42/p42,456130560,952.4609375
skr0azs7,flat_forward_model,8,i42/p42,460800000,961.25390625
skr0azs7,flat_forward_model,8,i42/p42,465715200,964.0234375
skr0azs7,flat_forward_model,8,i42/p42,470630400,964.2578125
skr0azs7,flat_forward_model,8,i42/p42,475299840,963.453125
skr0azs7,flat_forward_model,8,i42/p42,480215040,959.4609375
44xrdmrc,flat_forward_model,10,i42/p42,4915200,384.71484375
44xrdmrc,flat_forward_model,10,i42/p42,9830400,740.74609375
44xrdmrc,flat_forward_model,10,i42/p42,14499840,775.9140625
44xrdmrc,flat_forward_model,10,i42/p42,19415040,804.90625
44xrdmrc,flat_forward_model,10,i42/p42,24084480,805.89453125
44xrdmrc,flat_forward_model,10,i42/p42,28999680,813.4296875
44xrdmrc,flat_forward_model,10,i42/p42,33669120,862.20703125
44xrdmrc,flat_forward_model,10,i42/p42,38584320,863.828125
44xrdmrc,flat_forward_model,10,i42/p42,43253760,862.48046875
44xrdmrc,flat_forward_model,10,i42/p42,48168960,883.1953125
44xrdmrc,flat_forward_model,10,i42/p42,52838400,892.6015625
44xrdmrc,flat_forward_model,10,i42/p42,57753600,884.44140625
44xrdmrc,flat_forward_model,10,i42/p42,62423040,911.80859375
44xrdmrc,flat_forward_model,10,i42/p42,67338240,900.34765625
44xrdmrc,flat_forward_model,10,i42/p42,72007680,914.234375
44xrdmrc,flat_forward_model,10,i42/p42,76922880,900.078125
44xrdmrc,flat_forward_model,10,i42/p42,81838080,904.515625
44xrdmrc,flat_forward_model,10,i42/p42,86507520,919.0859375
44xrdmrc,flat_forward_model,10,i42/p42,91422720,910.10546875
44xrdmrc,flat_forward_model,10,i42/p42,96092160,914.03125
44xrdmrc,flat_forward_model,10,i42/p42,101007360,913.34375
44xrdmrc,flat_forward_model,10,i42/p42,105676800,901.45703125
44xrdmrc,flat_forward_model,10,i42/p42,110592000,928.2109375
44xrdmrc,flat_forward_model,10,i42/p42,115261440,902.1328125
44xrdmrc,flat_forward_model,10,i42/p42,120176640,921.265625
44xrdmrc,flat_forward_model,10,i42/p42,124846080,919.85546875
44xrdmrc,flat_forward_model,10,i42/p42,129761280,916.71484375
44xrdmrc,flat_forward_model,10,i42/p42,134430720,923.7734375
44xrdmrc,flat_forward_model,10,i42/p42,139345920,929.5390625
44xrdmrc,flat_forward_model,10,i42/p42,144015360,929.328125
44xrdmrc,flat_forward_model,10,i42/p42,148930560,914.6484375
44xrdmrc,flat_forward_model,10,i42/p42,153600000,922.2109375
44xrdmrc,flat_forward_model,10,i42/p42,158515200,922.859375
44xrdmrc,flat_forward_model,10,i42/p42,163430400,932.84375
44xrdmrc,flat_forward_model,10,i42/p42,168099840,929.19140625
44xrdmrc,flat_forward_model,10,i42/p42,173015040,928.78515625
44xrdmrc,flat_forward_model,10,i42/p42,177684480,933.64453125
44xrdmrc,flat_forward_model,10,i42/p42,182599680,938.66015625
44xrdmrc,flat_forward_model,10,i42/p42,187269120,937.05078125
44xrdmrc,flat_forward_model,10,i42/p42,192184320,941.18359375
44xrdmrc,flat_forward_model,10,i42/p42,196853760,943.8671875
44xrdmrc,flat_forward_model,10,i42/p42,201768960,942.4140625
44xrdmrc,flat_forward_model,10,i42/p42,206438400,945.70703125
44xrdmrc,flat_forward_model,10,i42/p42,211353600,945.0
44xrdmrc,flat_forward_model,10,i42/p42,216023040,947.06640625
44xrdmrc,flat_forward_model,10,i42/p42,220938240,941.390625
44xrdmrc,flat_forward_model,10,i42/p42,225607680,946.28125
44xrdmrc,flat_forward_model,10,i42/p42,230522880,944.09375
44xrdmrc,flat_forward_model,10,i42/p42,235438080,940.0859375
44xrdmrc,flat_forward_model,10,i42/p42,240107520,941.921875
44xrdmrc,flat_forward_model,10,i42/p42,245022720,943.19140625
44xrdmrc,flat_forward_model,10,i42/p42,249692160,939.0703125
44xrdmrc,flat_forward_model,10,i42/p42,254607360,940.0
44xrdmrc,flat_forward_model,10,i42/p42,259276800,939.140625
44xrdmrc,flat_forward_model,10,i42/p42,264192000,940.953125
44xrdmrc,flat_forward_model,10,i42/p42,268861440,939.10546875
44xrdmrc,flat_forward_model,10,i42/p42,273776640,939.5625
44xrdmrc,flat_forward_model,10,i42/p42,278446080,939.8359375
44xrdmrc,flat_forward_model,10,i42/p42,283361280,940.8984375
44xrdmrc,flat_forward_model,10,i42/p42,288030720,945.2265625
44xrdmrc,flat_forward_model,10,i42/p42,292945920,944.65625
44xrdmrc,flat_forward_model,10,i42/p42,297615360,949.85546875
44xrdmrc,flat_forward_model,10,i42/p42,302530560,949.7265625
44xrdmrc,flat_forward_model,10,i42/p42,307200000,942.71875
44xrdmrc,flat_forward_model,10,i42/p42,312115200,943.328125
44xrdmrc,flat_forward_model,10,i42/p42,317030400,937.30078125
44xrdmrc,flat_forward_model,10,i42/p42,321699840,940.94140625
44xrdmrc,flat_forward_model,10,i42/p42,326615040,943.27734375
44xrdmrc,flat_forward_model,10,i42/p42,331284480,936.046875
44xrdmrc,flat_forward_model,10,i42/p42,336199680,939.80859375
44xrdmrc,flat_forward_model,10,i42/p42,340869120,939.58203125
44xrdmrc,flat_forward_model,10,i42/p42,345784320,937.51171875
44xrdmrc,flat_forward_model,10,i42/p42,350453760,940.9609375
44xrdmrc,flat_forward_model,10,i42/p42,355368960,938.875
44xrdmrc,flat_forward_model,10,i42/p42,360038400,939.5625
44xrdmrc,flat_forward_model,10,i42/p42,364953600,940.78125
44xrdmrc,flat_forward_model,10,i42/p42,369623040,941.29296875
44xrdmrc,flat_forward_model,10,i42/p42,374538240,944.7265625
44xrdmrc,flat_forward_model,10,i42/p42,379207680,939.2890625
44xrdmrc,flat_forward_model,10,i42/p42,384122880,937.55078125
44xrdmrc,flat_forward_model,10,i42/p42,389038080,942.05078125
44xrdmrc,flat_forward_model,10,i42/p42,393707520,945.65234375
44xrdmrc,flat_forward_model,10,i42/p42,398622720,946.34765625
44xrdmrc,flat_forward_model,10,i42/p42,403292160,939.6171875
44xrdmrc,flat_forward_model,10,i42/p42,408207360,931.609375
44xrdmrc,flat_forward_model,10,i42/p42,412876800,930.5546875
44xrdmrc,flat_forward_model,10,i42/p42,417792000,936.83203125
44xrdmrc,flat_forward_model,10,i42/p42,422461440,937.1875
44xrdmrc,flat_forward_model,10,i42/p42,427376640,939.8984375
44xrdmrc,flat_forward_model,10,i42/p42,432046080,944.1875
44xrdmrc,flat_forward_model,10,i42/p42,436961280,956.72265625
44xrdmrc,flat_forward_model,10,i42/p42,441630720,941.05078125
44xrdmrc,flat_forward_model,10,i42/p42,446545920,943.30078125
44xrdmrc,flat_forward_model,10,i42/p42,451215360,942.73828125
44xrdmrc,flat_forward_model,10,i42/p42,456130560,951.04296875
44xrdmrc,flat_forward_model,10,i42/p42,460800000,955.54296875
44xrdmrc,flat_forward_model,10,i42/p42,465715200,951.765625
44xrdmrc,flat_forward_model,10,i42/p42,470630400,954.015625
44xrdmrc,flat_forward_model,10,i42/p42,475299840,950.77734375
44xrdmrc,flat_forward_model,10,i42/p42,480215040,946.96875
qki0d7w4,flat_forward_model,12,i42/p42,4915200,394.5625
qki0d7w4,flat_forward_model,12,i42/p42,9830400,719.44921875
qki0d7w4,flat_forward_model,12,i42/p42,14499840,840.57421875
qki0d7w4,flat_forward_model,12,i42/p42,19415040,850.89453125
qki0d7w4,flat_forward_model,12,i42/p42,24084480,883.66015625
qki0d7w4,flat_forward_model,12,i42/p42,28999680,892.4921875
qki0d7w4,flat_forward_model,12,i42/p42,33669120,898.36328125
qki0d7w4,flat_forward_model,12,i42/p42,38584320,911.265625
qki0d7w4,flat_forward_model,12,i42/p42,43253760,923.46484375
qki0d7w4,flat_forward_model,12,i42/p42,48168960,931.234375
qki0d7w4,flat_forward_model,12,i42/p42,52838400,935.35546875
qki0d7w4,flat_forward_model,12,i42/p42,57753600,939.67578125
qki0d7w4,flat_forward_model,12,i42/p42,62423040,933.6484375
qki0d7w4,flat_forward_model,12,i42/p42,67338240,937.703125
qki0d7w4,flat_forward_model,12,i42/p42,72007680,901.53125
qki0d7w4,flat_forward_model,12,i42/p42,76922880,911.96875
qki0d7w4,flat_forward_model,12,i42/p42,81838080,898.26171875
qki0d7w4,flat_forward_model,12,i42/p42,86507520,883.54296875
qki0d7w4,flat_forward_model,12,i42/p42,91422720,876.734375
qki0d7w4,flat_forward_model,12,i42/p42,96092160,882.58203125
qki0d7w4,flat_forward_model,12,i42/p42,101007360,874.83203125
qki0d7w4,flat_forward_model,12,i42/p42,105676800,870.78515625
qki0d7w4,flat_forward_model,12,i42/p42,110592000,900.9921875
qki0d7w4,flat_forward_model,12,i42/p42,115261440,879.859375
qki0d7w4,flat_forward_model,12,i42/p42,120176640,883.9609375
qki0d7w4,flat_forward_model,12,i42/p42,124846080,899.03515625
qki0d7w4,flat_forward_model,12,i42/p42,129761280,887.9921875
qki0d7w4,flat_forward_model,12,i42/p42,134430720,901.56640625
qki0d7w4,flat_forward_model,12,i42/p42,139345920,911.1953125
qki0d7w4,flat_forward_model,12,i42/p42,144015360,908.515625
qki0d7w4,flat_forward_model,12,i42/p42,148930560,905.60546875
qki0d7w4,flat_forward_model,12,i42/p42,153600000,905.1796875
qki0d7w4,flat_forward_model,12,i42/p42,158515200,903.1484375
qki0d7w4,flat_forward_model,12,i42/p42,163430400,896.96484375
qki0d7w4,flat_forward_model,12,i42/p42,168099840,903.58984375
qki0d7w4,flat_forward_model,12,i42/p42,173015040,907.984375
qki0d7w4,flat_forward_model,12,i42/p42,177684480,905.92578125
qki0d7w4,flat_forward_model,12,i42/p42,182599680,912.546875
qki0d7w4,flat_forward_model,12,i42/p42,187269120,901.19140625
qki0d7w4,flat_forward_model,12,i42/p42,192184320,920.14453125
qki0d7w4,flat_forward_model,12,i42/p42,196853760,922.7890625
qki0d7w4,flat_forward_model,12,i42/p42,201768960,921.56640625
qki0d7w4,flat_forward_model,12,i42/p42,206438400,919.58203125
qki0d7w4,flat_forward_model,12,i42/p42,211353600,927.6796875
qki0d7w4,flat_forward_model,12,i42/p42,216023040,926.234375
qki0d7w4,flat_forward_model,12,i42/p42,220938240,919.796875
qki0d7w4,flat_forward_model,12,i42/p42,225607680,917.84375
qki0d7w4,flat_forward_model,12,i42/p42,230522880,924.7421875
qki0d7w4,flat_forward_model,12,i42/p42,235438080,918.203125
qki0d7w4,flat_forward_model,12,i42/p42,240107520,912.14453125
qki0d7w4,flat_forward_model,12,i42/p42,245022720,918.39453125
qki0d7w4,flat_forward_model,12,i42/p42,249692160,925.08203125
qki0d7w4,flat_forward_model,12,i42/p42,254607360,919.6015625
qki0d7w4,flat_forward_model,12,i42/p42,259276800,915.953125
qki0d7w4,flat_forward_model,12,i42/p42,264192000,915.32421875
qki0d7w4,flat_forward_model,12,i42/p42,268861440,911.90625
qki0d7w4,flat_forward_model,12,i42/p42,273776640,908.30859375
qki0d7w4,flat_forward_model,12,i42/p42,278446080,912.11328125
qki0d7w4,flat_forward_model,12,i42/p42,283361280,933.3984375
qki0d7w4,flat_forward_model,12,i42/p42,288030720,926.0
qki0d7w4,flat_forward_model,12,i42/p42,292945920,931.02734375
qki0d7w4,flat_forward_model,12,i42/p42,297615360,921.1796875
qki0d7w4,flat_forward_model,12,i42/p42,302530560,916.87890625
qki0d7w4,flat_forward_model,12,i42/p42,307200000,931.59765625
qki0d7w4,flat_forward_model,12,i42/p42,312115200,936.99609375
qki0d7w4,flat_forward_model,12,i42/p42,317030400,923.0625
qki0d7w4,flat_forward_model,12,i42/p42,321699840,908.078125
qki0d7w4,flat_forward_model,12,i42/p42,326615040,909.640625
qki0d7w4,flat_forward_model,12,i42/p42,331284480,922.609375
qki0d7w4,flat_forward_model,12,i42/p42,336199680,918.2109375
qki0d7w4,flat_forward_model,12,i42/p42,340869120,921.9609375
qki0d7w4,flat_forward_model,12,i42/p42,345784320,924.37890625
qki0d7w4,flat_forward_model,12,i42/p42,350453760,926.79296875
qki0d7w4,flat_forward_model,12,i42/p42,355368960,918.203125
qki0d7w4,flat_forward_model,12,i42/p42,360038400,918.1015625
qki0d7w4,flat_forward_model,12,i42/p42,364953600,919.9453125
qki0d7w4,flat_forward_model,12,i42/p42,369623040,918.92578125
qki0d7w4,flat_forward_model,12,i42/p42,374538240,920.31640625
qki0d7w4,flat_forward_model,12,i42/p42,379207680,908.96484375
qki0d7w4,flat_forward_model,12,i42/p42,384122880,909.75390625
qki0d7w4,flat_forward_model,12,i42/p42,389038080,897.77734375
qki0d7w4,flat_forward_model,12,i42/p42,393707520,907.52734375
qki0d7w4,flat_forward_model,12,i42/p42,398622720,905.1171875
qki0d7w4,flat_forward_model,12,i42/p42,403292160,912.875
qki0d7w4,flat_forward_model,12,i42/p42,408207360,913.79296875
qki0d7w4,flat_forward_model,12,i42/p42,412876800,911.03125
qki0d7w4,flat_forward_model,12,i42/p42,417792000,923.33203125
qki0d7w4,flat_forward_model,12,i42/p42,422461440,921.18359375
qki0d7w4,flat_forward_model,12,i42/p42,427376640,909.60546875
qki0d7w4,flat_forward_model,12,i42/p42,432046080,903.20703125
qki0d7w4,flat_forward_model,12,i42/p42,436961280,901.4375
qki0d7w4,flat_forward_model,12,i42/p42,441630720,910.96875
qki0d7w4,flat_forward_model,12,i42/p42,446545920,917.6484375
qki0d7w4,flat_forward_model,12,i42/p42,451215360,911.125
qki0d7w4,flat_forward_model,12,i42/p42,456130560,911.3828125
qki0d7w4,flat_forward_model,12,i42/p42,460800000,907.078125
qki0d7w4,flat_forward_model,12,i42/p42,465715200,906.75390625
qki0d7w4,flat_forward_model,12,i42/p42,470630400,915.12890625
qki0d7w4,flat_forward_model,12,i42/p42,475299840,914.7109375
qki0d7w4,flat_forward_model,12,i42/p42,480215040,903.62109375
7f5l8q3w,flat_forward_model,15,i42/p42,4915200,466.61328125
7f5l8q3w,flat_forward_model,15,i42/p42,9830400,781.765625
7f5l8q3w,flat_forward_model,15,i42/p42,14499840,838.24609375
7f5l8q3w,flat_forward_model,15,i42/p42,19415040,849.4609375
7f5l8q3w,flat_forward_model,15,i42/p42,24084480,876.4921875
7f5l8q3w,flat_forward_model,15,i42/p42,28999680,890.71875
7f5l8q3w,flat_forward_model,15,i42/p42,33669120,908.09765625
7f5l8q3w,flat_forward_model,15,i42/p42,38584320,921.1484375
7f5l8q3w,flat_forward_model,15,i42/p42,43253760,924.03125
7f5l8q3w,flat_forward_model,15,i42/p42,48168960,926.3515625
7f5l8q3w,flat_forward_model,15,i42/p42,52838400,934.55078125
7f5l8q3w,flat_forward_model,15,i42/p42,57753600,934.29296875
7f5l8q3w,flat_forward_model,15,i42/p42,62423040,934.5859375
7f5l8q3w,flat_forward_model,15,i42/p42,67338240,934.546875
7f5l8q3w,flat_forward_model,15,i42/p42,72007680,938.71875
7f5l8q3w,flat_forward_model,15,i42/p42,76922880,940.58203125
7f5l8q3w,flat_forward_model,15,i42/p42,81838080,940.73046875
7f5l8q3w,flat_forward_model,15,i42/p42,86507520,938.30078125
7f5l8q3w,flat_forward_model,15,i42/p42,91422720,940.2421875
7f5l8q3w,flat_forward_model,15,i42/p42,96092160,940.515625
7f5l8q3w,flat_forward_model,15,i42/p42,101007360,943.2890625
7f5l8q3w,flat_forward_model,15,i42/p42,105676800,945.234375
7f5l8q3w,flat_forward_model,15,i42/p42,110592000,946.78515625
7f5l8q3w,flat_forward_model,15,i42/p42,115261440,945.7421875
7f5l8q3w,flat_forward_model,15,i42/p42,120176640,947.9296875
7f5l8q3w,flat_forward_model,15,i42/p42,124846080,947.90234375
7f5l8q3w,flat_forward_model,15,i42/p42,129761280,947.140625
7f5l8q3w,flat_forward_model,15,i42/p42,134430720,947.96484375
7f5l8q3w,flat_forward_model,15,i42/p42,139345920,949.859375
7f5l8q3w,flat_forward_model,15,i42/p42,144015360,951.94921875
7f5l8q3w,flat_forward_model,15,i42/p42,148930560,954.1953125
7f5l8q3w,flat_forward_model,15,i42/p42,153600000,956.65234375
7f5l8q3w,flat_forward_model,15,i42/p42,158515200,955.234375
7f5l8q3w,flat_forward_model,15,i42/p42,163430400,955.87109375
7f5l8q3w,flat_forward_model,15,i42/p42,168099840,956.01953125
7f5l8q3w,flat_forward_model,15,i42/p42,173015040,952.86328125
7f5l8q3w,flat_forward_model,15,i42/p42,177684480,954.33984375
7f5l8q3w,flat_forward_model,15,i42/p42,182599680,957.46875
7f5l8q3w,flat_forward_model,15,i42/p42,187269120,956.9921875
7f5l8q3w,flat_forward_model,15,i42/p42,192184320,958.3515625
7f5l8q3w,flat_forward_model,15,i42/p42,196853760,958.30078125
7f5l8q3w,flat_forward_model,15,i42/p42,201768960,958.30078125
7f5l8q3w,flat_forward_model,15,i42/p42,206438400,958.23828125
7f5l8q3w,flat_forward_model,15,i42/p42,211353600,949.3828125
7f5l8q3w,flat_forward_model,15,i42/p42,216023040,945.33984375
7f5l8q3w,flat_forward_model,15,i42/p42,220938240,948.08984375
7f5l8q3w,flat_forward_model,15,i42/p42,225607680,945.5859375
7f5l8q3w,flat_forward_model,15,i42/p42,230522880,940.28125
7f5l8q3w,flat_forward_model,15,i42/p42,235438080,941.23046875
7f5l8q3w,flat_forward_model,15,i42/p42,240107520,940.55859375
7f5l8q3w,flat_forward_model,15,i42/p42,245022720,941.73046875
7f5l8q3w,flat_forward_model,15,i42/p42,249692160,927.91015625
7f5l8q3w,flat_forward_model,15,i42/p42,254607360,934.9609375
7f5l8q3w,flat_forward_model,15,i42/p42,259276800,931.1015625
7f5l8q3w,flat_forward_model,15,i42/p42,264192000,945.078125
7f5l8q3w,flat_forward_model,15,i42/p42,268861440,928.93359375
7f5l8q3w,flat_forward_model,15,i42/p42,273776640,934.12109375
7f5l8q3w,flat_forward_model,15,i42/p42,278446080,927.51171875
7f5l8q3w,flat_forward_model,15,i42/p42,283361280,935.13671875
7f5l8q3w,flat_forward_model,15,i42/p42,288030720,927.703125
7f5l8q3w,flat_forward_model,15,i42/p42,292945920,928.73046875
7f5l8q3w,flat_forward_model,15,i42/p42,297615360,914.9140625
7f5l8q3w,flat_forward_model,15,i42/p42,302530560,927.25
7f5l8q3w,flat_forward_model,15,i42/p42,307200000,922.3515625
7f5l8q3w,flat_forward_model,15,i42/p42,312115200,925.37890625
7f5l8q3w,flat_forward_model,15,i42/p42,317030400,928.17578125
7f5l8q3w,flat_forward_model,15,i42/p42,321699840,925.125
7f5l8q3w,flat_forward_model,15,i42/p42,326615040,919.3984375
7f5l8q3w,flat_forward_model,15,i42/p42,331284480,926.62109375
7f5l8q3w,flat_forward_model,15,i42/p42,336199680,924.95703125
7f5l8q3w,flat_forward_model,15,i42/p42,340869120,921.21484375
7f5l8q3w,flat_forward_model,15,i42/p42,345784320,914.76953125
7f5l8q3w,flat_forward_model,15,i42/p42,350453760,917.046875
7f5l8q3w,flat_forward_model,15,i42/p42,355368960,914.84375
7f5l8q3w,flat_forward_model,15,i42/p42,360038400,911.484375
7f5l8q3w,flat_forward_model,15,i42/p42,364953600,915.2734375
7f5l8q3w,flat_forward_model,15,i42/p42,369623040,918.125
7f5l8q3w,flat_forward_model,15,i42/p42,374538240,918.6328125
7f5l8q3w,flat_forward_model,15,i42/p42,379207680,914.5859375
7f5l8q3w,flat_forward_model,15,i42/p42,384122880,919.21875
7f5l8q3w,flat_forward_model,15,i42/p42,389038080,917.72265625
7f5l8q3w,flat_forward_model,15,i42/p42,393707520,913.30859375
7f5l8q3w,flat_forward_model,15,i42/p42,398622720,919.5078125
7f5l8q3w,flat_forward_model,15,i42/p42,403292160,919.62109375
7f5l8q3w,flat_forward_model,15,i42/p42,408207360,918.78125
7f5l8q3w,flat_forward_model,15,i42/p42,412876800,911.1171875
7f5l8q3w,flat_forward_model,15,i42/p42,417792000,924.1796875
7f5l8q3w,flat_forward_model,15,i42/p42,422461440,930.81640625
7f5l8q3w,flat_forward_model,15,i42/p42,427376640,921.91796875
7f5l8q3w,flat_forward_model,15,i42/p42,432046080,917.40625
7f5l8q3w,flat_forward_model,15,i42/p42,436961280,917.46875
7f5l8q3w,flat_forward_model,15,i42/p42,441630720,925.81640625
7f5l8q3w,flat_forward_model,15,i42/p42,446545920,918.8125
7f5l8q3w,flat_forward_model,15,i42/p42,451215360,912.953125
7f5l8q3w,flat_forward_model,15,i42/p42,456130560,919.0625
7f5l8q3w,flat_forward_model,15,i42/p42,460800000,915.24609375
7f5l8q3w,flat_forward_model,15,i42/p42,465715200,915.91015625
7f5l8q3w,flat_forward_model,15,i42/p42,470630400,919.453125
7f5l8q3w,flat_forward_model,15,i42/p42,475299840,911.5859375
7f5l8q3w,flat_forward_model,15,i42/p42,480215040,912.203125
6vbxipkk,flat_forward_model,20,i42/p42,4915200,436.73828125
6vbxipkk,flat_forward_model,20,i42/p42,9830400,800.640625
6vbxipkk,flat_forward_model,20,i42/p42,14499840,867.8984375
6vbxipkk,flat_forward_model,20,i42/p42,19415040,881.703125
6vbxipkk,flat_forward_model,20,i42/p42,24084480,901.01171875
6vbxipkk,flat_forward_model,20,i42/p42,28999680,831.41015625
6vbxipkk,flat_forward_model,20,i42/p42,33669120,910.2734375
6vbxipkk,flat_forward_model,20,i42/p42,38584320,921.47265625
6vbxipkk,flat_forward_model,20,i42/p42,43253760,922.09765625
6vbxipkk,flat_forward_model,20,i42/p42,48168960,927.078125
6vbxipkk,flat_forward_model,20,i42/p42,52838400,930.87890625
6vbxipkk,flat_forward_model,20,i42/p42,57753600,931.45703125
6vbxipkk,flat_forward_model,20,i42/p42,62423040,935.234375
6vbxipkk,flat_forward_model,20,i42/p42,67338240,933.30078125
6vbxipkk,flat_forward_model,20,i42/p42,72007680,935.7109375
6vbxipkk,flat_forward_model,20,i42/p42,76922880,937.7421875
6vbxipkk,flat_forward_model,20,i42/p42,81838080,938.33984375
6vbxipkk,flat_forward_model,20,i42/p42,86507520,938.01171875
6vbxipkk,flat_forward_model,20,i42/p42,91422720,938.89453125
6vbxipkk,flat_forward_model,20,i42/p42,96092160,940.17578125
6vbxipkk,flat_forward_model,20,i42/p42,101007360,941.34375
6vbxipkk,flat_forward_model,20,i42/p42,105676800,940.5234375
6vbxipkk,flat_forward_model,20,i42/p42,110592000,939.86328125
6vbxipkk,flat_forward_model,20,i42/p42,115261440,940.71875
6vbxipkk,flat_forward_model,20,i42/p42,120176640,938.4765625
6vbxipkk,flat_forward_model,20,i42/p42,124846080,940.72265625
6vbxipkk,flat_forward_model,20,i42/p42,129761280,945.5
6vbxipkk,flat_forward_model,20,i42/p42,134430720,947.08984375
6vbxipkk,flat_forward_model,20,i42/p42,139345920,948.6015625
6vbxipkk,flat_forward_model,20,i42/p42,144015360,950.69921875
6vbxipkk,flat_forward_model,20,i42/p42,148930560,949.71875
6vbxipkk,flat_forward_model,20,i42/p42,153600000,951.8671875
6vbxipkk,flat_forward_model,20,i42/p42,158515200,950.39453125
6vbxipkk,flat_forward_model,20,i42/p42,163430400,943.1328125
6vbxipkk,flat_forward_model,20,i42/p42,168099840,950.703125
6vbxipkk,flat_forward_model,20,i42/p42,173015040,950.77734375
6vbxipkk,flat_forward_model,20,i42/p42,177684480,949.4765625
6vbxipkk,flat_forward_model,20,i42/p42,182599680,953.7265625
6vbxipkk,flat_forward_model,20,i42/p42,187269120,953.609375
6vbxipkk,flat_forward_model,20,i42/p42,192184320,952.1171875
6vbxipkk,flat_forward_model,20,i42/p42,196853760,952.234375
6vbxipkk,flat_forward_model,20,i42/p42,201768960,951.6171875
6vbxipkk,flat_forward_model,20,i42/p42,206438400,952.2578125
6vbxipkk,flat_forward_model,20,i42/p42,211353600,950.79296875
6vbxipkk,flat_forward_model,20,i42/p42,216023040,952.40625
6vbxipkk,flat_forward_model,20,i42/p42,220938240,952.90234375
6vbxipkk,flat_forward_model,20,i42/p42,225607680,944.5546875
6vbxipkk,flat_forward_model,20,i42/p42,230522880,952.28125
6vbxipkk,flat_forward_model,20,i42/p42,235438080,953.05859375
6vbxipkk,flat_forward_model,20,i42/p42,240107520,949.45703125
6vbxipkk,flat_forward_model,20,i42/p42,245022720,954.6484375
6vbxipkk,flat_forward_model,20,i42/p42,249692160,940.20703125
6vbxipkk,flat_forward_model,20,i42/p42,254607360,944.19140625
6vbxipkk,flat_forward_model,20,i42/p42,259276800,948.05078125
6vbxipkk,flat_forward_model,20,i42/p42,264192000,949.46484375
6vbxipkk,flat_forward_model,20,i42/p42,268861440,954.765625
6vbxipkk,flat_forward_model,20,i42/p42,273776640,943.70703125
6vbxipkk,flat_forward_model,20,i42/p42,278446080,935.42578125
6vbxipkk,flat_forward_model,20,i42/p42,283361280,941.1015625
6vbxipkk,flat_forward_model,20,i42/p42,288030720,933.8359375
6vbxipkk,flat_forward_model,20,i42/p42,292945920,948.77734375
6vbxipkk,flat_forward_model,20,i42/p42,297615360,935.26171875
6vbxipkk,flat_forward_model,20,i42/p42,302530560,940.3515625
6vbxipkk,flat_forward_model,20,i42/p42,307200000,947.66015625
6vbxipkk,flat_forward_model,20,i42/p42,312115200,929.9453125
6vbxipkk,flat_forward_model,20,i42/p42,317030400,927.48046875
6vbxipkk,flat_forward_model,20,i42/p42,321699840,933.4765625
6vbxipkk,flat_forward_model,20,i42/p42,326615040,934.3984375
6vbxipkk,flat_forward_model,20,i42/p42,331284480,935.80078125
6vbxipkk,flat_forward_model,20,i42/p42,336199680,925.05859375
6vbxipkk,flat_forward_model,20,i42/p42,340869120,913.73046875
6vbxipkk,flat_forward_model,20,i42/p42,345784320,919.3125
6vbxipkk,flat_forward_model,20,i42/p42,350453760,919.98046875
6vbxipkk,flat_forward_model,20,i42/p42,355368960,925.49609375
6vbxipkk,flat_forward_model,20,i42/p42,360038400,916.0
6vbxipkk,flat_forward_model,20,i42/p42,364953600,927.640625
6vbxipkk,flat_forward_model,20,i42/p42,369623040,919.3671875
6vbxipkk,flat_forward_model,20,i42/p42,374538240,915.671875
6vbxipkk,flat_forward_model,20,i42/p42,379207680,922.84375
6vbxipkk,flat_forward_model,20,i42/p42,384122880,934.296875
6vbxipkk,flat_forward_model,20,i42/p42,389038080,919.6328125
6vbxipkk,flat_forward_model,20,i42/p42,393707520,924.15625
6vbxipkk,flat_forward_model,20,i42/p42,398622720,911.36328125
6vbxipkk,flat_forward_model,20,i42/p42,403292160,921.98828125
6vbxipkk,flat_forward_model,20,i42/p42,408207360,925.33984375
6vbxipkk,flat_forward_model,20,i42/p42,412876800,916.546875
6vbxipkk,flat_forward_model,20,i42/p42,417792000,919.40234375
6vbxipkk,flat_forward_model,20,i42/p42,422461440,918.75390625
6vbxipkk,flat_forward_model,20,i42/p42,427376640,919.81640625
6vbxipkk,flat_forward_model,20,i42/p42,432046080,915.77734375
6vbxipkk,flat_forward_model,20,i42/p42,436961280,920.140625
6vbxipkk,flat_forward_model,20,i42/p42,441630720,917.1953125
6vbxipkk,flat_forward_model,20,i42/p42,446545920,920.98828125
6vbxipkk,flat_forward_model,20,i42/p42,451215360,925.2265625
6vbxipkk,flat_forward_model,20,i42/p42,456130560,934.58984375
6vbxipkk,flat_forward_model,20,i42/p42,460800000,930.48828125
6vbxipkk,flat_forward_model,20,i42/p42,465715200,928.69140625
6vbxipkk,flat_forward_model,20,i42/p42,470630400,935.5625
6vbxipkk,flat_forward_model,20,i42/p42,475299840,925.6328125
6vbxipkk,flat_forward_model,20,i42/p42,480215040,919.6015625
ywylld7j,flat_forward_model,25,i42/p42,4915200,285.8046875
ywylld7j,flat_forward_model,25,i42/p42,9830400,691.62109375
ywylld7j,flat_forward_model,25,i42/p42,14499840,804.35546875
ywylld7j,flat_forward_model,25,i42/p42,19415040,743.08984375
ywylld7j,flat_forward_model,25,i42/p42,24084480,857.12109375
ywylld7j,flat_forward_model,25,i42/p42,28999680,843.66015625
ywylld7j,flat_forward_model,25,i42/p42,33669120,840.7109375
ywylld7j,flat_forward_model,25,i42/p42,38584320,901.328125
ywylld7j,flat_forward_model,25,i42/p42,43253760,905.7890625
ywylld7j,flat_forward_model,25,i42/p42,48168960,907.0703125
ywylld7j,flat_forward_model,25,i42/p42,52838400,908.0
ywylld7j,flat_forward_model,25,i42/p42,57753600,918.78515625
ywylld7j,flat_forward_model,25,i42/p42,62423040,913.55859375
ywylld7j,flat_forward_model,25,i42/p42,67338240,924.12890625
ywylld7j,flat_forward_model,25,i42/p42,72007680,917.484375
ywylld7j,flat_forward_model,25,i42/p42,76922880,922.66015625
ywylld7j,flat_forward_model,25,i42/p42,81838080,924.328125
ywylld7j,flat_forward_model,25,i42/p42,86507520,927.1796875
ywylld7j,flat_forward_model,25,i42/p42,91422720,927.81640625
ywylld7j,flat_forward_model,25,i42/p42,96092160,928.87890625
ywylld7j,flat_forward_model,25,i42/p42,101007360,931.02734375
ywylld7j,flat_forward_model,25,i42/p42,105676800,934.05078125
ywylld7j,flat_forward_model,25,i42/p42,110592000,937.25
ywylld7j,flat_forward_model,25,i42/p42,115261440,940.625
ywylld7j,flat_forward_model,25,i42/p42,120176640,940.12890625
ywylld7j,flat_forward_model,25,i42/p42,124846080,935.27734375
ywylld7j,flat_forward_model,25,i42/p42,129761280,936.609375
ywylld7j,flat_forward_model,25,i42/p42,134430720,932.75
ywylld7j,flat_forward_model,25,i42/p42,139345920,932.4375
ywylld7j,flat_forward_model,25,i42/p42,144015360,924.21875
ywylld7j,flat_forward_model,25,i42/p42,148930560,925.37109375
ywylld7j,flat_forward_model,25,i42/p42,153600000,932.19921875
ywylld7j,flat_forward_model,25,i42/p42,158515200,915.08984375
ywylld7j,flat_forward_model,25,i42/p42,163430400,920.14453125
ywylld7j,flat_forward_model,25,i42/p42,168099840,921.6015625
ywylld7j,flat_forward_model,25,i42/p42,173015040,915.80078125
ywylld7j,flat_forward_model,25,i42/p42,177684480,909.8671875
ywylld7j,flat_forward_model,25,i42/p42,182599680,910.0234375
ywylld7j,flat_forward_model,25,i42/p42,187269120,911.6484375
ywylld7j,flat_forward_model,25,i42/p42,192184320,910.83984375
ywylld7j,flat_forward_model,25,i42/p42,196853760,904.02734375
ywylld7j,flat_forward_model,25,i42/p42,201768960,905.67578125
ywylld7j,flat_forward_model,25,i42/p42,206438400,899.77734375
ywylld7j,flat_forward_model,25,i42/p42,211353600,902.78125
ywylld7j,flat_forward_model,25,i42/p42,216023040,902.3984375
ywylld7j,flat_forward_model,25,i42/p42,220938240,905.1171875
ywylld7j,flat_forward_model,25,i42/p42,225607680,918.578125
ywylld7j,flat_forward_model,25,i42/p42,230522880,911.421875
ywylld7j,flat_forward_model,25,i42/p42,235438080,914.76171875
ywylld7j,flat_forward_model,25,i42/p42,240107520,915.8046875
ywylld7j,flat_forward_model,25,i42/p42,245022720,916.0859375
ywylld7j,flat_forward_model,25,i42/p42,249692160,921.30078125
ywylld7j,flat_forward_model,25,i42/p42,254607360,914.27734375
ywylld7j,flat_forward_model,25,i42/p42,259276800,908.1875
ywylld7j,flat_forward_model,25,i42/p42,264192000,908.1171875
ywylld7j,flat_forward_model,25,i42/p42,268861440,905.1796875
ywylld7j,flat_forward_model,25,i42/p42,273776640,909.19921875
ywylld7j,flat_forward_model,25,i42/p42,278446080,903.1640625
ywylld7j,flat_forward_model,25,i42/p42,283361280,907.8359375
ywylld7j,flat_forward_model,25,i42/p42,288030720,897.5234375
ywylld7j,flat_forward_model,25,i42/p42,292945920,913.85546875
ywylld7j,flat_forward_model,25,i42/p42,297615360,892.11328125
ywylld7j,flat_forward_model,25,i42/p42,302530560,890.3203125
ywylld7j,flat_forward_model,25,i42/p42,307200000,911.4609375
ywylld7j,flat_forward_model,25,i42/p42,312115200,907.515625
ywylld7j,flat_forward_model,25,i42/p42,317030400,891.3828125
ywylld7j,flat_forward_model,25,i42/p42,321699840,900.421875
ywylld7j,flat_forward_model,25,i42/p42,326615040,892.6640625
ywylld7j,flat_forward_model,25,i42/p42,331284480,898.703125
ywylld7j,flat_forward_model,25,i42/p42,336199680,893.51953125
ywylld7j,flat_forward_model,25,i42/p42,340869120,890.80078125
ywylld7j,flat_forward_model,25,i42/p42,345784320,887.79296875
ywylld7j,flat_forward_model,25,i42/p42,350453760,886.03125
ywylld7j,flat_forward_model,25,i42/p42,355368960,892.7109375
ywylld7j,flat_forward_model,25,i42/p42,360038400,887.984375
ywylld7j,flat_forward_model,25,i42/p42,364953600,891.6484375
ywylld7j,flat_forward_model,25,i42/p42,369623040,893.72265625
ywylld7j,flat_forward_model,25,i42/p42,374538240,885.1484375
ywylld7j,flat_forward_model,25,i42/p42,379207680,891.4765625
ywylld7j,flat_forward_model,25,i42/p42,384122880,897.34375
ywylld7j,flat_forward_model,25,i42/p42,389038080,891.42578125
ywylld7j,flat_forward_model,25,i42/p42,393707520,890.41796875
ywylld7j,flat_forward_model,25,i42/p42,398622720,893.87109375
ywylld7j,flat_forward_model,25,i42/p42,403292160,898.3671875
ywylld7j,flat_forward_model,25,i42/p42,408207360,892.8359375
ywylld7j,flat_forward_model,25,i42/p42,412876800,894.53125
ywylld7j,flat_forward_model,25,i42/p42,417792000,894.21484375
ywylld7j,flat_forward_model,25,i42/p42,422461440,897.39453125
ywylld7j,flat_forward_model,25,i42/p42,427376640,900.5
ywylld7j,flat_forward_model,25,i42/p42,432046080,901.609375
ywylld7j,flat_forward_model,25,i42/p42,436961280,901.22265625
ywylld7j,flat_forward_model,25,i42/p42,441630720,896.90625
ywylld7j,flat_forward_model,25,i42/p42,446545920,895.171875
ywylld7j,flat_forward_model,25,i42/p42,451215360,910.48046875
ywylld7j,flat_forward_model,25,i42/p42,456130560,899.40234375
ywylld7j,flat_forward_model,25,i42/p42,460800000,894.73046875
ywylld7j,flat_forward_model,25,i42/p42,465715200,899.52734375
ywylld7j,flat_forward_model,25,i42/p42,470630400,910.1875
ywylld7j,flat_forward_model,25,i42/p42,475299840,885.0234375
ywylld7j,flat_forward_model,25,i42/p42,480215040,909.3359375
