wandb_id,condition,delay,seed,step,reward_mean
lcvm2yyi,efference,2,i43/p43,4915200,0.0
lcvm2yyi,efference,2,i43/p43,9830400,0.0
lcvm2yyi,efference,2,i43/p43,14499840,0.0
lcvm2yyi,efference,2,i43/p43,19415040,0.0
lcvm2yyi,efference,2,i43/p43,24084480,0.0
lcvm2yyi,efference,2,i43/p43,28999680,0.0
lcvm2yyi,efference,2,i43/p43,33669120,0.0
lcvm2yyi,efference,2,i43/p43,38584320,0.0
lcvm2yyi,efference,2,i43/p43,43253760,0.0
lcvm2yyi,efference,2,i43/p43,48168960,0.0
lcvm2yyi,efference,2,i43/p43,52838400,0.0
lcvm2yyi,efference,2,i43/p43,57753600,0.0
lcvm2yyi,efference,2,i43/p43,62423040,0.0
lcvm2yyi,efference,2,i43/p43,67338240,0.0
lcvm2yyi,efference,2,i43/p43,72007680,0.0
lcvm2yyi,efference,2,i43/p43,76922880,0.0
lcvm2yyi,efference,2,i43/p43,81838080,0.0
lcvm2yyi,efference,2,i43/p43,86507520,0.0
lcvm2yyi,efference,2,i43/p43,91422720,0.0
lcvm2yyi,efference,2,i43/p43,96092160,0.0
lcvm2yyi,efference,2,i43/p43,101007360,0.0
lcvm2yyi,efference,2,i43/p43,105676800,0.0
lcvm2yyi,efference,2,i43/p43,110592000,0.0
lcvm2yyi,efference,2,i43/p43,115261440,0.0
lcvm2yyi,efference,2,i43/p43,120176640,0.0
lcvm2yyi,efference,2,i43/p43,124846080,0.0
lcvm2yyi,efference,2,i43/p43,129761280,0.0
lcvm2yyi,efference,2,i43/p43,134430720,0.0
lcvm2yyi,efference,2,i43/p43,139345920,0.0
lcvm2yyi,efference,2,i43/p43,144015360,0.0
lcvm2yyi,efference,2,i43/p43,148930560,0.0
lcvm2yyi,efference,2,i43/p43,153600000,0.0
lcvm2yyi,efference,2,i43/p43,158515200,0.0
lcvm2yyi,efference,2,i43/p43,163430400,0.0
lcvm2yyi,efference,2,i43/p43,168099840,0.0
lcvm2yyi,efference,2,i43/p43,173015040,0.0
lcvm2yyi,efference,2,i43/p43,177684480,0.0
lcvm2yyi,efference,2,i43/p43,182599680,0.0
lcvm2yyi,efference,2,i43/p43,187269120,0.0
lcvm2yyi,efference,2,i43/p43,192184320,0.0
lcvm2yyi,efference,2,i43/p43,196853760,0.0
lcvm2yyi,efference,2,i43/p43,201768960,0.0
lcvm2yyi,efference,2,i43/p43,206438400,0.0
lcvm2yyi,efference,2,i43/p43,211353600,0.0
lcvm2yyi,efference,2,i43/p43,216023040,0.0
lcvm2yyi,efference,2,i43/p43,220938240,0.0
lcvm2yyi,efference,2,i43/p43,225607680,0.0
lcvm2yyi,efference,2,i43/p43,230522880,0.0
lcvm2yyi,efference,2,i43/p43,235438080,0.0
lcvm2yyi,efference,2,i43/p43,240107520,0.0
lcvm2yyi,efference,2,i43/p43,245022720,0.0
lcvm2yyi,efference,2,i43/p43,249692160,0.0
lcvm2yyi,efference,2,i43/p43,254607360,0.0
lcvm2yyi,efference,2,i43/p43,259276800,0.0
lcvm2yyi,efference,2,i43/p43,264192000,0.0
lcvm2yyi,efference,2,i43/p43,268861440,0.0
lcvm2yyi,efference,2,i43/p43,273776640,0.0
lcvm2yyi,efference,2,i43/p43,278446080,0.0
lcvm2yyi,efference,2,i43/p43,283361280,0.0
lcvm2yyi,efference,2,i43/p43,288030720,0.0
lcvm2yyi,efference,2,i43/p43,292945920,0.0
lcvm2yyi,efference,2,i43/p43,297615360,0.0
lcvm2yyi,efference,2,i43/p43,302530560,0.0
lcvm2yyi,efference,2,i43/p43,307200000,0.0
lcvm2yyi,efference,2,i43/p43,312115200,0.0
lcvm2yyi,efference,2,i43/p43,317030400,0.0
lcvm2yyi,efference,2,i43/p43,321699840,0.0
lcvm2yyi,efference,2,i43/p43,326615040,0.0
lcvm2yyi,efference,2,i43/p43,331284480,0.0
lcvm2yyi,efference,2,i43/p43,336199680,0.0
lcvm2yyi,efference,2,i43/p43,340869120,0.0
lcvm2yyi,efference,2,i43/p43,345784320,0.0
lcvm2yyi,efference,2,i43/p43,350453760,0.0
lcvm2yyi,efference,2,i43/p43,355368960,0.0
lcvm2yyi,efference,2,i43/p43,360038400,0.0
lcvm2yyi,efference,2,i43/p43,364953600,0.0
lcvm2yyi,efference,2,i43/p43,369623040,0.0
lcvm2yyi,efference,2,i43/p43,374538240,0.0
lcvm2yyi,efference,2,i43/p43,379207680,0.0
lcvm2yyi,efference,2,i43/p43,384122880,0.0
lcvm2yyi,efference,2,i43/p43,389038080,0.0
lcvm2yyi,efference,2,i43/p43,393707520,0.0
lcvm2yyi,efference,2,i43/p43,398622720,0.0
lcvm2yyi,efference,2,i43/p43,403292160,0.0
lcvm2yyi,efference,2,i43/p43,408207360,0.0
lcvm2yyi,efference,2,i43/p43,412876800,0.0
lcvm2yyi,efference,2,i43/p43,417792000,0.0
lcvm2yyi,efference,2,i43/p43,422461440,0.0
lcvm2yyi,efference,2,i43/p43,427376640,0.0
lcvm2yyi,efference,2,i43/p43,432046080,0.0
lcvm2yyi,efference,2,i43/p43,436961280,0.0
lcvm2yyi,efference,2,i43/p43,441630720,0.0
lcvm2yyi,efference,2,i43/p43,446545920,0.0
lcvm2yyi,efference,2,i43/p43,451215360,0.0
lcvm2yyi,efference,2,i43/p43,456130560,0.0
lcvm2yyi,efference,2,i43/p43,460800000,0.0
lcvm2yyi,efference,2,i43/p43,465715200,0.0
lcvm2yyi,efference,2,i43/p43,470630400,0.0
lcvm2yyi,efference,2,i43/p43,475299840,0.0
lcvm2yyi,efference,2,i43/p43,480215040,0.0
nb4dwx0h,efference,2,i44/p44,4915200,0.0
nb4dwx0h,efference,2,i44/p44,9830400,937.0
nb4dwx0h,efference,2,i44/p44,14499840,960.0
nb4dwx0h,efference,2,i44/p44,19415040,531.0
nb4dwx0h,efference,2,i44/p44,24084480,878.0
nb4dwx0h,efference,2,i44/p44,28999680,878.0
nb4dwx0h,efference,2,i44/p44,33669120,875.0
nb4dwx0h,efference,2,i44/p44,38584320,875.0
nb4dwx0h,efference,2,i44/p44,43253760,876.0
nb4dwx0h,efference,2,i44/p44,48168960,877.0
nb4dwx0h,efference,2,i44/p44,52838400,879.0
nb4dwx0h,efference,2,i44/p44,57753600,879.0
nb4dwx0h,efference,2,i44/p44,62423040,880.0
nb4dwx0h,efference,2,i44/p44,67338240,882.0
nb4dwx0h,efference,2,i44/p44,72007680,0.0
nb4dwx0h,efference,2,i44/p44,76922880,145.0
nb4dwx0h,efference,2,i44/p44,81838080,959.0
nb4dwx0h,efference,2,i44/p44,86507520,885.0
nb4dwx0h,efference,2,i44/p44,91422720,882.0
nb4dwx0h,efference,2,i44/p44,96092160,882.0
nb4dwx0h,efference,2,i44/p44,101007360,886.0
nb4dwx0h,efference,2,i44/p44,105676800,886.0
nb4dwx0h,efference,2,i44/p44,110592000,888.0
nb4dwx0h,efference,2,i44/p44,115261440,889.0
nb4dwx0h,efference,2,i44/p44,120176640,885.0
nb4dwx0h,efference,2,i44/p44,124846080,887.0
nb4dwx0h,efference,2,i44/p44,129761280,889.0
nb4dwx0h,efference,2,i44/p44,134430720,888.0
nb4dwx0h,efference,2,i44/p44,139345920,890.0
nb4dwx0h,efference,2,i44/p44,144015360,888.0
nb4dwx0h,efference,2,i44/p44,148930560,890.0
nb4dwx0h,efference,2,i44/p44,153600000,891.0
nb4dwx0h,efference,2,i44/p44,158515200,891.0
nb4dwx0h,efference,2,i44/p44,163430400,890.0
nb4dwx0h,efference,2,i44/p44,168099840,892.0
nb4dwx0h,efference,2,i44/p44,173015040,893.0
nb4dwx0h,efference,2,i44/p44,177684480,893.0
nb4dwx0h,efference,2,i44/p44,182599680,894.0
nb4dwx0h,efference,2,i44/p44,187269120,894.0
nb4dwx0h,efference,2,i44/p44,192184320,895.0
nb4dwx0h,efference,2,i44/p44,196853760,896.0
nb4dwx0h,efference,2,i44/p44,201768960,896.0
nb4dwx0h,efference,2,i44/p44,206438400,897.0
nb4dwx0h,efference,2,i44/p44,211353600,898.0
nb4dwx0h,efference,2,i44/p44,216023040,897.0
nb4dwx0h,efference,2,i44/p44,220938240,904.0
nb4dwx0h,efference,2,i44/p44,225607680,912.0
nb4dwx0h,efference,2,i44/p44,230522880,917.0
nb4dwx0h,efference,2,i44/p44,235438080,920.0
nb4dwx0h,efference,2,i44/p44,240107520,923.0
nb4dwx0h,efference,2,i44/p44,245022720,924.0
nb4dwx0h,efference,2,i44/p44,249692160,925.0
nb4dwx0h,efference,2,i44/p44,254607360,927.0
nb4dwx0h,efference,2,i44/p44,259276800,927.0
nb4dwx0h,efference,2,i44/p44,264192000,928.0
nb4dwx0h,efference,2,i44/p44,268861440,929.0
nb4dwx0h,efference,2,i44/p44,273776640,0.0
nb4dwx0h,efference,2,i44/p44,278446080,0.0
nb4dwx0h,efference,2,i44/p44,283361280,0.0
nb4dwx0h,efference,2,i44/p44,288030720,0.0
nb4dwx0h,efference,2,i44/p44,292945920,0.0
nb4dwx0h,efference,2,i44/p44,297615360,0.0
nb4dwx0h,efference,2,i44/p44,302530560,0.0
nb4dwx0h,efference,2,i44/p44,307200000,0.0
nb4dwx0h,efference,2,i44/p44,312115200,0.0
nb4dwx0h,efference,2,i44/p44,317030400,0.0
nb4dwx0h,efference,2,i44/p44,321699840,0.0
nb4dwx0h,efference,2,i44/p44,326615040,0.0
nb4dwx0h,efference,2,i44/p44,331284480,0.0
nb4dwx0h,efference,2,i44/p44,336199680,0.0
nb4dwx0h,efference,2,i44/p44,340869120,0.0
nb4dwx0h,efference,2,i44/p44,345784320,0.0
nb4dwx0h,efference,2,i44/p44,350453760,727.0
nb4dwx0h,efference,2,i44/p44,355368960,713.0
nb4dwx0h,efference,2,i44/p44,360038400,914.0
nb4dwx0h,efference,2,i44/p44,364953600,918.0
nb4dwx0h,efference,2,i44/p44,369623040,918.0
nb4dwx0h,efference,2,i44/p44,374538240,916.0
nb4dwx0h,efference,2,i44/p44,379207680,919.0
nb4dwx0h,efference,2,i44/p44,384122880,920.0
nb4dwx0h,efference,2,i44/p44,389038080,917.0
nb4dwx0h,efference,2,i44/p44,393707520,920.0
nb4dwx0h,efference,2,i44/p44,398622720,920.0
nb4dwx0h,efference,2,i44/p44,403292160,921.0
nb4dwx0h,efference,2,i44/p44,408207360,921.0
nb4dwx0h,efference,2,i44/p44,412876800,921.0
nb4dwx0h,efference,2,i44/p44,417792000,921.0
nb4dwx0h,efference,2,i44/p44,422461440,921.0
nb4dwx0h,efference,2,i44/p44,427376640,922.0
nb4dwx0h,efference,2,i44/p44,432046080,923.0
nb4dwx0h,efference,2,i44/p44,436961280,923.0
nb4dwx0h,efference,2,i44/p44,441630720,922.0
nb4dwx0h,efference,2,i44/p44,446545920,924.0
nb4dwx0h,efference,2,i44/p44,451215360,923.0
nb4dwx0h,efference,2,i44/p44,456130560,923.0
nb4dwx0h,efference,2,i44/p44,460800000,924.0
nb4dwx0h,efference,2,i44/p44,465715200,924.0
nb4dwx0h,efference,2,i44/p44,470630400,0.0
nb4dwx0h,efference,2,i44/p44,475299840,0.0
nb4dwx0h,efference,2,i44/p44,480215040,0.0
ypu5ec5r,efference,3,i42/p1234,4915200,0.0
ypu5ec5r,efference,3,i42/p1234,9830400,0.0
ypu5ec5r,efference,3,i42/p1234,14499840,0.0
ypu5ec5r,efference,3,i42/p1234,19415040,0.0
ypu5ec5r,efference,3,i42/p1234,24084480,0.0
ypu5ec5r,efference,3,i42/p1234,28999680,0.0
ypu5ec5r,efference,3,i42/p1234,33669120,0.0
ypu5ec5r,efference,3,i42/p1234,38584320,0.0
ypu5ec5r,efference,3,i42/p1234,43253760,0.0
ypu5ec5r,efference,3,i42/p1234,48168960,0.0
ypu5ec5r,efference,3,i42/p1234,52838400,0.0
ypu5ec5r,efference,3,i42/p1234,57753600,0.0
ypu5ec5r,efference,3,i42/p1234,62423040,0.0
ypu5ec5r,efference,3,i42/p1234,67338240,0.0
ypu5ec5r,efference,3,i42/p1234,72007680,0.0
ypu5ec5r,efference,3,i42/p1234,76922880,0.0
ypu5ec5r,efference,3,i42/p1234,81838080,0.0
ypu5ec5r,efference,3,i42/p1234,86507520,0.0
ypu5ec5r,efference,3,i42/p1234,91422720,0.0
ypu5ec5r,efference,3,i42/p1234,96092160,0.0
ypu5ec5r,efference,3,i42/p1234,101007360,0.0
ypu5ec5r,efference,3,i42/p1234,105676800,0.0
ypu5ec5r,efference,3,i42/p1234,110592000,0.0
ypu5ec5r,efference,3,i42/p1234,115261440,0.0
ypu5ec5r,efference,3,i42/p1234,120176640,0.0
ypu5ec5r,efference,3,i42/p1234,124846080,0.0
ypu5ec5r,efference,3,i42/p1234,129761280,0.0
ypu5ec5r,efference,3,i42/p1234,134430720,0.0
ypu5ec5r,efference,3,i42/p1234,139345920,0.0
ypu5ec5r,efference,3,i42/p1234,144015360,0.0
ypu5ec5r,efference,3,i42/p1234,148930560,0.0
ypu5ec5r,efference,3,i42/p1234,153600000,0.0
ypu5ec5r,efference,3,i42/p1234,158515200,0.0
ypu5ec5r,efference,3,i42/p1234,163430400,0.0
ypu5ec5r,efference,3,i42/p1234,168099840,0.0
ypu5ec5r,efference,3,i42/p1234,173015040,0.0
ypu5ec5r,efference,3,i42/p1234,177684480,0.0
ypu5ec5r,efference,3,i42/p1234,182599680,0.0
ypu5ec5r,efference,3,i42/p1234,187269120,0.0
ypu5ec5r,efference,3,i42/p1234,192184320,0.0
ypu5ec5r,efference,3,i42/p1234,196853760,0.0
ypu5ec5r,efference,3,i42/p1234,201768960,0.0
ypu5ec5r,efference,3,i42/p1234,206438400,0.0
ypu5ec5r,efference,3,i42/p1234,211353600,0.0
ypu5ec5r,efference,3,i42/p1234,216023040,0.0
ypu5ec5r,efference,3,i42/p1234,220938240,0.0
ypu5ec5r,efference,3,i42/p1234,225607680,0.0
ypu5ec5r,efference,3,i42/p1234,230522880,0.0
ypu5ec5r,efference,3,i42/p1234,235438080,0.0
ypu5ec5r,efference,3,i42/p1234,240107520,0.0
ypu5ec5r,efference,3,i42/p1234,245022720,0.0
ypu5ec5r,efference,3,i42/p1234,249692160,0.0
ypu5ec5r,efference,3,i42/p1234,254607360,0.0
ypu5ec5r,efference,3,i42/p1234,259276800,0.0
ypu5ec5r,efference,3,i42/p1234,264192000,0.0
ypu5ec5r,efference,3,i42/p1234,268861440,0.0
ypu5ec5r,efference,3,i42/p1234,273776640,0.0
ypu5ec5r,efference,3,i42/p1234,278446080,0.0
ypu5ec5r,efference,3,i42/p1234,283361280,0.0
ypu5ec5r,efference,3,i42/p1234,288030720,0.0
ypu5ec5r,efference,3,i42/p1234,292945920,0.0
ypu5ec5r,efference,3,i42/p1234,297615360,0.0
ypu5ec5r,efference,3,i42/p1234,302530560,0.0
ypu5ec5r,efference,3,i42/p1234,307200000,0.0
ypu5ec5r,efference,3,i42/p1234,312115200,82.0
ypu5ec5r,efference,3,i42/p1234,317030400,943.0
ypu5ec5r,efference,3,i42/p1234,321699840,946.0
ypu5ec5r,efference,3,i42/p1234,326615040,896.0
ypu5ec5r,efference,3,i42/p1234,331284480,944.0
ypu5ec5r,efference,3,i42/p1234,336199680,946.0
ypu5ec5r,efference,3,i42/p1234,340869120,946.0
ypu5ec5r,efference,3,i42/p1234,345784320,946.0
ypu5ec5r,efference,3,i42/p1234,350453760,0.0
ypu5ec5r,efference,3,i42/p1234,355368960,656.0
ypu5ec5r,efference,3,i42/p1234,360038400,888.0
ypu5ec5r,efference,3,i42/p1234,364953600,889.0
ypu5ec5r,efference,3,i42/p1234,369623040,891.0
ypu5ec5r,efference,3,i42/p1234,374538240,890.0
ypu5ec5r,efference,3,i42/p1234,379207680,890.0
ypu5ec5r,efference,3,i42/p1234,384122880,892.0
ypu5ec5r,efference,3,i42/p1234,389038080,892.0
ypu5ec5r,efference,3,i42/p1234,393707520,892.0
ypu5ec5r,efference,3,i42/p1234,398622720,893.0
ypu5ec5r,efference,3,i42/p1234,403292160,893.0
ypu5ec5r,efference,3,i42/p1234,408207360,894.0
ypu5ec5r,efference,3,i42/p1234,412876800,894.0
ypu5ec5r,efference,3,i42/p1234,417792000,895.0
ypu5ec5r,efference,3,i42/p1234,422461440,896.0
ypu5ec5r,efference,3,i42/p1234,427376640,897.0
ypu5ec5r,efference,3,i42/p1234,432046080,898.0
ypu5ec5r,efference,3,i42/p1234,436961280,899.0
ypu5ec5r,efference,3,i42/p1234,441630720,899.0
ypu5ec5r,efference,3,i42/p1234,446545920,899.0
ypu5ec5r,efference,3,i42/p1234,451215360,899.0
ypu5ec5r,efference,3,i42/p1234,456130560,900.0
ypu5ec5r,efference,3,i42/p1234,460800000,902.0
ypu5ec5r,efference,3,i42/p1234,465715200,902.0
ypu5ec5r,efference,3,i42/p1234,470630400,901.0
ypu5ec5r,efference,3,i42/p1234,475299840,903.0
ypu5ec5r,efference,3,i42/p1234,480215040,904.0
yibyxksl,efference,3,i43/p43,4915200,0.0
yibyxksl,efference,3,i43/p43,9830400,0.0
yibyxksl,efference,3,i43/p43,14499840,0.0
yibyxksl,efference,3,i43/p43,19415040,0.0
yibyxksl,efference,3,i43/p43,24084480,0.0
yibyxksl,efference,3,i43/p43,28999680,0.0
yibyxksl,efference,3,i43/p43,33669120,0.0
yibyxksl,efference,3,i43/p43,38584320,0.0
yibyxksl,efference,3,i43/p43,43253760,0.0
yibyxksl,efference,3,i43/p43,48168960,0.0
yibyxksl,efference,3,i43/p43,52838400,0.0
yibyxksl,efference,3,i43/p43,57753600,0.0
yibyxksl,efference,3,i43/p43,62423040,0.0
yibyxksl,efference,3,i43/p43,67338240,0.0
yibyxksl,efference,3,i43/p43,72007680,0.0
yibyxksl,efference,3,i43/p43,76922880,0.0
yibyxksl,efference,3,i43/p43,81838080,0.0
yibyxksl,efference,3,i43/p43,86507520,0.0
yibyxksl,efference,3,i43/p43,91422720,0.0
yibyxksl,efference,3,i43/p43,96092160,0.0
yibyxksl,efference,3,i43/p43,101007360,0.0
yibyxksl,efference,3,i43/p43,105676800,0.0
yibyxksl,efference,3,i43/p43,110592000,0.0
yibyxksl,efference,3,i43/p43,115261440,0.0
yibyxksl,efference,3,i43/p43,120176640,0.0
yibyxksl,efference,3,i43/p43,124846080,0.0
yibyxksl,efference,3,i43/p43,129761280,0.0
yibyxksl,efference,3,i43/p43,134430720,0.0
yibyxksl,efference,3,i43/p43,139345920,0.0
yibyxksl,efference,3,i43/p43,144015360,0.0
yibyxksl,efference,3,i43/p43,148930560,0.0
yibyxksl,efference,3,i43/p43,153600000,0.0
yibyxksl,efference,3,i43/p43,158515200,0.0
yibyxksl,efference,3,i43/p43,163430400,0.0
yibyxksl,efference,3,i43/p43,168099840,0.0
yibyxksl,efference,3,i43/p43,173015040,0.0
yibyxksl,efference,3,i43/p43,177684480,0.0
yibyxksl,efference,3,i43/p43,182599680,0.0
yibyxksl,efference,3,i43/p43,187269120,0.0
yibyxksl,efference,3,i43/p43,192184320,0.0
yibyxksl,efference,3,i43/p43,196853760,0.0
yibyxksl,efference,3,i43/p43,201768960,0.0
yibyxksl,efference,3,i43/p43,206438400,0.0
yibyxksl,efference,3,i43/p43,211353600,0.0
yibyxksl,efference,3,i43/p43,216023040,0.0
yibyxksl,efference,3,i43/p43,220938240,0.0
yibyxksl,efference,3,i43/p43,225607680,0.0
yibyxksl,efference,3,i43/p43,230522880,0.0
yibyxksl,efference,3,i43/p43,235438080,0.0
yibyxksl,efference,3,i43/p43,240107520,0.0
yibyxksl,efference,3,i43/p43,245022720,0.0
yibyxksl,efference,3,i43/p43,249692160,0.0
yibyxksl,efference,3,i43/p43,254607360,0.0
yibyxksl,efference,3,i43/p43,259276800,0.0
yibyxksl,efference,3,i43/p43,264192000,0.0
yibyxksl,efference,3,i43/p43,268861440,0.0
yibyxksl,efference,3,i43/p43,273776640,0.0
yibyxksl,efference,3,i43/p43,278446080,0.0
yibyxksl,efference,3,i43/p43,283361280,0.0
yibyxksl,efference,3,i43/p43,288030720,0.0
yibyxksl,efference,3,i43/p43,292945920,0.0
yibyxksl,efference,3,i43/p43,297615360,0.0
yibyxksl,efference,3,i43/p43,302530560,0.0
yibyxksl,efference,3,i43/p43,307200000,0.0
yibyxksl,efference,3,i43/p43,312115200,0.0
yibyxksl,efference,3,i43/p43,317030400,0.0
yibyxksl,efference,3,i43/p43,321699840,0.0
yibyxksl,efference,3,i43/p43,326615040,0.0
yibyxksl,efference,3,i43/p43,331284480,0.0
yibyxksl,efference,3,i43/p43,336199680,0.0
yibyxksl,efference,3,i43/p43,340869120,0.0
yibyxksl,efference,3,i43/p43,345784320,0.0
yibyxksl,efference,3,i43/p43,350453760,0.0
yibyxksl,efference,3,i43/p43,355368960,0.0
yibyxksl,efference,3,i43/p43,360038400,0.0
yibyxksl,efference,3,i43/p43,364953600,0.0
yibyxksl,efference,3,i43/p43,369623040,0.0
yibyxksl,efference,3,i43/p43,374538240,0.0
yibyxksl,efference,3,i43/p43,379207680,0.0
yibyxksl,efference,3,i43/p43,384122880,0.0
yibyxksl,efference,3,i43/p43,389038080,0.0
yibyxksl,efference,3,i43/p43,393707520,0.0
yibyxksl,efference,3,i43/p43,398622720,0.0
yibyxksl,efference,3,i43/p43,403292160,0.0
yibyxksl,efference,3,i43/p43,408207360,0.0
yibyxksl,efference,3,i43/p43,412876800,0.0
yibyxksl,efference,3,i43/p43,417792000,0.0
yibyxksl,efference,3,i43/p43,422461440,0.0
yibyxksl,efference,3,i43/p43,427376640,0.0
yibyxksl,efference,3,i43/p43,432046080,0.0
yibyxksl,efference,3,i43/p43,436961280,0.0
yibyxksl,efference,3,i43/p43,441630720,0.0
yibyxksl,efference,3,i43/p43,446545920,0.0
yibyxksl,efference,3,i43/p43,451215360,0.0
yibyxksl,efference,3,i43/p43,456130560,0.0
yibyxksl,efference,3,i43/p43,460800000,0.0
yibyxksl,efference,3,i43/p43,465715200,0.0
yibyxksl,efference,3,i43/p43,470630400,0.0
yibyxksl,efference,3,i43/p43,475299840,0.0
yibyxksl,efference,3,i43/p43,480215040,0.0
bjl45z1e,efference,3,i44/p44,4915200,0.0
bjl45z1e,efference,3,i44/p44,9830400,0.0
bjl45z1e,efference,3,i44/p44,14499840,0.0
bjl45z1e,efference,3,i44/p44,19415040,0.0
bjl45z1e,efference,3,i44/p44,24084480,0.0
bjl45z1e,efference,3,i44/p44,28999680,0.0
bjl45z1e,efference,3,i44/p44,33669120,0.0
bjl45z1e,efference,3,i44/p44,38584320,0.0
bjl45z1e,efference,3,i44/p44,43253760,0.0
bjl45z1e,efference,3,i44/p44,48168960,0.0
bjl45z1e,efference,3,i44/p44,52838400,0.0
bjl45z1e,efference,3,i44/p44,57753600,0.0
bjl45z1e,efference,3,i44/p44,62423040,0.0
bjl45z1e,efference,3,i44/p44,67338240,0.0
bjl45z1e,efference,3,i44/p44,72007680,0.0
bjl45z1e,efference,3,i44/p44,76922880,0.0
bjl45z1e,efference,3,i44/p44,81838080,0.0
bjl45z1e,efference,3,i44/p44,86507520,0.0
bjl45z1e,efference,3,i44/p44,91422720,0.0
bjl45z1e,efference,3,i44/p44,96092160,0.0
bjl45z1e,efference,3,i44/p44,101007360,0.0
bjl45z1e,efference,3,i44/p44,105676800,0.0
bjl45z1e,efference,3,i44/p44,110592000,0.0
bjl45z1e,efference,3,i44/p44,115261440,0.0
bjl45z1e,efference,3,i44/p44,120176640,0.0
bjl45z1e,efference,3,i44/p44,124846080,0.0
bjl45z1e,efference,3,i44/p44,129761280,0.0
bjl45z1e,efference,3,i44/p44,134430720,0.0
bjl45z1e,efference,3,i44/p44,139345920,0.0
bjl45z1e,efference,3,i44/p44,144015360,0.0
bjl45z1e,efference,3,i44/p44,148930560,0.0
bjl45z1e,efference,3,i44/p44,153600000,0.0
bjl45z1e,efference,3,i44/p44,158515200,0.0
bjl45z1e,efference,3,i44/p44,163430400,0.0
bjl45z1e,efference,3,i44/p44,168099840,0.0
bjl45z1e,efference,3,i44/p44,173015040,0.0
bjl45z1e,efference,3,i44/p44,177684480,0.0
bjl45z1e,efference,3,i44/p44,182599680,0.0
bjl45z1e,efference,3,i44/p44,187269120,0.0
bjl45z1e,efference,3,i44/p44,192184320,0.0
bjl45z1e,efference,3,i44/p44,196853760,0.0
bjl45z1e,efference,3,i44/p44,201768960,0.0
bjl45z1e,efference,3,i44/p44,206438400,0.0
bjl45z1e,efference,3,i44/p44,211353600,0.0
bjl45z1e,efference,3,i44/p44,216023040,0.0
bjl45z1e,efference,3,i44/p44,220938240,0.0
bjl45z1e,efference,3,i44/p44,225607680,0.0
bjl45z1e,efference,3,i44/p44,230522880,0.0
bjl45z1e,efference,3,i44/p44,235438080,0.0
bjl45z1e,efference,3,i44/p44,240107520,0.0
bjl45z1e,efference,3,i44/p44,245022720,0.0
bjl45z1e,efference,3,i44/p44,249692160,0.0
bjl45z1e,efference,3,i44/p44,254607360,0.0
bjl45z1e,efference,3,i44/p44,259276800,0.0
bjl45z1e,efference,3,i44/p44,264192000,0.0
bjl45z1e,efference,3,i44/p44,268861440,0.0
bjl45z1e,efference,3,i44/p44,273776640,0.0
bjl45z1e,efference,3,i44/p44,278446080,0.0
bjl45z1e,efference,3,i44/p44,283361280,0.0
bjl45z1e,efference,3,i44/p44,288030720,0.0
bjl45z1e,efference,3,i44/p44,292945920,0.0
bjl45z1e,efference,3,i44/p44,297615360,0.0
bjl45z1e,efference,3,i44/p44,302530560,0.0
bjl45z1e,efference,3,i44/p44,307200000,0.0
bjl45z1e,efference,3,i44/p44,312115200,0.0
bjl45z1e,efference,3,i44/p44,317030400,680.0
bjl45z1e,efference,3,i44/p44,321699840,909.0
bjl45z1e,efference,3,i44/p44,326615040,924.0
bjl45z1e,efference,3,i44/p44,331284480,931.0
bjl45z1e,efference,3,i44/p44,336199680,932.0
bjl45z1e,efference,3,i44/p44,340869120,933.0
bjl45z1e,efference,3,i44/p44,345784320,933.0
bjl45z1e,efference,3,i44/p44,350453760,933.0
bjl45z1e,efference,3,i44/p44,355368960,934.0
bjl45z1e,efference,3,i44/p44,360038400,937.0
bjl45z1e,efference,3,i44/p44,364953600,937.0
bjl45z1e,efference,3,i44/p44,369623040,938.0
bjl45z1e,efference,3,i44/p44,374538240,939.0
bjl45z1e,efference,3,i44/p44,379207680,939.0
bjl45z1e,efference,3,i44/p44,384122880,939.0
bjl45z1e,efference,3,i44/p44,389038080,940.0
bjl45z1e,efference,3,i44/p44,393707520,941.0
bjl45z1e,efference,3,i44/p44,398622720,942.0
bjl45z1e,efference,3,i44/p44,403292160,943.0
bjl45z1e,efference,3,i44/p44,408207360,944.0
bjl45z1e,efference,3,i44/p44,412876800,944.0
bjl45z1e,efference,3,i44/p44,417792000,945.0
bjl45z1e,efference,3,i44/p44,422461440,945.0
bjl45z1e,efference,3,i44/p44,427376640,945.0
bjl45z1e,efference,3,i44/p44,432046080,945.0
bjl45z1e,efference,3,i44/p44,436961280,944.0
bjl45z1e,efference,3,i44/p44,441630720,945.0
bjl45z1e,efference,3,i44/p44,446545920,945.0
bjl45z1e,efference,3,i44/p44,451215360,946.0
bjl45z1e,efference,3,i44/p44,456130560,946.0
bjl45z1e,efference,3,i44/p44,460800000,946.0
bjl45z1e,efference,3,i44/p44,465715200,946.0
bjl45z1e,efference,3,i44/p44,470630400,947.0
bjl45z1e,efference,3,i44/p44,475299840,947.0
bjl45z1e,efference,3,i44/p44,480215040,947.0
wgqrnyx7,efference,5,i42/p1234,4915200,0.0
wgqrnyx7,efference,5,i42/p1234,9830400,0.0
wgqrnyx7,efference,5,i42/p1234,14499840,0.0
wgqrnyx7,efference,5,i42/p1234,19415040,0.0
wgqrnyx7,efference,5,i42/p1234,24084480,0.0
wgqrnyx7,efference,5,i42/p1234,28999680,0.0
wgqrnyx7,efference,5,i42/p1234,33669120,0.0
wgqrnyx7,efference,5,i42/p1234,38584320,0.0
wgqrnyx7,efference,5,i42/p1234,43253760,0.0
wgqrnyx7,efference,5,i42/p1234,48168960,0.0
wgqrnyx7,efference,5,i42/p1234,52838400,0.0
wgqrnyx7,efference,5,i42/p1234,57753600,0.0
wgqrnyx7,efference,5,i42/p1234,62423040,0.0
wgqrnyx7,efference,5,i42/p1234,67338240,0.0
wgqrnyx7,efference,5,i42/p1234,72007680,0.0
wgqrnyx7,efference,5,i42/p1234,76922880,0.0
wgqrnyx7,efference,5,i42/p1234,81838080,0.0
wgqrnyx7,efference,5,i42/p1234,86507520,0.0
wgqrnyx7,efference,5,i42/p1234,91422720,0.0
wgqrnyx7,efference,5,i42/p1234,96092160,0.0
wgqrnyx7,efference,5,i42/p1234,101007360,0.0
wgqrnyx7,efference,5,i42/p1234,105676800,0.0
wgqrnyx7,efference,5,i42/p1234,110592000,0.0
wgqrnyx7,efference,5,i42/p1234,115261440,0.0
wgqrnyx7,efference,5,i42/p1234,120176640,0.0
wgqrnyx7,efference,5,i42/p1234,124846080,0.0
wgqrnyx7,efference,5,i42/p1234,129761280,0.0
wgqrnyx7,efference,5,i42/p1234,134430720,0.0
wgqrnyx7,efference,5,i42/p1234,139345920,0.0
wgqrnyx7,efference,5,i42/p1234,144015360,0.0
wgqrnyx7,efference,5,i42/p1234,148930560,0.0
wgqrnyx7,efference,5,i42/p1234,153600000,0.0
wgqrnyx7,efference,5,i42/p1234,158515200,0.0
wgqrnyx7,efference,5,i42/p1234,163430400,725.0
wgqrnyx7,efference,5,i42/p1234,168099840,886.0
wgqrnyx7,efference,5,i42/p1234,173015040,911.0
wgqrnyx7,efference,5,i42/p1234,177684480,925.0
wgqrnyx7,efference,5,i42/p1234,182599680,935.0
wgqrnyx7,efference,5,i42/p1234,187269120,0.0
wgqrnyx7,efference,5,i42/p1234,192184320,939.0
wgqrnyx7,efference,5,i42/p1234,196853760,945.0
wgqrnyx7,efference,5,i42/p1234,201768960,948.0
wgqrnyx7,efference,5,i42/p1234,206438400,950.0
wgqrnyx7,efference,5,i42/p1234,211353600,952.0
wgqrnyx7,efference,5,i42/p1234,216023040,952.0
wgqrnyx7,efference,5,i42/p1234,220938240,952.0
wgqrnyx7,efference,5,i42/p1234,225607680,953.0
wgqrnyx7,efference,5,i42/p1234,230522880,802.0
wgqrnyx7,efference,5,i42/p1234,235438080,951.0
wgqrnyx7,efference,5,i42/p1234,240107520,952.0
wgqrnyx7,efference,5,i42/p1234,245022720,0.0
wgqrnyx7,efference,5,i42/p1234,249692160,0.0
wgqrnyx7,efference,5,i42/p1234,254607360,0.0
wgqrnyx7,efference,5,i42/p1234,259276800,0.0
wgqrnyx7,efference,5,i42/p1234,264192000,0.0
wgqrnyx7,efference,5,i42/p1234,268861440,848.0
wgqrnyx7,efference,5,i42/p1234,273776640,579.0
wgqrnyx7,efference,5,i42/p1234,278446080,894.0
wgqrnyx7,efference,5,i42/p1234,283361280,898.0
wgqrnyx7,efference,5,i42/p1234,288030720,898.0
wgqrnyx7,efference,5,i42/p1234,292945920,899.0
wgqrnyx7,efference,5,i42/p1234,297615360,902.0
wgqrnyx7,efference,5,i42/p1234,302530560,902.0
wgqrnyx7,efference,5,i42/p1234,307200000,902.0
wgqrnyx7,efference,5,i42/p1234,312115200,903.0
wgqrnyx7,efference,5,i42/p1234,317030400,904.0
wgqrnyx7,efference,5,i42/p1234,321699840,905.0
wgqrnyx7,efference,5,i42/p1234,326615040,905.0
wgqrnyx7,efference,5,i42/p1234,331284480,907.0
wgqrnyx7,efference,5,i42/p1234,336199680,909.0
wgqrnyx7,efference,5,i42/p1234,340869120,909.0
wgqrnyx7,efference,5,i42/p1234,345784320,911.0
wgqrnyx7,efference,5,i42/p1234,350453760,911.0
wgqrnyx7,efference,5,i42/p1234,355368960,912.0
wgqrnyx7,efference,5,i42/p1234,360038400,914.0
wgqrnyx7,efference,5,i42/p1234,364953600,913.0
wgqrnyx7,efference,5,i42/p1234,369623040,913.0
wgqrnyx7,efference,5,i42/p1234,374538240,915.0
wgqrnyx7,efference,5,i42/p1234,379207680,915.0
wgqrnyx7,efference,5,i42/p1234,384122880,916.0
wgqrnyx7,efference,5,i42/p1234,389038080,916.0
wgqrnyx7,efference,5,i42/p1234,393707520,917.0
wgqrnyx7,efference,5,i42/p1234,398622720,918.0
wgqrnyx7,efference,5,i42/p1234,403292160,916.0
wgqrnyx7,efference,5,i42/p1234,408207360,918.0
wgqrnyx7,efference,5,i42/p1234,412876800,919.0
wgqrnyx7,efference,5,i42/p1234,417792000,919.0
wgqrnyx7,efference,5,i42/p1234,422461440,919.0
wgqrnyx7,efference,5,i42/p1234,427376640,920.0
wgqrnyx7,efference,5,i42/p1234,432046080,921.0
wgqrnyx7,efference,5,i42/p1234,436961280,921.0
wgqrnyx7,efference,5,i42/p1234,441630720,922.0
wgqrnyx7,efference,5,i42/p1234,446545920,922.0
wgqrnyx7,efference,5,i42/p1234,451215360,922.0
wgqrnyx7,efference,5,i42/p1234,456130560,923.0
wgqrnyx7,efference,5,i42/p1234,460800000,923.0
wgqrnyx7,efference,5,i42/p1234,465715200,923.0
wgqrnyx7,efference,5,i42/p1234,470630400,0.0
wgqrnyx7,efference,5,i42/p1234,475299840,835.0
wgqrnyx7,efference,5,i42/p1234,480215040,908.0
s5t59w0f,efference,5,i43/p43,4915200,0.0
s5t59w0f,efference,5,i43/p43,9830400,0.0
s5t59w0f,efference,5,i43/p43,14499840,0.0
s5t59w0f,efference,5,i43/p43,19415040,0.0
s5t59w0f,efference,5,i43/p43,24084480,0.0
s5t59w0f,efference,5,i43/p43,28999680,0.0
s5t59w0f,efference,5,i43/p43,33669120,0.0
s5t59w0f,efference,5,i43/p43,38584320,0.0
s5t59w0f,efference,5,i43/p43,43253760,0.0
s5t59w0f,efference,5,i43/p43,48168960,0.0
s5t59w0f,efference,5,i43/p43,52838400,0.0
s5t59w0f,efference,5,i43/p43,57753600,0.0
s5t59w0f,efference,5,i43/p43,62423040,0.0
s5t59w0f,efference,5,i43/p43,67338240,0.0
s5t59w0f,efference,5,i43/p43,72007680,0.0
s5t59w0f,efference,5,i43/p43,76922880,0.0
s5t59w0f,efference,5,i43/p43,81838080,0.0
s5t59w0f,efference,5,i43/p43,86507520,0.0
s5t59w0f,efference,5,i43/p43,91422720,0.0
s5t59w0f,efference,5,i43/p43,96092160,0.0
s5t59w0f,efference,5,i43/p43,101007360,0.0
s5t59w0f,efference,5,i43/p43,105676800,0.0
s5t59w0f,efference,5,i43/p43,110592000,0.0
s5t59w0f,efference,5,i43/p43,115261440,0.0
s5t59w0f,efference,5,i43/p43,120176640,0.0
s5t59w0f,efference,5,i43/p43,124846080,394.0
s5t59w0f,efference,5,i43/p43,129761280,730.0
s5t59w0f,efference,5,i43/p43,134430720,920.0
s5t59w0f,efference,5,i43/p43,139345920,919.0
s5t59w0f,efference,5,i43/p43,144015360,923.0
s5t59w0f,efference,5,i43/p43,148930560,925.0
s5t59w0f,efference,5,i43/p43,153600000,926.0
s5t59w0f,efference,5,i43/p43,158515200,929.0
s5t59w0f,efference,5,i43/p43,163430400,931.0
s5t59w0f,efference,5,i43/p43,168099840,932.0
s5t59w0f,efference,5,i43/p43,173015040,931.0
s5t59w0f,efference,5,i43/p43,177684480,931.0
s5t59w0f,efference,5,i43/p43,182599680,931.0
s5t59w0f,efference,5,i43/p43,187269120,931.0
s5t59w0f,efference,5,i43/p43,192184320,931.0
s5t59w0f,efference,5,i43/p43,196853760,931.0
s5t59w0f,efference,5,i43/p43,201768960,931.0
s5t59w0f,efference,5,i43/p43,206438400,931.0
s5t59w0f,efference,5,i43/p43,211353600,933.0
s5t59w0f,efference,5,i43/p43,216023040,933.0
s5t59w0f,efference,5,i43/p43,220938240,935.0
s5t59w0f,efference,5,i43/p43,225607680,935.0
s5t59w0f,efference,5,i43/p43,230522880,937.0
s5t59w0f,efference,5,i43/p43,235438080,938.0
s5t59w0f,efference,5,i43/p43,240107520,938.0
s5t59w0f,efference,5,i43/p43,245022720,939.0
s5t59w0f,efference,5,i43/p43,249692160,939.0
s5t59w0f,efference,5,i43/p43,254607360,940.0
s5t59w0f,efference,5,i43/p43,259276800,940.0
s5t59w0f,efference,5,i43/p43,264192000,941.0
s5t59w0f,efference,5,i43/p43,268861440,942.0
s5t59w0f,efference,5,i43/p43,273776640,944.0
s5t59w0f,efference,5,i43/p43,278446080,945.0
s5t59w0f,efference,5,i43/p43,283361280,813.0
s5t59w0f,efference,5,i43/p43,288030720,944.0
s5t59w0f,efference,5,i43/p43,292945920,946.0
s5t59w0f,efference,5,i43/p43,297615360,946.0
s5t59w0f,efference,5,i43/p43,302530560,946.0
s5t59w0f,efference,5,i43/p43,307200000,0.0
s5t59w0f,efference,5,i43/p43,312115200,280.0
s5t59w0f,efference,5,i43/p43,317030400,928.0
s5t59w0f,efference,5,i43/p43,321699840,913.0
s5t59w0f,efference,5,i43/p43,326615040,941.0
s5t59w0f,efference,5,i43/p43,331284480,946.0
s5t59w0f,efference,5,i43/p43,336199680,946.0
s5t59w0f,efference,5,i43/p43,340869120,946.0
s5t59w0f,efference,5,i43/p43,345784320,947.0
s5t59w0f,efference,5,i43/p43,350453760,945.0
s5t59w0f,efference,5,i43/p43,355368960,947.0
s5t59w0f,efference,5,i43/p43,360038400,857.0
s5t59w0f,efference,5,i43/p43,364953600,852.0
s5t59w0f,efference,5,i43/p43,369623040,947.0
s5t59w0f,efference,5,i43/p43,374538240,947.0
s5t59w0f,efference,5,i43/p43,379207680,0.0
s5t59w0f,efference,5,i43/p43,384122880,0.0
s5t59w0f,efference,5,i43/p43,389038080,0.0
s5t59w0f,efference,5,i43/p43,393707520,0.0
s5t59w0f,efference,5,i43/p43,398622720,0.0
s5t59w0f,efference,5,i43/p43,403292160,0.0
s5t59w0f,efference,5,i43/p43,408207360,0.0
s5t59w0f,efference,5,i43/p43,412876800,0.0
s5t59w0f,efference,5,i43/p43,417792000,942.0
s5t59w0f,efference,5,i43/p43,422461440,944.0
s5t59w0f,efference,5,i43/p43,427376640,944.0
s5t59w0f,efference,5,i43/p43,432046080,944.0
s5t59w0f,efference,5,i43/p43,436961280,944.0
s5t59w0f,efference,5,i43/p43,441630720,944.0
s5t59w0f,efference,5,i43/p43,446545920,945.0
s5t59w0f,efference,5,i43/p43,451215360,945.0
s5t59w0f,efference,5,i43/p43,456130560,946.0
s5t59w0f,efference,5,i43/p43,460800000,868.0
s5t59w0f,efference,5,i43/p43,465715200,879.0
s5t59w0f,efference,5,i43/p43,470630400,880.0
s5t59w0f,efference,5,i43/p43,475299840,881.0
s5t59w0f,efference,5,i43/p43,480215040,769.0
vzh4ukro,efference,5,i44/p44,4915200,0.0
vzh4ukro,efference,5,i44/p44,9830400,0.0
vzh4ukro,efference,5,i44/p44,14499840,0.0
vzh4ukro,efference,5,i44/p44,19415040,0.0
vzh4ukro,efference,5,i44/p44,24084480,0.0
vzh4ukro,efference,5,i44/p44,28999680,0.0
vzh4ukro,efference,5,i44/p44,33669120,0.0
vzh4ukro,efference,5,i44/p44,38584320,0.0
vzh4ukro,efference,5,i44/p44,43253760,0.0
vzh4ukro,efference,5,i44/p44,48168960,0.0
vzh4ukro,efference,5,i44/p44,52838400,0.0
vzh4ukro,efference,5,i44/p44,57753600,0.0
vzh4ukro,efference,5,i44/p44,62423040,0.0
vzh4ukro,efference,5,i44/p44,67338240,0.0
vzh4ukro,efference,5,i44/p44,72007680,0.0
vzh4ukro,efference,5,i44/p44,76922880,0.0
vzh4ukro,efference,5,i44/p44,81838080,0.0
vzh4ukro,efference,5,i44/p44,86507520,0.0
vzh4ukro,efference,5,i44/p44,91422720,0.0
vzh4ukro,efference,5,i44/p44,96092160,0.0
vzh4ukro,efference,5,i44/p44,101007360,0.0
vzh4ukro,efference,5,i44/p44,105676800,0.0
vzh4ukro,efference,5,i44/p44,110592000,0.0
vzh4ukro,efference,5,i44/p44,115261440,0.0
vzh4ukro,efference,5,i44/p44,120176640,0.0
vzh4ukro,efference,5,i44/p44,124846080,0.0
vzh4ukro,efference,5,i44/p44,129761280,0.0
vzh4ukro,efference,5,i44/p44,134430720,0.0
vzh4ukro,efference,5,i44/p44,139345920,0.0
vzh4ukro,efference,5,i44/p44,144015360,0.0
vzh4ukro,efference,5,i44/p44,148930560,0.0
vzh4ukro,efference,5,i44/p44,153600000,0.0
vzh4ukro,efference,5,i44/p44,158515200,0.0
vzh4ukro,efference,5,i44/p44,163430400,0.0
vzh4ukro,efference,5,i44/p44,168099840,0.0
vzh4ukro,efference,5,i44/p44,173015040,0.0
vzh4ukro,efference,5,i44/p44,177684480,0.0
vzh4ukro,efference,5,i44/p44,182599680,0.0
vzh4ukro,efference,5,i44/p44,187269120,0.0
vzh4ukro,efference,5,i44/p44,192184320,0.0
vzh4ukro,efference,5,i44/p44,196853760,0.0
vzh4ukro,efference,5,i44/p44,201768960,0.0
vzh4ukro,efference,5,i44/p44,206438400,0.0
vzh4ukro,efference,5,i44/p44,211353600,866.0
vzh4ukro,efference,5,i44/p44,216023040,0.0
vzh4ukro,efference,5,i44/p44,220938240,865.0
vzh4ukro,efference,5,i44/p44,225607680,880.0
vzh4ukro,efference,5,i44/p44,230522880,884.0
vzh4ukro,efference,5,i44/p44,235438080,884.0
vzh4ukro,efference,5,i44/p44,240107520,886.0
vzh4ukro,efference,5,i44/p44,245022720,886.0
vzh4ukro,efference,5,i44/p44,249692160,887.0
vzh4ukro,efference,5,i44/p44,254607360,888.0
vzh4ukro,efference,5,i44/p44,259276800,887.0
vzh4ukro,efference,5,i44/p44,264192000,889.0
vzh4ukro,efference,5,i44/p44,268861440,875.0
vzh4ukro,efference,5,i44/p44,273776640,881.0
vzh4ukro,efference,5,i44/p44,278446080,884.0
vzh4ukro,efference,5,i44/p44,283361280,884.0
vzh4ukro,efference,5,i44/p44,288030720,884.0
vzh4ukro,efference,5,i44/p44,292945920,885.0
vzh4ukro,efference,5,i44/p44,297615360,885.0
vzh4ukro,efference,5,i44/p44,302530560,885.0
vzh4ukro,efference,5,i44/p44,307200000,886.0
vzh4ukro,efference,5,i44/p44,312115200,886.0
vzh4ukro,efference,5,i44/p44,317030400,886.0
vzh4ukro,efference,5,i44/p44,321699840,886.0
vzh4ukro,efference,5,i44/p44,326615040,887.0
vzh4ukro,efference,5,i44/p44,331284480,887.0
vzh4ukro,efference,5,i44/p44,336199680,888.0
vzh4ukro,efference,5,i44/p44,340869120,888.0
vzh4ukro,efference,5,i44/p44,345784320,888.0
vzh4ukro,efference,5,i44/p44,350453760,888.0
vzh4ukro,efference,5,i44/p44,355368960,889.0
vzh4ukro,efference,5,i44/p44,360038400,888.0
vzh4ukro,efference,5,i44/p44,364953600,889.0
vzh4ukro,efference,5,i44/p44,369623040,885.0
vzh4ukro,efference,5,i44/p44,374538240,889.0
vzh4ukro,efference,5,i44/p44,379207680,888.0
vzh4ukro,efference,5,i44/p44,384122880,889.0
vzh4ukro,efference,5,i44/p44,389038080,889.0
vzh4ukro,efference,5,i44/p44,393707520,889.0
vzh4ukro,efference,5,i44/p44,398622720,889.0
vzh4ukro,efference,5,i44/p44,403292160,889.0
vzh4ukro,efference,5,i44/p44,408207360,889.0
vzh4ukro,efference,5,i44/p44,412876800,889.0
vzh4ukro,efference,5,i44/p44,417792000,889.0
vzh4ukro,efference,5,i44/p44,422461440,888.0
vzh4ukro,efference,5,i44/p44,427376640,889.0
vzh4ukro,efference,5,i44/p44,432046080,889.0
vzh4ukro,efference,5,i44/p44,436961280,889.0
vzh4ukro,efference,5,i44/p44,441630720,889.0
vzh4ukro,efference,5,i44/p44,446545920,891.0
vzh4ukro,efference,5,i44/p44,451215360,891.0
vzh4ukro,efference,5,i44/p44,456130560,891.0
vzh4ukro,efference,5,i44/p44,460800000,891.0
vzh4ukro,efference,5,i44/p44,465715200,891.0
vzh4ukro,efference,5,i44/p44,470630400,891.0
vzh4ukro,efference,5,i44/p44,475299840,890.0
vzh4ukro,efference,5,i44/p44,480215040,891.0
kfhdm10n,efference,7,i42/p1234,4915200,0.0
kfhdm10n,efference,7,i42/p1234,9830400,0.0
kfhdm10n,efference,7,i42/p1234,14499840,0.0
kfhdm10n,efference,7,i42/p1234,19415040,0.0
kfhdm10n,efference,7,i42/p1234,24084480,0.0
kfhdm10n,efference,7,i42/p1234,28999680,0.0
kfhdm10n,efference,7,i42/p1234,33669120,0.0
kfhdm10n,efference,7,i42/p1234,38584320,0.0
kfhdm10n,efference,7,i42/p1234,43253760,0.0
kfhdm10n,efference,7,i42/p1234,48168960,0.0
kfhdm10n,efference,7,i42/p1234,52838400,0.0
kfhdm10n,efference,7,i42/p1234,57753600,0.0
kfhdm10n,efference,7,i42/p1234,62423040,0.0
kfhdm10n,efference,7,i42/p1234,67338240,0.0
kfhdm10n,efference,7,i42/p1234,72007680,0.0
kfhdm10n,efference,7,i42/p1234,76922880,0.0
kfhdm10n,efference,7,i42/p1234,81838080,674.0
kfhdm10n,efference,7,i42/p1234,86507520,897.0
kfhdm10n,efference,7,i42/p1234,91422720,908.0
kfhdm10n,efference,7,i42/p1234,96092160,913.0
kfhdm10n,efference,7,i42/p1234,101007360,916.0
kfhdm10n,efference,7,i42/p1234,105676800,0.0
kfhdm10n,efference,7,i42/p1234,110592000,0.0
kfhdm10n,efference,7,i42/p1234,115261440,0.0
kfhdm10n,efference,7,i42/p1234,120176640,0.0
kfhdm10n,efference,7,i42/p1234,124846080,0.0
kfhdm10n,efference,7,i42/p1234,129761280,0.0
kfhdm10n,efference,7,i42/p1234,134430720,0.0
kfhdm10n,efference,7,i42/p1234,139345920,0.0
kfhdm10n,efference,7,i42/p1234,144015360,0.0
kfhdm10n,efference,7,i42/p1234,148930560,0.0
kfhdm10n,efference,7,i42/p1234,153600000,0.0
kfhdm10n,efference,7,i42/p1234,158515200,0.0
kfhdm10n,efference,7,i42/p1234,163430400,0.0
kfhdm10n,efference,7,i42/p1234,168099840,0.0
kfhdm10n,efference,7,i42/p1234,173015040,0.0
kfhdm10n,efference,7,i42/p1234,177684480,0.0
kfhdm10n,efference,7,i42/p1234,182599680,0.0
kfhdm10n,efference,7,i42/p1234,187269120,0.0
kfhdm10n,efference,7,i42/p1234,192184320,0.0
kfhdm10n,efference,7,i42/p1234,196853760,0.0
kfhdm10n,efference,7,i42/p1234,201768960,0.0
kfhdm10n,efference,7,i42/p1234,206438400,0.0
kfhdm10n,efference,7,i42/p1234,211353600,0.0
kfhdm10n,efference,7,i42/p1234,216023040,0.0
kfhdm10n,efference,7,i42/p1234,220938240,0.0
kfhdm10n,efference,7,i42/p1234,225607680,0.0
kfhdm10n,efference,7,i42/p1234,230522880,0.0
kfhdm10n,efference,7,i42/p1234,235438080,0.0
kfhdm10n,efference,7,i42/p1234,240107520,0.0
kfhdm10n,efference,7,i42/p1234,245022720,0.0
kfhdm10n,efference,7,i42/p1234,249692160,0.0
kfhdm10n,efference,7,i42/p1234,254607360,0.0
kfhdm10n,efference,7,i42/p1234,259276800,0.0
kfhdm10n,efference,7,i42/p1234,264192000,0.0
kfhdm10n,efference,7,i42/p1234,268861440,0.0
kfhdm10n,efference,7,i42/p1234,273776640,0.0
kfhdm10n,efference,7,i42/p1234,278446080,0.0
kfhdm10n,efference,7,i42/p1234,283361280,0.0
kfhdm10n,efference,7,i42/p1234,288030720,0.0
kfhdm10n,efference,7,i42/p1234,292945920,0.0
kfhdm10n,efference,7,i42/p1234,297615360,0.0
kfhdm10n,efference,7,i42/p1234,302530560,0.0
kfhdm10n,efference,7,i42/p1234,307200000,0.0
kfhdm10n,efference,7,i42/p1234,312115200,0.0
kfhdm10n,efference,7,i42/p1234,317030400,0.0
kfhdm10n,efference,7,i42/p1234,321699840,0.0
kfhdm10n,efference,7,i42/p1234,326615040,0.0
kfhdm10n,efference,7,i42/p1234,331284480,0.0
kfhdm10n,efference,7,i42/p1234,336199680,0.0
kfhdm10n,efference,7,i42/p1234,340869120,0.0
kfhdm10n,efference,7,i42/p1234,345784320,0.0
kfhdm10n,efference,7,i42/p1234,350453760,0.0
kfhdm10n,efference,7,i42/p1234,355368960,0.0
kfhdm10n,efference,7,i42/p1234,360038400,0.0
kfhdm10n,efference,7,i42/p1234,364953600,0.0
kfhdm10n,efference,7,i42/p1234,369623040,0.0
kfhdm10n,efference,7,i42/p1234,374538240,0.0
kfhdm10n,efference,7,i42/p1234,379207680,0.0
kfhdm10n,efference,7,i42/p1234,384122880,0.0
kfhdm10n,efference,7,i42/p1234,389038080,0.0
kfhdm10n,efference,7,i42/p1234,393707520,0.0
kfhdm10n,efference,7,i42/p1234,398622720,0.0
kfhdm10n,efference,7,i42/p1234,403292160,0.0
kfhdm10n,efference,7,i42/p1234,408207360,0.0
kfhdm10n,efference,7,i42/p1234,412876800,0.0
kfhdm10n,efference,7,i42/p1234,417792000,0.0
kfhdm10n,efference,7,i42/p1234,422461440,0.0
kfhdm10n,efference,7,i42/p1234,427376640,0.0
kfhdm10n,efference,7,i42/p1234,432046080,0.0
kfhdm10n,efference,7,i42/p1234,436961280,0.0
kfhdm10n,efference,7,i42/p1234,441630720,0.0
kfhdm10n,efference,7,i42/p1234,446545920,0.0
kfhdm10n,efference,7,i42/p1234,451215360,0.0
kfhdm10n,efference,7,i42/p1234,456130560,0.0
kfhdm10n,efference,7,i42/p1234,460800000,0.0
kfhdm10n,efference,7,i42/p1234,465715200,0.0
kfhdm10n,efference,7,i42/p1234,470630400,0.0
kfhdm10n,efference,7,i42/p1234,475299840,0.0
kfhdm10n,efference,7,i42/p1234,480215040,0.0
abnughsj,efference,7,i43/p43,4915200,0.0
abnughsj,efference,7,i43/p43,9830400,0.0
abnughsj,efference,7,i43/p43,14499840,0.0
abnughsj,efference,7,i43/p43,19415040,0.0
abnughsj,efference,7,i43/p43,24084480,0.0
abnughsj,efference,7,i43/p43,28999680,0.0
abnughsj,efference,7,i43/p43,33669120,0.0
abnughsj,efference,7,i43/p43,38584320,0.0
abnughsj,efference,7,i43/p43,43253760,0.0
abnughsj,efference,7,i43/p43,48168960,0.0
abnughsj,efference,7,i43/p43,52838400,0.0
abnughsj,efference,7,i43/p43,57753600,0.0
abnughsj,efference,7,i43/p43,62423040,0.0
abnughsj,efference,7,i43/p43,67338240,0.0
abnughsj,efference,7,i43/p43,72007680,0.0
abnughsj,efference,7,i43/p43,76922880,0.0
abnughsj,efference,7,i43/p43,81838080,0.0
abnughsj,efference,7,i43/p43,86507520,0.0
abnughsj,efference,7,i43/p43,91422720,0.0
abnughsj,efference,7,i43/p43,96092160,0.0
abnughsj,efference,7,i43/p43,101007360,0.0
abnughsj,efference,7,i43/p43,105676800,0.0
abnughsj,efference,7,i43/p43,110592000,0.0
abnughsj,efference,7,i43/p43,115261440,0.0
abnughsj,efference,7,i43/p43,120176640,0.0
abnughsj,efference,7,i43/p43,124846080,0.0
abnughsj,efference,7,i43/p43,129761280,0.0
abnughsj,efference,7,i43/p43,134430720,0.0
abnughsj,efference,7,i43/p43,139345920,0.0
abnughsj,efference,7,i43/p43,144015360,0.0
abnughsj,efference,7,i43/p43,148930560,0.0
abnughsj,efference,7,i43/p43,153600000,0.0
abnughsj,efference,7,i43/p43,158515200,0.0
abnughsj,efference,7,i43/p43,163430400,0.0
abnughsj,efference,7,i43/p43,168099840,0.0
abnughsj,efference,7,i43/p43,173015040,0.0
abnughsj,efference,7,i43/p43,177684480,0.0
abnughsj,efference,7,i43/p43,182599680,0.0
abnughsj,efference,7,i43/p43,187269120,0.0
abnughsj,efference,7,i43/p43,192184320,0.0
abnughsj,efference,7,i43/p43,196853760,0.0
abnughsj,efference,7,i43/p43,201768960,0.0
abnughsj,efference,7,i43/p43,206438400,0.0
abnughsj,efference,7,i43/p43,211353600,0.0
abnughsj,efference,7,i43/p43,216023040,0.0
abnughsj,efference,7,i43/p43,220938240,0.0
abnughsj,efference,7,i43/p43,225607680,0.0
abnughsj,efference,7,i43/p43,230522880,0.0
abnughsj,efference,7,i43/p43,235438080,0.0
abnughsj,efference,7,i43/p43,240107520,0.0
abnughsj,efference,7,i43/p43,245022720,0.0
abnughsj,efference,7,i43/p43,249692160,0.0
abnughsj,efference,7,i43/p43,254607360,0.0
abnughsj,efference,7,i43/p43,259276800,0.0
abnughsj,efference,7,i43/p43,264192000,0.0
abnughsj,efference,7,i43/p43,268861440,0.0
abnughsj,efference,7,i43/p43,273776640,0.0
abnughsj,efference,7,i43/p43,278446080,0.0
abnughsj,efference,7,i43/p43,283361280,0.0
abnughsj,efference,7,i43/p43,288030720,0.0
abnughsj,efference,7,i43/p43,292945920,0.0
abnughsj,efference,7,i43/p43,297615360,0.0
abnughsj,efference,7,i43/p43,302530560,0.0
abnughsj,efference,7,i43/p43,307200000,0.0
abnughsj,efference,7,i43/p43,312115200,0.0
abnughsj,efference,7,i43/p43,317030400,0.0
abnughsj,efference,7,i43/p43,321699840,0.0
abnughsj,efference,7,i43/p43,326615040,0.0
abnughsj,efference,7,i43/p43,331284480,0.0
abnughsj,efference,7,i43/p43,336199680,0.0
abnughsj,efference,7,i43/p43,340869120,0.0
abnughsj,efference,7,i43/p43,345784320,0.0
abnughsj,efference,7,i43/p43,350453760,0.0
abnughsj,efference,7,i43/p43,355368960,0.0
abnughsj,efference,7,i43/p43,360038400,0.0
abnughsj,efference,7,i43/p43,364953600,0.0
abnughsj,efference,7,i43/p43,369623040,0.0
abnughsj,efference,7,i43/p43,374538240,0.0
abnughsj,efference,7,i43/p43,379207680,0.0
abnughsj,efference,7,i43/p43,384122880,0.0
abnughsj,efference,7,i43/p43,389038080,0.0
abnughsj,efference,7,i43/p43,393707520,0.0
abnughsj,efference,7,i43/p43,398622720,0.0
abnughsj,efference,7,i43/p43,403292160,0.0
abnughsj,efference,7,i43/p43,408207360,0.0
abnughsj,efference,7,i43/p43,412876800,0.0
abnughsj,efference,7,i43/p43,417792000,0.0
abnughsj,efference,7,i43/p43,422461440,0.0
abnughsj,efference,7,i43/p43,427376640,0.0
abnughsj,efference,7,i43/p43,432046080,0.0
abnughsj,efference,7,i43/p43,436961280,0.0
abnughsj,efference,7,i43/p43,441630720,0.0
abnughsj,efference,7,i43/p43,446545920,0.0
abnughsj,efference,7,i43/p43,451215360,0.0
abnughsj,efference,7,i43/p43,456130560,0.0
abnughsj,efference,7,i43/p43,460800000,0.0
abnughsj,efference,7,i43/p43,465715200,0.0
abnughsj,efference,7,i43/p43,470630400,0.0
abnughsj,efference,7,i43/p43,475299840,0.0
abnughsj,efference,7,i43/p43,480215040,0.0
oq4pwiks,efference,7,i44/p44,4915200,0.0
oq4pwiks,efference,7,i44/p44,9830400,0.0
oq4pwiks,efference,7,i44/p44,14499840,0.0
oq4pwiks,efference,7,i44/p44,19415040,0.0
oq4pwiks,efference,7,i44/p44,24084480,0.0
oq4pwiks,efference,7,i44/p44,28999680,0.0
oq4pwiks,efference,7,i44/p44,33669120,0.0
oq4pwiks,efference,7,i44/p44,38584320,0.0
oq4pwiks,efference,7,i44/p44,43253760,0.0
oq4pwiks,efference,7,i44/p44,48168960,0.0
oq4pwiks,efference,7,i44/p44,52838400,0.0
oq4pwiks,efference,7,i44/p44,57753600,0.0
oq4pwiks,efference,7,i44/p44,62423040,0.0
oq4pwiks,efference,7,i44/p44,67338240,0.0
oq4pwiks,efference,7,i44/p44,72007680,0.0
oq4pwiks,efference,7,i44/p44,76922880,0.0
oq4pwiks,efference,7,i44/p44,81838080,0.0
oq4pwiks,efference,7,i44/p44,86507520,0.0
oq4pwiks,efference,7,i44/p44,91422720,0.0
oq4pwiks,efference,7,i44/p44,96092160,0.0
oq4pwiks,efference,7,i44/p44,101007360,0.0
oq4pwiks,efference,7,i44/p44,105676800,0.0
oq4pwiks,efference,7,i44/p44,110592000,0.0
oq4pwiks,efference,7,i44/p44,115261440,0.0
oq4pwiks,efference,7,i44/p44,120176640,0.0
oq4pwiks,efference,7,i44/p44,124846080,0.0
oq4pwiks,efference,7,i44/p44,129761280,0.0
oq4pwiks,efference,7,i44/p44,134430720,0.0
oq4pwiks,efference,7,i44/p44,139345920,0.0
oq4pwiks,efference,7,i44/p44,144015360,0.0
oq4pwiks,efference,7,i44/p44,148930560,0.0
oq4pwiks,efference,7,i44/p44,153600000,0.0
oq4pwiks,efference,7,i44/p44,158515200,0.0
oq4pwiks,efference,7,i44/p44,163430400,0.0
oq4pwiks,efference,7,i44/p44,168099840,0.0
oq4pwiks,efference,7,i44/p44,173015040,0.0
oq4pwiks,efference,7,i44/p44,177684480,0.0
oq4pwiks,efference,7,i44/p44,182599680,0.0
oq4pwiks,efference,7,i44/p44,187269120,0.0
oq4pwiks,efference,7,i44/p44,192184320,0.0
oq4pwiks,efference,7,i44/p44,196853760,0.0
oq4pwiks,efference,7,i44/p44,201768960,0.0
oq4pwiks,efference,7,i44/p44,206438400,0.0
oq4pwiks,efference,7,i44/p44,211353600,0.0
oq4pwiks,efference,7,i44/p44,216023040,0.0
oq4pwiks,efference,7,i44/p44,220938240,0.0
oq4pwiks,efference,7,i44/p44,225607680,0.0
oq4pwiks,efference,7,i44/p44,230522880,0.0
oq4pwiks,efference,7,i44/p44,235438080,0.0
oq4pwiks,efference,7,i44/p44,240107520,883.0
oq4pwiks,efference,7,i44/p44,245022720,893.0
oq4pwiks,efference,7,i44/p44,249692160,959.0
oq4pwiks,efference,7,i44/p44,254607360,963.0
oq4pwiks,efference,7,i44/p44,259276800,965.0
oq4pwiks,efference,7,i44/p44,264192000,965.0
oq4pwiks,efference,7,i44/p44,268861440,966.0
oq4pwiks,efference,7,i44/p44,273776640,966.0
oq4pwiks,efference,7,i44/p44,278446080,963.0
oq4pwiks,efference,7,i44/p44,283361280,967.0
oq4pwiks,efference,7,i44/p44,288030720,967.0
oq4pwiks,efference,7,i44/p44,292945920,967.0
oq4pwiks,efference,7,i44/p44,297615360,967.0
oq4pwiks,efference,7,i44/p44,302530560,967.0
oq4pwiks,efference,7,i44/p44,307200000,967.0
oq4pwiks,efference,7,i44/p44,312115200,967.0
oq4pwiks,efference,7,i44/p44,317030400,967.0
oq4pwiks,efference,7,i44/p44,321699840,967.0
oq4pwiks,efference,7,i44/p44,326615040,968.0
oq4pwiks,efference,7,i44/p44,331284480,0.0
oq4pwiks,efference,7,i44/p44,336199680,0.0
oq4pwiks,efference,7,i44/p44,340869120,0.0
oq4pwiks,efference,7,i44/p44,345784320,965.0
oq4pwiks,efference,7,i44/p44,350453760,962.0
oq4pwiks,efference,7,i44/p44,355368960,964.0
oq4pwiks,efference,7,i44/p44,360038400,961.0
oq4pwiks,efference,7,i44/p44,364953600,964.0
oq4pwiks,efference,7,i44/p44,369623040,964.0
oq4pwiks,efference,7,i44/p44,374538240,965.0
oq4pwiks,efference,7,i44/p44,379207680,965.0
oq4pwiks,efference,7,i44/p44,384122880,966.0
oq4pwiks,efference,7,i44/p44,389038080,966.0
oq4pwiks,efference,7,i44/p44,393707520,967.0
oq4pwiks,efference,7,i44/p44,398622720,967.0
oq4pwiks,efference,7,i44/p44,403292160,967.0
oq4pwiks,efference,7,i44/p44,408207360,967.0
oq4pwiks,efference,7,i44/p44,412876800,966.0
oq4pwiks,efference,7,i44/p44,417792000,967.0
oq4pwiks,efference,7,i44/p44,422461440,967.0
oq4pwiks,efference,7,i44/p44,427376640,967.0
oq4pwiks,efference,7,i44/p44,432046080,967.0
oq4pwiks,efference,7,i44/p44,436961280,967.0
oq4pwiks,efference,7,i44/p44,441630720,967.0
oq4pwiks,efference,7,i44/p44,446545920,966.0
oq4pwiks,efference,7,i44/p44,451215360,967.0
oq4pwiks,efference,7,i44/p44,456130560,0.0
oq4pwiks,efference,7,i44/p44,460800000,0.0
oq4pwiks,efference,7,i44/p44,465715200,0.0
oq4pwiks,efference,7,i44/p44,470630400,0.0
oq4pwiks,efference,7,i44/p44,475299840,0.0
oq4pwiks,efference,7,i44/p44,480215040,0.0
2w2shl71,efference,10,i42/p1234,4915200,0.0
2w2shl71,efference,10,i42/p1234,9830400,0.0
2w2shl71,efference,10,i42/p1234,14499840,0.0
2w2shl71,efference,10,i42/p1234,19415040,0.0
2w2shl71,efference,10,i42/p1234,24084480,0.0
2w2shl71,efference,10,i42/p1234,28999680,0.0
2w2shl71,efference,10,i42/p1234,33669120,0.0
2w2shl71,efference,10,i42/p1234,38584320,0.0
2w2shl71,efference,10,i42/p1234,43253760,0.0
2w2shl71,efference,10,i42/p1234,48168960,42.0
2w2shl71,efference,10,i42/p1234,52838400,81.0
2w2shl71,efference,10,i42/p1234,57753600,0.0
2w2shl71,efference,10,i42/p1234,62423040,0.0
2w2shl71,efference,10,i42/p1234,67338240,587.0
2w2shl71,efference,10,i42/p1234,72007680,900.0
2w2shl71,efference,10,i42/p1234,76922880,774.0
2w2shl71,efference,10,i42/p1234,81838080,910.0
2w2shl71,efference,10,i42/p1234,86507520,704.0
2w2shl71,efference,10,i42/p1234,91422720,0.0
2w2shl71,efference,10,i42/p1234,96092160,920.0
2w2shl71,efference,10,i42/p1234,101007360,924.0
2w2shl71,efference,10,i42/p1234,105676800,627.0
2w2shl71,efference,10,i42/p1234,110592000,830.0
2w2shl71,efference,10,i42/p1234,115261440,925.0
2w2shl71,efference,10,i42/p1234,120176640,924.0
2w2shl71,efference,10,i42/p1234,124846080,926.0
2w2shl71,efference,10,i42/p1234,129761280,928.0
2w2shl71,efference,10,i42/p1234,134430720,929.0
2w2shl71,efference,10,i42/p1234,139345920,928.0
2w2shl71,efference,10,i42/p1234,144015360,928.0
2w2shl71,efference,10,i42/p1234,148930560,928.0
2w2shl71,efference,10,i42/p1234,153600000,928.0
2w2shl71,efference,10,i42/p1234,158515200,928.0
2w2shl71,efference,10,i42/p1234,163430400,927.0
2w2shl71,efference,10,i42/p1234,168099840,928.0
2w2shl71,efference,10,i42/p1234,173015040,928.0
2w2shl71,efference,10,i42/p1234,177684480,929.0
2w2shl71,efference,10,i42/p1234,182599680,929.0
2w2shl71,efference,10,i42/p1234,187269120,930.0
2w2shl71,efference,10,i42/p1234,192184320,930.0
2w2shl71,efference,10,i42/p1234,196853760,931.0
2w2shl71,efference,10,i42/p1234,201768960,931.0
2w2shl71,efference,10,i42/p1234,206438400,932.0
2w2shl71,efference,10,i42/p1234,211353600,931.0
2w2shl71,efference,10,i42/p1234,216023040,932.0
2w2shl71,efference,10,i42/p1234,220938240,933.0
2w2shl71,efference,10,i42/p1234,225607680,932.0
2w2shl71,efference,10,i42/p1234,230522880,933.0
2w2shl71,efference,10,i42/p1234,235438080,933.0
2w2shl71,efference,10,i42/p1234,240107520,933.0
2w2shl71,efference,10,i42/p1234,245022720,933.0
2w2shl71,efference,10,i42/p1234,249692160,934.0
2w2shl71,efference,10,i42/p1234,254607360,934.0
2w2shl71,efference,10,i42/p1234,259276800,934.0
2w2shl71,efference,10,i42/p1234,264192000,935.0
2w2shl71,efference,10,i42/p1234,268861440,935.0
2w2shl71,efference,10,i42/p1234,273776640,935.0
2w2shl71,efference,10,i42/p1234,278446080,935.0
2w2shl71,efference,10,i42/p1234,283361280,936.0
2w2shl71,efference,10,i42/p1234,288030720,936.0
2w2shl71,efference,10,i42/p1234,292945920,937.0
2w2shl71,efference,10,i42/p1234,297615360,939.0
2w2shl71,efference,10,i42/p1234,302530560,940.0
2w2shl71,efference,10,i42/p1234,307200000,941.0
2w2shl71,efference,10,i42/p1234,312115200,942.0
2w2shl71,efference,10,i42/p1234,317030400,943.0
2w2shl71,efference,10,i42/p1234,321699840,944.0
2w2shl71,efference,10,i42/p1234,326615040,945.0
2w2shl71,efference,10,i42/p1234,331284480,945.0
2w2shl71,efference,10,i42/p1234,336199680,946.0
2w2shl71,efference,10,i42/p1234,340869120,946.0
2w2shl71,efference,10,i42/p1234,345784320,946.0
2w2shl71,efference,10,i42/p1234,350453760,948.0
2w2shl71,efference,10,i42/p1234,355368960,0.0
2w2shl71,efference,10,i42/p1234,360038400,0.0
2w2shl71,efference,10,i42/p1234,364953600,878.0
2w2shl71,efference,10,i42/p1234,369623040,945.0
2w2shl71,efference,10,i42/p1234,374538240,945.0
2w2shl71,efference,10,i42/p1234,379207680,945.0
2w2shl71,efference,10,i42/p1234,384122880,946.0
2w2shl71,efference,10,i42/p1234,389038080,946.0
2w2shl71,efference,10,i42/p1234,393707520,947.0
2w2shl71,efference,10,i42/p1234,398622720,947.0
2w2shl71,efference,10,i42/p1234,403292160,947.0
2w2shl71,efference,10,i42/p1234,408207360,947.0
2w2shl71,efference,10,i42/p1234,412876800,948.0
2w2shl71,efference,10,i42/p1234,417792000,948.0
2w2shl71,efference,10,i42/p1234,422461440,948.0
2w2shl71,efference,10,i42/p1234,427376640,949.0
2w2shl71,efference,10,i42/p1234,432046080,949.0
2w2shl71,efference,10,i42/p1234,436961280,950.0
2w2shl71,efference,10,i42/p1234,441630720,950.0
2w2shl71,efference,10,i42/p1234,446545920,951.0
2w2shl71,efference,10,i42/p1234,451215360,951.0
2w2shl71,efference,10,i42/p1234,456130560,950.0
2w2shl71,efference,10,i42/p1234,460800000,952.0
2w2shl71,efference,10,i42/p1234,465715200,952.0
2w2shl71,efference,10,i42/p1234,470630400,953.0
2w2shl71,efference,10,i42/p1234,475299840,953.0
2w2shl71,efference,10,i42/p1234,480215040,0.0
nzj07ku0,efference,10,i43/p43,4915200,0.0
nzj07ku0,efference,10,i43/p43,9830400,0.0
nzj07ku0,efference,10,i43/p43,14499840,871.0
nzj07ku0,efference,10,i43/p43,19415040,881.0
nzj07ku0,efference,10,i43/p43,24084480,884.0
nzj07ku0,efference,10,i43/p43,28999680,887.0
nzj07ku0,efference,10,i43/p43,33669120,888.0
nzj07ku0,efference,10,i43/p43,38584320,889.0
nzj07ku0,efference,10,i43/p43,43253760,890.0
nzj07ku0,efference,10,i43/p43,48168960,895.0
nzj07ku0,efference,10,i43/p43,52838400,831.0
nzj07ku0,efference,10,i43/p43,57753600,946.0
nzj07ku0,efference,10,i43/p43,62423040,946.0
nzj07ku0,efference,10,i43/p43,67338240,947.0
nzj07ku0,efference,10,i43/p43,72007680,947.0
nzj07ku0,efference,10,i43/p43,76922880,928.0
nzj07ku0,efference,10,i43/p43,81838080,934.0
nzj07ku0,efference,10,i43/p43,86507520,925.0
nzj07ku0,efference,10,i43/p43,91422720,928.0
nzj07ku0,efference,10,i43/p43,96092160,926.0
nzj07ku0,efference,10,i43/p43,101007360,929.0
nzj07ku0,efference,10,i43/p43,105676800,932.0
nzj07ku0,efference,10,i43/p43,110592000,934.0
nzj07ku0,efference,10,i43/p43,115261440,932.0
nzj07ku0,efference,10,i43/p43,120176640,932.0
nzj07ku0,efference,10,i43/p43,124846080,936.0
nzj07ku0,efference,10,i43/p43,129761280,935.0
nzj07ku0,efference,10,i43/p43,134430720,935.0
nzj07ku0,efference,10,i43/p43,139345920,931.0
nzj07ku0,efference,10,i43/p43,144015360,0.0
nzj07ku0,efference,10,i43/p43,148930560,0.0
nzj07ku0,efference,10,i43/p43,153600000,0.0
nzj07ku0,efference,10,i43/p43,158515200,0.0
nzj07ku0,efference,10,i43/p43,163430400,0.0
nzj07ku0,efference,10,i43/p43,168099840,0.0
nzj07ku0,efference,10,i43/p43,173015040,0.0
nzj07ku0,efference,10,i43/p43,177684480,0.0
nzj07ku0,efference,10,i43/p43,182599680,0.0
nzj07ku0,efference,10,i43/p43,187269120,958.0
nzj07ku0,efference,10,i43/p43,192184320,958.0
nzj07ku0,efference,10,i43/p43,196853760,962.0
nzj07ku0,efference,10,i43/p43,201768960,961.0
nzj07ku0,efference,10,i43/p43,206438400,801.0
nzj07ku0,efference,10,i43/p43,211353600,885.0
nzj07ku0,efference,10,i43/p43,216023040,959.0
nzj07ku0,efference,10,i43/p43,220938240,961.0
nzj07ku0,efference,10,i43/p43,225607680,961.0
nzj07ku0,efference,10,i43/p43,230522880,961.0
nzj07ku0,efference,10,i43/p43,235438080,961.0
nzj07ku0,efference,10,i43/p43,240107520,961.0
nzj07ku0,efference,10,i43/p43,245022720,961.0
nzj07ku0,efference,10,i43/p43,249692160,962.0
nzj07ku0,efference,10,i43/p43,254607360,962.0
nzj07ku0,efference,10,i43/p43,259276800,962.0
nzj07ku0,efference,10,i43/p43,264192000,963.0
nzj07ku0,efference,10,i43/p43,268861440,962.0
nzj07ku0,efference,10,i43/p43,273776640,963.0
nzj07ku0,efference,10,i43/p43,278446080,963.0
nzj07ku0,efference,10,i43/p43,283361280,963.0
nzj07ku0,efference,10,i43/p43,288030720,954.0
nzj07ku0,efference,10,i43/p43,292945920,961.0
nzj07ku0,efference,10,i43/p43,297615360,963.0
nzj07ku0,efference,10,i43/p43,302530560,960.0
nzj07ku0,efference,10,i43/p43,307200000,962.0
nzj07ku0,efference,10,i43/p43,312115200,963.0
nzj07ku0,efference,10,i43/p43,317030400,961.0
nzj07ku0,efference,10,i43/p43,321699840,963.0
nzj07ku0,efference,10,i43/p43,326615040,963.0
nzj07ku0,efference,10,i43/p43,331284480,963.0
nzj07ku0,efference,10,i43/p43,336199680,963.0
nzj07ku0,efference,10,i43/p43,340869120,963.0
nzj07ku0,efference,10,i43/p43,345784320,963.0
nzj07ku0,efference,10,i43/p43,350453760,963.0
nzj07ku0,efference,10,i43/p43,355368960,963.0
nzj07ku0,efference,10,i43/p43,360038400,963.0
nzj07ku0,efference,10,i43/p43,364953600,963.0
nzj07ku0,efference,10,i43/p43,369623040,963.0
nzj07ku0,efference,10,i43/p43,374538240,963.0
nzj07ku0,efference,10,i43/p43,379207680,964.0
nzj07ku0,efference,10,i43/p43,384122880,964.0
nzj07ku0,efference,10,i43/p43,389038080,964.0
nzj07ku0,efference,10,i43/p43,393707520,964.0
nzj07ku0,efference,10,i43/p43,398622720,0.0
nzj07ku0,efference,10,i43/p43,403292160,0.0
nzj07ku0,efference,10,i43/p43,408207360,0.0
nzj07ku0,efference,10,i43/p43,412876800,888.0
nzj07ku0,efference,10,i43/p43,417792000,952.0
nzj07ku0,efference,10,i43/p43,422461440,961.0
nzj07ku0,efference,10,i43/p43,427376640,964.0
nzj07ku0,efference,10,i43/p43,432046080,964.0
nzj07ku0,efference,10,i43/p43,436961280,964.0
nzj07ku0,efference,10,i43/p43,441630720,964.0
nzj07ku0,efference,10,i43/p43,446545920,964.0
nzj07ku0,efference,10,i43/p43,451215360,964.0
nzj07ku0,efference,10,i43/p43,456130560,0.0
nzj07ku0,efference,10,i43/p43,460800000,956.0
nzj07ku0,efference,10,i43/p43,465715200,963.0
nzj07ku0,efference,10,i43/p43,470630400,964.0
nzj07ku0,efference,10,i43/p43,475299840,964.0
nzj07ku0,efference,10,i43/p43,480215040,965.0
pubao96a,efference,10,i44/p44,4915200,0.0
pubao96a,efference,10,i44/p44,9830400,0.0
pubao96a,efference,10,i44/p44,14499840,0.0
pubao96a,efference,10,i44/p44,19415040,0.0
pubao96a,efference,10,i44/p44,24084480,0.0
pubao96a,efference,10,i44/p44,28999680,0.0
pubao96a,efference,10,i44/p44,33669120,0.0
pubao96a,efference,10,i44/p44,38584320,0.0
pubao96a,efference,10,i44/p44,43253760,85.0
pubao96a,efference,10,i44/p44,48168960,808.0
pubao96a,efference,10,i44/p44,52838400,863.0
pubao96a,efference,10,i44/p44,57753600,865.0
pubao96a,efference,10,i44/p44,62423040,924.0
pubao96a,efference,10,i44/p44,67338240,929.0
pubao96a,efference,10,i44/p44,72007680,932.0
pubao96a,efference,10,i44/p44,76922880,933.0
pubao96a,efference,10,i44/p44,81838080,933.0
pubao96a,efference,10,i44/p44,86507520,934.0
pubao96a,efference,10,i44/p44,91422720,934.0
pubao96a,efference,10,i44/p44,96092160,936.0
pubao96a,efference,10,i44/p44,101007360,937.0
pubao96a,efference,10,i44/p44,105676800,938.0
pubao96a,efference,10,i44/p44,110592000,937.0
pubao96a,efference,10,i44/p44,115261440,939.0
pubao96a,efference,10,i44/p44,120176640,940.0
pubao96a,efference,10,i44/p44,124846080,941.0
pubao96a,efference,10,i44/p44,129761280,0.0
pubao96a,efference,10,i44/p44,134430720,0.0
pubao96a,efference,10,i44/p44,139345920,0.0
pubao96a,efference,10,i44/p44,144015360,0.0
pubao96a,efference,10,i44/p44,148930560,0.0
pubao96a,efference,10,i44/p44,153600000,0.0
pubao96a,efference,10,i44/p44,158515200,0.0
pubao96a,efference,10,i44/p44,163430400,0.0
pubao96a,efference,10,i44/p44,168099840,0.0
pubao96a,efference,10,i44/p44,173015040,0.0
pubao96a,efference,10,i44/p44,177684480,0.0
pubao96a,efference,10,i44/p44,182599680,0.0
pubao96a,efference,10,i44/p44,187269120,0.0
pubao96a,efference,10,i44/p44,192184320,0.0
pubao96a,efference,10,i44/p44,196853760,0.0
pubao96a,efference,10,i44/p44,201768960,0.0
pubao96a,efference,10,i44/p44,206438400,0.0
pubao96a,efference,10,i44/p44,211353600,0.0
pubao96a,efference,10,i44/p44,216023040,0.0
pubao96a,efference,10,i44/p44,220938240,0.0
pubao96a,efference,10,i44/p44,225607680,0.0
pubao96a,efference,10,i44/p44,230522880,0.0
pubao96a,efference,10,i44/p44,235438080,0.0
pubao96a,efference,10,i44/p44,240107520,0.0
pubao96a,efference,10,i44/p44,245022720,0.0
pubao96a,efference,10,i44/p44,249692160,0.0
pubao96a,efference,10,i44/p44,254607360,0.0
pubao96a,efference,10,i44/p44,259276800,0.0
pubao96a,efference,10,i44/p44,264192000,0.0
pubao96a,efference,10,i44/p44,268861440,0.0
pubao96a,efference,10,i44/p44,273776640,0.0
pubao96a,efference,10,i44/p44,278446080,0.0
pubao96a,efference,10,i44/p44,283361280,0.0
pubao96a,efference,10,i44/p44,288030720,0.0
pubao96a,efference,10,i44/p44,292945920,0.0
pubao96a,efference,10,i44/p44,297615360,0.0
pubao96a,efference,10,i44/p44,302530560,0.0
pubao96a,efference,10,i44/p44,307200000,0.0
pubao96a,efference,10,i44/p44,312115200,0.0
pubao96a,efference,10,i44/p44,317030400,0.0
pubao96a,efference,10,i44/p44,321699840,0.0
pubao96a,efference,10,i44/p44,326615040,0.0
pubao96a,efference,10,i44/p44,331284480,0.0
pubao96a,efference,10,i44/p44,336199680,0.0
pubao96a,efference,10,i44/p44,340869120,0.0
pubao96a,efference,10,i44/p44,345784320,0.0
pubao96a,efference,10,i44/p44,350453760,0.0
pubao96a,efference,10,i44/p44,355368960,0.0
pubao96a,efference,10,i44/p44,360038400,0.0
pubao96a,efference,10,i44/p44,364953600,0.0
pubao96a,efference,10,i44/p44,369623040,0.0
pubao96a,efference,10,i44/p44,374538240,0.0
pubao96a,efference,10,i44/p44,379207680,0.0
pubao96a,efference,10,i44/p44,384122880,0.0
pubao96a,efference,10,i44/p44,389038080,0.0
pubao96a,efference,10,i44/p44,393707520,0.0
pubao96a,efference,10,i44/p44,398622720,0.0
pubao96a,efference,10,i44/p44,403292160,0.0
pubao96a,efference,10,i44/p44,408207360,0.0
pubao96a,efference,10,i44/p44,412876800,0.0
pubao96a,efference,10,i44/p44,417792000,0.0
pubao96a,efference,10,i44/p44,422461440,0.0
pubao96a,efference,10,i44/p44,427376640,0.0
pubao96a,efference,10,i44/p44,432046080,0.0
pubao96a,efference,10,i44/p44,436961280,0.0
pubao96a,efference,10,i44/p44,441630720,0.0
pubao96a,efference,10,i44/p44,446545920,0.0
pubao96a,efference,10,i44/p44,451215360,0.0
pubao96a,efference,10,i44/p44,456130560,0.0
pubao96a,efference,10,i44/p44,460800000,0.0
pubao96a,efference,10,i44/p44,465715200,0.0
pubao96a,efference,10,i44/p44,470630400,0.0
pubao96a,efference,10,i44/p44,475299840,0.0
pubao96a,efference,10,i44/p44,480215040,0.0
i0jluxnh,efference,12,i42/p1234,4915200,0.0
i0jluxnh,efference,12,i42/p1234,9830400,0.0
i0jluxnh,efference,12,i42/p1234,14499840,0.0
i0jluxnh,efference,12,i42/p1234,19415040,0.0
i0jluxnh,efference,12,i42/p1234,24084480,946.0
i0jluxnh,efference,12,i42/p1234,28999680,954.0
i0jluxnh,efference,12,i42/p1234,33669120,955.0
i0jluxnh,efference,12,i42/p1234,38584320,957.0
i0jluxnh,efference,12,i42/p1234,43253760,956.0
i0jluxnh,efference,12,i42/p1234,48168960,956.0
i0jluxnh,efference,12,i42/p1234,52838400,957.0
i0jluxnh,efference,12,i42/p1234,57753600,955.0
i0jluxnh,efference,12,i42/p1234,62423040,955.0
i0jluxnh,efference,12,i42/p1234,67338240,955.0
i0jluxnh,efference,12,i42/p1234,72007680,954.0
i0jluxnh,efference,12,i42/p1234,76922880,954.0
i0jluxnh,efference,12,i42/p1234,81838080,954.0
i0jluxnh,efference,12,i42/p1234,86507520,954.0
i0jluxnh,efference,12,i42/p1234,91422720,954.0
i0jluxnh,efference,12,i42/p1234,96092160,954.0
i0jluxnh,efference,12,i42/p1234,101007360,955.0
i0jluxnh,efference,12,i42/p1234,105676800,955.0
i0jluxnh,efference,12,i42/p1234,110592000,955.0
i0jluxnh,efference,12,i42/p1234,115261440,955.0
i0jluxnh,efference,12,i42/p1234,120176640,955.0
i0jluxnh,efference,12,i42/p1234,124846080,955.0
i0jluxnh,efference,12,i42/p1234,129761280,955.0
i0jluxnh,efference,12,i42/p1234,134430720,955.0
i0jluxnh,efference,12,i42/p1234,139345920,955.0
i0jluxnh,efference,12,i42/p1234,144015360,955.0
i0jluxnh,efference,12,i42/p1234,148930560,955.0
i0jluxnh,efference,12,i42/p1234,153600000,955.0
i0jluxnh,efference,12,i42/p1234,158515200,955.0
i0jluxnh,efference,12,i42/p1234,163430400,955.0
i0jluxnh,efference,12,i42/p1234,168099840,955.0
i0jluxnh,efference,12,i42/p1234,173015040,955.0
i0jluxnh,efference,12,i42/p1234,177684480,955.0
i0jluxnh,efference,12,i42/p1234,182599680,955.0
i0jluxnh,efference,12,i42/p1234,187269120,955.0
i0jluxnh,efference,12,i42/p1234,192184320,953.0
i0jluxnh,efference,12,i42/p1234,196853760,956.0
i0jluxnh,efference,12,i42/p1234,201768960,956.0
i0jluxnh,efference,12,i42/p1234,206438400,956.0
i0jluxnh,efference,12,i42/p1234,211353600,956.0
i0jluxnh,efference,12,i42/p1234,216023040,956.0
i0jluxnh,efference,12,i42/p1234,220938240,956.0
i0jluxnh,efference,12,i42/p1234,225607680,956.0
i0jluxnh,efference,12,i42/p1234,230522880,957.0
i0jluxnh,efference,12,i42/p1234,235438080,956.0
i0jluxnh,efference,12,i42/p1234,240107520,957.0
i0jluxnh,efference,12,i42/p1234,245022720,957.0
i0jluxnh,efference,12,i42/p1234,249692160,957.0
i0jluxnh,efference,12,i42/p1234,254607360,958.0
i0jluxnh,efference,12,i42/p1234,259276800,960.0
i0jluxnh,efference,12,i42/p1234,264192000,961.0
i0jluxnh,efference,12,i42/p1234,268861440,961.0
i0jluxnh,efference,12,i42/p1234,273776640,962.0
i0jluxnh,efference,12,i42/p1234,278446080,962.0
i0jluxnh,efference,12,i42/p1234,283361280,963.0
i0jluxnh,efference,12,i42/p1234,288030720,963.0
i0jluxnh,efference,12,i42/p1234,292945920,964.0
i0jluxnh,efference,12,i42/p1234,297615360,962.0
i0jluxnh,efference,12,i42/p1234,302530560,963.0
i0jluxnh,efference,12,i42/p1234,307200000,963.0
i0jluxnh,efference,12,i42/p1234,312115200,963.0
i0jluxnh,efference,12,i42/p1234,317030400,963.0
i0jluxnh,efference,12,i42/p1234,321699840,964.0
i0jluxnh,efference,12,i42/p1234,326615040,964.0
i0jluxnh,efference,12,i42/p1234,331284480,964.0
i0jluxnh,efference,12,i42/p1234,336199680,963.0
i0jluxnh,efference,12,i42/p1234,340869120,964.0
i0jluxnh,efference,12,i42/p1234,345784320,963.0
i0jluxnh,efference,12,i42/p1234,350453760,964.0
i0jluxnh,efference,12,i42/p1234,355368960,963.0
i0jluxnh,efference,12,i42/p1234,360038400,964.0
i0jluxnh,efference,12,i42/p1234,364953600,964.0
i0jluxnh,efference,12,i42/p1234,369623040,963.0
i0jluxnh,efference,12,i42/p1234,374538240,964.0
i0jluxnh,efference,12,i42/p1234,379207680,964.0
i0jluxnh,efference,12,i42/p1234,384122880,965.0
i0jluxnh,efference,12,i42/p1234,389038080,965.0
i0jluxnh,efference,12,i42/p1234,393707520,966.0
i0jluxnh,efference,12,i42/p1234,398622720,966.0
i0jluxnh,efference,12,i42/p1234,403292160,966.0
i0jluxnh,efference,12,i42/p1234,408207360,966.0
i0jluxnh,efference,12,i42/p1234,412876800,966.0
i0jluxnh,efference,12,i42/p1234,417792000,966.0
i0jluxnh,efference,12,i42/p1234,422461440,966.0
i0jluxnh,efference,12,i42/p1234,427376640,967.0
i0jluxnh,efference,12,i42/p1234,432046080,968.0
i0jluxnh,efference,12,i42/p1234,436961280,968.0
i0jluxnh,efference,12,i42/p1234,441630720,968.0
i0jluxnh,efference,12,i42/p1234,446545920,968.0
i0jluxnh,efference,12,i42/p1234,451215360,968.0
i0jluxnh,efference,12,i42/p1234,456130560,968.0
i0jluxnh,efference,12,i42/p1234,460800000,968.0
i0jluxnh,efference,12,i42/p1234,465715200,956.0
i0jluxnh,efference,12,i42/p1234,470630400,968.0
i0jluxnh,efference,12,i42/p1234,475299840,968.0
i0jluxnh,efference,12,i42/p1234,480215040,968.0
6b6ly85f,efference,12,i43/p43,4915200,0.0
6b6ly85f,efference,12,i43/p43,9830400,932.0
6b6ly85f,efference,12,i43/p43,14499840,939.0
6b6ly85f,efference,12,i43/p43,19415040,943.0
6b6ly85f,efference,12,i43/p43,24084480,945.0
6b6ly85f,efference,12,i43/p43,28999680,948.0
6b6ly85f,efference,12,i43/p43,33669120,947.0
6b6ly85f,efference,12,i43/p43,38584320,948.0
6b6ly85f,efference,12,i43/p43,43253760,948.0
6b6ly85f,efference,12,i43/p43,48168960,950.0
6b6ly85f,efference,12,i43/p43,52838400,949.0
6b6ly85f,efference,12,i43/p43,57753600,949.0
6b6ly85f,efference,12,i43/p43,62423040,950.0
6b6ly85f,efference,12,i43/p43,67338240,951.0
6b6ly85f,efference,12,i43/p43,72007680,950.0
6b6ly85f,efference,12,i43/p43,76922880,950.0
6b6ly85f,efference,12,i43/p43,81838080,950.0
6b6ly85f,efference,12,i43/p43,86507520,951.0
6b6ly85f,efference,12,i43/p43,91422720,950.0
6b6ly85f,efference,12,i43/p43,96092160,951.0
6b6ly85f,efference,12,i43/p43,101007360,951.0
6b6ly85f,efference,12,i43/p43,105676800,951.0
6b6ly85f,efference,12,i43/p43,110592000,952.0
6b6ly85f,efference,12,i43/p43,115261440,952.0
6b6ly85f,efference,12,i43/p43,120176640,951.0
6b6ly85f,efference,12,i43/p43,124846080,953.0
6b6ly85f,efference,12,i43/p43,129761280,953.0
6b6ly85f,efference,12,i43/p43,134430720,953.0
6b6ly85f,efference,12,i43/p43,139345920,953.0
6b6ly85f,efference,12,i43/p43,144015360,952.0
6b6ly85f,efference,12,i43/p43,148930560,951.0
6b6ly85f,efference,12,i43/p43,153600000,951.0
6b6ly85f,efference,12,i43/p43,158515200,952.0
6b6ly85f,efference,12,i43/p43,163430400,952.0
6b6ly85f,efference,12,i43/p43,168099840,953.0
6b6ly85f,efference,12,i43/p43,173015040,954.0
6b6ly85f,efference,12,i43/p43,177684480,954.0
6b6ly85f,efference,12,i43/p43,182599680,954.0
6b6ly85f,efference,12,i43/p43,187269120,954.0
6b6ly85f,efference,12,i43/p43,192184320,955.0
6b6ly85f,efference,12,i43/p43,196853760,955.0
6b6ly85f,efference,12,i43/p43,201768960,955.0
6b6ly85f,efference,12,i43/p43,206438400,955.0
6b6ly85f,efference,12,i43/p43,211353600,954.0
6b6ly85f,efference,12,i43/p43,216023040,955.0
6b6ly85f,efference,12,i43/p43,220938240,955.0
6b6ly85f,efference,12,i43/p43,225607680,955.0
6b6ly85f,efference,12,i43/p43,230522880,956.0
6b6ly85f,efference,12,i43/p43,235438080,956.0
6b6ly85f,efference,12,i43/p43,240107520,956.0
6b6ly85f,efference,12,i43/p43,245022720,956.0
6b6ly85f,efference,12,i43/p43,249692160,954.0
6b6ly85f,efference,12,i43/p43,254607360,955.0
6b6ly85f,efference,12,i43/p43,259276800,955.0
6b6ly85f,efference,12,i43/p43,264192000,955.0
6b6ly85f,efference,12,i43/p43,268861440,956.0
6b6ly85f,efference,12,i43/p43,273776640,955.0
6b6ly85f,efference,12,i43/p43,278446080,955.0
6b6ly85f,efference,12,i43/p43,283361280,955.0
6b6ly85f,efference,12,i43/p43,288030720,955.0
6b6ly85f,efference,12,i43/p43,292945920,956.0
6b6ly85f,efference,12,i43/p43,297615360,953.0
6b6ly85f,efference,12,i43/p43,302530560,956.0
6b6ly85f,efference,12,i43/p43,307200000,956.0
6b6ly85f,efference,12,i43/p43,312115200,956.0
6b6ly85f,efference,12,i43/p43,317030400,954.0
6b6ly85f,efference,12,i43/p43,321699840,954.0
6b6ly85f,efference,12,i43/p43,326615040,955.0
6b6ly85f,efference,12,i43/p43,331284480,956.0
6b6ly85f,efference,12,i43/p43,336199680,956.0
6b6ly85f,efference,12,i43/p43,340869120,956.0
6b6ly85f,efference,12,i43/p43,345784320,956.0
6b6ly85f,efference,12,i43/p43,350453760,956.0
6b6ly85f,efference,12,i43/p43,355368960,956.0
6b6ly85f,efference,12,i43/p43,360038400,956.0
6b6ly85f,efference,12,i43/p43,364953600,956.0
6b6ly85f,efference,12,i43/p43,369623040,956.0
6b6ly85f,efference,12,i43/p43,374538240,957.0
6b6ly85f,efference,12,i43/p43,379207680,958.0
6b6ly85f,efference,12,i43/p43,384122880,958.0
6b6ly85f,efference,12,i43/p43,389038080,957.0
6b6ly85f,efference,12,i43/p43,393707520,957.0
6b6ly85f,efference,12,i43/p43,398622720,958.0
6b6ly85f,efference,12,i43/p43,403292160,958.0
6b6ly85f,efference,12,i43/p43,408207360,959.0
6b6ly85f,efference,12,i43/p43,412876800,959.0
6b6ly85f,efference,12,i43/p43,417792000,959.0
6b6ly85f,efference,12,i43/p43,422461440,960.0
6b6ly85f,efference,12,i43/p43,427376640,960.0
6b6ly85f,efference,12,i43/p43,432046080,960.0
6b6ly85f,efference,12,i43/p43,436961280,961.0
6b6ly85f,efference,12,i43/p43,441630720,960.0
6b6ly85f,efference,12,i43/p43,446545920,0.0
6b6ly85f,efference,12,i43/p43,451215360,0.0
6b6ly85f,efference,12,i43/p43,456130560,853.0
6b6ly85f,efference,12,i43/p43,460800000,961.0
6b6ly85f,efference,12,i43/p43,465715200,960.0
6b6ly85f,efference,12,i43/p43,470630400,961.0
6b6ly85f,efference,12,i43/p43,475299840,943.0
6b6ly85f,efference,12,i43/p43,480215040,959.0
rb9tp5ny,efference,12,i44/p44,4915200,0.0
rb9tp5ny,efference,12,i44/p44,9830400,0.0
rb9tp5ny,efference,12,i44/p44,14499840,0.0
rb9tp5ny,efference,12,i44/p44,19415040,0.0
rb9tp5ny,efference,12,i44/p44,24084480,0.0
rb9tp5ny,efference,12,i44/p44,28999680,0.0
rb9tp5ny,efference,12,i44/p44,33669120,0.0
rb9tp5ny,efference,12,i44/p44,38584320,0.0
rb9tp5ny,efference,12,i44/p44,43253760,0.0
rb9tp5ny,efference,12,i44/p44,48168960,0.0
rb9tp5ny,efference,12,i44/p44,52838400,0.0
rb9tp5ny,efference,12,i44/p44,57753600,0.0
rb9tp5ny,efference,12,i44/p44,62423040,0.0
rb9tp5ny,efference,12,i44/p44,67338240,0.0
rb9tp5ny,efference,12,i44/p44,72007680,0.0
rb9tp5ny,efference,12,i44/p44,76922880,0.0
rb9tp5ny,efference,12,i44/p44,81838080,0.0
rb9tp5ny,efference,12,i44/p44,86507520,0.0
rb9tp5ny,efference,12,i44/p44,91422720,0.0
rb9tp5ny,efference,12,i44/p44,96092160,0.0
rb9tp5ny,efference,12,i44/p44,101007360,0.0
rb9tp5ny,efference,12,i44/p44,105676800,0.0
rb9tp5ny,efference,12,i44/p44,110592000,0.0
rb9tp5ny,efference,12,i44/p44,115261440,0.0
rb9tp5ny,efference,12,i44/p44,120176640,0.0
rb9tp5ny,efference,12,i44/p44,124846080,0.0
rb9tp5ny,efference,12,i44/p44,129761280,0.0
rb9tp5ny,efference,12,i44/p44,134430720,0.0
rb9tp5ny,efference,12,i44/p44,139345920,0.0
rb9tp5ny,efference,12,i44/p44,144015360,0.0
rb9tp5ny,efference,12,i44/p44,148930560,0.0
rb9tp5ny,efference,12,i44/p44,153600000,0.0
rb9tp5ny,efference,12,i44/p44,158515200,0.0
rb9tp5ny,efference,12,i44/p44,163430400,0.0
rb9tp5ny,efference,12,i44/p44,168099840,0.0
rb9tp5ny,efference,12,i44/p44,173015040,0.0
rb9tp5ny,efference,12,i44/p44,177684480,0.0
rb9tp5ny,efference,12,i44/p44,182599680,0.0
rb9tp5ny,efference,12,i44/p44,187269120,0.0
rb9tp5ny,efference,12,i44/p44,192184320,0.0
rb9tp5ny,efference,12,i44/p44,196853760,0.0
rb9tp5ny,efference,12,i44/p44,201768960,0.0
rb9tp5ny,efference,12,i44/p44,206438400,0.0
rb9tp5ny,efference,12,i44/p44,211353600,0.0
rb9tp5ny,efference,12,i44/p44,216023040,0.0
rb9tp5ny,efference,12,i44/p44,220938240,0.0
rb9tp5ny,efference,12,i44/p44,225607680,0.0
rb9tp5ny,efference,12,i44/p44,230522880,0.0
rb9tp5ny,efference,12,i44/p44,235438080,0.0
rb9tp5ny,efference,12,i44/p44,240107520,0.0
rb9tp5ny,efference,12,i44/p44,245022720,0.0
rb9tp5ny,efference,12,i44/p44,249692160,0.0
rb9tp5ny,efference,12,i44/p44,254607360,0.0
rb9tp5ny,efference,12,i44/p44,259276800,0.0
rb9tp5ny,efference,12,i44/p44,264192000,0.0
rb9tp5ny,efference,12,i44/p44,268861440,0.0
rb9tp5ny,efference,12,i44/p44,273776640,0.0
rb9tp5ny,efference,12,i44/p44,278446080,0.0
rb9tp5ny,efference,12,i44/p44,283361280,0.0
rb9tp5ny,efference,12,i44/p44,288030720,0.0
rb9tp5ny,efference,12,i44/p44,292945920,0.0
rb9tp5ny,efference,12,i44/p44,297615360,0.0
rb9tp5ny,efference,12,i44/p44,302530560,0.0
rb9tp5ny,efference,12,i44/p44,307200000,0.0
rb9tp5ny,efference,12,i44/p44,312115200,0.0
rb9tp5ny,efference,12,i44/p44,317030400,0.0
rb9tp5ny,efference,12,i44/p44,321699840,0.0
rb9tp5ny,efference,12,i44/p44,326615040,0.0
rb9tp5ny,efference,12,i44/p44,331284480,0.0
rb9tp5ny,efference,12,i44/p44,336199680,0.0
rb9tp5ny,efference,12,i44/p44,340869120,0.0
rb9tp5ny,efference,12,i44/p44,345784320,0.0
rb9tp5ny,efference,12,i44/p44,350453760,0.0
rb9tp5ny,efference,12,i44/p44,355368960,0.0
rb9tp5ny,efference,12,i44/p44,360038400,0.0
rb9tp5ny,efference,12,i44/p44,364953600,0.0
rb9tp5ny,efference,12,i44/p44,369623040,0.0
rb9tp5ny,efference,12,i44/p44,374538240,0.0
rb9tp5ny,efference,12,i44/p44,379207680,0.0
rb9tp5ny,efference,12,i44/p44,384122880,0.0
rb9tp5ny,efference,12,i44/p44,389038080,0.0
rb9tp5ny,efference,12,i44/p44,393707520,0.0
rb9tp5ny,efference,12,i44/p44,398622720,0.0
rb9tp5ny,efference,12,i44/p44,403292160,0.0
rb9tp5ny,efference,12,i44/p44,408207360,0.0
rb9tp5ny,efference,12,i44/p44,412876800,0.0
rb9tp5ny,efference,12,i44/p44,417792000,0.0
rb9tp5ny,efference,12,i44/p44,422461440,0.0
rb9tp5ny,efference,12,i44/p44,427376640,0.0
rb9tp5ny,efference,12,i44/p44,432046080,0.0
rb9tp5ny,efference,12,i44/p44,436961280,0.0
rb9tp5ny,efference,12,i44/p44,441630720,0.0
rb9tp5ny,efference,12,i44/p44,446545920,0.0
rb9tp5ny,efference,12,i44/p44,451215360,0.0
rb9tp5ny,efference,12,i44/p44,456130560,0.0
rb9tp5ny,efference,12,i44/p44,460800000,0.0
rb9tp5ny,efference,12,i44/p44,465715200,0.0
rb9tp5ny,efference,12,i44/p44,470630400,0.0
rb9tp5ny,efference,12,i44/p44,475299840,0.0
rb9tp5ny,efference,12,i44/p44,480215040,0.0
nty8dbe6,efference,15,i42/p1234,4915200,0.0
nty8dbe6,efference,15,i42/p1234,9830400,0.0
nty8dbe6,efference,15,i42/p1234,14499840,0.0
nty8dbe6,efference,15,i42/p1234,19415040,0.0
nty8dbe6,efference,15,i42/p1234,24084480,0.0
nty8dbe6,efference,15,i42/p1234,28999680,0.0
nty8dbe6,efference,15,i42/p1234,33669120,0.0
nty8dbe6,efference,15,i42/p1234,38584320,0.0
nty8dbe6,efference,15,i42/p1234,43253760,0.0
nty8dbe6,efference,15,i42/p1234,48168960,0.0
nty8dbe6,efference,15,i42/p1234,52838400,0.0
nty8dbe6,efference,15,i42/p1234,57753600,0.0
nty8dbe6,efference,15,i42/p1234,62423040,0.0
nty8dbe6,efference,15,i42/p1234,67338240,0.0
nty8dbe6,efference,15,i42/p1234,72007680,0.0
nty8dbe6,efference,15,i42/p1234,76922880,0.0
nty8dbe6,efference,15,i42/p1234,81838080,0.0
nty8dbe6,efference,15,i42/p1234,86507520,0.0
nty8dbe6,efference,15,i42/p1234,91422720,0.0
nty8dbe6,efference,15,i42/p1234,96092160,0.0
nty8dbe6,efference,15,i42/p1234,101007360,0.0
nty8dbe6,efference,15,i42/p1234,105676800,0.0
nty8dbe6,efference,15,i42/p1234,110592000,0.0
nty8dbe6,efference,15,i42/p1234,115261440,0.0
nty8dbe6,efference,15,i42/p1234,120176640,0.0
nty8dbe6,efference,15,i42/p1234,124846080,0.0
nty8dbe6,efference,15,i42/p1234,129761280,0.0
nty8dbe6,efference,15,i42/p1234,134430720,0.0
nty8dbe6,efference,15,i42/p1234,139345920,0.0
nty8dbe6,efference,15,i42/p1234,144015360,0.0
nty8dbe6,efference,15,i42/p1234,148930560,0.0
nty8dbe6,efference,15,i42/p1234,153600000,0.0
nty8dbe6,efference,15,i42/p1234,158515200,0.0
nty8dbe6,efference,15,i42/p1234,163430400,0.0
nty8dbe6,efference,15,i42/p1234,168099840,0.0
nty8dbe6,efference,15,i42/p1234,173015040,0.0
nty8dbe6,efference,15,i42/p1234,177684480,0.0
nty8dbe6,efference,15,i42/p1234,182599680,0.0
nty8dbe6,efference,15,i42/p1234,187269120,0.0
nty8dbe6,efference,15,i42/p1234,192184320,0.0
nty8dbe6,efference,15,i42/p1234,196853760,0.0
nty8dbe6,efference,15,i42/p1234,201768960,0.0
nty8dbe6,efference,15,i42/p1234,206438400,0.0
nty8dbe6,efference,15,i42/p1234,211353600,0.0
nty8dbe6,efference,15,i42/p1234,216023040,0.0
nty8dbe6,efference,15,i42/p1234,220938240,0.0
nty8dbe6,efference,15,i42/p1234,225607680,0.0
nty8dbe6,efference,15,i42/p1234,230522880,0.0
nty8dbe6,efference,15,i42/p1234,235438080,0.0
nty8dbe6,efference,15,i42/p1234,240107520,0.0
nty8dbe6,efference,15,i42/p1234,245022720,0.0
nty8dbe6,efference,15,i42/p1234,249692160,0.0
nty8dbe6,efference,15,i42/p1234,254607360,0.0
nty8dbe6,efference,15,i42/p1234,259276800,0.0
nty8dbe6,efference,15,i42/p1234,264192000,0.0
nty8dbe6,efference,15,i42/p1234,268861440,0.0
nty8dbe6,efference,15,i42/p1234,273776640,0.0
nty8dbe6,efference,15,i42/p1234,278446080,0.0
nty8dbe6,efference,15,i42/p1234,283361280,0.0
nty8dbe6,efference,15,i42/p1234,288030720,0.0
nty8dbe6,efference,15,i42/p1234,292945920,0.0
nty8dbe6,efference,15,i42/p1234,297615360,0.0
nty8dbe6,efference,15,i42/p1234,302530560,0.0
nty8dbe6,efference,15,i42/p1234,307200000,0.0
nty8dbe6,efference,15,i42/p1234,312115200,0.0
nty8dbe6,efference,15,i42/p1234,317030400,0.0
nty8dbe6,efference,15,i42/p1234,321699840,0.0
nty8dbe6,efference,15,i42/p1234,326615040,0.0
nty8dbe6,efference,15,i42/p1234,331284480,0.0
nty8dbe6,efference,15,i42/p1234,336199680,0.0
nty8dbe6,efference,15,i42/p1234,340869120,0.0
nty8dbe6,efference,15,i42/p1234,345784320,0.0
nty8dbe6,efference,15,i42/p1234,350453760,0.0
nty8dbe6,efference,15,i42/p1234,355368960,0.0
nty8dbe6,efference,15,i42/p1234,360038400,0.0
nty8dbe6,efference,15,i42/p1234,364953600,0.0
nty8dbe6,efference,15,i42/p1234,369623040,0.0
nty8dbe6,efference,15,i42/p1234,374538240,0.0
nty8dbe6,efference,15,i42/p1234,379207680,589.0
nty8dbe6,efference,15,i42/p1234,384122880,903.0
nty8dbe6,efference,15,i42/p1234,389038080,910.0
nty8dbe6,efference,15,i42/p1234,393707520,911.0
nty8dbe6,efference,15,i42/p1234,398622720,913.0
nty8dbe6,efference,15,i42/p1234,403292160,914.0
nty8dbe6,efference,15,i42/p1234,408207360,913.0
nty8dbe6,efference,15,i42/p1234,412876800,914.0
nty8dbe6,efference,15,i42/p1234,417792000,913.0
nty8dbe6,efference,15,i42/p1234,422461440,914.0
nty8dbe6,efference,15,i42/p1234,427376640,914.0
nty8dbe6,efference,15,i42/p1234,432046080,914.0
nty8dbe6,efference,15,i42/p1234,436961280,914.0
nty8dbe6,efference,15,i42/p1234,441630720,914.0
nty8dbe6,efference,15,i42/p1234,446545920,915.0
nty8dbe6,efference,15,i42/p1234,451215360,909.0
nty8dbe6,efference,15,i42/p1234,456130560,911.0
nty8dbe6,efference,15,i42/p1234,460800000,912.0
nty8dbe6,efference,15,i42/p1234,465715200,912.0
nty8dbe6,efference,15,i42/p1234,470630400,912.0
nty8dbe6,efference,15,i42/p1234,475299840,912.0
nty8dbe6,efference,15,i42/p1234,480215040,912.0
6a9yhy4r,efference,15,i43/p43,4915200,0.0
6a9yhy4r,efference,15,i43/p43,9830400,0.0
6a9yhy4r,efference,15,i43/p43,14499840,0.0
6a9yhy4r,efference,15,i43/p43,19415040,0.0
6a9yhy4r,efference,15,i43/p43,24084480,0.0
6a9yhy4r,efference,15,i43/p43,28999680,0.0
6a9yhy4r,efference,15,i43/p43,33669120,0.0
6a9yhy4r,efference,15,i43/p43,38584320,0.0
6a9yhy4r,efference,15,i43/p43,43253760,0.0
6a9yhy4r,efference,15,i43/p43,48168960,0.0
6a9yhy4r,efference,15,i43/p43,52838400,0.0
6a9yhy4r,efference,15,i43/p43,57753600,0.0
6a9yhy4r,efference,15,i43/p43,62423040,0.0
6a9yhy4r,efference,15,i43/p43,67338240,0.0
6a9yhy4r,efference,15,i43/p43,72007680,0.0
6a9yhy4r,efference,15,i43/p43,76922880,0.0
6a9yhy4r,efference,15,i43/p43,81838080,0.0
6a9yhy4r,efference,15,i43/p43,86507520,0.0
6a9yhy4r,efference,15,i43/p43,91422720,0.0
6a9yhy4r,efference,15,i43/p43,96092160,0.0
6a9yhy4r,efference,15,i43/p43,101007360,0.0
6a9yhy4r,efference,15,i43/p43,105676800,0.0
6a9yhy4r,efference,15,i43/p43,110592000,0.0
6a9yhy4r,efference,15,i43/p43,115261440,0.0
6a9yhy4r,efference,15,i43/p43,120176640,0.0
6a9yhy4r,efference,15,i43/p43,124846080,0.0
6a9yhy4r,efference,15,i43/p43,129761280,0.0
6a9yhy4r,efference,15,i43/p43,134430720,0.0
6a9yhy4r,efference,15,i43/p43,139345920,0.0
6a9yhy4r,efference,15,i43/p43,144015360,0.0
6a9yhy4r,efference,15,i43/p43,148930560,0.0
6a9yhy4r,efference,15,i43/p43,153600000,0.0
6a9yhy4r,efference,15,i43/p43,158515200,0.0
6a9yhy4r,efference,15,i43/p43,163430400,0.0
6a9yhy4r,efference,15,i43/p43,168099840,0.0
6a9yhy4r,efference,15,i43/p43,173015040,0.0
6a9yhy4r,efference,15,i43/p43,177684480,0.0
6a9yhy4r,efference,15,i43/p43,182599680,0.0
6a9yhy4r,efference,15,i43/p43,187269120,0.0
6a9yhy4r,efference,15,i43/p43,192184320,0.0
6a9yhy4r,efference,15,i43/p43,196853760,0.0
6a9yhy4r,efference,15,i43/p43,201768960,0.0
6a9yhy4r,efference,15,i43/p43,206438400,0.0
6a9yhy4r,efference,15,i43/p43,211353600,0.0
6a9yhy4r,efference,15,i43/p43,216023040,0.0
6a9yhy4r,efference,15,i43/p43,220938240,0.0
6a9yhy4r,efference,15,i43/p43,225607680,0.0
6a9yhy4r,efference,15,i43/p43,230522880,0.0
6a9yhy4r,efference,15,i43/p43,235438080,0.0
6a9yhy4r,efference,15,i43/p43,240107520,0.0
6a9yhy4r,efference,15,i43/p43,245022720,0.0
6a9yhy4r,efference,15,i43/p43,249692160,0.0
6a9yhy4r,efference,15,i43/p43,254607360,0.0
6a9yhy4r,efference,15,i43/p43,259276800,0.0
6a9yhy4r,efference,15,i43/p43,264192000,0.0
6a9yhy4r,efference,15,i43/p43,268861440,0.0
6a9yhy4r,efference,15,i43/p43,273776640,0.0
6a9yhy4r,efference,15,i43/p43,278446080,0.0
6a9yhy4r,efference,15,i43/p43,283361280,0.0
6a9yhy4r,efference,15,i43/p43,288030720,0.0
6a9yhy4r,efference,15,i43/p43,292945920,0.0
6a9yhy4r,efference,15,i43/p43,297615360,0.0
6a9yhy4r,efference,15,i43/p43,302530560,0.0
6a9yhy4r,efference,15,i43/p43,307200000,0.0
6a9yhy4r,efference,15,i43/p43,312115200,0.0
6a9yhy4r,efference,15,i43/p43,317030400,0.0
6a9yhy4r,efference,15,i43/p43,321699840,0.0
6a9yhy4r,efference,15,i43/p43,326615040,0.0
6a9yhy4r,efference,15,i43/p43,331284480,0.0
6a9yhy4r,efference,15,i43/p43,336199680,0.0
6a9yhy4r,efference,15,i43/p43,340869120,0.0
6a9yhy4r,efference,15,i43/p43,345784320,0.0
6a9yhy4r,efference,15,i43/p43,350453760,0.0
6a9yhy4r,efference,15,i43/p43,355368960,628.0
6a9yhy4r,efference,15,i43/p43,360038400,0.0
6a9yhy4r,efference,15,i43/p43,364953600,818.0
6a9yhy4r,efference,15,i43/p43,369623040,928.0
6a9yhy4r,efference,15,i43/p43,374538240,940.0
6a9yhy4r,efference,15,i43/p43,379207680,839.0
6a9yhy4r,efference,15,i43/p43,384122880,941.0
6a9yhy4r,efference,15,i43/p43,389038080,722.0
6a9yhy4r,efference,15,i43/p43,393707520,295.0
6a9yhy4r,efference,15,i43/p43,398622720,802.0
6a9yhy4r,efference,15,i43/p43,403292160,936.0
6a9yhy4r,efference,15,i43/p43,408207360,939.0
6a9yhy4r,efference,15,i43/p43,412876800,783.0
6a9yhy4r,efference,15,i43/p43,417792000,937.0
6a9yhy4r,efference,15,i43/p43,422461440,934.0
6a9yhy4r,efference,15,i43/p43,427376640,941.0
6a9yhy4r,efference,15,i43/p43,432046080,941.0
6a9yhy4r,efference,15,i43/p43,436961280,0.0
6a9yhy4r,efference,15,i43/p43,441630720,0.0
6a9yhy4r,efference,15,i43/p43,446545920,0.0
6a9yhy4r,efference,15,i43/p43,451215360,0.0
6a9yhy4r,efference,15,i43/p43,456130560,912.0
6a9yhy4r,efference,15,i43/p43,460800000,915.0
6a9yhy4r,efference,15,i43/p43,465715200,913.0
6a9yhy4r,efference,15,i43/p43,470630400,0.0
6a9yhy4r,efference,15,i43/p43,475299840,915.0
6a9yhy4r,efference,15,i43/p43,480215040,914.0
7w5ubmtv,efference,15,i44/p44,4915200,0.0
7w5ubmtv,efference,15,i44/p44,9830400,0.0
7w5ubmtv,efference,15,i44/p44,14499840,948.0
7w5ubmtv,efference,15,i44/p44,19415040,955.0
7w5ubmtv,efference,15,i44/p44,24084480,958.0
7w5ubmtv,efference,15,i44/p44,28999680,959.0
7w5ubmtv,efference,15,i44/p44,33669120,959.0
7w5ubmtv,efference,15,i44/p44,38584320,952.0
7w5ubmtv,efference,15,i44/p44,43253760,960.0
7w5ubmtv,efference,15,i44/p44,48168960,961.0
7w5ubmtv,efference,15,i44/p44,52838400,962.0
7w5ubmtv,efference,15,i44/p44,57753600,962.0
7w5ubmtv,efference,15,i44/p44,62423040,963.0
7w5ubmtv,efference,15,i44/p44,67338240,963.0
7w5ubmtv,efference,15,i44/p44,72007680,963.0
7w5ubmtv,efference,15,i44/p44,76922880,963.0
7w5ubmtv,efference,15,i44/p44,81838080,964.0
7w5ubmtv,efference,15,i44/p44,86507520,964.0
7w5ubmtv,efference,15,i44/p44,91422720,965.0
7w5ubmtv,efference,15,i44/p44,96092160,964.0
7w5ubmtv,efference,15,i44/p44,101007360,965.0
7w5ubmtv,efference,15,i44/p44,105676800,965.0
7w5ubmtv,efference,15,i44/p44,110592000,965.0
7w5ubmtv,efference,15,i44/p44,115261440,964.0
7w5ubmtv,efference,15,i44/p44,120176640,965.0
7w5ubmtv,efference,15,i44/p44,124846080,965.0
7w5ubmtv,efference,15,i44/p44,129761280,965.0
7w5ubmtv,efference,15,i44/p44,134430720,964.0
7w5ubmtv,efference,15,i44/p44,139345920,962.0
7w5ubmtv,efference,15,i44/p44,144015360,964.0
7w5ubmtv,efference,15,i44/p44,148930560,962.0
7w5ubmtv,efference,15,i44/p44,153600000,964.0
7w5ubmtv,efference,15,i44/p44,158515200,965.0
7w5ubmtv,efference,15,i44/p44,163430400,966.0
7w5ubmtv,efference,15,i44/p44,168099840,964.0
7w5ubmtv,efference,15,i44/p44,173015040,959.0
7w5ubmtv,efference,15,i44/p44,177684480,963.0
7w5ubmtv,efference,15,i44/p44,182599680,964.0
7w5ubmtv,efference,15,i44/p44,187269120,949.0
7w5ubmtv,efference,15,i44/p44,192184320,605.0
7w5ubmtv,efference,15,i44/p44,196853760,901.0
7w5ubmtv,efference,15,i44/p44,201768960,952.0
7w5ubmtv,efference,15,i44/p44,206438400,964.0
7w5ubmtv,efference,15,i44/p44,211353600,965.0
7w5ubmtv,efference,15,i44/p44,216023040,963.0
7w5ubmtv,efference,15,i44/p44,220938240,963.0
7w5ubmtv,efference,15,i44/p44,225607680,965.0
7w5ubmtv,efference,15,i44/p44,230522880,965.0
7w5ubmtv,efference,15,i44/p44,235438080,965.0
7w5ubmtv,efference,15,i44/p44,240107520,964.0
7w5ubmtv,efference,15,i44/p44,245022720,0.0
7w5ubmtv,efference,15,i44/p44,249692160,889.0
7w5ubmtv,efference,15,i44/p44,254607360,891.0
7w5ubmtv,efference,15,i44/p44,259276800,892.0
7w5ubmtv,efference,15,i44/p44,264192000,891.0
7w5ubmtv,efference,15,i44/p44,268861440,890.0
7w5ubmtv,efference,15,i44/p44,273776640,0.0
7w5ubmtv,efference,15,i44/p44,278446080,0.0
7w5ubmtv,efference,15,i44/p44,283361280,0.0
7w5ubmtv,efference,15,i44/p44,288030720,0.0
7w5ubmtv,efference,15,i44/p44,292945920,0.0
7w5ubmtv,efference,15,i44/p44,297615360,0.0
7w5ubmtv,efference,15,i44/p44,302530560,0.0
7w5ubmtv,efference,15,i44/p44,307200000,0.0
7w5ubmtv,efference,15,i44/p44,312115200,0.0
7w5ubmtv,efference,15,i44/p44,317030400,0.0
7w5ubmtv,efference,15,i44/p44,321699840,0.0
7w5ubmtv,efference,15,i44/p44,326615040,0.0
7w5ubmtv,efference,15,i44/p44,331284480,0.0
7w5ubmtv,efference,15,i44/p44,336199680,0.0
7w5ubmtv,efference,15,i44/p44,340869120,0.0
7w5ubmtv,efference,15,i44/p44,345784320,0.0
7w5ubmtv,efference,15,i44/p44,350453760,0.0
7w5ubmtv,efference,15,i44/p44,355368960,0.0
7w5ubmtv,efference,15,i44/p44,360038400,0.0
7w5ubmtv,efference,15,i44/p44,364953600,0.0
7w5ubmtv,efference,15,i44/p44,369623040,0.0
7w5ubmtv,efference,15,i44/p44,374538240,0.0
7w5ubmtv,efference,15,i44/p44,379207680,0.0
7w5ubmtv,efference,15,i44/p44,384122880,0.0
7w5ubmtv,efference,15,i44/p44,389038080,0.0
7w5ubmtv,efference,15,i44/p44,393707520,0.0
7w5ubmtv,efference,15,i44/p44,398622720,0.0
7w5ubmtv,efference,15,i44/p44,403292160,0.0
7w5ubmtv,efference,15,i44/p44,408207360,0.0
7w5ubmtv,efference,15,i44/p44,412876800,0.0
7w5ubmtv,efference,15,i44/p44,417792000,0.0
7w5ubmtv,efference,15,i44/p44,422461440,0.0
7w5ubmtv,efference,15,i44/p44,427376640,0.0
7w5ubmtv,efference,15,i44/p44,432046080,0.0
7w5ubmtv,efference,15,i44/p44,436961280,0.0
7w5ubmtv,efference,15,i44/p44,441630720,0.0
7w5ubmtv,efference,15,i44/p44,446545920,0.0
7w5ubmtv,efference,15,i44/p44,451215360,0.0
7w5ubmtv,efference,15,i44/p44,456130560,0.0
7w5ubmtv,efference,15,i44/p44,460800000,0.0
7w5ubmtv,efference,15,i44/p44,465715200,0.0
7w5ubmtv,efference,15,i44/p44,470630400,0.0
7w5ubmtv,efference,15,i44/p44,475299840,0.0
7w5ubmtv,efference,15,i44/p44,480215040,0.0
p6lbju3i,efference,20,i43/p43,4915200,0.0
p6lbju3i,efference,20,i43/p43,9830400,0.0
p6lbju3i,efference,20,i43/p43,14499840,0.0
p6lbju3i,efference,20,i43/p43,19415040,0.0
p6lbju3i,efference,20,i43/p43,24084480,0.0
p6lbju3i,efference,20,i43/p43,28999680,0.0
p6lbju3i,efference,20,i43/p43,33669120,0.0
p6lbju3i,efference,20,i43/p43,38584320,0.0
p6lbju3i,efference,20,i43/p43,43253760,0.0
p6lbju3i,efference,20,i43/p43,48168960,0.0
p6lbju3i,efference,20,i43/p43,52838400,0.0
p6lbju3i,efference,20,i43/p43,57753600,0.0
p6lbju3i,efference,20,i43/p43,62423040,0.0
p6lbju3i,efference,20,i43/p43,67338240,0.0
p6lbju3i,efference,20,i43/p43,72007680,0.0
p6lbju3i,efference,20,i43/p43,76922880,0.0
p6lbju3i,efference,20,i43/p43,81838080,0.0
p6lbju3i,efference,20,i43/p43,86507520,0.0
p6lbju3i,efference,20,i43/p43,91422720,0.0
p6lbju3i,efference,20,i43/p43,96092160,0.0
p6lbju3i,efference,20,i43/p43,101007360,0.0
p6lbju3i,efference,20,i43/p43,105676800,0.0
p6lbju3i,efference,20,i43/p43,110592000,0.0
p6lbju3i,efference,20,i43/p43,115261440,0.0
p6lbju3i,efference,20,i43/p43,120176640,0.0
p6lbju3i,efference,20,i43/p43,124846080,0.0
p6lbju3i,efference,20,i43/p43,129761280,0.0
p6lbju3i,efference,20,i43/p43,134430720,0.0
p6lbju3i,efference,20,i43/p43,139345920,0.0
p6lbju3i,efference,20,i43/p43,144015360,0.0
p6lbju3i,efference,20,i43/p43,148930560,0.0
p6lbju3i,efference,20,i43/p43,153600000,0.0
p6lbju3i,efference,20,i43/p43,158515200,0.0
p6lbju3i,efference,20,i43/p43,163430400,0.0
p6lbju3i,efference,20,i43/p43,168099840,0.0
p6lbju3i,efference,20,i43/p43,173015040,0.0
p6lbju3i,efference,20,i43/p43,177684480,0.0
p6lbju3i,efference,20,i43/p43,182599680,0.0
p6lbju3i,efference,20,i43/p43,187269120,0.0
p6lbju3i,efference,20,i43/p43,192184320,0.0
p6lbju3i,efference,20,i43/p43,196853760,0.0
p6lbju3i,efference,20,i43/p43,201768960,0.0
p6lbju3i,efference,20,i43/p43,206438400,0.0
p6lbju3i,efference,20,i43/p43,211353600,0.0
p6lbju3i,efference,20,i43/p43,216023040,0.0
p6lbju3i,efference,20,i43/p43,220938240,0.0
p6lbju3i,efference,20,i43/p43,225607680,0.0
p6lbju3i,efference,20,i43/p43,230522880,0.0
p6lbju3i,efference,20,i43/p43,235438080,0.0
p6lbju3i,efference,20,i43/p43,240107520,0.0
p6lbju3i,efference,20,i43/p43,245022720,0.0
p6lbju3i,efference,20,i43/p43,249692160,0.0
p6lbju3i,efference,20,i43/p43,254607360,0.0
p6lbju3i,efference,20,i43/p43,259276800,0.0
p6lbju3i,efference,20,i43/p43,264192000,0.0
p6lbju3i,efference,20,i43/p43,268861440,0.0
p6lbju3i,efference,20,i43/p43,273776640,0.0
p6lbju3i,efference,20,i43/p43,278446080,0.0
p6lbju3i,efference,20,i43/p43,283361280,0.0
p6lbju3i,efference,20,i43/p43,288030720,0.0
p6lbju3i,efference,20,i43/p43,292945920,0.0
p6lbju3i,efference,20,i43/p43,297615360,0.0
p6lbju3i,efference,20,i43/p43,302530560,0.0
p6lbju3i,efference,20,i43/p43,307200000,0.0
p6lbju3i,efference,20,i43/p43,312115200,0.0
p6lbju3i,efference,20,i43/p43,317030400,0.0
p6lbju3i,efference,20,i43/p43,321699840,0.0
p6lbju3i,efference,20,i43/p43,326615040,0.0
p6lbju3i,efference,20,i43/p43,331284480,0.0
p6lbju3i,efference,20,i43/p43,336199680,0.0
p6lbju3i,efference,20,i43/p43,340869120,0.0
p6lbju3i,efference,20,i43/p43,345784320,0.0
p6lbju3i,efference,20,i43/p43,350453760,0.0
p6lbju3i,efference,20,i43/p43,355368960,0.0
p6lbju3i,efference,20,i43/p43,360038400,0.0
p6lbju3i,efference,20,i43/p43,364953600,0.0
p6lbju3i,efference,20,i43/p43,369623040,0.0
p6lbju3i,efference,20,i43/p43,374538240,0.0
p6lbju3i,efference,20,i43/p43,379207680,0.0
p6lbju3i,efference,20,i43/p43,384122880,0.0
p6lbju3i,efference,20,i43/p43,389038080,0.0
p6lbju3i,efference,20,i43/p43,393707520,0.0
p6lbju3i,efference,20,i43/p43,398622720,0.0
p6lbju3i,efference,20,i43/p43,403292160,0.0
p6lbju3i,efference,20,i43/p43,408207360,0.0
p6lbju3i,efference,20,i43/p43,412876800,0.0
p6lbju3i,efference,20,i43/p43,417792000,0.0
p6lbju3i,efference,20,i43/p43,422461440,0.0
p6lbju3i,efference,20,i43/p43,427376640,0.0
p6lbju3i,efference,20,i43/p43,432046080,0.0
p6lbju3i,efference,20,i43/p43,436961280,0.0
p6lbju3i,efference,20,i43/p43,441630720,0.0
p6lbju3i,efference,20,i43/p43,446545920,0.0
p6lbju3i,efference,20,i43/p43,451215360,0.0
p6lbju3i,efference,20,i43/p43,456130560,0.0
p6lbju3i,efference,20,i43/p43,460800000,0.0
p6lbju3i,efference,20,i43/p43,465715200,0.0
p6lbju3i,efference,20,i43/p43,470630400,0.0
p6lbju3i,efference,20,i43/p43,475299840,0.0
p6lbju3i,efference,20,i43/p43,480215040,0.0
u9i8431t,efference,20,i44/p44,4915200,0.0
u9i8431t,efference,20,i44/p44,9830400,0.0
u9i8431t,efference,20,i44/p44,14499840,0.0
u9i8431t,efference,20,i44/p44,19415040,0.0
u9i8431t,efference,20,i44/p44,24084480,0.0
u9i8431t,efference,20,i44/p44,28999680,0.0
u9i8431t,efference,20,i44/p44,33669120,0.0
u9i8431t,efference,20,i44/p44,38584320,0.0
u9i8431t,efference,20,i44/p44,43253760,0.0
u9i8431t,efference,20,i44/p44,48168960,870.0
u9i8431t,efference,20,i44/p44,52838400,0.0
u9i8431t,efference,20,i44/p44,57753600,738.0
u9i8431t,efference,20,i44/p44,62423040,871.0
u9i8431t,efference,20,i44/p44,67338240,876.0
u9i8431t,efference,20,i44/p44,72007680,949.0
u9i8431t,efference,20,i44/p44,76922880,951.0
u9i8431t,efference,20,i44/p44,81838080,951.0
u9i8431t,efference,20,i44/p44,86507520,954.0
u9i8431t,efference,20,i44/p44,91422720,954.0
u9i8431t,efference,20,i44/p44,96092160,954.0
u9i8431t,efference,20,i44/p44,101007360,955.0
u9i8431t,efference,20,i44/p44,105676800,955.0
u9i8431t,efference,20,i44/p44,110592000,957.0
u9i8431t,efference,20,i44/p44,115261440,958.0
u9i8431t,efference,20,i44/p44,120176640,0.0
u9i8431t,efference,20,i44/p44,124846080,955.0
u9i8431t,efference,20,i44/p44,129761280,955.0
u9i8431t,efference,20,i44/p44,134430720,952.0
u9i8431t,efference,20,i44/p44,139345920,952.0
u9i8431t,efference,20,i44/p44,144015360,955.0
u9i8431t,efference,20,i44/p44,148930560,954.0
u9i8431t,efference,20,i44/p44,153600000,955.0
u9i8431t,efference,20,i44/p44,158515200,956.0
u9i8431t,efference,20,i44/p44,163430400,957.0
u9i8431t,efference,20,i44/p44,168099840,957.0
u9i8431t,efference,20,i44/p44,173015040,957.0
u9i8431t,efference,20,i44/p44,177684480,957.0
u9i8431t,efference,20,i44/p44,182599680,958.0
u9i8431t,efference,20,i44/p44,187269120,958.0
u9i8431t,efference,20,i44/p44,192184320,957.0
u9i8431t,efference,20,i44/p44,196853760,958.0
u9i8431t,efference,20,i44/p44,201768960,958.0
u9i8431t,efference,20,i44/p44,206438400,958.0
u9i8431t,efference,20,i44/p44,211353600,958.0
u9i8431t,efference,20,i44/p44,216023040,958.0
u9i8431t,efference,20,i44/p44,220938240,957.0
u9i8431t,efference,20,i44/p44,225607680,958.0
u9i8431t,efference,20,i44/p44,230522880,959.0
u9i8431t,efference,20,i44/p44,235438080,0.0
u9i8431t,efference,20,i44/p44,240107520,957.0
u9i8431t,efference,20,i44/p44,245022720,956.0
u9i8431t,efference,20,i44/p44,249692160,958.0
u9i8431t,efference,20,i44/p44,254607360,958.0
u9i8431t,efference,20,i44/p44,259276800,958.0
u9i8431t,efference,20,i44/p44,264192000,958.0
u9i8431t,efference,20,i44/p44,268861440,958.0
u9i8431t,efference,20,i44/p44,273776640,958.0
u9i8431t,efference,20,i44/p44,278446080,958.0
u9i8431t,efference,20,i44/p44,283361280,958.0
u9i8431t,efference,20,i44/p44,288030720,958.0
u9i8431t,efference,20,i44/p44,292945920,959.0
u9i8431t,efference,20,i44/p44,297615360,959.0
u9i8431t,efference,20,i44/p44,302530560,959.0
u9i8431t,efference,20,i44/p44,307200000,958.0
u9i8431t,efference,20,i44/p44,312115200,959.0
u9i8431t,efference,20,i44/p44,317030400,558.0
u9i8431t,efference,20,i44/p44,321699840,874.0
u9i8431t,efference,20,i44/p44,326615040,876.0
u9i8431t,efference,20,i44/p44,331284480,879.0
u9i8431t,efference,20,i44/p44,336199680,878.0
u9i8431t,efference,20,i44/p44,340869120,884.0
u9i8431t,efference,20,i44/p44,345784320,884.0
u9i8431t,efference,20,i44/p44,350453760,888.0
u9i8431t,efference,20,i44/p44,355368960,888.0
u9i8431t,efference,20,i44/p44,360038400,889.0
u9i8431t,efference,20,i44/p44,364953600,886.0
u9i8431t,efference,20,i44/p44,369623040,892.0
u9i8431t,efference,20,i44/p44,374538240,889.0
u9i8431t,efference,20,i44/p44,379207680,893.0
u9i8431t,efference,20,i44/p44,384122880,893.0
u9i8431t,efference,20,i44/p44,389038080,889.0
u9i8431t,efference,20,i44/p44,393707520,895.0
u9i8431t,efference,20,i44/p44,398622720,895.0
u9i8431t,efference,20,i44/p44,403292160,900.0
u9i8431t,efference,20,i44/p44,408207360,902.0
u9i8431t,efference,20,i44/p44,412876800,905.0
u9i8431t,efference,20,i44/p44,417792000,907.0
u9i8431t,efference,20,i44/p44,422461440,907.0
u9i8431t,efference,20,i44/p44,427376640,906.0
u9i8431t,efference,20,i44/p44,432046080,908.0
u9i8431t,efference,20,i44/p44,436961280,0.0
u9i8431t,efference,20,i44/p44,441630720,902.0
u9i8431t,efference,20,i44/p44,446545920,906.0
u9i8431t,efference,20,i44/p44,451215360,908.0
u9i8431t,efference,20,i44/p44,456130560,909.0
u9i8431t,efference,20,i44/p44,460800000,909.0
u9i8431t,efference,20,i44/p44,465715200,911.0
u9i8431t,efference,20,i44/p44,470630400,912.0
u9i8431t,efference,20,i44/p44,475299840,913.0
u9i8431t,efference,20,i44/p44,480215040,918.0
ljhlrucb,efference,25,i42/p1234,4915200,0.0
ljhlrucb,efference,25,i42/p1234,9830400,0.0
ljhlrucb,efference,25,i42/p1234,14499840,0.0
ljhlrucb,efference,25,i42/p1234,19415040,0.0
ljhlrucb,efference,25,i42/p1234,24084480,0.0
ljhlrucb,efference,25,i42/p1234,28999680,0.0
ljhlrucb,efference,25,i42/p1234,33669120,0.0
ljhlrucb,efference,25,i42/p1234,38584320,0.0
ljhlrucb,efference,25,i42/p1234,43253760,0.0
ljhlrucb,efference,25,i42/p1234,48168960,0.0
ljhlrucb,efference,25,i42/p1234,52838400,0.0
ljhlrucb,efference,25,i42/p1234,57753600,0.0
ljhlrucb,efference,25,i42/p1234,62423040,0.0
ljhlrucb,efference,25,i42/p1234,67338240,0.0
ljhlrucb,efference,25,i42/p1234,72007680,0.0
ljhlrucb,efference,25,i42/p1234,76922880,0.0
ljhlrucb,efference,25,i42/p1234,81838080,0.0
ljhlrucb,efference,25,i42/p1234,86507520,0.0
ljhlrucb,efference,25,i42/p1234,91422720,0.0
ljhlrucb,efference,25,i42/p1234,96092160,0.0
ljhlrucb,efference,25,i42/p1234,101007360,0.0
ljhlrucb,efference,25,i42/p1234,105676800,0.0
ljhlrucb,efference,25,i42/p1234,110592000,0.0
ljhlrucb,efference,25,i42/p1234,115261440,0.0
ljhlrucb,efference,25,i42/p1234,120176640,0.0
ljhlrucb,efference,25,i42/p1234,124846080,0.0
ljhlrucb,efference,25,i42/p1234,129761280,0.0
ljhlrucb,efference,25,i42/p1234,134430720,0.0
ljhlrucb,efference,25,i42/p1234,139345920,0.0
ljhlrucb,efference,25,i42/p1234,144015360,0.0
ljhlrucb,efference,25,i42/p1234,148930560,611.0
ljhlrucb,efference,25,i42/p1234,153600000,910.0
ljhlrucb,efference,25,i42/p1234,158515200,920.0
ljhlrucb,efference,25,i42/p1234,163430400,920.0
ljhlrucb,efference,25,i42/p1234,168099840,922.0
ljhlrucb,efference,25,i42/p1234,173015040,921.0
ljhlrucb,efference,25,i42/p1234,177684480,921.0
ljhlrucb,efference,25,i42/p1234,182599680,922.0
ljhlrucb,efference,25,i42/p1234,187269120,923.0
ljhlrucb,efference,25,i42/p1234,192184320,921.0
ljhlrucb,efference,25,i42/p1234,196853760,921.0
ljhlrucb,efference,25,i42/p1234,201768960,922.0
ljhlrucb,efference,25,i42/p1234,206438400,923.0
ljhlrucb,efference,25,i42/p1234,211353600,922.0
ljhlrucb,efference,25,i42/p1234,216023040,922.0
ljhlrucb,efference,25,i42/p1234,220938240,921.0
ljhlrucb,efference,25,i42/p1234,225607680,921.0
ljhlrucb,efference,25,i42/p1234,230522880,922.0
ljhlrucb,efference,25,i42/p1234,235438080,923.0
ljhlrucb,efference,25,i42/p1234,240107520,922.0
ljhlrucb,efference,25,i42/p1234,245022720,922.0
ljhlrucb,efference,25,i42/p1234,249692160,919.0
ljhlrucb,efference,25,i42/p1234,254607360,921.0
ljhlrucb,efference,25,i42/p1234,259276800,922.0
ljhlrucb,efference,25,i42/p1234,264192000,921.0
ljhlrucb,efference,25,i42/p1234,268861440,921.0
ljhlrucb,efference,25,i42/p1234,273776640,921.0
ljhlrucb,efference,25,i42/p1234,278446080,921.0
ljhlrucb,efference,25,i42/p1234,283361280,921.0
ljhlrucb,efference,25,i42/p1234,288030720,921.0
ljhlrucb,efference,25,i42/p1234,292945920,921.0
ljhlrucb,efference,25,i42/p1234,297615360,925.0
ljhlrucb,efference,25,i42/p1234,302530560,924.0
ljhlrucb,efference,25,i42/p1234,307200000,924.0
ljhlrucb,efference,25,i42/p1234,312115200,923.0
ljhlrucb,efference,25,i42/p1234,317030400,923.0
ljhlrucb,efference,25,i42/p1234,321699840,923.0
ljhlrucb,efference,25,i42/p1234,326615040,923.0
ljhlrucb,efference,25,i42/p1234,331284480,924.0
ljhlrucb,efference,25,i42/p1234,336199680,924.0
ljhlrucb,efference,25,i42/p1234,340869120,924.0
ljhlrucb,efference,25,i42/p1234,345784320,925.0
ljhlrucb,efference,25,i42/p1234,350453760,925.0
ljhlrucb,efference,25,i42/p1234,355368960,924.0
ljhlrucb,efference,25,i42/p1234,360038400,924.0
ljhlrucb,efference,25,i42/p1234,364953600,924.0
ljhlrucb,efference,25,i42/p1234,369623040,924.0
ljhlrucb,efference,25,i42/p1234,374538240,925.0
ljhlrucb,efference,25,i42/p1234,379207680,926.0
ljhlrucb,efference,25,i42/p1234,384122880,926.0
ljhlrucb,efference,25,i42/p1234,389038080,925.0
ljhlrucb,efference,25,i42/p1234,393707520,927.0
ljhlrucb,efference,25,i42/p1234,398622720,926.0
ljhlrucb,efference,25,i42/p1234,403292160,926.0
ljhlrucb,efference,25,i42/p1234,408207360,925.0
ljhlrucb,efference,25,i42/p1234,412876800,927.0
ljhlrucb,efference,25,i42/p1234,417792000,927.0
ljhlrucb,efference,25,i42/p1234,422461440,927.0
ljhlrucb,efference,25,i42/p1234,427376640,927.0
ljhlrucb,efference,25,i42/p1234,432046080,927.0
ljhlrucb,efference,25,i42/p1234,436961280,925.0
ljhlrucb,efference,25,i42/p1234,441630720,926.0
ljhlrucb,efference,25,i42/p1234,446545920,927.0
ljhlrucb,efference,25,i42/p1234,451215360,928.0
ljhlrucb,efference,25,i42/p1234,456130560,928.0
ljhlrucb,efference,25,i42/p1234,460800000,928.0
ljhlrucb,efference,25,i42/p1234,465715200,928.0
ljhlrucb,efference,25,i42/p1234,470630400,928.0
ljhlrucb,efference,25,i42/p1234,475299840,925.0
ljhlrucb,efference,25,i42/p1234,480215040,925.0
ck0ez1pe,efference,25,i43/p43,4915200,0.0
ck0ez1pe,efference,25,i43/p43,9830400,0.0
ck0ez1pe,efference,25,i43/p43,14499840,0.0
ck0ez1pe,efference,25,i43/p43,19415040,0.0
ck0ez1pe,efference,25,i43/p43,24084480,0.0
ck0ez1pe,efference,25,i43/p43,28999680,0.0
ck0ez1pe,efference,25,i43/p43,33669120,0.0
ck0ez1pe,efference,25,i43/p43,38584320,0.0
ck0ez1pe,efference,25,i43/p43,43253760,0.0
ck0ez1pe,efference,25,i43/p43,48168960,0.0
ck0ez1pe,efference,25,i43/p43,52838400,0.0
ck0ez1pe,efference,25,i43/p43,57753600,0.0
ck0ez1pe,efference,25,i43/p43,62423040,0.0
ck0ez1pe,efference,25,i43/p43,67338240,0.0
ck0ez1pe,efference,25,i43/p43,72007680,0.0
ck0ez1pe,efference,25,i43/p43,76922880,0.0
ck0ez1pe,efference,25,i43/p43,81838080,0.0
ck0ez1pe,efference,25,i43/p43,86507520,0.0
ck0ez1pe,efference,25,i43/p43,91422720,0.0
ck0ez1pe,efference,25,i43/p43,96092160,0.0
ck0ez1pe,efference,25,i43/p43,101007360,0.0
ck0ez1pe,efference,25,i43/p43,105676800,0.0
ck0ez1pe,efference,25,i43/p43,110592000,0.0
ck0ez1pe,efference,25,i43/p43,115261440,0.0
ck0ez1pe,efference,25,i43/p43,120176640,0.0
ck0ez1pe,efference,25,i43/p43,124846080,0.0
ck0ez1pe,efference,25,i43/p43,129761280,0.0
ck0ez1pe,efference,25,i43/p43,134430720,0.0
ck0ez1pe,efference,25,i43/p43,139345920,0.0
ck0ez1pe,efference,25,i43/p43,144015360,0.0
ck0ez1pe,efference,25,i43/p43,148930560,0.0
ck0ez1pe,efference,25,i43/p43,153600000,0.0
ck0ez1pe,efference,25,i43/p43,158515200,0.0
ck0ez1pe,efference,25,i43/p43,163430400,0.0
ck0ez1pe,efference,25,i43/p43,168099840,88.0
ck0ez1pe,efference,25,i43/p43,173015040,0.0
ck0ez1pe,efference,25,i43/p43,177684480,0.0
ck0ez1pe,efference,25,i43/p43,182599680,0.0
ck0ez1pe,efference,25,i43/p43,187269120,0.0
ck0ez1pe,efference,25,i43/p43,192184320,0.0
ck0ez1pe,efference,25,i43/p43,196853760,617.0
ck0ez1pe,efference,25,i43/p43,201768960,19.0
ck0ez1pe,efference,25,i43/p43,206438400,808.0
ck0ez1pe,efference,25,i43/p43,211353600,811.0
ck0ez1pe,efference,25,i43/p43,216023040,835.0
ck0ez1pe,efference,25,i43/p43,220938240,923.0
ck0ez1pe,efference,25,i43/p43,225607680,929.0
ck0ez1pe,efference,25,i43/p43,230522880,931.0
ck0ez1pe,efference,25,i43/p43,235438080,930.0
ck0ez1pe,efference,25,i43/p43,240107520,934.0
ck0ez1pe,efference,25,i43/p43,245022720,934.0
ck0ez1pe,efference,25,i43/p43,249692160,935.0
ck0ez1pe,efference,25,i43/p43,254607360,936.0
ck0ez1pe,efference,25,i43/p43,259276800,938.0
ck0ez1pe,efference,25,i43/p43,264192000,934.0
ck0ez1pe,efference,25,i43/p43,268861440,366.0
ck0ez1pe,efference,25,i43/p43,273776640,936.0
ck0ez1pe,efference,25,i43/p43,278446080,938.0
ck0ez1pe,efference,25,i43/p43,283361280,939.0
ck0ez1pe,efference,25,i43/p43,288030720,939.0
ck0ez1pe,efference,25,i43/p43,292945920,939.0
ck0ez1pe,efference,25,i43/p43,297615360,938.0
ck0ez1pe,efference,25,i43/p43,302530560,939.0
ck0ez1pe,efference,25,i43/p43,307200000,939.0
ck0ez1pe,efference,25,i43/p43,312115200,939.0
ck0ez1pe,efference,25,i43/p43,317030400,939.0
ck0ez1pe,efference,25,i43/p43,321699840,938.0
ck0ez1pe,efference,25,i43/p43,326615040,938.0
ck0ez1pe,efference,25,i43/p43,331284480,940.0
ck0ez1pe,efference,25,i43/p43,336199680,941.0
ck0ez1pe,efference,25,i43/p43,340869120,941.0
ck0ez1pe,efference,25,i43/p43,345784320,941.0
ck0ez1pe,efference,25,i43/p43,350453760,941.0
ck0ez1pe,efference,25,i43/p43,355368960,941.0
ck0ez1pe,efference,25,i43/p43,360038400,940.0
ck0ez1pe,efference,25,i43/p43,364953600,939.0
ck0ez1pe,efference,25,i43/p43,369623040,942.0
ck0ez1pe,efference,25,i43/p43,374538240,942.0
ck0ez1pe,efference,25,i43/p43,379207680,941.0
ck0ez1pe,efference,25,i43/p43,384122880,942.0
ck0ez1pe,efference,25,i43/p43,389038080,942.0
ck0ez1pe,efference,25,i43/p43,393707520,942.0
ck0ez1pe,efference,25,i43/p43,398622720,942.0
ck0ez1pe,efference,25,i43/p43,403292160,942.0
ck0ez1pe,efference,25,i43/p43,408207360,943.0
ck0ez1pe,efference,25,i43/p43,412876800,943.0
ck0ez1pe,efference,25,i43/p43,417792000,943.0
ck0ez1pe,efference,25,i43/p43,422461440,943.0
ck0ez1pe,efference,25,i43/p43,427376640,943.0
ck0ez1pe,efference,25,i43/p43,432046080,942.0
ck0ez1pe,efference,25,i43/p43,436961280,943.0
ck0ez1pe,efference,25,i43/p43,441630720,943.0
ck0ez1pe,efference,25,i43/p43,446545920,943.0
ck0ez1pe,efference,25,i43/p43,451215360,943.0
ck0ez1pe,efference,25,i43/p43,456130560,931.0
ck0ez1pe,efference,25,i43/p43,460800000,0.0
ck0ez1pe,efference,25,i43/p43,465715200,844.0
ck0ez1pe,efference,25,i43/p43,470630400,941.0
ck0ez1pe,efference,25,i43/p43,475299840,941.0
ck0ez1pe,efference,25,i43/p43,480215040,942.0
aenhc8wi,efference,25,i44/p44,4915200,0.0
aenhc8wi,efference,25,i44/p44,9830400,0.0
aenhc8wi,efference,25,i44/p44,14499840,863.0
aenhc8wi,efference,25,i44/p44,19415040,949.0
aenhc8wi,efference,25,i44/p44,24084480,950.0
aenhc8wi,efference,25,i44/p44,28999680,951.0
aenhc8wi,efference,25,i44/p44,33669120,951.0
aenhc8wi,efference,25,i44/p44,38584320,951.0
aenhc8wi,efference,25,i44/p44,43253760,952.0
aenhc8wi,efference,25,i44/p44,48168960,952.0
aenhc8wi,efference,25,i44/p44,52838400,952.0
aenhc8wi,efference,25,i44/p44,57753600,952.0
aenhc8wi,efference,25,i44/p44,62423040,952.0
aenhc8wi,efference,25,i44/p44,67338240,953.0
aenhc8wi,efference,25,i44/p44,72007680,952.0
aenhc8wi,efference,25,i44/p44,76922880,953.0
aenhc8wi,efference,25,i44/p44,81838080,952.0
aenhc8wi,efference,25,i44/p44,86507520,953.0
aenhc8wi,efference,25,i44/p44,91422720,954.0
aenhc8wi,efference,25,i44/p44,96092160,0.0
aenhc8wi,efference,25,i44/p44,101007360,0.0
aenhc8wi,efference,25,i44/p44,105676800,896.0
aenhc8wi,efference,25,i44/p44,110592000,895.0
aenhc8wi,efference,25,i44/p44,115261440,894.0
aenhc8wi,efference,25,i44/p44,120176640,896.0
aenhc8wi,efference,25,i44/p44,124846080,897.0
aenhc8wi,efference,25,i44/p44,129761280,896.0
aenhc8wi,efference,25,i44/p44,134430720,898.0
aenhc8wi,efference,25,i44/p44,139345920,898.0
aenhc8wi,efference,25,i44/p44,144015360,900.0
aenhc8wi,efference,25,i44/p44,148930560,901.0
aenhc8wi,efference,25,i44/p44,153600000,902.0
aenhc8wi,efference,25,i44/p44,158515200,903.0
aenhc8wi,efference,25,i44/p44,163430400,906.0
aenhc8wi,efference,25,i44/p44,168099840,908.0
aenhc8wi,efference,25,i44/p44,173015040,910.0
aenhc8wi,efference,25,i44/p44,177684480,911.0
aenhc8wi,efference,25,i44/p44,182599680,913.0
aenhc8wi,efference,25,i44/p44,187269120,914.0
aenhc8wi,efference,25,i44/p44,192184320,917.0
aenhc8wi,efference,25,i44/p44,196853760,918.0
aenhc8wi,efference,25,i44/p44,201768960,919.0
aenhc8wi,efference,25,i44/p44,206438400,920.0
aenhc8wi,efference,25,i44/p44,211353600,921.0
aenhc8wi,efference,25,i44/p44,216023040,922.0
aenhc8wi,efference,25,i44/p44,220938240,924.0
aenhc8wi,efference,25,i44/p44,225607680,925.0
aenhc8wi,efference,25,i44/p44,230522880,926.0
aenhc8wi,efference,25,i44/p44,235438080,927.0
aenhc8wi,efference,25,i44/p44,240107520,928.0
aenhc8wi,efference,25,i44/p44,245022720,929.0
aenhc8wi,efference,25,i44/p44,249692160,930.0
aenhc8wi,efference,25,i44/p44,254607360,932.0
aenhc8wi,efference,25,i44/p44,259276800,933.0
aenhc8wi,efference,25,i44/p44,264192000,935.0
aenhc8wi,efference,25,i44/p44,268861440,936.0
aenhc8wi,efference,25,i44/p44,273776640,937.0
aenhc8wi,efference,25,i44/p44,278446080,937.0
aenhc8wi,efference,25,i44/p44,283361280,938.0
aenhc8wi,efference,25,i44/p44,288030720,938.0
aenhc8wi,efference,25,i44/p44,292945920,939.0
aenhc8wi,efference,25,i44/p44,297615360,939.0
aenhc8wi,efference,25,i44/p44,302530560,939.0
aenhc8wi,efference,25,i44/p44,307200000,940.0
aenhc8wi,efference,25,i44/p44,312115200,940.0
aenhc8wi,efference,25,i44/p44,317030400,940.0
aenhc8wi,efference,25,i44/p44,321699840,941.0
aenhc8wi,efference,25,i44/p44,326615040,941.0
aenhc8wi,efference,25,i44/p44,331284480,942.0
aenhc8wi,efference,25,i44/p44,336199680,942.0
aenhc8wi,efference,25,i44/p44,340869120,943.0
aenhc8wi,efference,25,i44/p44,345784320,943.0
aenhc8wi,efference,25,i44/p44,350453760,944.0
aenhc8wi,efference,25,i44/p44,355368960,0.0
aenhc8wi,efference,25,i44/p44,360038400,0.0
aenhc8wi,efference,25,i44/p44,364953600,0.0
aenhc8wi,efference,25,i44/p44,369623040,0.0
aenhc8wi,efference,25,i44/p44,374538240,941.0
aenhc8wi,efference,25,i44/p44,379207680,944.0
aenhc8wi,efference,25,i44/p44,384122880,945.0
aenhc8wi,efference,25,i44/p44,389038080,945.0
aenhc8wi,efference,25,i44/p44,393707520,945.0
aenhc8wi,efference,25,i44/p44,398622720,945.0
aenhc8wi,efference,25,i44/p44,403292160,945.0
aenhc8wi,efference,25,i44/p44,408207360,945.0
aenhc8wi,efference,25,i44/p44,412876800,945.0
aenhc8wi,efference,25,i44/p44,417792000,946.0
aenhc8wi,efference,25,i44/p44,422461440,946.0
aenhc8wi,efference,25,i44/p44,427376640,946.0
aenhc8wi,efference,25,i44/p44,432046080,946.0
aenhc8wi,efference,25,i44/p44,436961280,946.0
aenhc8wi,efference,25,i44/p44,441630720,946.0
aenhc8wi,efference,25,i44/p44,446545920,945.0
aenhc8wi,efference,25,i44/p44,451215360,946.0
aenhc8wi,efference,25,i44/p44,456130560,946.0
aenhc8wi,efference,25,i44/p44,460800000,947.0
aenhc8wi,efference,25,i44/p44,465715200,947.0
aenhc8wi,efference,25,i44/p44,470630400,942.0
aenhc8wi,efference,25,i44/p44,475299840,947.0
aenhc8wi,efference,25,i44/p44,480215040,947.0
0i2r1kb0,flat_forward_model,2,i42/p1234,4915200,0.0
0i2r1kb0,flat_forward_model,2,i42/p1234,9830400,906.0
0i2r1kb0,flat_forward_model,2,i42/p1234,14499840,935.0
0i2r1kb0,flat_forward_model,2,i42/p1234,19415040,942.0
0i2r1kb0,flat_forward_model,2,i42/p1234,24084480,946.0
0i2r1kb0,flat_forward_model,2,i42/p1234,28999680,942.0
0i2r1kb0,flat_forward_model,2,i42/p1234,33669120,945.0
0i2r1kb0,flat_forward_model,2,i42/p1234,38584320,947.0
0i2r1kb0,flat_forward_model,2,i42/p1234,43253760,948.0
0i2r1kb0,flat_forward_model,2,i42/p1234,48168960,951.0
0i2r1kb0,flat_forward_model,2,i42/p1234,52838400,952.0
0i2r1kb0,flat_forward_model,2,i42/p1234,57753600,954.0
0i2r1kb0,flat_forward_model,2,i42/p1234,62423040,938.0
0i2r1kb0,flat_forward_model,2,i42/p1234,67338240,946.0
0i2r1kb0,flat_forward_model,2,i42/p1234,72007680,947.0
0i2r1kb0,flat_forward_model,2,i42/p1234,76922880,948.0
0i2r1kb0,flat_forward_model,2,i42/p1234,81838080,946.0
0i2r1kb0,flat_forward_model,2,i42/p1234,86507520,946.0
0i2r1kb0,flat_forward_model,2,i42/p1234,91422720,946.0
0i2r1kb0,flat_forward_model,2,i42/p1234,96092160,943.0
0i2r1kb0,flat_forward_model,2,i42/p1234,101007360,945.0
0i2r1kb0,flat_forward_model,2,i42/p1234,105676800,943.0
0i2r1kb0,flat_forward_model,2,i42/p1234,110592000,945.0
0i2r1kb0,flat_forward_model,2,i42/p1234,115261440,946.0
0i2r1kb0,flat_forward_model,2,i42/p1234,120176640,946.0
0i2r1kb0,flat_forward_model,2,i42/p1234,124846080,947.0
0i2r1kb0,flat_forward_model,2,i42/p1234,129761280,948.0
0i2r1kb0,flat_forward_model,2,i42/p1234,134430720,948.0
0i2r1kb0,flat_forward_model,2,i42/p1234,139345920,949.0
0i2r1kb0,flat_forward_model,2,i42/p1234,144015360,950.0
0i2r1kb0,flat_forward_model,2,i42/p1234,148930560,950.0
0i2r1kb0,flat_forward_model,2,i42/p1234,153600000,950.0
0i2r1kb0,flat_forward_model,2,i42/p1234,158515200,950.0
0i2r1kb0,flat_forward_model,2,i42/p1234,163430400,951.0
0i2r1kb0,flat_forward_model,2,i42/p1234,168099840,952.0
0i2r1kb0,flat_forward_model,2,i42/p1234,173015040,946.0
0i2r1kb0,flat_forward_model,2,i42/p1234,177684480,955.0
0i2r1kb0,flat_forward_model,2,i42/p1234,182599680,956.0
0i2r1kb0,flat_forward_model,2,i42/p1234,187269120,957.0
0i2r1kb0,flat_forward_model,2,i42/p1234,192184320,957.0
0i2r1kb0,flat_forward_model,2,i42/p1234,196853760,959.0
0i2r1kb0,flat_forward_model,2,i42/p1234,201768960,960.0
0i2r1kb0,flat_forward_model,2,i42/p1234,206438400,961.0
0i2r1kb0,flat_forward_model,2,i42/p1234,211353600,962.0
0i2r1kb0,flat_forward_model,2,i42/p1234,216023040,962.0
0i2r1kb0,flat_forward_model,2,i42/p1234,220938240,961.0
0i2r1kb0,flat_forward_model,2,i42/p1234,225607680,962.0
0i2r1kb0,flat_forward_model,2,i42/p1234,230522880,963.0
0i2r1kb0,flat_forward_model,2,i42/p1234,235438080,963.0
0i2r1kb0,flat_forward_model,2,i42/p1234,240107520,963.0
0i2r1kb0,flat_forward_model,2,i42/p1234,245022720,963.0
0i2r1kb0,flat_forward_model,2,i42/p1234,249692160,964.0
0i2r1kb0,flat_forward_model,2,i42/p1234,254607360,964.0
0i2r1kb0,flat_forward_model,2,i42/p1234,259276800,964.0
0i2r1kb0,flat_forward_model,2,i42/p1234,264192000,964.0
0i2r1kb0,flat_forward_model,2,i42/p1234,268861440,964.0
0i2r1kb0,flat_forward_model,2,i42/p1234,273776640,964.0
0i2r1kb0,flat_forward_model,2,i42/p1234,278446080,964.0
0i2r1kb0,flat_forward_model,2,i42/p1234,283361280,964.0
0i2r1kb0,flat_forward_model,2,i42/p1234,288030720,964.0
0i2r1kb0,flat_forward_model,2,i42/p1234,292945920,964.0
0i2r1kb0,flat_forward_model,2,i42/p1234,297615360,964.0
0i2r1kb0,flat_forward_model,2,i42/p1234,302530560,964.0
0i2r1kb0,flat_forward_model,2,i42/p1234,307200000,964.0
0i2r1kb0,flat_forward_model,2,i42/p1234,312115200,964.0
0i2r1kb0,flat_forward_model,2,i42/p1234,317030400,964.0
0i2r1kb0,flat_forward_model,2,i42/p1234,321699840,964.0
0i2r1kb0,flat_forward_model,2,i42/p1234,326615040,964.0
0i2r1kb0,flat_forward_model,2,i42/p1234,331284480,964.0
0i2r1kb0,flat_forward_model,2,i42/p1234,336199680,964.0
0i2r1kb0,flat_forward_model,2,i42/p1234,340869120,964.0
0i2r1kb0,flat_forward_model,2,i42/p1234,345784320,964.0
0i2r1kb0,flat_forward_model,2,i42/p1234,350453760,965.0
0i2r1kb0,flat_forward_model,2,i42/p1234,355368960,965.0
0i2r1kb0,flat_forward_model,2,i42/p1234,360038400,965.0
0i2r1kb0,flat_forward_model,2,i42/p1234,364953600,966.0
0i2r1kb0,flat_forward_model,2,i42/p1234,369623040,965.0
0i2r1kb0,flat_forward_model,2,i42/p1234,374538240,966.0
0i2r1kb0,flat_forward_model,2,i42/p1234,379207680,966.0
0i2r1kb0,flat_forward_model,2,i42/p1234,384122880,966.0
0i2r1kb0,flat_forward_model,2,i42/p1234,389038080,966.0
0i2r1kb0,flat_forward_model,2,i42/p1234,393707520,966.0
0i2r1kb0,flat_forward_model,2,i42/p1234,398622720,967.0
0i2r1kb0,flat_forward_model,2,i42/p1234,403292160,967.0
0i2r1kb0,flat_forward_model,2,i42/p1234,408207360,961.0
0i2r1kb0,flat_forward_model,2,i42/p1234,412876800,963.0
0i2r1kb0,flat_forward_model,2,i42/p1234,417792000,964.0
0i2r1kb0,flat_forward_model,2,i42/p1234,422461440,965.0
0i2r1kb0,flat_forward_model,2,i42/p1234,427376640,968.0
0i2r1kb0,flat_forward_model,2,i42/p1234,432046080,969.0
0i2r1kb0,flat_forward_model,2,i42/p1234,436961280,969.0
0i2r1kb0,flat_forward_model,2,i42/p1234,441630720,970.0
0i2r1kb0,flat_forward_model,2,i42/p1234,446545920,970.0
0i2r1kb0,flat_forward_model,2,i42/p1234,451215360,970.0
0i2r1kb0,flat_forward_model,2,i42/p1234,456130560,970.0
0i2r1kb0,flat_forward_model,2,i42/p1234,460800000,966.0
0i2r1kb0,flat_forward_model,2,i42/p1234,465715200,970.0
0i2r1kb0,flat_forward_model,2,i42/p1234,470630400,970.0
0i2r1kb0,flat_forward_model,2,i42/p1234,475299840,971.0
0i2r1kb0,flat_forward_model,2,i42/p1234,480215040,971.0
cq59mfdo,flat_forward_model,2,i43/p43,4915200,0.0
cq59mfdo,flat_forward_model,2,i43/p43,9830400,962.0
cq59mfdo,flat_forward_model,2,i43/p43,14499840,966.0
cq59mfdo,flat_forward_model,2,i43/p43,19415040,966.0
cq59mfdo,flat_forward_model,2,i43/p43,24084480,967.0
cq59mfdo,flat_forward_model,2,i43/p43,28999680,930.0
cq59mfdo,flat_forward_model,2,i43/p43,33669120,939.0
cq59mfdo,flat_forward_model,2,i43/p43,38584320,939.0
cq59mfdo,flat_forward_model,2,i43/p43,43253760,939.0
cq59mfdo,flat_forward_model,2,i43/p43,48168960,939.0
cq59mfdo,flat_forward_model,2,i43/p43,52838400,939.0
cq59mfdo,flat_forward_model,2,i43/p43,57753600,939.0
cq59mfdo,flat_forward_model,2,i43/p43,62423040,940.0
cq59mfdo,flat_forward_model,2,i43/p43,67338240,941.0
cq59mfdo,flat_forward_model,2,i43/p43,72007680,942.0
cq59mfdo,flat_forward_model,2,i43/p43,76922880,944.0
cq59mfdo,flat_forward_model,2,i43/p43,81838080,945.0
cq59mfdo,flat_forward_model,2,i43/p43,86507520,946.0
cq59mfdo,flat_forward_model,2,i43/p43,91422720,946.0
cq59mfdo,flat_forward_model,2,i43/p43,96092160,946.0
cq59mfdo,flat_forward_model,2,i43/p43,101007360,946.0
cq59mfdo,flat_forward_model,2,i43/p43,105676800,948.0
cq59mfdo,flat_forward_model,2,i43/p43,110592000,937.0
cq59mfdo,flat_forward_model,2,i43/p43,115261440,943.0
cq59mfdo,flat_forward_model,2,i43/p43,120176640,947.0
cq59mfdo,flat_forward_model,2,i43/p43,124846080,684.0
cq59mfdo,flat_forward_model,2,i43/p43,129761280,865.0
cq59mfdo,flat_forward_model,2,i43/p43,134430720,935.0
cq59mfdo,flat_forward_model,2,i43/p43,139345920,935.0
cq59mfdo,flat_forward_model,2,i43/p43,144015360,0.0
cq59mfdo,flat_forward_model,2,i43/p43,148930560,0.0
cq59mfdo,flat_forward_model,2,i43/p43,153600000,0.0
cq59mfdo,flat_forward_model,2,i43/p43,158515200,0.0
cq59mfdo,flat_forward_model,2,i43/p43,163430400,0.0
cq59mfdo,flat_forward_model,2,i43/p43,168099840,0.0
cq59mfdo,flat_forward_model,2,i43/p43,173015040,0.0
cq59mfdo,flat_forward_model,2,i43/p43,177684480,0.0
cq59mfdo,flat_forward_model,2,i43/p43,182599680,931.0
cq59mfdo,flat_forward_model,2,i43/p43,187269120,931.0
cq59mfdo,flat_forward_model,2,i43/p43,192184320,932.0
cq59mfdo,flat_forward_model,2,i43/p43,196853760,933.0
cq59mfdo,flat_forward_model,2,i43/p43,201768960,934.0
cq59mfdo,flat_forward_model,2,i43/p43,206438400,935.0
cq59mfdo,flat_forward_model,2,i43/p43,211353600,0.0
cq59mfdo,flat_forward_model,2,i43/p43,216023040,0.0
cq59mfdo,flat_forward_model,2,i43/p43,220938240,923.0
cq59mfdo,flat_forward_model,2,i43/p43,225607680,932.0
cq59mfdo,flat_forward_model,2,i43/p43,230522880,932.0
cq59mfdo,flat_forward_model,2,i43/p43,235438080,932.0
cq59mfdo,flat_forward_model,2,i43/p43,240107520,932.0
cq59mfdo,flat_forward_model,2,i43/p43,245022720,932.0
cq59mfdo,flat_forward_model,2,i43/p43,249692160,932.0
cq59mfdo,flat_forward_model,2,i43/p43,254607360,932.0
cq59mfdo,flat_forward_model,2,i43/p43,259276800,932.0
cq59mfdo,flat_forward_model,2,i43/p43,264192000,933.0
cq59mfdo,flat_forward_model,2,i43/p43,268861440,920.0
cq59mfdo,flat_forward_model,2,i43/p43,273776640,935.0
cq59mfdo,flat_forward_model,2,i43/p43,278446080,936.0
cq59mfdo,flat_forward_model,2,i43/p43,283361280,935.0
cq59mfdo,flat_forward_model,2,i43/p43,288030720,936.0
cq59mfdo,flat_forward_model,2,i43/p43,292945920,935.0
cq59mfdo,flat_forward_model,2,i43/p43,297615360,937.0
cq59mfdo,flat_forward_model,2,i43/p43,302530560,936.0
cq59mfdo,flat_forward_model,2,i43/p43,307200000,936.0
cq59mfdo,flat_forward_model,2,i43/p43,312115200,937.0
cq59mfdo,flat_forward_model,2,i43/p43,317030400,939.0
cq59mfdo,flat_forward_model,2,i43/p43,321699840,938.0
cq59mfdo,flat_forward_model,2,i43/p43,326615040,940.0
cq59mfdo,flat_forward_model,2,i43/p43,331284480,941.0
cq59mfdo,flat_forward_model,2,i43/p43,336199680,942.0
cq59mfdo,flat_forward_model,2,i43/p43,340869120,943.0
cq59mfdo,flat_forward_model,2,i43/p43,345784320,943.0
cq59mfdo,flat_forward_model,2,i43/p43,350453760,944.0
cq59mfdo,flat_forward_model,2,i43/p43,355368960,945.0
cq59mfdo,flat_forward_model,2,i43/p43,360038400,945.0
cq59mfdo,flat_forward_model,2,i43/p43,364953600,946.0
cq59mfdo,flat_forward_model,2,i43/p43,369623040,938.0
cq59mfdo,flat_forward_model,2,i43/p43,374538240,947.0
cq59mfdo,flat_forward_model,2,i43/p43,379207680,946.0
cq59mfdo,flat_forward_model,2,i43/p43,384122880,949.0
cq59mfdo,flat_forward_model,2,i43/p43,389038080,950.0
cq59mfdo,flat_forward_model,2,i43/p43,393707520,962.0
cq59mfdo,flat_forward_model,2,i43/p43,398622720,965.0
cq59mfdo,flat_forward_model,2,i43/p43,403292160,965.0
cq59mfdo,flat_forward_model,2,i43/p43,408207360,966.0
cq59mfdo,flat_forward_model,2,i43/p43,412876800,963.0
cq59mfdo,flat_forward_model,2,i43/p43,417792000,915.0
cq59mfdo,flat_forward_model,2,i43/p43,422461440,918.0
cq59mfdo,flat_forward_model,2,i43/p43,427376640,965.0
cq59mfdo,flat_forward_model,2,i43/p43,432046080,970.0
cq59mfdo,flat_forward_model,2,i43/p43,436961280,969.0
cq59mfdo,flat_forward_model,2,i43/p43,441630720,970.0
cq59mfdo,flat_forward_model,2,i43/p43,446545920,971.0
cq59mfdo,flat_forward_model,2,i43/p43,451215360,971.0
cq59mfdo,flat_forward_model,2,i43/p43,456130560,0.0
cq59mfdo,flat_forward_model,2,i43/p43,460800000,965.0
cq59mfdo,flat_forward_model,2,i43/p43,465715200,964.0
cq59mfdo,flat_forward_model,2,i43/p43,470630400,966.0
cq59mfdo,flat_forward_model,2,i43/p43,475299840,930.0
cq59mfdo,flat_forward_model,2,i43/p43,480215040,964.0
j4gn6a0v,flat_forward_model,2,i44/p44,4915200,664.0
j4gn6a0v,flat_forward_model,2,i44/p44,9830400,962.0
j4gn6a0v,flat_forward_model,2,i44/p44,14499840,964.0
j4gn6a0v,flat_forward_model,2,i44/p44,19415040,964.0
j4gn6a0v,flat_forward_model,2,i44/p44,24084480,965.0
j4gn6a0v,flat_forward_model,2,i44/p44,28999680,965.0
j4gn6a0v,flat_forward_model,2,i44/p44,33669120,965.0
j4gn6a0v,flat_forward_model,2,i44/p44,38584320,965.0
j4gn6a0v,flat_forward_model,2,i44/p44,43253760,966.0
j4gn6a0v,flat_forward_model,2,i44/p44,48168960,962.0
j4gn6a0v,flat_forward_model,2,i44/p44,52838400,965.0
j4gn6a0v,flat_forward_model,2,i44/p44,57753600,966.0
j4gn6a0v,flat_forward_model,2,i44/p44,62423040,966.0
j4gn6a0v,flat_forward_model,2,i44/p44,67338240,967.0
j4gn6a0v,flat_forward_model,2,i44/p44,72007680,967.0
j4gn6a0v,flat_forward_model,2,i44/p44,76922880,967.0
j4gn6a0v,flat_forward_model,2,i44/p44,81838080,967.0
j4gn6a0v,flat_forward_model,2,i44/p44,86507520,967.0
j4gn6a0v,flat_forward_model,2,i44/p44,91422720,968.0
j4gn6a0v,flat_forward_model,2,i44/p44,96092160,968.0
j4gn6a0v,flat_forward_model,2,i44/p44,101007360,801.0
j4gn6a0v,flat_forward_model,2,i44/p44,105676800,0.0
j4gn6a0v,flat_forward_model,2,i44/p44,110592000,0.0
j4gn6a0v,flat_forward_model,2,i44/p44,115261440,0.0
j4gn6a0v,flat_forward_model,2,i44/p44,120176640,0.0
j4gn6a0v,flat_forward_model,2,i44/p44,124846080,0.0
j4gn6a0v,flat_forward_model,2,i44/p44,129761280,0.0
j4gn6a0v,flat_forward_model,2,i44/p44,134430720,0.0
j4gn6a0v,flat_forward_model,2,i44/p44,139345920,0.0
j4gn6a0v,flat_forward_model,2,i44/p44,144015360,0.0
j4gn6a0v,flat_forward_model,2,i44/p44,148930560,0.0
j4gn6a0v,flat_forward_model,2,i44/p44,153600000,0.0
j4gn6a0v,flat_forward_model,2,i44/p44,158515200,0.0
j4gn6a0v,flat_forward_model,2,i44/p44,163430400,0.0
j4gn6a0v,flat_forward_model,2,i44/p44,168099840,0.0
j4gn6a0v,flat_forward_model,2,i44/p44,173015040,0.0
j4gn6a0v,flat_forward_model,2,i44/p44,177684480,0.0
j4gn6a0v,flat_forward_model,2,i44/p44,182599680,0.0
j4gn6a0v,flat_forward_model,2,i44/p44,187269120,0.0
j4gn6a0v,flat_forward_model,2,i44/p44,192184320,0.0
j4gn6a0v,flat_forward_model,2,i44/p44,196853760,0.0
j4gn6a0v,flat_forward_model,2,i44/p44,201768960,0.0
j4gn6a0v,flat_forward_model,2,i44/p44,206438400,0.0
j4gn6a0v,flat_forward_model,2,i44/p44,211353600,0.0
j4gn6a0v,flat_forward_model,2,i44/p44,216023040,0.0
j4gn6a0v,flat_forward_model,2,i44/p44,220938240,0.0
j4gn6a0v,flat_forward_model,2,i44/p44,225607680,0.0
j4gn6a0v,flat_forward_model,2,i44/p44,230522880,0.0
j4gn6a0v,flat_forward_model,2,i44/p44,235438080,0.0
j4gn6a0v,flat_forward_model,2,i44/p44,240107520,0.0
j4gn6a0v,flat_forward_model,2,i44/p44,245022720,0.0
j4gn6a0v,flat_forward_model,2,i44/p44,249692160,0.0
j4gn6a0v,flat_forward_model,2,i44/p44,254607360,0.0
j4gn6a0v,flat_forward_model,2,i44/p44,259276800,0.0
j4gn6a0v,flat_forward_model,2,i44/p44,264192000,0.0
j4gn6a0v,flat_forward_model,2,i44/p44,268861440,0.0
j4gn6a0v,flat_forward_model,2,i44/p44,273776640,0.0
j4gn6a0v,flat_forward_model,2,i44/p44,278446080,0.0
j4gn6a0v,flat_forward_model,2,i44/p44,283361280,0.0
j4gn6a0v,flat_forward_model,2,i44/p44,288030720,0.0
j4gn6a0v,flat_forward_model,2,i44/p44,292945920,0.0
j4gn6a0v,flat_forward_model,2,i44/p44,297615360,0.0
j4gn6a0v,flat_forward_model,2,i44/p44,302530560,0.0
j4gn6a0v,flat_forward_model,2,i44/p44,307200000,0.0
j4gn6a0v,flat_forward_model,2,i44/p44,312115200,0.0
j4gn6a0v,flat_forward_model,2,i44/p44,317030400,0.0
j4gn6a0v,flat_forward_model,2,i44/p44,321699840,0.0
j4gn6a0v,flat_forward_model,2,i44/p44,326615040,0.0
j4gn6a0v,flat_forward_model,2,i44/p44,331284480,0.0
j4gn6a0v,flat_forward_model,2,i44/p44,336199680,0.0
j4gn6a0v,flat_forward_model,2,i44/p44,340869120,0.0
j4gn6a0v,flat_forward_model,2,i44/p44,345784320,0.0
j4gn6a0v,flat_forward_model,2,i44/p44,350453760,0.0
j4gn6a0v,flat_forward_model,2,i44/p44,355368960,0.0
j4gn6a0v,flat_forward_model,2,i44/p44,360038400,0.0
j4gn6a0v,flat_forward_model,2,i44/p44,364953600,0.0
j4gn6a0v,flat_forward_model,2,i44/p44,369623040,0.0
j4gn6a0v,flat_forward_model,2,i44/p44,374538240,0.0
j4gn6a0v,flat_forward_model,2,i44/p44,379207680,0.0
j4gn6a0v,flat_forward_model,2,i44/p44,384122880,0.0
j4gn6a0v,flat_forward_model,2,i44/p44,389038080,0.0
j4gn6a0v,flat_forward_model,2,i44/p44,393707520,0.0
j4gn6a0v,flat_forward_model,2,i44/p44,398622720,0.0
j4gn6a0v,flat_forward_model,2,i44/p44,403292160,0.0
j4gn6a0v,flat_forward_model,2,i44/p44,408207360,0.0
j4gn6a0v,flat_forward_model,2,i44/p44,412876800,0.0
j4gn6a0v,flat_forward_model,2,i44/p44,417792000,0.0
j4gn6a0v,flat_forward_model,2,i44/p44,422461440,0.0
j4gn6a0v,flat_forward_model,2,i44/p44,427376640,0.0
j4gn6a0v,flat_forward_model,2,i44/p44,432046080,0.0
j4gn6a0v,flat_forward_model,2,i44/p44,436961280,0.0
j4gn6a0v,flat_forward_model,2,i44/p44,441630720,0.0
j4gn6a0v,flat_forward_model,2,i44/p44,446545920,0.0
j4gn6a0v,flat_forward_model,2,i44/p44,451215360,0.0
j4gn6a0v,flat_forward_model,2,i44/p44,456130560,0.0
j4gn6a0v,flat_forward_model,2,i44/p44,460800000,0.0
j4gn6a0v,flat_forward_model,2,i44/p44,465715200,0.0
j4gn6a0v,flat_forward_model,2,i44/p44,470630400,0.0
j4gn6a0v,flat_forward_model,2,i44/p44,475299840,0.0
j4gn6a0v,flat_forward_model,2,i44/p44,480215040,0.0
64vqhgeo,flat_forward_model,3,i42/p1234,4915200,0.0
64vqhgeo,flat_forward_model,3,i42/p1234,9830400,0.0
64vqhgeo,flat_forward_model,3,i42/p1234,14499840,0.0
64vqhgeo,flat_forward_model,3,i42/p1234,19415040,0.0
64vqhgeo,flat_forward_model,3,i42/p1234,24084480,0.0
64vqhgeo,flat_forward_model,3,i42/p1234,28999680,0.0
64vqhgeo,flat_forward_model,3,i42/p1234,33669120,0.0
64vqhgeo,flat_forward_model,3,i42/p1234,38584320,0.0
64vqhgeo,flat_forward_model,3,i42/p1234,43253760,0.0
64vqhgeo,flat_forward_model,3,i42/p1234,48168960,0.0
64vqhgeo,flat_forward_model,3,i42/p1234,52838400,0.0
64vqhgeo,flat_forward_model,3,i42/p1234,57753600,0.0
64vqhgeo,flat_forward_model,3,i42/p1234,62423040,0.0
64vqhgeo,flat_forward_model,3,i42/p1234,67338240,0.0
64vqhgeo,flat_forward_model,3,i42/p1234,72007680,0.0
64vqhgeo,flat_forward_model,3,i42/p1234,76922880,0.0
64vqhgeo,flat_forward_model,3,i42/p1234,81838080,0.0
64vqhgeo,flat_forward_model,3,i42/p1234,86507520,0.0
64vqhgeo,flat_forward_model,3,i42/p1234,91422720,0.0
64vqhgeo,flat_forward_model,3,i42/p1234,96092160,0.0
64vqhgeo,flat_forward_model,3,i42/p1234,101007360,0.0
64vqhgeo,flat_forward_model,3,i42/p1234,105676800,0.0
64vqhgeo,flat_forward_model,3,i42/p1234,110592000,0.0
64vqhgeo,flat_forward_model,3,i42/p1234,115261440,0.0
64vqhgeo,flat_forward_model,3,i42/p1234,120176640,0.0
64vqhgeo,flat_forward_model,3,i42/p1234,124846080,0.0
64vqhgeo,flat_forward_model,3,i42/p1234,129761280,0.0
64vqhgeo,flat_forward_model,3,i42/p1234,134430720,0.0
64vqhgeo,flat_forward_model,3,i42/p1234,139345920,0.0
64vqhgeo,flat_forward_model,3,i42/p1234,144015360,0.0
64vqhgeo,flat_forward_model,3,i42/p1234,148930560,0.0
64vqhgeo,flat_forward_model,3,i42/p1234,153600000,0.0
64vqhgeo,flat_forward_model,3,i42/p1234,158515200,0.0
64vqhgeo,flat_forward_model,3,i42/p1234,163430400,0.0
64vqhgeo,flat_forward_model,3,i42/p1234,168099840,0.0
64vqhgeo,flat_forward_model,3,i42/p1234,173015040,0.0
64vqhgeo,flat_forward_model,3,i42/p1234,177684480,0.0
64vqhgeo,flat_forward_model,3,i42/p1234,182599680,0.0
64vqhgeo,flat_forward_model,3,i42/p1234,187269120,0.0
64vqhgeo,flat_forward_model,3,i42/p1234,192184320,0.0
64vqhgeo,flat_forward_model,3,i42/p1234,196853760,0.0
64vqhgeo,flat_forward_model,3,i42/p1234,201768960,0.0
64vqhgeo,flat_forward_model,3,i42/p1234,206438400,0.0
64vqhgeo,flat_forward_model,3,i42/p1234,211353600,0.0
64vqhgeo,flat_forward_model,3,i42/p1234,216023040,0.0
64vqhgeo,flat_forward_model,3,i42/p1234,220938240,0.0
64vqhgeo,flat_forward_model,3,i42/p1234,225607680,0.0
64vqhgeo,flat_forward_model,3,i42/p1234,230522880,0.0
64vqhgeo,flat_forward_model,3,i42/p1234,235438080,0.0
64vqhgeo,flat_forward_model,3,i42/p1234,240107520,0.0
64vqhgeo,flat_forward_model,3,i42/p1234,245022720,0.0
64vqhgeo,flat_forward_model,3,i42/p1234,249692160,0.0
64vqhgeo,flat_forward_model,3,i42/p1234,254607360,709.0
64vqhgeo,flat_forward_model,3,i42/p1234,259276800,858.0
64vqhgeo,flat_forward_model,3,i42/p1234,264192000,894.0
64vqhgeo,flat_forward_model,3,i42/p1234,268861440,903.0
64vqhgeo,flat_forward_model,3,i42/p1234,273776640,896.0
64vqhgeo,flat_forward_model,3,i42/p1234,278446080,946.0
64vqhgeo,flat_forward_model,3,i42/p1234,283361280,948.0
64vqhgeo,flat_forward_model,3,i42/p1234,288030720,948.0
64vqhgeo,flat_forward_model,3,i42/p1234,292945920,948.0
64vqhgeo,flat_forward_model,3,i42/p1234,297615360,0.0
64vqhgeo,flat_forward_model,3,i42/p1234,302530560,947.0
64vqhgeo,flat_forward_model,3,i42/p1234,307200000,950.0
64vqhgeo,flat_forward_model,3,i42/p1234,312115200,953.0
64vqhgeo,flat_forward_model,3,i42/p1234,317030400,954.0
64vqhgeo,flat_forward_model,3,i42/p1234,321699840,954.0
64vqhgeo,flat_forward_model,3,i42/p1234,326615040,953.0
64vqhgeo,flat_forward_model,3,i42/p1234,331284480,953.0
64vqhgeo,flat_forward_model,3,i42/p1234,336199680,953.0
64vqhgeo,flat_forward_model,3,i42/p1234,340869120,954.0
64vqhgeo,flat_forward_model,3,i42/p1234,345784320,955.0
64vqhgeo,flat_forward_model,3,i42/p1234,350453760,954.0
64vqhgeo,flat_forward_model,3,i42/p1234,355368960,919.0
64vqhgeo,flat_forward_model,3,i42/p1234,360038400,953.0
64vqhgeo,flat_forward_model,3,i42/p1234,364953600,954.0
64vqhgeo,flat_forward_model,3,i42/p1234,369623040,955.0
64vqhgeo,flat_forward_model,3,i42/p1234,374538240,955.0
64vqhgeo,flat_forward_model,3,i42/p1234,379207680,0.0
64vqhgeo,flat_forward_model,3,i42/p1234,384122880,951.0
64vqhgeo,flat_forward_model,3,i42/p1234,389038080,952.0
64vqhgeo,flat_forward_model,3,i42/p1234,393707520,951.0
64vqhgeo,flat_forward_model,3,i42/p1234,398622720,952.0
64vqhgeo,flat_forward_model,3,i42/p1234,403292160,952.0
64vqhgeo,flat_forward_model,3,i42/p1234,408207360,653.0
64vqhgeo,flat_forward_model,3,i42/p1234,412876800,938.0
64vqhgeo,flat_forward_model,3,i42/p1234,417792000,943.0
64vqhgeo,flat_forward_model,3,i42/p1234,422461440,944.0
64vqhgeo,flat_forward_model,3,i42/p1234,427376640,944.0
64vqhgeo,flat_forward_model,3,i42/p1234,432046080,945.0
64vqhgeo,flat_forward_model,3,i42/p1234,436961280,946.0
64vqhgeo,flat_forward_model,3,i42/p1234,441630720,947.0
64vqhgeo,flat_forward_model,3,i42/p1234,446545920,948.0
64vqhgeo,flat_forward_model,3,i42/p1234,451215360,948.0
64vqhgeo,flat_forward_model,3,i42/p1234,456130560,947.0
64vqhgeo,flat_forward_model,3,i42/p1234,460800000,948.0
64vqhgeo,flat_forward_model,3,i42/p1234,465715200,948.0
64vqhgeo,flat_forward_model,3,i42/p1234,470630400,947.0
64vqhgeo,flat_forward_model,3,i42/p1234,475299840,948.0
64vqhgeo,flat_forward_model,3,i42/p1234,480215040,949.0
yx3umpl2,flat_forward_model,3,i43/p43,4915200,0.0
yx3umpl2,flat_forward_model,3,i43/p43,9830400,962.0
yx3umpl2,flat_forward_model,3,i43/p43,14499840,963.0
yx3umpl2,flat_forward_model,3,i43/p43,19415040,0.0
yx3umpl2,flat_forward_model,3,i43/p43,24084480,964.0
yx3umpl2,flat_forward_model,3,i43/p43,28999680,966.0
yx3umpl2,flat_forward_model,3,i43/p43,33669120,966.0
yx3umpl2,flat_forward_model,3,i43/p43,38584320,844.0
yx3umpl2,flat_forward_model,3,i43/p43,43253760,965.0
yx3umpl2,flat_forward_model,3,i43/p43,48168960,966.0
yx3umpl2,flat_forward_model,3,i43/p43,52838400,966.0
yx3umpl2,flat_forward_model,3,i43/p43,57753600,966.0
yx3umpl2,flat_forward_model,3,i43/p43,62423040,966.0
yx3umpl2,flat_forward_model,3,i43/p43,67338240,966.0
yx3umpl2,flat_forward_model,3,i43/p43,72007680,968.0
yx3umpl2,flat_forward_model,3,i43/p43,76922880,968.0
yx3umpl2,flat_forward_model,3,i43/p43,81838080,968.0
yx3umpl2,flat_forward_model,3,i43/p43,86507520,966.0
yx3umpl2,flat_forward_model,3,i43/p43,91422720,966.0
yx3umpl2,flat_forward_model,3,i43/p43,96092160,959.0
yx3umpl2,flat_forward_model,3,i43/p43,101007360,965.0
yx3umpl2,flat_forward_model,3,i43/p43,105676800,966.0
yx3umpl2,flat_forward_model,3,i43/p43,110592000,957.0
yx3umpl2,flat_forward_model,3,i43/p43,115261440,966.0
yx3umpl2,flat_forward_model,3,i43/p43,120176640,967.0
yx3umpl2,flat_forward_model,3,i43/p43,124846080,967.0
yx3umpl2,flat_forward_model,3,i43/p43,129761280,967.0
yx3umpl2,flat_forward_model,3,i43/p43,134430720,967.0
yx3umpl2,flat_forward_model,3,i43/p43,139345920,967.0
yx3umpl2,flat_forward_model,3,i43/p43,144015360,967.0
yx3umpl2,flat_forward_model,3,i43/p43,148930560,967.0
yx3umpl2,flat_forward_model,3,i43/p43,153600000,967.0
yx3umpl2,flat_forward_model,3,i43/p43,158515200,967.0
yx3umpl2,flat_forward_model,3,i43/p43,163430400,967.0
yx3umpl2,flat_forward_model,3,i43/p43,168099840,967.0
yx3umpl2,flat_forward_model,3,i43/p43,173015040,967.0
yx3umpl2,flat_forward_model,3,i43/p43,177684480,967.0
yx3umpl2,flat_forward_model,3,i43/p43,182599680,967.0
yx3umpl2,flat_forward_model,3,i43/p43,187269120,967.0
yx3umpl2,flat_forward_model,3,i43/p43,192184320,967.0
yx3umpl2,flat_forward_model,3,i43/p43,196853760,967.0
yx3umpl2,flat_forward_model,3,i43/p43,201768960,967.0
yx3umpl2,flat_forward_model,3,i43/p43,206438400,968.0
yx3umpl2,flat_forward_model,3,i43/p43,211353600,968.0
yx3umpl2,flat_forward_model,3,i43/p43,216023040,968.0
yx3umpl2,flat_forward_model,3,i43/p43,220938240,968.0
yx3umpl2,flat_forward_model,3,i43/p43,225607680,968.0
yx3umpl2,flat_forward_model,3,i43/p43,230522880,968.0
yx3umpl2,flat_forward_model,3,i43/p43,235438080,968.0
yx3umpl2,flat_forward_model,3,i43/p43,240107520,968.0
yx3umpl2,flat_forward_model,3,i43/p43,245022720,969.0
yx3umpl2,flat_forward_model,3,i43/p43,249692160,969.0
yx3umpl2,flat_forward_model,3,i43/p43,254607360,969.0
yx3umpl2,flat_forward_model,3,i43/p43,259276800,969.0
yx3umpl2,flat_forward_model,3,i43/p43,264192000,969.0
yx3umpl2,flat_forward_model,3,i43/p43,268861440,970.0
yx3umpl2,flat_forward_model,3,i43/p43,273776640,970.0
yx3umpl2,flat_forward_model,3,i43/p43,278446080,970.0
yx3umpl2,flat_forward_model,3,i43/p43,283361280,0.0
yx3umpl2,flat_forward_model,3,i43/p43,288030720,903.0
yx3umpl2,flat_forward_model,3,i43/p43,292945920,910.0
yx3umpl2,flat_forward_model,3,i43/p43,297615360,912.0
yx3umpl2,flat_forward_model,3,i43/p43,302530560,913.0
yx3umpl2,flat_forward_model,3,i43/p43,307200000,912.0
yx3umpl2,flat_forward_model,3,i43/p43,312115200,913.0
yx3umpl2,flat_forward_model,3,i43/p43,317030400,916.0
yx3umpl2,flat_forward_model,3,i43/p43,321699840,916.0
yx3umpl2,flat_forward_model,3,i43/p43,326615040,918.0
yx3umpl2,flat_forward_model,3,i43/p43,331284480,918.0
yx3umpl2,flat_forward_model,3,i43/p43,336199680,919.0
yx3umpl2,flat_forward_model,3,i43/p43,340869120,920.0
yx3umpl2,flat_forward_model,3,i43/p43,345784320,921.0
yx3umpl2,flat_forward_model,3,i43/p43,350453760,922.0
yx3umpl2,flat_forward_model,3,i43/p43,355368960,923.0
yx3umpl2,flat_forward_model,3,i43/p43,360038400,924.0
yx3umpl2,flat_forward_model,3,i43/p43,364953600,924.0
yx3umpl2,flat_forward_model,3,i43/p43,369623040,925.0
yx3umpl2,flat_forward_model,3,i43/p43,374538240,926.0
yx3umpl2,flat_forward_model,3,i43/p43,379207680,926.0
yx3umpl2,flat_forward_model,3,i43/p43,384122880,929.0
yx3umpl2,flat_forward_model,3,i43/p43,389038080,924.0
yx3umpl2,flat_forward_model,3,i43/p43,393707520,928.0
yx3umpl2,flat_forward_model,3,i43/p43,398622720,928.0
yx3umpl2,flat_forward_model,3,i43/p43,403292160,928.0
yx3umpl2,flat_forward_model,3,i43/p43,408207360,928.0
yx3umpl2,flat_forward_model,3,i43/p43,412876800,929.0
yx3umpl2,flat_forward_model,3,i43/p43,417792000,0.0
yx3umpl2,flat_forward_model,3,i43/p43,422461440,880.0
yx3umpl2,flat_forward_model,3,i43/p43,427376640,886.0
yx3umpl2,flat_forward_model,3,i43/p43,432046080,926.0
yx3umpl2,flat_forward_model,3,i43/p43,436961280,931.0
yx3umpl2,flat_forward_model,3,i43/p43,441630720,932.0
yx3umpl2,flat_forward_model,3,i43/p43,446545920,932.0
yx3umpl2,flat_forward_model,3,i43/p43,451215360,932.0
yx3umpl2,flat_forward_model,3,i43/p43,456130560,931.0
yx3umpl2,flat_forward_model,3,i43/p43,460800000,932.0
yx3umpl2,flat_forward_model,3,i43/p43,465715200,933.0
yx3umpl2,flat_forward_model,3,i43/p43,470630400,934.0
yx3umpl2,flat_forward_model,3,i43/p43,475299840,934.0
yx3umpl2,flat_forward_model,3,i43/p43,480215040,934.0
7wlr7470,flat_forward_model,3,i44/p44,4915200,787.0
7wlr7470,flat_forward_model,3,i44/p44,9830400,961.0
7wlr7470,flat_forward_model,3,i44/p44,14499840,966.0
7wlr7470,flat_forward_model,3,i44/p44,19415040,775.0
7wlr7470,flat_forward_model,3,i44/p44,24084480,936.0
7wlr7470,flat_forward_model,3,i44/p44,28999680,940.0
7wlr7470,flat_forward_model,3,i44/p44,33669120,939.0
7wlr7470,flat_forward_model,3,i44/p44,38584320,0.0
7wlr7470,flat_forward_model,3,i44/p44,43253760,939.0
7wlr7470,flat_forward_model,3,i44/p44,48168960,939.0
7wlr7470,flat_forward_model,3,i44/p44,52838400,939.0
7wlr7470,flat_forward_model,3,i44/p44,57753600,922.0
7wlr7470,flat_forward_model,3,i44/p44,62423040,940.0
7wlr7470,flat_forward_model,3,i44/p44,67338240,941.0
7wlr7470,flat_forward_model,3,i44/p44,72007680,941.0
7wlr7470,flat_forward_model,3,i44/p44,76922880,941.0
7wlr7470,flat_forward_model,3,i44/p44,81838080,812.0
7wlr7470,flat_forward_model,3,i44/p44,86507520,943.0
7wlr7470,flat_forward_model,3,i44/p44,91422720,944.0
7wlr7470,flat_forward_model,3,i44/p44,96092160,944.0
7wlr7470,flat_forward_model,3,i44/p44,101007360,0.0
7wlr7470,flat_forward_model,3,i44/p44,105676800,889.0
7wlr7470,flat_forward_model,3,i44/p44,110592000,890.0
7wlr7470,flat_forward_model,3,i44/p44,115261440,934.0
7wlr7470,flat_forward_model,3,i44/p44,120176640,942.0
7wlr7470,flat_forward_model,3,i44/p44,124846080,942.0
7wlr7470,flat_forward_model,3,i44/p44,129761280,942.0
7wlr7470,flat_forward_model,3,i44/p44,134430720,941.0
7wlr7470,flat_forward_model,3,i44/p44,139345920,940.0
7wlr7470,flat_forward_model,3,i44/p44,144015360,941.0
7wlr7470,flat_forward_model,3,i44/p44,148930560,941.0
7wlr7470,flat_forward_model,3,i44/p44,153600000,942.0
7wlr7470,flat_forward_model,3,i44/p44,158515200,943.0
7wlr7470,flat_forward_model,3,i44/p44,163430400,942.0
7wlr7470,flat_forward_model,3,i44/p44,168099840,943.0
7wlr7470,flat_forward_model,3,i44/p44,173015040,944.0
7wlr7470,flat_forward_model,3,i44/p44,177684480,895.0
7wlr7470,flat_forward_model,3,i44/p44,182599680,933.0
7wlr7470,flat_forward_model,3,i44/p44,187269120,939.0
7wlr7470,flat_forward_model,3,i44/p44,192184320,0.0
7wlr7470,flat_forward_model,3,i44/p44,196853760,941.0
7wlr7470,flat_forward_model,3,i44/p44,201768960,953.0
7wlr7470,flat_forward_model,3,i44/p44,206438400,955.0
7wlr7470,flat_forward_model,3,i44/p44,211353600,957.0
7wlr7470,flat_forward_model,3,i44/p44,216023040,0.0
7wlr7470,flat_forward_model,3,i44/p44,220938240,0.0
7wlr7470,flat_forward_model,3,i44/p44,225607680,0.0
7wlr7470,flat_forward_model,3,i44/p44,230522880,0.0
7wlr7470,flat_forward_model,3,i44/p44,235438080,0.0
7wlr7470,flat_forward_model,3,i44/p44,240107520,0.0
7wlr7470,flat_forward_model,3,i44/p44,245022720,0.0
7wlr7470,flat_forward_model,3,i44/p44,249692160,0.0
7wlr7470,flat_forward_model,3,i44/p44,254607360,0.0
7wlr7470,flat_forward_model,3,i44/p44,259276800,0.0
7wlr7470,flat_forward_model,3,i44/p44,264192000,0.0
7wlr7470,flat_forward_model,3,i44/p44,268861440,0.0
7wlr7470,flat_forward_model,3,i44/p44,273776640,0.0
7wlr7470,flat_forward_model,3,i44/p44,278446080,0.0
7wlr7470,flat_forward_model,3,i44/p44,283361280,0.0
7wlr7470,flat_forward_model,3,i44/p44,288030720,0.0
7wlr7470,flat_forward_model,3,i44/p44,292945920,0.0
7wlr7470,flat_forward_model,3,i44/p44,297615360,0.0
7wlr7470,flat_forward_model,3,i44/p44,302530560,0.0
7wlr7470,flat_forward_model,3,i44/p44,307200000,0.0
7wlr7470,flat_forward_model,3,i44/p44,312115200,0.0
7wlr7470,flat_forward_model,3,i44/p44,317030400,0.0
7wlr7470,flat_forward_model,3,i44/p44,321699840,0.0
7wlr7470,flat_forward_model,3,i44/p44,326615040,0.0
7wlr7470,flat_forward_model,3,i44/p44,331284480,0.0
7wlr7470,flat_forward_model,3,i44/p44,336199680,0.0
7wlr7470,flat_forward_model,3,i44/p44,340869120,0.0
7wlr7470,flat_forward_model,3,i44/p44,345784320,0.0
7wlr7470,flat_forward_model,3,i44/p44,350453760,0.0
7wlr7470,flat_forward_model,3,i44/p44,355368960,0.0
7wlr7470,flat_forward_model,3,i44/p44,360038400,0.0
7wlr7470,flat_forward_model,3,i44/p44,364953600,0.0
7wlr7470,flat_forward_model,3,i44/p44,369623040,0.0
7wlr7470,flat_forward_model,3,i44/p44,374538240,0.0
7wlr7470,flat_forward_model,3,i44/p44,379207680,0.0
7wlr7470,flat_forward_model,3,i44/p44,384122880,0.0
7wlr7470,flat_forward_model,3,i44/p44,389038080,0.0
7wlr7470,flat_forward_model,3,i44/p44,393707520,0.0
7wlr7470,flat_forward_model,3,i44/p44,398622720,0.0
7wlr7470,flat_forward_model,3,i44/p44,403292160,0.0
7wlr7470,flat_forward_model,3,i44/p44,408207360,0.0
7wlr7470,flat_forward_model,3,i44/p44,412876800,0.0
7wlr7470,flat_forward_model,3,i44/p44,417792000,0.0
7wlr7470,flat_forward_model,3,i44/p44,422461440,0.0
7wlr7470,flat_forward_model,3,i44/p44,427376640,0.0
7wlr7470,flat_forward_model,3,i44/p44,432046080,0.0
7wlr7470,flat_forward_model,3,i44/p44,436961280,0.0
7wlr7470,flat_forward_model,3,i44/p44,441630720,0.0
7wlr7470,flat_forward_model,3,i44/p44,446545920,0.0
7wlr7470,flat_forward_model,3,i44/p44,451215360,0.0
7wlr7470,flat_forward_model,3,i44/p44,456130560,0.0
7wlr7470,flat_forward_model,3,i44/p44,460800000,0.0
7wlr7470,flat_forward_model,3,i44/p44,465715200,0.0
7wlr7470,flat_forward_model,3,i44/p44,470630400,0.0
7wlr7470,flat_forward_model,3,i44/p44,475299840,0.0
7wlr7470,flat_forward_model,3,i44/p44,480215040,0.0
zglubt8c,flat_forward_model,5,i42/p1234,4915200,0.0
zglubt8c,flat_forward_model,5,i42/p1234,9830400,0.0
zglubt8c,flat_forward_model,5,i42/p1234,14499840,0.0
zglubt8c,flat_forward_model,5,i42/p1234,19415040,0.0
zglubt8c,flat_forward_model,5,i42/p1234,24084480,0.0
zglubt8c,flat_forward_model,5,i42/p1234,28999680,0.0
zglubt8c,flat_forward_model,5,i42/p1234,33669120,0.0
zglubt8c,flat_forward_model,5,i42/p1234,38584320,0.0
zglubt8c,flat_forward_model,5,i42/p1234,43253760,0.0
zglubt8c,flat_forward_model,5,i42/p1234,48168960,0.0
zglubt8c,flat_forward_model,5,i42/p1234,52838400,0.0
zglubt8c,flat_forward_model,5,i42/p1234,57753600,0.0
zglubt8c,flat_forward_model,5,i42/p1234,62423040,0.0
zglubt8c,flat_forward_model,5,i42/p1234,67338240,0.0
zglubt8c,flat_forward_model,5,i42/p1234,72007680,0.0
zglubt8c,flat_forward_model,5,i42/p1234,76922880,0.0
zglubt8c,flat_forward_model,5,i42/p1234,81838080,0.0
zglubt8c,flat_forward_model,5,i42/p1234,86507520,0.0
zglubt8c,flat_forward_model,5,i42/p1234,91422720,0.0
zglubt8c,flat_forward_model,5,i42/p1234,96092160,0.0
zglubt8c,flat_forward_model,5,i42/p1234,101007360,0.0
zglubt8c,flat_forward_model,5,i42/p1234,105676800,0.0
zglubt8c,flat_forward_model,5,i42/p1234,110592000,0.0
zglubt8c,flat_forward_model,5,i42/p1234,115261440,0.0
zglubt8c,flat_forward_model,5,i42/p1234,120176640,0.0
zglubt8c,flat_forward_model,5,i42/p1234,124846080,0.0
zglubt8c,flat_forward_model,5,i42/p1234,129761280,0.0
zglubt8c,flat_forward_model,5,i42/p1234,134430720,0.0
zglubt8c,flat_forward_model,5,i42/p1234,139345920,0.0
zglubt8c,flat_forward_model,5,i42/p1234,144015360,0.0
zglubt8c,flat_forward_model,5,i42/p1234,148930560,0.0
zglubt8c,flat_forward_model,5,i42/p1234,153600000,0.0
zglubt8c,flat_forward_model,5,i42/p1234,158515200,0.0
zglubt8c,flat_forward_model,5,i42/p1234,163430400,0.0
zglubt8c,flat_forward_model,5,i42/p1234,168099840,0.0
zglubt8c,flat_forward_model,5,i42/p1234,173015040,0.0
zglubt8c,flat_forward_model,5,i42/p1234,177684480,0.0
zglubt8c,flat_forward_model,5,i42/p1234,182599680,0.0
zglubt8c,flat_forward_model,5,i42/p1234,187269120,0.0
zglubt8c,flat_forward_model,5,i42/p1234,192184320,0.0
zglubt8c,flat_forward_model,5,i42/p1234,196853760,0.0
zglubt8c,flat_forward_model,5,i42/p1234,201768960,0.0
zglubt8c,flat_forward_model,5,i42/p1234,206438400,0.0
zglubt8c,flat_forward_model,5,i42/p1234,211353600,0.0
zglubt8c,flat_forward_model,5,i42/p1234,216023040,0.0
zglubt8c,flat_forward_model,5,i42/p1234,220938240,0.0
zglubt8c,flat_forward_model,5,i42/p1234,225607680,0.0
zglubt8c,flat_forward_model,5,i42/p1234,230522880,0.0
zglubt8c,flat_forward_model,5,i42/p1234,235438080,0.0
zglubt8c,flat_forward_model,5,i42/p1234,240107520,0.0
zglubt8c,flat_forward_model,5,i42/p1234,245022720,0.0
zglubt8c,flat_forward_model,5,i42/p1234,249692160,0.0
zglubt8c,flat_forward_model,5,i42/p1234,254607360,0.0
zglubt8c,flat_forward_model,5,i42/p1234,259276800,0.0
zglubt8c,flat_forward_model,5,i42/p1234,264192000,0.0
zglubt8c,flat_forward_model,5,i42/p1234,268861440,0.0
zglubt8c,flat_forward_model,5,i42/p1234,273776640,0.0
zglubt8c,flat_forward_model,5,i42/p1234,278446080,0.0
zglubt8c,flat_forward_model,5,i42/p1234,283361280,0.0
zglubt8c,flat_forward_model,5,i42/p1234,288030720,0.0
zglubt8c,flat_forward_model,5,i42/p1234,292945920,0.0
zglubt8c,flat_forward_model,5,i42/p1234,297615360,0.0
zglubt8c,flat_forward_model,5,i42/p1234,302530560,896.0
zglubt8c,flat_forward_model,5,i42/p1234,307200000,893.0
zglubt8c,flat_forward_model,5,i42/p1234,312115200,898.0
zglubt8c,flat_forward_model,5,i42/p1234,317030400,899.0
zglubt8c,flat_forward_model,5,i42/p1234,321699840,899.0
zglubt8c,flat_forward_model,5,i42/p1234,326615040,904.0
zglubt8c,flat_forward_model,5,i42/p1234,331284480,929.0
zglubt8c,flat_forward_model,5,i42/p1234,336199680,931.0
zglubt8c,flat_forward_model,5,i42/p1234,340869120,931.0
zglubt8c,flat_forward_model,5,i42/p1234,345784320,930.0
zglubt8c,flat_forward_model,5,i42/p1234,350453760,925.0
zglubt8c,flat_forward_model,5,i42/p1234,355368960,933.0
zglubt8c,flat_forward_model,5,i42/p1234,360038400,934.0
zglubt8c,flat_forward_model,5,i42/p1234,364953600,933.0
zglubt8c,flat_forward_model,5,i42/p1234,369623040,935.0
zglubt8c,flat_forward_model,5,i42/p1234,374538240,935.0
zglubt8c,flat_forward_model,5,i42/p1234,379207680,935.0
zglubt8c,flat_forward_model,5,i42/p1234,384122880,935.0
zglubt8c,flat_forward_model,5,i42/p1234,389038080,936.0
zglubt8c,flat_forward_model,5,i42/p1234,393707520,936.0
zglubt8c,flat_forward_model,5,i42/p1234,398622720,937.0
zglubt8c,flat_forward_model,5,i42/p1234,403292160,937.0
zglubt8c,flat_forward_model,5,i42/p1234,408207360,831.0
zglubt8c,flat_forward_model,5,i42/p1234,412876800,937.0
zglubt8c,flat_forward_model,5,i42/p1234,417792000,940.0
zglubt8c,flat_forward_model,5,i42/p1234,422461440,941.0
zglubt8c,flat_forward_model,5,i42/p1234,427376640,940.0
zglubt8c,flat_forward_model,5,i42/p1234,432046080,939.0
zglubt8c,flat_forward_model,5,i42/p1234,436961280,941.0
zglubt8c,flat_forward_model,5,i42/p1234,441630720,941.0
zglubt8c,flat_forward_model,5,i42/p1234,446545920,941.0
zglubt8c,flat_forward_model,5,i42/p1234,451215360,941.0
zglubt8c,flat_forward_model,5,i42/p1234,456130560,942.0
zglubt8c,flat_forward_model,5,i42/p1234,460800000,943.0
zglubt8c,flat_forward_model,5,i42/p1234,465715200,0.0
zglubt8c,flat_forward_model,5,i42/p1234,470630400,892.0
zglubt8c,flat_forward_model,5,i42/p1234,475299840,890.0
zglubt8c,flat_forward_model,5,i42/p1234,480215040,893.0
884oh0pe,flat_forward_model,5,i43/p43,4915200,435.0
884oh0pe,flat_forward_model,5,i43/p43,9830400,961.0
884oh0pe,flat_forward_model,5,i43/p43,14499840,964.0
884oh0pe,flat_forward_model,5,i43/p43,19415040,961.0
884oh0pe,flat_forward_model,5,i43/p43,24084480,962.0
884oh0pe,flat_forward_model,5,i43/p43,28999680,962.0
884oh0pe,flat_forward_model,5,i43/p43,33669120,961.0
884oh0pe,flat_forward_model,5,i43/p43,38584320,961.0
884oh0pe,flat_forward_model,5,i43/p43,43253760,962.0
884oh0pe,flat_forward_model,5,i43/p43,48168960,962.0
884oh0pe,flat_forward_model,5,i43/p43,52838400,962.0
884oh0pe,flat_forward_model,5,i43/p43,57753600,963.0
884oh0pe,flat_forward_model,5,i43/p43,62423040,962.0
884oh0pe,flat_forward_model,5,i43/p43,67338240,963.0
884oh0pe,flat_forward_model,5,i43/p43,72007680,964.0
884oh0pe,flat_forward_model,5,i43/p43,76922880,964.0
884oh0pe,flat_forward_model,5,i43/p43,81838080,930.0
884oh0pe,flat_forward_model,5,i43/p43,86507520,933.0
884oh0pe,flat_forward_model,5,i43/p43,91422720,937.0
884oh0pe,flat_forward_model,5,i43/p43,96092160,938.0
884oh0pe,flat_forward_model,5,i43/p43,101007360,0.0
884oh0pe,flat_forward_model,5,i43/p43,105676800,938.0
884oh0pe,flat_forward_model,5,i43/p43,110592000,939.0
884oh0pe,flat_forward_model,5,i43/p43,115261440,939.0
884oh0pe,flat_forward_model,5,i43/p43,120176640,940.0
884oh0pe,flat_forward_model,5,i43/p43,124846080,941.0
884oh0pe,flat_forward_model,5,i43/p43,129761280,941.0
884oh0pe,flat_forward_model,5,i43/p43,134430720,940.0
884oh0pe,flat_forward_model,5,i43/p43,139345920,941.0
884oh0pe,flat_forward_model,5,i43/p43,144015360,940.0
884oh0pe,flat_forward_model,5,i43/p43,148930560,941.0
884oh0pe,flat_forward_model,5,i43/p43,153600000,941.0
884oh0pe,flat_forward_model,5,i43/p43,158515200,941.0
884oh0pe,flat_forward_model,5,i43/p43,163430400,942.0
884oh0pe,flat_forward_model,5,i43/p43,168099840,941.0
884oh0pe,flat_forward_model,5,i43/p43,173015040,941.0
884oh0pe,flat_forward_model,5,i43/p43,177684480,942.0
884oh0pe,flat_forward_model,5,i43/p43,182599680,942.0
884oh0pe,flat_forward_model,5,i43/p43,187269120,942.0
884oh0pe,flat_forward_model,5,i43/p43,192184320,942.0
884oh0pe,flat_forward_model,5,i43/p43,196853760,942.0
884oh0pe,flat_forward_model,5,i43/p43,201768960,944.0
884oh0pe,flat_forward_model,5,i43/p43,206438400,943.0
884oh0pe,flat_forward_model,5,i43/p43,211353600,944.0
884oh0pe,flat_forward_model,5,i43/p43,216023040,944.0
884oh0pe,flat_forward_model,5,i43/p43,220938240,944.0
884oh0pe,flat_forward_model,5,i43/p43,225607680,943.0
884oh0pe,flat_forward_model,5,i43/p43,230522880,943.0
884oh0pe,flat_forward_model,5,i43/p43,235438080,945.0
884oh0pe,flat_forward_model,5,i43/p43,240107520,944.0
884oh0pe,flat_forward_model,5,i43/p43,245022720,944.0
884oh0pe,flat_forward_model,5,i43/p43,249692160,944.0
884oh0pe,flat_forward_model,5,i43/p43,254607360,944.0
884oh0pe,flat_forward_model,5,i43/p43,259276800,944.0
884oh0pe,flat_forward_model,5,i43/p43,264192000,945.0
884oh0pe,flat_forward_model,5,i43/p43,268861440,946.0
884oh0pe,flat_forward_model,5,i43/p43,273776640,946.0
884oh0pe,flat_forward_model,5,i43/p43,278446080,946.0
884oh0pe,flat_forward_model,5,i43/p43,283361280,946.0
884oh0pe,flat_forward_model,5,i43/p43,288030720,945.0
884oh0pe,flat_forward_model,5,i43/p43,292945920,946.0
884oh0pe,flat_forward_model,5,i43/p43,297615360,946.0
884oh0pe,flat_forward_model,5,i43/p43,302530560,946.0
884oh0pe,flat_forward_model,5,i43/p43,307200000,947.0
884oh0pe,flat_forward_model,5,i43/p43,312115200,947.0
884oh0pe,flat_forward_model,5,i43/p43,317030400,947.0
884oh0pe,flat_forward_model,5,i43/p43,321699840,0.0
884oh0pe,flat_forward_model,5,i43/p43,326615040,0.0
884oh0pe,flat_forward_model,5,i43/p43,331284480,894.0
884oh0pe,flat_forward_model,5,i43/p43,336199680,899.0
884oh0pe,flat_forward_model,5,i43/p43,340869120,900.0
884oh0pe,flat_forward_model,5,i43/p43,345784320,901.0
884oh0pe,flat_forward_model,5,i43/p43,350453760,904.0
884oh0pe,flat_forward_model,5,i43/p43,355368960,908.0
884oh0pe,flat_forward_model,5,i43/p43,360038400,910.0
884oh0pe,flat_forward_model,5,i43/p43,364953600,913.0
884oh0pe,flat_forward_model,5,i43/p43,369623040,914.0
884oh0pe,flat_forward_model,5,i43/p43,374538240,914.0
884oh0pe,flat_forward_model,5,i43/p43,379207680,914.0
884oh0pe,flat_forward_model,5,i43/p43,384122880,915.0
884oh0pe,flat_forward_model,5,i43/p43,389038080,915.0
884oh0pe,flat_forward_model,5,i43/p43,393707520,915.0
884oh0pe,flat_forward_model,5,i43/p43,398622720,916.0
884oh0pe,flat_forward_model,5,i43/p43,403292160,917.0
884oh0pe,flat_forward_model,5,i43/p43,408207360,917.0
884oh0pe,flat_forward_model,5,i43/p43,412876800,918.0
884oh0pe,flat_forward_model,5,i43/p43,417792000,919.0
884oh0pe,flat_forward_model,5,i43/p43,422461440,919.0
884oh0pe,flat_forward_model,5,i43/p43,427376640,919.0
884oh0pe,flat_forward_model,5,i43/p43,432046080,920.0
884oh0pe,flat_forward_model,5,i43/p43,436961280,920.0
884oh0pe,flat_forward_model,5,i43/p43,441630720,921.0
884oh0pe,flat_forward_model,5,i43/p43,446545920,921.0
884oh0pe,flat_forward_model,5,i43/p43,451215360,919.0
884oh0pe,flat_forward_model,5,i43/p43,456130560,921.0
884oh0pe,flat_forward_model,5,i43/p43,460800000,921.0
884oh0pe,flat_forward_model,5,i43/p43,465715200,922.0
884oh0pe,flat_forward_model,5,i43/p43,470630400,922.0
884oh0pe,flat_forward_model,5,i43/p43,475299840,922.0
884oh0pe,flat_forward_model,5,i43/p43,480215040,922.0
2rj9xp23,flat_forward_model,5,i44/p44,4915200,0.0
2rj9xp23,flat_forward_model,5,i44/p44,9830400,961.0
2rj9xp23,flat_forward_model,5,i44/p44,14499840,967.0
2rj9xp23,flat_forward_model,5,i44/p44,19415040,969.0
2rj9xp23,flat_forward_model,5,i44/p44,24084480,969.0
2rj9xp23,flat_forward_model,5,i44/p44,28999680,968.0
2rj9xp23,flat_forward_model,5,i44/p44,33669120,969.0
2rj9xp23,flat_forward_model,5,i44/p44,38584320,969.0
2rj9xp23,flat_forward_model,5,i44/p44,43253760,969.0
2rj9xp23,flat_forward_model,5,i44/p44,48168960,970.0
2rj9xp23,flat_forward_model,5,i44/p44,52838400,965.0
2rj9xp23,flat_forward_model,5,i44/p44,57753600,968.0
2rj9xp23,flat_forward_model,5,i44/p44,62423040,968.0
2rj9xp23,flat_forward_model,5,i44/p44,67338240,957.0
2rj9xp23,flat_forward_model,5,i44/p44,72007680,961.0
2rj9xp23,flat_forward_model,5,i44/p44,76922880,966.0
2rj9xp23,flat_forward_model,5,i44/p44,81838080,967.0
2rj9xp23,flat_forward_model,5,i44/p44,86507520,967.0
2rj9xp23,flat_forward_model,5,i44/p44,91422720,968.0
2rj9xp23,flat_forward_model,5,i44/p44,96092160,968.0
2rj9xp23,flat_forward_model,5,i44/p44,101007360,967.0
2rj9xp23,flat_forward_model,5,i44/p44,105676800,968.0
2rj9xp23,flat_forward_model,5,i44/p44,110592000,970.0
2rj9xp23,flat_forward_model,5,i44/p44,115261440,972.0
2rj9xp23,flat_forward_model,5,i44/p44,120176640,970.0
2rj9xp23,flat_forward_model,5,i44/p44,124846080,970.0
2rj9xp23,flat_forward_model,5,i44/p44,129761280,971.0
2rj9xp23,flat_forward_model,5,i44/p44,134430720,972.0
2rj9xp23,flat_forward_model,5,i44/p44,139345920,972.0
2rj9xp23,flat_forward_model,5,i44/p44,144015360,896.0
2rj9xp23,flat_forward_model,5,i44/p44,148930560,967.0
2rj9xp23,flat_forward_model,5,i44/p44,153600000,970.0
2rj9xp23,flat_forward_model,5,i44/p44,158515200,970.0
2rj9xp23,flat_forward_model,5,i44/p44,163430400,970.0
2rj9xp23,flat_forward_model,5,i44/p44,168099840,770.0
2rj9xp23,flat_forward_model,5,i44/p44,173015040,861.0
2rj9xp23,flat_forward_model,5,i44/p44,177684480,925.0
2rj9xp23,flat_forward_model,5,i44/p44,182599680,927.0
2rj9xp23,flat_forward_model,5,i44/p44,187269120,928.0
2rj9xp23,flat_forward_model,5,i44/p44,192184320,929.0
2rj9xp23,flat_forward_model,5,i44/p44,196853760,928.0
2rj9xp23,flat_forward_model,5,i44/p44,201768960,931.0
2rj9xp23,flat_forward_model,5,i44/p44,206438400,843.0
2rj9xp23,flat_forward_model,5,i44/p44,211353600,931.0
2rj9xp23,flat_forward_model,5,i44/p44,216023040,931.0
2rj9xp23,flat_forward_model,5,i44/p44,220938240,932.0
2rj9xp23,flat_forward_model,5,i44/p44,225607680,932.0
2rj9xp23,flat_forward_model,5,i44/p44,230522880,933.0
2rj9xp23,flat_forward_model,5,i44/p44,235438080,935.0
2rj9xp23,flat_forward_model,5,i44/p44,240107520,0.0
2rj9xp23,flat_forward_model,5,i44/p44,245022720,936.0
2rj9xp23,flat_forward_model,5,i44/p44,249692160,943.0
2rj9xp23,flat_forward_model,5,i44/p44,254607360,945.0
2rj9xp23,flat_forward_model,5,i44/p44,259276800,947.0
2rj9xp23,flat_forward_model,5,i44/p44,264192000,948.0
2rj9xp23,flat_forward_model,5,i44/p44,268861440,951.0
2rj9xp23,flat_forward_model,5,i44/p44,273776640,884.0
2rj9xp23,flat_forward_model,5,i44/p44,278446080,935.0
2rj9xp23,flat_forward_model,5,i44/p44,283361280,945.0
2rj9xp23,flat_forward_model,5,i44/p44,288030720,949.0
2rj9xp23,flat_forward_model,5,i44/p44,292945920,952.0
2rj9xp23,flat_forward_model,5,i44/p44,297615360,0.0
2rj9xp23,flat_forward_model,5,i44/p44,302530560,940.0
2rj9xp23,flat_forward_model,5,i44/p44,307200000,0.0
2rj9xp23,flat_forward_model,5,i44/p44,312115200,946.0
2rj9xp23,flat_forward_model,5,i44/p44,317030400,946.0
2rj9xp23,flat_forward_model,5,i44/p44,321699840,949.0
2rj9xp23,flat_forward_model,5,i44/p44,326615040,950.0
2rj9xp23,flat_forward_model,5,i44/p44,331284480,951.0
2rj9xp23,flat_forward_model,5,i44/p44,336199680,952.0
2rj9xp23,flat_forward_model,5,i44/p44,340869120,953.0
2rj9xp23,flat_forward_model,5,i44/p44,345784320,951.0
2rj9xp23,flat_forward_model,5,i44/p44,350453760,952.0
2rj9xp23,flat_forward_model,5,i44/p44,355368960,0.0
2rj9xp23,flat_forward_model,5,i44/p44,360038400,912.0
2rj9xp23,flat_forward_model,5,i44/p44,364953600,928.0
2rj9xp23,flat_forward_model,5,i44/p44,369623040,931.0
2rj9xp23,flat_forward_model,5,i44/p44,374538240,933.0
2rj9xp23,flat_forward_model,5,i44/p44,379207680,935.0
2rj9xp23,flat_forward_model,5,i44/p44,384122880,937.0
2rj9xp23,flat_forward_model,5,i44/p44,389038080,939.0
2rj9xp23,flat_forward_model,5,i44/p44,393707520,939.0
2rj9xp23,flat_forward_model,5,i44/p44,398622720,940.0
2rj9xp23,flat_forward_model,5,i44/p44,403292160,937.0
2rj9xp23,flat_forward_model,5,i44/p44,408207360,940.0
2rj9xp23,flat_forward_model,5,i44/p44,412876800,941.0
2rj9xp23,flat_forward_model,5,i44/p44,417792000,942.0
2rj9xp23,flat_forward_model,5,i44/p44,422461440,943.0
2rj9xp23,flat_forward_model,5,i44/p44,427376640,944.0
2rj9xp23,flat_forward_model,5,i44/p44,432046080,945.0
2rj9xp23,flat_forward_model,5,i44/p44,436961280,946.0
2rj9xp23,flat_forward_model,5,i44/p44,441630720,948.0
2rj9xp23,flat_forward_model,5,i44/p44,446545920,948.0
2rj9xp23,flat_forward_model,5,i44/p44,451215360,950.0
2rj9xp23,flat_forward_model,5,i44/p44,456130560,951.0
2rj9xp23,flat_forward_model,5,i44/p44,460800000,952.0
2rj9xp23,flat_forward_model,5,i44/p44,465715200,955.0
2rj9xp23,flat_forward_model,5,i44/p44,470630400,921.0
2rj9xp23,flat_forward_model,5,i44/p44,475299840,970.0
2rj9xp23,flat_forward_model,5,i44/p44,480215040,909.0
8yid3jv7,flat_forward_model,7,i42/p1234,4915200,0.0
8yid3jv7,flat_forward_model,7,i42/p1234,9830400,0.0
8yid3jv7,flat_forward_model,7,i42/p1234,14499840,0.0
8yid3jv7,flat_forward_model,7,i42/p1234,19415040,0.0
8yid3jv7,flat_forward_model,7,i42/p1234,24084480,0.0
8yid3jv7,flat_forward_model,7,i42/p1234,28999680,0.0
8yid3jv7,flat_forward_model,7,i42/p1234,33669120,0.0
8yid3jv7,flat_forward_model,7,i42/p1234,38584320,0.0
8yid3jv7,flat_forward_model,7,i42/p1234,43253760,0.0
8yid3jv7,flat_forward_model,7,i42/p1234,48168960,0.0
8yid3jv7,flat_forward_model,7,i42/p1234,52838400,0.0
8yid3jv7,flat_forward_model,7,i42/p1234,57753600,0.0
8yid3jv7,flat_forward_model,7,i42/p1234,62423040,0.0
8yid3jv7,flat_forward_model,7,i42/p1234,67338240,0.0
8yid3jv7,flat_forward_model,7,i42/p1234,72007680,0.0
8yid3jv7,flat_forward_model,7,i42/p1234,76922880,0.0
8yid3jv7,flat_forward_model,7,i42/p1234,81838080,0.0
8yid3jv7,flat_forward_model,7,i42/p1234,86507520,0.0
8yid3jv7,flat_forward_model,7,i42/p1234,91422720,0.0
8yid3jv7,flat_forward_model,7,i42/p1234,96092160,0.0
8yid3jv7,flat_forward_model,7,i42/p1234,101007360,0.0
8yid3jv7,flat_forward_model,7,i42/p1234,105676800,0.0
8yid3jv7,flat_forward_model,7,i42/p1234,110592000,0.0
8yid3jv7,flat_forward_model,7,i42/p1234,115261440,0.0
8yid3jv7,flat_forward_model,7,i42/p1234,120176640,0.0
8yid3jv7,flat_forward_model,7,i42/p1234,124846080,0.0
8yid3jv7,flat_forward_model,7,i42/p1234,129761280,0.0
8yid3jv7,flat_forward_model,7,i42/p1234,134430720,0.0
8yid3jv7,flat_forward_model,7,i42/p1234,139345920,0.0
8yid3jv7,flat_forward_model,7,i42/p1234,144015360,0.0
8yid3jv7,flat_forward_model,7,i42/p1234,148930560,0.0
8yid3jv7,flat_forward_model,7,i42/p1234,153600000,0.0
8yid3jv7,flat_forward_model,7,i42/p1234,158515200,0.0
8yid3jv7,flat_forward_model,7,i42/p1234,163430400,0.0
8yid3jv7,flat_forward_model,7,i42/p1234,168099840,0.0
8yid3jv7,flat_forward_model,7,i42/p1234,173015040,0.0
8yid3jv7,flat_forward_model,7,i42/p1234,177684480,0.0
8yid3jv7,flat_forward_model,7,i42/p1234,182599680,0.0
8yid3jv7,flat_forward_model,7,i42/p1234,187269120,0.0
8yid3jv7,flat_forward_model,7,i42/p1234,192184320,0.0
8yid3jv7,flat_forward_model,7,i42/p1234,196853760,0.0
8yid3jv7,flat_forward_model,7,i42/p1234,201768960,0.0
8yid3jv7,flat_forward_model,7,i42/p1234,206438400,0.0
8yid3jv7,flat_forward_model,7,i42/p1234,211353600,0.0
8yid3jv7,flat_forward_model,7,i42/p1234,216023040,0.0
8yid3jv7,flat_forward_model,7,i42/p1234,220938240,0.0
8yid3jv7,flat_forward_model,7,i42/p1234,225607680,0.0
8yid3jv7,flat_forward_model,7,i42/p1234,230522880,0.0
8yid3jv7,flat_forward_model,7,i42/p1234,235438080,0.0
8yid3jv7,flat_forward_model,7,i42/p1234,240107520,0.0
8yid3jv7,flat_forward_model,7,i42/p1234,245022720,0.0
8yid3jv7,flat_forward_model,7,i42/p1234,249692160,0.0
8yid3jv7,flat_forward_model,7,i42/p1234,254607360,0.0
8yid3jv7,flat_forward_model,7,i42/p1234,259276800,0.0
8yid3jv7,flat_forward_model,7,i42/p1234,264192000,0.0
8yid3jv7,flat_forward_model,7,i42/p1234,268861440,0.0
8yid3jv7,flat_forward_model,7,i42/p1234,273776640,0.0
8yid3jv7,flat_forward_model,7,i42/p1234,278446080,0.0
8yid3jv7,flat_forward_model,7,i42/p1234,283361280,0.0
8yid3jv7,flat_forward_model,7,i42/p1234,288030720,0.0
8yid3jv7,flat_forward_model,7,i42/p1234,292945920,0.0
8yid3jv7,flat_forward_model,7,i42/p1234,297615360,0.0
8yid3jv7,flat_forward_model,7,i42/p1234,302530560,0.0
8yid3jv7,flat_forward_model,7,i42/p1234,307200000,0.0
8yid3jv7,flat_forward_model,7,i42/p1234,312115200,0.0
8yid3jv7,flat_forward_model,7,i42/p1234,317030400,0.0
8yid3jv7,flat_forward_model,7,i42/p1234,321699840,0.0
8yid3jv7,flat_forward_model,7,i42/p1234,326615040,650.0
8yid3jv7,flat_forward_model,7,i42/p1234,331284480,908.0
8yid3jv7,flat_forward_model,7,i42/p1234,336199680,911.0
8yid3jv7,flat_forward_model,7,i42/p1234,340869120,918.0
8yid3jv7,flat_forward_model,7,i42/p1234,345784320,928.0
8yid3jv7,flat_forward_model,7,i42/p1234,350453760,928.0
8yid3jv7,flat_forward_model,7,i42/p1234,355368960,930.0
8yid3jv7,flat_forward_model,7,i42/p1234,360038400,931.0
8yid3jv7,flat_forward_model,7,i42/p1234,364953600,931.0
8yid3jv7,flat_forward_model,7,i42/p1234,369623040,932.0
8yid3jv7,flat_forward_model,7,i42/p1234,374538240,935.0
8yid3jv7,flat_forward_model,7,i42/p1234,379207680,934.0
8yid3jv7,flat_forward_model,7,i42/p1234,384122880,935.0
8yid3jv7,flat_forward_model,7,i42/p1234,389038080,935.0
8yid3jv7,flat_forward_model,7,i42/p1234,393707520,931.0
8yid3jv7,flat_forward_model,7,i42/p1234,398622720,935.0
8yid3jv7,flat_forward_model,7,i42/p1234,403292160,936.0
8yid3jv7,flat_forward_model,7,i42/p1234,408207360,935.0
8yid3jv7,flat_forward_model,7,i42/p1234,412876800,935.0
8yid3jv7,flat_forward_model,7,i42/p1234,417792000,935.0
8yid3jv7,flat_forward_model,7,i42/p1234,422461440,935.0
8yid3jv7,flat_forward_model,7,i42/p1234,427376640,931.0
8yid3jv7,flat_forward_model,7,i42/p1234,432046080,936.0
8yid3jv7,flat_forward_model,7,i42/p1234,436961280,937.0
8yid3jv7,flat_forward_model,7,i42/p1234,441630720,939.0
8yid3jv7,flat_forward_model,7,i42/p1234,446545920,938.0
8yid3jv7,flat_forward_model,7,i42/p1234,451215360,939.0
8yid3jv7,flat_forward_model,7,i42/p1234,456130560,939.0
8yid3jv7,flat_forward_model,7,i42/p1234,460800000,939.0
8yid3jv7,flat_forward_model,7,i42/p1234,465715200,940.0
8yid3jv7,flat_forward_model,7,i42/p1234,470630400,940.0
8yid3jv7,flat_forward_model,7,i42/p1234,475299840,940.0
8yid3jv7,flat_forward_model,7,i42/p1234,480215040,940.0
aocazrj4,flat_forward_model,7,i43/p43,4915200,846.0
aocazrj4,flat_forward_model,7,i43/p43,9830400,960.0
aocazrj4,flat_forward_model,7,i43/p43,14499840,963.0
aocazrj4,flat_forward_model,7,i43/p43,19415040,962.0
aocazrj4,flat_forward_model,7,i43/p43,24084480,965.0
aocazrj4,flat_forward_model,7,i43/p43,28999680,769.0
aocazrj4,flat_forward_model,7,i43/p43,33669120,958.0
aocazrj4,flat_forward_model,7,i43/p43,38584320,964.0
aocazrj4,flat_forward_model,7,i43/p43,43253760,965.0
aocazrj4,flat_forward_model,7,i43/p43,48168960,966.0
aocazrj4,flat_forward_model,7,i43/p43,52838400,966.0
aocazrj4,flat_forward_model,7,i43/p43,57753600,966.0
aocazrj4,flat_forward_model,7,i43/p43,62423040,967.0
aocazrj4,flat_forward_model,7,i43/p43,67338240,966.0
aocazrj4,flat_forward_model,7,i43/p43,72007680,966.0
aocazrj4,flat_forward_model,7,i43/p43,76922880,966.0
aocazrj4,flat_forward_model,7,i43/p43,81838080,957.0
aocazrj4,flat_forward_model,7,i43/p43,86507520,957.0
aocazrj4,flat_forward_model,7,i43/p43,91422720,954.0
aocazrj4,flat_forward_model,7,i43/p43,96092160,956.0
aocazrj4,flat_forward_model,7,i43/p43,101007360,957.0
aocazrj4,flat_forward_model,7,i43/p43,105676800,960.0
aocazrj4,flat_forward_model,7,i43/p43,110592000,959.0
aocazrj4,flat_forward_model,7,i43/p43,115261440,960.0
aocazrj4,flat_forward_model,7,i43/p43,120176640,960.0
aocazrj4,flat_forward_model,7,i43/p43,124846080,960.0
aocazrj4,flat_forward_model,7,i43/p43,129761280,956.0
aocazrj4,flat_forward_model,7,i43/p43,134430720,959.0
aocazrj4,flat_forward_model,7,i43/p43,139345920,961.0
aocazrj4,flat_forward_model,7,i43/p43,144015360,961.0
aocazrj4,flat_forward_model,7,i43/p43,148930560,960.0
aocazrj4,flat_forward_model,7,i43/p43,153600000,961.0
aocazrj4,flat_forward_model,7,i43/p43,158515200,961.0
aocazrj4,flat_forward_model,7,i43/p43,163430400,961.0
aocazrj4,flat_forward_model,7,i43/p43,168099840,961.0
aocazrj4,flat_forward_model,7,i43/p43,173015040,961.0
aocazrj4,flat_forward_model,7,i43/p43,177684480,960.0
aocazrj4,flat_forward_model,7,i43/p43,182599680,960.0
aocazrj4,flat_forward_model,7,i43/p43,187269120,960.0
aocazrj4,flat_forward_model,7,i43/p43,192184320,961.0
aocazrj4,flat_forward_model,7,i43/p43,196853760,961.0
aocazrj4,flat_forward_model,7,i43/p43,201768960,962.0
aocazrj4,flat_forward_model,7,i43/p43,206438400,962.0
aocazrj4,flat_forward_model,7,i43/p43,211353600,962.0
aocazrj4,flat_forward_model,7,i43/p43,216023040,0.0
aocazrj4,flat_forward_model,7,i43/p43,220938240,960.0
aocazrj4,flat_forward_model,7,i43/p43,225607680,961.0
aocazrj4,flat_forward_model,7,i43/p43,230522880,961.0
aocazrj4,flat_forward_model,7,i43/p43,235438080,962.0
aocazrj4,flat_forward_model,7,i43/p43,240107520,963.0
aocazrj4,flat_forward_model,7,i43/p43,245022720,964.0
aocazrj4,flat_forward_model,7,i43/p43,249692160,965.0
aocazrj4,flat_forward_model,7,i43/p43,254607360,965.0
aocazrj4,flat_forward_model,7,i43/p43,259276800,966.0
aocazrj4,flat_forward_model,7,i43/p43,264192000,966.0
aocazrj4,flat_forward_model,7,i43/p43,268861440,966.0
aocazrj4,flat_forward_model,7,i43/p43,273776640,966.0
aocazrj4,flat_forward_model,7,i43/p43,278446080,966.0
aocazrj4,flat_forward_model,7,i43/p43,283361280,966.0
aocazrj4,flat_forward_model,7,i43/p43,288030720,967.0
aocazrj4,flat_forward_model,7,i43/p43,292945920,966.0
aocazrj4,flat_forward_model,7,i43/p43,297615360,966.0
aocazrj4,flat_forward_model,7,i43/p43,302530560,966.0
aocazrj4,flat_forward_model,7,i43/p43,307200000,966.0
aocazrj4,flat_forward_model,7,i43/p43,312115200,966.0
aocazrj4,flat_forward_model,7,i43/p43,317030400,966.0
aocazrj4,flat_forward_model,7,i43/p43,321699840,966.0
aocazrj4,flat_forward_model,7,i43/p43,326615040,966.0
aocazrj4,flat_forward_model,7,i43/p43,331284480,965.0
aocazrj4,flat_forward_model,7,i43/p43,336199680,967.0
aocazrj4,flat_forward_model,7,i43/p43,340869120,967.0
aocazrj4,flat_forward_model,7,i43/p43,345784320,967.0
aocazrj4,flat_forward_model,7,i43/p43,350453760,967.0
aocazrj4,flat_forward_model,7,i43/p43,355368960,967.0
aocazrj4,flat_forward_model,7,i43/p43,360038400,967.0
aocazrj4,flat_forward_model,7,i43/p43,364953600,967.0
aocazrj4,flat_forward_model,7,i43/p43,369623040,967.0
aocazrj4,flat_forward_model,7,i43/p43,374538240,967.0
aocazrj4,flat_forward_model,7,i43/p43,379207680,967.0
aocazrj4,flat_forward_model,7,i43/p43,384122880,968.0
aocazrj4,flat_forward_model,7,i43/p43,389038080,969.0
aocazrj4,flat_forward_model,7,i43/p43,393707520,969.0
aocazrj4,flat_forward_model,7,i43/p43,398622720,969.0
aocazrj4,flat_forward_model,7,i43/p43,403292160,970.0
aocazrj4,flat_forward_model,7,i43/p43,408207360,970.0
aocazrj4,flat_forward_model,7,i43/p43,412876800,968.0
aocazrj4,flat_forward_model,7,i43/p43,417792000,969.0
aocazrj4,flat_forward_model,7,i43/p43,422461440,970.0
aocazrj4,flat_forward_model,7,i43/p43,427376640,970.0
aocazrj4,flat_forward_model,7,i43/p43,432046080,971.0
aocazrj4,flat_forward_model,7,i43/p43,436961280,971.0
aocazrj4,flat_forward_model,7,i43/p43,441630720,971.0
aocazrj4,flat_forward_model,7,i43/p43,446545920,972.0
aocazrj4,flat_forward_model,7,i43/p43,451215360,972.0
aocazrj4,flat_forward_model,7,i43/p43,456130560,972.0
aocazrj4,flat_forward_model,7,i43/p43,460800000,973.0
aocazrj4,flat_forward_model,7,i43/p43,465715200,973.0
aocazrj4,flat_forward_model,7,i43/p43,470630400,973.0
aocazrj4,flat_forward_model,7,i43/p43,475299840,973.0
aocazrj4,flat_forward_model,7,i43/p43,480215040,973.0
5htemxv2,flat_forward_model,7,i44/p44,4915200,844.0
5htemxv2,flat_forward_model,7,i44/p44,9830400,945.0
5htemxv2,flat_forward_model,7,i44/p44,14499840,947.0
5htemxv2,flat_forward_model,7,i44/p44,19415040,945.0
5htemxv2,flat_forward_model,7,i44/p44,24084480,944.0
5htemxv2,flat_forward_model,7,i44/p44,28999680,945.0
5htemxv2,flat_forward_model,7,i44/p44,33669120,946.0
5htemxv2,flat_forward_model,7,i44/p44,38584320,946.0
5htemxv2,flat_forward_model,7,i44/p44,43253760,946.0
5htemxv2,flat_forward_model,7,i44/p44,48168960,947.0
5htemxv2,flat_forward_model,7,i44/p44,52838400,948.0
5htemxv2,flat_forward_model,7,i44/p44,57753600,948.0
5htemxv2,flat_forward_model,7,i44/p44,62423040,948.0
5htemxv2,flat_forward_model,7,i44/p44,67338240,948.0
5htemxv2,flat_forward_model,7,i44/p44,72007680,948.0
5htemxv2,flat_forward_model,7,i44/p44,76922880,948.0
5htemxv2,flat_forward_model,7,i44/p44,81838080,948.0
5htemxv2,flat_forward_model,7,i44/p44,86507520,948.0
5htemxv2,flat_forward_model,7,i44/p44,91422720,948.0
5htemxv2,flat_forward_model,7,i44/p44,96092160,949.0
5htemxv2,flat_forward_model,7,i44/p44,101007360,951.0
5htemxv2,flat_forward_model,7,i44/p44,105676800,952.0
5htemxv2,flat_forward_model,7,i44/p44,110592000,952.0
5htemxv2,flat_forward_model,7,i44/p44,115261440,953.0
5htemxv2,flat_forward_model,7,i44/p44,120176640,953.0
5htemxv2,flat_forward_model,7,i44/p44,124846080,954.0
5htemxv2,flat_forward_model,7,i44/p44,129761280,954.0
5htemxv2,flat_forward_model,7,i44/p44,134430720,956.0
5htemxv2,flat_forward_model,7,i44/p44,139345920,956.0
5htemxv2,flat_forward_model,7,i44/p44,144015360,957.0
5htemxv2,flat_forward_model,7,i44/p44,148930560,958.0
5htemxv2,flat_forward_model,7,i44/p44,153600000,960.0
5htemxv2,flat_forward_model,7,i44/p44,158515200,961.0
5htemxv2,flat_forward_model,7,i44/p44,163430400,961.0
5htemxv2,flat_forward_model,7,i44/p44,168099840,962.0
5htemxv2,flat_forward_model,7,i44/p44,173015040,962.0
5htemxv2,flat_forward_model,7,i44/p44,177684480,964.0
5htemxv2,flat_forward_model,7,i44/p44,182599680,966.0
5htemxv2,flat_forward_model,7,i44/p44,187269120,967.0
5htemxv2,flat_forward_model,7,i44/p44,192184320,968.0
5htemxv2,flat_forward_model,7,i44/p44,196853760,969.0
5htemxv2,flat_forward_model,7,i44/p44,201768960,969.0
5htemxv2,flat_forward_model,7,i44/p44,206438400,969.0
5htemxv2,flat_forward_model,7,i44/p44,211353600,948.0
5htemxv2,flat_forward_model,7,i44/p44,216023040,968.0
5htemxv2,flat_forward_model,7,i44/p44,220938240,969.0
5htemxv2,flat_forward_model,7,i44/p44,225607680,969.0
5htemxv2,flat_forward_model,7,i44/p44,230522880,969.0
5htemxv2,flat_forward_model,7,i44/p44,235438080,970.0
5htemxv2,flat_forward_model,7,i44/p44,240107520,967.0
5htemxv2,flat_forward_model,7,i44/p44,245022720,968.0
5htemxv2,flat_forward_model,7,i44/p44,249692160,968.0
5htemxv2,flat_forward_model,7,i44/p44,254607360,968.0
5htemxv2,flat_forward_model,7,i44/p44,259276800,968.0
5htemxv2,flat_forward_model,7,i44/p44,264192000,968.0
5htemxv2,flat_forward_model,7,i44/p44,268861440,967.0
5htemxv2,flat_forward_model,7,i44/p44,273776640,968.0
5htemxv2,flat_forward_model,7,i44/p44,278446080,968.0
5htemxv2,flat_forward_model,7,i44/p44,283361280,968.0
5htemxv2,flat_forward_model,7,i44/p44,288030720,968.0
5htemxv2,flat_forward_model,7,i44/p44,292945920,968.0
5htemxv2,flat_forward_model,7,i44/p44,297615360,968.0
5htemxv2,flat_forward_model,7,i44/p44,302530560,965.0
5htemxv2,flat_forward_model,7,i44/p44,307200000,966.0
5htemxv2,flat_forward_model,7,i44/p44,312115200,968.0
5htemxv2,flat_forward_model,7,i44/p44,317030400,968.0
5htemxv2,flat_forward_model,7,i44/p44,321699840,968.0
5htemxv2,flat_forward_model,7,i44/p44,326615040,968.0
5htemxv2,flat_forward_model,7,i44/p44,331284480,968.0
5htemxv2,flat_forward_model,7,i44/p44,336199680,965.0
5htemxv2,flat_forward_model,7,i44/p44,340869120,968.0
5htemxv2,flat_forward_model,7,i44/p44,345784320,969.0
5htemxv2,flat_forward_model,7,i44/p44,350453760,966.0
5htemxv2,flat_forward_model,7,i44/p44,355368960,968.0
5htemxv2,flat_forward_model,7,i44/p44,360038400,968.0
5htemxv2,flat_forward_model,7,i44/p44,364953600,969.0
5htemxv2,flat_forward_model,7,i44/p44,369623040,969.0
5htemxv2,flat_forward_model,7,i44/p44,374538240,969.0
5htemxv2,flat_forward_model,7,i44/p44,379207680,970.0
5htemxv2,flat_forward_model,7,i44/p44,384122880,970.0
5htemxv2,flat_forward_model,7,i44/p44,389038080,970.0
5htemxv2,flat_forward_model,7,i44/p44,393707520,970.0
5htemxv2,flat_forward_model,7,i44/p44,398622720,970.0
5htemxv2,flat_forward_model,7,i44/p44,403292160,970.0
5htemxv2,flat_forward_model,7,i44/p44,408207360,970.0
5htemxv2,flat_forward_model,7,i44/p44,412876800,970.0
5htemxv2,flat_forward_model,7,i44/p44,417792000,970.0
5htemxv2,flat_forward_model,7,i44/p44,422461440,970.0
5htemxv2,flat_forward_model,7,i44/p44,427376640,970.0
5htemxv2,flat_forward_model,7,i44/p44,432046080,970.0
5htemxv2,flat_forward_model,7,i44/p44,436961280,970.0
5htemxv2,flat_forward_model,7,i44/p44,441630720,970.0
5htemxv2,flat_forward_model,7,i44/p44,446545920,970.0
5htemxv2,flat_forward_model,7,i44/p44,451215360,967.0
5htemxv2,flat_forward_model,7,i44/p44,456130560,969.0
5htemxv2,flat_forward_model,7,i44/p44,460800000,970.0
5htemxv2,flat_forward_model,7,i44/p44,465715200,970.0
5htemxv2,flat_forward_model,7,i44/p44,470630400,970.0
5htemxv2,flat_forward_model,7,i44/p44,475299840,970.0
5htemxv2,flat_forward_model,7,i44/p44,480215040,970.0
2ygz0664,flat_forward_model,10,i42/p1234,4915200,0.0
2ygz0664,flat_forward_model,10,i42/p1234,9830400,0.0
2ygz0664,flat_forward_model,10,i42/p1234,14499840,0.0
2ygz0664,flat_forward_model,10,i42/p1234,19415040,0.0
2ygz0664,flat_forward_model,10,i42/p1234,24084480,0.0
2ygz0664,flat_forward_model,10,i42/p1234,28999680,0.0
2ygz0664,flat_forward_model,10,i42/p1234,33669120,0.0
2ygz0664,flat_forward_model,10,i42/p1234,38584320,0.0
2ygz0664,flat_forward_model,10,i42/p1234,43253760,0.0
2ygz0664,flat_forward_model,10,i42/p1234,48168960,0.0
2ygz0664,flat_forward_model,10,i42/p1234,52838400,0.0
2ygz0664,flat_forward_model,10,i42/p1234,57753600,0.0
2ygz0664,flat_forward_model,10,i42/p1234,62423040,0.0
2ygz0664,flat_forward_model,10,i42/p1234,67338240,0.0
2ygz0664,flat_forward_model,10,i42/p1234,72007680,0.0
2ygz0664,flat_forward_model,10,i42/p1234,76922880,0.0
2ygz0664,flat_forward_model,10,i42/p1234,81838080,0.0
2ygz0664,flat_forward_model,10,i42/p1234,86507520,0.0
2ygz0664,flat_forward_model,10,i42/p1234,91422720,0.0
2ygz0664,flat_forward_model,10,i42/p1234,96092160,601.0
2ygz0664,flat_forward_model,10,i42/p1234,101007360,0.0
2ygz0664,flat_forward_model,10,i42/p1234,105676800,891.0
2ygz0664,flat_forward_model,10,i42/p1234,110592000,904.0
2ygz0664,flat_forward_model,10,i42/p1234,115261440,912.0
2ygz0664,flat_forward_model,10,i42/p1234,120176640,0.0
2ygz0664,flat_forward_model,10,i42/p1234,124846080,0.0
2ygz0664,flat_forward_model,10,i42/p1234,129761280,960.0
2ygz0664,flat_forward_model,10,i42/p1234,134430720,963.0
2ygz0664,flat_forward_model,10,i42/p1234,139345920,874.0
2ygz0664,flat_forward_model,10,i42/p1234,144015360,964.0
2ygz0664,flat_forward_model,10,i42/p1234,148930560,965.0
2ygz0664,flat_forward_model,10,i42/p1234,153600000,965.0
2ygz0664,flat_forward_model,10,i42/p1234,158515200,959.0
2ygz0664,flat_forward_model,10,i42/p1234,163430400,962.0
2ygz0664,flat_forward_model,10,i42/p1234,168099840,0.0
2ygz0664,flat_forward_model,10,i42/p1234,173015040,0.0
2ygz0664,flat_forward_model,10,i42/p1234,177684480,0.0
2ygz0664,flat_forward_model,10,i42/p1234,182599680,0.0
2ygz0664,flat_forward_model,10,i42/p1234,187269120,0.0
2ygz0664,flat_forward_model,10,i42/p1234,192184320,0.0
2ygz0664,flat_forward_model,10,i42/p1234,196853760,0.0
2ygz0664,flat_forward_model,10,i42/p1234,201768960,0.0
2ygz0664,flat_forward_model,10,i42/p1234,206438400,0.0
2ygz0664,flat_forward_model,10,i42/p1234,211353600,0.0
2ygz0664,flat_forward_model,10,i42/p1234,216023040,0.0
2ygz0664,flat_forward_model,10,i42/p1234,220938240,0.0
2ygz0664,flat_forward_model,10,i42/p1234,225607680,844.0
2ygz0664,flat_forward_model,10,i42/p1234,230522880,949.0
2ygz0664,flat_forward_model,10,i42/p1234,235438080,955.0
2ygz0664,flat_forward_model,10,i42/p1234,240107520,959.0
2ygz0664,flat_forward_model,10,i42/p1234,245022720,960.0
2ygz0664,flat_forward_model,10,i42/p1234,249692160,961.0
2ygz0664,flat_forward_model,10,i42/p1234,254607360,961.0
2ygz0664,flat_forward_model,10,i42/p1234,259276800,961.0
2ygz0664,flat_forward_model,10,i42/p1234,264192000,960.0
2ygz0664,flat_forward_model,10,i42/p1234,268861440,0.0
2ygz0664,flat_forward_model,10,i42/p1234,273776640,959.0
2ygz0664,flat_forward_model,10,i42/p1234,278446080,961.0
2ygz0664,flat_forward_model,10,i42/p1234,283361280,961.0
2ygz0664,flat_forward_model,10,i42/p1234,288030720,962.0
2ygz0664,flat_forward_model,10,i42/p1234,292945920,960.0
2ygz0664,flat_forward_model,10,i42/p1234,297615360,964.0
2ygz0664,flat_forward_model,10,i42/p1234,302530560,964.0
2ygz0664,flat_forward_model,10,i42/p1234,307200000,964.0
2ygz0664,flat_forward_model,10,i42/p1234,312115200,965.0
2ygz0664,flat_forward_model,10,i42/p1234,317030400,965.0
2ygz0664,flat_forward_model,10,i42/p1234,321699840,964.0
2ygz0664,flat_forward_model,10,i42/p1234,326615040,965.0
2ygz0664,flat_forward_model,10,i42/p1234,331284480,965.0
2ygz0664,flat_forward_model,10,i42/p1234,336199680,966.0
2ygz0664,flat_forward_model,10,i42/p1234,340869120,966.0
2ygz0664,flat_forward_model,10,i42/p1234,345784320,966.0
2ygz0664,flat_forward_model,10,i42/p1234,350453760,967.0
2ygz0664,flat_forward_model,10,i42/p1234,355368960,967.0
2ygz0664,flat_forward_model,10,i42/p1234,360038400,967.0
2ygz0664,flat_forward_model,10,i42/p1234,364953600,968.0
2ygz0664,flat_forward_model,10,i42/p1234,369623040,968.0
2ygz0664,flat_forward_model,10,i42/p1234,374538240,0.0
2ygz0664,flat_forward_model,10,i42/p1234,379207680,939.0
2ygz0664,flat_forward_model,10,i42/p1234,384122880,945.0
2ygz0664,flat_forward_model,10,i42/p1234,389038080,946.0
2ygz0664,flat_forward_model,10,i42/p1234,393707520,946.0
2ygz0664,flat_forward_model,10,i42/p1234,398622720,946.0
2ygz0664,flat_forward_model,10,i42/p1234,403292160,946.0
2ygz0664,flat_forward_model,10,i42/p1234,408207360,946.0
2ygz0664,flat_forward_model,10,i42/p1234,412876800,946.0
2ygz0664,flat_forward_model,10,i42/p1234,417792000,946.0
2ygz0664,flat_forward_model,10,i42/p1234,422461440,946.0
2ygz0664,flat_forward_model,10,i42/p1234,427376640,946.0
2ygz0664,flat_forward_model,10,i42/p1234,432046080,946.0
2ygz0664,flat_forward_model,10,i42/p1234,436961280,946.0
2ygz0664,flat_forward_model,10,i42/p1234,441630720,946.0
2ygz0664,flat_forward_model,10,i42/p1234,446545920,946.0
2ygz0664,flat_forward_model,10,i42/p1234,451215360,947.0
2ygz0664,flat_forward_model,10,i42/p1234,456130560,947.0
2ygz0664,flat_forward_model,10,i42/p1234,460800000,948.0
2ygz0664,flat_forward_model,10,i42/p1234,465715200,948.0
2ygz0664,flat_forward_model,10,i42/p1234,470630400,948.0
2ygz0664,flat_forward_model,10,i42/p1234,475299840,947.0
2ygz0664,flat_forward_model,10,i42/p1234,480215040,948.0
b98uflbf,flat_forward_model,10,i43/p43,4915200,0.0
b98uflbf,flat_forward_model,10,i43/p43,9830400,956.0
b98uflbf,flat_forward_model,10,i43/p43,14499840,963.0
b98uflbf,flat_forward_model,10,i43/p43,19415040,965.0
b98uflbf,flat_forward_model,10,i43/p43,24084480,965.0
b98uflbf,flat_forward_model,10,i43/p43,28999680,964.0
b98uflbf,flat_forward_model,10,i43/p43,33669120,966.0
b98uflbf,flat_forward_model,10,i43/p43,38584320,966.0
b98uflbf,flat_forward_model,10,i43/p43,43253760,966.0
b98uflbf,flat_forward_model,10,i43/p43,48168960,967.0
b98uflbf,flat_forward_model,10,i43/p43,52838400,965.0
b98uflbf,flat_forward_model,10,i43/p43,57753600,968.0
b98uflbf,flat_forward_model,10,i43/p43,62423040,968.0
b98uflbf,flat_forward_model,10,i43/p43,67338240,968.0
b98uflbf,flat_forward_model,10,i43/p43,72007680,968.0
b98uflbf,flat_forward_model,10,i43/p43,76922880,968.0
b98uflbf,flat_forward_model,10,i43/p43,81838080,968.0
b98uflbf,flat_forward_model,10,i43/p43,86507520,968.0
b98uflbf,flat_forward_model,10,i43/p43,91422720,968.0
b98uflbf,flat_forward_model,10,i43/p43,96092160,968.0
b98uflbf,flat_forward_model,10,i43/p43,101007360,968.0
b98uflbf,flat_forward_model,10,i43/p43,105676800,968.0
b98uflbf,flat_forward_model,10,i43/p43,110592000,968.0
b98uflbf,flat_forward_model,10,i43/p43,115261440,968.0
b98uflbf,flat_forward_model,10,i43/p43,120176640,968.0
b98uflbf,flat_forward_model,10,i43/p43,124846080,968.0
b98uflbf,flat_forward_model,10,i43/p43,129761280,968.0
b98uflbf,flat_forward_model,10,i43/p43,134430720,968.0
b98uflbf,flat_forward_model,10,i43/p43,139345920,968.0
b98uflbf,flat_forward_model,10,i43/p43,144015360,969.0
b98uflbf,flat_forward_model,10,i43/p43,148930560,969.0
b98uflbf,flat_forward_model,10,i43/p43,153600000,969.0
b98uflbf,flat_forward_model,10,i43/p43,158515200,969.0
b98uflbf,flat_forward_model,10,i43/p43,163430400,969.0
b98uflbf,flat_forward_model,10,i43/p43,168099840,969.0
b98uflbf,flat_forward_model,10,i43/p43,173015040,969.0
b98uflbf,flat_forward_model,10,i43/p43,177684480,969.0
b98uflbf,flat_forward_model,10,i43/p43,182599680,969.0
b98uflbf,flat_forward_model,10,i43/p43,187269120,969.0
b98uflbf,flat_forward_model,10,i43/p43,192184320,969.0
b98uflbf,flat_forward_model,10,i43/p43,196853760,969.0
b98uflbf,flat_forward_model,10,i43/p43,201768960,969.0
b98uflbf,flat_forward_model,10,i43/p43,206438400,969.0
b98uflbf,flat_forward_model,10,i43/p43,211353600,969.0
b98uflbf,flat_forward_model,10,i43/p43,216023040,969.0
b98uflbf,flat_forward_model,10,i43/p43,220938240,969.0
b98uflbf,flat_forward_model,10,i43/p43,225607680,969.0
b98uflbf,flat_forward_model,10,i43/p43,230522880,969.0
b98uflbf,flat_forward_model,10,i43/p43,235438080,969.0
b98uflbf,flat_forward_model,10,i43/p43,240107520,969.0
b98uflbf,flat_forward_model,10,i43/p43,245022720,967.0
b98uflbf,flat_forward_model,10,i43/p43,249692160,968.0
b98uflbf,flat_forward_model,10,i43/p43,254607360,968.0
b98uflbf,flat_forward_model,10,i43/p43,259276800,970.0
b98uflbf,flat_forward_model,10,i43/p43,264192000,970.0
b98uflbf,flat_forward_model,10,i43/p43,268861440,969.0
b98uflbf,flat_forward_model,10,i43/p43,273776640,970.0
b98uflbf,flat_forward_model,10,i43/p43,278446080,970.0
b98uflbf,flat_forward_model,10,i43/p43,283361280,964.0
b98uflbf,flat_forward_model,10,i43/p43,288030720,970.0
b98uflbf,flat_forward_model,10,i43/p43,292945920,969.0
b98uflbf,flat_forward_model,10,i43/p43,297615360,970.0
b98uflbf,flat_forward_model,10,i43/p43,302530560,970.0
b98uflbf,flat_forward_model,10,i43/p43,307200000,969.0
b98uflbf,flat_forward_model,10,i43/p43,312115200,0.0
b98uflbf,flat_forward_model,10,i43/p43,317030400,968.0
b98uflbf,flat_forward_model,10,i43/p43,321699840,970.0
b98uflbf,flat_forward_model,10,i43/p43,326615040,916.0
b98uflbf,flat_forward_model,10,i43/p43,331284480,968.0
b98uflbf,flat_forward_model,10,i43/p43,336199680,970.0
b98uflbf,flat_forward_model,10,i43/p43,340869120,969.0
b98uflbf,flat_forward_model,10,i43/p43,345784320,967.0
b98uflbf,flat_forward_model,10,i43/p43,350453760,970.0
b98uflbf,flat_forward_model,10,i43/p43,355368960,970.0
b98uflbf,flat_forward_model,10,i43/p43,360038400,971.0
b98uflbf,flat_forward_model,10,i43/p43,364953600,971.0
b98uflbf,flat_forward_model,10,i43/p43,369623040,970.0
b98uflbf,flat_forward_model,10,i43/p43,374538240,953.0
b98uflbf,flat_forward_model,10,i43/p43,379207680,969.0
b98uflbf,flat_forward_model,10,i43/p43,384122880,971.0
b98uflbf,flat_forward_model,10,i43/p43,389038080,969.0
b98uflbf,flat_forward_model,10,i43/p43,393707520,969.0
b98uflbf,flat_forward_model,10,i43/p43,398622720,965.0
b98uflbf,flat_forward_model,10,i43/p43,403292160,968.0
b98uflbf,flat_forward_model,10,i43/p43,408207360,969.0
b98uflbf,flat_forward_model,10,i43/p43,412876800,967.0
b98uflbf,flat_forward_model,10,i43/p43,417792000,968.0
b98uflbf,flat_forward_model,10,i43/p43,422461440,970.0
b98uflbf,flat_forward_model,10,i43/p43,427376640,970.0
b98uflbf,flat_forward_model,10,i43/p43,432046080,970.0
b98uflbf,flat_forward_model,10,i43/p43,436961280,969.0
b98uflbf,flat_forward_model,10,i43/p43,441630720,971.0
b98uflbf,flat_forward_model,10,i43/p43,446545920,971.0
b98uflbf,flat_forward_model,10,i43/p43,451215360,971.0
b98uflbf,flat_forward_model,10,i43/p43,456130560,971.0
b98uflbf,flat_forward_model,10,i43/p43,460800000,971.0
b98uflbf,flat_forward_model,10,i43/p43,465715200,970.0
b98uflbf,flat_forward_model,10,i43/p43,470630400,971.0
b98uflbf,flat_forward_model,10,i43/p43,475299840,971.0
b98uflbf,flat_forward_model,10,i43/p43,480215040,969.0
x7ruy1va,flat_forward_model,10,i44/p44,4915200,266.0
x7ruy1va,flat_forward_model,10,i44/p44,9830400,959.0
x7ruy1va,flat_forward_model,10,i44/p44,14499840,961.0
x7ruy1va,flat_forward_model,10,i44/p44,19415040,966.0
x7ruy1va,flat_forward_model,10,i44/p44,24084480,966.0
x7ruy1va,flat_forward_model,10,i44/p44,28999680,962.0
x7ruy1va,flat_forward_model,10,i44/p44,33669120,962.0
x7ruy1va,flat_forward_model,10,i44/p44,38584320,962.0
x7ruy1va,flat_forward_model,10,i44/p44,43253760,965.0
x7ruy1va,flat_forward_model,10,i44/p44,48168960,966.0
x7ruy1va,flat_forward_model,10,i44/p44,52838400,966.0
x7ruy1va,flat_forward_model,10,i44/p44,57753600,966.0
x7ruy1va,flat_forward_model,10,i44/p44,62423040,967.0
x7ruy1va,flat_forward_model,10,i44/p44,67338240,967.0
x7ruy1va,flat_forward_model,10,i44/p44,72007680,967.0
x7ruy1va,flat_forward_model,10,i44/p44,76922880,967.0
x7ruy1va,flat_forward_model,10,i44/p44,81838080,967.0
x7ruy1va,flat_forward_model,10,i44/p44,86507520,967.0
x7ruy1va,flat_forward_model,10,i44/p44,91422720,968.0
x7ruy1va,flat_forward_model,10,i44/p44,96092160,968.0
x7ruy1va,flat_forward_model,10,i44/p44,101007360,968.0
x7ruy1va,flat_forward_model,10,i44/p44,105676800,968.0
x7ruy1va,flat_forward_model,10,i44/p44,110592000,968.0
x7ruy1va,flat_forward_model,10,i44/p44,115261440,968.0
x7ruy1va,flat_forward_model,10,i44/p44,120176640,968.0
x7ruy1va,flat_forward_model,10,i44/p44,124846080,968.0
x7ruy1va,flat_forward_model,10,i44/p44,129761280,968.0
x7ruy1va,flat_forward_model,10,i44/p44,134430720,968.0
x7ruy1va,flat_forward_model,10,i44/p44,139345920,968.0
x7ruy1va,flat_forward_model,10,i44/p44,144015360,968.0
x7ruy1va,flat_forward_model,10,i44/p44,148930560,969.0
x7ruy1va,flat_forward_model,10,i44/p44,153600000,969.0
x7ruy1va,flat_forward_model,10,i44/p44,158515200,969.0
x7ruy1va,flat_forward_model,10,i44/p44,163430400,969.0
x7ruy1va,flat_forward_model,10,i44/p44,168099840,969.0
x7ruy1va,flat_forward_model,10,i44/p44,173015040,969.0
x7ruy1va,flat_forward_model,10,i44/p44,177684480,969.0
x7ruy1va,flat_forward_model,10,i44/p44,182599680,969.0
x7ruy1va,flat_forward_model,10,i44/p44,187269120,969.0
x7ruy1va,flat_forward_model,10,i44/p44,192184320,969.0
x7ruy1va,flat_forward_model,10,i44/p44,196853760,969.0
x7ruy1va,flat_forward_model,10,i44/p44,201768960,969.0
x7ruy1va,flat_forward_model,10,i44/p44,206438400,969.0
x7ruy1va,flat_forward_model,10,i44/p44,211353600,969.0
x7ruy1va,flat_forward_model,10,i44/p44,216023040,969.0
x7ruy1va,flat_forward_model,10,i44/p44,220938240,969.0
x7ruy1va,flat_forward_model,10,i44/p44,225607680,969.0
x7ruy1va,flat_forward_model,10,i44/p44,230522880,969.0
x7ruy1va,flat_forward_model,10,i44/p44,235438080,969.0
x7ruy1va,flat_forward_model,10,i44/p44,240107520,969.0
x7ruy1va,flat_forward_model,10,i44/p44,245022720,970.0
x7ruy1va,flat_forward_model,10,i44/p44,249692160,0.0
x7ruy1va,flat_forward_model,10,i44/p44,254607360,889.0
x7ruy1va,flat_forward_model,10,i44/p44,259276800,969.0
x7ruy1va,flat_forward_model,10,i44/p44,264192000,969.0
x7ruy1va,flat_forward_model,10,i44/p44,268861440,969.0
x7ruy1va,flat_forward_model,10,i44/p44,273776640,970.0
x7ruy1va,flat_forward_model,10,i44/p44,278446080,970.0
x7ruy1va,flat_forward_model,10,i44/p44,283361280,970.0
x7ruy1va,flat_forward_model,10,i44/p44,288030720,970.0
x7ruy1va,flat_forward_model,10,i44/p44,292945920,929.0
x7ruy1va,flat_forward_model,10,i44/p44,297615360,969.0
x7ruy1va,flat_forward_model,10,i44/p44,302530560,970.0
x7ruy1va,flat_forward_model,10,i44/p44,307200000,970.0
x7ruy1va,flat_forward_model,10,i44/p44,312115200,970.0
x7ruy1va,flat_forward_model,10,i44/p44,317030400,970.0
x7ruy1va,flat_forward_model,10,i44/p44,321699840,970.0
x7ruy1va,flat_forward_model,10,i44/p44,326615040,970.0
x7ruy1va,flat_forward_model,10,i44/p44,331284480,970.0
x7ruy1va,flat_forward_model,10,i44/p44,336199680,970.0
x7ruy1va,flat_forward_model,10,i44/p44,340869120,970.0
x7ruy1va,flat_forward_model,10,i44/p44,345784320,970.0
x7ruy1va,flat_forward_model,10,i44/p44,350453760,970.0
x7ruy1va,flat_forward_model,10,i44/p44,355368960,971.0
x7ruy1va,flat_forward_model,10,i44/p44,360038400,971.0
x7ruy1va,flat_forward_model,10,i44/p44,364953600,864.0
x7ruy1va,flat_forward_model,10,i44/p44,369623040,968.0
x7ruy1va,flat_forward_model,10,i44/p44,374538240,970.0
x7ruy1va,flat_forward_model,10,i44/p44,379207680,970.0
x7ruy1va,flat_forward_model,10,i44/p44,384122880,969.0
x7ruy1va,flat_forward_model,10,i44/p44,389038080,969.0
x7ruy1va,flat_forward_model,10,i44/p44,393707520,969.0
x7ruy1va,flat_forward_model,10,i44/p44,398622720,969.0
x7ruy1va,flat_forward_model,10,i44/p44,403292160,969.0
x7ruy1va,flat_forward_model,10,i44/p44,408207360,969.0
x7ruy1va,flat_forward_model,10,i44/p44,412876800,969.0
x7ruy1va,flat_forward_model,10,i44/p44,417792000,969.0
x7ruy1va,flat_forward_model,10,i44/p44,422461440,969.0
x7ruy1va,flat_forward_model,10,i44/p44,427376640,969.0
x7ruy1va,flat_forward_model,10,i44/p44,432046080,970.0
x7ruy1va,flat_forward_model,10,i44/p44,436961280,970.0
x7ruy1va,flat_forward_model,10,i44/p44,441630720,970.0
x7ruy1va,flat_forward_model,10,i44/p44,446545920,971.0
x7ruy1va,flat_forward_model,10,i44/p44,451215360,970.0
x7ruy1va,flat_forward_model,10,i44/p44,456130560,971.0
x7ruy1va,flat_forward_model,10,i44/p44,460800000,971.0
x7ruy1va,flat_forward_model,10,i44/p44,465715200,971.0
x7ruy1va,flat_forward_model,10,i44/p44,470630400,969.0
x7ruy1va,flat_forward_model,10,i44/p44,475299840,969.0
x7ruy1va,flat_forward_model,10,i44/p44,480215040,970.0
l7tqcdi8,flat_forward_model,12,i42/p1234,4915200,0.0
l7tqcdi8,flat_forward_model,12,i42/p1234,9830400,0.0
l7tqcdi8,flat_forward_model,12,i42/p1234,14499840,0.0
l7tqcdi8,flat_forward_model,12,i42/p1234,19415040,0.0
l7tqcdi8,flat_forward_model,12,i42/p1234,24084480,0.0
l7tqcdi8,flat_forward_model,12,i42/p1234,28999680,0.0
l7tqcdi8,flat_forward_model,12,i42/p1234,33669120,0.0
l7tqcdi8,flat_forward_model,12,i42/p1234,38584320,0.0
l7tqcdi8,flat_forward_model,12,i42/p1234,43253760,0.0
l7tqcdi8,flat_forward_model,12,i42/p1234,48168960,0.0
l7tqcdi8,flat_forward_model,12,i42/p1234,52838400,0.0
l7tqcdi8,flat_forward_model,12,i42/p1234,57753600,0.0
l7tqcdi8,flat_forward_model,12,i42/p1234,62423040,0.0
l7tqcdi8,flat_forward_model,12,i42/p1234,67338240,0.0
l7tqcdi8,flat_forward_model,12,i42/p1234,72007680,0.0
l7tqcdi8,flat_forward_model,12,i42/p1234,76922880,0.0
l7tqcdi8,flat_forward_model,12,i42/p1234,81838080,0.0
l7tqcdi8,flat_forward_model,12,i42/p1234,86507520,0.0
l7tqcdi8,flat_forward_model,12,i42/p1234,91422720,0.0
l7tqcdi8,flat_forward_model,12,i42/p1234,96092160,0.0
l7tqcdi8,flat_forward_model,12,i42/p1234,101007360,0.0
l7tqcdi8,flat_forward_model,12,i42/p1234,105676800,0.0
l7tqcdi8,flat_forward_model,12,i42/p1234,110592000,0.0
l7tqcdi8,flat_forward_model,12,i42/p1234,115261440,0.0
l7tqcdi8,flat_forward_model,12,i42/p1234,120176640,0.0
l7tqcdi8,flat_forward_model,12,i42/p1234,124846080,0.0
l7tqcdi8,flat_forward_model,12,i42/p1234,129761280,0.0
l7tqcdi8,flat_forward_model,12,i42/p1234,134430720,0.0
l7tqcdi8,flat_forward_model,12,i42/p1234,139345920,0.0
l7tqcdi8,flat_forward_model,12,i42/p1234,144015360,0.0
l7tqcdi8,flat_forward_model,12,i42/p1234,148930560,0.0
l7tqcdi8,flat_forward_model,12,i42/p1234,153600000,0.0
l7tqcdi8,flat_forward_model,12,i42/p1234,158515200,0.0
l7tqcdi8,flat_forward_model,12,i42/p1234,163430400,0.0
l7tqcdi8,flat_forward_model,12,i42/p1234,168099840,0.0
l7tqcdi8,flat_forward_model,12,i42/p1234,173015040,0.0
l7tqcdi8,flat_forward_model,12,i42/p1234,177684480,0.0
l7tqcdi8,flat_forward_model,12,i42/p1234,182599680,0.0
l7tqcdi8,flat_forward_model,12,i42/p1234,187269120,0.0
l7tqcdi8,flat_forward_model,12,i42/p1234,192184320,0.0
l7tqcdi8,flat_forward_model,12,i42/p1234,196853760,0.0
l7tqcdi8,flat_forward_model,12,i42/p1234,201768960,0.0
l7tqcdi8,flat_forward_model,12,i42/p1234,206438400,0.0
l7tqcdi8,flat_forward_model,12,i42/p1234,211353600,0.0
l7tqcdi8,flat_forward_model,12,i42/p1234,216023040,0.0
l7tqcdi8,flat_forward_model,12,i42/p1234,220938240,0.0
l7tqcdi8,flat_forward_model,12,i42/p1234,225607680,0.0
l7tqcdi8,flat_forward_model,12,i42/p1234,230522880,0.0
l7tqcdi8,flat_forward_model,12,i42/p1234,235438080,0.0
l7tqcdi8,flat_forward_model,12,i42/p1234,240107520,0.0
l7tqcdi8,flat_forward_model,12,i42/p1234,245022720,0.0
l7tqcdi8,flat_forward_model,12,i42/p1234,249692160,0.0
l7tqcdi8,flat_forward_model,12,i42/p1234,254607360,0.0
l7tqcdi8,flat_forward_model,12,i42/p1234,259276800,0.0
l7tqcdi8,flat_forward_model,12,i42/p1234,264192000,0.0
l7tqcdi8,flat_forward_model,12,i42/p1234,268861440,0.0
l7tqcdi8,flat_forward_model,12,i42/p1234,273776640,0.0
l7tqcdi8,flat_forward_model,12,i42/p1234,278446080,0.0
l7tqcdi8,flat_forward_model,12,i42/p1234,283361280,0.0
l7tqcdi8,flat_forward_model,12,i42/p1234,288030720,0.0
l7tqcdi8,flat_forward_model,12,i42/p1234,292945920,0.0
l7tqcdi8,flat_forward_model,12,i42/p1234,297615360,0.0
l7tqcdi8,flat_forward_model,12,i42/p1234,302530560,0.0
l7tqcdi8,flat_forward_model,12,i42/p1234,307200000,0.0
l7tqcdi8,flat_forward_model,12,i42/p1234,312115200,0.0
l7tqcdi8,flat_forward_model,12,i42/p1234,317030400,0.0
l7tqcdi8,flat_forward_model,12,i42/p1234,321699840,0.0
l7tqcdi8,flat_forward_model,12,i42/p1234,326615040,0.0
l7tqcdi8,flat_forward_model,12,i42/p1234,331284480,0.0
l7tqcdi8,flat_forward_model,12,i42/p1234,336199680,0.0
l7tqcdi8,flat_forward_model,12,i42/p1234,340869120,0.0
l7tqcdi8,flat_forward_model,12,i42/p1234,345784320,0.0
l7tqcdi8,flat_forward_model,12,i42/p1234,350453760,0.0
l7tqcdi8,flat_forward_model,12,i42/p1234,355368960,0.0
l7tqcdi8,flat_forward_model,12,i42/p1234,360038400,0.0
l7tqcdi8,flat_forward_model,12,i42/p1234,364953600,0.0
l7tqcdi8,flat_forward_model,12,i42/p1234,369623040,0.0
l7tqcdi8,flat_forward_model,12,i42/p1234,374538240,0.0
l7tqcdi8,flat_forward_model,12,i42/p1234,379207680,0.0
l7tqcdi8,flat_forward_model,12,i42/p1234,384122880,0.0
l7tqcdi8,flat_forward_model,12,i42/p1234,389038080,0.0
l7tqcdi8,flat_forward_model,12,i42/p1234,393707520,0.0
l7tqcdi8,flat_forward_model,12,i42/p1234,398622720,0.0
l7tqcdi8,flat_forward_model,12,i42/p1234,403292160,0.0
l7tqcdi8,flat_forward_model,12,i42/p1234,408207360,0.0
l7tqcdi8,flat_forward_model,12,i42/p1234,412876800,0.0
l7tqcdi8,flat_forward_model,12,i42/p1234,417792000,0.0
l7tqcdi8,flat_forward_model,12,i42/p1234,422461440,0.0
l7tqcdi8,flat_forward_model,12,i42/p1234,427376640,0.0
l7tqcdi8,flat_forward_model,12,i42/p1234,432046080,0.0
l7tqcdi8,flat_forward_model,12,i42/p1234,436961280,0.0
l7tqcdi8,flat_forward_model,12,i42/p1234,441630720,0.0
l7tqcdi8,flat_forward_model,12,i42/p1234,446545920,0.0
l7tqcdi8,flat_forward_model,12,i42/p1234,451215360,0.0
l7tqcdi8,flat_forward_model,12,i42/p1234,456130560,0.0
l7tqcdi8,flat_forward_model,12,i42/p1234,460800000,0.0
l7tqcdi8,flat_forward_model,12,i42/p1234,465715200,0.0
l7tqcdi8,flat_forward_model,12,i42/p1234,470630400,0.0
l7tqcdi8,flat_forward_model,12,i42/p1234,475299840,0.0
l7tqcdi8,flat_forward_model,12,i42/p1234,480215040,0.0
kxulmch2,flat_forward_model,12,i43/p43,4915200,0.0
kxulmch2,flat_forward_model,12,i43/p43,9830400,957.0
kxulmch2,flat_forward_model,12,i43/p43,14499840,960.0
kxulmch2,flat_forward_model,12,i43/p43,19415040,964.0
kxulmch2,flat_forward_model,12,i43/p43,24084480,953.0
kxulmch2,flat_forward_model,12,i43/p43,28999680,960.0
kxulmch2,flat_forward_model,12,i43/p43,33669120,961.0
kxulmch2,flat_forward_model,12,i43/p43,38584320,962.0
kxulmch2,flat_forward_model,12,i43/p43,43253760,962.0
kxulmch2,flat_forward_model,12,i43/p43,48168960,962.0
kxulmch2,flat_forward_model,12,i43/p43,52838400,962.0
kxulmch2,flat_forward_model,12,i43/p43,57753600,962.0
kxulmch2,flat_forward_model,12,i43/p43,62423040,962.0
kxulmch2,flat_forward_model,12,i43/p43,67338240,961.0
kxulmch2,flat_forward_model,12,i43/p43,72007680,962.0
kxulmch2,flat_forward_model,12,i43/p43,76922880,962.0
kxulmch2,flat_forward_model,12,i43/p43,81838080,962.0
kxulmch2,flat_forward_model,12,i43/p43,86507520,963.0
kxulmch2,flat_forward_model,12,i43/p43,91422720,962.0
kxulmch2,flat_forward_model,12,i43/p43,96092160,961.0
kxulmch2,flat_forward_model,12,i43/p43,101007360,961.0
kxulmch2,flat_forward_model,12,i43/p43,105676800,963.0
kxulmch2,flat_forward_model,12,i43/p43,110592000,964.0
kxulmch2,flat_forward_model,12,i43/p43,115261440,964.0
kxulmch2,flat_forward_model,12,i43/p43,120176640,964.0
kxulmch2,flat_forward_model,12,i43/p43,124846080,959.0
kxulmch2,flat_forward_model,12,i43/p43,129761280,963.0
kxulmch2,flat_forward_model,12,i43/p43,134430720,964.0
kxulmch2,flat_forward_model,12,i43/p43,139345920,964.0
kxulmch2,flat_forward_model,12,i43/p43,144015360,964.0
kxulmch2,flat_forward_model,12,i43/p43,148930560,965.0
kxulmch2,flat_forward_model,12,i43/p43,153600000,965.0
kxulmch2,flat_forward_model,12,i43/p43,158515200,965.0
kxulmch2,flat_forward_model,12,i43/p43,163430400,965.0
kxulmch2,flat_forward_model,12,i43/p43,168099840,965.0
kxulmch2,flat_forward_model,12,i43/p43,173015040,965.0
kxulmch2,flat_forward_model,12,i43/p43,177684480,966.0
kxulmch2,flat_forward_model,12,i43/p43,182599680,966.0
kxulmch2,flat_forward_model,12,i43/p43,187269120,966.0
kxulmch2,flat_forward_model,12,i43/p43,192184320,966.0
kxulmch2,flat_forward_model,12,i43/p43,196853760,966.0
kxulmch2,flat_forward_model,12,i43/p43,201768960,966.0
kxulmch2,flat_forward_model,12,i43/p43,206438400,966.0
kxulmch2,flat_forward_model,12,i43/p43,211353600,966.0
kxulmch2,flat_forward_model,12,i43/p43,216023040,966.0
kxulmch2,flat_forward_model,12,i43/p43,220938240,966.0
kxulmch2,flat_forward_model,12,i43/p43,225607680,967.0
kxulmch2,flat_forward_model,12,i43/p43,230522880,967.0
kxulmch2,flat_forward_model,12,i43/p43,235438080,967.0
kxulmch2,flat_forward_model,12,i43/p43,240107520,967.0
kxulmch2,flat_forward_model,12,i43/p43,245022720,967.0
kxulmch2,flat_forward_model,12,i43/p43,249692160,968.0
kxulmch2,flat_forward_model,12,i43/p43,254607360,968.0
kxulmch2,flat_forward_model,12,i43/p43,259276800,965.0
kxulmch2,flat_forward_model,12,i43/p43,264192000,968.0
kxulmch2,flat_forward_model,12,i43/p43,268861440,963.0
kxulmch2,flat_forward_model,12,i43/p43,273776640,966.0
kxulmch2,flat_forward_model,12,i43/p43,278446080,965.0
kxulmch2,flat_forward_model,12,i43/p43,283361280,966.0
kxulmch2,flat_forward_model,12,i43/p43,288030720,966.0
kxulmch2,flat_forward_model,12,i43/p43,292945920,967.0
kxulmch2,flat_forward_model,12,i43/p43,297615360,964.0
kxulmch2,flat_forward_model,12,i43/p43,302530560,964.0
kxulmch2,flat_forward_model,12,i43/p43,307200000,965.0
kxulmch2,flat_forward_model,12,i43/p43,312115200,965.0
kxulmch2,flat_forward_model,12,i43/p43,317030400,966.0
kxulmch2,flat_forward_model,12,i43/p43,321699840,966.0
kxulmch2,flat_forward_model,12,i43/p43,326615040,967.0
kxulmch2,flat_forward_model,12,i43/p43,331284480,967.0
kxulmch2,flat_forward_model,12,i43/p43,336199680,968.0
kxulmch2,flat_forward_model,12,i43/p43,340869120,968.0
kxulmch2,flat_forward_model,12,i43/p43,345784320,968.0
kxulmch2,flat_forward_model,12,i43/p43,350453760,968.0
kxulmch2,flat_forward_model,12,i43/p43,355368960,968.0
kxulmch2,flat_forward_model,12,i43/p43,360038400,968.0
kxulmch2,flat_forward_model,12,i43/p43,364953600,969.0
kxulmch2,flat_forward_model,12,i43/p43,369623040,944.0
kxulmch2,flat_forward_model,12,i43/p43,374538240,947.0
kxulmch2,flat_forward_model,12,i43/p43,379207680,952.0
kxulmch2,flat_forward_model,12,i43/p43,384122880,954.0
kxulmch2,flat_forward_model,12,i43/p43,389038080,956.0
kxulmch2,flat_forward_model,12,i43/p43,393707520,955.0
kxulmch2,flat_forward_model,12,i43/p43,398622720,956.0
kxulmch2,flat_forward_model,12,i43/p43,403292160,958.0
kxulmch2,flat_forward_model,12,i43/p43,408207360,959.0
kxulmch2,flat_forward_model,12,i43/p43,412876800,959.0
kxulmch2,flat_forward_model,12,i43/p43,417792000,960.0
kxulmch2,flat_forward_model,12,i43/p43,422461440,961.0
kxulmch2,flat_forward_model,12,i43/p43,427376640,962.0
kxulmch2,flat_forward_model,12,i43/p43,432046080,961.0
kxulmch2,flat_forward_model,12,i43/p43,436961280,962.0
kxulmch2,flat_forward_model,12,i43/p43,441630720,963.0
kxulmch2,flat_forward_model,12,i43/p43,446545920,963.0
kxulmch2,flat_forward_model,12,i43/p43,451215360,964.0
kxulmch2,flat_forward_model,12,i43/p43,456130560,965.0
kxulmch2,flat_forward_model,12,i43/p43,460800000,967.0
kxulmch2,flat_forward_model,12,i43/p43,465715200,960.0
kxulmch2,flat_forward_model,12,i43/p43,470630400,964.0
kxulmch2,flat_forward_model,12,i43/p43,475299840,962.0
kxulmch2,flat_forward_model,12,i43/p43,480215040,964.0
7q4emnfz,flat_forward_model,12,i44/p44,4915200,0.0
7q4emnfz,flat_forward_model,12,i44/p44,9830400,945.0
7q4emnfz,flat_forward_model,12,i44/p44,14499840,948.0
7q4emnfz,flat_forward_model,12,i44/p44,19415040,948.0
7q4emnfz,flat_forward_model,12,i44/p44,24084480,947.0
7q4emnfz,flat_forward_model,12,i44/p44,28999680,946.0
7q4emnfz,flat_forward_model,12,i44/p44,33669120,949.0
7q4emnfz,flat_forward_model,12,i44/p44,38584320,947.0
7q4emnfz,flat_forward_model,12,i44/p44,43253760,951.0
7q4emnfz,flat_forward_model,12,i44/p44,48168960,949.0
7q4emnfz,flat_forward_model,12,i44/p44,52838400,951.0
7q4emnfz,flat_forward_model,12,i44/p44,57753600,948.0
7q4emnfz,flat_forward_model,12,i44/p44,62423040,949.0
7q4emnfz,flat_forward_model,12,i44/p44,67338240,951.0
7q4emnfz,flat_forward_model,12,i44/p44,72007680,951.0
7q4emnfz,flat_forward_model,12,i44/p44,76922880,950.0
7q4emnfz,flat_forward_model,12,i44/p44,81838080,951.0
7q4emnfz,flat_forward_model,12,i44/p44,86507520,950.0
7q4emnfz,flat_forward_model,12,i44/p44,91422720,952.0
7q4emnfz,flat_forward_model,12,i44/p44,96092160,952.0
7q4emnfz,flat_forward_model,12,i44/p44,101007360,952.0
7q4emnfz,flat_forward_model,12,i44/p44,105676800,953.0
7q4emnfz,flat_forward_model,12,i44/p44,110592000,952.0
7q4emnfz,flat_forward_model,12,i44/p44,115261440,953.0
7q4emnfz,flat_forward_model,12,i44/p44,120176640,954.0
7q4emnfz,flat_forward_model,12,i44/p44,124846080,954.0
7q4emnfz,flat_forward_model,12,i44/p44,129761280,955.0
7q4emnfz,flat_forward_model,12,i44/p44,134430720,955.0
7q4emnfz,flat_forward_model,12,i44/p44,139345920,953.0
7q4emnfz,flat_forward_model,12,i44/p44,144015360,953.0
7q4emnfz,flat_forward_model,12,i44/p44,148930560,954.0
7q4emnfz,flat_forward_model,12,i44/p44,153600000,956.0
7q4emnfz,flat_forward_model,12,i44/p44,158515200,956.0
7q4emnfz,flat_forward_model,12,i44/p44,163430400,956.0
7q4emnfz,flat_forward_model,12,i44/p44,168099840,956.0
7q4emnfz,flat_forward_model,12,i44/p44,173015040,956.0
7q4emnfz,flat_forward_model,12,i44/p44,177684480,908.0
7q4emnfz,flat_forward_model,12,i44/p44,182599680,947.0
7q4emnfz,flat_forward_model,12,i44/p44,187269120,954.0
7q4emnfz,flat_forward_model,12,i44/p44,192184320,955.0
7q4emnfz,flat_forward_model,12,i44/p44,196853760,955.0
7q4emnfz,flat_forward_model,12,i44/p44,201768960,783.0
7q4emnfz,flat_forward_model,12,i44/p44,206438400,951.0
7q4emnfz,flat_forward_model,12,i44/p44,211353600,957.0
7q4emnfz,flat_forward_model,12,i44/p44,216023040,954.0
7q4emnfz,flat_forward_model,12,i44/p44,220938240,949.0
7q4emnfz,flat_forward_model,12,i44/p44,225607680,954.0
7q4emnfz,flat_forward_model,12,i44/p44,230522880,955.0
7q4emnfz,flat_forward_model,12,i44/p44,235438080,952.0
7q4emnfz,flat_forward_model,12,i44/p44,240107520,956.0
7q4emnfz,flat_forward_model,12,i44/p44,245022720,955.0
7q4emnfz,flat_forward_model,12,i44/p44,249692160,912.0
7q4emnfz,flat_forward_model,12,i44/p44,254607360,952.0
7q4emnfz,flat_forward_model,12,i44/p44,259276800,957.0
7q4emnfz,flat_forward_model,12,i44/p44,264192000,957.0
7q4emnfz,flat_forward_model,12,i44/p44,268861440,956.0
7q4emnfz,flat_forward_model,12,i44/p44,273776640,958.0
7q4emnfz,flat_forward_model,12,i44/p44,278446080,957.0
7q4emnfz,flat_forward_model,12,i44/p44,283361280,958.0
7q4emnfz,flat_forward_model,12,i44/p44,288030720,957.0
7q4emnfz,flat_forward_model,12,i44/p44,292945920,957.0
7q4emnfz,flat_forward_model,12,i44/p44,297615360,958.0
7q4emnfz,flat_forward_model,12,i44/p44,302530560,958.0
7q4emnfz,flat_forward_model,12,i44/p44,307200000,958.0
7q4emnfz,flat_forward_model,12,i44/p44,312115200,960.0
7q4emnfz,flat_forward_model,12,i44/p44,317030400,958.0
7q4emnfz,flat_forward_model,12,i44/p44,321699840,958.0
7q4emnfz,flat_forward_model,12,i44/p44,326615040,960.0
7q4emnfz,flat_forward_model,12,i44/p44,331284480,836.0
7q4emnfz,flat_forward_model,12,i44/p44,336199680,915.0
7q4emnfz,flat_forward_model,12,i44/p44,340869120,920.0
7q4emnfz,flat_forward_model,12,i44/p44,345784320,921.0
7q4emnfz,flat_forward_model,12,i44/p44,350453760,924.0
7q4emnfz,flat_forward_model,12,i44/p44,355368960,926.0
7q4emnfz,flat_forward_model,12,i44/p44,360038400,927.0
7q4emnfz,flat_forward_model,12,i44/p44,364953600,927.0
7q4emnfz,flat_forward_model,12,i44/p44,369623040,928.0
7q4emnfz,flat_forward_model,12,i44/p44,374538240,928.0
7q4emnfz,flat_forward_model,12,i44/p44,379207680,930.0
7q4emnfz,flat_forward_model,12,i44/p44,384122880,931.0
7q4emnfz,flat_forward_model,12,i44/p44,389038080,934.0
7q4emnfz,flat_forward_model,12,i44/p44,393707520,935.0
7q4emnfz,flat_forward_model,12,i44/p44,398622720,935.0
7q4emnfz,flat_forward_model,12,i44/p44,403292160,938.0
7q4emnfz,flat_forward_model,12,i44/p44,408207360,939.0
7q4emnfz,flat_forward_model,12,i44/p44,412876800,940.0
7q4emnfz,flat_forward_model,12,i44/p44,417792000,941.0
7q4emnfz,flat_forward_model,12,i44/p44,422461440,942.0
7q4emnfz,flat_forward_model,12,i44/p44,427376640,944.0
7q4emnfz,flat_forward_model,12,i44/p44,432046080,945.0
7q4emnfz,flat_forward_model,12,i44/p44,436961280,946.0
7q4emnfz,flat_forward_model,12,i44/p44,441630720,946.0
7q4emnfz,flat_forward_model,12,i44/p44,446545920,947.0
7q4emnfz,flat_forward_model,12,i44/p44,451215360,948.0
7q4emnfz,flat_forward_model,12,i44/p44,456130560,949.0
7q4emnfz,flat_forward_model,12,i44/p44,460800000,950.0
7q4emnfz,flat_forward_model,12,i44/p44,465715200,952.0
7q4emnfz,flat_forward_model,12,i44/p44,470630400,948.0
7q4emnfz,flat_forward_model,12,i44/p44,475299840,955.0
7q4emnfz,flat_forward_model,12,i44/p44,480215040,739.0
l02rvczm,flat_forward_model,15,i42/p1234,4915200,0.0
l02rvczm,flat_forward_model,15,i42/p1234,9830400,0.0
l02rvczm,flat_forward_model,15,i42/p1234,14499840,0.0
l02rvczm,flat_forward_model,15,i42/p1234,19415040,0.0
l02rvczm,flat_forward_model,15,i42/p1234,24084480,0.0
l02rvczm,flat_forward_model,15,i42/p1234,28999680,0.0
l02rvczm,flat_forward_model,15,i42/p1234,33669120,0.0
l02rvczm,flat_forward_model,15,i42/p1234,38584320,0.0
l02rvczm,flat_forward_model,15,i42/p1234,43253760,0.0
l02rvczm,flat_forward_model,15,i42/p1234,48168960,0.0
l02rvczm,flat_forward_model,15,i42/p1234,52838400,0.0
l02rvczm,flat_forward_model,15,i42/p1234,57753600,0.0
l02rvczm,flat_forward_model,15,i42/p1234,62423040,0.0
l02rvczm,flat_forward_model,15,i42/p1234,67338240,0.0
l02rvczm,flat_forward_model,15,i42/p1234,72007680,0.0
l02rvczm,flat_forward_model,15,i42/p1234,76922880,0.0
l02rvczm,flat_forward_model,15,i42/p1234,81838080,0.0
l02rvczm,flat_forward_model,15,i42/p1234,86507520,0.0
l02rvczm,flat_forward_model,15,i42/p1234,91422720,0.0
l02rvczm,flat_forward_model,15,i42/p1234,96092160,0.0
l02rvczm,flat_forward_model,15,i42/p1234,101007360,0.0
l02rvczm,flat_forward_model,15,i42/p1234,105676800,0.0
l02rvczm,flat_forward_model,15,i42/p1234,110592000,0.0
l02rvczm,flat_forward_model,15,i42/p1234,115261440,0.0
l02rvczm,flat_forward_model,15,i42/p1234,120176640,0.0
l02rvczm,flat_forward_model,15,i42/p1234,124846080,0.0
l02rvczm,flat_forward_model,15,i42/p1234,129761280,0.0
l02rvczm,flat_forward_model,15,i42/p1234,134430720,0.0
l02rvczm,flat_forward_model,15,i42/p1234,139345920,0.0
l02rvczm,flat_forward_model,15,i42/p1234,144015360,0.0
l02rvczm,flat_forward_model,15,i42/p1234,148930560,0.0
l02rvczm,flat_forward_model,15,i42/p1234,153600000,0.0
l02rvczm,flat_forward_model,15,i42/p1234,158515200,0.0
l02rvczm,flat_forward_model,15,i42/p1234,163430400,0.0
l02rvczm,flat_forward_model,15,i42/p1234,168099840,0.0
l02rvczm,flat_forward_model,15,i42/p1234,173015040,0.0
l02rvczm,flat_forward_model,15,i42/p1234,177684480,0.0
l02rvczm,flat_forward_model,15,i42/p1234,182599680,0.0
l02rvczm,flat_forward_model,15,i42/p1234,187269120,0.0
l02rvczm,flat_forward_model,15,i42/p1234,192184320,0.0
l02rvczm,flat_forward_model,15,i42/p1234,196853760,0.0
l02rvczm,flat_forward_model,15,i42/p1234,201768960,0.0
l02rvczm,flat_forward_model,15,i42/p1234,206438400,0.0
l02rvczm,flat_forward_model,15,i42/p1234,211353600,0.0
l02rvczm,flat_forward_model,15,i42/p1234,216023040,0.0
l02rvczm,flat_forward_model,15,i42/p1234,220938240,0.0
l02rvczm,flat_forward_model,15,i42/p1234,225607680,0.0
l02rvczm,flat_forward_model,15,i42/p1234,230522880,0.0
l02rvczm,flat_forward_model,15,i42/p1234,235438080,928.0
l02rvczm,flat_forward_model,15,i42/p1234,240107520,929.0
l02rvczm,flat_forward_model,15,i42/p1234,245022720,932.0
l02rvczm,flat_forward_model,15,i42/p1234,249692160,936.0
l02rvczm,flat_forward_model,15,i42/p1234,254607360,934.0
l02rvczm,flat_forward_model,15,i42/p1234,259276800,653.0
l02rvczm,flat_forward_model,15,i42/p1234,264192000,940.0
l02rvczm,flat_forward_model,15,i42/p1234,268861440,941.0
l02rvczm,flat_forward_model,15,i42/p1234,273776640,846.0
l02rvczm,flat_forward_model,15,i42/p1234,278446080,913.0
l02rvczm,flat_forward_model,15,i42/p1234,283361280,918.0
l02rvczm,flat_forward_model,15,i42/p1234,288030720,919.0
l02rvczm,flat_forward_model,15,i42/p1234,292945920,922.0
l02rvczm,flat_forward_model,15,i42/p1234,297615360,921.0
l02rvczm,flat_forward_model,15,i42/p1234,302530560,921.0
l02rvczm,flat_forward_model,15,i42/p1234,307200000,921.0
l02rvczm,flat_forward_model,15,i42/p1234,312115200,921.0
l02rvczm,flat_forward_model,15,i42/p1234,317030400,922.0
l02rvczm,flat_forward_model,15,i42/p1234,321699840,924.0
l02rvczm,flat_forward_model,15,i42/p1234,326615040,924.0
l02rvczm,flat_forward_model,15,i42/p1234,331284480,924.0
l02rvczm,flat_forward_model,15,i42/p1234,336199680,928.0
l02rvczm,flat_forward_model,15,i42/p1234,340869120,928.0
l02rvczm,flat_forward_model,15,i42/p1234,345784320,931.0
l02rvczm,flat_forward_model,15,i42/p1234,350453760,933.0
l02rvczm,flat_forward_model,15,i42/p1234,355368960,935.0
l02rvczm,flat_forward_model,15,i42/p1234,360038400,937.0
l02rvczm,flat_forward_model,15,i42/p1234,364953600,937.0
l02rvczm,flat_forward_model,15,i42/p1234,369623040,939.0
l02rvczm,flat_forward_model,15,i42/p1234,374538240,939.0
l02rvczm,flat_forward_model,15,i42/p1234,379207680,939.0
l02rvczm,flat_forward_model,15,i42/p1234,384122880,938.0
l02rvczm,flat_forward_model,15,i42/p1234,389038080,933.0
l02rvczm,flat_forward_model,15,i42/p1234,393707520,936.0
l02rvczm,flat_forward_model,15,i42/p1234,398622720,936.0
l02rvczm,flat_forward_model,15,i42/p1234,403292160,936.0
l02rvczm,flat_forward_model,15,i42/p1234,408207360,936.0
l02rvczm,flat_forward_model,15,i42/p1234,412876800,936.0
l02rvczm,flat_forward_model,15,i42/p1234,417792000,937.0
l02rvczm,flat_forward_model,15,i42/p1234,422461440,936.0
l02rvczm,flat_forward_model,15,i42/p1234,427376640,936.0
l02rvczm,flat_forward_model,15,i42/p1234,432046080,937.0
l02rvczm,flat_forward_model,15,i42/p1234,436961280,935.0
l02rvczm,flat_forward_model,15,i42/p1234,441630720,935.0
l02rvczm,flat_forward_model,15,i42/p1234,446545920,937.0
l02rvczm,flat_forward_model,15,i42/p1234,451215360,938.0
l02rvczm,flat_forward_model,15,i42/p1234,456130560,938.0
l02rvczm,flat_forward_model,15,i42/p1234,460800000,938.0
l02rvczm,flat_forward_model,15,i42/p1234,465715200,939.0
l02rvczm,flat_forward_model,15,i42/p1234,470630400,940.0
l02rvczm,flat_forward_model,15,i42/p1234,475299840,939.0
l02rvczm,flat_forward_model,15,i42/p1234,480215040,939.0
6pzoe224,flat_forward_model,15,i43/p43,4915200,514.0
6pzoe224,flat_forward_model,15,i43/p43,9830400,954.0
6pzoe224,flat_forward_model,15,i43/p43,14499840,961.0
6pzoe224,flat_forward_model,15,i43/p43,19415040,964.0
6pzoe224,flat_forward_model,15,i43/p43,24084480,965.0
6pzoe224,flat_forward_model,15,i43/p43,28999680,966.0
6pzoe224,flat_forward_model,15,i43/p43,33669120,409.0
6pzoe224,flat_forward_model,15,i43/p43,38584320,928.0
6pzoe224,flat_forward_model,15,i43/p43,43253760,931.0
6pzoe224,flat_forward_model,15,i43/p43,48168960,930.0
6pzoe224,flat_forward_model,15,i43/p43,52838400,0.0
6pzoe224,flat_forward_model,15,i43/p43,57753600,933.0
6pzoe224,flat_forward_model,15,i43/p43,62423040,936.0
6pzoe224,flat_forward_model,15,i43/p43,67338240,937.0
6pzoe224,flat_forward_model,15,i43/p43,72007680,938.0
6pzoe224,flat_forward_model,15,i43/p43,76922880,928.0
6pzoe224,flat_forward_model,15,i43/p43,81838080,932.0
6pzoe224,flat_forward_model,15,i43/p43,86507520,933.0
6pzoe224,flat_forward_model,15,i43/p43,91422720,934.0
6pzoe224,flat_forward_model,15,i43/p43,96092160,940.0
6pzoe224,flat_forward_model,15,i43/p43,101007360,939.0
6pzoe224,flat_forward_model,15,i43/p43,105676800,940.0
6pzoe224,flat_forward_model,15,i43/p43,110592000,941.0
6pzoe224,flat_forward_model,15,i43/p43,115261440,941.0
6pzoe224,flat_forward_model,15,i43/p43,120176640,942.0
6pzoe224,flat_forward_model,15,i43/p43,124846080,938.0
6pzoe224,flat_forward_model,15,i43/p43,129761280,941.0
6pzoe224,flat_forward_model,15,i43/p43,134430720,0.0
6pzoe224,flat_forward_model,15,i43/p43,139345920,901.0
6pzoe224,flat_forward_model,15,i43/p43,144015360,904.0
6pzoe224,flat_forward_model,15,i43/p43,148930560,905.0
6pzoe224,flat_forward_model,15,i43/p43,153600000,906.0
6pzoe224,flat_forward_model,15,i43/p43,158515200,907.0
6pzoe224,flat_forward_model,15,i43/p43,163430400,909.0
6pzoe224,flat_forward_model,15,i43/p43,168099840,909.0
6pzoe224,flat_forward_model,15,i43/p43,173015040,909.0
6pzoe224,flat_forward_model,15,i43/p43,177684480,910.0
6pzoe224,flat_forward_model,15,i43/p43,182599680,289.0
6pzoe224,flat_forward_model,15,i43/p43,187269120,957.0
6pzoe224,flat_forward_model,15,i43/p43,192184320,959.0
6pzoe224,flat_forward_model,15,i43/p43,196853760,891.0
6pzoe224,flat_forward_model,15,i43/p43,201768960,899.0
6pzoe224,flat_forward_model,15,i43/p43,206438400,896.0
6pzoe224,flat_forward_model,15,i43/p43,211353600,899.0
6pzoe224,flat_forward_model,15,i43/p43,216023040,903.0
6pzoe224,flat_forward_model,15,i43/p43,220938240,903.0
6pzoe224,flat_forward_model,15,i43/p43,225607680,903.0
6pzoe224,flat_forward_model,15,i43/p43,230522880,903.0
6pzoe224,flat_forward_model,15,i43/p43,235438080,903.0
6pzoe224,flat_forward_model,15,i43/p43,240107520,902.0
6pzoe224,flat_forward_model,15,i43/p43,245022720,902.0
6pzoe224,flat_forward_model,15,i43/p43,249692160,904.0
6pzoe224,flat_forward_model,15,i43/p43,254607360,905.0
6pzoe224,flat_forward_model,15,i43/p43,259276800,905.0
6pzoe224,flat_forward_model,15,i43/p43,264192000,906.0
6pzoe224,flat_forward_model,15,i43/p43,268861440,908.0
6pzoe224,flat_forward_model,15,i43/p43,273776640,908.0
6pzoe224,flat_forward_model,15,i43/p43,278446080,911.0
6pzoe224,flat_forward_model,15,i43/p43,283361280,911.0
6pzoe224,flat_forward_model,15,i43/p43,288030720,913.0
6pzoe224,flat_forward_model,15,i43/p43,292945920,914.0
6pzoe224,flat_forward_model,15,i43/p43,297615360,453.0
6pzoe224,flat_forward_model,15,i43/p43,302530560,957.0
6pzoe224,flat_forward_model,15,i43/p43,307200000,966.0
6pzoe224,flat_forward_model,15,i43/p43,312115200,947.0
6pzoe224,flat_forward_model,15,i43/p43,317030400,968.0
6pzoe224,flat_forward_model,15,i43/p43,321699840,968.0
6pzoe224,flat_forward_model,15,i43/p43,326615040,968.0
6pzoe224,flat_forward_model,15,i43/p43,331284480,967.0
6pzoe224,flat_forward_model,15,i43/p43,336199680,968.0
6pzoe224,flat_forward_model,15,i43/p43,340869120,968.0
6pzoe224,flat_forward_model,15,i43/p43,345784320,955.0
6pzoe224,flat_forward_model,15,i43/p43,350453760,966.0
6pzoe224,flat_forward_model,15,i43/p43,355368960,967.0
6pzoe224,flat_forward_model,15,i43/p43,360038400,968.0
6pzoe224,flat_forward_model,15,i43/p43,364953600,968.0
6pzoe224,flat_forward_model,15,i43/p43,369623040,968.0
6pzoe224,flat_forward_model,15,i43/p43,374538240,968.0
6pzoe224,flat_forward_model,15,i43/p43,379207680,968.0
6pzoe224,flat_forward_model,15,i43/p43,384122880,968.0
6pzoe224,flat_forward_model,15,i43/p43,389038080,968.0
6pzoe224,flat_forward_model,15,i43/p43,393707520,968.0
6pzoe224,flat_forward_model,15,i43/p43,398622720,968.0
6pzoe224,flat_forward_model,15,i43/p43,403292160,968.0
6pzoe224,flat_forward_model,15,i43/p43,408207360,968.0
6pzoe224,flat_forward_model,15,i43/p43,412876800,968.0
6pzoe224,flat_forward_model,15,i43/p43,417792000,968.0
6pzoe224,flat_forward_model,15,i43/p43,422461440,968.0
6pzoe224,flat_forward_model,15,i43/p43,427376640,968.0
6pzoe224,flat_forward_model,15,i43/p43,432046080,968.0
6pzoe224,flat_forward_model,15,i43/p43,436961280,968.0
6pzoe224,flat_forward_model,15,i43/p43,441630720,968.0
6pzoe224,flat_forward_model,15,i43/p43,446545920,968.0
6pzoe224,flat_forward_model,15,i43/p43,451215360,969.0
6pzoe224,flat_forward_model,15,i43/p43,456130560,968.0
6pzoe224,flat_forward_model,15,i43/p43,460800000,969.0
6pzoe224,flat_forward_model,15,i43/p43,465715200,968.0
6pzoe224,flat_forward_model,15,i43/p43,470630400,968.0
6pzoe224,flat_forward_model,15,i43/p43,475299840,968.0
6pzoe224,flat_forward_model,15,i43/p43,480215040,968.0
fiwfbwk9,flat_forward_model,15,i44/p44,4915200,0.0
fiwfbwk9,flat_forward_model,15,i44/p44,9830400,938.0
fiwfbwk9,flat_forward_model,15,i44/p44,14499840,945.0
fiwfbwk9,flat_forward_model,15,i44/p44,19415040,950.0
fiwfbwk9,flat_forward_model,15,i44/p44,24084480,950.0
fiwfbwk9,flat_forward_model,15,i44/p44,28999680,948.0
fiwfbwk9,flat_forward_model,15,i44/p44,33669120,950.0
fiwfbwk9,flat_forward_model,15,i44/p44,38584320,951.0
fiwfbwk9,flat_forward_model,15,i44/p44,43253760,951.0
fiwfbwk9,flat_forward_model,15,i44/p44,48168960,951.0
fiwfbwk9,flat_forward_model,15,i44/p44,52838400,952.0
fiwfbwk9,flat_forward_model,15,i44/p44,57753600,953.0
fiwfbwk9,flat_forward_model,15,i44/p44,62423040,952.0
fiwfbwk9,flat_forward_model,15,i44/p44,67338240,953.0
fiwfbwk9,flat_forward_model,15,i44/p44,72007680,952.0
fiwfbwk9,flat_forward_model,15,i44/p44,76922880,952.0
fiwfbwk9,flat_forward_model,15,i44/p44,81838080,954.0
fiwfbwk9,flat_forward_model,15,i44/p44,86507520,954.0
fiwfbwk9,flat_forward_model,15,i44/p44,91422720,953.0
fiwfbwk9,flat_forward_model,15,i44/p44,96092160,954.0
fiwfbwk9,flat_forward_model,15,i44/p44,101007360,954.0
fiwfbwk9,flat_forward_model,15,i44/p44,105676800,954.0
fiwfbwk9,flat_forward_model,15,i44/p44,110592000,955.0
fiwfbwk9,flat_forward_model,15,i44/p44,115261440,955.0
fiwfbwk9,flat_forward_model,15,i44/p44,120176640,955.0
fiwfbwk9,flat_forward_model,15,i44/p44,124846080,956.0
fiwfbwk9,flat_forward_model,15,i44/p44,129761280,956.0
fiwfbwk9,flat_forward_model,15,i44/p44,134430720,956.0
fiwfbwk9,flat_forward_model,15,i44/p44,139345920,956.0
fiwfbwk9,flat_forward_model,15,i44/p44,144015360,955.0
fiwfbwk9,flat_forward_model,15,i44/p44,148930560,956.0
fiwfbwk9,flat_forward_model,15,i44/p44,153600000,956.0
fiwfbwk9,flat_forward_model,15,i44/p44,158515200,956.0
fiwfbwk9,flat_forward_model,15,i44/p44,163430400,956.0
fiwfbwk9,flat_forward_model,15,i44/p44,168099840,956.0
fiwfbwk9,flat_forward_model,15,i44/p44,173015040,956.0
fiwfbwk9,flat_forward_model,15,i44/p44,177684480,956.0
fiwfbwk9,flat_forward_model,15,i44/p44,182599680,956.0
fiwfbwk9,flat_forward_model,15,i44/p44,187269120,956.0
fiwfbwk9,flat_forward_model,15,i44/p44,192184320,956.0
fiwfbwk9,flat_forward_model,15,i44/p44,196853760,957.0
fiwfbwk9,flat_forward_model,15,i44/p44,201768960,957.0
fiwfbwk9,flat_forward_model,15,i44/p44,206438400,958.0
fiwfbwk9,flat_forward_model,15,i44/p44,211353600,958.0
fiwfbwk9,flat_forward_model,15,i44/p44,216023040,958.0
fiwfbwk9,flat_forward_model,15,i44/p44,220938240,958.0
fiwfbwk9,flat_forward_model,15,i44/p44,225607680,959.0
fiwfbwk9,flat_forward_model,15,i44/p44,230522880,959.0
fiwfbwk9,flat_forward_model,15,i44/p44,235438080,959.0
fiwfbwk9,flat_forward_model,15,i44/p44,240107520,959.0
fiwfbwk9,flat_forward_model,15,i44/p44,245022720,960.0
fiwfbwk9,flat_forward_model,15,i44/p44,249692160,960.0
fiwfbwk9,flat_forward_model,15,i44/p44,254607360,960.0
fiwfbwk9,flat_forward_model,15,i44/p44,259276800,960.0
fiwfbwk9,flat_forward_model,15,i44/p44,264192000,961.0
fiwfbwk9,flat_forward_model,15,i44/p44,268861440,961.0
fiwfbwk9,flat_forward_model,15,i44/p44,273776640,961.0
fiwfbwk9,flat_forward_model,15,i44/p44,278446080,961.0
fiwfbwk9,flat_forward_model,15,i44/p44,283361280,961.0
fiwfbwk9,flat_forward_model,15,i44/p44,288030720,0.0
fiwfbwk9,flat_forward_model,15,i44/p44,292945920,961.0
fiwfbwk9,flat_forward_model,15,i44/p44,297615360,962.0
fiwfbwk9,flat_forward_model,15,i44/p44,302530560,962.0
fiwfbwk9,flat_forward_model,15,i44/p44,307200000,962.0
fiwfbwk9,flat_forward_model,15,i44/p44,312115200,962.0
fiwfbwk9,flat_forward_model,15,i44/p44,317030400,962.0
fiwfbwk9,flat_forward_model,15,i44/p44,321699840,962.0
fiwfbwk9,flat_forward_model,15,i44/p44,326615040,962.0
fiwfbwk9,flat_forward_model,15,i44/p44,331284480,962.0
fiwfbwk9,flat_forward_model,15,i44/p44,336199680,962.0
fiwfbwk9,flat_forward_model,15,i44/p44,340869120,962.0
fiwfbwk9,flat_forward_model,15,i44/p44,345784320,962.0
fiwfbwk9,flat_forward_model,15,i44/p44,350453760,961.0
fiwfbwk9,flat_forward_model,15,i44/p44,355368960,961.0
fiwfbwk9,flat_forward_model,15,i44/p44,360038400,953.0
fiwfbwk9,flat_forward_model,15,i44/p44,364953600,952.0
fiwfbwk9,flat_forward_model,15,i44/p44,369623040,957.0
fiwfbwk9,flat_forward_model,15,i44/p44,374538240,0.0
fiwfbwk9,flat_forward_model,15,i44/p44,379207680,963.0
fiwfbwk9,flat_forward_model,15,i44/p44,384122880,963.0
fiwfbwk9,flat_forward_model,15,i44/p44,389038080,963.0
fiwfbwk9,flat_forward_model,15,i44/p44,393707520,963.0
fiwfbwk9,flat_forward_model,15,i44/p44,398622720,963.0
fiwfbwk9,flat_forward_model,15,i44/p44,403292160,963.0
fiwfbwk9,flat_forward_model,15,i44/p44,408207360,964.0
fiwfbwk9,flat_forward_model,15,i44/p44,412876800,960.0
fiwfbwk9,flat_forward_model,15,i44/p44,417792000,962.0
fiwfbwk9,flat_forward_model,15,i44/p44,422461440,964.0
fiwfbwk9,flat_forward_model,15,i44/p44,427376640,957.0
fiwfbwk9,flat_forward_model,15,i44/p44,432046080,963.0
fiwfbwk9,flat_forward_model,15,i44/p44,436961280,963.0
fiwfbwk9,flat_forward_model,15,i44/p44,441630720,0.0
fiwfbwk9,flat_forward_model,15,i44/p44,446545920,934.0
fiwfbwk9,flat_forward_model,15,i44/p44,451215360,934.0
fiwfbwk9,flat_forward_model,15,i44/p44,456130560,936.0
fiwfbwk9,flat_forward_model,15,i44/p44,460800000,930.0
fiwfbwk9,flat_forward_model,15,i44/p44,465715200,940.0
fiwfbwk9,flat_forward_model,15,i44/p44,470630400,941.0
fiwfbwk9,flat_forward_model,15,i44/p44,475299840,942.0
fiwfbwk9,flat_forward_model,15,i44/p44,480215040,942.0
vjw47dn2,flat_forward_model,20,i42/p1234,4915200,0.0
vjw47dn2,flat_forward_model,20,i42/p1234,9830400,0.0
vjw47dn2,flat_forward_model,20,i42/p1234,14499840,0.0
vjw47dn2,flat_forward_model,20,i42/p1234,19415040,0.0
vjw47dn2,flat_forward_model,20,i42/p1234,24084480,0.0
vjw47dn2,flat_forward_model,20,i42/p1234,28999680,0.0
vjw47dn2,flat_forward_model,20,i42/p1234,33669120,0.0
vjw47dn2,flat_forward_model,20,i42/p1234,38584320,0.0
vjw47dn2,flat_forward_model,20,i42/p1234,43253760,0.0
vjw47dn2,flat_forward_model,20,i42/p1234,48168960,0.0
vjw47dn2,flat_forward_model,20,i42/p1234,52838400,0.0
vjw47dn2,flat_forward_model,20,i42/p1234,57753600,0.0
vjw47dn2,flat_forward_model,20,i42/p1234,62423040,0.0
vjw47dn2,flat_forward_model,20,i42/p1234,67338240,0.0
vjw47dn2,flat_forward_model,20,i42/p1234,72007680,0.0
vjw47dn2,flat_forward_model,20,i42/p1234,76922880,0.0
vjw47dn2,flat_forward_model,20,i42/p1234,81838080,0.0
vjw47dn2,flat_forward_model,20,i42/p1234,86507520,0.0
vjw47dn2,flat_forward_model,20,i42/p1234,91422720,0.0
vjw47dn2,flat_forward_model,20,i42/p1234,96092160,0.0
vjw47dn2,flat_forward_model,20,i42/p1234,101007360,0.0
vjw47dn2,flat_forward_model,20,i42/p1234,105676800,0.0
vjw47dn2,flat_forward_model,20,i42/p1234,110592000,0.0
vjw47dn2,flat_forward_model,20,i42/p1234,115261440,0.0
vjw47dn2,flat_forward_model,20,i42/p1234,120176640,0.0
vjw47dn2,flat_forward_model,20,i42/p1234,124846080,0.0
vjw47dn2,flat_forward_model,20,i42/p1234,129761280,0.0
vjw47dn2,flat_forward_model,20,i42/p1234,134430720,0.0
vjw47dn2,flat_forward_model,20,i42/p1234,139345920,0.0
vjw47dn2,flat_forward_model,20,i42/p1234,144015360,0.0
vjw47dn2,flat_forward_model,20,i42/p1234,148930560,0.0
vjw47dn2,flat_forward_model,20,i42/p1234,153600000,0.0
vjw47dn2,flat_forward_model,20,i42/p1234,158515200,0.0
vjw47dn2,flat_forward_model,20,i42/p1234,163430400,0.0
vjw47dn2,flat_forward_model,20,i42/p1234,168099840,0.0
vjw47dn2,flat_forward_model,20,i42/p1234,173015040,0.0
vjw47dn2,flat_forward_model,20,i42/p1234,177684480,0.0
vjw47dn2,flat_forward_model,20,i42/p1234,182599680,0.0
vjw47dn2,flat_forward_model,20,i42/p1234,187269120,0.0
vjw47dn2,flat_forward_model,20,i42/p1234,192184320,0.0
vjw47dn2,flat_forward_model,20,i42/p1234,196853760,0.0
vjw47dn2,flat_forward_model,20,i42/p1234,201768960,0.0
vjw47dn2,flat_forward_model,20,i42/p1234,206438400,0.0
vjw47dn2,flat_forward_model,20,i42/p1234,211353600,0.0
vjw47dn2,flat_forward_model,20,i42/p1234,216023040,0.0
vjw47dn2,flat_forward_model,20,i42/p1234,220938240,0.0
vjw47dn2,flat_forward_model,20,i42/p1234,225607680,0.0
vjw47dn2,flat_forward_model,20,i42/p1234,230522880,0.0
vjw47dn2,flat_forward_model,20,i42/p1234,235438080,0.0
vjw47dn2,flat_forward_model,20,i42/p1234,240107520,0.0
vjw47dn2,flat_forward_model,20,i42/p1234,245022720,0.0
vjw47dn2,flat_forward_model,20,i42/p1234,249692160,0.0
vjw47dn2,flat_forward_model,20,i42/p1234,254607360,0.0
vjw47dn2,flat_forward_model,20,i42/p1234,259276800,0.0
vjw47dn2,flat_forward_model,20,i42/p1234,264192000,0.0
vjw47dn2,flat_forward_model,20,i42/p1234,268861440,0.0
vjw47dn2,flat_forward_model,20,i42/p1234,273776640,0.0
vjw47dn2,flat_forward_model,20,i42/p1234,278446080,0.0
vjw47dn2,flat_forward_model,20,i42/p1234,283361280,0.0
vjw47dn2,flat_forward_model,20,i42/p1234,288030720,0.0
vjw47dn2,flat_forward_model,20,i42/p1234,292945920,0.0
vjw47dn2,flat_forward_model,20,i42/p1234,297615360,0.0
vjw47dn2,flat_forward_model,20,i42/p1234,302530560,0.0
vjw47dn2,flat_forward_model,20,i42/p1234,307200000,0.0
vjw47dn2,flat_forward_model,20,i42/p1234,312115200,0.0
vjw47dn2,flat_forward_model,20,i42/p1234,317030400,0.0
vjw47dn2,flat_forward_model,20,i42/p1234,321699840,0.0
vjw47dn2,flat_forward_model,20,i42/p1234,326615040,0.0
vjw47dn2,flat_forward_model,20,i42/p1234,331284480,0.0
vjw47dn2,flat_forward_model,20,i42/p1234,336199680,0.0
vjw47dn2,flat_forward_model,20,i42/p1234,340869120,0.0
vjw47dn2,flat_forward_model,20,i42/p1234,345784320,0.0
vjw47dn2,flat_forward_model,20,i42/p1234,350453760,0.0
vjw47dn2,flat_forward_model,20,i42/p1234,355368960,0.0
vjw47dn2,flat_forward_model,20,i42/p1234,360038400,0.0
vjw47dn2,flat_forward_model,20,i42/p1234,364953600,0.0
vjw47dn2,flat_forward_model,20,i42/p1234,369623040,0.0
vjw47dn2,flat_forward_model,20,i42/p1234,374538240,0.0
vjw47dn2,flat_forward_model,20,i42/p1234,379207680,0.0
vjw47dn2,flat_forward_model,20,i42/p1234,384122880,0.0
vjw47dn2,flat_forward_model,20,i42/p1234,389038080,0.0
vjw47dn2,flat_forward_model,20,i42/p1234,393707520,0.0
vjw47dn2,flat_forward_model,20,i42/p1234,398622720,0.0
vjw47dn2,flat_forward_model,20,i42/p1234,403292160,0.0
vjw47dn2,flat_forward_model,20,i42/p1234,408207360,0.0
vjw47dn2,flat_forward_model,20,i42/p1234,412876800,0.0
vjw47dn2,flat_forward_model,20,i42/p1234,417792000,0.0
vjw47dn2,flat_forward_model,20,i42/p1234,422461440,0.0
vjw47dn2,flat_forward_model,20,i42/p1234,427376640,0.0
vjw47dn2,flat_forward_model,20,i42/p1234,432046080,0.0
vjw47dn2,flat_forward_model,20,i42/p1234,436961280,0.0
vjw47dn2,flat_forward_model,20,i42/p1234,441630720,0.0
vjw47dn2,flat_forward_model,20,i42/p1234,446545920,0.0
vjw47dn2,flat_forward_model,20,i42/p1234,451215360,0.0
vjw47dn2,flat_forward_model,20,i42/p1234,456130560,0.0
vjw47dn2,flat_forward_model,20,i42/p1234,460800000,0.0
vjw47dn2,flat_forward_model,20,i42/p1234,465715200,0.0
vjw47dn2,flat_forward_model,20,i42/p1234,470630400,0.0
vjw47dn2,flat_forward_model,20,i42/p1234,475299840,0.0
vjw47dn2,flat_forward_model,20,i42/p1234,480215040,0.0
dwwraaa0,flat_forward_model,20,i43/p43,4915200,0.0
dwwraaa0,flat_forward_model,20,i43/p43,9830400,958.0
dwwraaa0,flat_forward_model,20,i43/p43,14499840,965.0
dwwraaa0,flat_forward_model,20,i43/p43,19415040,966.0
dwwraaa0,flat_forward_model,20,i43/p43,24084480,965.0
dwwraaa0,flat_forward_model,20,i43/p43,28999680,0.0
dwwraaa0,flat_forward_model,20,i43/p43,33669120,962.0
dwwraaa0,flat_forward_model,20,i43/p43,38584320,965.0
dwwraaa0,flat_forward_model,20,i43/p43,43253760,965.0
dwwraaa0,flat_forward_model,20,i43/p43,48168960,965.0
dwwraaa0,flat_forward_model,20,i43/p43,52838400,965.0
dwwraaa0,flat_forward_model,20,i43/p43,57753600,966.0
dwwraaa0,flat_forward_model,20,i43/p43,62423040,966.0
dwwraaa0,flat_forward_model,20,i43/p43,67338240,965.0
dwwraaa0,flat_forward_model,20,i43/p43,72007680,966.0
dwwraaa0,flat_forward_model,20,i43/p43,76922880,966.0
dwwraaa0,flat_forward_model,20,i43/p43,81838080,961.0
dwwraaa0,flat_forward_model,20,i43/p43,86507520,966.0
dwwraaa0,flat_forward_model,20,i43/p43,91422720,966.0
dwwraaa0,flat_forward_model,20,i43/p43,96092160,966.0
dwwraaa0,flat_forward_model,20,i43/p43,101007360,966.0
dwwraaa0,flat_forward_model,20,i43/p43,105676800,965.0
dwwraaa0,flat_forward_model,20,i43/p43,110592000,966.0
dwwraaa0,flat_forward_model,20,i43/p43,115261440,967.0
dwwraaa0,flat_forward_model,20,i43/p43,120176640,967.0
dwwraaa0,flat_forward_model,20,i43/p43,124846080,968.0
dwwraaa0,flat_forward_model,20,i43/p43,129761280,968.0
dwwraaa0,flat_forward_model,20,i43/p43,134430720,968.0
dwwraaa0,flat_forward_model,20,i43/p43,139345920,968.0
dwwraaa0,flat_forward_model,20,i43/p43,144015360,968.0
dwwraaa0,flat_forward_model,20,i43/p43,148930560,968.0
dwwraaa0,flat_forward_model,20,i43/p43,153600000,969.0
dwwraaa0,flat_forward_model,20,i43/p43,158515200,969.0
dwwraaa0,flat_forward_model,20,i43/p43,163430400,969.0
dwwraaa0,flat_forward_model,20,i43/p43,168099840,969.0
dwwraaa0,flat_forward_model,20,i43/p43,173015040,969.0
dwwraaa0,flat_forward_model,20,i43/p43,177684480,969.0
dwwraaa0,flat_forward_model,20,i43/p43,182599680,954.0
dwwraaa0,flat_forward_model,20,i43/p43,187269120,967.0
dwwraaa0,flat_forward_model,20,i43/p43,192184320,968.0
dwwraaa0,flat_forward_model,20,i43/p43,196853760,968.0
dwwraaa0,flat_forward_model,20,i43/p43,201768960,968.0
dwwraaa0,flat_forward_model,20,i43/p43,206438400,968.0
dwwraaa0,flat_forward_model,20,i43/p43,211353600,968.0
dwwraaa0,flat_forward_model,20,i43/p43,216023040,968.0
dwwraaa0,flat_forward_model,20,i43/p43,220938240,968.0
dwwraaa0,flat_forward_model,20,i43/p43,225607680,968.0
dwwraaa0,flat_forward_model,20,i43/p43,230522880,961.0
dwwraaa0,flat_forward_model,20,i43/p43,235438080,967.0
dwwraaa0,flat_forward_model,20,i43/p43,240107520,968.0
dwwraaa0,flat_forward_model,20,i43/p43,245022720,968.0
dwwraaa0,flat_forward_model,20,i43/p43,249692160,968.0
dwwraaa0,flat_forward_model,20,i43/p43,254607360,0.0
dwwraaa0,flat_forward_model,20,i43/p43,259276800,912.0
dwwraaa0,flat_forward_model,20,i43/p43,264192000,938.0
dwwraaa0,flat_forward_model,20,i43/p43,268861440,941.0
dwwraaa0,flat_forward_model,20,i43/p43,273776640,942.0
dwwraaa0,flat_forward_model,20,i43/p43,278446080,942.0
dwwraaa0,flat_forward_model,20,i43/p43,283361280,942.0
dwwraaa0,flat_forward_model,20,i43/p43,288030720,943.0
dwwraaa0,flat_forward_model,20,i43/p43,292945920,943.0
dwwraaa0,flat_forward_model,20,i43/p43,297615360,943.0
dwwraaa0,flat_forward_model,20,i43/p43,302530560,944.0
dwwraaa0,flat_forward_model,20,i43/p43,307200000,945.0
dwwraaa0,flat_forward_model,20,i43/p43,312115200,945.0
dwwraaa0,flat_forward_model,20,i43/p43,317030400,945.0
dwwraaa0,flat_forward_model,20,i43/p43,321699840,945.0
dwwraaa0,flat_forward_model,20,i43/p43,326615040,946.0
dwwraaa0,flat_forward_model,20,i43/p43,331284480,947.0
dwwraaa0,flat_forward_model,20,i43/p43,336199680,947.0
dwwraaa0,flat_forward_model,20,i43/p43,340869120,947.0
dwwraaa0,flat_forward_model,20,i43/p43,345784320,947.0
dwwraaa0,flat_forward_model,20,i43/p43,350453760,948.0
dwwraaa0,flat_forward_model,20,i43/p43,355368960,948.0
dwwraaa0,flat_forward_model,20,i43/p43,360038400,922.0
dwwraaa0,flat_forward_model,20,i43/p43,364953600,947.0
dwwraaa0,flat_forward_model,20,i43/p43,369623040,947.0
dwwraaa0,flat_forward_model,20,i43/p43,374538240,948.0
dwwraaa0,flat_forward_model,20,i43/p43,379207680,948.0
dwwraaa0,flat_forward_model,20,i43/p43,384122880,948.0
dwwraaa0,flat_forward_model,20,i43/p43,389038080,948.0
dwwraaa0,flat_forward_model,20,i43/p43,393707520,948.0
dwwraaa0,flat_forward_model,20,i43/p43,398622720,948.0
dwwraaa0,flat_forward_model,20,i43/p43,403292160,948.0
dwwraaa0,flat_forward_model,20,i43/p43,408207360,949.0
dwwraaa0,flat_forward_model,20,i43/p43,412876800,949.0
dwwraaa0,flat_forward_model,20,i43/p43,417792000,949.0
dwwraaa0,flat_forward_model,20,i43/p43,422461440,949.0
dwwraaa0,flat_forward_model,20,i43/p43,427376640,949.0
dwwraaa0,flat_forward_model,20,i43/p43,432046080,950.0
dwwraaa0,flat_forward_model,20,i43/p43,436961280,950.0
dwwraaa0,flat_forward_model,20,i43/p43,441630720,950.0
dwwraaa0,flat_forward_model,20,i43/p43,446545920,950.0
dwwraaa0,flat_forward_model,20,i43/p43,451215360,950.0
dwwraaa0,flat_forward_model,20,i43/p43,456130560,950.0
dwwraaa0,flat_forward_model,20,i43/p43,460800000,950.0
dwwraaa0,flat_forward_model,20,i43/p43,465715200,950.0
dwwraaa0,flat_forward_model,20,i43/p43,470630400,950.0
dwwraaa0,flat_forward_model,20,i43/p43,475299840,950.0
dwwraaa0,flat_forward_model,20,i43/p43,480215040,950.0
m4pdyyqc,flat_forward_model,20,i44/p44,4915200,0.0
m4pdyyqc,flat_forward_model,20,i44/p44,9830400,934.0
m4pdyyqc,flat_forward_model,20,i44/p44,14499840,942.0
m4pdyyqc,flat_forward_model,20,i44/p44,19415040,0.0
m4pdyyqc,flat_forward_model,20,i44/p44,24084480,936.0
m4pdyyqc,flat_forward_model,20,i44/p44,28999680,940.0
m4pdyyqc,flat_forward_model,20,i44/p44,33669120,936.0
m4pdyyqc,flat_forward_model,20,i44/p44,38584320,943.0
m4pdyyqc,flat_forward_model,20,i44/p44,43253760,945.0
m4pdyyqc,flat_forward_model,20,i44/p44,48168960,944.0
m4pdyyqc,flat_forward_model,20,i44/p44,52838400,945.0
m4pdyyqc,flat_forward_model,20,i44/p44,57753600,934.0
m4pdyyqc,flat_forward_model,20,i44/p44,62423040,940.0
m4pdyyqc,flat_forward_model,20,i44/p44,67338240,941.0
m4pdyyqc,flat_forward_model,20,i44/p44,72007680,941.0
m4pdyyqc,flat_forward_model,20,i44/p44,76922880,941.0
m4pdyyqc,flat_forward_model,20,i44/p44,81838080,942.0
m4pdyyqc,flat_forward_model,20,i44/p44,86507520,941.0
m4pdyyqc,flat_forward_model,20,i44/p44,91422720,941.0
m4pdyyqc,flat_forward_model,20,i44/p44,96092160,941.0
m4pdyyqc,flat_forward_model,20,i44/p44,101007360,606.0
m4pdyyqc,flat_forward_model,20,i44/p44,105676800,941.0
m4pdyyqc,flat_forward_model,20,i44/p44,110592000,941.0
m4pdyyqc,flat_forward_model,20,i44/p44,115261440,941.0
m4pdyyqc,flat_forward_model,20,i44/p44,120176640,941.0
m4pdyyqc,flat_forward_model,20,i44/p44,124846080,941.0
m4pdyyqc,flat_forward_model,20,i44/p44,129761280,941.0
m4pdyyqc,flat_forward_model,20,i44/p44,134430720,940.0
m4pdyyqc,flat_forward_model,20,i44/p44,139345920,940.0
m4pdyyqc,flat_forward_model,20,i44/p44,144015360,939.0
m4pdyyqc,flat_forward_model,20,i44/p44,148930560,940.0
m4pdyyqc,flat_forward_model,20,i44/p44,153600000,941.0
m4pdyyqc,flat_forward_model,20,i44/p44,158515200,939.0
m4pdyyqc,flat_forward_model,20,i44/p44,163430400,940.0
m4pdyyqc,flat_forward_model,20,i44/p44,168099840,942.0
m4pdyyqc,flat_forward_model,20,i44/p44,173015040,943.0
m4pdyyqc,flat_forward_model,20,i44/p44,177684480,941.0
m4pdyyqc,flat_forward_model,20,i44/p44,182599680,942.0
m4pdyyqc,flat_forward_model,20,i44/p44,187269120,942.0
m4pdyyqc,flat_forward_model,20,i44/p44,192184320,944.0
m4pdyyqc,flat_forward_model,20,i44/p44,196853760,944.0
m4pdyyqc,flat_forward_model,20,i44/p44,201768960,944.0
m4pdyyqc,flat_forward_model,20,i44/p44,206438400,944.0
m4pdyyqc,flat_forward_model,20,i44/p44,211353600,944.0
m4pdyyqc,flat_forward_model,20,i44/p44,216023040,944.0
m4pdyyqc,flat_forward_model,20,i44/p44,220938240,945.0
m4pdyyqc,flat_forward_model,20,i44/p44,225607680,945.0
m4pdyyqc,flat_forward_model,20,i44/p44,230522880,945.0
m4pdyyqc,flat_forward_model,20,i44/p44,235438080,945.0
m4pdyyqc,flat_forward_model,20,i44/p44,240107520,945.0
m4pdyyqc,flat_forward_model,20,i44/p44,245022720,946.0
m4pdyyqc,flat_forward_model,20,i44/p44,249692160,946.0
m4pdyyqc,flat_forward_model,20,i44/p44,254607360,0.0
m4pdyyqc,flat_forward_model,20,i44/p44,259276800,916.0
m4pdyyqc,flat_forward_model,20,i44/p44,264192000,946.0
m4pdyyqc,flat_forward_model,20,i44/p44,268861440,948.0
m4pdyyqc,flat_forward_model,20,i44/p44,273776640,949.0
m4pdyyqc,flat_forward_model,20,i44/p44,278446080,950.0
m4pdyyqc,flat_forward_model,20,i44/p44,283361280,946.0
m4pdyyqc,flat_forward_model,20,i44/p44,288030720,946.0
m4pdyyqc,flat_forward_model,20,i44/p44,292945920,950.0
m4pdyyqc,flat_forward_model,20,i44/p44,297615360,951.0
m4pdyyqc,flat_forward_model,20,i44/p44,302530560,951.0
m4pdyyqc,flat_forward_model,20,i44/p44,307200000,949.0
m4pdyyqc,flat_forward_model,20,i44/p44,312115200,951.0
m4pdyyqc,flat_forward_model,20,i44/p44,317030400,951.0
m4pdyyqc,flat_forward_model,20,i44/p44,321699840,947.0
m4pdyyqc,flat_forward_model,20,i44/p44,326615040,953.0
m4pdyyqc,flat_forward_model,20,i44/p44,331284480,954.0
m4pdyyqc,flat_forward_model,20,i44/p44,336199680,954.0
m4pdyyqc,flat_forward_model,20,i44/p44,340869120,955.0
m4pdyyqc,flat_forward_model,20,i44/p44,345784320,955.0
m4pdyyqc,flat_forward_model,20,i44/p44,350453760,955.0
m4pdyyqc,flat_forward_model,20,i44/p44,355368960,955.0
m4pdyyqc,flat_forward_model,20,i44/p44,360038400,956.0
m4pdyyqc,flat_forward_model,20,i44/p44,364953600,957.0
m4pdyyqc,flat_forward_model,20,i44/p44,369623040,957.0
m4pdyyqc,flat_forward_model,20,i44/p44,374538240,957.0
m4pdyyqc,flat_forward_model,20,i44/p44,379207680,957.0
m4pdyyqc,flat_forward_model,20,i44/p44,384122880,957.0
m4pdyyqc,flat_forward_model,20,i44/p44,389038080,957.0
m4pdyyqc,flat_forward_model,20,i44/p44,393707520,958.0
m4pdyyqc,flat_forward_model,20,i44/p44,398622720,958.0
m4pdyyqc,flat_forward_model,20,i44/p44,403292160,958.0
m4pdyyqc,flat_forward_model,20,i44/p44,408207360,959.0
m4pdyyqc,flat_forward_model,20,i44/p44,412876800,959.0
m4pdyyqc,flat_forward_model,20,i44/p44,417792000,959.0
m4pdyyqc,flat_forward_model,20,i44/p44,422461440,952.0
m4pdyyqc,flat_forward_model,20,i44/p44,427376640,958.0
m4pdyyqc,flat_forward_model,20,i44/p44,432046080,959.0
m4pdyyqc,flat_forward_model,20,i44/p44,436961280,959.0
m4pdyyqc,flat_forward_model,20,i44/p44,441630720,959.0
m4pdyyqc,flat_forward_model,20,i44/p44,446545920,959.0
m4pdyyqc,flat_forward_model,20,i44/p44,451215360,959.0
m4pdyyqc,flat_forward_model,20,i44/p44,456130560,959.0
m4pdyyqc,flat_forward_model,20,i44/p44,460800000,949.0
m4pdyyqc,flat_forward_model,20,i44/p44,465715200,957.0
m4pdyyqc,flat_forward_model,20,i44/p44,470630400,0.0
m4pdyyqc,flat_forward_model,20,i44/p44,475299840,959.0
m4pdyyqc,flat_forward_model,20,i44/p44,480215040,961.0
bufxijh8,flat_forward_model,25,i42/p1234,4915200,0.0
bufxijh8,flat_forward_model,25,i42/p1234,9830400,0.0
bufxijh8,flat_forward_model,25,i42/p1234,14499840,0.0
bufxijh8,flat_forward_model,25,i42/p1234,19415040,0.0
bufxijh8,flat_forward_model,25,i42/p1234,24084480,0.0
bufxijh8,flat_forward_model,25,i42/p1234,28999680,0.0
bufxijh8,flat_forward_model,25,i42/p1234,33669120,0.0
bufxijh8,flat_forward_model,25,i42/p1234,38584320,0.0
bufxijh8,flat_forward_model,25,i42/p1234,43253760,0.0
bufxijh8,flat_forward_model,25,i42/p1234,48168960,0.0
bufxijh8,flat_forward_model,25,i42/p1234,52838400,0.0
bufxijh8,flat_forward_model,25,i42/p1234,57753600,922.0
bufxijh8,flat_forward_model,25,i42/p1234,62423040,938.0
bufxijh8,flat_forward_model,25,i42/p1234,67338240,945.0
bufxijh8,flat_forward_model,25,i42/p1234,72007680,947.0
bufxijh8,flat_forward_model,25,i42/p1234,76922880,953.0
bufxijh8,flat_forward_model,25,i42/p1234,81838080,953.0
bufxijh8,flat_forward_model,25,i42/p1234,86507520,954.0
bufxijh8,flat_forward_model,25,i42/p1234,91422720,952.0
bufxijh8,flat_forward_model,25,i42/p1234,96092160,952.0
bufxijh8,flat_forward_model,25,i42/p1234,101007360,955.0
bufxijh8,flat_forward_model,25,i42/p1234,105676800,955.0
bufxijh8,flat_forward_model,25,i42/p1234,110592000,953.0
bufxijh8,flat_forward_model,25,i42/p1234,115261440,954.0
bufxijh8,flat_forward_model,25,i42/p1234,120176640,955.0
bufxijh8,flat_forward_model,25,i42/p1234,124846080,956.0
bufxijh8,flat_forward_model,25,i42/p1234,129761280,956.0
bufxijh8,flat_forward_model,25,i42/p1234,134430720,954.0
bufxijh8,flat_forward_model,25,i42/p1234,139345920,954.0
bufxijh8,flat_forward_model,25,i42/p1234,144015360,955.0
bufxijh8,flat_forward_model,25,i42/p1234,148930560,0.0
bufxijh8,flat_forward_model,25,i42/p1234,153600000,0.0
bufxijh8,flat_forward_model,25,i42/p1234,158515200,0.0
bufxijh8,flat_forward_model,25,i42/p1234,163430400,0.0
bufxijh8,flat_forward_model,25,i42/p1234,168099840,0.0
bufxijh8,flat_forward_model,25,i42/p1234,173015040,0.0
bufxijh8,flat_forward_model,25,i42/p1234,177684480,960.0
bufxijh8,flat_forward_model,25,i42/p1234,182599680,962.0
bufxijh8,flat_forward_model,25,i42/p1234,187269120,964.0
bufxijh8,flat_forward_model,25,i42/p1234,192184320,965.0
bufxijh8,flat_forward_model,25,i42/p1234,196853760,965.0
bufxijh8,flat_forward_model,25,i42/p1234,201768960,965.0
bufxijh8,flat_forward_model,25,i42/p1234,206438400,966.0
bufxijh8,flat_forward_model,25,i42/p1234,211353600,966.0
bufxijh8,flat_forward_model,25,i42/p1234,216023040,967.0
bufxijh8,flat_forward_model,25,i42/p1234,220938240,965.0
bufxijh8,flat_forward_model,25,i42/p1234,225607680,966.0
bufxijh8,flat_forward_model,25,i42/p1234,230522880,967.0
bufxijh8,flat_forward_model,25,i42/p1234,235438080,958.0
bufxijh8,flat_forward_model,25,i42/p1234,240107520,896.0
bufxijh8,flat_forward_model,25,i42/p1234,245022720,968.0
bufxijh8,flat_forward_model,25,i42/p1234,249692160,968.0
bufxijh8,flat_forward_model,25,i42/p1234,254607360,966.0
bufxijh8,flat_forward_model,25,i42/p1234,259276800,968.0
bufxijh8,flat_forward_model,25,i42/p1234,264192000,968.0
bufxijh8,flat_forward_model,25,i42/p1234,268861440,968.0
bufxijh8,flat_forward_model,25,i42/p1234,273776640,968.0
bufxijh8,flat_forward_model,25,i42/p1234,278446080,968.0
bufxijh8,flat_forward_model,25,i42/p1234,283361280,968.0
bufxijh8,flat_forward_model,25,i42/p1234,288030720,968.0
bufxijh8,flat_forward_model,25,i42/p1234,292945920,968.0
bufxijh8,flat_forward_model,25,i42/p1234,297615360,968.0
bufxijh8,flat_forward_model,25,i42/p1234,302530560,968.0
bufxijh8,flat_forward_model,25,i42/p1234,307200000,969.0
bufxijh8,flat_forward_model,25,i42/p1234,312115200,969.0
bufxijh8,flat_forward_model,25,i42/p1234,317030400,969.0
bufxijh8,flat_forward_model,25,i42/p1234,321699840,969.0
bufxijh8,flat_forward_model,25,i42/p1234,326615040,969.0
bufxijh8,flat_forward_model,25,i42/p1234,331284480,969.0
bufxijh8,flat_forward_model,25,i42/p1234,336199680,970.0
bufxijh8,flat_forward_model,25,i42/p1234,340869120,969.0
bufxijh8,flat_forward_model,25,i42/p1234,345784320,969.0
bufxijh8,flat_forward_model,25,i42/p1234,350453760,969.0
bufxijh8,flat_forward_model,25,i42/p1234,355368960,969.0
bufxijh8,flat_forward_model,25,i42/p1234,360038400,969.0
bufxijh8,flat_forward_model,25,i42/p1234,364953600,969.0
bufxijh8,flat_forward_model,25,i42/p1234,369623040,969.0
bufxijh8,flat_forward_model,25,i42/p1234,374538240,969.0
bufxijh8,flat_forward_model,25,i42/p1234,379207680,970.0
bufxijh8,flat_forward_model,25,i42/p1234,384122880,969.0
bufxijh8,flat_forward_model,25,i42/p1234,389038080,970.0
bufxijh8,flat_forward_model,25,i42/p1234,393707520,969.0
bufxijh8,flat_forward_model,25,i42/p1234,398622720,970.0
bufxijh8,flat_forward_model,25,i42/p1234,403292160,968.0
bufxijh8,flat_forward_model,25,i42/p1234,408207360,970.0
bufxijh8,flat_forward_model,25,i42/p1234,412876800,968.0
bufxijh8,flat_forward_model,25,i42/p1234,417792000,969.0
bufxijh8,flat_forward_model,25,i42/p1234,422461440,969.0
bufxijh8,flat_forward_model,25,i42/p1234,427376640,969.0
bufxijh8,flat_forward_model,25,i42/p1234,432046080,969.0
bufxijh8,flat_forward_model,25,i42/p1234,436961280,969.0
bufxijh8,flat_forward_model,25,i42/p1234,441630720,970.0
bufxijh8,flat_forward_model,25,i42/p1234,446545920,970.0
bufxijh8,flat_forward_model,25,i42/p1234,451215360,970.0
bufxijh8,flat_forward_model,25,i42/p1234,456130560,970.0
bufxijh8,flat_forward_model,25,i42/p1234,460800000,970.0
bufxijh8,flat_forward_model,25,i42/p1234,465715200,970.0
bufxijh8,flat_forward_model,25,i42/p1234,470630400,971.0
bufxijh8,flat_forward_model,25,i42/p1234,475299840,971.0
bufxijh8,flat_forward_model,25,i42/p1234,480215040,966.0
jgqxdrtz,flat_forward_model,25,i43/p43,4915200,923.0
jgqxdrtz,flat_forward_model,25,i43/p43,9830400,945.0
jgqxdrtz,flat_forward_model,25,i43/p43,14499840,956.0
jgqxdrtz,flat_forward_model,25,i43/p43,19415040,960.0
jgqxdrtz,flat_forward_model,25,i43/p43,24084480,964.0
jgqxdrtz,flat_forward_model,25,i43/p43,28999680,961.0
jgqxdrtz,flat_forward_model,25,i43/p43,33669120,965.0
jgqxdrtz,flat_forward_model,25,i43/p43,38584320,967.0
jgqxdrtz,flat_forward_model,25,i43/p43,43253760,966.0
jgqxdrtz,flat_forward_model,25,i43/p43,48168960,967.0
jgqxdrtz,flat_forward_model,25,i43/p43,52838400,967.0
jgqxdrtz,flat_forward_model,25,i43/p43,57753600,967.0
jgqxdrtz,flat_forward_model,25,i43/p43,62423040,967.0
jgqxdrtz,flat_forward_model,25,i43/p43,67338240,967.0
jgqxdrtz,flat_forward_model,25,i43/p43,72007680,967.0
jgqxdrtz,flat_forward_model,25,i43/p43,76922880,967.0
jgqxdrtz,flat_forward_model,25,i43/p43,81838080,967.0
jgqxdrtz,flat_forward_model,25,i43/p43,86507520,967.0
jgqxdrtz,flat_forward_model,25,i43/p43,91422720,967.0
jgqxdrtz,flat_forward_model,25,i43/p43,96092160,967.0
jgqxdrtz,flat_forward_model,25,i43/p43,101007360,967.0
jgqxdrtz,flat_forward_model,25,i43/p43,105676800,966.0
jgqxdrtz,flat_forward_model,25,i43/p43,110592000,968.0
jgqxdrtz,flat_forward_model,25,i43/p43,115261440,968.0
jgqxdrtz,flat_forward_model,25,i43/p43,120176640,968.0
jgqxdrtz,flat_forward_model,25,i43/p43,124846080,968.0
jgqxdrtz,flat_forward_model,25,i43/p43,129761280,968.0
jgqxdrtz,flat_forward_model,25,i43/p43,134430720,968.0
jgqxdrtz,flat_forward_model,25,i43/p43,139345920,968.0
jgqxdrtz,flat_forward_model,25,i43/p43,144015360,968.0
jgqxdrtz,flat_forward_model,25,i43/p43,148930560,964.0
jgqxdrtz,flat_forward_model,25,i43/p43,153600000,967.0
jgqxdrtz,flat_forward_model,25,i43/p43,158515200,967.0
jgqxdrtz,flat_forward_model,25,i43/p43,163430400,967.0
jgqxdrtz,flat_forward_model,25,i43/p43,168099840,967.0
jgqxdrtz,flat_forward_model,25,i43/p43,173015040,967.0
jgqxdrtz,flat_forward_model,25,i43/p43,177684480,967.0
jgqxdrtz,flat_forward_model,25,i43/p43,182599680,962.0
jgqxdrtz,flat_forward_model,25,i43/p43,187269120,967.0
jgqxdrtz,flat_forward_model,25,i43/p43,192184320,967.0
jgqxdrtz,flat_forward_model,25,i43/p43,196853760,967.0
jgqxdrtz,flat_forward_model,25,i43/p43,201768960,967.0
jgqxdrtz,flat_forward_model,25,i43/p43,206438400,967.0
jgqxdrtz,flat_forward_model,25,i43/p43,211353600,967.0
jgqxdrtz,flat_forward_model,25,i43/p43,216023040,967.0
jgqxdrtz,flat_forward_model,25,i43/p43,220938240,967.0
jgqxdrtz,flat_forward_model,25,i43/p43,225607680,967.0
jgqxdrtz,flat_forward_model,25,i43/p43,230522880,962.0
jgqxdrtz,flat_forward_model,25,i43/p43,235438080,968.0
jgqxdrtz,flat_forward_model,25,i43/p43,240107520,968.0
jgqxdrtz,flat_forward_model,25,i43/p43,245022720,968.0
jgqxdrtz,flat_forward_model,25,i43/p43,249692160,968.0
jgqxdrtz,flat_forward_model,25,i43/p43,254607360,968.0
jgqxdrtz,flat_forward_model,25,i43/p43,259276800,968.0
jgqxdrtz,flat_forward_model,25,i43/p43,264192000,968.0
jgqxdrtz,flat_forward_model,25,i43/p43,268861440,968.0
jgqxdrtz,flat_forward_model,25,i43/p43,273776640,968.0
jgqxdrtz,flat_forward_model,25,i43/p43,278446080,968.0
jgqxdrtz,flat_forward_model,25,i43/p43,283361280,968.0
jgqxdrtz,flat_forward_model,25,i43/p43,288030720,969.0
jgqxdrtz,flat_forward_model,25,i43/p43,292945920,969.0
jgqxdrtz,flat_forward_model,25,i43/p43,297615360,969.0
jgqxdrtz,flat_forward_model,25,i43/p43,302530560,969.0
jgqxdrtz,flat_forward_model,25,i43/p43,307200000,969.0
jgqxdrtz,flat_forward_model,25,i43/p43,312115200,969.0
jgqxdrtz,flat_forward_model,25,i43/p43,317030400,969.0
jgqxdrtz,flat_forward_model,25,i43/p43,321699840,969.0
jgqxdrtz,flat_forward_model,25,i43/p43,326615040,962.0
jgqxdrtz,flat_forward_model,25,i43/p43,331284480,970.0
jgqxdrtz,flat_forward_model,25,i43/p43,336199680,970.0
jgqxdrtz,flat_forward_model,25,i43/p43,340869120,970.0
jgqxdrtz,flat_forward_model,25,i43/p43,345784320,970.0
jgqxdrtz,flat_forward_model,25,i43/p43,350453760,970.0
jgqxdrtz,flat_forward_model,25,i43/p43,355368960,970.0
jgqxdrtz,flat_forward_model,25,i43/p43,360038400,970.0
jgqxdrtz,flat_forward_model,25,i43/p43,364953600,970.0
jgqxdrtz,flat_forward_model,25,i43/p43,369623040,970.0
jgqxdrtz,flat_forward_model,25,i43/p43,374538240,970.0
jgqxdrtz,flat_forward_model,25,i43/p43,379207680,970.0
jgqxdrtz,flat_forward_model,25,i43/p43,384122880,970.0
jgqxdrtz,flat_forward_model,25,i43/p43,389038080,970.0
jgqxdrtz,flat_forward_model,25,i43/p43,393707520,970.0
jgqxdrtz,flat_forward_model,25,i43/p43,398622720,969.0
jgqxdrtz,flat_forward_model,25,i43/p43,403292160,970.0
jgqxdrtz,flat_forward_model,25,i43/p43,408207360,970.0
jgqxdrtz,flat_forward_model,25,i43/p43,412876800,970.0
jgqxdrtz,flat_forward_model,25,i43/p43,417792000,970.0
jgqxdrtz,flat_forward_model,25,i43/p43,422461440,970.0
jgqxdrtz,flat_forward_model,25,i43/p43,427376640,970.0
jgqxdrtz,flat_forward_model,25,i43/p43,432046080,970.0
jgqxdrtz,flat_forward_model,25,i43/p43,436961280,970.0
jgqxdrtz,flat_forward_model,25,i43/p43,441630720,970.0
jgqxdrtz,flat_forward_model,25,i43/p43,446545920,970.0
jgqxdrtz,flat_forward_model,25,i43/p43,451215360,970.0
jgqxdrtz,flat_forward_model,25,i43/p43,456130560,970.0
jgqxdrtz,flat_forward_model,25,i43/p43,460800000,970.0
jgqxdrtz,flat_forward_model,25,i43/p43,465715200,971.0
jgqxdrtz,flat_forward_model,25,i43/p43,470630400,971.0
jgqxdrtz,flat_forward_model,25,i43/p43,475299840,0.0
jgqxdrtz,flat_forward_model,25,i43/p43,480215040,936.0
dsyrwosn,flat_forward_model,25,i44/p44,4915200,0.0
dsyrwosn,flat_forward_model,25,i44/p44,9830400,920.0
dsyrwosn,flat_forward_model,25,i44/p44,14499840,938.0
dsyrwosn,flat_forward_model,25,i44/p44,19415040,945.0
dsyrwosn,flat_forward_model,25,i44/p44,24084480,949.0
dsyrwosn,flat_forward_model,25,i44/p44,28999680,928.0
dsyrwosn,flat_forward_model,25,i44/p44,33669120,951.0
dsyrwosn,flat_forward_model,25,i44/p44,38584320,951.0
dsyrwosn,flat_forward_model,25,i44/p44,43253760,952.0
dsyrwosn,flat_forward_model,25,i44/p44,48168960,952.0
dsyrwosn,flat_forward_model,25,i44/p44,52838400,954.0
dsyrwosn,flat_forward_model,25,i44/p44,57753600,954.0
dsyrwosn,flat_forward_model,25,i44/p44,62423040,954.0
dsyrwosn,flat_forward_model,25,i44/p44,67338240,954.0
dsyrwosn,flat_forward_model,25,i44/p44,72007680,954.0
dsyrwosn,flat_forward_model,25,i44/p44,76922880,955.0
dsyrwosn,flat_forward_model,25,i44/p44,81838080,953.0
dsyrwosn,flat_forward_model,25,i44/p44,86507520,954.0
dsyrwosn,flat_forward_model,25,i44/p44,91422720,954.0
dsyrwosn,flat_forward_model,25,i44/p44,96092160,948.0
dsyrwosn,flat_forward_model,25,i44/p44,101007360,954.0
dsyrwosn,flat_forward_model,25,i44/p44,105676800,954.0
dsyrwosn,flat_forward_model,25,i44/p44,110592000,955.0
dsyrwosn,flat_forward_model,25,i44/p44,115261440,955.0
dsyrwosn,flat_forward_model,25,i44/p44,120176640,955.0
dsyrwosn,flat_forward_model,25,i44/p44,124846080,955.0
dsyrwosn,flat_forward_model,25,i44/p44,129761280,956.0
dsyrwosn,flat_forward_model,25,i44/p44,134430720,956.0
dsyrwosn,flat_forward_model,25,i44/p44,139345920,956.0
dsyrwosn,flat_forward_model,25,i44/p44,144015360,957.0
dsyrwosn,flat_forward_model,25,i44/p44,148930560,957.0
dsyrwosn,flat_forward_model,25,i44/p44,153600000,957.0
dsyrwosn,flat_forward_model,25,i44/p44,158515200,957.0
dsyrwosn,flat_forward_model,25,i44/p44,163430400,957.0
dsyrwosn,flat_forward_model,25,i44/p44,168099840,957.0
dsyrwosn,flat_forward_model,25,i44/p44,173015040,958.0
dsyrwosn,flat_forward_model,25,i44/p44,177684480,958.0
dsyrwosn,flat_forward_model,25,i44/p44,182599680,959.0
dsyrwosn,flat_forward_model,25,i44/p44,187269120,959.0
dsyrwosn,flat_forward_model,25,i44/p44,192184320,959.0
dsyrwosn,flat_forward_model,25,i44/p44,196853760,959.0
dsyrwosn,flat_forward_model,25,i44/p44,201768960,957.0
dsyrwosn,flat_forward_model,25,i44/p44,206438400,959.0
dsyrwosn,flat_forward_model,25,i44/p44,211353600,960.0
dsyrwosn,flat_forward_model,25,i44/p44,216023040,960.0
dsyrwosn,flat_forward_model,25,i44/p44,220938240,960.0
dsyrwosn,flat_forward_model,25,i44/p44,225607680,960.0
dsyrwosn,flat_forward_model,25,i44/p44,230522880,961.0
dsyrwosn,flat_forward_model,25,i44/p44,235438080,961.0
dsyrwosn,flat_forward_model,25,i44/p44,240107520,0.0
dsyrwosn,flat_forward_model,25,i44/p44,245022720,960.0
dsyrwosn,flat_forward_model,25,i44/p44,249692160,961.0
dsyrwosn,flat_forward_model,25,i44/p44,254607360,961.0
dsyrwosn,flat_forward_model,25,i44/p44,259276800,962.0
dsyrwosn,flat_forward_model,25,i44/p44,264192000,0.0
dsyrwosn,flat_forward_model,25,i44/p44,268861440,923.0
dsyrwosn,flat_forward_model,25,i44/p44,273776640,929.0
dsyrwosn,flat_forward_model,25,i44/p44,278446080,934.0
dsyrwosn,flat_forward_model,25,i44/p44,283361280,935.0
dsyrwosn,flat_forward_model,25,i44/p44,288030720,936.0
dsyrwosn,flat_forward_model,25,i44/p44,292945920,936.0
dsyrwosn,flat_forward_model,25,i44/p44,297615360,938.0
dsyrwosn,flat_forward_model,25,i44/p44,302530560,938.0
dsyrwosn,flat_forward_model,25,i44/p44,307200000,938.0
dsyrwosn,flat_forward_model,25,i44/p44,312115200,938.0
dsyrwosn,flat_forward_model,25,i44/p44,317030400,940.0
dsyrwosn,flat_forward_model,25,i44/p44,321699840,941.0
dsyrwosn,flat_forward_model,25,i44/p44,326615040,941.0
dsyrwosn,flat_forward_model,25,i44/p44,331284480,942.0
dsyrwosn,flat_forward_model,25,i44/p44,336199680,0.0
dsyrwosn,flat_forward_model,25,i44/p44,340869120,0.0
dsyrwosn,flat_forward_model,25,i44/p44,345784320,934.0
dsyrwosn,flat_forward_model,25,i44/p44,350453760,937.0
dsyrwosn,flat_forward_model,25,i44/p44,355368960,0.0
dsyrwosn,flat_forward_model,25,i44/p44,360038400,952.0
dsyrwosn,flat_forward_model,25,i44/p44,364953600,967.0
dsyrwosn,flat_forward_model,25,i44/p44,369623040,968.0
dsyrwosn,flat_forward_model,25,i44/p44,374538240,966.0
dsyrwosn,flat_forward_model,25,i44/p44,379207680,967.0
dsyrwosn,flat_forward_model,25,i44/p44,384122880,968.0
dsyrwosn,flat_forward_model,25,i44/p44,389038080,781.0
dsyrwosn,flat_forward_model,25,i44/p44,393707520,966.0
dsyrwosn,flat_forward_model,25,i44/p44,398622720,967.0
dsyrwosn,flat_forward_model,25,i44/p44,403292160,905.0
dsyrwosn,flat_forward_model,25,i44/p44,408207360,967.0
dsyrwosn,flat_forward_model,25,i44/p44,412876800,967.0
dsyrwosn,flat_forward_model,25,i44/p44,417792000,967.0
dsyrwosn,flat_forward_model,25,i44/p44,422461440,969.0
dsyrwosn,flat_forward_model,25,i44/p44,427376640,969.0
dsyrwosn,flat_forward_model,25,i44/p44,432046080,967.0
dsyrwosn,flat_forward_model,25,i44/p44,436961280,969.0
dsyrwosn,flat_forward_model,25,i44/p44,441630720,968.0
dsyrwosn,flat_forward_model,25,i44/p44,446545920,970.0
dsyrwosn,flat_forward_model,25,i44/p44,451215360,970.0
dsyrwosn,flat_forward_model,25,i44/p44,456130560,968.0
dsyrwosn,flat_forward_model,25,i44/p44,460800000,970.0
dsyrwosn,flat_forward_model,25,i44/p44,465715200,969.0
dsyrwosn,flat_forward_model,25,i44/p44,470630400,970.0
dsyrwosn,flat_forward_model,25,i44/p44,475299840,970.0
dsyrwosn,flat_forward_model,25,i44/p44,480215040,969.0
tymp994f,no_efference,2,i42/p1234,4915200,0.0
tymp994f,no_efference,2,i42/p1234,9830400,952.0
tymp994f,no_efference,2,i42/p1234,14499840,957.0
tymp994f,no_efference,2,i42/p1234,19415040,960.0
tymp994f,no_efference,2,i42/p1234,24084480,960.0
tymp994f,no_efference,2,i42/p1234,28999680,961.0
tymp994f,no_efference,2,i42/p1234,33669120,961.0
tymp994f,no_efference,2,i42/p1234,38584320,962.0
tymp994f,no_efference,2,i42/p1234,43253760,962.0
tymp994f,no_efference,2,i42/p1234,48168960,963.0
tymp994f,no_efference,2,i42/p1234,52838400,963.0
tymp994f,no_efference,2,i42/p1234,57753600,963.0
tymp994f,no_efference,2,i42/p1234,62423040,963.0
tymp994f,no_efference,2,i42/p1234,67338240,963.0
tymp994f,no_efference,2,i42/p1234,72007680,963.0
tymp994f,no_efference,2,i42/p1234,76922880,964.0
tymp994f,no_efference,2,i42/p1234,81838080,964.0
tymp994f,no_efference,2,i42/p1234,86507520,964.0
tymp994f,no_efference,2,i42/p1234,91422720,908.0
tymp994f,no_efference,2,i42/p1234,96092160,905.0
tymp994f,no_efference,2,i42/p1234,101007360,907.0
tymp994f,no_efference,2,i42/p1234,105676800,908.0
tymp994f,no_efference,2,i42/p1234,110592000,907.0
tymp994f,no_efference,2,i42/p1234,115261440,910.0
tymp994f,no_efference,2,i42/p1234,120176640,911.0
tymp994f,no_efference,2,i42/p1234,124846080,911.0
tymp994f,no_efference,2,i42/p1234,129761280,912.0
tymp994f,no_efference,2,i42/p1234,134430720,914.0
tymp994f,no_efference,2,i42/p1234,139345920,915.0
tymp994f,no_efference,2,i42/p1234,144015360,914.0
tymp994f,no_efference,2,i42/p1234,148930560,916.0
tymp994f,no_efference,2,i42/p1234,153600000,915.0
tymp994f,no_efference,2,i42/p1234,158515200,917.0
tymp994f,no_efference,2,i42/p1234,163430400,917.0
tymp994f,no_efference,2,i42/p1234,168099840,917.0
tymp994f,no_efference,2,i42/p1234,173015040,919.0
tymp994f,no_efference,2,i42/p1234,177684480,920.0
tymp994f,no_efference,2,i42/p1234,182599680,920.0
tymp994f,no_efference,2,i42/p1234,187269120,924.0
tymp994f,no_efference,2,i42/p1234,192184320,925.0
tymp994f,no_efference,2,i42/p1234,196853760,928.0
tymp994f,no_efference,2,i42/p1234,201768960,923.0
tymp994f,no_efference,2,i42/p1234,206438400,920.0
tymp994f,no_efference,2,i42/p1234,211353600,925.0
tymp994f,no_efference,2,i42/p1234,216023040,927.0
tymp994f,no_efference,2,i42/p1234,220938240,966.0
tymp994f,no_efference,2,i42/p1234,225607680,966.0
tymp994f,no_efference,2,i42/p1234,230522880,966.0
tymp994f,no_efference,2,i42/p1234,235438080,0.0
tymp994f,no_efference,2,i42/p1234,240107520,957.0
tymp994f,no_efference,2,i42/p1234,245022720,965.0
tymp994f,no_efference,2,i42/p1234,249692160,964.0
tymp994f,no_efference,2,i42/p1234,254607360,0.0
tymp994f,no_efference,2,i42/p1234,259276800,0.0
tymp994f,no_efference,2,i42/p1234,264192000,906.0
tymp994f,no_efference,2,i42/p1234,268861440,848.0
tymp994f,no_efference,2,i42/p1234,273776640,902.0
tymp994f,no_efference,2,i42/p1234,278446080,903.0
tymp994f,no_efference,2,i42/p1234,283361280,904.0
tymp994f,no_efference,2,i42/p1234,288030720,904.0
tymp994f,no_efference,2,i42/p1234,292945920,905.0
tymp994f,no_efference,2,i42/p1234,297615360,905.0
tymp994f,no_efference,2,i42/p1234,302530560,905.0
tymp994f,no_efference,2,i42/p1234,307200000,906.0
tymp994f,no_efference,2,i42/p1234,312115200,907.0
tymp994f,no_efference,2,i42/p1234,317030400,907.0
tymp994f,no_efference,2,i42/p1234,321699840,906.0
tymp994f,no_efference,2,i42/p1234,326615040,907.0
tymp994f,no_efference,2,i42/p1234,331284480,907.0
tymp994f,no_efference,2,i42/p1234,336199680,908.0
tymp994f,no_efference,2,i42/p1234,340869120,909.0
tymp994f,no_efference,2,i42/p1234,345784320,910.0
tymp994f,no_efference,2,i42/p1234,350453760,911.0
tymp994f,no_efference,2,i42/p1234,355368960,913.0
tymp994f,no_efference,2,i42/p1234,360038400,913.0
tymp994f,no_efference,2,i42/p1234,364953600,914.0
tymp994f,no_efference,2,i42/p1234,369623040,915.0
tymp994f,no_efference,2,i42/p1234,374538240,916.0
tymp994f,no_efference,2,i42/p1234,379207680,892.0
tymp994f,no_efference,2,i42/p1234,384122880,916.0
tymp994f,no_efference,2,i42/p1234,389038080,917.0
tymp994f,no_efference,2,i42/p1234,393707520,917.0
tymp994f,no_efference,2,i42/p1234,398622720,918.0
tymp994f,no_efference,2,i42/p1234,403292160,918.0
tymp994f,no_efference,2,i42/p1234,408207360,918.0
tymp994f,no_efference,2,i42/p1234,412876800,899.0
tymp994f,no_efference,2,i42/p1234,417792000,912.0
tymp994f,no_efference,2,i42/p1234,422461440,913.0
tymp994f,no_efference,2,i42/p1234,427376640,914.0
tymp994f,no_efference,2,i42/p1234,432046080,917.0
tymp994f,no_efference,2,i42/p1234,436961280,917.0
tymp994f,no_efference,2,i42/p1234,441630720,918.0
tymp994f,no_efference,2,i42/p1234,446545920,919.0
tymp994f,no_efference,2,i42/p1234,451215360,919.0
tymp994f,no_efference,2,i42/p1234,456130560,920.0
tymp994f,no_efference,2,i42/p1234,460800000,920.0
tymp994f,no_efference,2,i42/p1234,465715200,920.0
tymp994f,no_efference,2,i42/p1234,470630400,909.0
tymp994f,no_efference,2,i42/p1234,475299840,921.0
tymp994f,no_efference,2,i42/p1234,480215040,921.0
8toz7082,no_efference,2,i43/p43,4915200,952.0
8toz7082,no_efference,2,i43/p43,9830400,959.0
8toz7082,no_efference,2,i43/p43,14499840,960.0
8toz7082,no_efference,2,i43/p43,19415040,961.0
8toz7082,no_efference,2,i43/p43,24084480,959.0
8toz7082,no_efference,2,i43/p43,28999680,961.0
8toz7082,no_efference,2,i43/p43,33669120,961.0
8toz7082,no_efference,2,i43/p43,38584320,960.0
8toz7082,no_efference,2,i43/p43,43253760,961.0
8toz7082,no_efference,2,i43/p43,48168960,961.0
8toz7082,no_efference,2,i43/p43,52838400,961.0
8toz7082,no_efference,2,i43/p43,57753600,961.0
8toz7082,no_efference,2,i43/p43,62423040,961.0
8toz7082,no_efference,2,i43/p43,67338240,961.0
8toz7082,no_efference,2,i43/p43,72007680,959.0
8toz7082,no_efference,2,i43/p43,76922880,959.0
8toz7082,no_efference,2,i43/p43,81838080,958.0
8toz7082,no_efference,2,i43/p43,86507520,958.0
8toz7082,no_efference,2,i43/p43,91422720,958.0
8toz7082,no_efference,2,i43/p43,96092160,958.0
8toz7082,no_efference,2,i43/p43,101007360,958.0
8toz7082,no_efference,2,i43/p43,105676800,957.0
8toz7082,no_efference,2,i43/p43,110592000,958.0
8toz7082,no_efference,2,i43/p43,115261440,959.0
8toz7082,no_efference,2,i43/p43,120176640,959.0
8toz7082,no_efference,2,i43/p43,124846080,959.0
8toz7082,no_efference,2,i43/p43,129761280,960.0
8toz7082,no_efference,2,i43/p43,134430720,944.0
8toz7082,no_efference,2,i43/p43,139345920,0.0
8toz7082,no_efference,2,i43/p43,144015360,0.0
8toz7082,no_efference,2,i43/p43,148930560,898.0
8toz7082,no_efference,2,i43/p43,153600000,899.0
8toz7082,no_efference,2,i43/p43,158515200,899.0
8toz7082,no_efference,2,i43/p43,163430400,899.0
8toz7082,no_efference,2,i43/p43,168099840,898.0
8toz7082,no_efference,2,i43/p43,173015040,0.0
8toz7082,no_efference,2,i43/p43,177684480,0.0
8toz7082,no_efference,2,i43/p43,182599680,0.0
8toz7082,no_efference,2,i43/p43,187269120,0.0
8toz7082,no_efference,2,i43/p43,192184320,829.0
8toz7082,no_efference,2,i43/p43,196853760,958.0
8toz7082,no_efference,2,i43/p43,201768960,960.0
8toz7082,no_efference,2,i43/p43,206438400,960.0
8toz7082,no_efference,2,i43/p43,211353600,960.0
8toz7082,no_efference,2,i43/p43,216023040,960.0
8toz7082,no_efference,2,i43/p43,220938240,961.0
8toz7082,no_efference,2,i43/p43,225607680,961.0
8toz7082,no_efference,2,i43/p43,230522880,962.0
8toz7082,no_efference,2,i43/p43,235438080,962.0
8toz7082,no_efference,2,i43/p43,240107520,962.0
8toz7082,no_efference,2,i43/p43,245022720,962.0
8toz7082,no_efference,2,i43/p43,249692160,962.0
8toz7082,no_efference,2,i43/p43,254607360,962.0
8toz7082,no_efference,2,i43/p43,259276800,963.0
8toz7082,no_efference,2,i43/p43,264192000,963.0
8toz7082,no_efference,2,i43/p43,268861440,964.0
8toz7082,no_efference,2,i43/p43,273776640,964.0
8toz7082,no_efference,2,i43/p43,278446080,964.0
8toz7082,no_efference,2,i43/p43,283361280,964.0
8toz7082,no_efference,2,i43/p43,288030720,964.0
8toz7082,no_efference,2,i43/p43,292945920,964.0
8toz7082,no_efference,2,i43/p43,297615360,966.0
8toz7082,no_efference,2,i43/p43,302530560,966.0
8toz7082,no_efference,2,i43/p43,307200000,966.0
8toz7082,no_efference,2,i43/p43,312115200,966.0
8toz7082,no_efference,2,i43/p43,317030400,966.0
8toz7082,no_efference,2,i43/p43,321699840,966.0
8toz7082,no_efference,2,i43/p43,326615040,966.0
8toz7082,no_efference,2,i43/p43,331284480,966.0
8toz7082,no_efference,2,i43/p43,336199680,966.0
8toz7082,no_efference,2,i43/p43,340869120,966.0
8toz7082,no_efference,2,i43/p43,345784320,966.0
8toz7082,no_efference,2,i43/p43,350453760,966.0
8toz7082,no_efference,2,i43/p43,355368960,959.0
8toz7082,no_efference,2,i43/p43,360038400,957.0
8toz7082,no_efference,2,i43/p43,364953600,958.0
8toz7082,no_efference,2,i43/p43,369623040,949.0
8toz7082,no_efference,2,i43/p43,374538240,956.0
8toz7082,no_efference,2,i43/p43,379207680,956.0
8toz7082,no_efference,2,i43/p43,384122880,956.0
8toz7082,no_efference,2,i43/p43,389038080,956.0
8toz7082,no_efference,2,i43/p43,393707520,957.0
8toz7082,no_efference,2,i43/p43,398622720,957.0
8toz7082,no_efference,2,i43/p43,403292160,958.0
8toz7082,no_efference,2,i43/p43,408207360,963.0
8toz7082,no_efference,2,i43/p43,412876800,963.0
8toz7082,no_efference,2,i43/p43,417792000,963.0
8toz7082,no_efference,2,i43/p43,422461440,963.0
8toz7082,no_efference,2,i43/p43,427376640,963.0
8toz7082,no_efference,2,i43/p43,432046080,963.0
8toz7082,no_efference,2,i43/p43,436961280,963.0
8toz7082,no_efference,2,i43/p43,441630720,963.0
8toz7082,no_efference,2,i43/p43,446545920,963.0
8toz7082,no_efference,2,i43/p43,451215360,962.0
8toz7082,no_efference,2,i43/p43,456130560,964.0
8toz7082,no_efference,2,i43/p43,460800000,964.0
8toz7082,no_efference,2,i43/p43,465715200,964.0
8toz7082,no_efference,2,i43/p43,470630400,965.0
8toz7082,no_efference,2,i43/p43,475299840,965.0
8toz7082,no_efference,2,i43/p43,480215040,966.0
3szuoxup,no_efference,2,i44/p44,4915200,0.0
3szuoxup,no_efference,2,i44/p44,9830400,0.0
3szuoxup,no_efference,2,i44/p44,14499840,0.0
3szuoxup,no_efference,2,i44/p44,19415040,0.0
3szuoxup,no_efference,2,i44/p44,24084480,0.0
3szuoxup,no_efference,2,i44/p44,28999680,0.0
3szuoxup,no_efference,2,i44/p44,33669120,0.0
3szuoxup,no_efference,2,i44/p44,38584320,0.0
3szuoxup,no_efference,2,i44/p44,43253760,0.0
3szuoxup,no_efference,2,i44/p44,48168960,0.0
3szuoxup,no_efference,2,i44/p44,52838400,0.0
3szuoxup,no_efference,2,i44/p44,57753600,0.0
3szuoxup,no_efference,2,i44/p44,62423040,0.0
3szuoxup,no_efference,2,i44/p44,67338240,0.0
3szuoxup,no_efference,2,i44/p44,72007680,0.0
3szuoxup,no_efference,2,i44/p44,76922880,0.0
3szuoxup,no_efference,2,i44/p44,81838080,0.0
3szuoxup,no_efference,2,i44/p44,86507520,751.0
3szuoxup,no_efference,2,i44/p44,91422720,849.0
3szuoxup,no_efference,2,i44/p44,96092160,911.0
3szuoxup,no_efference,2,i44/p44,101007360,911.0
3szuoxup,no_efference,2,i44/p44,105676800,920.0
3szuoxup,no_efference,2,i44/p44,110592000,922.0
3szuoxup,no_efference,2,i44/p44,115261440,921.0
3szuoxup,no_efference,2,i44/p44,120176640,922.0
3szuoxup,no_efference,2,i44/p44,124846080,925.0
3szuoxup,no_efference,2,i44/p44,129761280,926.0
3szuoxup,no_efference,2,i44/p44,134430720,924.0
3szuoxup,no_efference,2,i44/p44,139345920,926.0
3szuoxup,no_efference,2,i44/p44,144015360,927.0
3szuoxup,no_efference,2,i44/p44,148930560,926.0
3szuoxup,no_efference,2,i44/p44,153600000,929.0
3szuoxup,no_efference,2,i44/p44,158515200,930.0
3szuoxup,no_efference,2,i44/p44,163430400,930.0
3szuoxup,no_efference,2,i44/p44,168099840,931.0
3szuoxup,no_efference,2,i44/p44,173015040,930.0
3szuoxup,no_efference,2,i44/p44,177684480,930.0
3szuoxup,no_efference,2,i44/p44,182599680,930.0
3szuoxup,no_efference,2,i44/p44,187269120,931.0
3szuoxup,no_efference,2,i44/p44,192184320,931.0
3szuoxup,no_efference,2,i44/p44,196853760,931.0
3szuoxup,no_efference,2,i44/p44,201768960,932.0
3szuoxup,no_efference,2,i44/p44,206438400,931.0
3szuoxup,no_efference,2,i44/p44,211353600,895.0
3szuoxup,no_efference,2,i44/p44,216023040,932.0
3szuoxup,no_efference,2,i44/p44,220938240,932.0
3szuoxup,no_efference,2,i44/p44,225607680,933.0
3szuoxup,no_efference,2,i44/p44,230522880,918.0
3szuoxup,no_efference,2,i44/p44,235438080,931.0
3szuoxup,no_efference,2,i44/p44,240107520,933.0
3szuoxup,no_efference,2,i44/p44,245022720,933.0
3szuoxup,no_efference,2,i44/p44,249692160,934.0
3szuoxup,no_efference,2,i44/p44,254607360,933.0
3szuoxup,no_efference,2,i44/p44,259276800,935.0
3szuoxup,no_efference,2,i44/p44,264192000,935.0
3szuoxup,no_efference,2,i44/p44,268861440,936.0
3szuoxup,no_efference,2,i44/p44,273776640,935.0
3szuoxup,no_efference,2,i44/p44,278446080,937.0
3szuoxup,no_efference,2,i44/p44,283361280,0.0
3szuoxup,no_efference,2,i44/p44,288030720,0.0
3szuoxup,no_efference,2,i44/p44,292945920,936.0
3szuoxup,no_efference,2,i44/p44,297615360,936.0
3szuoxup,no_efference,2,i44/p44,302530560,937.0
3szuoxup,no_efference,2,i44/p44,307200000,937.0
3szuoxup,no_efference,2,i44/p44,312115200,937.0
3szuoxup,no_efference,2,i44/p44,317030400,937.0
3szuoxup,no_efference,2,i44/p44,321699840,0.0
3szuoxup,no_efference,2,i44/p44,326615040,935.0
3szuoxup,no_efference,2,i44/p44,331284480,936.0
3szuoxup,no_efference,2,i44/p44,336199680,936.0
3szuoxup,no_efference,2,i44/p44,340869120,937.0
3szuoxup,no_efference,2,i44/p44,345784320,937.0
3szuoxup,no_efference,2,i44/p44,350453760,936.0
3szuoxup,no_efference,2,i44/p44,355368960,937.0
3szuoxup,no_efference,2,i44/p44,360038400,937.0
3szuoxup,no_efference,2,i44/p44,364953600,937.0
3szuoxup,no_efference,2,i44/p44,369623040,937.0
3szuoxup,no_efference,2,i44/p44,374538240,937.0
3szuoxup,no_efference,2,i44/p44,379207680,938.0
3szuoxup,no_efference,2,i44/p44,384122880,938.0
3szuoxup,no_efference,2,i44/p44,389038080,938.0
3szuoxup,no_efference,2,i44/p44,393707520,938.0
3szuoxup,no_efference,2,i44/p44,398622720,938.0
3szuoxup,no_efference,2,i44/p44,403292160,939.0
3szuoxup,no_efference,2,i44/p44,408207360,941.0
3szuoxup,no_efference,2,i44/p44,412876800,943.0
3szuoxup,no_efference,2,i44/p44,417792000,945.0
3szuoxup,no_efference,2,i44/p44,422461440,946.0
3szuoxup,no_efference,2,i44/p44,427376640,947.0
3szuoxup,no_efference,2,i44/p44,432046080,947.0
3szuoxup,no_efference,2,i44/p44,436961280,948.0
3szuoxup,no_efference,2,i44/p44,441630720,948.0
3szuoxup,no_efference,2,i44/p44,446545920,948.0
3szuoxup,no_efference,2,i44/p44,451215360,948.0
3szuoxup,no_efference,2,i44/p44,456130560,949.0
3szuoxup,no_efference,2,i44/p44,460800000,949.0
3szuoxup,no_efference,2,i44/p44,465715200,949.0
3szuoxup,no_efference,2,i44/p44,470630400,949.0
3szuoxup,no_efference,2,i44/p44,475299840,950.0
3szuoxup,no_efference,2,i44/p44,480215040,950.0
xb0f2ppf,no_efference,3,i42/p1234,4915200,865.0
xb0f2ppf,no_efference,3,i42/p1234,9830400,932.0
xb0f2ppf,no_efference,3,i42/p1234,14499840,937.0
xb0f2ppf,no_efference,3,i42/p1234,19415040,938.0
xb0f2ppf,no_efference,3,i42/p1234,24084480,936.0
xb0f2ppf,no_efference,3,i42/p1234,28999680,941.0
xb0f2ppf,no_efference,3,i42/p1234,33669120,945.0
xb0f2ppf,no_efference,3,i42/p1234,38584320,714.0
xb0f2ppf,no_efference,3,i42/p1234,43253760,948.0
xb0f2ppf,no_efference,3,i42/p1234,48168960,951.0
xb0f2ppf,no_efference,3,i42/p1234,52838400,952.0
xb0f2ppf,no_efference,3,i42/p1234,57753600,953.0
xb0f2ppf,no_efference,3,i42/p1234,62423040,953.0
xb0f2ppf,no_efference,3,i42/p1234,67338240,911.0
xb0f2ppf,no_efference,3,i42/p1234,72007680,947.0
xb0f2ppf,no_efference,3,i42/p1234,76922880,952.0
xb0f2ppf,no_efference,3,i42/p1234,81838080,951.0
xb0f2ppf,no_efference,3,i42/p1234,86507520,951.0
xb0f2ppf,no_efference,3,i42/p1234,91422720,0.0
xb0f2ppf,no_efference,3,i42/p1234,96092160,797.0
xb0f2ppf,no_efference,3,i42/p1234,101007360,902.0
xb0f2ppf,no_efference,3,i42/p1234,105676800,298.0
xb0f2ppf,no_efference,3,i42/p1234,110592000,850.0
xb0f2ppf,no_efference,3,i42/p1234,115261440,933.0
xb0f2ppf,no_efference,3,i42/p1234,120176640,934.0
xb0f2ppf,no_efference,3,i42/p1234,124846080,934.0
xb0f2ppf,no_efference,3,i42/p1234,129761280,934.0
xb0f2ppf,no_efference,3,i42/p1234,134430720,935.0
xb0f2ppf,no_efference,3,i42/p1234,139345920,935.0
xb0f2ppf,no_efference,3,i42/p1234,144015360,936.0
xb0f2ppf,no_efference,3,i42/p1234,148930560,936.0
xb0f2ppf,no_efference,3,i42/p1234,153600000,937.0
xb0f2ppf,no_efference,3,i42/p1234,158515200,938.0
xb0f2ppf,no_efference,3,i42/p1234,163430400,938.0
xb0f2ppf,no_efference,3,i42/p1234,168099840,939.0
xb0f2ppf,no_efference,3,i42/p1234,173015040,941.0
xb0f2ppf,no_efference,3,i42/p1234,177684480,941.0
xb0f2ppf,no_efference,3,i42/p1234,182599680,943.0
xb0f2ppf,no_efference,3,i42/p1234,187269120,944.0
xb0f2ppf,no_efference,3,i42/p1234,192184320,0.0
xb0f2ppf,no_efference,3,i42/p1234,196853760,862.0
xb0f2ppf,no_efference,3,i42/p1234,201768960,929.0
xb0f2ppf,no_efference,3,i42/p1234,206438400,938.0
xb0f2ppf,no_efference,3,i42/p1234,211353600,936.0
xb0f2ppf,no_efference,3,i42/p1234,216023040,937.0
xb0f2ppf,no_efference,3,i42/p1234,220938240,938.0
xb0f2ppf,no_efference,3,i42/p1234,225607680,938.0
xb0f2ppf,no_efference,3,i42/p1234,230522880,937.0
xb0f2ppf,no_efference,3,i42/p1234,235438080,937.0
xb0f2ppf,no_efference,3,i42/p1234,240107520,937.0
xb0f2ppf,no_efference,3,i42/p1234,245022720,937.0
xb0f2ppf,no_efference,3,i42/p1234,249692160,937.0
xb0f2ppf,no_efference,3,i42/p1234,254607360,937.0
xb0f2ppf,no_efference,3,i42/p1234,259276800,937.0
xb0f2ppf,no_efference,3,i42/p1234,264192000,937.0
xb0f2ppf,no_efference,3,i42/p1234,268861440,938.0
xb0f2ppf,no_efference,3,i42/p1234,273776640,939.0
xb0f2ppf,no_efference,3,i42/p1234,278446080,939.0
xb0f2ppf,no_efference,3,i42/p1234,283361280,939.0
xb0f2ppf,no_efference,3,i42/p1234,288030720,940.0
xb0f2ppf,no_efference,3,i42/p1234,292945920,940.0
xb0f2ppf,no_efference,3,i42/p1234,297615360,940.0
xb0f2ppf,no_efference,3,i42/p1234,302530560,940.0
xb0f2ppf,no_efference,3,i42/p1234,307200000,941.0
xb0f2ppf,no_efference,3,i42/p1234,312115200,942.0
xb0f2ppf,no_efference,3,i42/p1234,317030400,942.0
xb0f2ppf,no_efference,3,i42/p1234,321699840,942.0
xb0f2ppf,no_efference,3,i42/p1234,326615040,943.0
xb0f2ppf,no_efference,3,i42/p1234,331284480,944.0
xb0f2ppf,no_efference,3,i42/p1234,336199680,944.0
xb0f2ppf,no_efference,3,i42/p1234,340869120,945.0
xb0f2ppf,no_efference,3,i42/p1234,345784320,945.0
xb0f2ppf,no_efference,3,i42/p1234,350453760,946.0
xb0f2ppf,no_efference,3,i42/p1234,355368960,944.0
xb0f2ppf,no_efference,3,i42/p1234,360038400,947.0
xb0f2ppf,no_efference,3,i42/p1234,364953600,946.0
xb0f2ppf,no_efference,3,i42/p1234,369623040,947.0
xb0f2ppf,no_efference,3,i42/p1234,374538240,948.0
xb0f2ppf,no_efference,3,i42/p1234,379207680,948.0
xb0f2ppf,no_efference,3,i42/p1234,384122880,949.0
xb0f2ppf,no_efference,3,i42/p1234,389038080,949.0
xb0f2ppf,no_efference,3,i42/p1234,393707520,949.0
xb0f2ppf,no_efference,3,i42/p1234,398622720,950.0
xb0f2ppf,no_efference,3,i42/p1234,403292160,950.0
xb0f2ppf,no_efference,3,i42/p1234,408207360,951.0
xb0f2ppf,no_efference,3,i42/p1234,412876800,951.0
xb0f2ppf,no_efference,3,i42/p1234,417792000,881.0
xb0f2ppf,no_efference,3,i42/p1234,422461440,936.0
xb0f2ppf,no_efference,3,i42/p1234,427376640,875.0
xb0f2ppf,no_efference,3,i42/p1234,432046080,883.0
xb0f2ppf,no_efference,3,i42/p1234,436961280,882.0
xb0f2ppf,no_efference,3,i42/p1234,441630720,881.0
xb0f2ppf,no_efference,3,i42/p1234,446545920,882.0
xb0f2ppf,no_efference,3,i42/p1234,451215360,884.0
xb0f2ppf,no_efference,3,i42/p1234,456130560,883.0
xb0f2ppf,no_efference,3,i42/p1234,460800000,884.0
xb0f2ppf,no_efference,3,i42/p1234,465715200,493.0
xb0f2ppf,no_efference,3,i42/p1234,470630400,763.0
xb0f2ppf,no_efference,3,i42/p1234,475299840,948.0
xb0f2ppf,no_efference,3,i42/p1234,480215040,947.0
49uc3i4k,no_efference,3,i43/p43,4915200,953.0
49uc3i4k,no_efference,3,i43/p43,9830400,956.0
49uc3i4k,no_efference,3,i43/p43,14499840,960.0
49uc3i4k,no_efference,3,i43/p43,19415040,961.0
49uc3i4k,no_efference,3,i43/p43,24084480,962.0
49uc3i4k,no_efference,3,i43/p43,28999680,963.0
49uc3i4k,no_efference,3,i43/p43,33669120,964.0
49uc3i4k,no_efference,3,i43/p43,38584320,964.0
49uc3i4k,no_efference,3,i43/p43,43253760,965.0
49uc3i4k,no_efference,3,i43/p43,48168960,966.0
49uc3i4k,no_efference,3,i43/p43,52838400,966.0
49uc3i4k,no_efference,3,i43/p43,57753600,966.0
49uc3i4k,no_efference,3,i43/p43,62423040,967.0
49uc3i4k,no_efference,3,i43/p43,67338240,967.0
49uc3i4k,no_efference,3,i43/p43,72007680,967.0
49uc3i4k,no_efference,3,i43/p43,76922880,968.0
49uc3i4k,no_efference,3,i43/p43,81838080,968.0
49uc3i4k,no_efference,3,i43/p43,86507520,969.0
49uc3i4k,no_efference,3,i43/p43,91422720,969.0
49uc3i4k,no_efference,3,i43/p43,96092160,969.0
49uc3i4k,no_efference,3,i43/p43,101007360,970.0
49uc3i4k,no_efference,3,i43/p43,105676800,970.0
49uc3i4k,no_efference,3,i43/p43,110592000,970.0
49uc3i4k,no_efference,3,i43/p43,115261440,970.0
49uc3i4k,no_efference,3,i43/p43,120176640,970.0
49uc3i4k,no_efference,3,i43/p43,124846080,971.0
49uc3i4k,no_efference,3,i43/p43,129761280,971.0
49uc3i4k,no_efference,3,i43/p43,134430720,971.0
49uc3i4k,no_efference,3,i43/p43,139345920,972.0
49uc3i4k,no_efference,3,i43/p43,144015360,972.0
49uc3i4k,no_efference,3,i43/p43,148930560,963.0
49uc3i4k,no_efference,3,i43/p43,153600000,970.0
49uc3i4k,no_efference,3,i43/p43,158515200,970.0
49uc3i4k,no_efference,3,i43/p43,163430400,970.0
49uc3i4k,no_efference,3,i43/p43,168099840,971.0
49uc3i4k,no_efference,3,i43/p43,173015040,971.0
49uc3i4k,no_efference,3,i43/p43,177684480,971.0
49uc3i4k,no_efference,3,i43/p43,182599680,971.0
49uc3i4k,no_efference,3,i43/p43,187269120,971.0
49uc3i4k,no_efference,3,i43/p43,192184320,971.0
49uc3i4k,no_efference,3,i43/p43,196853760,971.0
49uc3i4k,no_efference,3,i43/p43,201768960,971.0
49uc3i4k,no_efference,3,i43/p43,206438400,971.0
49uc3i4k,no_efference,3,i43/p43,211353600,971.0
49uc3i4k,no_efference,3,i43/p43,216023040,972.0
49uc3i4k,no_efference,3,i43/p43,220938240,971.0
49uc3i4k,no_efference,3,i43/p43,225607680,972.0
49uc3i4k,no_efference,3,i43/p43,230522880,972.0
49uc3i4k,no_efference,3,i43/p43,235438080,972.0
49uc3i4k,no_efference,3,i43/p43,240107520,972.0
49uc3i4k,no_efference,3,i43/p43,245022720,972.0
49uc3i4k,no_efference,3,i43/p43,249692160,972.0
49uc3i4k,no_efference,3,i43/p43,254607360,972.0
49uc3i4k,no_efference,3,i43/p43,259276800,0.0
49uc3i4k,no_efference,3,i43/p43,264192000,0.0
49uc3i4k,no_efference,3,i43/p43,268861440,0.0
49uc3i4k,no_efference,3,i43/p43,273776640,0.0
49uc3i4k,no_efference,3,i43/p43,278446080,958.0
49uc3i4k,no_efference,3,i43/p43,283361280,966.0
49uc3i4k,no_efference,3,i43/p43,288030720,966.0
49uc3i4k,no_efference,3,i43/p43,292945920,966.0
49uc3i4k,no_efference,3,i43/p43,297615360,881.0
49uc3i4k,no_efference,3,i43/p43,302530560,884.0
49uc3i4k,no_efference,3,i43/p43,307200000,965.0
49uc3i4k,no_efference,3,i43/p43,312115200,966.0
49uc3i4k,no_efference,3,i43/p43,317030400,968.0
49uc3i4k,no_efference,3,i43/p43,321699840,969.0
49uc3i4k,no_efference,3,i43/p43,326615040,969.0
49uc3i4k,no_efference,3,i43/p43,331284480,969.0
49uc3i4k,no_efference,3,i43/p43,336199680,969.0
49uc3i4k,no_efference,3,i43/p43,340869120,961.0
49uc3i4k,no_efference,3,i43/p43,345784320,952.0
49uc3i4k,no_efference,3,i43/p43,350453760,969.0
49uc3i4k,no_efference,3,i43/p43,355368960,970.0
49uc3i4k,no_efference,3,i43/p43,360038400,970.0
49uc3i4k,no_efference,3,i43/p43,364953600,970.0
49uc3i4k,no_efference,3,i43/p43,369623040,851.0
49uc3i4k,no_efference,3,i43/p43,374538240,972.0
49uc3i4k,no_efference,3,i43/p43,379207680,971.0
49uc3i4k,no_efference,3,i43/p43,384122880,972.0
49uc3i4k,no_efference,3,i43/p43,389038080,970.0
49uc3i4k,no_efference,3,i43/p43,393707520,969.0
49uc3i4k,no_efference,3,i43/p43,398622720,972.0
49uc3i4k,no_efference,3,i43/p43,403292160,972.0
49uc3i4k,no_efference,3,i43/p43,408207360,972.0
49uc3i4k,no_efference,3,i43/p43,412876800,972.0
49uc3i4k,no_efference,3,i43/p43,417792000,972.0
49uc3i4k,no_efference,3,i43/p43,422461440,972.0
49uc3i4k,no_efference,3,i43/p43,427376640,972.0
49uc3i4k,no_efference,3,i43/p43,432046080,972.0
49uc3i4k,no_efference,3,i43/p43,436961280,969.0
49uc3i4k,no_efference,3,i43/p43,441630720,971.0
49uc3i4k,no_efference,3,i43/p43,446545920,955.0
49uc3i4k,no_efference,3,i43/p43,451215360,971.0
49uc3i4k,no_efference,3,i43/p43,456130560,968.0
49uc3i4k,no_efference,3,i43/p43,460800000,972.0
49uc3i4k,no_efference,3,i43/p43,465715200,972.0
49uc3i4k,no_efference,3,i43/p43,470630400,970.0
49uc3i4k,no_efference,3,i43/p43,475299840,971.0
49uc3i4k,no_efference,3,i43/p43,480215040,970.0
z0dyer1w,no_efference,3,i44/p44,4915200,0.0
z0dyer1w,no_efference,3,i44/p44,9830400,0.0
z0dyer1w,no_efference,3,i44/p44,14499840,0.0
z0dyer1w,no_efference,3,i44/p44,19415040,0.0
z0dyer1w,no_efference,3,i44/p44,24084480,0.0
z0dyer1w,no_efference,3,i44/p44,28999680,0.0
z0dyer1w,no_efference,3,i44/p44,33669120,0.0
z0dyer1w,no_efference,3,i44/p44,38584320,0.0
z0dyer1w,no_efference,3,i44/p44,43253760,0.0
z0dyer1w,no_efference,3,i44/p44,48168960,0.0
z0dyer1w,no_efference,3,i44/p44,52838400,0.0
z0dyer1w,no_efference,3,i44/p44,57753600,0.0
z0dyer1w,no_efference,3,i44/p44,62423040,0.0
z0dyer1w,no_efference,3,i44/p44,67338240,0.0
z0dyer1w,no_efference,3,i44/p44,72007680,0.0
z0dyer1w,no_efference,3,i44/p44,76922880,0.0
z0dyer1w,no_efference,3,i44/p44,81838080,0.0
z0dyer1w,no_efference,3,i44/p44,86507520,0.0
z0dyer1w,no_efference,3,i44/p44,91422720,0.0
z0dyer1w,no_efference,3,i44/p44,96092160,0.0
z0dyer1w,no_efference,3,i44/p44,101007360,0.0
z0dyer1w,no_efference,3,i44/p44,105676800,0.0
z0dyer1w,no_efference,3,i44/p44,110592000,0.0
z0dyer1w,no_efference,3,i44/p44,115261440,0.0
z0dyer1w,no_efference,3,i44/p44,120176640,0.0
z0dyer1w,no_efference,3,i44/p44,124846080,2.0
z0dyer1w,no_efference,3,i44/p44,129761280,112.0
z0dyer1w,no_efference,3,i44/p44,134430720,112.0
z0dyer1w,no_efference,3,i44/p44,139345920,0.0
z0dyer1w,no_efference,3,i44/p44,144015360,615.0
z0dyer1w,no_efference,3,i44/p44,148930560,0.0
z0dyer1w,no_efference,3,i44/p44,153600000,0.0
z0dyer1w,no_efference,3,i44/p44,158515200,0.0
z0dyer1w,no_efference,3,i44/p44,163430400,0.0
z0dyer1w,no_efference,3,i44/p44,168099840,577.0
z0dyer1w,no_efference,3,i44/p44,173015040,520.0
z0dyer1w,no_efference,3,i44/p44,177684480,657.0
z0dyer1w,no_efference,3,i44/p44,182599680,912.0
z0dyer1w,no_efference,3,i44/p44,187269120,915.0
z0dyer1w,no_efference,3,i44/p44,192184320,928.0
z0dyer1w,no_efference,3,i44/p44,196853760,934.0
z0dyer1w,no_efference,3,i44/p44,201768960,934.0
z0dyer1w,no_efference,3,i44/p44,206438400,938.0
z0dyer1w,no_efference,3,i44/p44,211353600,940.0
z0dyer1w,no_efference,3,i44/p44,216023040,941.0
z0dyer1w,no_efference,3,i44/p44,220938240,942.0
z0dyer1w,no_efference,3,i44/p44,225607680,943.0
z0dyer1w,no_efference,3,i44/p44,230522880,942.0
z0dyer1w,no_efference,3,i44/p44,235438080,944.0
z0dyer1w,no_efference,3,i44/p44,240107520,944.0
z0dyer1w,no_efference,3,i44/p44,245022720,944.0
z0dyer1w,no_efference,3,i44/p44,249692160,944.0
z0dyer1w,no_efference,3,i44/p44,254607360,945.0
z0dyer1w,no_efference,3,i44/p44,259276800,945.0
z0dyer1w,no_efference,3,i44/p44,264192000,946.0
z0dyer1w,no_efference,3,i44/p44,268861440,942.0
z0dyer1w,no_efference,3,i44/p44,273776640,945.0
z0dyer1w,no_efference,3,i44/p44,278446080,946.0
z0dyer1w,no_efference,3,i44/p44,283361280,947.0
z0dyer1w,no_efference,3,i44/p44,288030720,948.0
z0dyer1w,no_efference,3,i44/p44,292945920,948.0
z0dyer1w,no_efference,3,i44/p44,297615360,949.0
z0dyer1w,no_efference,3,i44/p44,302530560,949.0
z0dyer1w,no_efference,3,i44/p44,307200000,950.0
z0dyer1w,no_efference,3,i44/p44,312115200,950.0
z0dyer1w,no_efference,3,i44/p44,317030400,951.0
z0dyer1w,no_efference,3,i44/p44,321699840,952.0
z0dyer1w,no_efference,3,i44/p44,326615040,952.0
z0dyer1w,no_efference,3,i44/p44,331284480,952.0
z0dyer1w,no_efference,3,i44/p44,336199680,954.0
z0dyer1w,no_efference,3,i44/p44,340869120,954.0
z0dyer1w,no_efference,3,i44/p44,345784320,955.0
z0dyer1w,no_efference,3,i44/p44,350453760,955.0
z0dyer1w,no_efference,3,i44/p44,355368960,955.0
z0dyer1w,no_efference,3,i44/p44,360038400,955.0
z0dyer1w,no_efference,3,i44/p44,364953600,956.0
z0dyer1w,no_efference,3,i44/p44,369623040,952.0
z0dyer1w,no_efference,3,i44/p44,374538240,956.0
z0dyer1w,no_efference,3,i44/p44,379207680,956.0
z0dyer1w,no_efference,3,i44/p44,384122880,957.0
z0dyer1w,no_efference,3,i44/p44,389038080,957.0
z0dyer1w,no_efference,3,i44/p44,393707520,957.0
z0dyer1w,no_efference,3,i44/p44,398622720,957.0
z0dyer1w,no_efference,3,i44/p44,403292160,957.0
z0dyer1w,no_efference,3,i44/p44,408207360,958.0
z0dyer1w,no_efference,3,i44/p44,412876800,958.0
z0dyer1w,no_efference,3,i44/p44,417792000,956.0
z0dyer1w,no_efference,3,i44/p44,422461440,957.0
z0dyer1w,no_efference,3,i44/p44,427376640,957.0
z0dyer1w,no_efference,3,i44/p44,432046080,957.0
z0dyer1w,no_efference,3,i44/p44,436961280,957.0
z0dyer1w,no_efference,3,i44/p44,441630720,956.0
z0dyer1w,no_efference,3,i44/p44,446545920,958.0
z0dyer1w,no_efference,3,i44/p44,451215360,959.0
z0dyer1w,no_efference,3,i44/p44,456130560,960.0
z0dyer1w,no_efference,3,i44/p44,460800000,960.0
z0dyer1w,no_efference,3,i44/p44,465715200,960.0
z0dyer1w,no_efference,3,i44/p44,470630400,958.0
z0dyer1w,no_efference,3,i44/p44,475299840,959.0
z0dyer1w,no_efference,3,i44/p44,480215040,961.0
g1jnfyjl,no_efference,5,i42/p1234,4915200,0.0
g1jnfyjl,no_efference,5,i42/p1234,9830400,922.0
g1jnfyjl,no_efference,5,i42/p1234,14499840,928.0
g1jnfyjl,no_efference,5,i42/p1234,19415040,929.0
g1jnfyjl,no_efference,5,i42/p1234,24084480,930.0
g1jnfyjl,no_efference,5,i42/p1234,28999680,930.0
g1jnfyjl,no_efference,5,i42/p1234,33669120,931.0
g1jnfyjl,no_efference,5,i42/p1234,38584320,931.0
g1jnfyjl,no_efference,5,i42/p1234,43253760,932.0
g1jnfyjl,no_efference,5,i42/p1234,48168960,932.0
g1jnfyjl,no_efference,5,i42/p1234,52838400,933.0
g1jnfyjl,no_efference,5,i42/p1234,57753600,933.0
g1jnfyjl,no_efference,5,i42/p1234,62423040,932.0
g1jnfyjl,no_efference,5,i42/p1234,67338240,933.0
g1jnfyjl,no_efference,5,i42/p1234,72007680,933.0
g1jnfyjl,no_efference,5,i42/p1234,76922880,934.0
g1jnfyjl,no_efference,5,i42/p1234,81838080,934.0
g1jnfyjl,no_efference,5,i42/p1234,86507520,934.0
g1jnfyjl,no_efference,5,i42/p1234,91422720,936.0
g1jnfyjl,no_efference,5,i42/p1234,96092160,937.0
g1jnfyjl,no_efference,5,i42/p1234,101007360,936.0
g1jnfyjl,no_efference,5,i42/p1234,105676800,938.0
g1jnfyjl,no_efference,5,i42/p1234,110592000,938.0
g1jnfyjl,no_efference,5,i42/p1234,115261440,937.0
g1jnfyjl,no_efference,5,i42/p1234,120176640,938.0
g1jnfyjl,no_efference,5,i42/p1234,124846080,937.0
g1jnfyjl,no_efference,5,i42/p1234,129761280,938.0
g1jnfyjl,no_efference,5,i42/p1234,134430720,938.0
g1jnfyjl,no_efference,5,i42/p1234,139345920,938.0
g1jnfyjl,no_efference,5,i42/p1234,144015360,938.0
g1jnfyjl,no_efference,5,i42/p1234,148930560,938.0
g1jnfyjl,no_efference,5,i42/p1234,153600000,938.0
g1jnfyjl,no_efference,5,i42/p1234,158515200,938.0
g1jnfyjl,no_efference,5,i42/p1234,163430400,938.0
g1jnfyjl,no_efference,5,i42/p1234,168099840,938.0
g1jnfyjl,no_efference,5,i42/p1234,173015040,938.0
g1jnfyjl,no_efference,5,i42/p1234,177684480,938.0
g1jnfyjl,no_efference,5,i42/p1234,182599680,938.0
g1jnfyjl,no_efference,5,i42/p1234,187269120,938.0
g1jnfyjl,no_efference,5,i42/p1234,192184320,938.0
g1jnfyjl,no_efference,5,i42/p1234,196853760,939.0
g1jnfyjl,no_efference,5,i42/p1234,201768960,938.0
g1jnfyjl,no_efference,5,i42/p1234,206438400,939.0
g1jnfyjl,no_efference,5,i42/p1234,211353600,939.0
g1jnfyjl,no_efference,5,i42/p1234,216023040,939.0
g1jnfyjl,no_efference,5,i42/p1234,220938240,939.0
g1jnfyjl,no_efference,5,i42/p1234,225607680,939.0
g1jnfyjl,no_efference,5,i42/p1234,230522880,939.0
g1jnfyjl,no_efference,5,i42/p1234,235438080,939.0
g1jnfyjl,no_efference,5,i42/p1234,240107520,939.0
g1jnfyjl,no_efference,5,i42/p1234,245022720,939.0
g1jnfyjl,no_efference,5,i42/p1234,249692160,939.0
g1jnfyjl,no_efference,5,i42/p1234,254607360,940.0
g1jnfyjl,no_efference,5,i42/p1234,259276800,940.0
g1jnfyjl,no_efference,5,i42/p1234,264192000,940.0
g1jnfyjl,no_efference,5,i42/p1234,268861440,901.0
g1jnfyjl,no_efference,5,i42/p1234,273776640,901.0
g1jnfyjl,no_efference,5,i42/p1234,278446080,902.0
g1jnfyjl,no_efference,5,i42/p1234,283361280,902.0
g1jnfyjl,no_efference,5,i42/p1234,288030720,902.0
g1jnfyjl,no_efference,5,i42/p1234,292945920,902.0
g1jnfyjl,no_efference,5,i42/p1234,297615360,902.0
g1jnfyjl,no_efference,5,i42/p1234,302530560,902.0
g1jnfyjl,no_efference,5,i42/p1234,307200000,903.0
g1jnfyjl,no_efference,5,i42/p1234,312115200,904.0
g1jnfyjl,no_efference,5,i42/p1234,317030400,905.0
g1jnfyjl,no_efference,5,i42/p1234,321699840,905.0
g1jnfyjl,no_efference,5,i42/p1234,326615040,904.0
g1jnfyjl,no_efference,5,i42/p1234,331284480,906.0
g1jnfyjl,no_efference,5,i42/p1234,336199680,907.0
g1jnfyjl,no_efference,5,i42/p1234,340869120,908.0
g1jnfyjl,no_efference,5,i42/p1234,345784320,908.0
g1jnfyjl,no_efference,5,i42/p1234,350453760,908.0
g1jnfyjl,no_efference,5,i42/p1234,355368960,909.0
g1jnfyjl,no_efference,5,i42/p1234,360038400,908.0
g1jnfyjl,no_efference,5,i42/p1234,364953600,908.0
g1jnfyjl,no_efference,5,i42/p1234,369623040,908.0
g1jnfyjl,no_efference,5,i42/p1234,374538240,910.0
g1jnfyjl,no_efference,5,i42/p1234,379207680,910.0
g1jnfyjl,no_efference,5,i42/p1234,384122880,910.0
g1jnfyjl,no_efference,5,i42/p1234,389038080,911.0
g1jnfyjl,no_efference,5,i42/p1234,393707520,911.0
g1jnfyjl,no_efference,5,i42/p1234,398622720,911.0
g1jnfyjl,no_efference,5,i42/p1234,403292160,912.0
g1jnfyjl,no_efference,5,i42/p1234,408207360,912.0
g1jnfyjl,no_efference,5,i42/p1234,412876800,913.0
g1jnfyjl,no_efference,5,i42/p1234,417792000,913.0
g1jnfyjl,no_efference,5,i42/p1234,422461440,913.0
g1jnfyjl,no_efference,5,i42/p1234,427376640,913.0
g1jnfyjl,no_efference,5,i42/p1234,432046080,914.0
g1jnfyjl,no_efference,5,i42/p1234,436961280,914.0
g1jnfyjl,no_efference,5,i42/p1234,441630720,914.0
g1jnfyjl,no_efference,5,i42/p1234,446545920,914.0
g1jnfyjl,no_efference,5,i42/p1234,451215360,914.0
g1jnfyjl,no_efference,5,i42/p1234,456130560,915.0
g1jnfyjl,no_efference,5,i42/p1234,460800000,915.0
g1jnfyjl,no_efference,5,i42/p1234,465715200,915.0
g1jnfyjl,no_efference,5,i42/p1234,470630400,915.0
g1jnfyjl,no_efference,5,i42/p1234,475299840,915.0
g1jnfyjl,no_efference,5,i42/p1234,480215040,916.0
gemuxlq8,no_efference,5,i43/p43,4915200,0.0
gemuxlq8,no_efference,5,i43/p43,9830400,954.0
gemuxlq8,no_efference,5,i43/p43,14499840,959.0
gemuxlq8,no_efference,5,i43/p43,19415040,960.0
gemuxlq8,no_efference,5,i43/p43,24084480,962.0
gemuxlq8,no_efference,5,i43/p43,28999680,964.0
gemuxlq8,no_efference,5,i43/p43,33669120,965.0
gemuxlq8,no_efference,5,i43/p43,38584320,966.0
gemuxlq8,no_efference,5,i43/p43,43253760,968.0
gemuxlq8,no_efference,5,i43/p43,48168960,968.0
gemuxlq8,no_efference,5,i43/p43,52838400,968.0
gemuxlq8,no_efference,5,i43/p43,57753600,969.0
gemuxlq8,no_efference,5,i43/p43,62423040,969.0
gemuxlq8,no_efference,5,i43/p43,67338240,968.0
gemuxlq8,no_efference,5,i43/p43,72007680,969.0
gemuxlq8,no_efference,5,i43/p43,76922880,969.0
gemuxlq8,no_efference,5,i43/p43,81838080,969.0
gemuxlq8,no_efference,5,i43/p43,86507520,969.0
gemuxlq8,no_efference,5,i43/p43,91422720,969.0
gemuxlq8,no_efference,5,i43/p43,96092160,970.0
gemuxlq8,no_efference,5,i43/p43,101007360,970.0
gemuxlq8,no_efference,5,i43/p43,105676800,968.0
gemuxlq8,no_efference,5,i43/p43,110592000,969.0
gemuxlq8,no_efference,5,i43/p43,115261440,970.0
gemuxlq8,no_efference,5,i43/p43,120176640,970.0
gemuxlq8,no_efference,5,i43/p43,124846080,967.0
gemuxlq8,no_efference,5,i43/p43,129761280,970.0
gemuxlq8,no_efference,5,i43/p43,134430720,971.0
gemuxlq8,no_efference,5,i43/p43,139345920,971.0
gemuxlq8,no_efference,5,i43/p43,144015360,971.0
gemuxlq8,no_efference,5,i43/p43,148930560,971.0
gemuxlq8,no_efference,5,i43/p43,153600000,971.0
gemuxlq8,no_efference,5,i43/p43,158515200,972.0
gemuxlq8,no_efference,5,i43/p43,163430400,972.0
gemuxlq8,no_efference,5,i43/p43,168099840,972.0
gemuxlq8,no_efference,5,i43/p43,173015040,972.0
gemuxlq8,no_efference,5,i43/p43,177684480,253.0
gemuxlq8,no_efference,5,i43/p43,182599680,0.0
gemuxlq8,no_efference,5,i43/p43,187269120,921.0
gemuxlq8,no_efference,5,i43/p43,192184320,968.0
gemuxlq8,no_efference,5,i43/p43,196853760,968.0
gemuxlq8,no_efference,5,i43/p43,201768960,969.0
gemuxlq8,no_efference,5,i43/p43,206438400,969.0
gemuxlq8,no_efference,5,i43/p43,211353600,968.0
gemuxlq8,no_efference,5,i43/p43,216023040,968.0
gemuxlq8,no_efference,5,i43/p43,220938240,970.0
gemuxlq8,no_efference,5,i43/p43,225607680,748.0
gemuxlq8,no_efference,5,i43/p43,230522880,933.0
gemuxlq8,no_efference,5,i43/p43,235438080,936.0
gemuxlq8,no_efference,5,i43/p43,240107520,934.0
gemuxlq8,no_efference,5,i43/p43,245022720,0.0
gemuxlq8,no_efference,5,i43/p43,249692160,0.0
gemuxlq8,no_efference,5,i43/p43,254607360,936.0
gemuxlq8,no_efference,5,i43/p43,259276800,937.0
gemuxlq8,no_efference,5,i43/p43,264192000,938.0
gemuxlq8,no_efference,5,i43/p43,268861440,938.0
gemuxlq8,no_efference,5,i43/p43,273776640,939.0
gemuxlq8,no_efference,5,i43/p43,278446080,940.0
gemuxlq8,no_efference,5,i43/p43,283361280,940.0
gemuxlq8,no_efference,5,i43/p43,288030720,940.0
gemuxlq8,no_efference,5,i43/p43,292945920,940.0
gemuxlq8,no_efference,5,i43/p43,297615360,941.0
gemuxlq8,no_efference,5,i43/p43,302530560,940.0
gemuxlq8,no_efference,5,i43/p43,307200000,940.0
gemuxlq8,no_efference,5,i43/p43,312115200,940.0
gemuxlq8,no_efference,5,i43/p43,317030400,939.0
gemuxlq8,no_efference,5,i43/p43,321699840,940.0
gemuxlq8,no_efference,5,i43/p43,326615040,941.0
gemuxlq8,no_efference,5,i43/p43,331284480,941.0
gemuxlq8,no_efference,5,i43/p43,336199680,942.0
gemuxlq8,no_efference,5,i43/p43,340869120,942.0
gemuxlq8,no_efference,5,i43/p43,345784320,943.0
gemuxlq8,no_efference,5,i43/p43,350453760,943.0
gemuxlq8,no_efference,5,i43/p43,355368960,0.0
gemuxlq8,no_efference,5,i43/p43,360038400,855.0
gemuxlq8,no_efference,5,i43/p43,364953600,758.0
gemuxlq8,no_efference,5,i43/p43,369623040,900.0
gemuxlq8,no_efference,5,i43/p43,374538240,936.0
gemuxlq8,no_efference,5,i43/p43,379207680,937.0
gemuxlq8,no_efference,5,i43/p43,384122880,937.0
gemuxlq8,no_efference,5,i43/p43,389038080,937.0
gemuxlq8,no_efference,5,i43/p43,393707520,937.0
gemuxlq8,no_efference,5,i43/p43,398622720,937.0
gemuxlq8,no_efference,5,i43/p43,403292160,938.0
gemuxlq8,no_efference,5,i43/p43,408207360,938.0
gemuxlq8,no_efference,5,i43/p43,412876800,938.0
gemuxlq8,no_efference,5,i43/p43,417792000,939.0
gemuxlq8,no_efference,5,i43/p43,422461440,939.0
gemuxlq8,no_efference,5,i43/p43,427376640,939.0
gemuxlq8,no_efference,5,i43/p43,432046080,939.0
gemuxlq8,no_efference,5,i43/p43,436961280,940.0
gemuxlq8,no_efference,5,i43/p43,441630720,941.0
gemuxlq8,no_efference,5,i43/p43,446545920,942.0
gemuxlq8,no_efference,5,i43/p43,451215360,943.0
gemuxlq8,no_efference,5,i43/p43,456130560,943.0
gemuxlq8,no_efference,5,i43/p43,460800000,944.0
gemuxlq8,no_efference,5,i43/p43,465715200,944.0
gemuxlq8,no_efference,5,i43/p43,470630400,944.0
gemuxlq8,no_efference,5,i43/p43,475299840,945.0
gemuxlq8,no_efference,5,i43/p43,480215040,945.0
qnrxlmwt,no_efference,5,i44/p44,4915200,0.0
qnrxlmwt,no_efference,5,i44/p44,9830400,0.0
qnrxlmwt,no_efference,5,i44/p44,14499840,0.0
qnrxlmwt,no_efference,5,i44/p44,19415040,0.0
qnrxlmwt,no_efference,5,i44/p44,24084480,0.0
qnrxlmwt,no_efference,5,i44/p44,28999680,0.0
qnrxlmwt,no_efference,5,i44/p44,33669120,0.0
qnrxlmwt,no_efference,5,i44/p44,38584320,0.0
qnrxlmwt,no_efference,5,i44/p44,43253760,0.0
qnrxlmwt,no_efference,5,i44/p44,48168960,0.0
qnrxlmwt,no_efference,5,i44/p44,52838400,0.0
qnrxlmwt,no_efference,5,i44/p44,57753600,0.0
qnrxlmwt,no_efference,5,i44/p44,62423040,0.0
qnrxlmwt,no_efference,5,i44/p44,67338240,0.0
qnrxlmwt,no_efference,5,i44/p44,72007680,0.0
qnrxlmwt,no_efference,5,i44/p44,76922880,0.0
qnrxlmwt,no_efference,5,i44/p44,81838080,0.0
qnrxlmwt,no_efference,5,i44/p44,86507520,0.0
qnrxlmwt,no_efference,5,i44/p44,91422720,0.0
qnrxlmwt,no_efference,5,i44/p44,96092160,0.0
qnrxlmwt,no_efference,5,i44/p44,101007360,0.0
qnrxlmwt,no_efference,5,i44/p44,105676800,0.0
qnrxlmwt,no_efference,5,i44/p44,110592000,0.0
qnrxlmwt,no_efference,5,i44/p44,115261440,0.0
qnrxlmwt,no_efference,5,i44/p44,120176640,0.0
qnrxlmwt,no_efference,5,i44/p44,124846080,0.0
qnrxlmwt,no_efference,5,i44/p44,129761280,0.0
qnrxlmwt,no_efference,5,i44/p44,134430720,0.0
qnrxlmwt,no_efference,5,i44/p44,139345920,0.0
qnrxlmwt,no_efference,5,i44/p44,144015360,0.0
qnrxlmwt,no_efference,5,i44/p44,148930560,0.0
qnrxlmwt,no_efference,5,i44/p44,153600000,0.0
qnrxlmwt,no_efference,5,i44/p44,158515200,0.0
qnrxlmwt,no_efference,5,i44/p44,163430400,0.0
qnrxlmwt,no_efference,5,i44/p44,168099840,0.0
qnrxlmwt,no_efference,5,i44/p44,173015040,0.0
qnrxlmwt,no_efference,5,i44/p44,177684480,0.0
qnrxlmwt,no_efference,5,i44/p44,182599680,0.0
qnrxlmwt,no_efference,5,i44/p44,187269120,0.0
qnrxlmwt,no_efference,5,i44/p44,192184320,0.0
qnrxlmwt,no_efference,5,i44/p44,196853760,0.0
qnrxlmwt,no_efference,5,i44/p44,201768960,0.0
qnrxlmwt,no_efference,5,i44/p44,206438400,0.0
qnrxlmwt,no_efference,5,i44/p44,211353600,0.0
qnrxlmwt,no_efference,5,i44/p44,216023040,0.0
qnrxlmwt,no_efference,5,i44/p44,220938240,0.0
qnrxlmwt,no_efference,5,i44/p44,225607680,0.0
qnrxlmwt,no_efference,5,i44/p44,230522880,0.0
qnrxlmwt,no_efference,5,i44/p44,235438080,0.0
qnrxlmwt,no_efference,5,i44/p44,240107520,0.0
qnrxlmwt,no_efference,5,i44/p44,245022720,0.0
qnrxlmwt,no_efference,5,i44/p44,249692160,0.0
qnrxlmwt,no_efference,5,i44/p44,254607360,0.0
qnrxlmwt,no_efference,5,i44/p44,259276800,0.0
qnrxlmwt,no_efference,5,i44/p44,264192000,0.0
qnrxlmwt,no_efference,5,i44/p44,268861440,0.0
qnrxlmwt,no_efference,5,i44/p44,273776640,0.0
qnrxlmwt,no_efference,5,i44/p44,278446080,0.0
qnrxlmwt,no_efference,5,i44/p44,283361280,0.0
qnrxlmwt,no_efference,5,i44/p44,288030720,0.0
qnrxlmwt,no_efference,5,i44/p44,292945920,0.0
qnrxlmwt,no_efference,5,i44/p44,297615360,0.0
qnrxlmwt,no_efference,5,i44/p44,302530560,0.0
qnrxlmwt,no_efference,5,i44/p44,307200000,0.0
qnrxlmwt,no_efference,5,i44/p44,312115200,0.0
qnrxlmwt,no_efference,5,i44/p44,317030400,0.0
qnrxlmwt,no_efference,5,i44/p44,321699840,0.0
qnrxlmwt,no_efference,5,i44/p44,326615040,0.0
qnrxlmwt,no_efference,5,i44/p44,331284480,0.0
qnrxlmwt,no_efference,5,i44/p44,336199680,0.0
qnrxlmwt,no_efference,5,i44/p44,340869120,0.0
qnrxlmwt,no_efference,5,i44/p44,345784320,0.0
qnrxlmwt,no_efference,5,i44/p44,350453760,0.0
qnrxlmwt,no_efference,5,i44/p44,355368960,0.0
qnrxlmwt,no_efference,5,i44/p44,360038400,0.0
qnrxlmwt,no_efference,5,i44/p44,364953600,0.0
qnrxlmwt,no_efference,5,i44/p44,369623040,0.0
qnrxlmwt,no_efference,5,i44/p44,374538240,0.0
qnrxlmwt,no_efference,5,i44/p44,379207680,0.0
qnrxlmwt,no_efference,5,i44/p44,384122880,0.0
qnrxlmwt,no_efference,5,i44/p44,389038080,0.0
qnrxlmwt,no_efference,5,i44/p44,393707520,0.0
qnrxlmwt,no_efference,5,i44/p44,398622720,0.0
qnrxlmwt,no_efference,5,i44/p44,403292160,0.0
qnrxlmwt,no_efference,5,i44/p44,408207360,0.0
qnrxlmwt,no_efference,5,i44/p44,412876800,0.0
qnrxlmwt,no_efference,5,i44/p44,417792000,0.0
qnrxlmwt,no_efference,5,i44/p44,422461440,0.0
qnrxlmwt,no_efference,5,i44/p44,427376640,0.0
qnrxlmwt,no_efference,5,i44/p44,432046080,0.0
qnrxlmwt,no_efference,5,i44/p44,436961280,0.0
qnrxlmwt,no_efference,5,i44/p44,441630720,0.0
qnrxlmwt,no_efference,5,i44/p44,446545920,0.0
qnrxlmwt,no_efference,5,i44/p44,451215360,0.0
qnrxlmwt,no_efference,5,i44/p44,456130560,0.0
qnrxlmwt,no_efference,5,i44/p44,460800000,0.0
qnrxlmwt,no_efference,5,i44/p44,465715200,0.0
qnrxlmwt,no_efference,5,i44/p44,470630400,0.0
qnrxlmwt,no_efference,5,i44/p44,475299840,0.0
qnrxlmwt,no_efference,5,i44/p44,480215040,0.0
npbexcen,no_efference,7,i42/p1234,4915200,814.0
npbexcen,no_efference,7,i42/p1234,9830400,930.0
npbexcen,no_efference,7,i42/p1234,14499840,935.0
npbexcen,no_efference,7,i42/p1234,19415040,936.0
npbexcen,no_efference,7,i42/p1234,24084480,939.0
npbexcen,no_efference,7,i42/p1234,28999680,942.0
npbexcen,no_efference,7,i42/p1234,33669120,942.0
npbexcen,no_efference,7,i42/p1234,38584320,943.0
npbexcen,no_efference,7,i42/p1234,43253760,944.0
npbexcen,no_efference,7,i42/p1234,48168960,495.0
npbexcen,no_efference,7,i42/p1234,52838400,944.0
npbexcen,no_efference,7,i42/p1234,57753600,943.0
npbexcen,no_efference,7,i42/p1234,62423040,943.0
npbexcen,no_efference,7,i42/p1234,67338240,943.0
npbexcen,no_efference,7,i42/p1234,72007680,944.0
npbexcen,no_efference,7,i42/p1234,76922880,944.0
npbexcen,no_efference,7,i42/p1234,81838080,943.0
npbexcen,no_efference,7,i42/p1234,86507520,944.0
npbexcen,no_efference,7,i42/p1234,91422720,944.0
npbexcen,no_efference,7,i42/p1234,96092160,944.0
npbexcen,no_efference,7,i42/p1234,101007360,944.0
npbexcen,no_efference,7,i42/p1234,105676800,944.0
npbexcen,no_efference,7,i42/p1234,110592000,944.0
npbexcen,no_efference,7,i42/p1234,115261440,944.0
npbexcen,no_efference,7,i42/p1234,120176640,942.0
npbexcen,no_efference,7,i42/p1234,124846080,942.0
npbexcen,no_efference,7,i42/p1234,129761280,373.0
npbexcen,no_efference,7,i42/p1234,134430720,849.0
npbexcen,no_efference,7,i42/p1234,139345920,851.0
npbexcen,no_efference,7,i42/p1234,144015360,850.0
npbexcen,no_efference,7,i42/p1234,148930560,808.0
npbexcen,no_efference,7,i42/p1234,153600000,915.0
npbexcen,no_efference,7,i42/p1234,158515200,916.0
npbexcen,no_efference,7,i42/p1234,163430400,917.0
npbexcen,no_efference,7,i42/p1234,168099840,919.0
npbexcen,no_efference,7,i42/p1234,173015040,919.0
npbexcen,no_efference,7,i42/p1234,177684480,918.0
npbexcen,no_efference,7,i42/p1234,182599680,921.0
npbexcen,no_efference,7,i42/p1234,187269120,920.0
npbexcen,no_efference,7,i42/p1234,192184320,923.0
npbexcen,no_efference,7,i42/p1234,196853760,924.0
npbexcen,no_efference,7,i42/p1234,201768960,925.0
npbexcen,no_efference,7,i42/p1234,206438400,925.0
npbexcen,no_efference,7,i42/p1234,211353600,925.0
npbexcen,no_efference,7,i42/p1234,216023040,925.0
npbexcen,no_efference,7,i42/p1234,220938240,926.0
npbexcen,no_efference,7,i42/p1234,225607680,926.0
npbexcen,no_efference,7,i42/p1234,230522880,927.0
npbexcen,no_efference,7,i42/p1234,235438080,927.0
npbexcen,no_efference,7,i42/p1234,240107520,927.0
npbexcen,no_efference,7,i42/p1234,245022720,925.0
npbexcen,no_efference,7,i42/p1234,249692160,925.0
npbexcen,no_efference,7,i42/p1234,254607360,925.0
npbexcen,no_efference,7,i42/p1234,259276800,927.0
npbexcen,no_efference,7,i42/p1234,264192000,926.0
npbexcen,no_efference,7,i42/p1234,268861440,926.0
npbexcen,no_efference,7,i42/p1234,273776640,927.0
npbexcen,no_efference,7,i42/p1234,278446080,926.0
npbexcen,no_efference,7,i42/p1234,283361280,926.0
npbexcen,no_efference,7,i42/p1234,288030720,929.0
npbexcen,no_efference,7,i42/p1234,292945920,929.0
npbexcen,no_efference,7,i42/p1234,297615360,929.0
npbexcen,no_efference,7,i42/p1234,302530560,929.0
npbexcen,no_efference,7,i42/p1234,307200000,929.0
npbexcen,no_efference,7,i42/p1234,312115200,929.0
npbexcen,no_efference,7,i42/p1234,317030400,929.0
npbexcen,no_efference,7,i42/p1234,321699840,929.0
npbexcen,no_efference,7,i42/p1234,326615040,929.0
npbexcen,no_efference,7,i42/p1234,331284480,929.0
npbexcen,no_efference,7,i42/p1234,336199680,929.0
npbexcen,no_efference,7,i42/p1234,340869120,928.0
npbexcen,no_efference,7,i42/p1234,345784320,929.0
npbexcen,no_efference,7,i42/p1234,350453760,929.0
npbexcen,no_efference,7,i42/p1234,355368960,929.0
npbexcen,no_efference,7,i42/p1234,360038400,929.0
npbexcen,no_efference,7,i42/p1234,364953600,918.0
npbexcen,no_efference,7,i42/p1234,369623040,927.0
npbexcen,no_efference,7,i42/p1234,374538240,927.0
npbexcen,no_efference,7,i42/p1234,379207680,928.0
npbexcen,no_efference,7,i42/p1234,384122880,929.0
npbexcen,no_efference,7,i42/p1234,389038080,929.0
npbexcen,no_efference,7,i42/p1234,393707520,929.0
npbexcen,no_efference,7,i42/p1234,398622720,928.0
npbexcen,no_efference,7,i42/p1234,403292160,928.0
npbexcen,no_efference,7,i42/p1234,408207360,928.0
npbexcen,no_efference,7,i42/p1234,412876800,929.0
npbexcen,no_efference,7,i42/p1234,417792000,929.0
npbexcen,no_efference,7,i42/p1234,422461440,929.0
npbexcen,no_efference,7,i42/p1234,427376640,930.0
npbexcen,no_efference,7,i42/p1234,432046080,929.0
npbexcen,no_efference,7,i42/p1234,436961280,931.0
npbexcen,no_efference,7,i42/p1234,441630720,931.0
npbexcen,no_efference,7,i42/p1234,446545920,931.0
npbexcen,no_efference,7,i42/p1234,451215360,932.0
npbexcen,no_efference,7,i42/p1234,456130560,933.0
npbexcen,no_efference,7,i42/p1234,460800000,934.0
npbexcen,no_efference,7,i42/p1234,465715200,934.0
npbexcen,no_efference,7,i42/p1234,470630400,934.0
npbexcen,no_efference,7,i42/p1234,475299840,934.0
npbexcen,no_efference,7,i42/p1234,480215040,935.0
9aieqvj5,no_efference,7,i43/p43,4915200,831.0
9aieqvj5,no_efference,7,i43/p43,9830400,950.0
9aieqvj5,no_efference,7,i43/p43,14499840,955.0
9aieqvj5,no_efference,7,i43/p43,19415040,958.0
9aieqvj5,no_efference,7,i43/p43,24084480,960.0
9aieqvj5,no_efference,7,i43/p43,28999680,961.0
9aieqvj5,no_efference,7,i43/p43,33669120,0.0
9aieqvj5,no_efference,7,i43/p43,38584320,959.0
9aieqvj5,no_efference,7,i43/p43,43253760,961.0
9aieqvj5,no_efference,7,i43/p43,48168960,962.0
9aieqvj5,no_efference,7,i43/p43,52838400,962.0
9aieqvj5,no_efference,7,i43/p43,57753600,885.0
9aieqvj5,no_efference,7,i43/p43,62423040,953.0
9aieqvj5,no_efference,7,i43/p43,67338240,960.0
9aieqvj5,no_efference,7,i43/p43,72007680,961.0
9aieqvj5,no_efference,7,i43/p43,76922880,961.0
9aieqvj5,no_efference,7,i43/p43,81838080,906.0
9aieqvj5,no_efference,7,i43/p43,86507520,767.0
9aieqvj5,no_efference,7,i43/p43,91422720,845.0
9aieqvj5,no_efference,7,i43/p43,96092160,901.0
9aieqvj5,no_efference,7,i43/p43,101007360,903.0
9aieqvj5,no_efference,7,i43/p43,105676800,899.0
9aieqvj5,no_efference,7,i43/p43,110592000,904.0
9aieqvj5,no_efference,7,i43/p43,115261440,903.0
9aieqvj5,no_efference,7,i43/p43,120176640,907.0
9aieqvj5,no_efference,7,i43/p43,124846080,912.0
9aieqvj5,no_efference,7,i43/p43,129761280,913.0
9aieqvj5,no_efference,7,i43/p43,134430720,909.0
9aieqvj5,no_efference,7,i43/p43,139345920,912.0
9aieqvj5,no_efference,7,i43/p43,144015360,0.0
9aieqvj5,no_efference,7,i43/p43,148930560,621.0
9aieqvj5,no_efference,7,i43/p43,153600000,905.0
9aieqvj5,no_efference,7,i43/p43,158515200,913.0
9aieqvj5,no_efference,7,i43/p43,163430400,916.0
9aieqvj5,no_efference,7,i43/p43,168099840,917.0
9aieqvj5,no_efference,7,i43/p43,173015040,901.0
9aieqvj5,no_efference,7,i43/p43,177684480,915.0
9aieqvj5,no_efference,7,i43/p43,182599680,916.0
9aieqvj5,no_efference,7,i43/p43,187269120,915.0
9aieqvj5,no_efference,7,i43/p43,192184320,917.0
9aieqvj5,no_efference,7,i43/p43,196853760,918.0
9aieqvj5,no_efference,7,i43/p43,201768960,918.0
9aieqvj5,no_efference,7,i43/p43,206438400,919.0
9aieqvj5,no_efference,7,i43/p43,211353600,919.0
9aieqvj5,no_efference,7,i43/p43,216023040,919.0
9aieqvj5,no_efference,7,i43/p43,220938240,915.0
9aieqvj5,no_efference,7,i43/p43,225607680,918.0
9aieqvj5,no_efference,7,i43/p43,230522880,919.0
9aieqvj5,no_efference,7,i43/p43,235438080,921.0
9aieqvj5,no_efference,7,i43/p43,240107520,923.0
9aieqvj5,no_efference,7,i43/p43,245022720,923.0
9aieqvj5,no_efference,7,i43/p43,249692160,924.0
9aieqvj5,no_efference,7,i43/p43,254607360,924.0
9aieqvj5,no_efference,7,i43/p43,259276800,924.0
9aieqvj5,no_efference,7,i43/p43,264192000,924.0
9aieqvj5,no_efference,7,i43/p43,268861440,924.0
9aieqvj5,no_efference,7,i43/p43,273776640,922.0
9aieqvj5,no_efference,7,i43/p43,278446080,921.0
9aieqvj5,no_efference,7,i43/p43,283361280,924.0
9aieqvj5,no_efference,7,i43/p43,288030720,924.0
9aieqvj5,no_efference,7,i43/p43,292945920,924.0
9aieqvj5,no_efference,7,i43/p43,297615360,924.0
9aieqvj5,no_efference,7,i43/p43,302530560,924.0
9aieqvj5,no_efference,7,i43/p43,307200000,925.0
9aieqvj5,no_efference,7,i43/p43,312115200,925.0
9aieqvj5,no_efference,7,i43/p43,317030400,925.0
9aieqvj5,no_efference,7,i43/p43,321699840,926.0
9aieqvj5,no_efference,7,i43/p43,326615040,0.0
9aieqvj5,no_efference,7,i43/p43,331284480,919.0
9aieqvj5,no_efference,7,i43/p43,336199680,929.0
9aieqvj5,no_efference,7,i43/p43,340869120,931.0
9aieqvj5,no_efference,7,i43/p43,345784320,931.0
9aieqvj5,no_efference,7,i43/p43,350453760,931.0
9aieqvj5,no_efference,7,i43/p43,355368960,931.0
9aieqvj5,no_efference,7,i43/p43,360038400,931.0
9aieqvj5,no_efference,7,i43/p43,364953600,931.0
9aieqvj5,no_efference,7,i43/p43,369623040,916.0
9aieqvj5,no_efference,7,i43/p43,374538240,932.0
9aieqvj5,no_efference,7,i43/p43,379207680,932.0
9aieqvj5,no_efference,7,i43/p43,384122880,931.0
9aieqvj5,no_efference,7,i43/p43,389038080,932.0
9aieqvj5,no_efference,7,i43/p43,393707520,918.0
9aieqvj5,no_efference,7,i43/p43,398622720,921.0
9aieqvj5,no_efference,7,i43/p43,403292160,932.0
9aieqvj5,no_efference,7,i43/p43,408207360,932.0
9aieqvj5,no_efference,7,i43/p43,412876800,932.0
9aieqvj5,no_efference,7,i43/p43,417792000,932.0
9aieqvj5,no_efference,7,i43/p43,422461440,931.0
9aieqvj5,no_efference,7,i43/p43,427376640,929.0
9aieqvj5,no_efference,7,i43/p43,432046080,931.0
9aieqvj5,no_efference,7,i43/p43,436961280,933.0
9aieqvj5,no_efference,7,i43/p43,441630720,933.0
9aieqvj5,no_efference,7,i43/p43,446545920,932.0
9aieqvj5,no_efference,7,i43/p43,451215360,933.0
9aieqvj5,no_efference,7,i43/p43,456130560,932.0
9aieqvj5,no_efference,7,i43/p43,460800000,933.0
9aieqvj5,no_efference,7,i43/p43,465715200,933.0
9aieqvj5,no_efference,7,i43/p43,470630400,933.0
9aieqvj5,no_efference,7,i43/p43,475299840,933.0
9aieqvj5,no_efference,7,i43/p43,480215040,934.0
ce36d45p,no_efference,7,i44/p44,4915200,0.0
ce36d45p,no_efference,7,i44/p44,9830400,0.0
ce36d45p,no_efference,7,i44/p44,14499840,0.0
ce36d45p,no_efference,7,i44/p44,19415040,0.0
ce36d45p,no_efference,7,i44/p44,24084480,0.0
ce36d45p,no_efference,7,i44/p44,28999680,0.0
ce36d45p,no_efference,7,i44/p44,33669120,0.0
ce36d45p,no_efference,7,i44/p44,38584320,0.0
ce36d45p,no_efference,7,i44/p44,43253760,0.0
ce36d45p,no_efference,7,i44/p44,48168960,0.0
ce36d45p,no_efference,7,i44/p44,52838400,0.0
ce36d45p,no_efference,7,i44/p44,57753600,0.0
ce36d45p,no_efference,7,i44/p44,62423040,0.0
ce36d45p,no_efference,7,i44/p44,67338240,0.0
ce36d45p,no_efference,7,i44/p44,72007680,0.0
ce36d45p,no_efference,7,i44/p44,76922880,0.0
ce36d45p,no_efference,7,i44/p44,81838080,0.0
ce36d45p,no_efference,7,i44/p44,86507520,0.0
ce36d45p,no_efference,7,i44/p44,91422720,0.0
ce36d45p,no_efference,7,i44/p44,96092160,0.0
ce36d45p,no_efference,7,i44/p44,101007360,0.0
ce36d45p,no_efference,7,i44/p44,105676800,0.0
ce36d45p,no_efference,7,i44/p44,110592000,0.0
ce36d45p,no_efference,7,i44/p44,115261440,0.0
ce36d45p,no_efference,7,i44/p44,120176640,0.0
ce36d45p,no_efference,7,i44/p44,124846080,0.0
ce36d45p,no_efference,7,i44/p44,129761280,0.0
ce36d45p,no_efference,7,i44/p44,134430720,0.0
ce36d45p,no_efference,7,i44/p44,139345920,0.0
ce36d45p,no_efference,7,i44/p44,144015360,872.0
ce36d45p,no_efference,7,i44/p44,148930560,867.0
ce36d45p,no_efference,7,i44/p44,153600000,932.0
ce36d45p,no_efference,7,i44/p44,158515200,932.0
ce36d45p,no_efference,7,i44/p44,163430400,933.0
ce36d45p,no_efference,7,i44/p44,168099840,933.0
ce36d45p,no_efference,7,i44/p44,173015040,933.0
ce36d45p,no_efference,7,i44/p44,177684480,933.0
ce36d45p,no_efference,7,i44/p44,182599680,934.0
ce36d45p,no_efference,7,i44/p44,187269120,934.0
ce36d45p,no_efference,7,i44/p44,192184320,934.0
ce36d45p,no_efference,7,i44/p44,196853760,935.0
ce36d45p,no_efference,7,i44/p44,201768960,934.0
ce36d45p,no_efference,7,i44/p44,206438400,936.0
ce36d45p,no_efference,7,i44/p44,211353600,936.0
ce36d45p,no_efference,7,i44/p44,216023040,936.0
ce36d45p,no_efference,7,i44/p44,220938240,937.0
ce36d45p,no_efference,7,i44/p44,225607680,937.0
ce36d45p,no_efference,7,i44/p44,230522880,937.0
ce36d45p,no_efference,7,i44/p44,235438080,938.0
ce36d45p,no_efference,7,i44/p44,240107520,939.0
ce36d45p,no_efference,7,i44/p44,245022720,940.0
ce36d45p,no_efference,7,i44/p44,249692160,941.0
ce36d45p,no_efference,7,i44/p44,254607360,942.0
ce36d45p,no_efference,7,i44/p44,259276800,941.0
ce36d45p,no_efference,7,i44/p44,264192000,0.0
ce36d45p,no_efference,7,i44/p44,268861440,881.0
ce36d45p,no_efference,7,i44/p44,273776640,903.0
ce36d45p,no_efference,7,i44/p44,278446080,906.0
ce36d45p,no_efference,7,i44/p44,283361280,906.0
ce36d45p,no_efference,7,i44/p44,288030720,906.0
ce36d45p,no_efference,7,i44/p44,292945920,907.0
ce36d45p,no_efference,7,i44/p44,297615360,907.0
ce36d45p,no_efference,7,i44/p44,302530560,907.0
ce36d45p,no_efference,7,i44/p44,307200000,907.0
ce36d45p,no_efference,7,i44/p44,312115200,908.0
ce36d45p,no_efference,7,i44/p44,317030400,440.0
ce36d45p,no_efference,7,i44/p44,321699840,775.0
ce36d45p,no_efference,7,i44/p44,326615040,903.0
ce36d45p,no_efference,7,i44/p44,331284480,907.0
ce36d45p,no_efference,7,i44/p44,336199680,907.0
ce36d45p,no_efference,7,i44/p44,340869120,907.0
ce36d45p,no_efference,7,i44/p44,345784320,908.0
ce36d45p,no_efference,7,i44/p44,350453760,909.0
ce36d45p,no_efference,7,i44/p44,355368960,910.0
ce36d45p,no_efference,7,i44/p44,360038400,910.0
ce36d45p,no_efference,7,i44/p44,364953600,910.0
ce36d45p,no_efference,7,i44/p44,369623040,911.0
ce36d45p,no_efference,7,i44/p44,374538240,911.0
ce36d45p,no_efference,7,i44/p44,379207680,911.0
ce36d45p,no_efference,7,i44/p44,384122880,912.0
ce36d45p,no_efference,7,i44/p44,389038080,912.0
ce36d45p,no_efference,7,i44/p44,393707520,912.0
ce36d45p,no_efference,7,i44/p44,398622720,910.0
ce36d45p,no_efference,7,i44/p44,403292160,913.0
ce36d45p,no_efference,7,i44/p44,408207360,913.0
ce36d45p,no_efference,7,i44/p44,412876800,913.0
ce36d45p,no_efference,7,i44/p44,417792000,913.0
ce36d45p,no_efference,7,i44/p44,422461440,741.0
ce36d45p,no_efference,7,i44/p44,427376640,744.0
ce36d45p,no_efference,7,i44/p44,432046080,112.0
ce36d45p,no_efference,7,i44/p44,436961280,901.0
ce36d45p,no_efference,7,i44/p44,441630720,912.0
ce36d45p,no_efference,7,i44/p44,446545920,913.0
ce36d45p,no_efference,7,i44/p44,451215360,913.0
ce36d45p,no_efference,7,i44/p44,456130560,913.0
ce36d45p,no_efference,7,i44/p44,460800000,913.0
ce36d45p,no_efference,7,i44/p44,465715200,913.0
ce36d45p,no_efference,7,i44/p44,470630400,913.0
ce36d45p,no_efference,7,i44/p44,475299840,913.0
ce36d45p,no_efference,7,i44/p44,480215040,913.0
x475efs4,no_efference,10,i42/p1234,4915200,854.0
x475efs4,no_efference,10,i42/p1234,9830400,891.0
x475efs4,no_efference,10,i42/p1234,14499840,923.0
x475efs4,no_efference,10,i42/p1234,19415040,928.0
x475efs4,no_efference,10,i42/p1234,24084480,932.0
x475efs4,no_efference,10,i42/p1234,28999680,933.0
x475efs4,no_efference,10,i42/p1234,33669120,934.0
x475efs4,no_efference,10,i42/p1234,38584320,936.0
x475efs4,no_efference,10,i42/p1234,43253760,936.0
x475efs4,no_efference,10,i42/p1234,48168960,937.0
x475efs4,no_efference,10,i42/p1234,52838400,938.0
x475efs4,no_efference,10,i42/p1234,57753600,939.0
x475efs4,no_efference,10,i42/p1234,62423040,939.0
x475efs4,no_efference,10,i42/p1234,67338240,940.0
x475efs4,no_efference,10,i42/p1234,72007680,941.0
x475efs4,no_efference,10,i42/p1234,76922880,942.0
x475efs4,no_efference,10,i42/p1234,81838080,943.0
x475efs4,no_efference,10,i42/p1234,86507520,946.0
x475efs4,no_efference,10,i42/p1234,91422720,947.0
x475efs4,no_efference,10,i42/p1234,96092160,948.0
x475efs4,no_efference,10,i42/p1234,101007360,948.0
x475efs4,no_efference,10,i42/p1234,105676800,948.0
x475efs4,no_efference,10,i42/p1234,110592000,948.0
x475efs4,no_efference,10,i42/p1234,115261440,949.0
x475efs4,no_efference,10,i42/p1234,120176640,949.0
x475efs4,no_efference,10,i42/p1234,124846080,949.0
x475efs4,no_efference,10,i42/p1234,129761280,946.0
x475efs4,no_efference,10,i42/p1234,134430720,946.0
x475efs4,no_efference,10,i42/p1234,139345920,947.0
x475efs4,no_efference,10,i42/p1234,144015360,947.0
x475efs4,no_efference,10,i42/p1234,148930560,947.0
x475efs4,no_efference,10,i42/p1234,153600000,947.0
x475efs4,no_efference,10,i42/p1234,158515200,947.0
x475efs4,no_efference,10,i42/p1234,163430400,947.0
x475efs4,no_efference,10,i42/p1234,168099840,947.0
x475efs4,no_efference,10,i42/p1234,173015040,947.0
x475efs4,no_efference,10,i42/p1234,177684480,947.0
x475efs4,no_efference,10,i42/p1234,182599680,947.0
x475efs4,no_efference,10,i42/p1234,187269120,948.0
x475efs4,no_efference,10,i42/p1234,192184320,948.0
x475efs4,no_efference,10,i42/p1234,196853760,948.0
x475efs4,no_efference,10,i42/p1234,201768960,948.0
x475efs4,no_efference,10,i42/p1234,206438400,948.0
x475efs4,no_efference,10,i42/p1234,211353600,948.0
x475efs4,no_efference,10,i42/p1234,216023040,948.0
x475efs4,no_efference,10,i42/p1234,220938240,948.0
x475efs4,no_efference,10,i42/p1234,225607680,948.0
x475efs4,no_efference,10,i42/p1234,230522880,948.0
x475efs4,no_efference,10,i42/p1234,235438080,948.0
x475efs4,no_efference,10,i42/p1234,240107520,948.0
x475efs4,no_efference,10,i42/p1234,245022720,948.0
x475efs4,no_efference,10,i42/p1234,249692160,948.0
x475efs4,no_efference,10,i42/p1234,254607360,948.0
x475efs4,no_efference,10,i42/p1234,259276800,948.0
x475efs4,no_efference,10,i42/p1234,264192000,948.0
x475efs4,no_efference,10,i42/p1234,268861440,948.0
x475efs4,no_efference,10,i42/p1234,273776640,948.0
x475efs4,no_efference,10,i42/p1234,278446080,948.0
x475efs4,no_efference,10,i42/p1234,283361280,948.0
x475efs4,no_efference,10,i42/p1234,288030720,948.0
x475efs4,no_efference,10,i42/p1234,292945920,944.0
x475efs4,no_efference,10,i42/p1234,297615360,943.0
x475efs4,no_efference,10,i42/p1234,302530560,942.0
x475efs4,no_efference,10,i42/p1234,307200000,943.0
x475efs4,no_efference,10,i42/p1234,312115200,942.0
x475efs4,no_efference,10,i42/p1234,317030400,946.0
x475efs4,no_efference,10,i42/p1234,321699840,944.0
x475efs4,no_efference,10,i42/p1234,326615040,945.0
x475efs4,no_efference,10,i42/p1234,331284480,946.0
x475efs4,no_efference,10,i42/p1234,336199680,946.0
x475efs4,no_efference,10,i42/p1234,340869120,945.0
x475efs4,no_efference,10,i42/p1234,345784320,946.0
x475efs4,no_efference,10,i42/p1234,350453760,946.0
x475efs4,no_efference,10,i42/p1234,355368960,946.0
x475efs4,no_efference,10,i42/p1234,360038400,946.0
x475efs4,no_efference,10,i42/p1234,364953600,932.0
x475efs4,no_efference,10,i42/p1234,369623040,934.0
x475efs4,no_efference,10,i42/p1234,374538240,946.0
x475efs4,no_efference,10,i42/p1234,379207680,946.0
x475efs4,no_efference,10,i42/p1234,384122880,946.0
x475efs4,no_efference,10,i42/p1234,389038080,946.0
x475efs4,no_efference,10,i42/p1234,393707520,947.0
x475efs4,no_efference,10,i42/p1234,398622720,947.0
x475efs4,no_efference,10,i42/p1234,403292160,947.0
x475efs4,no_efference,10,i42/p1234,408207360,947.0
x475efs4,no_efference,10,i42/p1234,412876800,947.0
x475efs4,no_efference,10,i42/p1234,417792000,891.0
x475efs4,no_efference,10,i42/p1234,422461440,948.0
x475efs4,no_efference,10,i42/p1234,427376640,949.0
x475efs4,no_efference,10,i42/p1234,432046080,943.0
x475efs4,no_efference,10,i42/p1234,436961280,943.0
x475efs4,no_efference,10,i42/p1234,441630720,948.0
x475efs4,no_efference,10,i42/p1234,446545920,949.0
x475efs4,no_efference,10,i42/p1234,451215360,949.0
x475efs4,no_efference,10,i42/p1234,456130560,949.0
x475efs4,no_efference,10,i42/p1234,460800000,949.0
x475efs4,no_efference,10,i42/p1234,465715200,828.0
x475efs4,no_efference,10,i42/p1234,470630400,941.0
x475efs4,no_efference,10,i42/p1234,475299840,944.0
x475efs4,no_efference,10,i42/p1234,480215040,947.0
8ejt7k2z,no_efference,10,i43/p43,4915200,876.0
8ejt7k2z,no_efference,10,i43/p43,9830400,935.0
8ejt7k2z,no_efference,10,i43/p43,14499840,946.0
8ejt7k2z,no_efference,10,i43/p43,19415040,949.0
8ejt7k2z,no_efference,10,i43/p43,24084480,950.0
8ejt7k2z,no_efference,10,i43/p43,28999680,952.0
8ejt7k2z,no_efference,10,i43/p43,33669120,953.0
8ejt7k2z,no_efference,10,i43/p43,38584320,955.0
8ejt7k2z,no_efference,10,i43/p43,43253760,955.0
8ejt7k2z,no_efference,10,i43/p43,48168960,955.0
8ejt7k2z,no_efference,10,i43/p43,52838400,0.0
8ejt7k2z,no_efference,10,i43/p43,57753600,886.0
8ejt7k2z,no_efference,10,i43/p43,62423040,888.0
8ejt7k2z,no_efference,10,i43/p43,67338240,895.0
8ejt7k2z,no_efference,10,i43/p43,72007680,896.0
8ejt7k2z,no_efference,10,i43/p43,76922880,898.0
8ejt7k2z,no_efference,10,i43/p43,81838080,900.0
8ejt7k2z,no_efference,10,i43/p43,86507520,901.0
8ejt7k2z,no_efference,10,i43/p43,91422720,902.0
8ejt7k2z,no_efference,10,i43/p43,96092160,0.0
8ejt7k2z,no_efference,10,i43/p43,101007360,0.0
8ejt7k2z,no_efference,10,i43/p43,105676800,769.0
8ejt7k2z,no_efference,10,i43/p43,110592000,913.0
8ejt7k2z,no_efference,10,i43/p43,115261440,918.0
8ejt7k2z,no_efference,10,i43/p43,120176640,921.0
8ejt7k2z,no_efference,10,i43/p43,124846080,924.0
8ejt7k2z,no_efference,10,i43/p43,129761280,925.0
8ejt7k2z,no_efference,10,i43/p43,134430720,817.0
8ejt7k2z,no_efference,10,i43/p43,139345920,923.0
8ejt7k2z,no_efference,10,i43/p43,144015360,925.0
8ejt7k2z,no_efference,10,i43/p43,148930560,914.0
8ejt7k2z,no_efference,10,i43/p43,153600000,915.0
8ejt7k2z,no_efference,10,i43/p43,158515200,918.0
8ejt7k2z,no_efference,10,i43/p43,163430400,917.0
8ejt7k2z,no_efference,10,i43/p43,168099840,916.0
8ejt7k2z,no_efference,10,i43/p43,173015040,916.0
8ejt7k2z,no_efference,10,i43/p43,177684480,917.0
8ejt7k2z,no_efference,10,i43/p43,182599680,917.0
8ejt7k2z,no_efference,10,i43/p43,187269120,916.0
8ejt7k2z,no_efference,10,i43/p43,192184320,916.0
8ejt7k2z,no_efference,10,i43/p43,196853760,918.0
8ejt7k2z,no_efference,10,i43/p43,201768960,916.0
8ejt7k2z,no_efference,10,i43/p43,206438400,918.0
8ejt7k2z,no_efference,10,i43/p43,211353600,0.0
8ejt7k2z,no_efference,10,i43/p43,216023040,0.0
8ejt7k2z,no_efference,10,i43/p43,220938240,906.0
8ejt7k2z,no_efference,10,i43/p43,225607680,911.0
8ejt7k2z,no_efference,10,i43/p43,230522880,915.0
8ejt7k2z,no_efference,10,i43/p43,235438080,913.0
8ejt7k2z,no_efference,10,i43/p43,240107520,915.0
8ejt7k2z,no_efference,10,i43/p43,245022720,916.0
8ejt7k2z,no_efference,10,i43/p43,249692160,916.0
8ejt7k2z,no_efference,10,i43/p43,254607360,916.0
8ejt7k2z,no_efference,10,i43/p43,259276800,915.0
8ejt7k2z,no_efference,10,i43/p43,264192000,916.0
8ejt7k2z,no_efference,10,i43/p43,268861440,655.0
8ejt7k2z,no_efference,10,i43/p43,273776640,915.0
8ejt7k2z,no_efference,10,i43/p43,278446080,918.0
8ejt7k2z,no_efference,10,i43/p43,283361280,918.0
8ejt7k2z,no_efference,10,i43/p43,288030720,919.0
8ejt7k2z,no_efference,10,i43/p43,292945920,919.0
8ejt7k2z,no_efference,10,i43/p43,297615360,919.0
8ejt7k2z,no_efference,10,i43/p43,302530560,919.0
8ejt7k2z,no_efference,10,i43/p43,307200000,920.0
8ejt7k2z,no_efference,10,i43/p43,312115200,920.0
8ejt7k2z,no_efference,10,i43/p43,317030400,919.0
8ejt7k2z,no_efference,10,i43/p43,321699840,919.0
8ejt7k2z,no_efference,10,i43/p43,326615040,919.0
8ejt7k2z,no_efference,10,i43/p43,331284480,919.0
8ejt7k2z,no_efference,10,i43/p43,336199680,914.0
8ejt7k2z,no_efference,10,i43/p43,340869120,919.0
8ejt7k2z,no_efference,10,i43/p43,345784320,920.0
8ejt7k2z,no_efference,10,i43/p43,350453760,920.0
8ejt7k2z,no_efference,10,i43/p43,355368960,920.0
8ejt7k2z,no_efference,10,i43/p43,360038400,920.0
8ejt7k2z,no_efference,10,i43/p43,364953600,921.0
8ejt7k2z,no_efference,10,i43/p43,369623040,920.0
8ejt7k2z,no_efference,10,i43/p43,374538240,921.0
8ejt7k2z,no_efference,10,i43/p43,379207680,921.0
8ejt7k2z,no_efference,10,i43/p43,384122880,921.0
8ejt7k2z,no_efference,10,i43/p43,389038080,878.0
8ejt7k2z,no_efference,10,i43/p43,393707520,914.0
8ejt7k2z,no_efference,10,i43/p43,398622720,519.0
8ejt7k2z,no_efference,10,i43/p43,403292160,913.0
8ejt7k2z,no_efference,10,i43/p43,408207360,912.0
8ejt7k2z,no_efference,10,i43/p43,412876800,914.0
8ejt7k2z,no_efference,10,i43/p43,417792000,914.0
8ejt7k2z,no_efference,10,i43/p43,422461440,918.0
8ejt7k2z,no_efference,10,i43/p43,427376640,915.0
8ejt7k2z,no_efference,10,i43/p43,432046080,916.0
8ejt7k2z,no_efference,10,i43/p43,436961280,904.0
8ejt7k2z,no_efference,10,i43/p43,441630720,917.0
8ejt7k2z,no_efference,10,i43/p43,446545920,917.0
8ejt7k2z,no_efference,10,i43/p43,451215360,916.0
8ejt7k2z,no_efference,10,i43/p43,456130560,919.0
8ejt7k2z,no_efference,10,i43/p43,460800000,918.0
8ejt7k2z,no_efference,10,i43/p43,465715200,919.0
8ejt7k2z,no_efference,10,i43/p43,470630400,919.0
8ejt7k2z,no_efference,10,i43/p43,475299840,919.0
8ejt7k2z,no_efference,10,i43/p43,480215040,917.0
g2wrnkbg,no_efference,10,i44/p44,4915200,0.0
g2wrnkbg,no_efference,10,i44/p44,9830400,0.0
g2wrnkbg,no_efference,10,i44/p44,14499840,0.0
g2wrnkbg,no_efference,10,i44/p44,19415040,0.0
g2wrnkbg,no_efference,10,i44/p44,24084480,0.0
g2wrnkbg,no_efference,10,i44/p44,28999680,0.0
g2wrnkbg,no_efference,10,i44/p44,33669120,0.0
g2wrnkbg,no_efference,10,i44/p44,38584320,0.0
g2wrnkbg,no_efference,10,i44/p44,43253760,0.0
g2wrnkbg,no_efference,10,i44/p44,48168960,0.0
g2wrnkbg,no_efference,10,i44/p44,52838400,0.0
g2wrnkbg,no_efference,10,i44/p44,57753600,0.0
g2wrnkbg,no_efference,10,i44/p44,62423040,0.0
g2wrnkbg,no_efference,10,i44/p44,67338240,0.0
g2wrnkbg,no_efference,10,i44/p44,72007680,0.0
g2wrnkbg,no_efference,10,i44/p44,76922880,0.0
g2wrnkbg,no_efference,10,i44/p44,81838080,547.0
g2wrnkbg,no_efference,10,i44/p44,86507520,0.0
g2wrnkbg,no_efference,10,i44/p44,91422720,918.0
g2wrnkbg,no_efference,10,i44/p44,96092160,929.0
g2wrnkbg,no_efference,10,i44/p44,101007360,933.0
g2wrnkbg,no_efference,10,i44/p44,105676800,934.0
g2wrnkbg,no_efference,10,i44/p44,110592000,936.0
g2wrnkbg,no_efference,10,i44/p44,115261440,936.0
g2wrnkbg,no_efference,10,i44/p44,120176640,938.0
g2wrnkbg,no_efference,10,i44/p44,124846080,938.0
g2wrnkbg,no_efference,10,i44/p44,129761280,940.0
g2wrnkbg,no_efference,10,i44/p44,134430720,939.0
g2wrnkbg,no_efference,10,i44/p44,139345920,940.0
g2wrnkbg,no_efference,10,i44/p44,144015360,940.0
g2wrnkbg,no_efference,10,i44/p44,148930560,940.0
g2wrnkbg,no_efference,10,i44/p44,153600000,939.0
g2wrnkbg,no_efference,10,i44/p44,158515200,940.0
g2wrnkbg,no_efference,10,i44/p44,163430400,940.0
g2wrnkbg,no_efference,10,i44/p44,168099840,940.0
g2wrnkbg,no_efference,10,i44/p44,173015040,925.0
g2wrnkbg,no_efference,10,i44/p44,177684480,938.0
g2wrnkbg,no_efference,10,i44/p44,182599680,939.0
g2wrnkbg,no_efference,10,i44/p44,187269120,939.0
g2wrnkbg,no_efference,10,i44/p44,192184320,941.0
g2wrnkbg,no_efference,10,i44/p44,196853760,939.0
g2wrnkbg,no_efference,10,i44/p44,201768960,933.0
g2wrnkbg,no_efference,10,i44/p44,206438400,934.0
g2wrnkbg,no_efference,10,i44/p44,211353600,940.0
g2wrnkbg,no_efference,10,i44/p44,216023040,932.0
g2wrnkbg,no_efference,10,i44/p44,220938240,939.0
g2wrnkbg,no_efference,10,i44/p44,225607680,940.0
g2wrnkbg,no_efference,10,i44/p44,230522880,940.0
g2wrnkbg,no_efference,10,i44/p44,235438080,940.0
g2wrnkbg,no_efference,10,i44/p44,240107520,941.0
g2wrnkbg,no_efference,10,i44/p44,245022720,936.0
g2wrnkbg,no_efference,10,i44/p44,249692160,937.0
g2wrnkbg,no_efference,10,i44/p44,254607360,938.0
g2wrnkbg,no_efference,10,i44/p44,259276800,937.0
g2wrnkbg,no_efference,10,i44/p44,264192000,938.0
g2wrnkbg,no_efference,10,i44/p44,268861440,938.0
g2wrnkbg,no_efference,10,i44/p44,273776640,939.0
g2wrnkbg,no_efference,10,i44/p44,278446080,938.0
g2wrnkbg,no_efference,10,i44/p44,283361280,937.0
g2wrnkbg,no_efference,10,i44/p44,288030720,937.0
g2wrnkbg,no_efference,10,i44/p44,292945920,937.0
g2wrnkbg,no_efference,10,i44/p44,297615360,937.0
g2wrnkbg,no_efference,10,i44/p44,302530560,936.0
g2wrnkbg,no_efference,10,i44/p44,307200000,938.0
g2wrnkbg,no_efference,10,i44/p44,312115200,938.0
g2wrnkbg,no_efference,10,i44/p44,317030400,941.0
g2wrnkbg,no_efference,10,i44/p44,321699840,942.0
g2wrnkbg,no_efference,10,i44/p44,326615040,947.0
g2wrnkbg,no_efference,10,i44/p44,331284480,951.0
g2wrnkbg,no_efference,10,i44/p44,336199680,952.0
g2wrnkbg,no_efference,10,i44/p44,340869120,953.0
g2wrnkbg,no_efference,10,i44/p44,345784320,954.0
g2wrnkbg,no_efference,10,i44/p44,350453760,955.0
g2wrnkbg,no_efference,10,i44/p44,355368960,955.0
g2wrnkbg,no_efference,10,i44/p44,360038400,838.0
g2wrnkbg,no_efference,10,i44/p44,364953600,909.0
g2wrnkbg,no_efference,10,i44/p44,369623040,908.0
g2wrnkbg,no_efference,10,i44/p44,374538240,754.0
g2wrnkbg,no_efference,10,i44/p44,379207680,939.0
g2wrnkbg,no_efference,10,i44/p44,384122880,945.0
g2wrnkbg,no_efference,10,i44/p44,389038080,953.0
g2wrnkbg,no_efference,10,i44/p44,393707520,955.0
g2wrnkbg,no_efference,10,i44/p44,398622720,956.0
g2wrnkbg,no_efference,10,i44/p44,403292160,955.0
g2wrnkbg,no_efference,10,i44/p44,408207360,956.0
g2wrnkbg,no_efference,10,i44/p44,412876800,956.0
g2wrnkbg,no_efference,10,i44/p44,417792000,955.0
g2wrnkbg,no_efference,10,i44/p44,422461440,956.0
g2wrnkbg,no_efference,10,i44/p44,427376640,956.0
g2wrnkbg,no_efference,10,i44/p44,432046080,956.0
g2wrnkbg,no_efference,10,i44/p44,436961280,956.0
g2wrnkbg,no_efference,10,i44/p44,441630720,957.0
g2wrnkbg,no_efference,10,i44/p44,446545920,957.0
g2wrnkbg,no_efference,10,i44/p44,451215360,957.0
g2wrnkbg,no_efference,10,i44/p44,456130560,467.0
g2wrnkbg,no_efference,10,i44/p44,460800000,957.0
g2wrnkbg,no_efference,10,i44/p44,465715200,958.0
g2wrnkbg,no_efference,10,i44/p44,470630400,958.0
g2wrnkbg,no_efference,10,i44/p44,475299840,958.0
g2wrnkbg,no_efference,10,i44/p44,480215040,958.0
w0mrisrd,no_efference,12,i42/p1234,4915200,741.0
w0mrisrd,no_efference,12,i42/p1234,9830400,911.0
w0mrisrd,no_efference,12,i42/p1234,14499840,939.0
w0mrisrd,no_efference,12,i42/p1234,19415040,945.0
w0mrisrd,no_efference,12,i42/p1234,24084480,947.0
w0mrisrd,no_efference,12,i42/p1234,28999680,899.0
w0mrisrd,no_efference,12,i42/p1234,33669120,943.0
w0mrisrd,no_efference,12,i42/p1234,38584320,945.0
w0mrisrd,no_efference,12,i42/p1234,43253760,945.0
w0mrisrd,no_efference,12,i42/p1234,48168960,947.0
w0mrisrd,no_efference,12,i42/p1234,52838400,948.0
w0mrisrd,no_efference,12,i42/p1234,57753600,948.0
w0mrisrd,no_efference,12,i42/p1234,62423040,948.0
w0mrisrd,no_efference,12,i42/p1234,67338240,945.0
w0mrisrd,no_efference,12,i42/p1234,72007680,947.0
w0mrisrd,no_efference,12,i42/p1234,76922880,945.0
w0mrisrd,no_efference,12,i42/p1234,81838080,947.0
w0mrisrd,no_efference,12,i42/p1234,86507520,946.0
w0mrisrd,no_efference,12,i42/p1234,91422720,946.0
w0mrisrd,no_efference,12,i42/p1234,96092160,946.0
w0mrisrd,no_efference,12,i42/p1234,101007360,946.0
w0mrisrd,no_efference,12,i42/p1234,105676800,948.0
w0mrisrd,no_efference,12,i42/p1234,110592000,947.0
w0mrisrd,no_efference,12,i42/p1234,115261440,946.0
w0mrisrd,no_efference,12,i42/p1234,120176640,946.0
w0mrisrd,no_efference,12,i42/p1234,124846080,947.0
w0mrisrd,no_efference,12,i42/p1234,129761280,948.0
w0mrisrd,no_efference,12,i42/p1234,134430720,949.0
w0mrisrd,no_efference,12,i42/p1234,139345920,871.0
w0mrisrd,no_efference,12,i42/p1234,144015360,893.0
w0mrisrd,no_efference,12,i42/p1234,148930560,941.0
w0mrisrd,no_efference,12,i42/p1234,153600000,947.0
w0mrisrd,no_efference,12,i42/p1234,158515200,947.0
w0mrisrd,no_efference,12,i42/p1234,163430400,948.0
w0mrisrd,no_efference,12,i42/p1234,168099840,947.0
w0mrisrd,no_efference,12,i42/p1234,173015040,948.0
w0mrisrd,no_efference,12,i42/p1234,177684480,947.0
w0mrisrd,no_efference,12,i42/p1234,182599680,948.0
w0mrisrd,no_efference,12,i42/p1234,187269120,949.0
w0mrisrd,no_efference,12,i42/p1234,192184320,916.0
w0mrisrd,no_efference,12,i42/p1234,196853760,918.0
w0mrisrd,no_efference,12,i42/p1234,201768960,918.0
w0mrisrd,no_efference,12,i42/p1234,206438400,918.0
w0mrisrd,no_efference,12,i42/p1234,211353600,919.0
w0mrisrd,no_efference,12,i42/p1234,216023040,919.0
w0mrisrd,no_efference,12,i42/p1234,220938240,0.0
w0mrisrd,no_efference,12,i42/p1234,225607680,878.0
w0mrisrd,no_efference,12,i42/p1234,230522880,877.0
w0mrisrd,no_efference,12,i42/p1234,235438080,883.0
w0mrisrd,no_efference,12,i42/p1234,240107520,882.0
w0mrisrd,no_efference,12,i42/p1234,245022720,883.0
w0mrisrd,no_efference,12,i42/p1234,249692160,882.0
w0mrisrd,no_efference,12,i42/p1234,254607360,883.0
w0mrisrd,no_efference,12,i42/p1234,259276800,883.0
w0mrisrd,no_efference,12,i42/p1234,264192000,883.0
w0mrisrd,no_efference,12,i42/p1234,268861440,883.0
w0mrisrd,no_efference,12,i42/p1234,273776640,223.0
w0mrisrd,no_efference,12,i42/p1234,278446080,825.0
w0mrisrd,no_efference,12,i42/p1234,283361280,822.0
w0mrisrd,no_efference,12,i42/p1234,288030720,829.0
w0mrisrd,no_efference,12,i42/p1234,292945920,827.0
w0mrisrd,no_efference,12,i42/p1234,297615360,828.0
w0mrisrd,no_efference,12,i42/p1234,302530560,831.0
w0mrisrd,no_efference,12,i42/p1234,307200000,831.0
w0mrisrd,no_efference,12,i42/p1234,312115200,831.0
w0mrisrd,no_efference,12,i42/p1234,317030400,831.0
w0mrisrd,no_efference,12,i42/p1234,321699840,831.0
w0mrisrd,no_efference,12,i42/p1234,326615040,760.0
w0mrisrd,no_efference,12,i42/p1234,331284480,827.0
w0mrisrd,no_efference,12,i42/p1234,336199680,828.0
w0mrisrd,no_efference,12,i42/p1234,340869120,828.0
w0mrisrd,no_efference,12,i42/p1234,345784320,826.0
w0mrisrd,no_efference,12,i42/p1234,350453760,822.0
w0mrisrd,no_efference,12,i42/p1234,355368960,944.0
w0mrisrd,no_efference,12,i42/p1234,360038400,822.0
w0mrisrd,no_efference,12,i42/p1234,364953600,822.0
w0mrisrd,no_efference,12,i42/p1234,369623040,942.0
w0mrisrd,no_efference,12,i42/p1234,374538240,897.0
w0mrisrd,no_efference,12,i42/p1234,379207680,943.0
w0mrisrd,no_efference,12,i42/p1234,384122880,941.0
w0mrisrd,no_efference,12,i42/p1234,389038080,946.0
w0mrisrd,no_efference,12,i42/p1234,393707520,947.0
w0mrisrd,no_efference,12,i42/p1234,398622720,947.0
w0mrisrd,no_efference,12,i42/p1234,403292160,948.0
w0mrisrd,no_efference,12,i42/p1234,408207360,947.0
w0mrisrd,no_efference,12,i42/p1234,412876800,948.0
w0mrisrd,no_efference,12,i42/p1234,417792000,948.0
w0mrisrd,no_efference,12,i42/p1234,422461440,948.0
w0mrisrd,no_efference,12,i42/p1234,427376640,948.0
w0mrisrd,no_efference,12,i42/p1234,432046080,947.0
w0mrisrd,no_efference,12,i42/p1234,436961280,948.0
w0mrisrd,no_efference,12,i42/p1234,441630720,948.0
w0mrisrd,no_efference,12,i42/p1234,446545920,948.0
w0mrisrd,no_efference,12,i42/p1234,451215360,948.0
w0mrisrd,no_efference,12,i42/p1234,456130560,948.0
w0mrisrd,no_efference,12,i42/p1234,460800000,948.0
w0mrisrd,no_efference,12,i42/p1234,465715200,947.0
w0mrisrd,no_efference,12,i42/p1234,470630400,948.0
w0mrisrd,no_efference,12,i42/p1234,475299840,948.0
w0mrisrd,no_efference,12,i42/p1234,480215040,908.0
2rleww03,no_efference,12,i43/p43,4915200,0.0
2rleww03,no_efference,12,i43/p43,9830400,0.0
2rleww03,no_efference,12,i43/p43,14499840,0.0
2rleww03,no_efference,12,i43/p43,19415040,0.0
2rleww03,no_efference,12,i43/p43,24084480,0.0
2rleww03,no_efference,12,i43/p43,28999680,0.0
2rleww03,no_efference,12,i43/p43,33669120,0.0
2rleww03,no_efference,12,i43/p43,38584320,0.0
2rleww03,no_efference,12,i43/p43,43253760,0.0
2rleww03,no_efference,12,i43/p43,48168960,0.0
2rleww03,no_efference,12,i43/p43,52838400,0.0
2rleww03,no_efference,12,i43/p43,57753600,0.0
2rleww03,no_efference,12,i43/p43,62423040,0.0
2rleww03,no_efference,12,i43/p43,67338240,0.0
2rleww03,no_efference,12,i43/p43,72007680,0.0
2rleww03,no_efference,12,i43/p43,76922880,0.0
2rleww03,no_efference,12,i43/p43,81838080,0.0
2rleww03,no_efference,12,i43/p43,86507520,0.0
2rleww03,no_efference,12,i43/p43,91422720,0.0
2rleww03,no_efference,12,i43/p43,96092160,0.0
2rleww03,no_efference,12,i43/p43,101007360,0.0
2rleww03,no_efference,12,i43/p43,105676800,0.0
2rleww03,no_efference,12,i43/p43,110592000,0.0
2rleww03,no_efference,12,i43/p43,115261440,0.0
2rleww03,no_efference,12,i43/p43,120176640,0.0
2rleww03,no_efference,12,i43/p43,124846080,0.0
2rleww03,no_efference,12,i43/p43,129761280,0.0
2rleww03,no_efference,12,i43/p43,134430720,0.0
2rleww03,no_efference,12,i43/p43,139345920,0.0
2rleww03,no_efference,12,i43/p43,144015360,0.0
2rleww03,no_efference,12,i43/p43,148930560,0.0
2rleww03,no_efference,12,i43/p43,153600000,0.0
2rleww03,no_efference,12,i43/p43,158515200,0.0
2rleww03,no_efference,12,i43/p43,163430400,0.0
2rleww03,no_efference,12,i43/p43,168099840,0.0
2rleww03,no_efference,12,i43/p43,173015040,0.0
2rleww03,no_efference,12,i43/p43,177684480,0.0
2rleww03,no_efference,12,i43/p43,182599680,0.0
2rleww03,no_efference,12,i43/p43,187269120,0.0
2rleww03,no_efference,12,i43/p43,192184320,0.0
2rleww03,no_efference,12,i43/p43,196853760,0.0
2rleww03,no_efference,12,i43/p43,201768960,0.0
2rleww03,no_efference,12,i43/p43,206438400,0.0
2rleww03,no_efference,12,i43/p43,211353600,0.0
2rleww03,no_efference,12,i43/p43,216023040,0.0
2rleww03,no_efference,12,i43/p43,220938240,0.0
2rleww03,no_efference,12,i43/p43,225607680,0.0
2rleww03,no_efference,12,i43/p43,230522880,0.0
2rleww03,no_efference,12,i43/p43,235438080,0.0
2rleww03,no_efference,12,i43/p43,240107520,0.0
2rleww03,no_efference,12,i43/p43,245022720,0.0
2rleww03,no_efference,12,i43/p43,249692160,0.0
2rleww03,no_efference,12,i43/p43,254607360,0.0
2rleww03,no_efference,12,i43/p43,259276800,0.0
2rleww03,no_efference,12,i43/p43,264192000,0.0
2rleww03,no_efference,12,i43/p43,268861440,0.0
2rleww03,no_efference,12,i43/p43,273776640,0.0
2rleww03,no_efference,12,i43/p43,278446080,0.0
2rleww03,no_efference,12,i43/p43,283361280,0.0
2rleww03,no_efference,12,i43/p43,288030720,0.0
2rleww03,no_efference,12,i43/p43,292945920,0.0
2rleww03,no_efference,12,i43/p43,297615360,0.0
2rleww03,no_efference,12,i43/p43,302530560,0.0
2rleww03,no_efference,12,i43/p43,307200000,0.0
2rleww03,no_efference,12,i43/p43,312115200,0.0
2rleww03,no_efference,12,i43/p43,317030400,0.0
2rleww03,no_efference,12,i43/p43,321699840,0.0
2rleww03,no_efference,12,i43/p43,326615040,0.0
2rleww03,no_efference,12,i43/p43,331284480,0.0
2rleww03,no_efference,12,i43/p43,336199680,0.0
2rleww03,no_efference,12,i43/p43,340869120,0.0
2rleww03,no_efference,12,i43/p43,345784320,0.0
2rleww03,no_efference,12,i43/p43,350453760,0.0
2rleww03,no_efference,12,i43/p43,355368960,0.0
2rleww03,no_efference,12,i43/p43,360038400,0.0
2rleww03,no_efference,12,i43/p43,364953600,0.0
2rleww03,no_efference,12,i43/p43,369623040,0.0
2rleww03,no_efference,12,i43/p43,374538240,0.0
2rleww03,no_efference,12,i43/p43,379207680,0.0
2rleww03,no_efference,12,i43/p43,384122880,0.0
2rleww03,no_efference,12,i43/p43,389038080,0.0
2rleww03,no_efference,12,i43/p43,393707520,0.0
2rleww03,no_efference,12,i43/p43,398622720,0.0
2rleww03,no_efference,12,i43/p43,403292160,0.0
2rleww03,no_efference,12,i43/p43,408207360,0.0
2rleww03,no_efference,12,i43/p43,412876800,0.0
2rleww03,no_efference,12,i43/p43,417792000,0.0
2rleww03,no_efference,12,i43/p43,422461440,0.0
2rleww03,no_efference,12,i43/p43,427376640,0.0
2rleww03,no_efference,12,i43/p43,432046080,0.0
2rleww03,no_efference,12,i43/p43,436961280,0.0
2rleww03,no_efference,12,i43/p43,441630720,0.0
2rleww03,no_efference,12,i43/p43,446545920,0.0
2rleww03,no_efference,12,i43/p43,451215360,0.0
2rleww03,no_efference,12,i43/p43,456130560,0.0
2rleww03,no_efference,12,i43/p43,460800000,0.0
2rleww03,no_efference,12,i43/p43,465715200,0.0
2rleww03,no_efference,12,i43/p43,470630400,0.0
2rleww03,no_efference,12,i43/p43,475299840,0.0
2rleww03,no_efference,12,i43/p43,480215040,0.0
qhs98yjq,no_efference,12,i44/p44,4915200,0.0
qhs98yjq,no_efference,12,i44/p44,9830400,0.0
qhs98yjq,no_efference,12,i44/p44,14499840,0.0
qhs98yjq,no_efference,12,i44/p44,19415040,0.0
qhs98yjq,no_efference,12,i44/p44,24084480,0.0
qhs98yjq,no_efference,12,i44/p44,28999680,0.0
qhs98yjq,no_efference,12,i44/p44,33669120,0.0
qhs98yjq,no_efference,12,i44/p44,38584320,0.0
qhs98yjq,no_efference,12,i44/p44,43253760,0.0
qhs98yjq,no_efference,12,i44/p44,48168960,0.0
qhs98yjq,no_efference,12,i44/p44,52838400,0.0
qhs98yjq,no_efference,12,i44/p44,57753600,0.0
qhs98yjq,no_efference,12,i44/p44,62423040,0.0
qhs98yjq,no_efference,12,i44/p44,67338240,0.0
qhs98yjq,no_efference,12,i44/p44,72007680,0.0
qhs98yjq,no_efference,12,i44/p44,76922880,0.0
qhs98yjq,no_efference,12,i44/p44,81838080,0.0
qhs98yjq,no_efference,12,i44/p44,86507520,0.0
qhs98yjq,no_efference,12,i44/p44,91422720,0.0
qhs98yjq,no_efference,12,i44/p44,96092160,0.0
qhs98yjq,no_efference,12,i44/p44,101007360,0.0
qhs98yjq,no_efference,12,i44/p44,105676800,0.0
qhs98yjq,no_efference,12,i44/p44,110592000,0.0
qhs98yjq,no_efference,12,i44/p44,115261440,0.0
qhs98yjq,no_efference,12,i44/p44,120176640,0.0
qhs98yjq,no_efference,12,i44/p44,124846080,0.0
qhs98yjq,no_efference,12,i44/p44,129761280,0.0
qhs98yjq,no_efference,12,i44/p44,134430720,0.0
qhs98yjq,no_efference,12,i44/p44,139345920,0.0
qhs98yjq,no_efference,12,i44/p44,144015360,0.0
qhs98yjq,no_efference,12,i44/p44,148930560,0.0
qhs98yjq,no_efference,12,i44/p44,153600000,0.0
qhs98yjq,no_efference,12,i44/p44,158515200,0.0
qhs98yjq,no_efference,12,i44/p44,163430400,0.0
qhs98yjq,no_efference,12,i44/p44,168099840,0.0
qhs98yjq,no_efference,12,i44/p44,173015040,0.0
qhs98yjq,no_efference,12,i44/p44,177684480,0.0
qhs98yjq,no_efference,12,i44/p44,182599680,0.0
qhs98yjq,no_efference,12,i44/p44,187269120,0.0
qhs98yjq,no_efference,12,i44/p44,192184320,0.0
qhs98yjq,no_efference,12,i44/p44,196853760,0.0
qhs98yjq,no_efference,12,i44/p44,201768960,0.0
qhs98yjq,no_efference,12,i44/p44,206438400,0.0
qhs98yjq,no_efference,12,i44/p44,211353600,0.0
qhs98yjq,no_efference,12,i44/p44,216023040,0.0
qhs98yjq,no_efference,12,i44/p44,220938240,0.0
qhs98yjq,no_efference,12,i44/p44,225607680,0.0
qhs98yjq,no_efference,12,i44/p44,230522880,0.0
qhs98yjq,no_efference,12,i44/p44,235438080,0.0
qhs98yjq,no_efference,12,i44/p44,240107520,0.0
qhs98yjq,no_efference,12,i44/p44,245022720,0.0
qhs98yjq,no_efference,12,i44/p44,249692160,0.0
qhs98yjq,no_efference,12,i44/p44,254607360,0.0
qhs98yjq,no_efference,12,i44/p44,259276800,0.0
qhs98yjq,no_efference,12,i44/p44,264192000,0.0
qhs98yjq,no_efference,12,i44/p44,268861440,0.0
qhs98yjq,no_efference,12,i44/p44,273776640,0.0
qhs98yjq,no_efference,12,i44/p44,278446080,0.0
qhs98yjq,no_efference,12,i44/p44,283361280,0.0
qhs98yjq,no_efference,12,i44/p44,288030720,0.0
qhs98yjq,no_efference,12,i44/p44,292945920,0.0
qhs98yjq,no_efference,12,i44/p44,297615360,0.0
qhs98yjq,no_efference,12,i44/p44,302530560,0.0
qhs98yjq,no_efference,12,i44/p44,307200000,0.0
qhs98yjq,no_efference,12,i44/p44,312115200,0.0
qhs98yjq,no_efference,12,i44/p44,317030400,0.0
qhs98yjq,no_efference,12,i44/p44,321699840,0.0
qhs98yjq,no_efference,12,i44/p44,326615040,0.0
qhs98yjq,no_efference,12,i44/p44,331284480,0.0
qhs98yjq,no_efference,12,i44/p44,336199680,0.0
qhs98yjq,no_efference,12,i44/p44,340869120,0.0
qhs98yjq,no_efference,12,i44/p44,345784320,0.0
qhs98yjq,no_efference,12,i44/p44,350453760,0.0
qhs98yjq,no_efference,12,i44/p44,355368960,0.0
qhs98yjq,no_efference,12,i44/p44,360038400,0.0
qhs98yjq,no_efference,12,i44/p44,364953600,0.0
qhs98yjq,no_efference,12,i44/p44,369623040,0.0
qhs98yjq,no_efference,12,i44/p44,374538240,0.0
qhs98yjq,no_efference,12,i44/p44,379207680,0.0
qhs98yjq,no_efference,12,i44/p44,384122880,0.0
qhs98yjq,no_efference,12,i44/p44,389038080,0.0
qhs98yjq,no_efference,12,i44/p44,393707520,0.0
qhs98yjq,no_efference,12,i44/p44,398622720,0.0
qhs98yjq,no_efference,12,i44/p44,403292160,0.0
qhs98yjq,no_efference,12,i44/p44,408207360,0.0
qhs98yjq,no_efference,12,i44/p44,412876800,0.0
qhs98yjq,no_efference,12,i44/p44,417792000,0.0
qhs98yjq,no_efference,12,i44/p44,422461440,0.0
qhs98yjq,no_efference,12,i44/p44,427376640,0.0
qhs98yjq,no_efference,12,i44/p44,432046080,0.0
qhs98yjq,no_efference,12,i44/p44,436961280,0.0
qhs98yjq,no_efference,12,i44/p44,441630720,0.0
qhs98yjq,no_efference,12,i44/p44,446545920,0.0
qhs98yjq,no_efference,12,i44/p44,451215360,0.0
qhs98yjq,no_efference,12,i44/p44,456130560,0.0
qhs98yjq,no_efference,12,i44/p44,460800000,0.0
qhs98yjq,no_efference,12,i44/p44,465715200,0.0
qhs98yjq,no_efference,12,i44/p44,470630400,0.0
qhs98yjq,no_efference,12,i44/p44,475299840,0.0
qhs98yjq,no_efference,12,i44/p44,480215040,0.0
mfhzx9j1,no_efference,15,i42/p1234,4915200,0.0
mfhzx9j1,no_efference,15,i42/p1234,9830400,873.0
mfhzx9j1,no_efference,15,i42/p1234,14499840,911.0
mfhzx9j1,no_efference,15,i42/p1234,19415040,912.0
mfhzx9j1,no_efference,15,i42/p1234,24084480,913.0
mfhzx9j1,no_efference,15,i42/p1234,28999680,914.0
mfhzx9j1,no_efference,15,i42/p1234,33669120,915.0
mfhzx9j1,no_efference,15,i42/p1234,38584320,917.0
mfhzx9j1,no_efference,15,i42/p1234,43253760,918.0
mfhzx9j1,no_efference,15,i42/p1234,48168960,918.0
mfhzx9j1,no_efference,15,i42/p1234,52838400,920.0
mfhzx9j1,no_efference,15,i42/p1234,57753600,919.0
mfhzx9j1,no_efference,15,i42/p1234,62423040,920.0
mfhzx9j1,no_efference,15,i42/p1234,67338240,920.0
mfhzx9j1,no_efference,15,i42/p1234,72007680,919.0
mfhzx9j1,no_efference,15,i42/p1234,76922880,920.0
mfhzx9j1,no_efference,15,i42/p1234,81838080,919.0
mfhzx9j1,no_efference,15,i42/p1234,86507520,920.0
mfhzx9j1,no_efference,15,i42/p1234,91422720,920.0
mfhzx9j1,no_efference,15,i42/p1234,96092160,918.0
mfhzx9j1,no_efference,15,i42/p1234,101007360,920.0
mfhzx9j1,no_efference,15,i42/p1234,105676800,920.0
mfhzx9j1,no_efference,15,i42/p1234,110592000,920.0
mfhzx9j1,no_efference,15,i42/p1234,115261440,920.0
mfhzx9j1,no_efference,15,i42/p1234,120176640,920.0
mfhzx9j1,no_efference,15,i42/p1234,124846080,920.0
mfhzx9j1,no_efference,15,i42/p1234,129761280,920.0
mfhzx9j1,no_efference,15,i42/p1234,134430720,920.0
mfhzx9j1,no_efference,15,i42/p1234,139345920,921.0
mfhzx9j1,no_efference,15,i42/p1234,144015360,921.0
mfhzx9j1,no_efference,15,i42/p1234,148930560,921.0
mfhzx9j1,no_efference,15,i42/p1234,153600000,921.0
mfhzx9j1,no_efference,15,i42/p1234,158515200,921.0
mfhzx9j1,no_efference,15,i42/p1234,163430400,921.0
mfhzx9j1,no_efference,15,i42/p1234,168099840,921.0
mfhzx9j1,no_efference,15,i42/p1234,173015040,921.0
mfhzx9j1,no_efference,15,i42/p1234,177684480,919.0
mfhzx9j1,no_efference,15,i42/p1234,182599680,921.0
mfhzx9j1,no_efference,15,i42/p1234,187269120,920.0
mfhzx9j1,no_efference,15,i42/p1234,192184320,921.0
mfhzx9j1,no_efference,15,i42/p1234,196853760,920.0
mfhzx9j1,no_efference,15,i42/p1234,201768960,906.0
mfhzx9j1,no_efference,15,i42/p1234,206438400,909.0
mfhzx9j1,no_efference,15,i42/p1234,211353600,909.0
mfhzx9j1,no_efference,15,i42/p1234,216023040,914.0
mfhzx9j1,no_efference,15,i42/p1234,220938240,916.0
mfhzx9j1,no_efference,15,i42/p1234,225607680,916.0
mfhzx9j1,no_efference,15,i42/p1234,230522880,0.0
mfhzx9j1,no_efference,15,i42/p1234,235438080,909.0
mfhzx9j1,no_efference,15,i42/p1234,240107520,910.0
mfhzx9j1,no_efference,15,i42/p1234,245022720,910.0
mfhzx9j1,no_efference,15,i42/p1234,249692160,910.0
mfhzx9j1,no_efference,15,i42/p1234,254607360,911.0
mfhzx9j1,no_efference,15,i42/p1234,259276800,910.0
mfhzx9j1,no_efference,15,i42/p1234,264192000,787.0
mfhzx9j1,no_efference,15,i42/p1234,268861440,0.0
mfhzx9j1,no_efference,15,i42/p1234,273776640,911.0
mfhzx9j1,no_efference,15,i42/p1234,278446080,912.0
mfhzx9j1,no_efference,15,i42/p1234,283361280,910.0
mfhzx9j1,no_efference,15,i42/p1234,288030720,909.0
mfhzx9j1,no_efference,15,i42/p1234,292945920,912.0
mfhzx9j1,no_efference,15,i42/p1234,297615360,911.0
mfhzx9j1,no_efference,15,i42/p1234,302530560,913.0
mfhzx9j1,no_efference,15,i42/p1234,307200000,912.0
mfhzx9j1,no_efference,15,i42/p1234,312115200,910.0
mfhzx9j1,no_efference,15,i42/p1234,317030400,912.0
mfhzx9j1,no_efference,15,i42/p1234,321699840,912.0
mfhzx9j1,no_efference,15,i42/p1234,326615040,912.0
mfhzx9j1,no_efference,15,i42/p1234,331284480,911.0
mfhzx9j1,no_efference,15,i42/p1234,336199680,910.0
mfhzx9j1,no_efference,15,i42/p1234,340869120,911.0
mfhzx9j1,no_efference,15,i42/p1234,345784320,913.0
mfhzx9j1,no_efference,15,i42/p1234,350453760,911.0
mfhzx9j1,no_efference,15,i42/p1234,355368960,913.0
mfhzx9j1,no_efference,15,i42/p1234,360038400,913.0
mfhzx9j1,no_efference,15,i42/p1234,364953600,913.0
mfhzx9j1,no_efference,15,i42/p1234,369623040,914.0
mfhzx9j1,no_efference,15,i42/p1234,374538240,914.0
mfhzx9j1,no_efference,15,i42/p1234,379207680,914.0
mfhzx9j1,no_efference,15,i42/p1234,384122880,912.0
mfhzx9j1,no_efference,15,i42/p1234,389038080,914.0
mfhzx9j1,no_efference,15,i42/p1234,393707520,915.0
mfhzx9j1,no_efference,15,i42/p1234,398622720,915.0
mfhzx9j1,no_efference,15,i42/p1234,403292160,915.0
mfhzx9j1,no_efference,15,i42/p1234,408207360,915.0
mfhzx9j1,no_efference,15,i42/p1234,412876800,915.0
mfhzx9j1,no_efference,15,i42/p1234,417792000,915.0
mfhzx9j1,no_efference,15,i42/p1234,422461440,913.0
mfhzx9j1,no_efference,15,i42/p1234,427376640,915.0
mfhzx9j1,no_efference,15,i42/p1234,432046080,915.0
mfhzx9j1,no_efference,15,i42/p1234,436961280,915.0
mfhzx9j1,no_efference,15,i42/p1234,441630720,915.0
mfhzx9j1,no_efference,15,i42/p1234,446545920,916.0
mfhzx9j1,no_efference,15,i42/p1234,451215360,913.0
mfhzx9j1,no_efference,15,i42/p1234,456130560,914.0
mfhzx9j1,no_efference,15,i42/p1234,460800000,916.0
mfhzx9j1,no_efference,15,i42/p1234,465715200,916.0
mfhzx9j1,no_efference,15,i42/p1234,470630400,916.0
mfhzx9j1,no_efference,15,i42/p1234,475299840,909.0
mfhzx9j1,no_efference,15,i42/p1234,480215040,915.0
cam2qiup,no_efference,15,i43/p43,4915200,0.0
cam2qiup,no_efference,15,i43/p43,9830400,0.0
cam2qiup,no_efference,15,i43/p43,14499840,0.0
cam2qiup,no_efference,15,i43/p43,19415040,0.0
cam2qiup,no_efference,15,i43/p43,24084480,0.0
cam2qiup,no_efference,15,i43/p43,28999680,0.0
cam2qiup,no_efference,15,i43/p43,33669120,0.0
cam2qiup,no_efference,15,i43/p43,38584320,0.0
cam2qiup,no_efference,15,i43/p43,43253760,0.0
cam2qiup,no_efference,15,i43/p43,48168960,0.0
cam2qiup,no_efference,15,i43/p43,52838400,0.0
cam2qiup,no_efference,15,i43/p43,57753600,0.0
cam2qiup,no_efference,15,i43/p43,62423040,0.0
cam2qiup,no_efference,15,i43/p43,67338240,0.0
cam2qiup,no_efference,15,i43/p43,72007680,0.0
cam2qiup,no_efference,15,i43/p43,76922880,0.0
cam2qiup,no_efference,15,i43/p43,81838080,0.0
cam2qiup,no_efference,15,i43/p43,86507520,0.0
cam2qiup,no_efference,15,i43/p43,91422720,0.0
cam2qiup,no_efference,15,i43/p43,96092160,0.0
cam2qiup,no_efference,15,i43/p43,101007360,0.0
cam2qiup,no_efference,15,i43/p43,105676800,0.0
cam2qiup,no_efference,15,i43/p43,110592000,0.0
cam2qiup,no_efference,15,i43/p43,115261440,0.0
cam2qiup,no_efference,15,i43/p43,120176640,0.0
cam2qiup,no_efference,15,i43/p43,124846080,0.0
cam2qiup,no_efference,15,i43/p43,129761280,0.0
cam2qiup,no_efference,15,i43/p43,134430720,0.0
cam2qiup,no_efference,15,i43/p43,139345920,0.0
cam2qiup,no_efference,15,i43/p43,144015360,0.0
cam2qiup,no_efference,15,i43/p43,148930560,0.0
cam2qiup,no_efference,15,i43/p43,153600000,0.0
cam2qiup,no_efference,15,i43/p43,158515200,0.0
cam2qiup,no_efference,15,i43/p43,163430400,0.0
cam2qiup,no_efference,15,i43/p43,168099840,0.0
cam2qiup,no_efference,15,i43/p43,173015040,0.0
cam2qiup,no_efference,15,i43/p43,177684480,0.0
cam2qiup,no_efference,15,i43/p43,182599680,0.0
cam2qiup,no_efference,15,i43/p43,187269120,0.0
cam2qiup,no_efference,15,i43/p43,192184320,0.0
cam2qiup,no_efference,15,i43/p43,196853760,0.0
cam2qiup,no_efference,15,i43/p43,201768960,0.0
cam2qiup,no_efference,15,i43/p43,206438400,0.0
cam2qiup,no_efference,15,i43/p43,211353600,0.0
cam2qiup,no_efference,15,i43/p43,216023040,0.0
cam2qiup,no_efference,15,i43/p43,220938240,0.0
cam2qiup,no_efference,15,i43/p43,225607680,0.0
cam2qiup,no_efference,15,i43/p43,230522880,0.0
cam2qiup,no_efference,15,i43/p43,235438080,0.0
cam2qiup,no_efference,15,i43/p43,240107520,0.0
cam2qiup,no_efference,15,i43/p43,245022720,0.0
cam2qiup,no_efference,15,i43/p43,249692160,0.0
cam2qiup,no_efference,15,i43/p43,254607360,0.0
cam2qiup,no_efference,15,i43/p43,259276800,0.0
cam2qiup,no_efference,15,i43/p43,264192000,0.0
cam2qiup,no_efference,15,i43/p43,268861440,0.0
cam2qiup,no_efference,15,i43/p43,273776640,0.0
cam2qiup,no_efference,15,i43/p43,278446080,0.0
cam2qiup,no_efference,15,i43/p43,283361280,0.0
cam2qiup,no_efference,15,i43/p43,288030720,0.0
cam2qiup,no_efference,15,i43/p43,292945920,0.0
cam2qiup,no_efference,15,i43/p43,297615360,0.0
cam2qiup,no_efference,15,i43/p43,302530560,0.0
cam2qiup,no_efference,15,i43/p43,307200000,0.0
cam2qiup,no_efference,15,i43/p43,312115200,0.0
cam2qiup,no_efference,15,i43/p43,317030400,0.0
cam2qiup,no_efference,15,i43/p43,321699840,0.0
cam2qiup,no_efference,15,i43/p43,326615040,0.0
cam2qiup,no_efference,15,i43/p43,331284480,0.0
cam2qiup,no_efference,15,i43/p43,336199680,0.0
cam2qiup,no_efference,15,i43/p43,340869120,0.0
cam2qiup,no_efference,15,i43/p43,345784320,0.0
cam2qiup,no_efference,15,i43/p43,350453760,0.0
cam2qiup,no_efference,15,i43/p43,355368960,0.0
cam2qiup,no_efference,15,i43/p43,360038400,0.0
cam2qiup,no_efference,15,i43/p43,364953600,0.0
cam2qiup,no_efference,15,i43/p43,369623040,0.0
cam2qiup,no_efference,15,i43/p43,374538240,0.0
cam2qiup,no_efference,15,i43/p43,379207680,0.0
cam2qiup,no_efference,15,i43/p43,384122880,0.0
cam2qiup,no_efference,15,i43/p43,389038080,0.0
cam2qiup,no_efference,15,i43/p43,393707520,0.0
cam2qiup,no_efference,15,i43/p43,398622720,0.0
cam2qiup,no_efference,15,i43/p43,403292160,0.0
cam2qiup,no_efference,15,i43/p43,408207360,0.0
cam2qiup,no_efference,15,i43/p43,412876800,0.0
cam2qiup,no_efference,15,i43/p43,417792000,0.0
cam2qiup,no_efference,15,i43/p43,422461440,0.0
cam2qiup,no_efference,15,i43/p43,427376640,0.0
cam2qiup,no_efference,15,i43/p43,432046080,0.0
cam2qiup,no_efference,15,i43/p43,436961280,0.0
cam2qiup,no_efference,15,i43/p43,441630720,0.0
cam2qiup,no_efference,15,i43/p43,446545920,0.0
cam2qiup,no_efference,15,i43/p43,451215360,0.0
cam2qiup,no_efference,15,i43/p43,456130560,0.0
cam2qiup,no_efference,15,i43/p43,460800000,0.0
cam2qiup,no_efference,15,i43/p43,465715200,0.0
cam2qiup,no_efference,15,i43/p43,470630400,0.0
cam2qiup,no_efference,15,i43/p43,475299840,0.0
cam2qiup,no_efference,15,i43/p43,480215040,0.0
gz35oscs,no_efference,15,i44/p44,4915200,0.0
gz35oscs,no_efference,15,i44/p44,9830400,0.0
gz35oscs,no_efference,15,i44/p44,14499840,0.0
gz35oscs,no_efference,15,i44/p44,19415040,0.0
gz35oscs,no_efference,15,i44/p44,24084480,0.0
gz35oscs,no_efference,15,i44/p44,28999680,0.0
gz35oscs,no_efference,15,i44/p44,33669120,0.0
gz35oscs,no_efference,15,i44/p44,38584320,0.0
gz35oscs,no_efference,15,i44/p44,43253760,0.0
gz35oscs,no_efference,15,i44/p44,48168960,0.0
gz35oscs,no_efference,15,i44/p44,52838400,0.0
gz35oscs,no_efference,15,i44/p44,57753600,0.0
gz35oscs,no_efference,15,i44/p44,62423040,0.0
gz35oscs,no_efference,15,i44/p44,67338240,0.0
gz35oscs,no_efference,15,i44/p44,72007680,0.0
gz35oscs,no_efference,15,i44/p44,76922880,0.0
gz35oscs,no_efference,15,i44/p44,81838080,0.0
gz35oscs,no_efference,15,i44/p44,86507520,0.0
gz35oscs,no_efference,15,i44/p44,91422720,0.0
gz35oscs,no_efference,15,i44/p44,96092160,0.0
gz35oscs,no_efference,15,i44/p44,101007360,0.0
gz35oscs,no_efference,15,i44/p44,105676800,0.0
gz35oscs,no_efference,15,i44/p44,110592000,0.0
gz35oscs,no_efference,15,i44/p44,115261440,0.0
gz35oscs,no_efference,15,i44/p44,120176640,0.0
gz35oscs,no_efference,15,i44/p44,124846080,0.0
gz35oscs,no_efference,15,i44/p44,129761280,0.0
gz35oscs,no_efference,15,i44/p44,134430720,0.0
gz35oscs,no_efference,15,i44/p44,139345920,0.0
gz35oscs,no_efference,15,i44/p44,144015360,0.0
gz35oscs,no_efference,15,i44/p44,148930560,0.0
gz35oscs,no_efference,15,i44/p44,153600000,0.0
gz35oscs,no_efference,15,i44/p44,158515200,0.0
gz35oscs,no_efference,15,i44/p44,163430400,0.0
gz35oscs,no_efference,15,i44/p44,168099840,0.0
gz35oscs,no_efference,15,i44/p44,173015040,0.0
gz35oscs,no_efference,15,i44/p44,177684480,0.0
gz35oscs,no_efference,15,i44/p44,182599680,0.0
gz35oscs,no_efference,15,i44/p44,187269120,0.0
gz35oscs,no_efference,15,i44/p44,192184320,0.0
gz35oscs,no_efference,15,i44/p44,196853760,0.0
gz35oscs,no_efference,15,i44/p44,201768960,0.0
gz35oscs,no_efference,15,i44/p44,206438400,0.0
gz35oscs,no_efference,15,i44/p44,211353600,0.0
gz35oscs,no_efference,15,i44/p44,216023040,0.0
gz35oscs,no_efference,15,i44/p44,220938240,0.0
gz35oscs,no_efference,15,i44/p44,225607680,0.0
gz35oscs,no_efference,15,i44/p44,230522880,0.0
gz35oscs,no_efference,15,i44/p44,235438080,0.0
gz35oscs,no_efference,15,i44/p44,240107520,0.0
gz35oscs,no_efference,15,i44/p44,245022720,0.0
gz35oscs,no_efference,15,i44/p44,249692160,0.0
gz35oscs,no_efference,15,i44/p44,254607360,0.0
gz35oscs,no_efference,15,i44/p44,259276800,0.0
gz35oscs,no_efference,15,i44/p44,264192000,0.0
gz35oscs,no_efference,15,i44/p44,268861440,0.0
gz35oscs,no_efference,15,i44/p44,273776640,0.0
gz35oscs,no_efference,15,i44/p44,278446080,0.0
gz35oscs,no_efference,15,i44/p44,283361280,0.0
gz35oscs,no_efference,15,i44/p44,288030720,0.0
gz35oscs,no_efference,15,i44/p44,292945920,0.0
gz35oscs,no_efference,15,i44/p44,297615360,0.0
gz35oscs,no_efference,15,i44/p44,302530560,0.0
gz35oscs,no_efference,15,i44/p44,307200000,0.0
gz35oscs,no_efference,15,i44/p44,312115200,0.0
gz35oscs,no_efference,15,i44/p44,317030400,0.0
gz35oscs,no_efference,15,i44/p44,321699840,0.0
gz35oscs,no_efference,15,i44/p44,326615040,0.0
gz35oscs,no_efference,15,i44/p44,331284480,0.0
gz35oscs,no_efference,15,i44/p44,336199680,0.0
gz35oscs,no_efference,15,i44/p44,340869120,0.0
gz35oscs,no_efference,15,i44/p44,345784320,0.0
gz35oscs,no_efference,15,i44/p44,350453760,0.0
gz35oscs,no_efference,15,i44/p44,355368960,0.0
gz35oscs,no_efference,15,i44/p44,360038400,0.0
gz35oscs,no_efference,15,i44/p44,364953600,0.0
gz35oscs,no_efference,15,i44/p44,369623040,0.0
gz35oscs,no_efference,15,i44/p44,374538240,0.0
gz35oscs,no_efference,15,i44/p44,379207680,0.0
gz35oscs,no_efference,15,i44/p44,384122880,0.0
gz35oscs,no_efference,15,i44/p44,389038080,0.0
gz35oscs,no_efference,15,i44/p44,393707520,0.0
gz35oscs,no_efference,15,i44/p44,398622720,0.0
gz35oscs,no_efference,15,i44/p44,403292160,0.0
gz35oscs,no_efference,15,i44/p44,408207360,0.0
gz35oscs,no_efference,15,i44/p44,412876800,0.0
gz35oscs,no_efference,15,i44/p44,417792000,0.0
gz35oscs,no_efference,15,i44/p44,422461440,0.0
gz35oscs,no_efference,15,i44/p44,427376640,0.0
gz35oscs,no_efference,15,i44/p44,432046080,0.0
gz35oscs,no_efference,15,i44/p44,436961280,0.0
gz35oscs,no_efference,15,i44/p44,441630720,0.0
gz35oscs,no_efference,15,i44/p44,446545920,0.0
gz35oscs,no_efference,15,i44/p44,451215360,0.0
gz35oscs,no_efference,15,i44/p44,456130560,0.0
gz35oscs,no_efference,15,i44/p44,460800000,0.0
gz35oscs,no_efference,15,i44/p44,465715200,0.0
gz35oscs,no_efference,15,i44/p44,470630400,0.0
gz35oscs,no_efference,15,i44/p44,475299840,0.0
gz35oscs,no_efference,15,i44/p44,480215040,0.0
xta4ggo4,no_efference,20,i42/p1234,4915200,0.0
xta4ggo4,no_efference,20,i42/p1234,9830400,0.0
xta4ggo4,no_efference,20,i42/p1234,14499840,900.0
xta4ggo4,no_efference,20,i42/p1234,19415040,906.0
xta4ggo4,no_efference,20,i42/p1234,24084480,866.0
xta4ggo4,no_efference,20,i42/p1234,28999680,924.0
xta4ggo4,no_efference,20,i42/p1234,33669120,927.0
xta4ggo4,no_efference,20,i42/p1234,38584320,927.0
xta4ggo4,no_efference,20,i42/p1234,43253760,925.0
xta4ggo4,no_efference,20,i42/p1234,48168960,927.0
xta4ggo4,no_efference,20,i42/p1234,52838400,927.0
xta4ggo4,no_efference,20,i42/p1234,57753600,927.0
xta4ggo4,no_efference,20,i42/p1234,62423040,926.0
xta4ggo4,no_efference,20,i42/p1234,67338240,927.0
xta4ggo4,no_efference,20,i42/p1234,72007680,927.0
xta4ggo4,no_efference,20,i42/p1234,76922880,927.0
xta4ggo4,no_efference,20,i42/p1234,81838080,927.0
xta4ggo4,no_efference,20,i42/p1234,86507520,927.0
xta4ggo4,no_efference,20,i42/p1234,91422720,925.0
xta4ggo4,no_efference,20,i42/p1234,96092160,926.0
xta4ggo4,no_efference,20,i42/p1234,101007360,925.0
xta4ggo4,no_efference,20,i42/p1234,105676800,925.0
xta4ggo4,no_efference,20,i42/p1234,110592000,926.0
xta4ggo4,no_efference,20,i42/p1234,115261440,924.0
xta4ggo4,no_efference,20,i42/p1234,120176640,926.0
xta4ggo4,no_efference,20,i42/p1234,124846080,926.0
xta4ggo4,no_efference,20,i42/p1234,129761280,926.0
xta4ggo4,no_efference,20,i42/p1234,134430720,926.0
xta4ggo4,no_efference,20,i42/p1234,139345920,927.0
xta4ggo4,no_efference,20,i42/p1234,144015360,927.0
xta4ggo4,no_efference,20,i42/p1234,148930560,927.0
xta4ggo4,no_efference,20,i42/p1234,153600000,924.0
xta4ggo4,no_efference,20,i42/p1234,158515200,925.0
xta4ggo4,no_efference,20,i42/p1234,163430400,927.0
xta4ggo4,no_efference,20,i42/p1234,168099840,927.0
xta4ggo4,no_efference,20,i42/p1234,173015040,927.0
xta4ggo4,no_efference,20,i42/p1234,177684480,927.0
xta4ggo4,no_efference,20,i42/p1234,182599680,925.0
xta4ggo4,no_efference,20,i42/p1234,187269120,927.0
xta4ggo4,no_efference,20,i42/p1234,192184320,927.0
xta4ggo4,no_efference,20,i42/p1234,196853760,927.0
xta4ggo4,no_efference,20,i42/p1234,201768960,927.0
xta4ggo4,no_efference,20,i42/p1234,206438400,927.0
xta4ggo4,no_efference,20,i42/p1234,211353600,927.0
xta4ggo4,no_efference,20,i42/p1234,216023040,928.0
xta4ggo4,no_efference,20,i42/p1234,220938240,928.0
xta4ggo4,no_efference,20,i42/p1234,225607680,925.0
xta4ggo4,no_efference,20,i42/p1234,230522880,926.0
xta4ggo4,no_efference,20,i42/p1234,235438080,928.0
xta4ggo4,no_efference,20,i42/p1234,240107520,928.0
xta4ggo4,no_efference,20,i42/p1234,245022720,928.0
xta4ggo4,no_efference,20,i42/p1234,249692160,928.0
xta4ggo4,no_efference,20,i42/p1234,254607360,928.0
xta4ggo4,no_efference,20,i42/p1234,259276800,928.0
xta4ggo4,no_efference,20,i42/p1234,264192000,928.0
xta4ggo4,no_efference,20,i42/p1234,268861440,927.0
xta4ggo4,no_efference,20,i42/p1234,273776640,925.0
xta4ggo4,no_efference,20,i42/p1234,278446080,927.0
xta4ggo4,no_efference,20,i42/p1234,283361280,928.0
xta4ggo4,no_efference,20,i42/p1234,288030720,927.0
xta4ggo4,no_efference,20,i42/p1234,292945920,928.0
xta4ggo4,no_efference,20,i42/p1234,297615360,928.0
xta4ggo4,no_efference,20,i42/p1234,302530560,928.0
xta4ggo4,no_efference,20,i42/p1234,307200000,926.0
xta4ggo4,no_efference,20,i42/p1234,312115200,929.0
xta4ggo4,no_efference,20,i42/p1234,317030400,926.0
xta4ggo4,no_efference,20,i42/p1234,321699840,929.0
xta4ggo4,no_efference,20,i42/p1234,326615040,930.0
xta4ggo4,no_efference,20,i42/p1234,331284480,930.0
xta4ggo4,no_efference,20,i42/p1234,336199680,928.0
xta4ggo4,no_efference,20,i42/p1234,340869120,930.0
xta4ggo4,no_efference,20,i42/p1234,345784320,930.0
xta4ggo4,no_efference,20,i42/p1234,350453760,930.0
xta4ggo4,no_efference,20,i42/p1234,355368960,930.0
xta4ggo4,no_efference,20,i42/p1234,360038400,928.0
xta4ggo4,no_efference,20,i42/p1234,364953600,931.0
xta4ggo4,no_efference,20,i42/p1234,369623040,930.0
xta4ggo4,no_efference,20,i42/p1234,374538240,931.0
xta4ggo4,no_efference,20,i42/p1234,379207680,931.0
xta4ggo4,no_efference,20,i42/p1234,384122880,931.0
xta4ggo4,no_efference,20,i42/p1234,389038080,931.0
xta4ggo4,no_efference,20,i42/p1234,393707520,931.0
xta4ggo4,no_efference,20,i42/p1234,398622720,929.0
xta4ggo4,no_efference,20,i42/p1234,403292160,929.0
xta4ggo4,no_efference,20,i42/p1234,408207360,932.0
xta4ggo4,no_efference,20,i42/p1234,412876800,931.0
xta4ggo4,no_efference,20,i42/p1234,417792000,931.0
xta4ggo4,no_efference,20,i42/p1234,422461440,930.0
xta4ggo4,no_efference,20,i42/p1234,427376640,931.0
xta4ggo4,no_efference,20,i42/p1234,432046080,932.0
xta4ggo4,no_efference,20,i42/p1234,436961280,933.0
xta4ggo4,no_efference,20,i42/p1234,441630720,933.0
xta4ggo4,no_efference,20,i42/p1234,446545920,933.0
xta4ggo4,no_efference,20,i42/p1234,451215360,932.0
xta4ggo4,no_efference,20,i42/p1234,456130560,933.0
xta4ggo4,no_efference,20,i42/p1234,460800000,933.0
xta4ggo4,no_efference,20,i42/p1234,465715200,933.0
xta4ggo4,no_efference,20,i42/p1234,470630400,931.0
xta4ggo4,no_efference,20,i42/p1234,475299840,933.0
xta4ggo4,no_efference,20,i42/p1234,480215040,934.0
21fqjyxd,no_efference,20,i43/p43,4915200,0.0
21fqjyxd,no_efference,20,i43/p43,9830400,0.0
21fqjyxd,no_efference,20,i43/p43,14499840,0.0
21fqjyxd,no_efference,20,i43/p43,19415040,0.0
21fqjyxd,no_efference,20,i43/p43,24084480,0.0
21fqjyxd,no_efference,20,i43/p43,28999680,0.0
21fqjyxd,no_efference,20,i43/p43,33669120,0.0
21fqjyxd,no_efference,20,i43/p43,38584320,0.0
21fqjyxd,no_efference,20,i43/p43,43253760,0.0
21fqjyxd,no_efference,20,i43/p43,48168960,0.0
21fqjyxd,no_efference,20,i43/p43,52838400,0.0
21fqjyxd,no_efference,20,i43/p43,57753600,0.0
21fqjyxd,no_efference,20,i43/p43,62423040,0.0
21fqjyxd,no_efference,20,i43/p43,67338240,0.0
21fqjyxd,no_efference,20,i43/p43,72007680,0.0
21fqjyxd,no_efference,20,i43/p43,76922880,0.0
21fqjyxd,no_efference,20,i43/p43,81838080,0.0
21fqjyxd,no_efference,20,i43/p43,86507520,0.0
21fqjyxd,no_efference,20,i43/p43,91422720,0.0
21fqjyxd,no_efference,20,i43/p43,96092160,0.0
21fqjyxd,no_efference,20,i43/p43,101007360,0.0
21fqjyxd,no_efference,20,i43/p43,105676800,0.0
21fqjyxd,no_efference,20,i43/p43,110592000,0.0
21fqjyxd,no_efference,20,i43/p43,115261440,0.0
21fqjyxd,no_efference,20,i43/p43,120176640,0.0
21fqjyxd,no_efference,20,i43/p43,124846080,0.0
21fqjyxd,no_efference,20,i43/p43,129761280,0.0
21fqjyxd,no_efference,20,i43/p43,134430720,0.0
21fqjyxd,no_efference,20,i43/p43,139345920,0.0
21fqjyxd,no_efference,20,i43/p43,144015360,0.0
21fqjyxd,no_efference,20,i43/p43,148930560,0.0
21fqjyxd,no_efference,20,i43/p43,153600000,0.0
21fqjyxd,no_efference,20,i43/p43,158515200,0.0
21fqjyxd,no_efference,20,i43/p43,163430400,0.0
21fqjyxd,no_efference,20,i43/p43,168099840,0.0
21fqjyxd,no_efference,20,i43/p43,173015040,0.0
21fqjyxd,no_efference,20,i43/p43,177684480,0.0
21fqjyxd,no_efference,20,i43/p43,182599680,0.0
21fqjyxd,no_efference,20,i43/p43,187269120,0.0
21fqjyxd,no_efference,20,i43/p43,192184320,0.0
21fqjyxd,no_efference,20,i43/p43,196853760,0.0
21fqjyxd,no_efference,20,i43/p43,201768960,0.0
21fqjyxd,no_efference,20,i43/p43,206438400,0.0
21fqjyxd,no_efference,20,i43/p43,211353600,0.0
21fqjyxd,no_efference,20,i43/p43,216023040,0.0
21fqjyxd,no_efference,20,i43/p43,220938240,656.0
21fqjyxd,no_efference,20,i43/p43,225607680,302.0
21fqjyxd,no_efference,20,i43/p43,230522880,828.0
21fqjyxd,no_efference,20,i43/p43,235438080,834.0
21fqjyxd,no_efference,20,i43/p43,240107520,840.0
21fqjyxd,no_efference,20,i43/p43,245022720,890.0
21fqjyxd,no_efference,20,i43/p43,249692160,899.0
21fqjyxd,no_efference,20,i43/p43,254607360,902.0
21fqjyxd,no_efference,20,i43/p43,259276800,903.0
21fqjyxd,no_efference,20,i43/p43,264192000,903.0
21fqjyxd,no_efference,20,i43/p43,268861440,903.0
21fqjyxd,no_efference,20,i43/p43,273776640,0.0
21fqjyxd,no_efference,20,i43/p43,278446080,888.0
21fqjyxd,no_efference,20,i43/p43,283361280,892.0
21fqjyxd,no_efference,20,i43/p43,288030720,901.0
21fqjyxd,no_efference,20,i43/p43,292945920,904.0
21fqjyxd,no_efference,20,i43/p43,297615360,904.0
21fqjyxd,no_efference,20,i43/p43,302530560,905.0
21fqjyxd,no_efference,20,i43/p43,307200000,236.0
21fqjyxd,no_efference,20,i43/p43,312115200,892.0
21fqjyxd,no_efference,20,i43/p43,317030400,903.0
21fqjyxd,no_efference,20,i43/p43,321699840,904.0
21fqjyxd,no_efference,20,i43/p43,326615040,905.0
21fqjyxd,no_efference,20,i43/p43,331284480,908.0
21fqjyxd,no_efference,20,i43/p43,336199680,909.0
21fqjyxd,no_efference,20,i43/p43,340869120,909.0
21fqjyxd,no_efference,20,i43/p43,345784320,909.0
21fqjyxd,no_efference,20,i43/p43,350453760,909.0
21fqjyxd,no_efference,20,i43/p43,355368960,909.0
21fqjyxd,no_efference,20,i43/p43,360038400,909.0
21fqjyxd,no_efference,20,i43/p43,364953600,907.0
21fqjyxd,no_efference,20,i43/p43,369623040,909.0
21fqjyxd,no_efference,20,i43/p43,374538240,909.0
21fqjyxd,no_efference,20,i43/p43,379207680,907.0
21fqjyxd,no_efference,20,i43/p43,384122880,908.0
21fqjyxd,no_efference,20,i43/p43,389038080,908.0
21fqjyxd,no_efference,20,i43/p43,393707520,908.0
21fqjyxd,no_efference,20,i43/p43,398622720,906.0
21fqjyxd,no_efference,20,i43/p43,403292160,909.0
21fqjyxd,no_efference,20,i43/p43,408207360,908.0
21fqjyxd,no_efference,20,i43/p43,412876800,906.0
21fqjyxd,no_efference,20,i43/p43,417792000,910.0
21fqjyxd,no_efference,20,i43/p43,422461440,908.0
21fqjyxd,no_efference,20,i43/p43,427376640,909.0
21fqjyxd,no_efference,20,i43/p43,432046080,910.0
21fqjyxd,no_efference,20,i43/p43,436961280,910.0
21fqjyxd,no_efference,20,i43/p43,441630720,909.0
21fqjyxd,no_efference,20,i43/p43,446545920,909.0
21fqjyxd,no_efference,20,i43/p43,451215360,910.0
21fqjyxd,no_efference,20,i43/p43,456130560,910.0
21fqjyxd,no_efference,20,i43/p43,460800000,908.0
21fqjyxd,no_efference,20,i43/p43,465715200,910.0
21fqjyxd,no_efference,20,i43/p43,470630400,910.0
21fqjyxd,no_efference,20,i43/p43,475299840,910.0
21fqjyxd,no_efference,20,i43/p43,480215040,837.0
6jp7e6wl,no_efference,20,i44/p44,4915200,805.0
6jp7e6wl,no_efference,20,i44/p44,9830400,772.0
6jp7e6wl,no_efference,20,i44/p44,14499840,786.0
6jp7e6wl,no_efference,20,i44/p44,19415040,864.0
6jp7e6wl,no_efference,20,i44/p44,24084480,876.0
6jp7e6wl,no_efference,20,i44/p44,28999680,891.0
6jp7e6wl,no_efference,20,i44/p44,33669120,900.0
6jp7e6wl,no_efference,20,i44/p44,38584320,903.0
6jp7e6wl,no_efference,20,i44/p44,43253760,905.0
6jp7e6wl,no_efference,20,i44/p44,48168960,908.0
6jp7e6wl,no_efference,20,i44/p44,52838400,905.0
6jp7e6wl,no_efference,20,i44/p44,57753600,905.0
6jp7e6wl,no_efference,20,i44/p44,62423040,905.0
6jp7e6wl,no_efference,20,i44/p44,67338240,905.0
6jp7e6wl,no_efference,20,i44/p44,72007680,689.0
6jp7e6wl,no_efference,20,i44/p44,76922880,836.0
6jp7e6wl,no_efference,20,i44/p44,81838080,906.0
6jp7e6wl,no_efference,20,i44/p44,86507520,907.0
6jp7e6wl,no_efference,20,i44/p44,91422720,907.0
6jp7e6wl,no_efference,20,i44/p44,96092160,907.0
6jp7e6wl,no_efference,20,i44/p44,101007360,906.0
6jp7e6wl,no_efference,20,i44/p44,105676800,907.0
6jp7e6wl,no_efference,20,i44/p44,110592000,908.0
6jp7e6wl,no_efference,20,i44/p44,115261440,907.0
6jp7e6wl,no_efference,20,i44/p44,120176640,906.0
6jp7e6wl,no_efference,20,i44/p44,124846080,905.0
6jp7e6wl,no_efference,20,i44/p44,129761280,906.0
6jp7e6wl,no_efference,20,i44/p44,134430720,906.0
6jp7e6wl,no_efference,20,i44/p44,139345920,906.0
6jp7e6wl,no_efference,20,i44/p44,144015360,908.0
6jp7e6wl,no_efference,20,i44/p44,148930560,909.0
6jp7e6wl,no_efference,20,i44/p44,153600000,908.0
6jp7e6wl,no_efference,20,i44/p44,158515200,908.0
6jp7e6wl,no_efference,20,i44/p44,163430400,909.0
6jp7e6wl,no_efference,20,i44/p44,168099840,910.0
6jp7e6wl,no_efference,20,i44/p44,173015040,908.0
6jp7e6wl,no_efference,20,i44/p44,177684480,910.0
6jp7e6wl,no_efference,20,i44/p44,182599680,911.0
6jp7e6wl,no_efference,20,i44/p44,187269120,910.0
6jp7e6wl,no_efference,20,i44/p44,192184320,911.0
6jp7e6wl,no_efference,20,i44/p44,196853760,911.0
6jp7e6wl,no_efference,20,i44/p44,201768960,911.0
6jp7e6wl,no_efference,20,i44/p44,206438400,910.0
6jp7e6wl,no_efference,20,i44/p44,211353600,911.0
6jp7e6wl,no_efference,20,i44/p44,216023040,910.0
6jp7e6wl,no_efference,20,i44/p44,220938240,911.0
6jp7e6wl,no_efference,20,i44/p44,225607680,910.0
6jp7e6wl,no_efference,20,i44/p44,230522880,910.0
6jp7e6wl,no_efference,20,i44/p44,235438080,910.0
6jp7e6wl,no_efference,20,i44/p44,240107520,910.0
6jp7e6wl,no_efference,20,i44/p44,245022720,911.0
6jp7e6wl,no_efference,20,i44/p44,249692160,912.0
6jp7e6wl,no_efference,20,i44/p44,254607360,911.0
6jp7e6wl,no_efference,20,i44/p44,259276800,911.0
6jp7e6wl,no_efference,20,i44/p44,264192000,911.0
6jp7e6wl,no_efference,20,i44/p44,268861440,912.0
6jp7e6wl,no_efference,20,i44/p44,273776640,911.0
6jp7e6wl,no_efference,20,i44/p44,278446080,911.0
6jp7e6wl,no_efference,20,i44/p44,283361280,911.0
6jp7e6wl,no_efference,20,i44/p44,288030720,911.0
6jp7e6wl,no_efference,20,i44/p44,292945920,911.0
6jp7e6wl,no_efference,20,i44/p44,297615360,912.0
6jp7e6wl,no_efference,20,i44/p44,302530560,912.0
6jp7e6wl,no_efference,20,i44/p44,307200000,912.0
6jp7e6wl,no_efference,20,i44/p44,312115200,913.0
6jp7e6wl,no_efference,20,i44/p44,317030400,913.0
6jp7e6wl,no_efference,20,i44/p44,321699840,914.0
6jp7e6wl,no_efference,20,i44/p44,326615040,914.0
6jp7e6wl,no_efference,20,i44/p44,331284480,914.0
6jp7e6wl,no_efference,20,i44/p44,336199680,914.0
6jp7e6wl,no_efference,20,i44/p44,340869120,914.0
6jp7e6wl,no_efference,20,i44/p44,345784320,913.0
6jp7e6wl,no_efference,20,i44/p44,350453760,914.0
6jp7e6wl,no_efference,20,i44/p44,355368960,914.0
6jp7e6wl,no_efference,20,i44/p44,360038400,912.0
6jp7e6wl,no_efference,20,i44/p44,364953600,915.0
6jp7e6wl,no_efference,20,i44/p44,369623040,915.0
6jp7e6wl,no_efference,20,i44/p44,374538240,913.0
6jp7e6wl,no_efference,20,i44/p44,379207680,915.0
6jp7e6wl,no_efference,20,i44/p44,384122880,914.0
6jp7e6wl,no_efference,20,i44/p44,389038080,915.0
6jp7e6wl,no_efference,20,i44/p44,393707520,915.0
6jp7e6wl,no_efference,20,i44/p44,398622720,915.0
6jp7e6wl,no_efference,20,i44/p44,403292160,915.0
6jp7e6wl,no_efference,20,i44/p44,408207360,915.0
6jp7e6wl,no_efference,20,i44/p44,412876800,916.0
6jp7e6wl,no_efference,20,i44/p44,417792000,915.0
6jp7e6wl,no_efference,20,i44/p44,422461440,916.0
6jp7e6wl,no_efference,20,i44/p44,427376640,916.0
6jp7e6wl,no_efference,20,i44/p44,432046080,916.0
6jp7e6wl,no_efference,20,i44/p44,436961280,916.0
6jp7e6wl,no_efference,20,i44/p44,441630720,915.0
6jp7e6wl,no_efference,20,i44/p44,446545920,916.0
6jp7e6wl,no_efference,20,i44/p44,451215360,916.0
6jp7e6wl,no_efference,20,i44/p44,456130560,916.0
6jp7e6wl,no_efference,20,i44/p44,460800000,916.0
6jp7e6wl,no_efference,20,i44/p44,465715200,915.0
6jp7e6wl,no_efference,20,i44/p44,470630400,916.0
6jp7e6wl,no_efference,20,i44/p44,475299840,914.0
6jp7e6wl,no_efference,20,i44/p44,480215040,915.0
x9x4recb,no_efference,25,i42/p1234,4915200,309.0
x9x4recb,no_efference,25,i42/p1234,9830400,403.0
x9x4recb,no_efference,25,i42/p1234,14499840,715.0
x9x4recb,no_efference,25,i42/p1234,19415040,830.0
x9x4recb,no_efference,25,i42/p1234,24084480,869.0
x9x4recb,no_efference,25,i42/p1234,28999680,830.0
x9x4recb,no_efference,25,i42/p1234,33669120,818.0
x9x4recb,no_efference,25,i42/p1234,38584320,846.0
x9x4recb,no_efference,25,i42/p1234,43253760,875.0
x9x4recb,no_efference,25,i42/p1234,48168960,854.0
x9x4recb,no_efference,25,i42/p1234,52838400,852.0
x9x4recb,no_efference,25,i42/p1234,57753600,848.0
x9x4recb,no_efference,25,i42/p1234,62423040,886.0
x9x4recb,no_efference,25,i42/p1234,67338240,892.0
x9x4recb,no_efference,25,i42/p1234,72007680,899.0
x9x4recb,no_efference,25,i42/p1234,76922880,899.0
x9x4recb,no_efference,25,i42/p1234,81838080,900.0
x9x4recb,no_efference,25,i42/p1234,86507520,901.0
x9x4recb,no_efference,25,i42/p1234,91422720,903.0
x9x4recb,no_efference,25,i42/p1234,96092160,903.0
x9x4recb,no_efference,25,i42/p1234,101007360,903.0
x9x4recb,no_efference,25,i42/p1234,105676800,903.0
x9x4recb,no_efference,25,i42/p1234,110592000,904.0
x9x4recb,no_efference,25,i42/p1234,115261440,904.0
x9x4recb,no_efference,25,i42/p1234,120176640,905.0
x9x4recb,no_efference,25,i42/p1234,124846080,905.0
x9x4recb,no_efference,25,i42/p1234,129761280,906.0
x9x4recb,no_efference,25,i42/p1234,134430720,906.0
x9x4recb,no_efference,25,i42/p1234,139345920,906.0
x9x4recb,no_efference,25,i42/p1234,144015360,906.0
x9x4recb,no_efference,25,i42/p1234,148930560,889.0
x9x4recb,no_efference,25,i42/p1234,153600000,903.0
x9x4recb,no_efference,25,i42/p1234,158515200,902.0
x9x4recb,no_efference,25,i42/p1234,163430400,901.0
x9x4recb,no_efference,25,i42/p1234,168099840,902.0
x9x4recb,no_efference,25,i42/p1234,173015040,903.0
x9x4recb,no_efference,25,i42/p1234,177684480,903.0
x9x4recb,no_efference,25,i42/p1234,182599680,904.0
x9x4recb,no_efference,25,i42/p1234,187269120,906.0
x9x4recb,no_efference,25,i42/p1234,192184320,905.0
x9x4recb,no_efference,25,i42/p1234,196853760,904.0
x9x4recb,no_efference,25,i42/p1234,201768960,906.0
x9x4recb,no_efference,25,i42/p1234,206438400,906.0
x9x4recb,no_efference,25,i42/p1234,211353600,904.0
x9x4recb,no_efference,25,i42/p1234,216023040,905.0
x9x4recb,no_efference,25,i42/p1234,220938240,905.0
x9x4recb,no_efference,25,i42/p1234,225607680,899.0
x9x4recb,no_efference,25,i42/p1234,230522880,899.0
x9x4recb,no_efference,25,i42/p1234,235438080,899.0
x9x4recb,no_efference,25,i42/p1234,240107520,900.0
x9x4recb,no_efference,25,i42/p1234,245022720,900.0
x9x4recb,no_efference,25,i42/p1234,249692160,899.0
x9x4recb,no_efference,25,i42/p1234,254607360,896.0
x9x4recb,no_efference,25,i42/p1234,259276800,899.0
x9x4recb,no_efference,25,i42/p1234,264192000,899.0
x9x4recb,no_efference,25,i42/p1234,268861440,902.0
x9x4recb,no_efference,25,i42/p1234,273776640,901.0
x9x4recb,no_efference,25,i42/p1234,278446080,901.0
x9x4recb,no_efference,25,i42/p1234,283361280,902.0
x9x4recb,no_efference,25,i42/p1234,288030720,902.0
x9x4recb,no_efference,25,i42/p1234,292945920,902.0
x9x4recb,no_efference,25,i42/p1234,297615360,901.0
x9x4recb,no_efference,25,i42/p1234,302530560,902.0
x9x4recb,no_efference,25,i42/p1234,307200000,903.0
x9x4recb,no_efference,25,i42/p1234,312115200,902.0
x9x4recb,no_efference,25,i42/p1234,317030400,902.0
x9x4recb,no_efference,25,i42/p1234,321699840,902.0
x9x4recb,no_efference,25,i42/p1234,326615040,902.0
x9x4recb,no_efference,25,i42/p1234,331284480,902.0
x9x4recb,no_efference,25,i42/p1234,336199680,903.0
x9x4recb,no_efference,25,i42/p1234,340869120,904.0
x9x4recb,no_efference,25,i42/p1234,345784320,903.0
x9x4recb,no_efference,25,i42/p1234,350453760,904.0
x9x4recb,no_efference,25,i42/p1234,355368960,903.0
x9x4recb,no_efference,25,i42/p1234,360038400,904.0
x9x4recb,no_efference,25,i42/p1234,364953600,904.0
x9x4recb,no_efference,25,i42/p1234,369623040,905.0
x9x4recb,no_efference,25,i42/p1234,374538240,905.0
x9x4recb,no_efference,25,i42/p1234,379207680,905.0
x9x4recb,no_efference,25,i42/p1234,384122880,906.0
x9x4recb,no_efference,25,i42/p1234,389038080,906.0
x9x4recb,no_efference,25,i42/p1234,393707520,905.0
x9x4recb,no_efference,25,i42/p1234,398622720,906.0
x9x4recb,no_efference,25,i42/p1234,403292160,906.0
x9x4recb,no_efference,25,i42/p1234,408207360,907.0
x9x4recb,no_efference,25,i42/p1234,412876800,906.0
x9x4recb,no_efference,25,i42/p1234,417792000,907.0
x9x4recb,no_efference,25,i42/p1234,422461440,908.0
x9x4recb,no_efference,25,i42/p1234,427376640,907.0
x9x4recb,no_efference,25,i42/p1234,432046080,908.0
x9x4recb,no_efference,25,i42/p1234,436961280,909.0
x9x4recb,no_efference,25,i42/p1234,441630720,0.0
x9x4recb,no_efference,25,i42/p1234,446545920,0.0
x9x4recb,no_efference,25,i42/p1234,451215360,0.0
x9x4recb,no_efference,25,i42/p1234,456130560,865.0
x9x4recb,no_efference,25,i42/p1234,460800000,873.0
x9x4recb,no_efference,25,i42/p1234,465715200,665.0
x9x4recb,no_efference,25,i42/p1234,470630400,874.0
x9x4recb,no_efference,25,i42/p1234,475299840,876.0
x9x4recb,no_efference,25,i42/p1234,480215040,876.0
qinb7iaj,no_efference,25,i43/p43,4915200,0.0
qinb7iaj,no_efference,25,i43/p43,9830400,875.0
qinb7iaj,no_efference,25,i43/p43,14499840,862.0
qinb7iaj,no_efference,25,i43/p43,19415040,815.0
qinb7iaj,no_efference,25,i43/p43,24084480,929.0
qinb7iaj,no_efference,25,i43/p43,28999680,854.0
qinb7iaj,no_efference,25,i43/p43,33669120,851.0
qinb7iaj,no_efference,25,i43/p43,38584320,928.0
qinb7iaj,no_efference,25,i43/p43,43253760,927.0
qinb7iaj,no_efference,25,i43/p43,48168960,930.0
qinb7iaj,no_efference,25,i43/p43,52838400,932.0
qinb7iaj,no_efference,25,i43/p43,57753600,931.0
qinb7iaj,no_efference,25,i43/p43,62423040,918.0
qinb7iaj,no_efference,25,i43/p43,67338240,931.0
qinb7iaj,no_efference,25,i43/p43,72007680,932.0
qinb7iaj,no_efference,25,i43/p43,76922880,932.0
qinb7iaj,no_efference,25,i43/p43,81838080,0.0
qinb7iaj,no_efference,25,i43/p43,86507520,908.0
qinb7iaj,no_efference,25,i43/p43,91422720,933.0
qinb7iaj,no_efference,25,i43/p43,96092160,933.0
qinb7iaj,no_efference,25,i43/p43,101007360,931.0
qinb7iaj,no_efference,25,i43/p43,105676800,933.0
qinb7iaj,no_efference,25,i43/p43,110592000,0.0
qinb7iaj,no_efference,25,i43/p43,115261440,509.0
qinb7iaj,no_efference,25,i43/p43,120176640,302.0
qinb7iaj,no_efference,25,i43/p43,124846080,898.0
qinb7iaj,no_efference,25,i43/p43,129761280,899.0
qinb7iaj,no_efference,25,i43/p43,134430720,898.0
qinb7iaj,no_efference,25,i43/p43,139345920,898.0
qinb7iaj,no_efference,25,i43/p43,144015360,900.0
qinb7iaj,no_efference,25,i43/p43,148930560,763.0
qinb7iaj,no_efference,25,i43/p43,153600000,901.0
qinb7iaj,no_efference,25,i43/p43,158515200,903.0
qinb7iaj,no_efference,25,i43/p43,163430400,902.0
qinb7iaj,no_efference,25,i43/p43,168099840,905.0
qinb7iaj,no_efference,25,i43/p43,173015040,905.0
qinb7iaj,no_efference,25,i43/p43,177684480,906.0
qinb7iaj,no_efference,25,i43/p43,182599680,906.0
qinb7iaj,no_efference,25,i43/p43,187269120,907.0
qinb7iaj,no_efference,25,i43/p43,192184320,906.0
qinb7iaj,no_efference,25,i43/p43,196853760,907.0
qinb7iaj,no_efference,25,i43/p43,201768960,907.0
qinb7iaj,no_efference,25,i43/p43,206438400,907.0
qinb7iaj,no_efference,25,i43/p43,211353600,907.0
qinb7iaj,no_efference,25,i43/p43,216023040,905.0
qinb7iaj,no_efference,25,i43/p43,220938240,907.0
qinb7iaj,no_efference,25,i43/p43,225607680,902.0
qinb7iaj,no_efference,25,i43/p43,230522880,906.0
qinb7iaj,no_efference,25,i43/p43,235438080,906.0
qinb7iaj,no_efference,25,i43/p43,240107520,907.0
qinb7iaj,no_efference,25,i43/p43,245022720,907.0
qinb7iaj,no_efference,25,i43/p43,249692160,907.0
qinb7iaj,no_efference,25,i43/p43,254607360,907.0
qinb7iaj,no_efference,25,i43/p43,259276800,907.0
qinb7iaj,no_efference,25,i43/p43,264192000,908.0
qinb7iaj,no_efference,25,i43/p43,268861440,908.0
qinb7iaj,no_efference,25,i43/p43,273776640,908.0
qinb7iaj,no_efference,25,i43/p43,278446080,908.0
qinb7iaj,no_efference,25,i43/p43,283361280,907.0
qinb7iaj,no_efference,25,i43/p43,288030720,909.0
qinb7iaj,no_efference,25,i43/p43,292945920,909.0
qinb7iaj,no_efference,25,i43/p43,297615360,0.0
qinb7iaj,no_efference,25,i43/p43,302530560,898.0
qinb7iaj,no_efference,25,i43/p43,307200000,907.0
qinb7iaj,no_efference,25,i43/p43,312115200,907.0
qinb7iaj,no_efference,25,i43/p43,317030400,908.0
qinb7iaj,no_efference,25,i43/p43,321699840,908.0
qinb7iaj,no_efference,25,i43/p43,326615040,908.0
qinb7iaj,no_efference,25,i43/p43,331284480,909.0
qinb7iaj,no_efference,25,i43/p43,336199680,908.0
qinb7iaj,no_efference,25,i43/p43,340869120,908.0
qinb7iaj,no_efference,25,i43/p43,345784320,908.0
qinb7iaj,no_efference,25,i43/p43,350453760,908.0
qinb7iaj,no_efference,25,i43/p43,355368960,908.0
qinb7iaj,no_efference,25,i43/p43,360038400,910.0
qinb7iaj,no_efference,25,i43/p43,364953600,908.0
qinb7iaj,no_efference,25,i43/p43,369623040,909.0
qinb7iaj,no_efference,25,i43/p43,374538240,909.0
qinb7iaj,no_efference,25,i43/p43,379207680,909.0
qinb7iaj,no_efference,25,i43/p43,384122880,0.0
qinb7iaj,no_efference,25,i43/p43,389038080,0.0
qinb7iaj,no_efference,25,i43/p43,393707520,910.0
qinb7iaj,no_efference,25,i43/p43,398622720,910.0
qinb7iaj,no_efference,25,i43/p43,403292160,910.0
qinb7iaj,no_efference,25,i43/p43,408207360,910.0
qinb7iaj,no_efference,25,i43/p43,412876800,910.0
qinb7iaj,no_efference,25,i43/p43,417792000,909.0
qinb7iaj,no_efference,25,i43/p43,422461440,908.0
qinb7iaj,no_efference,25,i43/p43,427376640,905.0
qinb7iaj,no_efference,25,i43/p43,432046080,905.0
qinb7iaj,no_efference,25,i43/p43,436961280,906.0
qinb7iaj,no_efference,25,i43/p43,441630720,906.0
qinb7iaj,no_efference,25,i43/p43,446545920,906.0
qinb7iaj,no_efference,25,i43/p43,451215360,455.0
qinb7iaj,no_efference,25,i43/p43,456130560,905.0
qinb7iaj,no_efference,25,i43/p43,460800000,905.0
qinb7iaj,no_efference,25,i43/p43,465715200,906.0
qinb7iaj,no_efference,25,i43/p43,470630400,904.0
qinb7iaj,no_efference,25,i43/p43,475299840,891.0
qinb7iaj,no_efference,25,i43/p43,480215040,904.0
hu1rhxec,no_efference,25,i44/p44,4915200,0.0
hu1rhxec,no_efference,25,i44/p44,9830400,508.0
hu1rhxec,no_efference,25,i44/p44,14499840,787.0
hu1rhxec,no_efference,25,i44/p44,19415040,778.0
hu1rhxec,no_efference,25,i44/p44,24084480,815.0
hu1rhxec,no_efference,25,i44/p44,28999680,773.0
hu1rhxec,no_efference,25,i44/p44,33669120,922.0
hu1rhxec,no_efference,25,i44/p44,38584320,923.0
hu1rhxec,no_efference,25,i44/p44,43253760,907.0
hu1rhxec,no_efference,25,i44/p44,48168960,890.0
hu1rhxec,no_efference,25,i44/p44,52838400,915.0
hu1rhxec,no_efference,25,i44/p44,57753600,924.0
hu1rhxec,no_efference,25,i44/p44,62423040,924.0
hu1rhxec,no_efference,25,i44/p44,67338240,918.0
hu1rhxec,no_efference,25,i44/p44,72007680,925.0
hu1rhxec,no_efference,25,i44/p44,76922880,931.0
hu1rhxec,no_efference,25,i44/p44,81838080,931.0
hu1rhxec,no_efference,25,i44/p44,86507520,930.0
hu1rhxec,no_efference,25,i44/p44,91422720,930.0
hu1rhxec,no_efference,25,i44/p44,96092160,931.0
hu1rhxec,no_efference,25,i44/p44,101007360,931.0
hu1rhxec,no_efference,25,i44/p44,105676800,931.0
hu1rhxec,no_efference,25,i44/p44,110592000,931.0
hu1rhxec,no_efference,25,i44/p44,115261440,931.0
hu1rhxec,no_efference,25,i44/p44,120176640,931.0
hu1rhxec,no_efference,25,i44/p44,124846080,930.0
hu1rhxec,no_efference,25,i44/p44,129761280,932.0
hu1rhxec,no_efference,25,i44/p44,134430720,930.0
hu1rhxec,no_efference,25,i44/p44,139345920,932.0
hu1rhxec,no_efference,25,i44/p44,144015360,932.0
hu1rhxec,no_efference,25,i44/p44,148930560,933.0
hu1rhxec,no_efference,25,i44/p44,153600000,766.0
hu1rhxec,no_efference,25,i44/p44,158515200,677.0
hu1rhxec,no_efference,25,i44/p44,163430400,931.0
hu1rhxec,no_efference,25,i44/p44,168099840,931.0
hu1rhxec,no_efference,25,i44/p44,173015040,931.0
hu1rhxec,no_efference,25,i44/p44,177684480,931.0
hu1rhxec,no_efference,25,i44/p44,182599680,931.0
hu1rhxec,no_efference,25,i44/p44,187269120,931.0
hu1rhxec,no_efference,25,i44/p44,192184320,931.0
hu1rhxec,no_efference,25,i44/p44,196853760,931.0
hu1rhxec,no_efference,25,i44/p44,201768960,931.0
hu1rhxec,no_efference,25,i44/p44,206438400,931.0
hu1rhxec,no_efference,25,i44/p44,211353600,931.0
hu1rhxec,no_efference,25,i44/p44,216023040,931.0
hu1rhxec,no_efference,25,i44/p44,220938240,932.0
hu1rhxec,no_efference,25,i44/p44,225607680,928.0
hu1rhxec,no_efference,25,i44/p44,230522880,932.0
hu1rhxec,no_efference,25,i44/p44,235438080,929.0
hu1rhxec,no_efference,25,i44/p44,240107520,932.0
hu1rhxec,no_efference,25,i44/p44,245022720,931.0
hu1rhxec,no_efference,25,i44/p44,249692160,932.0
hu1rhxec,no_efference,25,i44/p44,254607360,932.0
hu1rhxec,no_efference,25,i44/p44,259276800,932.0
hu1rhxec,no_efference,25,i44/p44,264192000,0.0
hu1rhxec,no_efference,25,i44/p44,268861440,933.0
hu1rhxec,no_efference,25,i44/p44,273776640,932.0
hu1rhxec,no_efference,25,i44/p44,278446080,932.0
hu1rhxec,no_efference,25,i44/p44,283361280,932.0
hu1rhxec,no_efference,25,i44/p44,288030720,932.0
hu1rhxec,no_efference,25,i44/p44,292945920,932.0
hu1rhxec,no_efference,25,i44/p44,297615360,933.0
hu1rhxec,no_efference,25,i44/p44,302530560,932.0
hu1rhxec,no_efference,25,i44/p44,307200000,932.0
hu1rhxec,no_efference,25,i44/p44,312115200,0.0
hu1rhxec,no_efference,25,i44/p44,317030400,865.0
hu1rhxec,no_efference,25,i44/p44,321699840,849.0
hu1rhxec,no_efference,25,i44/p44,326615040,869.0
hu1rhxec,no_efference,25,i44/p44,331284480,868.0
hu1rhxec,no_efference,25,i44/p44,336199680,869.0
hu1rhxec,no_efference,25,i44/p44,340869120,867.0
hu1rhxec,no_efference,25,i44/p44,345784320,869.0
hu1rhxec,no_efference,25,i44/p44,350453760,861.0
hu1rhxec,no_efference,25,i44/p44,355368960,869.0
hu1rhxec,no_efference,25,i44/p44,360038400,870.0
hu1rhxec,no_efference,25,i44/p44,364953600,871.0
hu1rhxec,no_efference,25,i44/p44,369623040,871.0
hu1rhxec,no_efference,25,i44/p44,374538240,872.0
hu1rhxec,no_efference,25,i44/p44,379207680,862.0
hu1rhxec,no_efference,25,i44/p44,384122880,873.0
hu1rhxec,no_efference,25,i44/p44,389038080,873.0
hu1rhxec,no_efference,25,i44/p44,393707520,873.0
hu1rhxec,no_efference,25,i44/p44,398622720,873.0
hu1rhxec,no_efference,25,i44/p44,403292160,873.0
hu1rhxec,no_efference,25,i44/p44,408207360,873.0
hu1rhxec,no_efference,25,i44/p44,412876800,857.0
hu1rhxec,no_efference,25,i44/p44,417792000,870.0
hu1rhxec,no_efference,25,i44/p44,422461440,873.0
hu1rhxec,no_efference,25,i44/p44,427376640,873.0
hu1rhxec,no_efference,25,i44/p44,432046080,873.0
hu1rhxec,no_efference,25,i44/p44,436961280,873.0
hu1rhxec,no_efference,25,i44/p44,441630720,874.0
hu1rhxec,no_efference,25,i44/p44,446545920,874.0
hu1rhxec,no_efference,25,i44/p44,451215360,0.0
hu1rhxec,no_efference,25,i44/p44,456130560,245.0
hu1rhxec,no_efference,25,i44/p44,460800000,836.0
hu1rhxec,no_efference,25,i44/p44,465715200,684.0
hu1rhxec,no_efference,25,i44/p44,470630400,839.0
hu1rhxec,no_efference,25,i44/p44,475299840,839.0
hu1rhxec,no_efference,25,i44/p44,480215040,837.0
0rwq4vq6,undelayed,0,i42/p1234,4915200,0.0
0rwq4vq6,undelayed,0,i42/p1234,9830400,0.0
0rwq4vq6,undelayed,0,i42/p1234,14499840,0.0
0rwq4vq6,undelayed,0,i42/p1234,19415040,0.0
0rwq4vq6,undelayed,0,i42/p1234,24084480,0.0
0rwq4vq6,undelayed,0,i42/p1234,28999680,0.0
0rwq4vq6,undelayed,0,i42/p1234,33669120,0.0
0rwq4vq6,undelayed,0,i42/p1234,38584320,0.0
0rwq4vq6,undelayed,0,i42/p1234,43253760,0.0
0rwq4vq6,undelayed,0,i42/p1234,48168960,0.0
0rwq4vq6,undelayed,0,i42/p1234,52838400,0.0
0rwq4vq6,undelayed,0,i42/p1234,57753600,0.0
0rwq4vq6,undelayed,0,i42/p1234,62423040,0.0
0rwq4vq6,undelayed,0,i42/p1234,67338240,0.0
0rwq4vq6,undelayed,0,i42/p1234,72007680,0.0
0rwq4vq6,undelayed,0,i42/p1234,76922880,0.0
0rwq4vq6,undelayed,0,i42/p1234,81838080,0.0
0rwq4vq6,undelayed,0,i42/p1234,86507520,0.0
0rwq4vq6,undelayed,0,i42/p1234,91422720,0.0
0rwq4vq6,undelayed,0,i42/p1234,96092160,0.0
0rwq4vq6,undelayed,0,i42/p1234,101007360,0.0
0rwq4vq6,undelayed,0,i42/p1234,105676800,0.0
0rwq4vq6,undelayed,0,i42/p1234,110592000,0.0
0rwq4vq6,undelayed,0,i42/p1234,115261440,0.0
0rwq4vq6,undelayed,0,i42/p1234,120176640,0.0
0rwq4vq6,undelayed,0,i42/p1234,124846080,0.0
0rwq4vq6,undelayed,0,i42/p1234,129761280,0.0
0rwq4vq6,undelayed,0,i42/p1234,134430720,0.0
0rwq4vq6,undelayed,0,i42/p1234,139345920,0.0
0rwq4vq6,undelayed,0,i42/p1234,144015360,0.0
0rwq4vq6,undelayed,0,i42/p1234,148930560,0.0
0rwq4vq6,undelayed,0,i42/p1234,153600000,0.0
0rwq4vq6,undelayed,0,i42/p1234,158515200,0.0
0rwq4vq6,undelayed,0,i42/p1234,163430400,0.0
0rwq4vq6,undelayed,0,i42/p1234,168099840,0.0
0rwq4vq6,undelayed,0,i42/p1234,173015040,0.0
0rwq4vq6,undelayed,0,i42/p1234,177684480,0.0
0rwq4vq6,undelayed,0,i42/p1234,182599680,0.0
0rwq4vq6,undelayed,0,i42/p1234,187269120,0.0
0rwq4vq6,undelayed,0,i42/p1234,192184320,0.0
0rwq4vq6,undelayed,0,i42/p1234,196853760,0.0
0rwq4vq6,undelayed,0,i42/p1234,201768960,0.0
0rwq4vq6,undelayed,0,i42/p1234,206438400,0.0
0rwq4vq6,undelayed,0,i42/p1234,211353600,0.0
0rwq4vq6,undelayed,0,i42/p1234,216023040,0.0
0rwq4vq6,undelayed,0,i42/p1234,220938240,0.0
0rwq4vq6,undelayed,0,i42/p1234,225607680,0.0
0rwq4vq6,undelayed,0,i42/p1234,230522880,0.0
0rwq4vq6,undelayed,0,i42/p1234,235438080,0.0
0rwq4vq6,undelayed,0,i42/p1234,240107520,0.0
0rwq4vq6,undelayed,0,i42/p1234,245022720,0.0
0rwq4vq6,undelayed,0,i42/p1234,249692160,0.0
0rwq4vq6,undelayed,0,i42/p1234,254607360,0.0
0rwq4vq6,undelayed,0,i42/p1234,259276800,0.0
0rwq4vq6,undelayed,0,i42/p1234,264192000,0.0
0rwq4vq6,undelayed,0,i42/p1234,268861440,0.0
0rwq4vq6,undelayed,0,i42/p1234,273776640,0.0
0rwq4vq6,undelayed,0,i42/p1234,278446080,0.0
0rwq4vq6,undelayed,0,i42/p1234,283361280,0.0
0rwq4vq6,undelayed,0,i42/p1234,288030720,0.0
0rwq4vq6,undelayed,0,i42/p1234,292945920,0.0
0rwq4vq6,undelayed,0,i42/p1234,297615360,0.0
0rwq4vq6,undelayed,0,i42/p1234,302530560,0.0
0rwq4vq6,undelayed,0,i42/p1234,307200000,0.0
0rwq4vq6,undelayed,0,i42/p1234,312115200,0.0
0rwq4vq6,undelayed,0,i42/p1234,317030400,0.0
0rwq4vq6,undelayed,0,i42/p1234,321699840,0.0
0rwq4vq6,undelayed,0,i42/p1234,326615040,0.0
0rwq4vq6,undelayed,0,i42/p1234,331284480,0.0
0rwq4vq6,undelayed,0,i42/p1234,336199680,0.0
0rwq4vq6,undelayed,0,i42/p1234,340869120,0.0
0rwq4vq6,undelayed,0,i42/p1234,345784320,0.0
0rwq4vq6,undelayed,0,i42/p1234,350453760,0.0
0rwq4vq6,undelayed,0,i42/p1234,355368960,0.0
0rwq4vq6,undelayed,0,i42/p1234,364953600,0.0
0rwq4vq6,undelayed,0,i42/p1234,369623040,0.0
0rwq4vq6,undelayed,0,i42/p1234,374538240,0.0
0rwq4vq6,undelayed,0,i42/p1234,379207680,0.0
0rwq4vq6,undelayed,0,i42/p1234,384122880,0.0
0rwq4vq6,undelayed,0,i42/p1234,389038080,0.0
0rwq4vq6,undelayed,0,i42/p1234,393707520,0.0
0rwq4vq6,undelayed,0,i42/p1234,398622720,0.0
0rwq4vq6,undelayed,0,i42/p1234,403292160,0.0
0rwq4vq6,undelayed,0,i42/p1234,408207360,0.0
0rwq4vq6,undelayed,0,i42/p1234,412876800,0.0
0rwq4vq6,undelayed,0,i42/p1234,417792000,0.0
0rwq4vq6,undelayed,0,i42/p1234,422461440,0.0
0rwq4vq6,undelayed,0,i42/p1234,427376640,0.0
0rwq4vq6,undelayed,0,i42/p1234,432046080,0.0
0rwq4vq6,undelayed,0,i42/p1234,436961280,0.0
0rwq4vq6,undelayed,0,i42/p1234,441630720,0.0
0rwq4vq6,undelayed,0,i42/p1234,446545920,0.0
0rwq4vq6,undelayed,0,i42/p1234,451215360,0.0
0rwq4vq6,undelayed,0,i42/p1234,456130560,0.0
0rwq4vq6,undelayed,0,i42/p1234,460800000,0.0
0rwq4vq6,undelayed,0,i42/p1234,465715200,0.0
0rwq4vq6,undelayed,0,i42/p1234,470630400,0.0
0rwq4vq6,undelayed,0,i42/p1234,475299840,0.0
0rwq4vq6,undelayed,0,i42/p1234,480215040,0.0
ap02bxs1,undelayed,0,i43/p43,4915200,956.0
ap02bxs1,undelayed,0,i43/p43,9830400,962.0
ap02bxs1,undelayed,0,i43/p43,14499840,963.0
ap02bxs1,undelayed,0,i43/p43,19415040,963.0
ap02bxs1,undelayed,0,i43/p43,24084480,964.0
ap02bxs1,undelayed,0,i43/p43,28999680,956.0
ap02bxs1,undelayed,0,i43/p43,33669120,966.0
ap02bxs1,undelayed,0,i43/p43,38584320,971.0
ap02bxs1,undelayed,0,i43/p43,43253760,973.0
ap02bxs1,undelayed,0,i43/p43,48168960,973.0
ap02bxs1,undelayed,0,i43/p43,52838400,973.0
ap02bxs1,undelayed,0,i43/p43,57753600,973.0
ap02bxs1,undelayed,0,i43/p43,62423040,972.0
ap02bxs1,undelayed,0,i43/p43,67338240,972.0
ap02bxs1,undelayed,0,i43/p43,72007680,973.0
ap02bxs1,undelayed,0,i43/p43,76922880,973.0
ap02bxs1,undelayed,0,i43/p43,81838080,973.0
ap02bxs1,undelayed,0,i43/p43,86507520,973.0
ap02bxs1,undelayed,0,i43/p43,91422720,859.0
ap02bxs1,undelayed,0,i43/p43,96092160,971.0
ap02bxs1,undelayed,0,i43/p43,101007360,971.0
ap02bxs1,undelayed,0,i43/p43,105676800,972.0
ap02bxs1,undelayed,0,i43/p43,110592000,972.0
ap02bxs1,undelayed,0,i43/p43,115261440,971.0
ap02bxs1,undelayed,0,i43/p43,120176640,970.0
ap02bxs1,undelayed,0,i43/p43,124846080,972.0
ap02bxs1,undelayed,0,i43/p43,129761280,973.0
ap02bxs1,undelayed,0,i43/p43,134430720,973.0
ap02bxs1,undelayed,0,i43/p43,139345920,973.0
ap02bxs1,undelayed,0,i43/p43,144015360,972.0
ap02bxs1,undelayed,0,i43/p43,148930560,971.0
ap02bxs1,undelayed,0,i43/p43,153600000,972.0
ap02bxs1,undelayed,0,i43/p43,158515200,972.0
ap02bxs1,undelayed,0,i43/p43,163430400,973.0
ap02bxs1,undelayed,0,i43/p43,168099840,0.0
ap02bxs1,undelayed,0,i43/p43,173015040,0.0
ap02bxs1,undelayed,0,i43/p43,177684480,360.0
ap02bxs1,undelayed,0,i43/p43,182599680,972.0
ap02bxs1,undelayed,0,i43/p43,187269120,973.0
ap02bxs1,undelayed,0,i43/p43,192184320,973.0
ap02bxs1,undelayed,0,i43/p43,196853760,973.0
ap02bxs1,undelayed,0,i43/p43,201768960,973.0
ap02bxs1,undelayed,0,i43/p43,206438400,973.0
ap02bxs1,undelayed,0,i43/p43,211353600,973.0
ap02bxs1,undelayed,0,i43/p43,216023040,972.0
ap02bxs1,undelayed,0,i43/p43,220938240,966.0
ap02bxs1,undelayed,0,i43/p43,225607680,965.0
ap02bxs1,undelayed,0,i43/p43,230522880,967.0
ap02bxs1,undelayed,0,i43/p43,235438080,970.0
ap02bxs1,undelayed,0,i43/p43,240107520,972.0
ap02bxs1,undelayed,0,i43/p43,245022720,973.0
ap02bxs1,undelayed,0,i43/p43,249692160,973.0
ap02bxs1,undelayed,0,i43/p43,254607360,973.0
ap02bxs1,undelayed,0,i43/p43,259276800,973.0
ap02bxs1,undelayed,0,i43/p43,264192000,972.0
ap02bxs1,undelayed,0,i43/p43,268861440,973.0
ap02bxs1,undelayed,0,i43/p43,273776640,974.0
ap02bxs1,undelayed,0,i43/p43,278446080,974.0
ap02bxs1,undelayed,0,i43/p43,283361280,974.0
ap02bxs1,undelayed,0,i43/p43,288030720,974.0
ap02bxs1,undelayed,0,i43/p43,292945920,974.0
ap02bxs1,undelayed,0,i43/p43,297615360,974.0
ap02bxs1,undelayed,0,i43/p43,302530560,974.0
ap02bxs1,undelayed,0,i43/p43,307200000,918.0
ap02bxs1,undelayed,0,i43/p43,312115200,916.0
ap02bxs1,undelayed,0,i43/p43,317030400,915.0
ap02bxs1,undelayed,0,i43/p43,321699840,920.0
ap02bxs1,undelayed,0,i43/p43,326615040,973.0
ap02bxs1,undelayed,0,i43/p43,331284480,964.0
ap02bxs1,undelayed,0,i43/p43,336199680,964.0
ap02bxs1,undelayed,0,i43/p43,340869120,965.0
ap02bxs1,undelayed,0,i43/p43,345784320,0.0
ap02bxs1,undelayed,0,i43/p43,350453760,915.0
ap02bxs1,undelayed,0,i43/p43,355368960,951.0
ap02bxs1,undelayed,0,i43/p43,360038400,961.0
ap02bxs1,undelayed,0,i43/p43,364953600,926.0
ap02bxs1,undelayed,0,i43/p43,369623040,931.0
ap02bxs1,undelayed,0,i43/p43,374538240,963.0
ap02bxs1,undelayed,0,i43/p43,379207680,965.0
ap02bxs1,undelayed,0,i43/p43,384122880,966.0
ap02bxs1,undelayed,0,i43/p43,389038080,901.0
ap02bxs1,undelayed,0,i43/p43,393707520,970.0
ap02bxs1,undelayed,0,i43/p43,398622720,971.0
ap02bxs1,undelayed,0,i43/p43,403292160,0.0
ap02bxs1,undelayed,0,i43/p43,408207360,901.0
ap02bxs1,undelayed,0,i43/p43,412876800,909.0
ap02bxs1,undelayed,0,i43/p43,417792000,911.0
ap02bxs1,undelayed,0,i43/p43,422461440,921.0
ap02bxs1,undelayed,0,i43/p43,427376640,919.0
ap02bxs1,undelayed,0,i43/p43,432046080,921.0
ap02bxs1,undelayed,0,i43/p43,436961280,972.0
ap02bxs1,undelayed,0,i43/p43,441630720,973.0
ap02bxs1,undelayed,0,i43/p43,446545920,974.0
ap02bxs1,undelayed,0,i43/p43,451215360,0.0
ap02bxs1,undelayed,0,i43/p43,456130560,918.0
ap02bxs1,undelayed,0,i43/p43,460800000,917.0
ap02bxs1,undelayed,0,i43/p43,465715200,917.0
ap02bxs1,undelayed,0,i43/p43,470630400,918.0
ap02bxs1,undelayed,0,i43/p43,475299840,919.0
ap02bxs1,undelayed,0,i43/p43,480215040,0.0
91n8a2ie,undelayed,0,i44/p44,4915200,0.0
df3wh6wb,undelayed,0,i44/p44,4915200,0.0
91n8a2ie,undelayed,0,i44/p44,9830400,0.0
df3wh6wb,undelayed,0,i44/p44,9830400,0.0
91n8a2ie,undelayed,0,i44/p44,14499840,0.0
df3wh6wb,undelayed,0,i44/p44,14499840,0.0
91n8a2ie,undelayed,0,i44/p44,19415040,0.0
df3wh6wb,undelayed,0,i44/p44,19415040,0.0
91n8a2ie,undelayed,0,i44/p44,24084480,0.0
df3wh6wb,undelayed,0,i44/p44,24084480,0.0
91n8a2ie,undelayed,0,i44/p44,28999680,0.0
df3wh6wb,undelayed,0,i44/p44,28999680,0.0
91n8a2ie,undelayed,0,i44/p44,33669120,0.0
df3wh6wb,undelayed,0,i44/p44,33669120,0.0
91n8a2ie,undelayed,0,i44/p44,38584320,0.0
df3wh6wb,undelayed,0,i44/p44,38584320,0.0
91n8a2ie,undelayed,0,i44/p44,43253760,939.0
df3wh6wb,undelayed,0,i44/p44,43253760,0.0
91n8a2ie,undelayed,0,i44/p44,48168960,942.0
df3wh6wb,undelayed,0,i44/p44,48168960,0.0
91n8a2ie,undelayed,0,i44/p44,52838400,944.0
df3wh6wb,undelayed,0,i44/p44,52838400,958.0
91n8a2ie,undelayed,0,i44/p44,57753600,899.0
df3wh6wb,undelayed,0,i44/p44,57753600,959.0
91n8a2ie,undelayed,0,i44/p44,62423040,903.0
df3wh6wb,undelayed,0,i44/p44,62423040,960.0
91n8a2ie,undelayed,0,i44/p44,67338240,907.0
df3wh6wb,undelayed,0,i44/p44,67338240,960.0
91n8a2ie,undelayed,0,i44/p44,72007680,908.0
df3wh6wb,undelayed,0,i44/p44,72007680,960.0
91n8a2ie,undelayed,0,i44/p44,76922880,910.0
df3wh6wb,undelayed,0,i44/p44,76922880,787.0
91n8a2ie,undelayed,0,i44/p44,81838080,913.0
df3wh6wb,undelayed,0,i44/p44,81838080,917.0
91n8a2ie,undelayed,0,i44/p44,86507520,914.0
df3wh6wb,undelayed,0,i44/p44,86507520,954.0
91n8a2ie,undelayed,0,i44/p44,91422720,898.0
df3wh6wb,undelayed,0,i44/p44,91422720,957.0
91n8a2ie,undelayed,0,i44/p44,96092160,903.0
df3wh6wb,undelayed,0,i44/p44,96092160,957.0
91n8a2ie,undelayed,0,i44/p44,101007360,939.0
df3wh6wb,undelayed,0,i44/p44,101007360,957.0
91n8a2ie,undelayed,0,i44/p44,105676800,941.0
df3wh6wb,undelayed,0,i44/p44,105676800,957.0
91n8a2ie,undelayed,0,i44/p44,110592000,943.0
df3wh6wb,undelayed,0,i44/p44,110592000,957.0
91n8a2ie,undelayed,0,i44/p44,115261440,945.0
df3wh6wb,undelayed,0,i44/p44,115261440,914.0
91n8a2ie,undelayed,0,i44/p44,120176640,946.0
df3wh6wb,undelayed,0,i44/p44,120176640,912.0
91n8a2ie,undelayed,0,i44/p44,124846080,0.0
df3wh6wb,undelayed,0,i44/p44,124846080,955.0
91n8a2ie,undelayed,0,i44/p44,129761280,913.0
df3wh6wb,undelayed,0,i44/p44,129761280,956.0
91n8a2ie,undelayed,0,i44/p44,134430720,915.0
df3wh6wb,undelayed,0,i44/p44,134430720,916.0
91n8a2ie,undelayed,0,i44/p44,139345920,917.0
df3wh6wb,undelayed,0,i44/p44,139345920,913.0
91n8a2ie,undelayed,0,i44/p44,144015360,918.0
df3wh6wb,undelayed,0,i44/p44,144015360,952.0
91n8a2ie,undelayed,0,i44/p44,148930560,919.0
df3wh6wb,undelayed,0,i44/p44,148930560,953.0
91n8a2ie,undelayed,0,i44/p44,153600000,918.0
df3wh6wb,undelayed,0,i44/p44,153600000,955.0
91n8a2ie,undelayed,0,i44/p44,158515200,921.0
df3wh6wb,undelayed,0,i44/p44,158515200,955.0
91n8a2ie,undelayed,0,i44/p44,163430400,921.0
df3wh6wb,undelayed,0,i44/p44,163430400,955.0
91n8a2ie,undelayed,0,i44/p44,168099840,922.0
df3wh6wb,undelayed,0,i44/p44,168099840,953.0
91n8a2ie,undelayed,0,i44/p44,173015040,922.0
df3wh6wb,undelayed,0,i44/p44,173015040,953.0
91n8a2ie,undelayed,0,i44/p44,177684480,920.0
df3wh6wb,undelayed,0,i44/p44,177684480,953.0
91n8a2ie,undelayed,0,i44/p44,182599680,923.0
df3wh6wb,undelayed,0,i44/p44,182599680,954.0
91n8a2ie,undelayed,0,i44/p44,187269120,923.0
df3wh6wb,undelayed,0,i44/p44,187269120,0.0
91n8a2ie,undelayed,0,i44/p44,192184320,923.0
df3wh6wb,undelayed,0,i44/p44,192184320,915.0
91n8a2ie,undelayed,0,i44/p44,196853760,923.0
df3wh6wb,undelayed,0,i44/p44,196853760,917.0
91n8a2ie,undelayed,0,i44/p44,201768960,923.0
df3wh6wb,undelayed,0,i44/p44,201768960,917.0
91n8a2ie,undelayed,0,i44/p44,206438400,923.0
df3wh6wb,undelayed,0,i44/p44,206438400,917.0
91n8a2ie,undelayed,0,i44/p44,211353600,923.0
df3wh6wb,undelayed,0,i44/p44,211353600,917.0
91n8a2ie,undelayed,0,i44/p44,216023040,922.0
df3wh6wb,undelayed,0,i44/p44,216023040,917.0
91n8a2ie,undelayed,0,i44/p44,220938240,922.0
df3wh6wb,undelayed,0,i44/p44,220938240,917.0
91n8a2ie,undelayed,0,i44/p44,225607680,922.0
df3wh6wb,undelayed,0,i44/p44,225607680,918.0
91n8a2ie,undelayed,0,i44/p44,230522880,922.0
df3wh6wb,undelayed,0,i44/p44,230522880,918.0
91n8a2ie,undelayed,0,i44/p44,235438080,922.0
df3wh6wb,undelayed,0,i44/p44,235438080,919.0
91n8a2ie,undelayed,0,i44/p44,240107520,922.0
df3wh6wb,undelayed,0,i44/p44,240107520,821.0
91n8a2ie,undelayed,0,i44/p44,245022720,923.0
df3wh6wb,undelayed,0,i44/p44,245022720,920.0
91n8a2ie,undelayed,0,i44/p44,249692160,923.0
df3wh6wb,undelayed,0,i44/p44,249692160,784.0
91n8a2ie,undelayed,0,i44/p44,254607360,923.0
df3wh6wb,undelayed,0,i44/p44,254607360,922.0
91n8a2ie,undelayed,0,i44/p44,259276800,923.0
df3wh6wb,undelayed,0,i44/p44,259276800,923.0
91n8a2ie,undelayed,0,i44/p44,264192000,921.0
df3wh6wb,undelayed,0,i44/p44,264192000,925.0
91n8a2ie,undelayed,0,i44/p44,268861440,921.0
df3wh6wb,undelayed,0,i44/p44,268861440,871.0
91n8a2ie,undelayed,0,i44/p44,273776640,922.0
91n8a2ie,undelayed,0,i44/p44,278446080,922.0
df3wh6wb,undelayed,0,i44/p44,278446080,875.0
91n8a2ie,undelayed,0,i44/p44,283361280,923.0
df3wh6wb,undelayed,0,i44/p44,283361280,904.0
91n8a2ie,undelayed,0,i44/p44,288030720,923.0
df3wh6wb,undelayed,0,i44/p44,288030720,860.0
91n8a2ie,undelayed,0,i44/p44,292945920,923.0
df3wh6wb,undelayed,0,i44/p44,292945920,0.0
91n8a2ie,undelayed,0,i44/p44,297615360,923.0
df3wh6wb,undelayed,0,i44/p44,297615360,0.0
91n8a2ie,undelayed,0,i44/p44,302530560,924.0
df3wh6wb,undelayed,0,i44/p44,302530560,0.0
91n8a2ie,undelayed,0,i44/p44,307200000,925.0
df3wh6wb,undelayed,0,i44/p44,307200000,0.0
91n8a2ie,undelayed,0,i44/p44,312115200,917.0
df3wh6wb,undelayed,0,i44/p44,312115200,0.0
91n8a2ie,undelayed,0,i44/p44,317030400,917.0
df3wh6wb,undelayed,0,i44/p44,317030400,930.0
91n8a2ie,undelayed,0,i44/p44,321699840,918.0
df3wh6wb,undelayed,0,i44/p44,321699840,941.0
91n8a2ie,undelayed,0,i44/p44,326615040,919.0
df3wh6wb,undelayed,0,i44/p44,326615040,943.0
91n8a2ie,undelayed,0,i44/p44,331284480,919.0
df3wh6wb,undelayed,0,i44/p44,331284480,944.0
91n8a2ie,undelayed,0,i44/p44,336199680,920.0
df3wh6wb,undelayed,0,i44/p44,336199680,946.0
91n8a2ie,undelayed,0,i44/p44,340869120,924.0
df3wh6wb,undelayed,0,i44/p44,340869120,0.0
91n8a2ie,undelayed,0,i44/p44,345784320,925.0
df3wh6wb,undelayed,0,i44/p44,345784320,944.0
91n8a2ie,undelayed,0,i44/p44,350453760,925.0
df3wh6wb,undelayed,0,i44/p44,350453760,944.0
91n8a2ie,undelayed,0,i44/p44,355368960,925.0
df3wh6wb,undelayed,0,i44/p44,355368960,945.0
91n8a2ie,undelayed,0,i44/p44,360038400,926.0
df3wh6wb,undelayed,0,i44/p44,360038400,945.0
91n8a2ie,undelayed,0,i44/p44,364953600,925.0
df3wh6wb,undelayed,0,i44/p44,364953600,946.0
91n8a2ie,undelayed,0,i44/p44,369623040,926.0
df3wh6wb,undelayed,0,i44/p44,369623040,947.0
91n8a2ie,undelayed,0,i44/p44,374538240,927.0
df3wh6wb,undelayed,0,i44/p44,374538240,948.0
91n8a2ie,undelayed,0,i44/p44,379207680,927.0
df3wh6wb,undelayed,0,i44/p44,379207680,940.0
91n8a2ie,undelayed,0,i44/p44,384122880,927.0
df3wh6wb,undelayed,0,i44/p44,384122880,0.0
91n8a2ie,undelayed,0,i44/p44,389038080,927.0
df3wh6wb,undelayed,0,i44/p44,389038080,948.0
91n8a2ie,undelayed,0,i44/p44,393707520,927.0
df3wh6wb,undelayed,0,i44/p44,393707520,947.0
91n8a2ie,undelayed,0,i44/p44,398622720,928.0
df3wh6wb,undelayed,0,i44/p44,398622720,947.0
91n8a2ie,undelayed,0,i44/p44,403292160,928.0
df3wh6wb,undelayed,0,i44/p44,403292160,946.0
91n8a2ie,undelayed,0,i44/p44,408207360,928.0
df3wh6wb,undelayed,0,i44/p44,408207360,948.0
91n8a2ie,undelayed,0,i44/p44,412876800,929.0
df3wh6wb,undelayed,0,i44/p44,412876800,948.0
91n8a2ie,undelayed,0,i44/p44,417792000,929.0
df3wh6wb,undelayed,0,i44/p44,417792000,948.0
91n8a2ie,undelayed,0,i44/p44,422461440,929.0
df3wh6wb,undelayed,0,i44/p44,422461440,949.0
91n8a2ie,undelayed,0,i44/p44,427376640,928.0
df3wh6wb,undelayed,0,i44/p44,427376640,948.0
91n8a2ie,undelayed,0,i44/p44,432046080,929.0
df3wh6wb,undelayed,0,i44/p44,432046080,949.0
91n8a2ie,undelayed,0,i44/p44,436961280,0.0
df3wh6wb,undelayed,0,i44/p44,436961280,950.0
91n8a2ie,undelayed,0,i44/p44,441630720,720.0
df3wh6wb,undelayed,0,i44/p44,441630720,950.0
91n8a2ie,undelayed,0,i44/p44,446545920,952.0
df3wh6wb,undelayed,0,i44/p44,446545920,951.0
91n8a2ie,undelayed,0,i44/p44,451215360,952.0
df3wh6wb,undelayed,0,i44/p44,451215360,951.0
91n8a2ie,undelayed,0,i44/p44,456130560,953.0
df3wh6wb,undelayed,0,i44/p44,456130560,951.0
91n8a2ie,undelayed,0,i44/p44,460800000,953.0
df3wh6wb,undelayed,0,i44/p44,460800000,953.0
91n8a2ie,undelayed,0,i44/p44,465715200,953.0
df3wh6wb,undelayed,0,i44/p44,465715200,863.0
91n8a2ie,undelayed,0,i44/p44,470630400,954.0
df3wh6wb,undelayed,0,i44/p44,470630400,909.0
91n8a2ie,undelayed,0,i44/p44,475299840,891.0
df3wh6wb,undelayed,0,i44/p44,475299840,910.0
91n8a2ie,undelayed,0,i44/p44,480215040,861.0
df3wh6wb,undelayed,0,i44/p44,480215040,911.0
8iie2vak,undelayed_fm,0,i42/p1234,4915200,0.0
8iie2vak,undelayed_fm,0,i42/p1234,9830400,947.0
8iie2vak,undelayed_fm,0,i42/p1234,14499840,952.0
8iie2vak,undelayed_fm,0,i42/p1234,19415040,954.0
8iie2vak,undelayed_fm,0,i42/p1234,24084480,955.0
8iie2vak,undelayed_fm,0,i42/p1234,28999680,955.0
8iie2vak,undelayed_fm,0,i42/p1234,33669120,955.0
8iie2vak,undelayed_fm,0,i42/p1234,38584320,954.0
8iie2vak,undelayed_fm,0,i42/p1234,43253760,955.0
8iie2vak,undelayed_fm,0,i42/p1234,48168960,956.0
8iie2vak,undelayed_fm,0,i42/p1234,52838400,955.0
8iie2vak,undelayed_fm,0,i42/p1234,57753600,956.0
8iie2vak,undelayed_fm,0,i42/p1234,62423040,0.0
8iie2vak,undelayed_fm,0,i42/p1234,67338240,847.0
8iie2vak,undelayed_fm,0,i42/p1234,72007680,913.0
8iie2vak,undelayed_fm,0,i42/p1234,76922880,869.0
8iie2vak,undelayed_fm,0,i42/p1234,81838080,0.0
8iie2vak,undelayed_fm,0,i42/p1234,86507520,916.0
8iie2vak,undelayed_fm,0,i42/p1234,91422720,0.0
8iie2vak,undelayed_fm,0,i42/p1234,96092160,882.0
8iie2vak,undelayed_fm,0,i42/p1234,101007360,950.0
8iie2vak,undelayed_fm,0,i42/p1234,105676800,952.0
8iie2vak,undelayed_fm,0,i42/p1234,110592000,953.0
8iie2vak,undelayed_fm,0,i42/p1234,115261440,0.0
8iie2vak,undelayed_fm,0,i42/p1234,120176640,948.0
8iie2vak,undelayed_fm,0,i42/p1234,124846080,949.0
8iie2vak,undelayed_fm,0,i42/p1234,129761280,950.0
8iie2vak,undelayed_fm,0,i42/p1234,134430720,950.0
8iie2vak,undelayed_fm,0,i42/p1234,139345920,950.0
8iie2vak,undelayed_fm,0,i42/p1234,144015360,951.0
8iie2vak,undelayed_fm,0,i42/p1234,148930560,949.0
8iie2vak,undelayed_fm,0,i42/p1234,153600000,951.0
8iie2vak,undelayed_fm,0,i42/p1234,158515200,870.0
8iie2vak,undelayed_fm,0,i42/p1234,163430400,951.0
8iie2vak,undelayed_fm,0,i42/p1234,168099840,952.0
8iie2vak,undelayed_fm,0,i42/p1234,173015040,953.0
8iie2vak,undelayed_fm,0,i42/p1234,177684480,952.0
8iie2vak,undelayed_fm,0,i42/p1234,182599680,953.0
8iie2vak,undelayed_fm,0,i42/p1234,187269120,953.0
8iie2vak,undelayed_fm,0,i42/p1234,192184320,953.0
8iie2vak,undelayed_fm,0,i42/p1234,196853760,953.0
8iie2vak,undelayed_fm,0,i42/p1234,201768960,953.0
8iie2vak,undelayed_fm,0,i42/p1234,206438400,953.0
8iie2vak,undelayed_fm,0,i42/p1234,211353600,936.0
8iie2vak,undelayed_fm,0,i42/p1234,216023040,937.0
8iie2vak,undelayed_fm,0,i42/p1234,220938240,942.0
8iie2vak,undelayed_fm,0,i42/p1234,225607680,944.0
8iie2vak,undelayed_fm,0,i42/p1234,230522880,947.0
8iie2vak,undelayed_fm,0,i42/p1234,235438080,948.0
8iie2vak,undelayed_fm,0,i42/p1234,240107520,950.0
8iie2vak,undelayed_fm,0,i42/p1234,245022720,951.0
8iie2vak,undelayed_fm,0,i42/p1234,249692160,952.0
8iie2vak,undelayed_fm,0,i42/p1234,254607360,953.0
8iie2vak,undelayed_fm,0,i42/p1234,259276800,953.0
8iie2vak,undelayed_fm,0,i42/p1234,264192000,954.0
8iie2vak,undelayed_fm,0,i42/p1234,268861440,954.0
8iie2vak,undelayed_fm,0,i42/p1234,273776640,954.0
8iie2vak,undelayed_fm,0,i42/p1234,278446080,954.0
8iie2vak,undelayed_fm,0,i42/p1234,283361280,954.0
8iie2vak,undelayed_fm,0,i42/p1234,288030720,955.0
8iie2vak,undelayed_fm,0,i42/p1234,292945920,955.0
8iie2vak,undelayed_fm,0,i42/p1234,297615360,956.0
8iie2vak,undelayed_fm,0,i42/p1234,302530560,956.0
8iie2vak,undelayed_fm,0,i42/p1234,307200000,956.0
8iie2vak,undelayed_fm,0,i42/p1234,312115200,956.0
8iie2vak,undelayed_fm,0,i42/p1234,317030400,956.0
8iie2vak,undelayed_fm,0,i42/p1234,321699840,957.0
8iie2vak,undelayed_fm,0,i42/p1234,326615040,957.0
8iie2vak,undelayed_fm,0,i42/p1234,331284480,957.0
8iie2vak,undelayed_fm,0,i42/p1234,336199680,957.0
8iie2vak,undelayed_fm,0,i42/p1234,340869120,958.0
8iie2vak,undelayed_fm,0,i42/p1234,345784320,958.0
8iie2vak,undelayed_fm,0,i42/p1234,350453760,958.0
8iie2vak,undelayed_fm,0,i42/p1234,355368960,958.0
8iie2vak,undelayed_fm,0,i42/p1234,360038400,958.0
8iie2vak,undelayed_fm,0,i42/p1234,364953600,959.0
8iie2vak,undelayed_fm,0,i42/p1234,369623040,960.0
8iie2vak,undelayed_fm,0,i42/p1234,374538240,947.0
8iie2vak,undelayed_fm,0,i42/p1234,379207680,959.0
8iie2vak,undelayed_fm,0,i42/p1234,384122880,959.0
8iie2vak,undelayed_fm,0,i42/p1234,389038080,959.0
8iie2vak,undelayed_fm,0,i42/p1234,393707520,960.0
8iie2vak,undelayed_fm,0,i42/p1234,398622720,960.0
8iie2vak,undelayed_fm,0,i42/p1234,403292160,960.0
8iie2vak,undelayed_fm,0,i42/p1234,408207360,960.0
8iie2vak,undelayed_fm,0,i42/p1234,412876800,960.0
8iie2vak,undelayed_fm,0,i42/p1234,417792000,960.0
8iie2vak,undelayed_fm,0,i42/p1234,422461440,954.0
8iie2vak,undelayed_fm,0,i42/p1234,427376640,960.0
8iie2vak,undelayed_fm,0,i42/p1234,432046080,960.0
8iie2vak,undelayed_fm,0,i42/p1234,436961280,961.0
8iie2vak,undelayed_fm,0,i42/p1234,441630720,961.0
8iie2vak,undelayed_fm,0,i42/p1234,446545920,961.0
8iie2vak,undelayed_fm,0,i42/p1234,451215360,961.0
8iie2vak,undelayed_fm,0,i42/p1234,456130560,944.0
8iie2vak,undelayed_fm,0,i42/p1234,460800000,960.0
8iie2vak,undelayed_fm,0,i42/p1234,465715200,962.0
8iie2vak,undelayed_fm,0,i42/p1234,470630400,962.0
8iie2vak,undelayed_fm,0,i42/p1234,475299840,963.0
8iie2vak,undelayed_fm,0,i42/p1234,480215040,963.0
4fcfynes,undelayed_fm,0,i44/p44,4915200,0.0
4fcfynes,undelayed_fm,0,i44/p44,9830400,0.0
4fcfynes,undelayed_fm,0,i44/p44,14499840,632.0
4fcfynes,undelayed_fm,0,i44/p44,19415040,841.0
4fcfynes,undelayed_fm,0,i44/p44,24084480,962.0
4fcfynes,undelayed_fm,0,i44/p44,28999680,965.0
4fcfynes,undelayed_fm,0,i44/p44,33669120,966.0
4fcfynes,undelayed_fm,0,i44/p44,38584320,966.0
4fcfynes,undelayed_fm,0,i44/p44,43253760,965.0
4fcfynes,undelayed_fm,0,i44/p44,48168960,965.0
4fcfynes,undelayed_fm,0,i44/p44,52838400,964.0
4fcfynes,undelayed_fm,0,i44/p44,57753600,963.0
4fcfynes,undelayed_fm,0,i44/p44,62423040,966.0
4fcfynes,undelayed_fm,0,i44/p44,67338240,0.0
4fcfynes,undelayed_fm,0,i44/p44,72007680,931.0
4fcfynes,undelayed_fm,0,i44/p44,76922880,933.0
4fcfynes,undelayed_fm,0,i44/p44,81838080,935.0
4fcfynes,undelayed_fm,0,i44/p44,86507520,939.0
4fcfynes,undelayed_fm,0,i44/p44,91422720,938.0
4fcfynes,undelayed_fm,0,i44/p44,96092160,939.0
4fcfynes,undelayed_fm,0,i44/p44,101007360,939.0
4fcfynes,undelayed_fm,0,i44/p44,105676800,936.0
4fcfynes,undelayed_fm,0,i44/p44,110592000,939.0
4fcfynes,undelayed_fm,0,i44/p44,115261440,899.0
4fcfynes,undelayed_fm,0,i44/p44,120176640,939.0
4fcfynes,undelayed_fm,0,i44/p44,124846080,940.0
4fcfynes,undelayed_fm,0,i44/p44,129761280,940.0
4fcfynes,undelayed_fm,0,i44/p44,134430720,932.0
4fcfynes,undelayed_fm,0,i44/p44,139345920,890.0
4fcfynes,undelayed_fm,0,i44/p44,144015360,894.0
4fcfynes,undelayed_fm,0,i44/p44,148930560,898.0
4fcfynes,undelayed_fm,0,i44/p44,153600000,941.0
4fcfynes,undelayed_fm,0,i44/p44,158515200,941.0
4fcfynes,undelayed_fm,0,i44/p44,163430400,942.0
4fcfynes,undelayed_fm,0,i44/p44,168099840,803.0
4fcfynes,undelayed_fm,0,i44/p44,173015040,940.0
4fcfynes,undelayed_fm,0,i44/p44,177684480,752.0
4fcfynes,undelayed_fm,0,i44/p44,182599680,940.0
4fcfynes,undelayed_fm,0,i44/p44,187269120,943.0
4fcfynes,undelayed_fm,0,i44/p44,192184320,944.0
4fcfynes,undelayed_fm,0,i44/p44,196853760,0.0
4fcfynes,undelayed_fm,0,i44/p44,201768960,0.0
4fcfynes,undelayed_fm,0,i44/p44,206438400,0.0
4fcfynes,undelayed_fm,0,i44/p44,211353600,0.0
4fcfynes,undelayed_fm,0,i44/p44,216023040,0.0
4fcfynes,undelayed_fm,0,i44/p44,220938240,861.0
4fcfynes,undelayed_fm,0,i44/p44,225607680,890.0
4fcfynes,undelayed_fm,0,i44/p44,230522880,932.0
4fcfynes,undelayed_fm,0,i44/p44,235438080,932.0
4fcfynes,undelayed_fm,0,i44/p44,240107520,0.0
4fcfynes,undelayed_fm,0,i44/p44,245022720,0.0
4fcfynes,undelayed_fm,0,i44/p44,249692160,0.0
4fcfynes,undelayed_fm,0,i44/p44,254607360,852.0
4fcfynes,undelayed_fm,0,i44/p44,259276800,932.0
4fcfynes,undelayed_fm,0,i44/p44,264192000,935.0
4fcfynes,undelayed_fm,0,i44/p44,268861440,934.0
4fcfynes,undelayed_fm,0,i44/p44,273776640,933.0
4fcfynes,undelayed_fm,0,i44/p44,278446080,935.0
4fcfynes,undelayed_fm,0,i44/p44,283361280,935.0
4fcfynes,undelayed_fm,0,i44/p44,288030720,934.0
4fcfynes,undelayed_fm,0,i44/p44,292945920,933.0
4fcfynes,undelayed_fm,0,i44/p44,297615360,933.0
4fcfynes,undelayed_fm,0,i44/p44,302530560,934.0
4fcfynes,undelayed_fm,0,i44/p44,307200000,935.0
4fcfynes,undelayed_fm,0,i44/p44,312115200,937.0
4fcfynes,undelayed_fm,0,i44/p44,317030400,938.0
4fcfynes,undelayed_fm,0,i44/p44,321699840,939.0
4fcfynes,undelayed_fm,0,i44/p44,326615040,940.0
4fcfynes,undelayed_fm,0,i44/p44,331284480,941.0
4fcfynes,undelayed_fm,0,i44/p44,336199680,932.0
4fcfynes,undelayed_fm,0,i44/p44,340869120,940.0
4fcfynes,undelayed_fm,0,i44/p44,345784320,942.0
4fcfynes,undelayed_fm,0,i44/p44,350453760,942.0
4fcfynes,undelayed_fm,0,i44/p44,355368960,939.0
4fcfynes,undelayed_fm,0,i44/p44,360038400,940.0
4fcfynes,undelayed_fm,0,i44/p44,364953600,943.0
4fcfynes,undelayed_fm,0,i44/p44,369623040,944.0
4fcfynes,undelayed_fm,0,i44/p44,374538240,944.0
4fcfynes,undelayed_fm,0,i44/p44,379207680,943.0
4fcfynes,undelayed_fm,0,i44/p44,384122880,946.0
4fcfynes,undelayed_fm,0,i44/p44,389038080,946.0
4fcfynes,undelayed_fm,0,i44/p44,393707520,946.0
4fcfynes,undelayed_fm,0,i44/p44,398622720,947.0
4fcfynes,undelayed_fm,0,i44/p44,403292160,929.0
4fcfynes,undelayed_fm,0,i44/p44,408207360,946.0
4fcfynes,undelayed_fm,0,i44/p44,412876800,946.0
4fcfynes,undelayed_fm,0,i44/p44,417792000,946.0
4fcfynes,undelayed_fm,0,i44/p44,422461440,946.0
4fcfynes,undelayed_fm,0,i44/p44,427376640,947.0
4fcfynes,undelayed_fm,0,i44/p44,432046080,945.0
4fcfynes,undelayed_fm,0,i44/p44,436961280,943.0
4fcfynes,undelayed_fm,0,i44/p44,441630720,946.0
4fcfynes,undelayed_fm,0,i44/p44,446545920,946.0
4fcfynes,undelayed_fm,0,i44/p44,451215360,901.0
4fcfynes,undelayed_fm,0,i44/p44,456130560,904.0
4fcfynes,undelayed_fm,0,i44/p44,460800000,908.0
4fcfynes,undelayed_fm,0,i44/p44,465715200,948.0
4fcfynes,undelayed_fm,0,i44/p44,470630400,910.0
4fcfynes,undelayed_fm,0,i44/p44,475299840,912.0
4fcfynes,undelayed_fm,0,i44/p44,480215040,913.0
