wandb_id,condition,delay_k,efference_length,step,reward_mean,lifespan_mean,encoder_kl,action_sigma,joint_l2_error,root_pos_distance,termination_rate,term_root_too_far
16jfo5vu,pos_efference,0,0,0,450.9605712890625,211.1328125,3.2240443229675293,0.8096358776092529,3.043619394302368,0.0545823462307453,0.0134029276669025,0.0105635821819305
16jfo5vu,pos_efference,0,0,10076160,841.1007080078125,267.8876953125,6.742475509643555,0.5962274670600891,1.979721188545227,0.0268448330461978,0.0060983095318078,0.0052645998075604
16jfo5vu,pos_efference,0,0,20070400,1105.2811279296875,314.5556640625,7.450027465820312,0.5222071409225464,1.7187480926513672,0.019163679331541,0.0042299814522266,0.0036619037855416
16jfo5vu,pos_efference,0,0,30064640,1374.3026123046875,367.599609375,8.087977409362793,0.4770719707012176,1.5933732986450195,0.0146151036024093,0.0022729588672518,0.0018846952589228
16jfo5vu,pos_efference,0,0,40058880,1515.267333984375,396.5439453125,9.800651550292969,0.4456423819065094,1.5635274648666382,0.0124185103923082,0.0013401304604485,0.0010269357590004
16jfo5vu,pos_efference,0,0,50053120,1558.176025390625,401.681640625,10.66263198852539,0.4191255569458008,1.508272647857666,0.0123492693528532,0.0011717800516635,0.0009187096729874
16jfo5vu,pos_efference,0,0,60047360,1682.9117431640625,421.115234375,11.932805061340332,0.3978760838508606,1.4646599292755127,0.0103767849504947,0.0007065953686833,0.0005879179807379
16jfo5vu,pos_efference,0,0,70041600,1704.6363525390625,422.513671875,12.335471153259276,0.3910502791404724,1.4457756280899048,0.0096998605877161,0.0006845695897936,0.0005890859756618
16jfo5vu,pos_efference,0,0,80035840,1745.672607421875,431.3896484375,12.913423538208008,0.3767136931419372,1.4384874105453491,0.0091890981420874,0.0004231517086736,0.0003267750435043
16jfo5vu,pos_efference,0,0,90030080,1768.7781982421875,433.166015625,13.56788444519043,0.3633532524108886,1.413257122039795,0.0092493966221809,0.0004115792689844,0.000299533130601
16jfo5vu,pos_efference,0,0,100024320,1745.1673583984375,426.896484375,13.85811710357666,0.3575192987918854,1.436316728591919,0.008541164919734,0.0005207866197451,0.0004031481803394
16jfo5vu,pos_efference,0,0,110018560,1757.4415283203125,428.4521484375,14.39623737335205,0.352067083120346,1.407034993171692,0.0091081755235791,0.0004875395388808,0.0003643822856247
16jfo5vu,pos_efference,0,0,120012800,1802.833251953125,435.3466796875,14.63385772705078,0.343350350856781,1.3983618021011353,0.0082277413457632,0.0003309852909296,0.0002833272446878
16jfo5vu,pos_efference,0,0,130007040,1806.5411376953125,434.2041015625,15.199804306030272,0.3385649025440216,1.3972985744476318,0.0077820206061005,0.0003577314782887,0.0003057761932723
16jfo5vu,pos_efference,0,0,140001280,1808.28955078125,434.2451171875,15.64696216583252,0.3335254490375519,1.3787412643432615,0.0078106047585606,0.0004236031672917,0.0003642893279902
16jfo5vu,pos_efference,0,0,150077440,1786.94921875,429.6611328125,15.626202583312988,0.3322996795177459,1.3844563961029053,0.0086028929799795,0.00047630793415,0.0003980766923632
16jfo5vu,pos_efference,0,0,160071680,1818.640869140625,436.5595703125,15.350131034851074,0.3323784172534942,1.3751803636550903,0.0081136580556631,0.0002924319123849,0.000266064540483
16jfo5vu,pos_efference,0,0,170065920,1853.448486328125,441.8125,15.857422828674316,0.3277232050895691,1.3724766969680786,0.0072345989756286,0.0001116875791922,0.0001029023114824
16jfo5vu,pos_efference,0,0,180060160,1858.6783447265625,441.4345703125,16.39258575439453,0.3256058096885681,1.3579113483428955,0.0071609821170568,0.0001646557066123,0.0001435515587218
16jfo5vu,pos_efference,0,0,190054400,1857.1004638671875,439.8955078125,16.833568572998047,0.3166131973266601,1.3526289463043213,0.0071972794830799,0.000196089662495,0.0001743716857163
16jfo5vu,pos_efference,0,0,200048640,1866.50927734375,442.1904296875,16.795791625976562,0.3116737306118011,1.339078068733215,0.0073145674541592,0.00014786637621,0.0001243496808456
16jfo5vu,pos_efference,0,0,210042880,1878.1705322265625,443.3125,17.304832458496094,0.3107519745826721,1.332383155822754,0.0072812400758266,7.298860145965591e-05,6.273108010645956e-05
16jfo5vu,pos_efference,0,0,220037120,1883.4835205078125,443.9296875,17.284212112426758,0.3033668100833893,1.3292615413665771,0.0067801820114254,6.716013012919575e-05,5.718296597478911e-05
16jfo5vu,pos_efference,0,0,230031360,1880.4581298828125,442.9423828125,17.663841247558594,0.3051393330097198,1.3255999088287354,0.0070341322571039,9.321788093075156e-05,7.742203888483346e-05
16jfo5vu,pos_efference,0,0,240025600,1881.925048828125,442.5009765625,18.07721519470215,0.3028331398963928,1.3293241262435913,0.0068648429587483,0.0001068391939043,9.593296999810264e-05
16jfo5vu,pos_efference,0,0,250019840,1890.1405029296875,443.7861328125,18.290023803710938,0.2961660623550415,1.3196783065795898,0.0068475534208118,8.584213355788961e-05,6.666759145446122e-05
16jfo5vu,pos_efference,0,0,260014080,1903.2261962890625,445.830078125,18.55630111694336,0.2890804409980774,1.314465045928955,0.0065203476697206,2.1711352019337937e-05,9.571635018801317e-06
16jfo5vu,pos_efference,0,0,270008320,1892.548095703125,443.427734375,18.95448112487793,0.2903565764427185,1.3102627992630005,0.0069158314727246,9.124726057052612e-05,6.948453665245324e-05
16jfo5vu,pos_efference,0,0,280002560,1881.8094482421875,440.1767578125,18.506813049316406,0.2930004596710205,1.3098933696746826,0.006687129382044,0.0002205711207352,0.0001922800729516
16jfo5vu,pos_efference,0,0,290078720,1904.171630859375,444.5048828125,18.970138549804688,0.2885071039199829,1.300271987915039,0.0066170254722237,0.000126320272102,0.000126320272102
16jfo5vu,pos_efference,0,0,300072960,1907.31884765625,444.939453125,19.556270599365234,0.2835409343242645,1.2975776195526123,0.0064363372512161,6.332123302854598e-05,5.6353703257627785e-05
16jfo5vu,pos_efference,0,0,310067200,1908.7843017578125,444.8564453125,19.273338317871094,0.2845475971698761,1.2953468561172483,0.0063569783233106,6.229704013094306e-05,4.6643472160212696e-05
16jfo5vu,pos_efference,0,0,320061440,1907.811767578125,444.6796875,19.423900604248047,0.2826542854309082,1.295676589012146,0.0064918166026473,6.97326977388002e-05,6.97326977388002e-05
16jfo5vu,pos_efference,0,0,330055680,1905.111572265625,444.302734375,19.47589874267578,0.2818408906459808,1.2987022399902344,0.0066949194297194,6.475707050412893e-05,4.9217727791983634e-05
16jfo5vu,pos_efference,0,0,340049920,1919.818603515625,446.0322265625,19.40851593017578,0.283909261226654,1.299093246459961,0.0062300059944391,1.6929010598687455e-05,1.4493693015538156e-05
16jfo5vu,pos_efference,0,0,350044160,1912.7652587890625,444.810546875,19.759178161621094,0.2787859141826629,1.3033190965652466,0.0060616969130933,6.44821411697194e-05,4.095436815987341e-05
16jfo5vu,pos_efference,0,0,360038400,1915.4864501953125,444.708984375,19.832469940185547,0.2753949463367462,1.2951005697250366,0.006361517123878,6.517164001706988e-05,6.103366467868909e-05
16jfo5vu,pos_efference,0,0,370032640,1918.0616455078125,445.1943359375,19.929672241210938,0.2753040492534637,1.293077826499939,0.0059613846242427,4.968826397089288e-05,3.343449498061091e-05
16jfo5vu,pos_efference,0,0,380026880,1919.171875,445.0615234375,20.42175674438477,0.27185720205307,1.2883703708648682,0.0059932535514235,3.84038794436492e-05,3.117008600383997e-05
16jfo5vu,pos_efference,0,0,390021120,1927.8045654296875,446.259765625,20.27374649047852,0.2751858234405517,1.2805315256118774,0.0059518264606595,1.0416915756650267e-05,1.0416915756650267e-05
16jfo5vu,pos_efference,0,0,400015360,1928.114990234375,445.5751953125,20.55540657043457,0.2719444632530212,1.2826030254364014,0.0057498253881931,3.766740701394156e-05,1.0349026524636429e-05
16jfo5vu,pos_efference,0,0,410009600,1925.330078125,446.0283203125,20.579002380371094,0.2701677680015564,1.281849384307861,0.0062292935326695,1.9730794520000927e-05,1.7721406038617715e-05
16jfo5vu,pos_efference,0,0,420003840,1925.4671630859373,445.6845703125,20.746782302856445,0.2709248065948486,1.2805891036987305,0.0060946866869926,3.8072626921348274e-05,2.4399876565439627e-05
16jfo5vu,pos_efference,0,0,430080000,1923.455322265625,445.599609375,20.01784324645996,0.2709628641605377,1.2826359272003174,0.0062718829140067,3.24245156662073e-05,2.865400711016264e-05
16jfo5vu,pos_efference,0,0,440074240,1924.7686767578125,445.240234375,20.95201110839844,0.2663128077983856,1.282749056816101,0.0060757352039217,5.885049904463813e-05,2.247316115244757e-05
16jfo5vu,pos_efference,0,0,450068480,1926.71630859375,445.296875,20.63762855529785,0.2675001323223114,1.2845066785812378,0.0058189290575683,3.230982110835612e-05,2.796954504447058e-05
16jfo5vu,pos_efference,0,0,460062720,1927.2777099609373,444.654296875,21.349781036376957,0.2623151540756225,1.2774014472961426,0.0058129671961069,9.716478234622627e-05,6.147255044197664e-05
16jfo5vu,pos_efference,0,0,470056960,1932.6123046875,446.0927734375,21.664661407470703,0.2593927979469299,1.276273250579834,0.0060389656573534,3.74759292753879e-05,3.74759292753879e-05
16jfo5vu,pos_efference,0,0,480051200,1935.568359375,446.1787109375,21.534011840820312,0.2638915777206421,1.2782871723175049,0.0056391218677163,2.1188290702411905e-05,1.1661680218821855e-05
16jfo5vu,pos_efference,0,0,490045440,1930.158203125,444.77734375,21.0830020904541,0.2635739743709564,1.277315378189087,0.0058313105255365,4.9933929403778166e-05,4.728022759081796e-05
16jfo5vu,pos_efference,0,0,500039680,1935.6444091796875,446.0634765625,22.01043510437012,0.257428914308548,1.2680819034576416,0.0058837649412453,3.632042717072181e-05,3.632042717072181e-05
16jfo5vu,pos_efference,0,0,510033920,1937.37841796875,446.2626953125,21.650394439697266,0.2554619312286377,1.2669143676757812,0.0057729668915271,1.36374328576494e-05,2.516913809813559e-06
16jfo5vu,pos_efference,0,0,520028160,1936.93701171875,446.0400390625,21.73945426940918,0.2540949285030365,1.270045280456543,0.0058504254557192,2.4474869860569012e-05,2.4474869860569012e-05
16jfo5vu,pos_efference,0,0,530022400,1939.938720703125,446.1435546875,22.227764129638672,0.2506223618984222,1.2717522382736206,0.0055860802531242,1.4238712537917309e-05,1.4238712537917309e-05
16jfo5vu,pos_efference,0,0,540016640,1943.04931640625,446.837890625,21.976634979248047,0.2487902343273162,1.268229842185974,0.0057100923731923,0.0,0.0
16jfo5vu,pos_efference,0,0,550010880,1939.7021484375,446.318359375,22.269119262695312,0.2482618987560272,1.269554853439331,0.0058254897594451,1.2763909580826294e-05,1.2763909580826294e-05
16jfo5vu,pos_efference,0,0,560005120,1935.034423828125,445.421875,22.515869140625,0.2492442429065704,1.265510320663452,0.0058971899561584,4.355588316684589e-05,3.910023588105105e-05
16jfo5vu,pos_efference,0,0,570081280,1942.264892578125,446.1875,22.11873435974121,0.2528301179409027,1.2652490139007568,0.0056914314627647,1.1706482837325892e-05,1.1706482837325892e-05
16jfo5vu,pos_efference,0,0,580075520,1941.6304931640625,446.482421875,22.373950958251957,0.2495642751455307,1.265683889389038,0.0057331155985593,7.421433110721409e-06,7.421433110721409e-06
16jfo5vu,pos_efference,0,0,590069760,1946.55322265625,446.431640625,22.62563705444336,0.2503295838832855,1.2625499963760376,0.0054784500971436,1.3754401152255014e-05,0.0
16jfo5vu,pos_efference,0,0,600064000,1946.70166015625,446.7529296875,22.565343856811523,0.2467281520366668,1.2636840343475342,0.0055793924257159,1.0960528015857562e-05,4.4096691453887615e-06
vd2z944s,pos_efference,0,0,0,450.8926696777344,211.1416015625,3.2240304946899414,0.8096296191215515,3.043635368347168,0.0545939803123474,0.013398558832705,0.0105600357055664
vd2z944s,pos_efference,0,0,10076160,841.9713134765625,268.25390625,6.742998123168945,0.593623697757721,1.972456932067871,0.0264058597385883,0.0061166295781731,0.0055205132812261
vd2z944s,pos_efference,0,0,20070400,1135.1619873046875,321.025390625,7.456201553344727,0.5089106559753418,1.69590961933136,0.0189641714096069,0.0043747215531766,0.0039513069204986
vd2z944s,pos_efference,0,0,30064640,1329.7296142578125,356.92578125,8.362196922302246,0.4752561151981354,1.617004632949829,0.01446483284235,0.002566730370745,0.0019048596732318
vd2z944s,pos_efference,0,0,40058880,1506.2655029296875,394.5859375,9.68405818939209,0.4410406351089477,1.5469889640808103,0.012455896474421,0.0015127833466976,0.0010934751480817
vd2z944s,pos_efference,0,0,50053120,1583.9739990234375,407.7255859375,11.102920532226562,0.4166930317878723,1.5020949840545654,0.0115083381533622,0.0010683564469218,0.000693128327839
vd2z944s,pos_efference,0,0,60047360,1661.13134765625,417.1337890625,12.046416282653809,0.4021577835083008,1.468024492263794,0.0102859754115343,0.0007493138546124,0.0005319766933098
vd2z944s,pos_efference,0,0,70041600,1710.88427734375,425.0322265625,12.582622528076172,0.3874259293079376,1.4525294303894043,0.0094125038012862,0.0005828833673149,0.0004689023771788
vd2z944s,pos_efference,0,0,80035840,1745.6920166015625,428.2119140625,13.454229354858398,0.3769490718841553,1.414275288581848,0.0091942343860864,0.000451577710919,0.0003553899005055
vd2z944s,pos_efference,0,0,90030080,1763.24365234375,430.8388671875,14.20265007019043,0.3602038621902466,1.4023619890213013,0.0090606212615966,0.0004098814970348,0.0002665672218427
vd2z944s,pos_efference,0,0,100024320,1798.6259765625,437.9599609375,14.415450096130373,0.3563984036445617,1.3995118141174316,0.0085309781134128,0.0002582517918199,0.0002040216349996
vd2z944s,pos_efference,0,0,110018560,1801.356689453125,435.4404296875,14.732728004455566,0.3513601124286651,1.3925600051879885,0.008017798885703,0.0002627520589157,0.0001906020625028
vd2z944s,pos_efference,0,0,120012800,1784.275634765625,430.0068359375,15.031721115112305,0.3432869613170624,1.3834710121154783,0.0087437881156802,0.0004906870890408,0.0004230384656693
vd2z944s,pos_efference,0,0,130007040,1807.106201171875,434.8818359375,15.714357376098633,0.3336794972419739,1.379098415374756,0.0083495127037167,0.0003361402777954,0.0002682848135009
vd2z944s,pos_efference,0,0,140001280,1800.082763671875,432.9970703125,15.757556915283203,0.3352893888950348,1.3819503784179688,0.0083237085491418,0.0003844338352791,0.0002666983928065
vd2z944s,pos_efference,0,0,150077440,1816.4244384765625,435.8056640625,16.448097229003906,0.3239355683326721,1.3690955638885498,0.0085954442620277,0.000270897464361,0.0002088875044137
vd2z944s,pos_efference,0,0,160071680,1837.234619140625,437.43359375,16.25326919555664,0.3234935998916626,1.3439770936965942,0.007798243779689,0.0003250141453463,0.0002777846530079
vd2z944s,pos_efference,0,0,170065920,1855.523193359375,441.0888671875,16.179340362548828,0.3196212351322174,1.344031572341919,0.0073817623779177,0.0001560520613566,0.000139879368362
vd2z944s,pos_efference,0,0,180060160,1865.9398193359373,442.4775390625,16.731159210205078,0.3222213685512543,1.3446385860443115,0.0071331430226564,0.0001455815508961,0.0001455815508961
vd2z944s,pos_efference,0,0,190054400,1863.06103515625,441.6630859375,16.578105926513672,0.3184619843959808,1.3297269344329834,0.0073862485587596,0.0001317278656642,0.0001232503855135
vd2z944s,pos_efference,0,0,200048640,1838.733154296875,437.765625,16.297435760498047,0.3219924867153168,1.3467062711715698,0.0075300363823771,0.0002234936982858,0.0002050690818578
vd2z944s,pos_efference,0,0,210042880,1876.3046875,443.716796875,17.197952270507812,0.3114005029201507,1.3348058462142944,0.0072399666532874,9.8472875833977e-05,8.429672016063705e-05
vd2z944s,pos_efference,0,0,220037120,1878.5643310546875,443.4365234375,17.665491104125977,0.3045344650745392,1.33591890335083,0.0066932514309883,7.810600800439715e-05,5.6214739743154496e-05
vd2z944s,pos_efference,0,0,230031360,1878.087646484375,442.4658203125,17.8956298828125,0.3021639287471771,1.3229341506958008,0.0071818148717284,0.0001193947173305,0.0001193947173305
vd2z944s,pos_efference,0,0,240025600,1870.584228515625,441.5859375,18.18022918701172,0.2993904054164886,1.3345112800598145,0.0068889325484633,0.0001203752908622,8.187883940991014e-05
vd2z944s,pos_efference,0,0,250019840,1891.21875,444.53515625,18.185205459594727,0.2955925464630127,1.317505121231079,0.0068304371088743,6.157069583423436e-05,5.589301144937053e-05
vd2z944s,pos_efference,0,0,260014080,1884.0660400390625,443.4169921875,17.844266891479492,0.2977919280529022,1.3275792598724363,0.0065756235271692,8.734804578125477e-05,7.049870328046381e-05
vd2z944s,pos_efference,0,0,270008320,1894.5269775390625,444.3232421875,18.915721893310547,0.2925049662590027,1.3115200996398926,0.0063280118629336,6.937598664080724e-05,5.61718552489765e-05
vd2z944s,pos_efference,0,0,280002560,1889.2900390625,442.7568359375,18.88463592529297,0.2916837036609649,1.3073666095733645,0.0064704054966568,8.302235801238567e-05,5.17584485351108e-05
vd2z944s,pos_efference,0,0,290078720,1886.093505859375,441.375,19.10019302368164,0.2912319898605346,1.3085112571716309,0.0067050289362668,0.0001442955690436,0.0001044118762365
vd2z944s,pos_efference,0,0,300072960,1889.963134765625,442.205078125,19.35270881652832,0.2896237075328827,1.302461862564087,0.0067267725244164,0.0001932646700879,0.0001598492381162
vd2z944s,pos_efference,0,0,310067200,1888.196044921875,441.4677734375,19.213117599487305,0.2877063751220703,1.295868158340454,0.0067408848553895,0.0001361329050268,0.000107442960143
vd2z944s,pos_efference,0,0,320061440,1882.3717041015625,442.224609375,19.47601127624512,0.2858932018280029,1.3051509857177734,0.0069629484787583,0.000141410913784,0.0001179429455078
vd2z944s,pos_efference,0,0,330055680,1897.095703125,443.740234375,19.67684936523437,0.2835864424705505,1.3011102676391602,0.0065650762990117,7.764100155327469e-05,7.255473610712215e-05
vd2z944s,pos_efference,0,0,340049920,1909.94873046875,445.0048828125,19.47206687927246,0.286184549331665,1.297356367111206,0.0062370370142161,3.944509808206931e-05,2.5065248337341476e-05
vd2z944s,pos_efference,0,0,350044160,1902.87255859375,443.755859375,19.71855735778809,0.283681720495224,1.2998955249786377,0.0064930999651551,9.007859625853598e-05,7.321656448766589e-05
vd2z944s,pos_efference,0,0,360038400,1906.596435546875,443.5498046875,20.38207244873047,0.2771123051643371,1.2890706062316897,0.006483337841928,0.0001385875657433,0.0001218183460878
vd2z944s,pos_efference,0,0,370032640,1901.752685546875,443.3115234375,20.02011108398437,0.2784751057624817,1.2886337041854858,0.0064366338774561,0.0001041128343786,8.836148481350392e-05
vd2z944s,pos_efference,0,0,380026880,1908.7823486328125,443.9873046875,20.118825912475582,0.27883180975914,1.285807967185974,0.0062901312485337,9.642002987675367e-05,7.433260179823264e-05
vd2z944s,pos_efference,0,0,390021120,1914.703125,444.26171875,19.56047821044922,0.2807440459728241,1.2883551120758057,0.0061844019219279,7.752572128083557e-05,7.096860645106062e-05
vd2z944s,pos_efference,0,0,400015360,1918.302734375,445.5595703125,20.04950523376465,0.2806769907474518,1.294833064079285,0.0058273188769817,4.2599636799423024e-05,3.566954910638742e-05
vd2z944s,pos_efference,0,0,410009600,1912.529296875,444.4384765625,20.66556167602539,0.2693280279636383,1.2913031578063965,0.0062388479709625,9.520516323391348e-05,9.520516323391348e-05
vd2z944s,pos_efference,0,0,420003840,1913.085693359375,443.767578125,20.929637908935547,0.2673400640487671,1.2847692966461182,0.0060362536460161,0.0001001155178528,8.994451491162181e-05
vd2z944s,pos_efference,0,0,430080000,1923.5888671875,445.4990234375,20.95086669921875,0.2614359259605407,1.2787258625030518,0.0060758590698242,2.985852916026488e-05,2.985852916026488e-05
vd2z944s,pos_efference,0,0,440074240,1922.8751220703125,445.5322265625,21.385223388671875,0.2613353133201599,1.2887120246887207,0.0060438732616603,3.127504896838218e-05,3.127504896838218e-05
vd2z944s,pos_efference,0,0,450068480,1915.96533203125,444.490234375,21.242359161376957,0.2653261125087738,1.2865484952926636,0.0060986918397247,5.871437315363437e-05,4.810420796275139e-05
vd2z944s,pos_efference,0,0,460062720,1923.99267578125,445.037109375,20.279232025146484,0.2695614397525787,1.2836744785308838,0.0058048488572239,6.774726352887228e-05,4.143481783103198e-05
vd2z944s,pos_efference,0,0,470056960,1924.80078125,445.52734375,21.24471092224121,0.2670508325099945,1.279960870742798,0.0060600684955716,4.685703606810421e-05,3.904361801687628e-05
vd2z944s,pos_efference,0,0,480051200,1929.4522705078125,446.0498046875,21.422504425048828,0.2603764235973358,1.2752864360809326,0.0058728628791868,3.344887954881415e-05,1.6426984075224027e-05
vd2z944s,pos_efference,0,0,490045440,1926.2713623046875,444.849609375,21.44817352294922,0.260418027639389,1.2756969928741455,0.0058187283575534,4.149050801061094e-05,3.502320760162547e-05
vd2z944s,pos_efference,0,0,500039680,1922.798828125,444.81640625,21.435028076171875,0.2600798010826111,1.274095058441162,0.0063143307343125,5.476624937728048e-05,5.476624937728048e-05
vd2z944s,pos_efference,0,0,510033920,1924.953125,443.9580078125,21.787776947021484,0.2584531009197235,1.2718019485473633,0.0060368534177541,8.372764568775892e-05,6.575619045179337e-05
vd2z944s,pos_efference,0,0,520028160,1923.041015625,443.958984375,21.514625549316406,0.2619852423667907,1.2719178199768066,0.0060724136419594,8.84748442331329e-05,3.1821888114791363e-05
vd2z944s,pos_efference,0,0,530022400,1929.681884765625,445.109375,21.915802001953125,0.2585361301898956,1.271902084350586,0.0057287802919745,4.559680019156076e-05,2.7725067411665805e-05
vd2z944s,pos_efference,0,0,540016640,1934.1513671875,446.0947265625,21.69659423828125,0.2605558931827545,1.2612998485565186,0.0060323402285575,1.669888115429785e-05,8.627977877040394e-06
vd2z944s,pos_efference,0,0,550010880,1937.257080078125,446.1279296875,21.592491149902344,0.2600553333759308,1.272528052330017,0.0057628778740763,2.282018067489844e-05,2.282018067489844e-05
vd2z944s,pos_efference,0,0,560005120,1937.5218505859373,446.125,22.45219039916992,0.2539883553981781,1.2714385986328125,0.0057505373843014,1.7303656932199374e-05,1.7303656932199374e-05
vd2z944s,pos_efference,0,0,570081280,1936.7919921875,446.0732421875,22.213603973388672,0.2522571384906769,1.270704984664917,0.0056900321505963,2.1742509488831278e-05,1.9095998140983284e-05
vd2z944s,pos_efference,0,0,580075520,1935.603515625,446.2978515625,22.735042572021484,0.2495910823345184,1.2690649032592771,0.0059397378936409,1.441060157958418e-05,1.214479470945662e-05
vd2z944s,pos_efference,0,0,590069760,1933.7933349609373,445.5283203125,22.07001495361328,0.2533535361289978,1.2698132991790771,0.0059867817908525,4.9146612582262605e-05,4.245523814461194e-05
vd2z944s,pos_efference,0,0,600064000,1936.4373779296875,445.693359375,22.32970428466797,0.2526280283927917,1.2626430988311768,0.0058829840272665,3.112107515335083e-05,4.321072992752306e-06
fc16jeym,pos_efference,1,1,0,484.30804443359375,226.876953125,3.216808319091797,0.8058590292930603,3.053454637527466,0.0540424361824989,0.0110569698736071,0.0097768101841211
fc16jeym,pos_efference,1,1,10076160,788.1826782226562,263.69921875,6.499131679534912,0.6163011193275452,2.100217580795288,0.0293421559035778,0.0062414817512035,0.005598472431302
fc16jeym,pos_efference,1,1,20070400,982.8984375,302.640625,7.885452270507812,0.5279765129089355,1.8216512203216555,0.0245091598480939,0.0046938327141106,0.0042025935836136
fc16jeym,pos_efference,1,1,30064640,1221.338623046875,347.689453125,8.133633613586426,0.4845013916492462,1.6988236904144287,0.0180849470198154,0.0028399345465004,0.0020290166139602
fc16jeym,pos_efference,1,1,40058880,1401.03662109375,380.1689453125,8.99421215057373,0.4622784554958343,1.6166267395019531,0.0141414199024438,0.001882208045572,0.0011871815659105
fc16jeym,pos_efference,1,1,50053120,1544.4613037109375,405.185546875,9.992720603942873,0.4439228475093841,1.5728620290756226,0.012655546888709,0.0011898390948772,0.0009453239035792
fc16jeym,pos_efference,1,1,60047360,1596.93505859375,415.509765625,10.681282043457031,0.4239291250705719,1.5465408563613892,0.0117170372977852,0.0008385548135265,0.000580589286983
fc16jeym,pos_efference,1,1,70041600,1617.854248046875,411.349609375,11.375307083129885,0.4069676101207733,1.4909045696258545,0.0115287080407142,0.0010588995646685,0.0008720514597371
fc16jeym,pos_efference,1,1,80035840,1719.8997802734375,430.2744140625,11.569988250732422,0.4002070724964142,1.4577463865280151,0.0102199763059616,0.0005521200364455,0.0004497031623031
fc16jeym,pos_efference,1,1,90030080,1703.0618896484375,426.673828125,12.626802444458008,0.3934035003185272,1.4647140502929688,0.0106807705014944,0.0005469038733281,0.0004328454961068
fc16jeym,pos_efference,1,1,100024320,1753.083984375,432.908203125,12.532830238342283,0.3773761689662933,1.4396727085113523,0.0092190373688936,0.0003759789979085,0.0002788361161947
fc16jeym,pos_efference,1,1,110018560,1725.7764892578125,426.9404296875,12.756559371948242,0.3779870867729187,1.4365150928497314,0.0101195145398378,0.0005931947380304,0.0004530392470769
fc16jeym,pos_efference,1,1,120012800,1761.42822265625,433.0068359375,13.19241714477539,0.3699623048305511,1.4417939186096191,0.0093832584097981,0.0004066505935043,0.0003175343736074
fc16jeym,pos_efference,1,1,130007040,1783.8421630859375,434.1435546875,13.416682243347168,0.3663063645362854,1.4164477586746216,0.0091411117464303,0.0003546489751897,0.0003361841663718
fc16jeym,pos_efference,1,1,140001280,1782.584228515625,432.833984375,14.080629348754885,0.3571021258831024,1.4096022844314575,0.0086620151996612,0.0004187016456853,0.0003526167420204
fc16jeym,pos_efference,1,1,150077440,1811.7369384765625,437.140625,14.35921859741211,0.3541288673877716,1.383791446685791,0.0084103625267744,0.0002937769168056,0.0002208584046456
fc16jeym,pos_efference,1,1,160071680,1794.733642578125,435.5390625,14.695709228515623,0.352965772151947,1.4080114364624023,0.0086682550609111,0.0003238890203647,0.000278822495602
fc16jeym,pos_efference,1,1,170065920,1810.047607421875,436.0537109375,14.640405654907228,0.3485836386680603,1.3860273361206057,0.0089888032525777,0.0003236625052522,0.0003085802309215
fc16jeym,pos_efference,1,1,180060160,1818.0037841796875,437.173828125,14.893938064575195,0.3436484038829803,1.378293752670288,0.0078187920153141,0.0002873893827199,0.0001742714957799
fc16jeym,pos_efference,1,1,190054400,1838.2197265625,440.400390625,15.233717918395996,0.3385633826255798,1.3717398643493652,0.0079523744061589,0.0001828265230869,0.0001495360047556
fc16jeym,pos_efference,1,1,200048640,1826.5653076171875,437.3388671875,15.504159927368164,0.3309265673160553,1.366215467453003,0.0080429958179593,0.0002637679863255,0.0002255397266708
fc16jeym,pos_efference,1,1,210042880,1824.27783203125,435.7197265625,15.646934509277344,0.3263834416866302,1.365580439567566,0.0082519054412841,0.0003253220929764,0.0002354586467845
fc16jeym,pos_efference,1,1,220037120,1828.487548828125,436.859375,16.001888275146484,0.3245890438556671,1.3531389236450195,0.0081389006227254,0.0002927288878709,0.0002171642554458
fc16jeym,pos_efference,1,1,230031360,1846.74462890625,439.40234375,16.180248260498047,0.3224454224109649,1.3477602005004885,0.0081630740314722,0.0002105484163621,0.0001972847094293
fc16jeym,pos_efference,1,1,240025600,1840.601806640625,438.6669921875,16.764156341552734,0.3192812204360962,1.354153037071228,0.0079725179821252,0.000220885631279,0.0001676988613326
fc16jeym,pos_efference,1,1,250019840,1845.4853515625,438.6689453125,16.74262046813965,0.3200999796390533,1.3508795499801636,0.0079726316034793,0.0002709754626266,0.0002412261528661
fc16jeym,pos_efference,1,1,260014080,1851.8427734375,440.37890625,16.44475555419922,0.3182458281517029,1.3440649509429932,0.007959809154272,0.0001566848368383,0.0001396689622197
fc16jeym,pos_efference,1,1,270008320,1860.2645263671875,441.1279296875,16.696758270263672,0.3198451399803161,1.3451719284057615,0.0076892948709428,0.0002057762467302,0.0001866825477918
fc16jeym,pos_efference,1,1,280002560,1873.1650390625,441.587890625,16.99314308166504,0.3131627738475799,1.322460651397705,0.0071621788665652,0.0001405309158144,0.0001199347025249
fc16jeym,pos_efference,1,1,290078720,1876.872802734375,442.1318359375,17.276893615722656,0.3087180554866791,1.320549488067627,0.0073318751528859,0.0001127001014538,6.202458462212235e-05
fc16jeym,pos_efference,1,1,300072960,1879.576416015625,442.375,17.436046600341797,0.3105790019035339,1.3258206844329834,0.007236361503601,0.0001124379632528,8.417187927989289e-05
fc16jeym,pos_efference,1,1,310067200,1887.0498046875,443.373046875,17.235692977905273,0.3084837794303894,1.3239991664886477,0.0069614672102034,0.0001077062624972,8.476215589325875e-05
fc16jeym,pos_efference,1,1,320061440,1864.247314453125,439.75390625,17.384414672851562,0.305522620677948,1.3300166130065918,0.0070812981575727,0.0001765477791195,0.0001323728793067
fc16jeym,pos_efference,1,1,330055680,1880.36279296875,443.0458984375,17.856504440307617,0.3068850934505462,1.3200759887695312,0.0075369989499449,9.209835843648762e-05,7.368919614236802e-05
fc16jeym,pos_efference,1,1,340049920,1892.773681640625,443.345703125,17.9633731842041,0.3018339872360229,1.3113150596618652,0.0066108545288443,9.880286233965307e-05,4.462973811314441e-05
fc16jeym,pos_efference,1,1,350044160,1897.8646240234373,444.5068359375,18.206926345825195,0.3001292049884796,1.3157727718353271,0.0066003119572997,5.76555794395972e-05,2.645237691467628e-05
fc16jeym,pos_efference,1,1,360038400,1898.023193359375,445.2294921875,18.104528427124023,0.3005139231681824,1.3153748512268066,0.0068587735295295,5.042192788096145e-05,3.5932385799242184e-05
fc16jeym,pos_efference,1,1,370032640,1904.287841796875,444.494140625,18.295684814453125,0.296688973903656,1.3134539127349854,0.00622483715415,5.598432107944973e-05,4.821092443307862e-05
fc16jeym,pos_efference,1,1,380026880,1896.538330078125,443.5439453125,18.416454315185547,0.2956799566745758,1.3144378662109375,0.0067149973474442,8.485614671371877e-05,4.49415783805307e-05
fc16jeym,pos_efference,1,1,390021120,1903.947998046875,444.8447265625,18.647003173828125,0.2918151617050171,1.3115968704223633,0.0067214812152087,0.0001022768628899,2.582668821560219e-05
fc16jeym,pos_efference,1,1,400015360,1902.31884765625,444.3330078125,18.77312660217285,0.2881831526756286,1.3077919483184814,0.0067316964268684,7.127870776457712e-05,3.799290789174847e-05
fc16jeym,pos_efference,1,1,410009600,1897.915771484375,443.763671875,18.56533432006836,0.2876907289028168,1.3082737922668457,0.0069878790527582,0.0001194389915326,0.0001108723372453
fc16jeym,pos_efference,1,1,420003840,1893.4466552734373,442.248046875,18.837759017944336,0.2915422022342682,1.307896852493286,0.0069423019886016,0.0001804329513106,0.0001141313186963
fc16jeym,pos_efference,1,1,430080000,1901.0693359375,444.341796875,19.182966232299805,0.2886400818824768,1.318805694580078,0.0063072945922613,6.866994954179972e-05,4.273948434274644e-05
fc16jeym,pos_efference,1,1,440074240,1907.744140625,445.3046875,19.07720947265625,0.2891209125518799,1.3170208930969238,0.006488952320069,4.396290023578331e-05,3.578258474590257e-05
fc16jeym,pos_efference,1,1,450068480,1911.719482421875,445.537109375,19.37324905395508,0.2870038151741028,1.3110547065734863,0.0063229454681277,3.0420285838772543e-05,2.085869709844701e-05
fc16jeym,pos_efference,1,1,460062720,1912.147216796875,445.404296875,19.218055725097656,0.2871924042701721,1.3028981685638428,0.0061928965151309,3.769720206037164e-05,3.262922109570354e-05
fc16jeym,pos_efference,1,1,470056960,1912.79443359375,444.99609375,19.705303192138672,0.2788367569446563,1.2987751960754397,0.0061643160879611,3.908404323738068e-05,2.524903538869694e-05
fc16jeym,pos_efference,1,1,480051200,1914.469970703125,445.4892578125,19.86019515991211,0.2798806428909302,1.3008358478546145,0.0062928367406129,3.245004700147547e-05,1.8916853150585663e-05
fc16jeym,pos_efference,1,1,490045440,1912.05810546875,444.009765625,19.77405166625977,0.2818533182144165,1.2993268966674805,0.0061323228292167,0.0001022834330797,4.515516047831625e-05
fc16jeym,pos_efference,1,1,500039680,1927.128662109375,446.4501953125,19.899734497070312,0.2753397226333618,1.2877988815307615,0.0057941991835832,9.49023069551913e-06,7.181572073022835e-06
fc16jeym,pos_efference,1,1,510033920,1923.2235107421875,445.884765625,19.854297637939453,0.2746746838092804,1.2959963083267212,0.0059558292850852,3.648676647571847e-05,1.3235276128398256e-05
fc16jeym,pos_efference,1,1,520028160,1918.9736328125,445.697265625,20.19491195678711,0.2769674956798553,1.2979912757873535,0.0060797790065407,2.6767054805532094e-05,1.6364203474950045e-05
fc16jeym,pos_efference,1,1,530022400,1916.945068359375,445.4111328125,20.266393661499023,0.276802510023117,1.301317572593689,0.0060263290069997,3.102360642515123e-05,2.6066436475957744e-05
fc16jeym,pos_efference,1,1,540016640,1923.8726806640625,445.95703125,20.423933029174805,0.2751238346099853,1.289870262145996,0.0060282167978584,2.2004503989592195e-05,1.9454731955192983e-05
fc16jeym,pos_efference,1,1,550010880,1921.7054443359373,445.013671875,20.72958374023437,0.272110253572464,1.2818603515625,0.0061167832463979,5.361996591091156e-05,3.3915544918272644e-05
fc16jeym,pos_efference,1,1,560005120,1925.364501953125,445.8115234375,20.96968078613281,0.2697710692882538,1.2832077741622925,0.0063235596753656,2.73401183221722e-05,9.693819265521595e-06
fc16jeym,pos_efference,1,1,570081280,1923.956298828125,445.7763671875,20.582782745361328,0.269944429397583,1.2927922010421753,0.0057483687996864,2.358471647312399e-05,2.055191362160258e-05
fc16jeym,pos_efference,1,1,580075520,1931.97216796875,446.34765625,21.063068389892575,0.2672758102416992,1.2775890827178955,0.0060201580636203,1.3867992493032943e-05,7.833742529328447e-06
fc16jeym,pos_efference,1,1,590069760,1924.9306640625,445.5087890625,20.914012908935547,0.2649206817150116,1.2893478870391846,0.0059466417878866,3.1291303457692266e-05,2.5705583539092917e-05
fc16jeym,pos_efference,1,1,600064000,1923.3724365234373,445.376953125,20.955049514770508,0.268356442451477,1.2818729877471924,0.0062445476651191,4.465723759494722e-05,2.4221046260208823e-05
oj46iwi6,pos_efference,5,5,0,500.7326049804688,230.2109375,3.214803695678711,0.8036965727806091,3.0533218383789062,0.0527116209268569,0.0104392971843481,0.008955180644989
oj46iwi6,pos_efference,5,5,10076160,732.3984375,247.7275390625,8.123140335083008,0.6150435209274292,2.078606128692627,0.0322185195982456,0.0071512539871037,0.0061621987260878
oj46iwi6,pos_efference,5,5,20070400,849.75244140625,271.9013671875,8.453689575195312,0.5183717608451843,1.7909982204437256,0.0272144246846437,0.005608613602817,0.0048295548185706
oj46iwi6,pos_efference,5,5,30064640,968.584716796875,285.984375,8.312655448913574,0.4878434240818023,1.7231249809265137,0.0212303772568702,0.0045636622235178,0.0038450655993074
oj46iwi6,pos_efference,5,5,40058880,1161.2744140625,331.396484375,8.338444709777832,0.4711205959320068,1.6550934314727783,0.018838994204998,0.0032111739274114,0.0024860450066626
oj46iwi6,pos_efference,5,5,50053120,1366.1883544921875,373.216796875,8.70623779296875,0.455977201461792,1.6254154443740845,0.0154792545363307,0.0021237048786133,0.001652949838899
oj46iwi6,pos_efference,5,5,60047360,1415.0087890625,381.5771484375,8.85287094116211,0.4428531229496002,1.5833637714385986,0.0145056694746017,0.0017768195830285,0.0013167292345315
oj46iwi6,pos_efference,5,5,70041600,1504.2178955078125,393.763671875,9.802441596984863,0.4336726069450378,1.554974913597107,0.0133962165564298,0.0014970691408962,0.0011611359659582
oj46iwi6,pos_efference,5,5,80035840,1554.54833984375,404.115234375,10.308839797973633,0.4215765595436096,1.528220534324646,0.0130087826400995,0.0011614453978836,0.0008802742231637
oj46iwi6,pos_efference,5,5,90030080,1608.766357421875,409.236328125,10.855875968933104,0.4120390117168426,1.496974229812622,0.011835204437375,0.0010666511952877,0.0007268954650498
oj46iwi6,pos_efference,5,5,100024320,1619.3441162109375,410.4111328125,11.22141456604004,0.401291161775589,1.46496844291687,0.0120324864983558,0.0010525520192459,0.0008632020326331
oj46iwi6,pos_efference,5,5,110018560,1677.5721435546875,421.662109375,11.699590682983398,0.4012419581413269,1.46276593208313,0.0107353273779153,0.0007668202742934,0.0006381814600899
oj46iwi6,pos_efference,5,5,120012800,1681.9371337890625,419.7021484375,12.179600715637209,0.3932954668998718,1.443682312965393,0.01091452781111,0.0007640055846422,0.0005084692966192
oj46iwi6,pos_efference,5,5,130007040,1696.895263671875,422.849609375,11.974872589111328,0.3942142128944397,1.4450925588607788,0.0107118552550673,0.0007306746556423,0.000626488821581
oj46iwi6,pos_efference,5,5,140001280,1694.3367919921875,420.9189453125,12.258124351501465,0.3817387521266937,1.435347080230713,0.010779938660562,0.0006891874363645,0.0005023307166993
oj46iwi6,pos_efference,5,5,150077440,1730.22412109375,428.9365234375,12.444299697875977,0.3815596401691437,1.437504768371582,0.0100238332524895,0.0004688449553214,0.0003456468402873
oj46iwi6,pos_efference,5,5,160071680,1728.2069091796875,427.509765625,12.986276626586914,0.3746426701545715,1.4212241172790527,0.0107831703498959,0.0005090846098028,0.0004253631923347
oj46iwi6,pos_efference,5,5,170065920,1717.985107421875,422.541015625,13.291983604431152,0.3650475442409515,1.4007947444915771,0.01038758456707,0.0007152358302846,0.0005968826590105
oj46iwi6,pos_efference,5,5,180060160,1729.551513671875,424.5791015625,13.570279121398926,0.362428605556488,1.404304027557373,0.0105859972536563,0.000637971330434,0.0005390433361753
oj46iwi6,pos_efference,5,5,190054400,1761.8909912109375,430.556640625,13.441823959350586,0.3606653809547424,1.3927839994430542,0.0100998003035783,0.0004813561972696,0.0003484955523163
oj46iwi6,pos_efference,5,5,200048640,1756.532958984375,428.2197265625,13.865045547485352,0.3596947193145752,1.3857663869857788,0.0097434800118207,0.0006015072576701,0.0004678555415011
oj46iwi6,pos_efference,5,5,210042880,1740.3226318359375,424.4951171875,13.97410774230957,0.359281837940216,1.3852862119674685,0.0099484296515584,0.0006441626464948,0.0005411775782704
oj46iwi6,pos_efference,5,5,220037120,1756.104248046875,427.5771484375,14.06607723236084,0.3579515814781189,1.36799418926239,0.0102849937975406,0.000572201097384,0.0004325888003222
oj46iwi6,pos_efference,5,5,230031360,1779.490234375,430.1611328125,14.452308654785156,0.3531964421272278,1.3738646507263184,0.0089811328798532,0.0005167960189282,0.0004006051458418
oj46iwi6,pos_efference,5,5,240025600,1735.165283203125,421.5986328125,14.618169784545898,0.3483821749687195,1.3805996179580688,0.0090738274157047,0.000646466447506,0.000499025452882
oj46iwi6,pos_efference,5,5,250019840,1784.1396484375,430.431640625,14.489347457885742,0.3470365703105926,1.3710256814956665,0.0088338106870651,0.0004176462243776,0.0003178161568939
oj46iwi6,pos_efference,5,5,260014080,1812.3408203125,435.6865234375,14.830366134643556,0.3357428312301636,1.368806004524231,0.0084060169756412,0.0003379639820195,0.0002881828986573
oj46iwi6,pos_efference,5,5,270008320,1816.320068359375,436.65234375,14.951512336730955,0.3416544795036316,1.3574655055999756,0.008707202039659,0.0003529691020958,0.0002944137377198
oj46iwi6,pos_efference,5,5,280002560,1810.2900390625,435.3759765625,15.137051582336426,0.3347998261451721,1.359558343887329,0.0086493156850337,0.0003717789659276,0.0003126772353425
oj46iwi6,pos_efference,5,5,290078720,1801.06298828125,433.4873046875,15.104595184326172,0.3355286419391632,1.3641278743743896,0.0085982102900743,0.0003970149846281,0.0003309252788312
oj46iwi6,pos_efference,5,5,300072960,1814.4967041015625,435.6982421875,15.183329582214355,0.3336824178695678,1.3463436365127563,0.0089129768311977,0.0003132601850666,0.0002698052558116
oj46iwi6,pos_efference,5,5,310067200,1805.6202392578125,434.173828125,15.037126541137695,0.3349332213401794,1.35529625415802,0.0087708234786987,0.0003465528425294,0.0003199409111402
oj46iwi6,pos_efference,5,5,320061440,1834.686279296875,438.84375,15.182290077209473,0.3292653262615204,1.3499314785003662,0.0084311971440911,0.0002916804805863,0.0002577509148977
oj46iwi6,pos_efference,5,5,330055680,1814.9228515625,433.59765625,15.150741577148438,0.3276281356811523,1.3445804119110107,0.0088004674762487,0.0004431725246831,0.0003505126805976
oj46iwi6,pos_efference,5,5,340049920,1810.5,432.3818359375,15.531492233276367,0.330400675535202,1.3519563674926758,0.0084922825917601,0.0004534187610261,0.0003309622115921
oj46iwi6,pos_efference,5,5,350044160,1842.353759765625,440.2412109375,15.775733947753906,0.3263939917087555,1.336260437965393,0.0083872964605689,0.000216158630792,0.0002047128946287
oj46iwi6,pos_efference,5,5,360038400,1823.355712890625,435.783203125,16.00929832458496,0.3220361471176147,1.3338229656219482,0.0090676946565508,0.0003421219298616,0.0002841579844243
oj46iwi6,pos_efference,5,5,370032640,1838.9757080078125,437.4658203125,15.754728317260742,0.3217435181140899,1.3309568166732788,0.0080087194219231,0.0002889465831685,0.0001911636936711
oj46iwi6,pos_efference,5,5,380026880,1829.45068359375,436.7734375,15.882935523986816,0.322726845741272,1.336885690689087,0.0086291246116161,0.0002755146706476,0.000229235534789
oj46iwi6,pos_efference,5,5,390021120,1851.705810546875,440.5517578125,15.84490203857422,0.3191103637218475,1.3386390209197998,0.0080539705231785,0.0001738659630063,0.0001524476101621
oj46iwi6,pos_efference,5,5,400015360,1832.861328125,437.6064453125,15.620677947998049,0.323785126209259,1.33999764919281,0.0086229592561721,0.000271247990895,0.0002120325225405
oj46iwi6,pos_efference,5,5,410009600,1826.858154296875,436.23828125,16.035888671875,0.3184152841567993,1.331169605255127,0.0085669420659542,0.0003378111869096,0.0003039984148927
oj46iwi6,pos_efference,5,5,420003840,1843.9481201171875,439.2373046875,16.33698272705078,0.3158687055110931,1.3328657150268557,0.0082733687013387,0.0001937256165547,0.0001634757500141
oj46iwi6,pos_efference,5,5,430080000,1854.70751953125,440.744140625,16.190593719482422,0.3184024393558502,1.3322887420654297,0.0076230941340327,0.0001644757576286,0.0001206000160891
oj46iwi6,pos_efference,5,5,440074240,1858.6885986328125,441.2314453125,16.17894172668457,0.3164943158626556,1.3324291706085205,0.0079098129644989,0.0001642419374547,8.814931788947433e-05
oj46iwi6,pos_efference,5,5,450068480,1853.93505859375,439.68359375,16.0611572265625,0.3144996166229248,1.332398772239685,0.0075694969855248,0.0001848209649324,0.0001371981634292
oj46iwi6,pos_efference,5,5,460062720,1842.1279296875,438.951171875,16.26545524597168,0.3199789226055145,1.3392730951309204,0.0077221016399562,0.0002594330871943,0.0001909789571072
oj46iwi6,pos_efference,5,5,470056960,1861.28466796875,441.318359375,16.468673706054688,0.3117014169692993,1.324312686920166,0.0081031946465373,0.0002062486310023,0.0001507982087787
oj46iwi6,pos_efference,5,5,480051200,1859.767822265625,439.99609375,17.13174057006836,0.307090163230896,1.3245373964309692,0.0076245507225394,0.0001641520502744,0.0001497725024819
oj46iwi6,pos_efference,5,5,490045440,1861.298583984375,440.572265625,17.013526916503906,0.30803182721138,1.3208417892456057,0.0075753284618258,0.0001774684351403,0.0001619949034648
oj46iwi6,pos_efference,5,5,500039680,1854.13623046875,439.2451171875,16.785682678222656,0.3102169632911682,1.3265626430511477,0.0076230899430811,0.0002139839780284,0.000188947742572
oj46iwi6,pos_efference,5,5,510033920,1874.69580078125,442.94140625,16.581554412841797,0.3154536187648773,1.3190516233444214,0.0072350865229964,0.000151089116116,0.0001455449382774
oj46iwi6,pos_efference,5,5,520028160,1878.3834228515625,442.5029296875,16.687715530395508,0.3111229836940765,1.323155403137207,0.0072011798620224,0.0001624937285669,0.0001046506004058
oj46iwi6,pos_efference,5,5,530022400,1866.9510498046875,440.736328125,16.829328536987305,0.3104028701782226,1.3183183670043943,0.007474762853235,0.000192031278857,0.0001402096822857
oj46iwi6,pos_efference,5,5,540016640,1873.904296875,442.423828125,17.025468826293945,0.3112070560455322,1.324641466140747,0.0071933818981051,0.000143972938531,0.0001137489671236
oj46iwi6,pos_efference,5,5,550010880,1879.546142578125,443.3154296875,16.972734451293945,0.302753210067749,1.3172688484191897,0.0073424093425273,0.0001281387085327,0.0001006944075925
oj46iwi6,pos_efference,5,5,560005120,1878.2398681640625,441.8134765625,17.6229305267334,0.2960522174835205,1.3127658367156982,0.0070491386577486,0.000140162432217,9.913063695421442e-05
oj46iwi6,pos_efference,5,5,570081280,1884.105224609375,442.33984375,17.48890495300293,0.3015576004981994,1.3128453493118286,0.0071004899218678,0.0001673674269113,0.000120412572869
oj46iwi6,pos_efference,5,5,580075520,1858.6873779296875,440.9111328125,17.031734466552734,0.306393563747406,1.3212502002716064,0.0077583021484315,0.0001994821068365,0.0001655071391724
oj46iwi6,pos_efference,5,5,590069760,1874.0830078125,441.0673828125,17.216651916503906,0.3072278797626495,1.3120392560958862,0.0073435520753264,0.0002068460744339,0.0001403718779329
oj46iwi6,pos_efference,5,5,600064000,1868.6170654296875,440.373046875,17.620681762695312,0.306086003780365,1.3123235702514648,0.0078045125119388,0.0002393459581071,0.0002068941103061
jtl5r0px,pos_efference,10,10,0,496.1490173339844,226.3544921875,3.2161102294921875,0.8036500811576843,3.0470588207244877,0.052662193775177,0.0108711663633584,0.0092737954109907
jtl5r0px,pos_efference,10,10,10076160,692.126220703125,239.814453125,8.441241264343262,0.6058455109596252,2.100046396255493,0.0339614078402519,0.0076087606139481,0.0064623104408383
jtl5r0px,pos_efference,10,10,20070400,815.913330078125,264.7861328125,8.713985443115234,0.5212042331695557,1.8043376207351685,0.0283759161829948,0.0057377298362553,0.0048647741787135
jtl5r0px,pos_efference,10,10,30064640,898.332763671875,274.5263671875,9.195934295654297,0.4870608150959015,1.6996994018554688,0.0241961628198623,0.0051570544019341,0.004487675614655
jtl5r0px,pos_efference,10,10,40058880,1048.253662109375,304.046875,9.179893493652344,0.4825583100318908,1.6192630529403689,0.0211697220802307,0.0041043637320399,0.0032381762284785
jtl5r0px,pos_efference,10,10,50053120,1203.343017578125,338.58984375,9.81043815612793,0.4774812459945678,1.618432641029358,0.0181035697460174,0.0030834097415208,0.0025235034991055
jtl5r0px,pos_efference,10,10,60047360,1316.251708984375,358.767578125,10.326723098754885,0.4635010659694671,1.609534740447998,0.0159953087568283,0.0023925129789859,0.0018841467099264
jtl5r0px,pos_efference,10,10,70041600,1454.4617919921875,387.4736328125,10.395910263061523,0.4529362618923187,1.5770516395568848,0.0139922639355063,0.0017686118371784,0.0014153296360746
jtl5r0px,pos_efference,10,10,80035840,1497.9012451171875,392.6494140625,11.082185745239258,0.4396935999393463,1.5267027616500854,0.0134067991748452,0.0016054150182753,0.0012994969729334
jtl5r0px,pos_efference,10,10,90030080,1518.714599609375,393.1220703125,11.08708953857422,0.4280811250209808,1.5148065090179443,0.0129523463547229,0.0015584675129503,0.0012697495985776
jtl5r0px,pos_efference,10,10,100024320,1496.3590087890625,387.2216796875,11.226137161254885,0.4314043223857879,1.4872395992279053,0.0130826029926538,0.0016534914029762,0.0012391007039695
jtl5r0px,pos_efference,10,10,110018560,1558.467529296875,398.07421875,11.769877433776855,0.4198853373527527,1.4714244604110718,0.0125375930219888,0.0013554318575188,0.000960839970503
jtl5r0px,pos_efference,10,10,120012800,1616.0732421875,408.69921875,11.779546737670898,0.4066801965236664,1.4623265266418457,0.0116615863516926,0.0010297857224941,0.0008210687083192
jtl5r0px,pos_efference,10,10,130007040,1653.05908203125,417.2841796875,12.454509735107422,0.4051482081413269,1.4729280471801758,0.0115349227562546,0.0008744822698645,0.0007656498346477
jtl5r0px,pos_efference,10,10,140001280,1667.7490234375,418.541015625,12.407901763916016,0.4072289168834686,1.4480841159820557,0.0111053194850683,0.000836283841636,0.0007067811675369
jtl5r0px,pos_efference,10,10,150077440,1656.868408203125,414.7373046875,12.52596378326416,0.4042761623859405,1.443439245223999,0.011497582308948,0.0010306712938472,0.0008277752203866
jtl5r0px,pos_efference,10,10,160071680,1672.7073974609375,416.171875,13.00619125366211,0.3961695730686188,1.4306187629699707,0.0112534640356898,0.0009615923045203,0.0007902542129158
jtl5r0px,pos_efference,10,10,170065920,1659.34375,412.35546875,13.262073516845703,0.3895252346992492,1.4200990200042725,0.0112427417188882,0.0010428915265947,0.0008002508548088
jtl5r0px,pos_efference,10,10,180060160,1700.0849609375,420.6337890625,13.348609924316406,0.3839161694049835,1.4044089317321775,0.0108114872127771,0.0008938262471929,0.0007749625947326
jtl5r0px,pos_efference,10,10,190054400,1677.9293212890625,415.1591796875,13.709026336669922,0.3840077519416809,1.4117668867111206,0.0107750771567225,0.0009759827516973,0.00076417659875
jtl5r0px,pos_efference,10,10,200048640,1689.156005859375,418.2626953125,13.441356658935549,0.3850816488265991,1.4052170515060425,0.010746456682682,0.000821569294203,0.0006232687155716
jtl5r0px,pos_efference,10,10,210042880,1710.75341796875,419.97265625,13.723477363586426,0.3827871978282928,1.3927483558654783,0.0107519216835498,0.0008733676513656,0.0006237302441149
jtl5r0px,pos_efference,10,10,220037120,1730.7340087890625,425.9560546875,13.782337188720703,0.3815197646617889,1.4067761898040771,0.0095891319215297,0.0007219873950816,0.00061664392706
jtl5r0px,pos_efference,10,10,230031360,1734.6572265625,424.623046875,14.133481979370115,0.3745653629302978,1.388903021812439,0.0104022994637489,0.000670556910336,0.0004727625055238
jtl5r0px,pos_efference,10,10,240025600,1758.303466796875,428.7412109375,14.570669174194336,0.3667444586753845,1.3880703449249268,0.0096156578510999,0.0005964826559647,0.0005211177049204
jtl5r0px,pos_efference,10,10,250019840,1739.341064453125,423.4716796875,14.485678672790527,0.364789068698883,1.3732600212097168,0.0096695115789771,0.0007063833763822,0.000547845440451
jtl5r0px,pos_efference,10,10,260014080,1764.21923828125,428.6171875,14.555902481079102,0.3587918579578399,1.381327509880066,0.0096678528934717,0.0006085336208343,0.0004924072418361
jtl5r0px,pos_efference,10,10,270008320,1695.4072265625,416.140625,14.573623657226562,0.3691796660423279,1.403465986251831,0.0106516629457473,0.0008653490804135,0.000625358952675
jtl5r0px,pos_efference,10,10,280002560,1739.484375,423.818359375,14.63743019104004,0.3635636568069458,1.3939733505249023,0.0097570437937974,0.0006696843774989,0.0005375175969675
jtl5r0px,pos_efference,10,10,290078720,1732.565673828125,423.126953125,14.341477394104004,0.3677031993865967,1.3797733783721924,0.010234641842544,0.0006528403027914,0.0005253081908449
jtl5r0px,pos_efference,10,10,300072960,1724.1383056640625,419.802734375,14.942293167114258,0.3630799353122711,1.3746068477630615,0.0101193692535161,0.0008099218248389,0.0005914000794291
jtl5r0px,pos_efference,10,10,310067200,1768.16845703125,427.7421875,15.127097129821776,0.3569113612174988,1.36163330078125,0.009245079010725,0.0005789317656308,0.000444792152848
jtl5r0px,pos_efference,10,10,320061440,1750.3658447265625,424.1884765625,15.112977981567385,0.3597363531589508,1.368666172027588,0.0092746522277593,0.0006395987002179,0.0004797734436579
jtl5r0px,pos_efference,10,10,330055680,1779.958251953125,431.0576171875,15.395421981811523,0.3566461503505707,1.3681905269622805,0.0098902257159352,0.0005605107871815,0.0005097344983369
jtl5r0px,pos_efference,10,10,340049920,1754.49462890625,425.2666015625,15.603814125061035,0.3483930826187134,1.3639426231384275,0.0093589667230844,0.0007304963073693,0.000514694256708
jtl5r0px,pos_efference,10,10,350044160,1748.010009765625,424.8388671875,15.504186630249023,0.349961906671524,1.3729033470153809,0.0096655804663896,0.0006851835059933,0.0004835965810343
jtl5r0px,pos_efference,10,10,360038400,1768.9783935546875,427.76953125,15.749022483825684,0.3450734913349151,1.3590844869613647,0.0094930315390229,0.000603515189141,0.0004382918414194
jtl5r0px,pos_efference,10,10,370032640,1749.785888671875,422.302734375,15.995403289794922,0.3452101647853851,1.353900671005249,0.0093461461365222,0.0007251505739986,0.000563278212212
jtl5r0px,pos_efference,10,10,380026880,1739.25537109375,423.8212890625,15.721837043762209,0.3476168513298034,1.381344199180603,0.010190974920988,0.0006845986354164,0.0005620734300464
jtl5r0px,pos_efference,10,10,390021120,1759.771240234375,426.087890625,15.774261474609377,0.3495903015136719,1.3666574954986572,0.0097551671788096,0.0006536217406392,0.000518228393048
jtl5r0px,pos_efference,10,10,400015360,1757.5186767578125,424.294921875,15.64606761932373,0.3463620543479919,1.363619089126587,0.0095175951719284,0.0006847095792181,0.0004574456543195
jtl5r0px,pos_efference,10,10,410009600,1737.8592529296875,419.833984375,15.468852043151855,0.3517011702060699,1.3646904230117798,0.009684681892395,0.000813890248537,0.0006475931731984
jtl5r0px,pos_efference,10,10,420003840,1728.3226318359375,419.771484375,15.89963150024414,0.3451098203659057,1.3659589290618896,0.0101233050227165,0.0007897126488387,0.0006097448640502
jtl5r0px,pos_efference,10,10,430080000,1758.185546875,425.201171875,15.564702987670898,0.3483425080776214,1.3726370334625244,0.0094398502260446,0.0006323339184746,0.0005138044361956
jtl5r0px,pos_efference,10,10,440074240,1778.58935546875,429.240234375,15.570713996887209,0.3512841165065765,1.3692537546157837,0.0093348398804664,0.0006021765293553,0.0005788824055343
jtl5r0px,pos_efference,10,10,450068480,1789.8740234375,430.775390625,16.115699768066406,0.3452281951904297,1.3684890270233154,0.0091660488396883,0.0004918369231745,0.0004433087597135
jtl5r0px,pos_efference,10,10,460062720,1793.2784423828125,429.798828125,15.764760971069336,0.346061497926712,1.350292444229126,0.0094383070245385,0.000563153240364,0.0004500061331782
jtl5r0px,pos_efference,10,10,470056960,1804.3516845703125,432.2060546875,16.408233642578125,0.3387941718101501,1.3448286056518557,0.0084609603509306,0.0004175060021225,0.0003668346325866
jtl5r0px,pos_efference,10,10,480051200,1767.630615234375,425.1484375,16.158357620239258,0.3424496352672577,1.3583247661590576,0.00885796174407,0.0007024237420409,0.0005120096029713
jtl5r0px,pos_efference,10,10,490045440,1811.1849365234373,434.248046875,16.35733985900879,0.3404180705547333,1.3443340063095093,0.0087639968842267,0.0003874360700137,0.000252129684668
jtl5r0px,pos_efference,10,10,500039680,1768.315185546875,424.7880859375,16.051902770996094,0.3431650996208191,1.3498220443725586,0.0091537032276391,0.0006816613022238,0.0005359493079595
jtl5r0px,pos_efference,10,10,510033920,1765.39892578125,426.1171875,16.305843353271484,0.3440786600112915,1.363846778869629,0.0095660518854856,0.0006317016668617,0.0004816877190023
jtl5r0px,pos_efference,10,10,520028160,1774.592041015625,425.265625,16.661951065063477,0.3405569493770599,1.355562686920166,0.0087734162807464,0.0006737423827871,0.0005566766485571
jtl5r0px,pos_efference,10,10,530022400,1743.6700439453125,419.474609375,16.451812744140625,0.3444292247295379,1.3555176258087158,0.0093546193093061,0.0007152071921154,0.0005716871819458
jtl5r0px,pos_efference,10,10,540016640,1772.9327392578125,425.39453125,16.644378662109375,0.33815798163414,1.3464714288711548,0.0093955621123313,0.0006061602616682,0.0004957651835866
jtl5r0px,pos_efference,10,10,550010880,1772.8511962890625,427.208984375,16.456501007080078,0.345487505197525,1.356770157814026,0.0093511845916509,0.000657053431496,0.0004424910875968
jtl5r0px,pos_efference,10,10,560005120,1788.8468017578125,429.138671875,16.211505889892578,0.3455526828765869,1.3561413288116455,0.0084691205993294,0.0005601824377663,0.0003968327364418
jtl5r0px,pos_efference,10,10,570081280,1803.1572265625,430.0078125,16.513891220092773,0.3342122435569763,1.3437597751617432,0.0083606075495481,0.0005632379325106,0.0004097333585377
jtl5r0px,pos_efference,10,10,580075520,1772.0023193359375,424.2294921875,16.843090057373047,0.3376558125019073,1.3467512130737305,0.008728340268135,0.0006939413724467,0.0005359884235076
jtl5r0px,pos_efference,10,10,590069760,1762.253173828125,422.3095703125,16.70293426513672,0.3427562117576599,1.349680781364441,0.0086091142147779,0.0007803055923432,0.0006021450390107
jtl5r0px,pos_efference,10,10,600064000,1783.1229248046875,428.7236328125,16.30413055419922,0.3434041738510132,1.3621516227722168,0.0087221264839172,0.000613035284914,0.0004116782511118
yzofpm31,pos_efference,20,20,0,497.5887451171875,227.2490234375,3.215017795562744,0.8026244044303894,3.0474331378936768,0.0534621328115463,0.0105195790529251,0.0090175373479723
yzofpm31,pos_efference,20,20,10076160,697.995849609375,236.5166015625,8.187246322631836,0.6176486611366272,2.0602774620056152,0.0320132970809936,0.0077499933540821,0.0060856780037283
yzofpm31,pos_efference,20,20,20070400,789.4964599609375,256.3115234375,9.165982246398926,0.5434918999671936,1.8460999727249143,0.029074527323246,0.0062570786103606,0.0049627241678535
yzofpm31,pos_efference,20,20,30064640,875.775146484375,269.1171875,9.075263023376465,0.5082337260246277,1.7571723461151123,0.0245047658681869,0.0053774579428136,0.0045829457230865
yzofpm31,pos_efference,20,20,40058880,998.0755615234376,296.1650390625,9.666417121887209,0.4929870963096618,1.7057554721832275,0.0224647931754589,0.0043873186223208,0.0036018707323819
yzofpm31,pos_efference,20,20,50053120,1090.022705078125,311.9384765625,9.78131103515625,0.4853920340538025,1.65668523311615,0.0194194987416267,0.0039132945239543,0.0030231392011046
yzofpm31,pos_efference,20,20,60047360,1256.24462890625,352.8427734375,9.81730842590332,0.489448994398117,1.6665372848510742,0.0167423505336046,0.002682619029656,0.0020705580245703
yzofpm31,pos_efference,20,20,70041600,1366.52587890625,370.82421875,10.236878395080566,0.4726849198341369,1.618837594985962,0.0154793802648782,0.0020827956032007,0.00157676206436
yzofpm31,pos_efference,20,20,80035840,1427.1097412109375,377.951171875,10.186615943908691,0.4631274342536926,1.5724976062774658,0.0140653382986783,0.0019675991497933,0.0014882565010339
yzofpm31,pos_efference,20,20,90030080,1461.246337890625,384.42578125,10.45307159423828,0.4624592661857605,1.5656170845031738,0.0137410135939717,0.0017453462351113,0.0013784084003418
yzofpm31,pos_efference,20,20,100024320,1491.3587646484375,387.783203125,10.637861251831056,0.4454328119754791,1.5515968799591064,0.0135745033621788,0.001722058514133,0.0013434507418423
yzofpm31,pos_efference,20,20,110018560,1522.140625,392.2412109375,11.47464370727539,0.434437096118927,1.536983847618103,0.0127028934657573,0.0016050939448177,0.001151013886556
yzofpm31,pos_efference,20,20,120012800,1547.102294921875,395.9208984375,11.611065864562988,0.4266029596328735,1.4976102113723757,0.0126192569732666,0.0015720725059509,0.0011187854688614
yzofpm31,pos_efference,20,20,130007040,1554.3837890625,398.4306640625,12.116121292114258,0.4276447892189026,1.4960622787475586,0.0127478530630469,0.0014135395176708,0.0010412336559966
yzofpm31,pos_efference,20,20,140001280,1592.063232421875,403.5859375,11.870895385742188,0.4230645000934601,1.4670066833496094,0.0120433773845434,0.001329316291958,0.0009718095534481
yzofpm31,pos_efference,20,20,150077440,1600.3221435546875,405.591796875,12.02463150024414,0.4224765300750732,1.475062370300293,0.0118438946083188,0.0011874615447595,0.0008409059373661
yzofpm31,pos_efference,20,20,160071680,1616.740234375,406.751953125,12.295565605163574,0.4160771369934082,1.458383321762085,0.0113742817193269,0.0011920216493308,0.0007735996041446
yzofpm31,pos_efference,20,20,170065920,1632.078857421875,408.7275390625,12.639652252197266,0.4082256555557251,1.445054292678833,0.0117213791236281,0.0011933033820241,0.00082479394041
yzofpm31,pos_efference,20,20,180060160,1635.276611328125,409.3720703125,12.972293853759766,0.4039432108402252,1.44115149974823,0.0117412451654672,0.0010668187169358,0.000791601720266
yzofpm31,pos_efference,20,20,190054400,1615.472412109375,404.904296875,13.143874168395996,0.4059014022350311,1.441437840461731,0.0113571947440505,0.0011015445925295,0.0007403944036923
yzofpm31,pos_efference,20,20,200048640,1638.394775390625,406.4775390625,13.101835250854492,0.4035591185092926,1.4300055503845217,0.0110213691368699,0.0010901078348979,0.0007015215232968
yzofpm31,pos_efference,20,20,210042880,1659.4757080078125,412.8203125,13.222332000732422,0.3936160504817962,1.4186198711395264,0.0113021526485681,0.0009836565004661,0.0006492539541795
yzofpm31,pos_efference,20,20,220037120,1664.1055908203125,414.361328125,13.747568130493164,0.393320083618164,1.4303104877471924,0.0110285561531782,0.0009551782277412,0.000684346887283
yzofpm31,pos_efference,20,20,230031360,1658.766357421875,410.318359375,13.656332015991213,0.3928732872009277,1.419952392578125,0.0108016049489378,0.001127814175561,0.0007482054643332
yzofpm31,pos_efference,20,20,240025600,1658.849365234375,410.4267578125,13.72458267211914,0.3817991614341736,1.4291253089904783,0.0105277057737112,0.0010740393772721,0.0007619896205142
yzofpm31,pos_efference,20,20,250019840,1670.203369140625,414.302734375,13.596118927001951,0.3817611932754516,1.4267412424087524,0.0108226705342531,0.0008920965483412,0.0005318732000887
yzofpm31,pos_efference,20,20,260014080,1712.244140625,421.7734375,14.340005874633787,0.3780973553657532,1.4034559726715088,0.0105077698826789,0.000721214863006,0.0004826334770768
yzofpm31,pos_efference,20,20,270008320,1702.771240234375,419.5419921875,13.854519844055176,0.3791882395744324,1.402218461036682,0.0106326472014188,0.0008355317404493,0.0005597970448434
yzofpm31,pos_efference,20,20,280002560,1668.4837646484375,414.064453125,14.136062622070312,0.3853924572467804,1.421468734741211,0.0108973132446408,0.0009553874260745,0.0006837793625891
yzofpm31,pos_efference,20,20,290078720,1650.9002685546875,407.5283203125,14.098867416381836,0.3871405124664306,1.4122120141983032,0.0109513867646455,0.0011391298612579,0.0007873898139223
yzofpm31,pos_efference,20,20,300072960,1691.799560546875,414.1650390625,14.344289779663086,0.3756013810634613,1.3972676992416382,0.0101169925183057,0.0009275754564441,0.0006413559312932
yzofpm31,pos_efference,20,20,310067200,1694.521484375,416.341796875,14.29511833190918,0.3732416331768036,1.3915942907333374,0.0102840289473533,0.0008867635624483,0.0005453177727758
yzofpm31,pos_efference,20,20,320061440,1692.5355224609375,413.5380859375,14.609169006347656,0.3687672019004822,1.3842427730560305,0.0101920217275619,0.0010339338332414,0.0007339362055063
yzofpm31,pos_efference,20,20,330055680,1708.456298828125,416.9365234375,15.244349479675291,0.3628151416778564,1.3860785961151123,0.0101302079856395,0.0008533240761607,0.0004652584029827
yzofpm31,pos_efference,20,20,340049920,1707.0484619140625,417.845703125,14.963788986206056,0.3659398555755615,1.4022939205169678,0.00961569044739,0.0008806005353108,0.0005969988415017
yzofpm31,pos_efference,20,20,350044160,1698.692138671875,415.3916015625,15.00847053527832,0.3572328984737396,1.3913872241973877,0.0100746508687734,0.0008406495908275,0.0005681804614141
yzofpm31,pos_efference,20,20,360038400,1737.659912109375,423.5458984375,15.139772415161133,0.360113650560379,1.3868948221206665,0.0098700039088726,0.0006956266006454,0.000501932692714
yzofpm31,pos_efference,20,20,370032640,1704.8109130859375,415.5029296875,15.180344581604004,0.3579698801040649,1.3834171295166016,0.0099543426185846,0.0008983252919279,0.0006442232988774
yzofpm31,pos_efference,20,20,380026880,1740.1552734375,423.736328125,15.388598442077637,0.3605681359767914,1.377234935760498,0.0095540825277566,0.0006812274223193,0.0005055667716078
yzofpm31,pos_efference,20,20,390021120,1675.662109375,408.79296875,15.343475341796877,0.3574417531490326,1.385500192642212,0.0102342087775468,0.0010394561104476,0.0006977841258049
yzofpm31,pos_efference,20,20,400015360,1696.471435546875,413.5732421875,15.276004791259766,0.3663627803325653,1.402942419052124,0.0097571676596999,0.0009527615038678,0.0006653952877968
yzofpm31,pos_efference,20,20,410009600,1706.420166015625,414.662109375,15.291513442993164,0.3607535362243652,1.382923245429993,0.0101108532398939,0.0009390797349624,0.0006714568007737
yzofpm31,pos_efference,20,20,420003840,1706.6854248046875,414.62890625,15.040519714355469,0.3545460700988769,1.3661329746246338,0.0100993169471621,0.000943781749811,0.0006572752608917
yzofpm31,pos_efference,20,20,430080000,1707.7513427734375,414.8779296875,15.055484771728516,0.3550966084003448,1.3754761219024658,0.010113101452589,0.0009236762998625,0.0006392950890585
yzofpm31,pos_efference,20,20,440074240,1706.4261474609375,414.7373046875,15.26296329498291,0.3543905317783355,1.381518840789795,0.009762056171894,0.000927772023715,0.0006446230690926
yzofpm31,pos_efference,20,20,450068480,1685.1202392578125,408.5615234375,15.33769702911377,0.3571669459342956,1.3702162504196167,0.0099259670823812,0.0010650198673829,0.0006553643615916
yzofpm31,pos_efference,20,20,460062720,1700.104248046875,412.171875,15.365309715270996,0.3547356426715851,1.3567932844161987,0.0101281078532338,0.0010408211965113,0.0007091941079124
yzofpm31,pos_efference,20,20,470056960,1755.1708984375,424.7392578125,15.685293197631836,0.3531568944454193,1.379502534866333,0.0093520320951938,0.0006448761560022,0.0004616468213498
yzofpm31,pos_efference,20,20,480051200,1709.227294921875,413.6357421875,15.497785568237305,0.3545138537883758,1.369160771369934,0.0095978770405054,0.0009179807966575,0.0005690744728781
yzofpm31,pos_efference,20,20,490045440,1701.7752685546875,413.3095703125,15.748692512512209,0.3513426482677459,1.38092303276062,0.0101993130519986,0.0010359273292124,0.0007331528468057
yzofpm31,pos_efference,20,20,500039680,1723.12890625,417.822265625,15.858997344970703,0.351714938879013,1.3709864616394043,0.0100068496540188,0.000868945964612,0.0006939495215192
yzofpm31,pos_efference,20,20,510033920,1748.07763671875,423.2314453125,15.97214126586914,0.3485469222068786,1.3800865411758425,0.0096450746059417,0.0007407697848975,0.0005434085032902
yzofpm31,pos_efference,20,20,520028160,1720.2996826171875,415.2373046875,15.90570068359375,0.3510404229164123,1.377339482307434,0.0095181753858923,0.0009468544158153,0.000676225987263
yzofpm31,pos_efference,20,20,530022400,1708.215087890625,415.451171875,15.8302001953125,0.3559451401233673,1.3857839107513428,0.0098945535719394,0.0008812538580968,0.0006017567357048
yzofpm31,pos_efference,20,20,540016640,1705.517333984375,413.9365234375,15.902368545532228,0.3462712168693542,1.374687671661377,0.0098497979342937,0.0009917083662003,0.0007858461467549
yzofpm31,pos_efference,20,20,550010880,1705.361328125,414.2314453125,15.913167953491213,0.3509329259395599,1.3785734176635742,0.0103718349710106,0.0009737886721268,0.0007310207001864
yzofpm31,pos_efference,20,20,560005120,1697.16357421875,411.7958984375,15.840883255004885,0.3520715236663818,1.3899502754211426,0.0092995353043079,0.0010523478267714,0.0007143009570427
yzofpm31,pos_efference,20,20,570081280,1718.5284423828125,416.298828125,16.03099822998047,0.3530173003673553,1.3770893812179563,0.0097697786986827,0.000828625226859,0.0005493060452863
yzofpm31,pos_efference,20,20,580075520,1715.16552734375,414.8740234375,16.252094268798828,0.3455193042755127,1.369578242301941,0.0098780877888202,0.0009212571894749,0.0006541744805872
yzofpm31,pos_efference,20,20,590069760,1731.892333984375,417.171875,16.403362274169922,0.3462429642677307,1.3653593063354492,0.0092786811292171,0.0008866489515639,0.0005708129028789
yzofpm31,pos_efference,20,20,600064000,1743.1871337890625,422.337890625,16.22195053100586,0.3460877239704132,1.3731943368911743,0.0092269796878099,0.0006636267062276,0.0004024810914415
z764he2u,pos_efference,50,50,0,504.8137512207031,229.6328125,3.214395046234131,0.8019876480102539,3.0460596084594727,0.0528461337089538,0.0103119611740112,0.0088683404028415
z764he2u,pos_efference,50,50,10076160,652.0304565429688,220.9091796875,8.067151069641113,0.636086106300354,2.059899091720581,0.0318650044500827,0.0085994228720664,0.0064861518330872
z764he2u,pos_efference,50,50,20070400,760.797607421875,244.013671875,8.990415573120117,0.5401924848556519,1.8018817901611328,0.0283491052687168,0.0067236237227916,0.0051852483302354
z764he2u,pos_efference,50,50,30064640,858.447021484375,262.822265625,8.694642066955566,0.5048840045928955,1.7358894348144531,0.024768304079771,0.0053915437310934,0.0043735760264098
z764he2u,pos_efference,50,50,40058880,910.481201171875,271.568359375,9.488075256347656,0.4938961863517761,1.700871229171753,0.0228597596287727,0.004882788285613,0.0038999870885163
z764he2u,pos_efference,50,50,50053120,1006.8840942382812,296.1201171875,9.927078247070312,0.4972267150878906,1.7093292474746704,0.02126931771636,0.0041483519598841,0.0033558891154825
z764he2u,pos_efference,50,50,60047360,1058.2730712890625,306.462890625,9.764976501464844,0.4755262732505798,1.6953977346420288,0.019509082660079,0.003681004513055,0.0030488313641399
z764he2u,pos_efference,50,50,70041600,1137.822998046875,321.5810546875,9.887572288513184,0.4691809713840484,1.675118088722229,0.0179789401590824,0.0033461863640695,0.0026612998917698
z764he2u,pos_efference,50,50,80035840,1182.4072265625,324.1318359375,10.05661964416504,0.4636944830417633,1.63888680934906,0.016531029716134,0.0032860212959349,0.0025513691361993
z764he2u,pos_efference,50,50,90030080,1293.251220703125,352.1357421875,10.207514762878418,0.4599711894989013,1.632448434829712,0.0154283866286277,0.0026254130061715,0.0019492793362587
z764he2u,pos_efference,50,50,100024320,1362.716064453125,363.0654296875,10.35555934906006,0.4467357993125915,1.6091835498809814,0.0143805872648954,0.0023367954418063,0.0016552321612834
z764he2u,pos_efference,50,50,110018560,1387.328857421875,368.9375,10.436599731445312,0.4372612833976745,1.5924983024597168,0.01459770090878,0.0020869853906333,0.0015207001706585
z764he2u,pos_efference,50,50,120012800,1407.52490234375,373.4814453125,10.56580924987793,0.4385496377944946,1.6012641191482544,0.014153154566884,0.001963086426258,0.0013058270560577
z764he2u,pos_efference,50,50,130007040,1450.37744140625,380.3837890625,11.011484146118164,0.4336402416229248,1.5627866983413696,0.0143241472542285,0.001868684310466,0.0013312840601429
z764he2u,pos_efference,50,50,140001280,1450.369384765625,379.720703125,11.3233060836792,0.4313503205776214,1.5638351440429688,0.0135236242786049,0.0017910239985212,0.0011570064816623
z764he2u,pos_efference,50,50,150077440,1483.812255859375,385.9326171875,11.50505828857422,0.4269051849842071,1.5452494621276855,0.0139481145888566,0.0016510307323187,0.0010843924246728
z764he2u,pos_efference,50,50,160071680,1476.392333984375,384.505859375,11.45997714996338,0.4211397171020508,1.5389395952224731,0.0138722248375415,0.0016667749732732,0.0010679932311177
z764he2u,pos_efference,50,50,170065920,1499.746337890625,387.4951171875,11.708524703979492,0.4121547043323517,1.5275733470916748,0.0135101424530148,0.0015320731326937,0.0010126194683834
z764he2u,pos_efference,50,50,180060160,1523.7890625,392.9970703125,12.018102645874023,0.4112892150878906,1.526114821434021,0.0130776921287179,0.0015432201325893,0.0010746289044618
z764he2u,pos_efference,50,50,190054400,1534.060546875,395.4814453125,11.90044403076172,0.4065124094486236,1.5024020671844482,0.0131256291642785,0.0014068854507058,0.0009677949710749
z764he2u,pos_efference,50,50,200048640,1576.871826171875,401.6142578125,12.524749755859377,0.4073136150836944,1.5076844692230225,0.0120497765019536,0.0013163730036467,0.0008551588398404
z764he2u,pos_efference,50,50,210042880,1545.986572265625,395.7109375,12.397367477416992,0.4090062081813812,1.5224175453186035,0.0124742928892374,0.0014485644642263,0.0010970216244459
z764he2u,pos_efference,50,50,220037120,1567.692626953125,399.078125,12.259017944335938,0.4070839285850525,1.500138759613037,0.012597020715475,0.0012956267455592,0.0009280536323785
z764he2u,pos_efference,50,50,230031360,1607.7552490234375,407.8779296875,12.778108596801758,0.3985530436038971,1.4782606363296509,0.0123506914824247,0.0011037760414183,0.0007907357648946
z764he2u,pos_efference,50,50,240025600,1578.3326416015625,400.8232421875,12.74058723449707,0.3974409103393554,1.4974236488342283,0.0123508423566818,0.0013037084136158,0.0008592834929004
z764he2u,pos_efference,50,50,250019840,1575.778076171875,399.689453125,12.879695892333984,0.4044217765331268,1.4836440086364746,0.0125533016398549,0.0012383449357002,0.0008076376398093
z764he2u,pos_efference,50,50,260014080,1599.665771484375,403.9609375,12.852169036865234,0.3987758159637451,1.4757479429244995,0.0114019662141799,0.0011354088783264,0.0006538789020851
z764he2u,pos_efference,50,50,270008320,1557.353759765625,394.294921875,13.04275131225586,0.400079071521759,1.4613821506500244,0.0126393223181366,0.001325677614659,0.0009594355942681
z764he2u,pos_efference,50,50,280002560,1596.2562255859375,402.044921875,12.935617446899414,0.3932065069675445,1.4721498489379885,0.0117377284914255,0.0012087007053196,0.000848600291647
z764he2u,pos_efference,50,50,290078720,1616.98291015625,407.4521484375,12.773667335510254,0.3956804871559143,1.461556911468506,0.0121326074004173,0.0011183426249772,0.0008329207194037
z764he2u,pos_efference,50,50,300072960,1625.356201171875,408.3994140625,13.231179237365724,0.3962870240211487,1.4672667980194092,0.0116108953952789,0.0010190419852733,0.0006375919329002
z764he2u,pos_efference,50,50,310067200,1636.960205078125,409.9013671875,13.432258605957031,0.3892612755298614,1.4664398431777954,0.0113990418612957,0.0009349948959425,0.0005649739177897
z764he2u,pos_efference,50,50,320061440,1636.973876953125,408.4248046875,13.197282791137695,0.3913885056972503,1.4622427225112915,0.011030925437808,0.0010846816003322,0.0007642629207111
z764he2u,pos_efference,50,50,330055680,1640.7008056640625,405.9716796875,13.490821838378906,0.3853067755699157,1.451687574386597,0.0106760635972023,0.0012025034520775,0.0006922372267581
z764he2u,pos_efference,50,50,340049920,1651.137939453125,408.990234375,13.545461654663086,0.3831461369991302,1.436450481414795,0.0109681989997625,0.0010470449924468,0.0006089672679081
z764he2u,pos_efference,50,50,350044160,1668.196533203125,413.662109375,13.582802772521973,0.3841982781887054,1.438621997833252,0.0106986630707979,0.0008885439601726,0.0005421111709438
z764he2u,pos_efference,50,50,360038400,1646.1927490234375,408.544921875,13.928299903869627,0.3763996064662933,1.4505305290222168,0.0107904393225908,0.0010041246423497,0.0006238737842068
z764he2u,pos_efference,50,50,370032640,1650.545654296875,408.587890625,13.86000633239746,0.371101051568985,1.446812629699707,0.0111955916509032,0.0010909590637311,0.0007243660511448
z764he2u,pos_efference,50,50,380026880,1676.654296875,414.142578125,14.073570251464844,0.3701206147670746,1.4328320026397705,0.0103988116607069,0.0009497863939031,0.0006142809288576
z764he2u,pos_efference,50,50,390021120,1668.907958984375,411.7099609375,14.22419548034668,0.3769704401493072,1.4338293075561523,0.0106891673058271,0.0009341285331174,0.0004837907326873
z764he2u,pos_efference,50,50,400015360,1670.968017578125,412.3291015625,13.867810249328612,0.3751658201217651,1.4303524494171145,0.0110566448420286,0.0009059223229996,0.0005707484087906
z764he2u,pos_efference,50,50,410009600,1624.5673828125,404.072265625,14.148155212402344,0.3752096593379974,1.44025719165802,0.0114386565983295,0.0011305477237328,0.0008016173960641
z764he2u,pos_efference,50,50,420003840,1669.500244140625,412.88671875,13.95310401916504,0.3802041113376617,1.4319301843643188,0.0106846494600176,0.0008896281942725,0.0005179161671549
z764he2u,pos_efference,50,50,430080000,1652.4163818359375,407.5400390625,14.11258316040039,0.3794485330581665,1.4223231077194214,0.0113113010302186,0.0010389898670837,0.0007558283396065
z764he2u,pos_efference,50,50,440074240,1637.078857421875,405.126953125,14.222336769104004,0.3719094693660736,1.4286218881607056,0.0110528375953435,0.0011205761693418,0.0007578349905088
z764he2u,pos_efference,50,50,450068480,1647.525634765625,405.1337890625,14.289026260375977,0.3713695108890533,1.4115359783172607,0.0109155168756842,0.0010597824584692,0.0006060601444914
z764he2u,pos_efference,50,50,460062720,1690.79443359375,413.568359375,14.643133163452148,0.3687025308609009,1.4097424745559692,0.0101893609389662,0.0008620743756182,0.000505271134898
z764he2u,pos_efference,50,50,470056960,1704.62841796875,419.568359375,14.350079536437988,0.3687800467014313,1.4290590286254885,0.0100312596186995,0.0006518042646348,0.0004235808155499
z764he2u,pos_efference,50,50,480051200,1660.9306640625,408.6220703125,14.31475830078125,0.3705664277076721,1.4125967025756836,0.011116730980575,0.0010310519719496,0.0006121675833128
z764he2u,pos_efference,50,50,490045440,1671.462890625,411.697265625,14.4068603515625,0.3737247288227081,1.4253871440887451,0.0105201369151473,0.0008881572866812,0.0005538755794987
z764he2u,pos_efference,50,50,500039680,1670.46533203125,410.728515625,14.303939819335938,0.3720985949039459,1.4205753803253174,0.0106494333595037,0.0008807660778984,0.0005381398368626
z764he2u,pos_efference,50,50,510033920,1675.084716796875,411.3564453125,14.46534824371338,0.3616799712181091,1.412471055984497,0.0103441253304481,0.0009765271097421,0.0006018205895088
z764he2u,pos_efference,50,50,520028160,1677.067626953125,412.8037109375,14.879390716552734,0.360961377620697,1.4079585075378418,0.0108485575765371,0.0008266500663012,0.0004501185030676
z764he2u,pos_efference,50,50,530022400,1681.873046875,410.146484375,14.460824966430664,0.3641640245914459,1.398545265197754,0.0104637648910284,0.0009649145649746,0.0006021895678713
z764he2u,pos_efference,50,50,540016640,1691.771240234375,414.087890625,14.53325080871582,0.3646920025348663,1.405198335647583,0.0104824136942625,0.0009071538224816,0.0005742163630202
z764he2u,pos_efference,50,50,550010880,1669.944580078125,407.35546875,14.698328018188477,0.3667819499969482,1.399067759513855,0.010109344497323,0.0010984484106302,0.0006031398661434
z764he2u,pos_efference,50,50,560005120,1653.4786376953125,405.119140625,14.754817962646484,0.3695290386676788,1.4007960557937622,0.0110817495733499,0.0011593104572966,0.0006988092791289
z764he2u,pos_efference,50,50,570081280,1691.46875,413.896484375,14.908985137939451,0.3631859421730041,1.406613826751709,0.0104042245075106,0.0008463275735266,0.0005510789342224
z764he2u,pos_efference,50,50,580075520,1670.4990234375,407.724609375,15.006786346435549,0.3649556934833526,1.403001308441162,0.0104054240509867,0.0011352509027346,0.0007886427920311
z764he2u,pos_efference,50,50,590069760,1636.314453125,401.796875,15.176259994506836,0.3719733357429504,1.4212597608566284,0.0102586261928081,0.0012513974215835,0.0008797664777375
z764he2u,pos_efference,50,50,600064000,1696.313232421875,413.9345703125,14.932466506958008,0.3662989437580108,1.410061001777649,0.0099976584315299,0.000936028198339,0.0007572901668027
vrbevz29,pos_efference,100,100,0,505.9256896972656,229.84375,3.214357852935791,0.80185467004776,3.0453245639801025,0.0527019575238227,0.0103003289550542,0.0088697113096714
vrbevz29,pos_efference,100,100,10076160,631.365966796875,216.0283203125,7.691797256469727,0.6679459810256958,2.0426836013793945,0.0321660041809082,0.008399891667068,0.0067047313787043
vrbevz29,pos_efference,100,100,20070400,688.8591918945312,227.142578125,8.30984878540039,0.5791842937469482,1.848967432975769,0.0293590892106294,0.0070565761998295,0.005440963897854
vrbevz29,pos_efference,100,100,30064640,768.6370849609375,237.779296875,9.003534317016602,0.5256505012512207,1.7686879634857178,0.0255966931581497,0.0062920246273279,0.0050534242764115
vrbevz29,pos_efference,100,100,40058880,856.288330078125,259.04296875,9.127355575561523,0.5094632506370544,1.7730425596237185,0.0241111777722835,0.00520671159029,0.0043964982032775
vrbevz29,pos_efference,100,100,50053120,920.5009765625,270.7783203125,9.32089614868164,0.5158471465110779,1.769706964492798,0.0217469502240419,0.0047297435812652,0.0038416173774749
vrbevz29,pos_efference,100,100,60047360,930.0819091796876,272.5390625,9.190357208251951,0.4905736744403839,1.7351008653640747,0.0213072299957275,0.0046606929972767,0.0034999439958482
vrbevz29,pos_efference,100,100,70041600,975.3966674804688,283.52734375,9.126180648803713,0.4987949728965759,1.723945140838623,0.0213913433253765,0.0042654694989323,0.0034952377900481
vrbevz29,pos_efference,100,100,80035840,1016.7159423828124,292.3046875,8.697294235229492,0.4970718324184418,1.7195448875427246,0.0192631185054779,0.0040059802122414,0.0028677016962319
vrbevz29,pos_efference,100,100,90030080,1088.2977294921875,309.68359375,8.883430480957031,0.4951338171958923,1.7037200927734375,0.0191190540790557,0.0035464162938296,0.0026145053561776
vrbevz29,pos_efference,100,100,100024320,1149.281005859375,320.2958984375,9.36520004272461,0.4837856888771057,1.7025554180145264,0.017581196501851,0.003260594792664,0.0024246759712696
vrbevz29,pos_efference,100,100,110018560,1258.46240234375,347.5966796875,9.055571556091309,0.4689460694789886,1.6793534755706787,0.0165878850966691,0.0025330763310194,0.0016468371031805
vrbevz29,pos_efference,100,100,120012800,1230.806884765625,338.193359375,9.263986587524414,0.4706819355487823,1.6716450452804563,0.0161458812654018,0.0027641304768621,0.0018558871233835
vrbevz29,pos_efference,100,100,130007040,1279.896484375,352.4208984375,9.220209121704102,0.4607597589492798,1.6805365085601809,0.016382997855544,0.0025054158177226,0.0017074157949537
vrbevz29,pos_efference,100,100,140001280,1349.84716796875,364.3408203125,9.752297401428224,0.4664929509162903,1.660311937332153,0.0145506197586655,0.0021403653081506,0.0014339860063046
vrbevz29,pos_efference,100,100,150077440,1420.635009765625,380.982421875,9.781346321105955,0.4583059549331665,1.65226411819458,0.0147077506408095,0.0018658232875168,0.00126892211847
vrbevz29,pos_efference,100,100,160071680,1419.982177734375,379.921875,10.08302879333496,0.4508965611457824,1.6429557800292969,0.0138465631753206,0.0017791022546589,0.0010718230623751
vrbevz29,pos_efference,100,100,170065920,1403.300048828125,371.9912109375,10.069122314453123,0.4570801556110382,1.6274241209030151,0.0133887901902198,0.0019651167094707,0.0011675236746668
vrbevz29,pos_efference,100,100,180060160,1484.759033203125,391.29296875,10.0977783203125,0.4550046324729919,1.6151363849639893,0.0131732188165187,0.001504338113591,0.000942378421314
vrbevz29,pos_efference,100,100,190054400,1493.471435546875,394.3681640625,10.100584030151367,0.4352658092975616,1.6223746538162231,0.0129285380244255,0.0013645661529153,0.0007580948295071
vrbevz29,pos_efference,100,100,200048640,1492.536376953125,389.640625,10.081472396850586,0.4466188251972198,1.5954899787902832,0.0129531435668468,0.0015512281097471,0.000816034968011
vrbevz29,pos_efference,100,100,210042880,1523.65087890625,397.2158203125,10.365748405456545,0.4411062002182007,1.6032860279083252,0.0127416457980871,0.0014275056309998,0.0009919091826304
vrbevz29,pos_efference,100,100,220037120,1515.6756591796875,393.9404296875,10.443084716796877,0.4360732138156891,1.5638259649276731,0.0124267293140292,0.0014185154577717,0.0009026157204061
vrbevz29,pos_efference,100,100,230031360,1475.101318359375,383.2109375,10.894081115722656,0.4288219809532165,1.573939085006714,0.0125698912888765,0.0016758479177951,0.0011178813874721
vrbevz29,pos_efference,100,100,240025600,1485.6595458984375,385.8837890625,10.641653060913086,0.4266921579837799,1.5582858324050903,0.0129353832453489,0.0016511445865035,0.0008898497326299
vrbevz29,pos_efference,100,100,250019840,1528.5849609375,395.306640625,10.60714340209961,0.4220010340213775,1.5553407669067385,0.0123788230121135,0.0013533429009839,0.0008247109362855
vrbevz29,pos_efference,100,100,260014080,1530.6123046875,393.015625,11.0791015625,0.4144775867462158,1.540070414543152,0.0122234337031841,0.0014722708147019,0.0009378847898915
vrbevz29,pos_efference,100,100,270008320,1551.0516357421875,396.3466796875,11.204890251159668,0.4126512706279754,1.5187283754348757,0.012716319411993,0.001430220901966,0.0009158229222521
vrbevz29,pos_efference,100,100,280002560,1546.3717041015625,394.01171875,11.244691848754885,0.4061587452888489,1.5164635181427002,0.012547711841762,0.0014973996439948,0.0009651640430092
vrbevz29,pos_efference,100,100,290078720,1575.069580078125,400.4091796875,11.421882629394531,0.3974847793579101,1.525529384613037,0.0119090061634778,0.0012259457726031,0.000696585746482
vrbevz29,pos_efference,100,100,300072960,1567.1572265625,400.3310546875,11.281417846679688,0.4031629562377929,1.5178412199020386,0.0123980222269892,0.0011565200984477,0.0007640137919224
vrbevz29,pos_efference,100,100,310067200,1545.9390869140625,394.8642578125,11.593507766723633,0.4055011570453644,1.5178953409194946,0.0122360978275537,0.0014348791446536,0.0009305836283601
vrbevz29,pos_efference,100,100,320061440,1581.9404296875,401.0869140625,11.549382209777832,0.401915967464447,1.510708570480347,0.0117668798193335,0.0012766500003635,0.0009069775114767
vrbevz29,pos_efference,100,100,330055680,1608.771240234375,408.63671875,11.66940689086914,0.3986308872699737,1.5085291862487793,0.0114968596026301,0.0009456961415708,0.0006161982892081
vrbevz29,pos_efference,100,100,340049920,1588.967041015625,401.9521484375,11.781816482543944,0.3979339301586151,1.4986432790756226,0.0114581640809774,0.0011333104921504,0.0007032706635072
vrbevz29,pos_efference,100,100,350044160,1582.65673828125,400.912109375,11.838945388793944,0.4003478586673736,1.5112489461898804,0.0116655211895704,0.0011995784007012,0.0007103509269654
vrbevz29,pos_efference,100,100,360038400,1601.528564453125,403.3955078125,11.60382843017578,0.4005116522312164,1.488161325454712,0.0116353202611207,0.0011647006031125,0.0007021361379884
vrbevz29,pos_efference,100,100,370032640,1609.0010986328125,403.4853515625,11.917428970336914,0.3928573429584503,1.4822680950164795,0.0108081670477986,0.0011308678658679,0.0006155319279059
vrbevz29,pos_efference,100,100,380026880,1619.4710693359375,406.01171875,11.80336093902588,0.3968933522701263,1.4881720542907717,0.0111007234081625,0.0011027933796867,0.0005676829023286
vrbevz29,pos_efference,100,100,390021120,1574.37451171875,399.5009765625,11.972253799438477,0.4042381048202514,1.5082077980041504,0.0116117196157574,0.0011907744919881,0.0007121260277926
vrbevz29,pos_efference,100,100,400015360,1608.317138671875,403.21484375,11.91889190673828,0.4028546810150146,1.4746997356414795,0.0116194561123847,0.0011720141628757,0.0006800184492021
vrbevz29,pos_efference,100,100,410009600,1601.963134765625,401.3515625,12.273736953735352,0.3982742130756378,1.480112075805664,0.0110529270023107,0.0012137356679886,0.0007407061639241
vrbevz29,pos_efference,100,100,420003840,1602.415283203125,402.712890625,12.264065742492676,0.3952512145042419,1.4830224514007568,0.0110627803951501,0.0011739223264157,0.0008022933034226
vrbevz29,pos_efference,100,100,430080000,1604.9228515625,401.8876953125,12.3562593460083,0.4037331044673919,1.4650030136108398,0.0112006459385156,0.0012614424340426,0.0007324320031329
vrbevz29,pos_efference,100,100,440074240,1600.943115234375,403.689453125,12.358057975769045,0.3995710611343384,1.494009494781494,0.0114008700475096,0.0011124582961201,0.0006723460974171
vrbevz29,pos_efference,100,100,450068480,1620.052490234375,404.2607421875,12.48608684539795,0.3882419168949127,1.4910694360733032,0.0105878338217735,0.0011970293708145,0.0007295761606656
vrbevz29,pos_efference,100,100,460062720,1655.34130859375,410.8330078125,12.68990993499756,0.3908714950084686,1.4588911533355713,0.0106327440589666,0.0009780160617083,0.000606867368333
vrbevz29,pos_efference,100,100,470056960,1636.16943359375,406.40234375,12.727459907531738,0.3869325220584869,1.4619522094726562,0.0104964170604944,0.0010775988921523,0.0007134499610401
vrbevz29,pos_efference,100,100,480051200,1622.4443359375,406.3720703125,12.489970207214355,0.3927195370197296,1.4670584201812744,0.0113615626469254,0.0010645379079505,0.0005812603631056
vrbevz29,pos_efference,100,100,490045440,1608.037109375,402.177734375,12.858274459838867,0.3834622502326965,1.4610817432403564,0.0114146675914525,0.00115988322068,0.0005608228384517
vrbevz29,pos_efference,100,100,500039680,1637.433837890625,409.1220703125,13.144667625427246,0.3765936195850372,1.452568769454956,0.0116198100149631,0.0009958097944036,0.0006364089203998
vrbevz29,pos_efference,100,100,510033920,1681.67626953125,415.03125,13.209196090698242,0.3754992187023163,1.445967674255371,0.0101857483386993,0.0009080679155886,0.000563307898119
vrbevz29,pos_efference,100,100,520028160,1679.9251708984375,415.853515625,13.043384552001951,0.3806168437004089,1.451086401939392,0.0105470158159732,0.0009314201888628,0.0005665228818543
vrbevz29,pos_efference,100,100,530022400,1666.445556640625,412.572265625,13.274774551391602,0.3782428503036499,1.4572460651397705,0.0103602930903434,0.0009620301425457,0.0006355819059535
vrbevz29,pos_efference,100,100,540016640,1644.4708251953125,407.86328125,12.99112319946289,0.3790510594844818,1.4494575262069702,0.0107128843665122,0.0010783041361719,0.0006667168927378
vrbevz29,pos_efference,100,100,550010880,1638.44189453125,403.99609375,13.446356773376465,0.3748750686645508,1.4311485290527344,0.0111593082547187,0.0012033057864755,0.000773544947151
vrbevz29,pos_efference,100,100,560005120,1693.41650390625,416.6865234375,13.218666076660156,0.3749234974384308,1.442008137702942,0.0098623894155025,0.0007808580994606,0.0004774109984282
vrbevz29,pos_efference,100,100,570081280,1674.524658203125,413.56640625,13.262897491455078,0.3777269721031189,1.4362123012542725,0.0107347648590803,0.0009432304650545,0.0006075259298086
vrbevz29,pos_efference,100,100,580075520,1651.519287109375,409.3671875,13.459224700927734,0.3684285581111908,1.4470040798187256,0.010565111413598,0.0009794548386707,0.0006428463384509
vrbevz29,pos_efference,100,100,590069760,1669.9031982421875,410.4619140625,13.386800765991213,0.3693879544734955,1.4368796348571775,0.0107095260173082,0.0009998903842642,0.0007102180970832
vrbevz29,pos_efference,100,100,600064000,1669.7525634765625,410.2333984375,13.540809631347656,0.3708473145961761,1.4383186101913452,0.0103732999414205,0.0010055743623524,0.000767447927501
n5hhjw6a,pos_efference,300,300,0,506.8463745117188,230.267578125,3.2143282890319824,0.8018097877502441,3.045197010040283,0.052654705941677,0.0102889249101281,0.0088554061949253
n5hhjw6a,pos_efference,300,300,10076160,554.2815551757812,207.13671875,7.656153678894043,0.6659262180328369,2.1599159240722656,0.0363890826702117,0.0090307127684354,0.0066624004393815
n5hhjw6a,pos_efference,300,300,20070400,687.4537963867188,229.8447265625,7.810502052307129,0.6070946455001831,1.9739116430282595,0.0289517603814601,0.007143247872591,0.0059657096862792
n5hhjw6a,pos_efference,300,300,30064640,772.8637084960938,250.1630859375,7.938348770141602,0.5807604789733887,1.88771653175354,0.0264621842652559,0.0056722019799053,0.0045597907155752
n5hhjw6a,pos_efference,300,300,40058880,793.1630859375,249.0654296875,8.235252380371094,0.5601877570152283,1.8315733671188357,0.0240361802279949,0.005590065382421,0.0044346801005303
n5hhjw6a,pos_efference,300,300,50053120,886.4256591796875,269.591796875,8.594388961791992,0.5416456460952759,1.7689344882965088,0.0230002403259277,0.0047044260427355,0.0038331360556185
n5hhjw6a,pos_efference,300,300,60047360,903.74609375,270.1982421875,8.256410598754883,0.539885401725769,1.773640513420105,0.0223389845341444,0.0046939277090132,0.0038952413015067
n5hhjw6a,pos_efference,300,300,70041600,932.3990478515624,280.6162109375,8.303966522216797,0.5446897745132446,1.8095760345458984,0.0218762494623661,0.0042619686573743,0.0035374187864363
n5hhjw6a,pos_efference,300,300,80035840,956.7479248046876,285.8837890625,7.998046398162842,0.5370696187019348,1.7942404747009275,0.0208645276725292,0.0039439629763364,0.0031703966669738
n5hhjw6a,pos_efference,300,300,90030080,965.7905883789062,286.64453125,7.916285514831543,0.5422424674034119,1.8114635944366453,0.0203596521168947,0.0040121399797499,0.0030889527406543
n5hhjw6a,pos_efference,300,300,100024320,1022.3099975585938,303.6650390625,7.918224811553955,0.5370073914527893,1.8187330961227417,0.0207123197615146,0.0035791811533272,0.0028931151609867
n5hhjw6a,pos_efference,300,300,110018560,1014.7806396484376,298.6845703125,8.135987281799316,0.5145784616470337,1.7352681159973145,0.0198172982782125,0.0035776107106357,0.0026648759376257
n5hhjw6a,pos_efference,300,300,120012800,1055.390380859375,309.9052734375,7.968685150146484,0.5296827554702759,1.7652169466018677,0.0197206139564514,0.0033461875282227,0.0026503389235585
n5hhjw6a,pos_efference,300,300,130007040,1081.957763671875,313.3720703125,7.902022361755371,0.5295811891555786,1.7673523426055908,0.0193911790847778,0.0034634438343346,0.002507061464712
n5hhjw6a,pos_efference,300,300,140001280,1107.1038818359375,317.1748046875,7.680840969085693,0.5173283219337463,1.7528886795043943,0.0178672783076763,0.0033059073612093,0.002256739186123
n5hhjw6a,pos_efference,300,300,150077440,1204.770263671875,340.2626953125,7.942996025085449,0.504534900188446,1.732100009918213,0.0176727473735809,0.0027655707672238,0.0020821327343583
n5hhjw6a,pos_efference,300,300,160071680,1193.51123046875,333.9931640625,8.336695671081543,0.4960759282112121,1.711203694343567,0.0167579129338264,0.002846491523087,0.0018248923588544
n5hhjw6a,pos_efference,300,300,170065920,1243.5859375,348.029296875,7.992083549499512,0.5149747133255005,1.7420915365219116,0.0165877789258956,0.0026239082217216,0.0018815734656527
n5hhjw6a,pos_efference,300,300,180060160,1266.54638671875,355.5703125,7.90247106552124,0.5143747925758362,1.749233961105347,0.0162333827465772,0.0024136803112924,0.00161290820688
n5hhjw6a,pos_efference,300,300,190054400,1306.372314453125,357.96484375,8.50119400024414,0.4824765920639038,1.6669652462005615,0.0150217227637767,0.0023594023659825,0.0015026405453681
n5hhjw6a,pos_efference,300,300,200048640,1328.8013916015625,360.728515625,8.162796020507812,0.5036940574645996,1.6758953332901,0.0151230012997984,0.0022853920236229,0.0014761963393539
n5hhjw6a,pos_efference,300,300,210042880,1302.3111572265625,357.353515625,8.459843635559082,0.509191632270813,1.72164785861969,0.0147160813212394,0.002317585516721,0.0015778942033648
n5hhjw6a,pos_efference,300,300,220037120,1372.98974609375,372.626953125,8.23076057434082,0.4984199106693268,1.6848504543304443,0.0144385751336812,0.0020460209343582,0.0012849569320678
n5hhjw6a,pos_efference,300,300,230031360,1347.222900390625,364.18359375,8.589126586914062,0.4947868585586548,1.6875011920928955,0.0142310373485088,0.0021038269624114,0.0012733907205983
n5hhjw6a,pos_efference,300,300,240025600,1318.064208984375,357.10546875,8.593746185302734,0.4921205937862396,1.6848387718200684,0.0147311110049486,0.002443203702569,0.0015774047933518
n5hhjw6a,pos_efference,300,300,250019840,1394.068359375,371.9462890625,8.881582260131836,0.4565988481044769,1.6687631607055664,0.013915960676968,0.0019887425005435,0.0012672399170696
n5hhjw6a,pos_efference,300,300,260014080,1418.476318359375,380.2802734375,9.15018081665039,0.4530566930770874,1.65399169921875,0.0139005640521645,0.0018297649221494,0.0012244971003383
n5hhjw6a,pos_efference,300,300,270008320,1430.445556640625,380.4931640625,8.947789192199707,0.4575308859348297,1.6294877529144287,0.0135719142854213,0.0017035212367773,0.0010813057888299
n5hhjw6a,pos_efference,300,300,280002560,1408.06298828125,376.2685546875,8.67557144165039,0.4709027111530304,1.6558791399002075,0.0141013218089938,0.001778831356205,0.001006482867524
n5hhjw6a,pos_efference,300,300,290078720,1396.4766845703125,375.30859375,8.590210914611816,0.4821293950080871,1.6953309774398804,0.0139419790357351,0.0017620951402932,0.0010604599956423
n5hhjw6a,pos_efference,300,300,300072960,1451.1142578125,388.1904296875,8.911718368530273,0.481916069984436,1.7209453582763672,0.0132964961230754,0.001490147318691,0.0008879369706846
n5hhjw6a,pos_efference,300,300,310067200,1445.57177734375,381.912109375,9.314163208007812,0.4666454493999481,1.6512675285339355,0.0129776913672685,0.0016453843563795,0.0009134986321441
n5hhjw6a,pos_efference,300,300,320061440,1442.3477783203125,383.9462890625,9.04241180419922,0.4592962861061096,1.65413236618042,0.0138972392305731,0.001549074659124,0.0009795629885047
n5hhjw6a,pos_efference,300,300,330055680,1491.006103515625,391.1240234375,8.911779403686523,0.4578197300434112,1.6231749057769775,0.012943547219038,0.0014421371743083,0.0008034469210542
n5hhjw6a,pos_efference,300,300,340049920,1434.1192626953125,380.48046875,9.271373748779297,0.4558717906475067,1.5949749946594238,0.0142898531630635,0.0016807463252916,0.0009533461998216
n5hhjw6a,pos_efference,300,300,350044160,1473.468017578125,387.9169921875,8.944328308105469,0.4620329141616821,1.6016173362731934,0.0133864972740411,0.0015053395181894,0.0008673169650137
n5hhjw6a,pos_efference,300,300,360038400,1465.61083984375,387.30859375,9.251405715942385,0.4725690186023712,1.6476011276245115,0.0131873190402984,0.0015119812451303,0.000940864556469
n5hhjw6a,pos_efference,300,300,370032640,1507.9403076171875,396.19921875,9.542939186096191,0.4576283991336822,1.64983332157135,0.0133079551160335,0.0013185907155275,0.0008211684180423
n5hhjw6a,pos_efference,300,300,380026880,1459.142822265625,387.1142578125,9.169368743896484,0.4500907659530639,1.6409019231796265,0.0138519145548343,0.0015727698337286,0.0008599001448601
n5hhjw6a,pos_efference,300,300,390021120,1473.6773681640625,387.763671875,9.643747329711914,0.4480518996715545,1.6098871231079102,0.0138081088662147,0.0015287441201508,0.0008887827279977
n5hhjw6a,pos_efference,300,300,400015360,1491.727783203125,389.9794921875,9.864668846130373,0.4414486289024353,1.5881211757659912,0.0136717073619365,0.0014175432734191,0.0008888145675882
n5hhjw6a,pos_efference,300,300,410009600,1523.26171875,396.4599609375,9.618531227111816,0.4425415396690368,1.5989809036254885,0.0127610806375741,0.0013127960264682,0.0008546515600755
n5hhjw6a,pos_efference,300,300,420003840,1553.16650390625,402.5263671875,9.825056076049805,0.437715619802475,1.5975091457366943,0.0131161175668239,0.0010989926522597,0.000639418081846
n5hhjw6a,pos_efference,300,300,430080000,1515.782958984375,395.494140625,9.775240898132324,0.4410401880741119,1.588977932929993,0.0130698643624782,0.0013107212726026,0.0007932010921649
n5hhjw6a,pos_efference,300,300,440074240,1546.3970947265625,400.6318359375,9.901922225952148,0.4319761097431183,1.6081362962722778,0.0128407608717679,0.0011676554568111,0.0007615361828356
n5hhjw6a,pos_efference,300,300,450068480,1521.7744140625,394.9091796875,10.189173698425291,0.4225628674030304,1.5950841903686523,0.0125885875895619,0.0013183275004848,0.0009097203146666
n5hhjw6a,pos_efference,300,300,460062720,1542.5926513671875,396.5888671875,10.295743942260742,0.4250149428844452,1.5589154958724976,0.0128107480704784,0.0012964997440576,0.0008584831375628
n5hhjw6a,pos_efference,300,300,470056960,1528.971435546875,395.1279296875,10.168992042541504,0.4257464110851288,1.5665746927261353,0.0129460748285055,0.0013444582000374,0.000763987773098
n5hhjw6a,pos_efference,300,300,480051200,1545.499267578125,399.6767578125,10.23422908782959,0.4277424216270447,1.5671097040176392,0.0127867180854082,0.0012434386881068,0.0007985129486769
n5hhjw6a,pos_efference,300,300,490045440,1566.95654296875,402.853515625,10.20774269104004,0.4246239960193634,1.5624732971191406,0.0122156823053956,0.0010900497436523,0.000695040624123
n5hhjw6a,pos_efference,300,300,500039680,1549.223388671875,399.7548828125,10.50975513458252,0.4298408031463623,1.5657341480255127,0.0126037476584315,0.0012105788337066,0.0006387080065906
n5hhjw6a,pos_efference,300,300,510033920,1565.3526611328125,402.75390625,10.36198616027832,0.4220826029777527,1.5468778610229492,0.0130155887454748,0.0012224381789565,0.00066829030402
n5hhjw6a,pos_efference,300,300,520028160,1555.54150390625,399.4140625,10.535980224609377,0.41641566157341,1.546485424041748,0.0127793382853269,0.0012110124807804,0.0005979110719636
n5hhjw6a,pos_efference,300,300,530022400,1576.017578125,403.783203125,10.552309036254885,0.4099996984004974,1.5471020936965942,0.0124539677053689,0.0011517272796481,0.0006985313957557
n5hhjw6a,pos_efference,300,300,540016640,1537.662109375,398.79296875,10.805580139160156,0.4165960848331451,1.56367027759552,0.0129733476787805,0.0012355700600892,0.0005764015950262
n5hhjw6a,pos_efference,300,300,550010880,1561.781005859375,402.369140625,10.819107055664062,0.4234412312507629,1.57012677192688,0.0124634746462106,0.0010642802808433,0.0006788645405322
n5hhjw6a,pos_efference,300,300,560005120,1589.61865234375,408.0390625,10.77127742767334,0.4135962426662445,1.5581376552581787,0.0118353832513093,0.0010265090968459,0.0005779883358627
n5hhjw6a,pos_efference,300,300,570081280,1623.83056640625,412.3037109375,11.048556327819824,0.4127586185932159,1.5351955890655518,0.0116257350891828,0.0008714835857972,0.000519041204825
n5hhjw6a,pos_efference,300,300,580075520,1599.395751953125,408.267578125,10.803805351257324,0.419996827840805,1.546512484550476,0.0117490421980619,0.0009970845421776,0.0006236565532162
n5hhjw6a,pos_efference,300,300,590069760,1588.6396484375,404.443359375,10.97213363647461,0.4131946861743927,1.5297715663909912,0.0120623856782913,0.0010756361298263,0.0006689866422675
n5hhjw6a,pos_efference,300,300,600064000,1605.95068359375,410.0,11.20883846282959,0.4147908091545105,1.5233780145645142,0.0120228361338377,0.0009812210919335,0.0005851873429492
0g7xvoz3,pos_kl_sweep,0,0,0,450.9924926757813,211.1396484375,3.2240428924560547,0.8096344470977783,3.0436222553253174,0.054581418633461,0.013402528129518,0.0105639677494764
0g7xvoz3,pos_kl_sweep,0,0,10076160,606.645751953125,226.0908203125,0.000619867874775,0.6145424246788025,1.9611563682556152,0.0401334688067436,0.009341787546873,0.0084685953333973
0g7xvoz3,pos_kl_sweep,0,0,20070400,689.9547119140625,235.8779296875,0.00037336332025,0.5268668532371521,1.7122530937194824,0.0359336324036121,0.0080155357718467,0.0074904924258589
0g7xvoz3,pos_kl_sweep,0,0,30064640,767.7760620117188,251.4228515625,0.0005080896662548,0.4702922403812408,1.6475753784179688,0.0345153845846653,0.0063785044476389,0.0057500833645462
0g7xvoz3,pos_kl_sweep,0,0,40058880,790.8590698242188,259.228515625,0.0004869128169957,0.4437373280525207,1.6528226137161257,0.0345161110162735,0.0059747491031885,0.005304507445544
0g7xvoz3,pos_kl_sweep,0,0,50053120,808.6636962890625,266.22265625,0.0005959124537184,0.4280338287353515,1.646162509918213,0.0356448739767074,0.0052751419134438,0.0044862432405352
0g7xvoz3,pos_kl_sweep,0,0,60047360,832.908935546875,267.74609375,0.0007635944057255,0.4154758155345917,1.6379592418670654,0.0353896096348762,0.0052225105464458,0.0044199745170772
0g7xvoz3,pos_kl_sweep,0,0,70041600,828.5371704101562,269.666015625,0.0013175462372601,0.4056165516376495,1.6282403469085691,0.0348556563258171,0.0052469889633357,0.0042496831156313
0g7xvoz3,pos_kl_sweep,0,0,80035840,831.447265625,264.9794921875,0.0023938252124935,0.4025635719299316,1.626032829284668,0.0336687564849853,0.0053107934072613,0.0044814166612923
0g7xvoz3,pos_kl_sweep,0,0,90030080,863.4896240234375,273.1259765625,0.0050943000242114,0.3945057690143585,1.60783588886261,0.0327533520758152,0.004804519470781,0.0040463046170771
0g7xvoz3,pos_kl_sweep,0,0,100024320,861.749755859375,275.453125,0.0060987710021436,0.396766722202301,1.6196917295455933,0.0324932634830474,0.0046726902946829,0.0038116609212011
0g7xvoz3,pos_kl_sweep,0,0,110018560,870.9496459960938,273.4921875,0.0049334708601236,0.3928837478160858,1.609364628791809,0.0320162177085876,0.0047462182119488,0.0039850170724093
0g7xvoz3,pos_kl_sweep,0,0,120012800,887.7273559570312,276.546875,0.0050240652635693,0.3897669613361358,1.579864263534546,0.0318518579006195,0.0046809283085167,0.0040285782888531
0g7xvoz3,pos_kl_sweep,0,0,130007040,874.1512451171875,275.462890625,0.0070247268304228,0.3912845253944397,1.6217873096466064,0.0328796431422233,0.0045807352289557,0.0039850757457315
0g7xvoz3,pos_kl_sweep,0,0,140001280,876.9288330078125,275.716796875,0.0055942009203135,0.3884340524673462,1.6277053356170654,0.0322970747947692,0.0047611775808036,0.0040962831117212
0g7xvoz3,pos_kl_sweep,0,0,150077440,857.2274169921875,272.419921875,0.0070954402908682,0.3892693519592285,1.6056911945343018,0.0324941948056221,0.0048366207629442,0.0042177969589829
0g7xvoz3,pos_kl_sweep,0,0,160071680,839.1622314453125,272.376953125,0.005058616399765,0.3929909765720367,1.6297366619110107,0.0338407456874847,0.0046961568295955,0.0039170375093817
0g7xvoz3,pos_kl_sweep,0,0,170065920,800.8974609375,271.548828125,0.0066996831446886,0.3945022523403168,1.6536767482757568,0.034254103899002,0.0047051734291017,0.0039421413093805
0g7xvoz3,pos_kl_sweep,0,0,180060160,892.19970703125,282.720703125,0.0054259523749351,0.3790932297706604,1.6117963790893557,0.0316928103566169,0.0043634232133626,0.0036978228017687
0g7xvoz3,pos_kl_sweep,0,0,190054400,879.9981689453125,279.94921875,0.0049587115645408,0.3812645971775055,1.6081174612045288,0.0326211154460907,0.0045819566585123,0.0039047212339937
0g7xvoz3,pos_kl_sweep,0,0,200048640,890.0323486328125,277.9150390625,0.005727460142225,0.3860568106174469,1.597031593322754,0.0323911607265472,0.0045620067976415,0.0038438201881945
0g7xvoz3,pos_kl_sweep,0,0,210042880,894.91943359375,283.05859375,0.0068278703838586,0.3825656473636627,1.5953099727630615,0.0326639749109745,0.0043250420130789,0.0038173138163983
0g7xvoz3,pos_kl_sweep,0,0,220037120,858.3306884765625,273.2763671875,0.0053187496960163,0.3897106945514679,1.6308674812316897,0.0329727903008461,0.0048830197192728,0.0042683794163167
0g7xvoz3,pos_kl_sweep,0,0,230031360,874.619140625,274.71484375,0.0060816407203674,0.3831729292869568,1.6032027006149292,0.0322824642062187,0.0047035622410476,0.0041633583605289
0g7xvoz3,pos_kl_sweep,0,0,240025600,859.056640625,270.736328125,0.0065142400562763,0.3826388418674469,1.6109745502471924,0.0326108783483505,0.0048583117313683,0.0043054670095443
0g7xvoz3,pos_kl_sweep,0,0,250019840,880.3539428710938,277.75390625,0.0071020326577126,0.3834597170352936,1.614351511001587,0.0321794226765632,0.0047787395305931,0.0043190750293433
0g7xvoz3,pos_kl_sweep,0,0,260014080,876.5848388671875,275.8759765625,0.0061822431161999,0.3801213502883911,1.6207655668258667,0.032046552747488,0.0048151100054383,0.0042022839188575
0g7xvoz3,pos_kl_sweep,0,0,270008320,888.5772705078125,278.7275390625,0.0060411291196942,0.3847584426403045,1.6211402416229248,0.0318120419979095,0.0045895185321569,0.0040025161579251
0g7xvoz3,pos_kl_sweep,0,0,280002560,886.4498901367188,277.2978515625,0.0062742233276367,0.378057986497879,1.6193962097167969,0.031544167548418,0.0045496951788663,0.0038493913598358
0g7xvoz3,pos_kl_sweep,0,0,290078720,903.717529296875,280.8876953125,0.0065835807472467,0.3785443603992462,1.6155922412872314,0.0303736366331577,0.0046169543638825,0.0040301089175045
0g7xvoz3,pos_kl_sweep,0,0,300072960,881.1767578125,278.771484375,0.0068744085729122,0.3775761127471924,1.6457083225250244,0.0319933891296386,0.0045636156573891,0.0040087355300784
0g7xvoz3,pos_kl_sweep,0,0,310067200,880.2644653320312,279.3125,0.0062642395496368,0.3768630921840668,1.6366901397705078,0.0320537909865379,0.0046431822702288,0.0040457202121615
0g7xvoz3,pos_kl_sweep,0,0,320061440,855.1533203125,271.6357421875,0.0065863649360835,0.384010374546051,1.6440277099609375,0.0327301658689975,0.0046690502204,0.0040573952719569
0g7xvoz3,pos_kl_sweep,0,0,330055680,895.5478515625,280.6630859375,0.0062585696578025,0.3792325556278229,1.6146152019500732,0.0311318077147007,0.0043983235955238,0.0037384352181106
0g7xvoz3,pos_kl_sweep,0,0,340049920,879.49462890625,276.921875,0.0060759591870009,0.377783328294754,1.6149520874023438,0.0317631214857101,0.0044716233387589,0.0037494678981602
0g7xvoz3,pos_kl_sweep,0,0,350044160,880.4840698242188,278.4658203125,0.0055323969572782,0.3773196041584015,1.623297929763794,0.0321516506373882,0.0045272265560925,0.0038792113773524
0g7xvoz3,pos_kl_sweep,0,0,360038400,875.5968017578125,275.7353515625,0.005130797624588,0.3794610500335693,1.6197471618652344,0.0316968113183975,0.0047977608628571,0.0040046069771051
0g7xvoz3,pos_kl_sweep,0,0,370032640,903.3140258789062,280.669921875,0.0068352040834724,0.3813131749629974,1.6083542108535769,0.030760845169425,0.0045232437551021,0.0038359393365681
0g7xvoz3,pos_kl_sweep,0,0,380026880,906.5255737304688,282.01953125,0.0069318041205406,0.3806478083133697,1.5971969366073608,0.0310398489236831,0.004455508198589,0.0037594381719827
0g7xvoz3,pos_kl_sweep,0,0,390021120,886.3240356445312,276.7021484375,0.0052196523174643,0.3838577270507812,1.607124090194702,0.0312286838889122,0.0045828158035874,0.0038737126160413
0g7xvoz3,pos_kl_sweep,0,0,400015360,896.0213623046875,280.4189453125,0.0050874026492238,0.3893047571182251,1.6078987121582031,0.0309534333646297,0.004572314210236,0.0038533385377377
0g7xvoz3,pos_kl_sweep,0,0,410009600,874.0897216796875,275.6416015625,0.0056137330830097,0.3882399201393127,1.614720344543457,0.0320436991751194,0.0047164573334157,0.0038744695484638
0g7xvoz3,pos_kl_sweep,0,0,420003840,885.7562255859375,279.9599609375,0.0058455104008316,0.3812587857246399,1.6119699478149414,0.0319453552365303,0.0046633440069854,0.0039925007149577
0g7xvoz3,pos_kl_sweep,0,0,430080000,863.3257446289062,276.95703125,0.0071970848366618,0.3837993741035461,1.6249394416809082,0.0322595536708831,0.0046513359993696,0.0039121489971876
0g7xvoz3,pos_kl_sweep,0,0,440074240,885.160888671875,282.2724609375,0.0064769033342599,0.3853592574596405,1.6080318689346311,0.03193149715662,0.0044149663299322,0.0036788121797144
0g7xvoz3,pos_kl_sweep,0,0,450068480,900.1145629882812,279.224609375,0.0048406859859824,0.3826979398727417,1.6098520755767822,0.0306486897170543,0.0046445848420262,0.0039624515920877
0g7xvoz3,pos_kl_sweep,0,0,460062720,876.96337890625,274.775390625,0.0058216648176312,0.3792387247085571,1.613107681274414,0.0308231078088283,0.0046703685075044,0.0039692223072052
0g7xvoz3,pos_kl_sweep,0,0,470056960,886.5523681640625,275.9931640625,0.0052802022546529,0.3813062608242035,1.611781358718872,0.0310807824134826,0.0047827544622123,0.004024532623589
0g7xvoz3,pos_kl_sweep,0,0,480051200,888.6048583984375,276.7109375,0.00603580288589,0.3782330155372619,1.59077787399292,0.031235221773386,0.0046649570576846,0.0039599016308784
0g7xvoz3,pos_kl_sweep,0,0,490045440,876.818115234375,276.5126953125,0.0058078337460756,0.3771128356456756,1.5988492965698242,0.0321191772818565,0.004768069833517,0.0041663874872028
0g7xvoz3,pos_kl_sweep,0,0,500039680,890.1702270507812,280.4912109375,0.0050652395002543,0.3789069056510925,1.604573130607605,0.0315019786357879,0.0045187943615019,0.0038980646058917
0g7xvoz3,pos_kl_sweep,0,0,510033920,877.4217529296875,278.69140625,0.0055795358493924,0.3738386929035187,1.6036691665649414,0.031543955206871,0.0046246303245425,0.004000742919743
0g7xvoz3,pos_kl_sweep,0,0,520028160,862.2430419921875,272.5439453125,0.0056534241884946,0.3776520192623138,1.613430738449097,0.0320796221494674,0.0048632994294166,0.00429024733603
0g7xvoz3,pos_kl_sweep,0,0,530022400,890.0816040039062,274.8427734375,0.005288191139698,0.3800434470176697,1.6134295463562012,0.0313850045204162,0.0048363218083977,0.0042537692934274
0g7xvoz3,pos_kl_sweep,0,0,540016640,886.0804443359375,277.017578125,0.0057314280420541,0.3774614930152893,1.6176846027374268,0.0320650041103363,0.0045332740992307,0.003911139909178
0g7xvoz3,pos_kl_sweep,0,0,550010880,887.145263671875,278.4111328125,0.0052331304177641,0.3773450851440429,1.6154131889343262,0.0311700478196144,0.0045425295829772,0.0037988354451954
0g7xvoz3,pos_kl_sweep,0,0,560005120,893.2455444335938,278.5458984375,0.0053462227806448,0.3818261921405792,1.6212809085845947,0.0314748957753181,0.0046623069792985,0.0040041208267211
0g7xvoz3,pos_kl_sweep,0,0,570081280,899.461181640625,282.39453125,0.005442694760859,0.3774313628673553,1.5894193649291992,0.0312874391674995,0.0044131018221378,0.0037982589565217
0g7xvoz3,pos_kl_sweep,0,0,580075520,874.9765014648438,273.4501953125,0.0049488637596368,0.3794482946395874,1.5775829553604126,0.0317799784243106,0.0046672192402184,0.0040025133639574
0g7xvoz3,pos_kl_sweep,0,0,590069760,882.6112060546875,274.7294921875,0.005344359204173,0.3797657787799835,1.610379695892334,0.0311495177447795,0.0047985222190618,0.0040740901604294
0g7xvoz3,pos_kl_sweep,0,0,600064000,892.367919921875,277.7001953125,0.0049552810378372,0.3714878857135772,1.6012969017028809,0.0313906632363796,0.0045858342200517,0.0039338856004178
chic4hzh,pos_kl_sweep,0,0,0,450.89013671875,211.13671875,3.224029541015625,0.8096272349357605,3.0436272621154785,0.0545958690345287,0.0133983716368675,0.0105610806494951
chic4hzh,pos_kl_sweep,0,0,10076160,649.7515258789062,229.2890625,0.0105729158967733,0.6109920740127563,1.8218779563903809,0.0375246033072471,0.0089731682091951,0.0083569856360554
chic4hzh,pos_kl_sweep,0,0,20070400,792.4842529296875,251.9892578125,0.0860000401735305,0.5267373919487,1.7111200094223022,0.0316708087921142,0.0068410229869186,0.0063646170310676
chic4hzh,pos_kl_sweep,0,0,30064640,973.0328369140624,296.3037109375,0.1293021142482757,0.4747912287712097,1.6808866262435913,0.0275987666100263,0.0042655752040445,0.0039113787934184
chic4hzh,pos_kl_sweep,0,0,40058880,1136.6763916015625,335.8369140625,0.1459886133670807,0.4546961486339569,1.6659886837005615,0.0240666475147008,0.0028343354351818,0.0025539472699165
chic4hzh,pos_kl_sweep,0,0,50053120,1290.5634765625,371.0107421875,0.160217672586441,0.4363670349121094,1.6615233421325684,0.0208205878734588,0.0020023370161652,0.001775853219442
chic4hzh,pos_kl_sweep,0,0,60047360,1330.606689453125,375.0556640625,0.1788074970245361,0.4260609447956085,1.6385560035705566,0.0197896845638752,0.0018106568604707,0.0015296784695237
chic4hzh,pos_kl_sweep,0,0,70041600,1509.277587890625,412.697265625,0.1867690235376358,0.4077025055885315,1.6335630416870115,0.0163243487477302,0.0009438066626898,0.0008805765537545
chic4hzh,pos_kl_sweep,0,0,80035840,1523.345703125,414.330078125,0.1959522664546966,0.3918140232563019,1.620578646659851,0.0160628147423267,0.0008808484417386,0.0007794725243002
chic4hzh,pos_kl_sweep,0,0,90030080,1545.660888671875,416.0439453125,0.2064038217067718,0.3843003213405609,1.5946366786956787,0.0159690584987401,0.0008689954993315,0.0007775778067298
chic4hzh,pos_kl_sweep,0,0,100024320,1557.609375,416.021484375,0.2116021513938903,0.3771616816520691,1.5910468101501465,0.015339613892138,0.0009061124874278,0.0008166066836565
chic4hzh,pos_kl_sweep,0,0,110018560,1587.45751953125,421.205078125,0.2176140248775482,0.3713521957397461,1.585892677307129,0.0144527107477188,0.0007218089886009,0.0006534098647534
chic4hzh,pos_kl_sweep,0,0,120012800,1591.1845703125,421.80859375,0.2313638031482696,0.365391343832016,1.5815231800079346,0.0145082250237464,0.0007907760445959,0.0006549704703502
chic4hzh,pos_kl_sweep,0,0,130007040,1605.4151611328125,424.626953125,0.2326802611351013,0.3633382320404053,1.572556734085083,0.0144834630191326,0.0006299621309153,0.0005170729709789
chic4hzh,pos_kl_sweep,0,0,140001280,1609.62890625,425.2607421875,0.2321074604988098,0.3616435527801513,1.571038007736206,0.0144349634647369,0.0006621711654588,0.0005800974322482
chic4hzh,pos_kl_sweep,0,0,150077440,1641.1956787109375,429.681640625,0.2249574661254882,0.3576367497444153,1.561961650848389,0.0137973707169294,0.0004396697913762,0.0003814263618551
chic4hzh,pos_kl_sweep,0,0,160071680,1657.424560546875,434.849609375,0.231405571103096,0.3517129421234131,1.5636224746704102,0.0139361806213855,0.000350140267983,0.000295801582979
chic4hzh,pos_kl_sweep,0,0,170065920,1671.684814453125,435.51171875,0.2293837964534759,0.3441469371318817,1.5613763332366943,0.0130319278687238,0.0003100000030826,0.0002302930224686
chic4hzh,pos_kl_sweep,0,0,180060160,1664.2724609375,432.2685546875,0.236577495932579,0.346554160118103,1.5453262329101562,0.0129195032641291,0.0004389832320157,0.0003630008432082
chic4hzh,pos_kl_sweep,0,0,190054400,1667.1708984375,433.5693359375,0.2347967028617859,0.3469437956809997,1.541668176651001,0.0132346153259277,0.0003644507960416,0.0003033841203432
chic4hzh,pos_kl_sweep,0,0,200048640,1671.21142578125,433.546875,0.2470947802066803,0.3427385687828064,1.529710054397583,0.0133962891995906,0.0003880049334838,0.0003538279852364
chic4hzh,pos_kl_sweep,0,0,210042880,1676.538818359375,433.4267578125,0.2310535013675689,0.337157666683197,1.5471432209014893,0.012565572746098,0.0003438744170125,0.0002675376017577
chic4hzh,pos_kl_sweep,0,0,220037120,1682.9920654296875,435.1376953125,0.2351717352867126,0.3357089161872864,1.5410842895507812,0.0123370764777064,0.0002941027050837,0.000263578898739
chic4hzh,pos_kl_sweep,0,0,230031360,1692.035400390625,434.732421875,0.245274543762207,0.3286428153514862,1.5353853702545166,0.0121529772877693,0.000302106665913,0.0002836852218024
chic4hzh,pos_kl_sweep,0,0,240025600,1701.423095703125,436.25390625,0.2401988208293914,0.325475662946701,1.526684284210205,0.0121981976553797,0.0002930764167103,0.0002567680203355
chic4hzh,pos_kl_sweep,0,0,250019840,1684.713623046875,433.205078125,0.2482722550630569,0.3261707127094269,1.538164138793945,0.0123557541519403,0.0004014579462818,0.0003263726539444
chic4hzh,pos_kl_sweep,0,0,260014080,1714.2685546875,437.4814453125,0.2455848455429077,0.3230450451374054,1.5303678512573242,0.0111744999885559,0.0002571765508037,0.0002257222076877
chic4hzh,pos_kl_sweep,0,0,270008320,1707.2735595703125,437.0068359375,0.2476660311222076,0.3212012648582458,1.5336254835128784,0.0114504536613821,0.0002732072316575,0.0002541313588153
chic4hzh,pos_kl_sweep,0,0,280002560,1715.29296875,438.3818359375,0.2564724683761596,0.3166514337062835,1.5320630073547363,0.0115331290289759,0.0002089394838549,0.0001546412240713
chic4hzh,pos_kl_sweep,0,0,290078720,1712.7296142578125,437.162109375,0.2557587027549743,0.315636932849884,1.528172254562378,0.0116835460066795,0.00024674195447,0.0002115344395861
chic4hzh,pos_kl_sweep,0,0,300072960,1720.03564453125,437.8955078125,0.2606559097766876,0.315397709608078,1.5260056257247925,0.0114953592419624,0.0002150073851225,0.000194916879991
chic4hzh,pos_kl_sweep,0,0,310067200,1727.449951171875,438.345703125,0.2544655799865722,0.3156332373619079,1.5204288959503174,0.0108763203024864,0.0001994709018617,0.0001994709018617
chic4hzh,pos_kl_sweep,0,0,320061440,1719.0836181640625,436.6044921875,0.2531719207763672,0.3149468302726745,1.5211241245269775,0.0113547649234533,0.0003476422862149,0.0002671976399142
chic4hzh,pos_kl_sweep,0,0,330055680,1719.129638671875,437.6982421875,0.2518069148063659,0.3119843602180481,1.5278609991073608,0.0112554971128702,0.0002239903697045,0.0002239903697045
chic4hzh,pos_kl_sweep,0,0,340049920,1725.3289794921875,439.0009765625,0.2589197754859924,0.3150263428688049,1.5363364219665527,0.011323133483529,0.0001735679252305,0.0001687642361503
chic4hzh,pos_kl_sweep,0,0,350044160,1720.345458984375,437.798828125,0.2678415775299072,0.315374493598938,1.523409724235535,0.0115355625748634,0.0002319699415238,0.0001946700795087
chic4hzh,pos_kl_sweep,0,0,360038400,1720.657470703125,436.9013671875,0.2519512772560119,0.3185622096061706,1.5272927284240725,0.0115633187815546,0.0002504453877918,0.0002475389628671
chic4hzh,pos_kl_sweep,0,0,370032640,1733.2666015625,439.580078125,0.2582866549491882,0.318448007106781,1.5223720073699951,0.0111621860414743,0.0001788165827747,0.000156680602231
chic4hzh,pos_kl_sweep,0,0,380026880,1713.029296875,435.603515625,0.2567326128482818,0.3175295293331146,1.5158288478851318,0.0117222424596548,0.000279805593891,0.0002519036643207
chic4hzh,pos_kl_sweep,0,0,390021120,1730.15771484375,439.6611328125,0.2512142956256866,0.3169781565666199,1.5183088779449463,0.0111535685136914,0.0001944037503562,0.000182676143595
chic4hzh,pos_kl_sweep,0,0,400015360,1720.8994140625,437.357421875,0.256139189004898,0.3167310059070587,1.5280284881591797,0.0111767128109931,0.0002351646544411,0.0002103780279867
chic4hzh,pos_kl_sweep,0,0,410009600,1721.26123046875,437.5078125,0.2588653862476349,0.3148801922798157,1.5089659690856934,0.0113469567149877,0.0002254219434689,0.0002148375788237
chic4hzh,pos_kl_sweep,0,0,420003840,1727.9736328125,438.154296875,0.2689394056797027,0.3168802857398987,1.504879593849182,0.01153723616153,0.0002392118476564,0.0002210825477959
chic4hzh,pos_kl_sweep,0,0,430080000,1730.898193359375,438.49609375,0.2672489881515503,0.3156964182853699,1.514240264892578,0.011334141716361,0.0001847022795118,0.0001847022795118
chic4hzh,pos_kl_sweep,0,0,440074240,1734.201171875,438.6630859375,0.2698640525341034,0.3130776286125183,1.504955530166626,0.0114162685349583,0.00018752948381,0.0001766082132235
chic4hzh,pos_kl_sweep,0,0,450068480,1732.96435546875,438.97265625,0.279660165309906,0.3137595951557159,1.5070744752883911,0.0116252824664115,0.00021122340695,0.0001914839376695
chic4hzh,pos_kl_sweep,0,0,460062720,1736.5491943359375,439.498046875,0.2688864469528198,0.3136546611785888,1.5102159976959229,0.0112343477085232,0.000170294631971,0.000170294631971
chic4hzh,pos_kl_sweep,0,0,470056960,1730.9873046875,437.6083984375,0.2780662477016449,0.316328763961792,1.5035343170166016,0.0115647856146097,0.0003556522424332,0.000263506459305
chic4hzh,pos_kl_sweep,0,0,480051200,1739.8568115234375,438.759765625,0.2823728621006012,0.3109514713287353,1.4983670711517334,0.011304035782814,0.0002080558333545,0.0001414658036082
chic4hzh,pos_kl_sweep,0,0,490045440,1749.566162109375,440.3994140625,0.2701322138309479,0.3151560425758362,1.5058739185333252,0.0108260121196508,0.0001486951659899,0.0001429842668585
chic4hzh,pos_kl_sweep,0,0,500039680,1735.9163818359375,440.4501953125,0.2761425375938415,0.3147542476654053,1.519307017326355,0.0115792015567421,0.000195107088075,0.0001884265220724
chic4hzh,pos_kl_sweep,0,0,510033920,1726.4534912109375,436.322265625,0.2680691182613373,0.3140911757946014,1.5089750289916992,0.0114692645147442,0.0002331346331629,0.0002086560416501
chic4hzh,pos_kl_sweep,0,0,520028160,1741.08251953125,439.8544921875,0.2771738171577453,0.311819314956665,1.5121846199035645,0.0111237540841102,0.0001774233969626,0.0001443286600988
chic4hzh,pos_kl_sweep,0,0,530022400,1723.694580078125,435.572265625,0.2722631096839905,0.3132199347019195,1.509835958480835,0.0116221029311418,0.0002674271236173,0.0002486102748662
chic4hzh,pos_kl_sweep,0,0,540016640,1726.652099609375,436.6337890625,0.2732128798961639,0.316415786743164,1.5191373825073242,0.0112823508679866,0.0002501178532838,0.0002278783358633
chic4hzh,pos_kl_sweep,0,0,550010880,1728.299560546875,438.794921875,0.2821337580680847,0.3181225657463074,1.525292158126831,0.0114297410473227,0.0002311973948962,0.0002131129149347
chic4hzh,pos_kl_sweep,0,0,560005120,1744.7269287109375,440.1015625,0.2802721261978149,0.3166314959526062,1.5105876922607422,0.0109445229172706,0.0001476832258049,0.0001364721683785
chic4hzh,pos_kl_sweep,0,0,570081280,1739.1392822265625,438.4873046875,0.2779427766799927,0.3129395842552185,1.5116991996765137,0.011161545291543,0.0002499002148397,0.0001716184051474
chic4hzh,pos_kl_sweep,0,0,580075520,1736.4658203125,438.1025390625,0.2797768115997314,0.3095125555992126,1.5184146165847778,0.0111958179622888,0.0002393948670942,0.0001972090394701
chic4hzh,pos_kl_sweep,0,0,590069760,1740.404541015625,440.138671875,0.2860999703407287,0.3102715909481048,1.526571273803711,0.0113965347409248,0.0001865944359451,0.0001697571424301
chic4hzh,pos_kl_sweep,0,0,600064000,1734.181640625,438.8408203125,0.2839916944503784,0.3137373924255371,1.520938515663147,0.0114895589649677,0.0002163897152058,0.0002077235258184
eeoadzkw,pos_kl_sweep,0,0,0,450.8893432617188,211.1298828125,3.224030017852783,0.809628963470459,3.0436336994171143,0.0545968040823936,0.013398477807641,0.0105610787868499
eeoadzkw,pos_kl_sweep,0,0,10076160,643.9481811523438,231.3349609375,0.001108577591367,0.608549952507019,1.89161229133606,0.0372859053313732,0.0089554823935031,0.0082070585340261
eeoadzkw,pos_kl_sweep,0,0,20070400,679.194580078125,238.3603515625,0.001124833477661,0.5116844177246094,1.6948292255401611,0.0379692688584327,0.0075895329937338,0.0069818207994103
eeoadzkw,pos_kl_sweep,0,0,30064640,771.585693359375,252.1875,0.0011083162389695,0.4646255075931549,1.6324656009674072,0.035058420151472,0.006050347816199,0.0053708972409367
eeoadzkw,pos_kl_sweep,0,0,40058880,819.7551879882812,264.375,0.0027444069273769,0.439414381980896,1.630124568939209,0.0355825796723365,0.0055495835840702,0.0049705598503351
eeoadzkw,pos_kl_sweep,0,0,50053120,846.1597900390625,273.197265625,0.0086007472127676,0.4260111451148987,1.6256451606750488,0.0333192758262157,0.004940912593156,0.0041761249303817
eeoadzkw,pos_kl_sweep,0,0,60047360,896.904052734375,282.8896484375,0.0183565746992826,0.4130963981151581,1.601341962814331,0.0312772318720817,0.0042500412091612,0.0035750253591686
eeoadzkw,pos_kl_sweep,0,0,70041600,912.2470092773438,285.5634765625,0.0211853235960006,0.4072413146495819,1.6085089445114136,0.0307138953357934,0.0043120817281305,0.0037926658987998
eeoadzkw,pos_kl_sweep,0,0,80035840,935.038818359375,290.1318359375,0.0299528688192367,0.4100676476955414,1.6151304244995115,0.0300471987575292,0.0042189452797174,0.0035821571946144
eeoadzkw,pos_kl_sweep,0,0,90030080,971.0491943359376,302.177734375,0.0272968523204326,0.4119731187820434,1.59812593460083,0.0297533404082059,0.0038080518133938,0.003373572602868
eeoadzkw,pos_kl_sweep,0,0,100024320,926.4964599609376,297.53125,0.0302586518228054,0.4108619689941406,1.6285003423690796,0.0312380194664001,0.003988578915596,0.00342154270038
eeoadzkw,pos_kl_sweep,0,0,110018560,972.17529296875,307.3896484375,0.0341292023658752,0.412345141172409,1.6066434383392334,0.0299614127725362,0.0035825758241117,0.0032121920958161
eeoadzkw,pos_kl_sweep,0,0,120012800,1008.5967407226562,309.1376953125,0.0291824266314506,0.4113695323467254,1.5942084789276123,0.0290413200855255,0.0034866416826844,0.0030751090962439
eeoadzkw,pos_kl_sweep,0,0,130007040,1009.7706298828124,312.0166015625,0.0343031138181686,0.4112320244312286,1.5971473455429075,0.0299547407776117,0.0034787841141223,0.0031413375400006
eeoadzkw,pos_kl_sweep,0,0,140001280,1012.3634643554688,309.94921875,0.0312240831553936,0.4153763353824615,1.582708716392517,0.0288650132715702,0.0034823985770344,0.0031108094844967
eeoadzkw,pos_kl_sweep,0,0,150077440,1062.2310791015625,322.818359375,0.0336275547742843,0.4063375294208526,1.581289291381836,0.0288542732596397,0.0031334464438259,0.0028325812891125
eeoadzkw,pos_kl_sweep,0,0,160071680,1060.2501220703125,322.1796875,0.031964398920536,0.4096144139766693,1.576091766357422,0.0290836170315742,0.0031216798815876,0.0028675026260316
eeoadzkw,pos_kl_sweep,0,0,170065920,1064.839111328125,322.1162109375,0.0322139151394367,0.4149328172206878,1.6036193370819092,0.0285671390593051,0.0032080323435366,0.0030015502125024
eeoadzkw,pos_kl_sweep,0,0,180060160,1085.992919921875,329.150390625,0.0330804288387298,0.4073854684829712,1.5814614295959473,0.0284570343792438,0.0029892763122916,0.0027362587861716
eeoadzkw,pos_kl_sweep,0,0,190054400,1043.52392578125,319.3935546875,0.030409388244152,0.4101700782775879,1.5839178562164309,0.0294895451515913,0.0032223279122263,0.0029290001839399
eeoadzkw,pos_kl_sweep,0,0,200048640,1053.912841796875,322.0390625,0.0317462012171745,0.4122568368911743,1.5828393697738647,0.0292564444243907,0.0031818798743188,0.0029206469189375
eeoadzkw,pos_kl_sweep,0,0,210042880,1086.5511474609375,327.3994140625,0.0304666087031364,0.4108044803142547,1.5956108570098877,0.0277699623256921,0.0030312053859233,0.0027966033667325
eeoadzkw,pos_kl_sweep,0,0,220037120,1041.40869140625,319.34375,0.032346673309803,0.4170065820217132,1.585017204284668,0.0290765389800071,0.0032472908496856,0.0028619628865271
eeoadzkw,pos_kl_sweep,0,0,230031360,1076.4525146484375,324.638671875,0.032054353505373,0.4144052267074585,1.5874625444412231,0.0282118245959281,0.0031427959911525,0.002787647768855
eeoadzkw,pos_kl_sweep,0,0,240025600,1074.8614501953125,324.2060546875,0.0315833948552608,0.4135722517967224,1.5956206321716309,0.027994155883789,0.003316796850413,0.0029601592104882
eeoadzkw,pos_kl_sweep,0,0,250019840,1060.008544921875,325.3876953125,0.0316316485404968,0.4099876582622528,1.6135362386703491,0.0282832570374012,0.0031922576017677,0.0027239785995334
eeoadzkw,pos_kl_sweep,0,0,260014080,1090.6910400390625,329.6015625,0.0326125621795654,0.4083629548549652,1.595363974571228,0.0279083773493766,0.0030613173730671,0.0026770164258778
eeoadzkw,pos_kl_sweep,0,0,270008320,1086.189453125,326.6494140625,0.0332670472562313,0.4060510396957397,1.6062614917755127,0.0272389762103557,0.0031004357151687,0.002775892149657
eeoadzkw,pos_kl_sweep,0,0,280002560,1067.0447998046875,327.7822265625,0.0320292375981807,0.4075004756450653,1.611625075340271,0.0277835801243782,0.0031322794966399,0.0027515443507581
eeoadzkw,pos_kl_sweep,0,0,290078720,1085.0186767578125,326.6923828125,0.0316625908017158,0.406907320022583,1.601535081863403,0.0268516838550567,0.0031167075503617,0.0026378242764621
eeoadzkw,pos_kl_sweep,0,0,300072960,1068.93017578125,323.8154296875,0.0332110337913036,0.4058232009410858,1.6108014583587646,0.0278666839003562,0.0031165843829512,0.0027123393956571
eeoadzkw,pos_kl_sweep,0,0,310067200,1100.843994140625,329.4931640625,0.0323004424571991,0.4031494557857513,1.596128225326538,0.0274036917835474,0.0030325236730277,0.0027087540365755
eeoadzkw,pos_kl_sweep,0,0,320061440,1086.332763671875,328.3212890625,0.0320615917444229,0.4062491357326507,1.5918642282485962,0.0275926254689693,0.0031312555074691,0.0028599253855645
eeoadzkw,pos_kl_sweep,0,0,330055680,1126.2239990234375,337.0029296875,0.0323526635766029,0.4105994701385498,1.5840582847595217,0.0268183927983045,0.0029113194905221,0.0025714696384966
eeoadzkw,pos_kl_sweep,0,0,340049920,1092.572509765625,331.7744140625,0.0342389792203903,0.4036942422389984,1.594942569732666,0.027051642537117,0.0030092727392911,0.0025100237689912
eeoadzkw,pos_kl_sweep,0,0,350044160,1114.414794921875,335.853515625,0.033384371548891,0.4046760499477386,1.5857431888580322,0.0270644538104534,0.0028287298046052,0.0025241794064641
eeoadzkw,pos_kl_sweep,0,0,360038400,1088.315673828125,327.66015625,0.0309957563877105,0.4018143713474273,1.584558606147766,0.0275905393064022,0.0031369568314403,0.0026874053291976
eeoadzkw,pos_kl_sweep,0,0,370032640,1104.04638671875,332.83984375,0.0324341207742691,0.3959437310695648,1.5754938125610352,0.0278744399547576,0.0029506660066545,0.0026467859279364
eeoadzkw,pos_kl_sweep,0,0,380026880,1126.229248046875,339.529296875,0.0321025550365448,0.4015059471130371,1.5933709144592283,0.0274390969425439,0.0028432332910597,0.0024789674207568
eeoadzkw,pos_kl_sweep,0,0,390021120,1101.002685546875,332.2236328125,0.0313348621129989,0.4057996571063995,1.5807822942733765,0.0278220251202583,0.0031460877507925,0.0029195351526141
eeoadzkw,pos_kl_sweep,0,0,400015360,1134.170654296875,340.5771484375,0.0318874269723892,0.399320900440216,1.5931185483932495,0.0273414961993694,0.0027361591346561,0.0024030385538935
eeoadzkw,pos_kl_sweep,0,0,410009600,1088.013427734375,330.88671875,0.0307044684886932,0.398732453584671,1.6074625253677368,0.0277125257998704,0.0030322792008519,0.0027217601891607
eeoadzkw,pos_kl_sweep,0,0,420003840,1089.862548828125,330.2099609375,0.0309010073542594,0.3933950364589691,1.6034109592437744,0.0277033597230911,0.0029802564531564,0.0025792811065912
eeoadzkw,pos_kl_sweep,0,0,430080000,1105.29931640625,333.7109375,0.0295468270778656,0.3938751816749573,1.606917142868042,0.0278480369597673,0.0029614455997943,0.0026115709915757
eeoadzkw,pos_kl_sweep,0,0,440074240,1144.40625,342.3740234375,0.0323281958699226,0.3958815634250641,1.602422833442688,0.026558268815279,0.0026643662713468,0.0023422855883836
eeoadzkw,pos_kl_sweep,0,0,450068480,1101.1995849609375,332.7705078125,0.0307166762650012,0.3968337476253509,1.609876275062561,0.0272397957742214,0.0029230243526399,0.0025695546064525
eeoadzkw,pos_kl_sweep,0,0,460062720,1099.33056640625,329.6171875,0.0316150039434433,0.3957324922084808,1.5909991264343262,0.0270792599767446,0.0030051392968744,0.0026530602481216
eeoadzkw,pos_kl_sweep,0,0,470056960,1114.6138916015625,334.501953125,0.0300887040793895,0.3923662006855011,1.6142873764038086,0.0275731794536113,0.0028036031872034,0.0024938429705798
eeoadzkw,pos_kl_sweep,0,0,480051200,1101.3504638671875,331.1318359375,0.0320188179612159,0.3925334513187408,1.6046665906906128,0.0273608118295669,0.0029841836076229,0.0026430881116539
eeoadzkw,pos_kl_sweep,0,0,490045440,1110.2685546875,335.423828125,0.0347423404455184,0.3928864300251007,1.5904557704925537,0.0274068433791399,0.0029117779340595,0.0025400463491678
eeoadzkw,pos_kl_sweep,0,0,500039680,1109.1539306640625,334.853515625,0.0320645496249198,0.3937672078609466,1.595558762550354,0.0273852832615375,0.0029145153239369,0.0026786574162542
eeoadzkw,pos_kl_sweep,0,0,510033920,1103.4801025390625,334.98046875,0.030967503786087,0.3954071402549743,1.6058669090270996,0.0277081690728664,0.0029864441603422,0.0026471898891031
eeoadzkw,pos_kl_sweep,0,0,520028160,1088.6728515625,329.5849609375,0.0313439816236496,0.3972080647945404,1.6043052673339844,0.0277336314320564,0.0030756536871194,0.0026834732852876
eeoadzkw,pos_kl_sweep,0,0,530022400,1097.900390625,332.4921875,0.0309730321168899,0.3965061604976654,1.6097859144210815,0.0280690342187881,0.0031288471072912,0.0027554833795875
eeoadzkw,pos_kl_sweep,0,0,540016640,1092.5714111328125,336.017578125,0.0321077182888984,0.3984028100967407,1.6203668117523191,0.0283228047192096,0.0029711141251027,0.0026210772339254
eeoadzkw,pos_kl_sweep,0,0,550010880,1082.90283203125,328.2080078125,0.0291388072073459,0.3999017477035522,1.605576992034912,0.0275527574121952,0.0032362630590796,0.0028293915092945
eeoadzkw,pos_kl_sweep,0,0,560005120,1096.535888671875,336.4140625,0.0334901884198188,0.3963876664638519,1.6273016929626465,0.0280458182096481,0.0028565188404172,0.0025668037123978
eeoadzkw,pos_kl_sweep,0,0,570081280,1089.265380859375,330.9150390625,0.0333912596106529,0.3994984328746795,1.613382339477539,0.0278106704354286,0.0030485074967145,0.0028160735964775
eeoadzkw,pos_kl_sweep,0,0,580075520,1090.760009765625,330.75390625,0.0318157076835632,0.3960784077644348,1.6117968559265137,0.0269740354269742,0.0030193191487342,0.0026527307927608
eeoadzkw,pos_kl_sweep,0,0,590069760,1086.1240234375,332.2861328125,0.0348656475543975,0.4005657136440277,1.6284747123718262,0.0277470611035823,0.0030089579522609,0.0027530756779015
eeoadzkw,pos_kl_sweep,0,0,600064000,1086.42138671875,327.66796875,0.0316658318042755,0.3997075855731964,1.6150598526000977,0.0273230522871017,0.0031110872514545,0.0028053256683051
xy34ff05,pos_kl_sweep,0,0,0,450.8741760253906,211.138671875,3.224024534225464,0.8096257448196411,3.0436394214630127,0.0545977279543876,0.0133966784924268,0.0105602741241455
xy34ff05,pos_kl_sweep,0,0,10076160,678.7286376953125,241.947265625,0.1658975183963775,0.6103294491767883,1.9396709203720093,0.0343455523252487,0.0080562522634863,0.0075045595876872
xy34ff05,pos_kl_sweep,0,0,20070400,890.0635375976562,277.2998046875,0.229313313961029,0.5200549960136414,1.7843711376190186,0.0275693256407976,0.0052249636501073,0.0047443155199289
xy34ff05,pos_kl_sweep,0,0,30064640,1147.81103515625,339.6376953125,0.2623116970062256,0.4834727346897125,1.7076828479766846,0.023518843576312,0.0028512421995401,0.0024536121636629
xy34ff05,pos_kl_sweep,0,0,40058880,1303.968994140625,373.6123046875,0.262839525938034,0.4602173268795013,1.6823084354400637,0.0201928727328777,0.0020059244707226,0.0017892769537866
xy34ff05,pos_kl_sweep,0,0,50053120,1443.880859375,403.08984375,0.3005470037460327,0.4369129538536072,1.6661059856414795,0.0175120588392019,0.0012225159443914,0.0010635944781824
xy34ff05,pos_kl_sweep,0,0,60047360,1520.8714599609375,413.4853515625,0.3228683769702911,0.4118106365203857,1.6306118965148926,0.0154296904802322,0.0009876088006421,0.0008665864006616
xy34ff05,pos_kl_sweep,0,0,70041600,1566.0443115234375,418.1181640625,0.3670387268066406,0.3937410116195678,1.601215124130249,0.0140760065987706,0.0008608962525613,0.0007600327953696
xy34ff05,pos_kl_sweep,0,0,80035840,1595.069580078125,421.685546875,0.3613624572753906,0.3850567042827606,1.598633050918579,0.0135735869407653,0.0006706601707264,0.0006050854572094
xy34ff05,pos_kl_sweep,0,0,90030080,1633.2747802734375,425.7626953125,0.3587259650230407,0.3717674612998962,1.5689811706542969,0.0125851240009069,0.000622549210675,0.0005403782706707
xy34ff05,pos_kl_sweep,0,0,100024320,1642.8892822265625,427.23046875,0.3749864101409912,0.3619070649147033,1.5590989589691162,0.0128721538931131,0.000580447493121,0.0005477380473166
xy34ff05,pos_kl_sweep,0,0,110018560,1653.181396484375,428.107421875,0.3702134490013122,0.362357348203659,1.5541552305221558,0.0126639707013964,0.0005373159074224,0.0004558618238661
xy34ff05,pos_kl_sweep,0,0,120012800,1671.8917236328125,432.5390625,0.3929532170295715,0.3537799715995788,1.558189868927002,0.0123168677091598,0.0003840393037535,0.0003596829774323
xy34ff05,pos_kl_sweep,0,0,130007040,1668.396484375,428.1171875,0.4009156823158264,0.3452084362506866,1.5324664115905762,0.0120781492441892,0.0004769353836309,0.0004554404004011
xy34ff05,pos_kl_sweep,0,0,140001280,1686.2237548828125,431.6318359375,0.4069346785545349,0.3453197479248047,1.537509202957153,0.0115986969321966,0.0003638816997408,0.0003330848412588
xy34ff05,pos_kl_sweep,0,0,150077440,1708.146728515625,435.2998046875,0.4215220212936401,0.3382668793201446,1.5313701629638672,0.0110143292695283,0.0003001343575306,0.0002647599030751
xy34ff05,pos_kl_sweep,0,0,160071680,1719.7158203125,434.8984375,0.4379862546920776,0.3293776214122772,1.5188312530517578,0.0108478516340255,0.0003282240359112,0.0002550496719777
xy34ff05,pos_kl_sweep,0,0,170065920,1703.7520751953125,434.6787109375,0.4528933465480804,0.3296395242214203,1.5413269996643066,0.0114004360511899,0.0003080662572756,0.0002697879681363
xy34ff05,pos_kl_sweep,0,0,180060160,1730.387451171875,436.3935546875,0.4707911014556885,0.329557716846466,1.5160671472549438,0.0104774124920368,0.0003042269672732,0.000286734313704
xy34ff05,pos_kl_sweep,0,0,190054400,1721.333740234375,434.509765625,0.4461463391780853,0.327721893787384,1.5197803974151611,0.0106945969164371,0.0003104409552179,0.0002831092861015
xy34ff05,pos_kl_sweep,0,0,200048640,1718.3011474609375,431.2021484375,0.4818047881126404,0.3216464817523956,1.514114260673523,0.0106257908046245,0.0004045790992677,0.0003291698521934
xy34ff05,pos_kl_sweep,0,0,210042880,1737.3236083984375,434.9658203125,0.4743515253067016,0.3183090984821319,1.4995408058166504,0.0104118324816226,0.0003440146101638,0.0002864897251129
xy34ff05,pos_kl_sweep,0,0,220037120,1740.5330810546875,435.921875,0.4621730744838714,0.3153080940246582,1.4959555864334106,0.0103631755337119,0.0002898682723753,0.0002397326170466
xy34ff05,pos_kl_sweep,0,0,230031360,1754.2568359375,438.4228515625,0.4774857461452484,0.3162708878517151,1.4951562881469729,0.0102859660983085,0.0002074958611046,0.0001979419030249
xy34ff05,pos_kl_sweep,0,0,240025600,1765.359375,439.470703125,0.4695791602134704,0.3139572739601135,1.495753526687622,0.0100099276751279,0.0002437156508676,0.0002193016116507
xy34ff05,pos_kl_sweep,0,0,250019840,1750.065673828125,437.4287109375,0.4862301647663116,0.3140075504779815,1.499929904937744,0.010435146279633,0.0002771349973045,0.0002697644522413
xy34ff05,pos_kl_sweep,0,0,260014080,1761.325927734375,438.8330078125,0.4802140593528747,0.3105235993862152,1.5021523237228394,0.0099668893963098,0.0002325403911527,0.0002130547945853
xy34ff05,pos_kl_sweep,0,0,270008320,1749.446044921875,436.60546875,0.5016783475875854,0.3106979727745056,1.5024595260620115,0.0101153114810585,0.0002815016487147,0.0002352721785428
xy34ff05,pos_kl_sweep,0,0,280002560,1764.5142822265625,439.2578125,0.4766330420970917,0.3079027235507965,1.4930448532104492,0.0099730622023344,0.0001883603690657,0.0001699502463452
xy34ff05,pos_kl_sweep,0,0,290078720,1755.2291259765625,437.9404296875,0.4807099103927612,0.3122646808624267,1.4912774562835691,0.0103485649451613,0.0002587972267065,0.0002493521315045
xy34ff05,pos_kl_sweep,0,0,300072960,1770.639892578125,439.177734375,0.4818566441535949,0.3077600598335266,1.4892454147338867,0.0097309323027729,0.0002001988177653,0.0001869061234174
xy34ff05,pos_kl_sweep,0,0,310067200,1758.85595703125,438.05078125,0.5062315464019775,0.3103771209716797,1.489198088645935,0.0104868039488792,0.0002432225883239,0.0002331026480533
xy34ff05,pos_kl_sweep,0,0,320061440,1758.258544921875,438.8837890625,0.4937248229980469,0.3095971941947937,1.49601149559021,0.0103134429082274,0.0002194443368352,0.0001906980760395
xy34ff05,pos_kl_sweep,0,0,330055680,1762.843994140625,439.3955078125,0.5020999908447266,0.3078531324863434,1.4904907941818235,0.0103485565632581,0.00020958026289,0.00020958026289
xy34ff05,pos_kl_sweep,0,0,340049920,1767.508544921875,439.40234375,0.4831454157829284,0.3092642426490783,1.4925196170806885,0.0101194363087415,0.0001938815548783,0.0001884188095573
xy34ff05,pos_kl_sweep,0,0,350044160,1760.73681640625,438.6748046875,0.5117144584655762,0.3059327900409698,1.4949861764907837,0.0102337673306465,0.0002053130010608,0.0001865329395513
xy34ff05,pos_kl_sweep,0,0,360038400,1768.833251953125,439.7548828125,0.5025476813316345,0.3060807287693023,1.4906151294708252,0.0099514089524745,0.0001887777179945,0.0001533863396616
xy34ff05,pos_kl_sweep,0,0,370032640,1755.97509765625,437.353515625,0.51283198595047,0.3039186298847198,1.4828460216522217,0.0104284361004829,0.0002545728930272,0.0001973169128177
xy34ff05,pos_kl_sweep,0,0,380026880,1775.677978515625,439.9951171875,0.5019060373306274,0.3002948760986328,1.481614112854004,0.0099270958453416,0.000199120331672,0.0001837165182223
xy34ff05,pos_kl_sweep,0,0,390021120,1786.111328125,441.48046875,0.5067967176437378,0.300235778093338,1.466016173362732,0.0097958203405141,0.0001417617604602,0.0001138882216764
xy34ff05,pos_kl_sweep,0,0,400015360,1772.2962646484375,440.4755859375,0.4935899376869201,0.3031539022922516,1.4746026992797852,0.0101627223193645,0.0001465534442104,0.0001276342954952
xy34ff05,pos_kl_sweep,0,0,410009600,1786.05322265625,440.0615234375,0.5081272125244141,0.2992293834686279,1.4708912372589111,0.00959905795753,0.0001873619330581,0.0001298591378144
xy34ff05,pos_kl_sweep,0,0,420003840,1794.01025390625,442.197265625,0.5140688419342041,0.2975795269012451,1.46839439868927,0.0096322605386376,0.0001036145113175,9.852825314737856e-05
xy34ff05,pos_kl_sweep,0,0,430080000,1790.520263671875,442.3359375,0.5124661326408386,0.2961558401584625,1.4711227416992188,0.0098039228469133,0.0001030151397571,9.985474753193556e-05
xy34ff05,pos_kl_sweep,0,0,440074240,1796.676025390625,441.2080078125,0.5173190832138062,0.2949323356151581,1.4623124599456787,0.0089293448254466,0.0001292552333325,0.0001030238272505
xy34ff05,pos_kl_sweep,0,0,450068480,1792.0137939453125,441.97265625,0.5399759411811829,0.293103814125061,1.47361159324646,0.0095675904303789,0.0001166708825621,0.0001061269431374
xy34ff05,pos_kl_sweep,0,0,460062720,1791.9346923828125,441.3232421875,0.525790810585022,0.2916112840175628,1.475261092185974,0.0092506613582372,0.0001195634831674,0.0001195634831674
xy34ff05,pos_kl_sweep,0,0,470056960,1782.2255859375,439.306640625,0.5417243838310242,0.2901848554611206,1.4810872077941897,0.0094990991055965,0.0001858249888755,0.0001399712782585
xy34ff05,pos_kl_sweep,0,0,480051200,1783.50244140625,439.3837890625,0.50417160987854,0.2894826829433441,1.4802610874176023,0.0095694735646247,0.0001842830679379,0.0001228310866281
xy34ff05,pos_kl_sweep,0,0,490045440,1785.990966796875,439.62109375,0.5273598432540894,0.2907673120498657,1.4736946821212769,0.0096947606652975,0.0001575109490659,0.0001396580482833
xy34ff05,pos_kl_sweep,0,0,500039680,1783.2667236328125,439.365234375,0.5313844680786133,0.2904215455055237,1.479621648788452,0.009296141564846,0.0001784469641279,0.0001596606743987
xy34ff05,pos_kl_sweep,0,0,510033920,1789.600830078125,441.2080078125,0.5254009962081909,0.291159987449646,1.4787700176239014,0.0094691142439842,0.0001353289262624,0.0001098766952054
xy34ff05,pos_kl_sweep,0,0,520028160,1789.210205078125,440.05078125,0.5389413237571716,0.2922404110431671,1.4759591817855835,0.0093955602496862,0.0001693443336989,0.000125166712678
xy34ff05,pos_kl_sweep,0,0,530022400,1780.4951171875,439.478515625,0.5379948019981384,0.291367620229721,1.485089898109436,0.0097076371312141,0.0001811421243473,0.0001468184927944
xy34ff05,pos_kl_sweep,0,0,540016640,1785.391845703125,438.923828125,0.5479319095611572,0.2890706360340118,1.481079339981079,0.0092130061239004,0.0002196727728005,0.0001656297245062
xy34ff05,pos_kl_sweep,0,0,550010880,1791.1370849609375,441.298828125,0.5464439392089844,0.2862114906311035,1.4725110530853271,0.0093364417552948,0.0001379802706651,0.0001269252679776
xy34ff05,pos_kl_sweep,0,0,560005120,1799.44189453125,442.5751953125,0.5330789685249329,0.2875484228134155,1.472975492477417,0.0091690216213464,0.0001131481549236,9.261885134037584e-05
xy34ff05,pos_kl_sweep,0,0,570081280,1785.9859619140625,439.033203125,0.5471484065055847,0.2883739471435547,1.4693198204040527,0.0091961175203323,0.0002378336212132,0.0001385959185427
xy34ff05,pos_kl_sweep,0,0,580075520,1806.263427734375,443.3251953125,0.5330486297607422,0.2889234721660614,1.4628362655639648,0.0090633360669016,9.039633005158976e-05,7.599827222293243e-05
xy34ff05,pos_kl_sweep,0,0,590069760,1794.8118896484375,441.478515625,0.5353465676307678,0.2881219685077667,1.4763466119766235,0.0090909730643033,0.0001499869249528,0.0001080959482351
xy34ff05,pos_kl_sweep,0,0,600064000,1803.151611328125,442.80859375,0.5399460792541504,0.2855948507785797,1.4763681888580322,0.0088556557893753,9.649930871091784e-05,9.214601595886052e-05
n4amxgv0,pos_no_efference,10,0,0,486.7352600097656,223.4375,3.2170305252075195,0.8056848049163818,3.050710916519165,0.0529002100229263,0.0111693702638149,0.0094171240925788
n4amxgv0,pos_no_efference,10,0,10076160,672.1568603515625,242.7822265625,8.199707984924316,0.6230398416519165,2.257554531097412,0.0337931737303733,0.0075767952948808,0.006454034242779
n4amxgv0,pos_no_efference,10,0,20070400,779.68994140625,263.859375,8.817492485046387,0.5205883979797363,1.9541751146316528,0.0293489396572113,0.0060719531029462,0.00531349144876
n4amxgv0,pos_no_efference,10,0,30064640,836.5174560546875,273.7294921875,9.051528930664062,0.4879680871963501,1.8413515090942385,0.0281221773475408,0.0053927162662148,0.0047400696203112
n4amxgv0,pos_no_efference,10,0,40058880,881.43115234375,279.5625,9.737854957580566,0.4811745285987854,1.812546730041504,0.0262728501111269,0.0049363104626536,0.0042649582028388
n4amxgv0,pos_no_efference,10,0,50053120,916.0076293945312,285.998046875,10.080961227416992,0.4651399850845337,1.772312879562378,0.0261625237762928,0.0045067835599184,0.0039479983970522
n4amxgv0,pos_no_efference,10,0,60047360,951.9981689453124,293.6572265625,9.910080909729004,0.4624509215354919,1.7446506023406982,0.0258712638169527,0.0044730538502335,0.0039070043712854
n4amxgv0,pos_no_efference,10,0,70041600,1012.1583862304688,309.8046875,9.891165733337402,0.4565438628196716,1.7613122463226318,0.0253177620470523,0.0036239787004888,0.0031306047458201
n4amxgv0,pos_no_efference,10,0,80035840,1020.1395874023438,304.982421875,10.333000183105469,0.457668662071228,1.701852560043335,0.0232413094490766,0.0037619117647409,0.0032129231840372
n4amxgv0,pos_no_efference,10,0,90030080,1050.0162353515625,313.4697265625,10.245441436767578,0.4544074535369873,1.7260589599609375,0.022829758003354,0.0035507529973983,0.0029921536333858
n4amxgv0,pos_no_efference,10,0,100024320,1096.1614990234375,323.2275390625,10.154296875,0.4550899863243103,1.6986725330352783,0.0219260305166244,0.0032526538707315,0.0029015699401497
n4amxgv0,pos_no_efference,10,0,110018560,1086.5931396484375,317.20703125,10.450628280639648,0.4616451263427734,1.6809704303741455,0.0218970105051994,0.0035740460734814,0.002991416491568
n4amxgv0,pos_no_efference,10,0,120012800,1157.3153076171875,333.5078125,10.228310585021973,0.4592546224594116,1.6782126426696775,0.0201045405119657,0.0030830735340714,0.0027360101230442
n4amxgv0,pos_no_efference,10,0,130007040,1205.515625,342.7294921875,10.17314338684082,0.4547129273414612,1.6921550035476685,0.0195299088954925,0.002810624660924,0.0024229628033936
n4amxgv0,pos_no_efference,10,0,140001280,1250.53173828125,353.9013671875,10.356550216674805,0.4555401504039764,1.6783503293991089,0.0193337444216012,0.0023972638882696,0.0021315768826752
n4amxgv0,pos_no_efference,10,0,150077440,1281.03076171875,358.2109375,10.196977615356444,0.4565699696540832,1.6601358652114868,0.0186865106225013,0.0023405035026371,0.0021443914156407
n4amxgv0,pos_no_efference,10,0,160071680,1277.61328125,356.8583984375,10.373146057128906,0.4480311274528503,1.646315097808838,0.018363457173109,0.002353916876018,0.0020583285950124
n4amxgv0,pos_no_efference,10,0,170065920,1339.789306640625,370.609375,10.52361011505127,0.4456052184104919,1.654650330543518,0.0171152912080287,0.0019713854417204,0.0018192511051893
n4amxgv0,pos_no_efference,10,0,180060160,1361.590576171875,373.3037109375,10.769445419311523,0.4432673156261444,1.630176067352295,0.0167405046522617,0.0020068055018782,0.0018039438873529
n4amxgv0,pos_no_efference,10,0,190054400,1356.630859375,370.2705078125,10.583430290222168,0.4470345377922058,1.6221932172775269,0.0169128309935331,0.0020752227865159,0.0018790379399433
n4amxgv0,pos_no_efference,10,0,200048640,1421.9493408203125,385.7470703125,10.35963249206543,0.4439424276351928,1.620077133178711,0.0161633361130952,0.0016305851750075,0.0013526359107345
n4amxgv0,pos_no_efference,10,0,210042880,1408.521728515625,384.7275390625,10.609375,0.4457443654537201,1.6217535734176636,0.0161972604691982,0.0017259845044463,0.0015151454135775
n4amxgv0,pos_no_efference,10,0,220037120,1428.3851318359375,383.6533203125,10.99654769897461,0.4404948949813843,1.592939853668213,0.0159501712769269,0.0016621120739728,0.0014114121440798
n4amxgv0,pos_no_efference,10,0,230031360,1424.9443359375,383.078125,11.108604431152344,0.4334288239479065,1.5864156484603882,0.0159412696957588,0.0016458064783364,0.0014138757251203
n4amxgv0,pos_no_efference,10,0,240025600,1461.1767578125,390.5283203125,10.950937271118164,0.4291621744632721,1.5800175666809082,0.0157544128596782,0.0014446910936385,0.0012027800548821
n4amxgv0,pos_no_efference,10,0,250019840,1468.130126953125,391.0751953125,11.195550918579102,0.4320109188556671,1.5848894119262695,0.0153333079069852,0.0014890922466292,0.0012802130077034
n4amxgv0,pos_no_efference,10,0,260014080,1478.4415283203125,395.48828125,10.96833610534668,0.429671436548233,1.5842487812042236,0.0153986234217882,0.001300724921748,0.0010972383897751
n4amxgv0,pos_no_efference,10,0,270008320,1495.4716796875,397.171875,10.960363388061523,0.4280281066894531,1.5814008712768557,0.0147644625976681,0.0013422726187855,0.0011123352451249
n4amxgv0,pos_no_efference,10,0,280002560,1469.8603515625,390.0224609375,10.980894088745115,0.4282593131065368,1.5813428163528442,0.0152174131944775,0.0015098612057045,0.0011878788936883
n4amxgv0,pos_no_efference,10,0,290078720,1515.2071533203125,402.521484375,10.964694023132324,0.4243164658546448,1.5727760791778564,0.0154393557459115,0.0011012108298018,0.0008658593287691
n4amxgv0,pos_no_efference,10,0,300072960,1509.82666015625,395.6337890625,11.07614803314209,0.4315603673458099,1.5666264295578003,0.0146304033696651,0.0012790570035576,0.0010395456338301
n4amxgv0,pos_no_efference,10,0,310067200,1534.682861328125,403.4482421875,10.86254596710205,0.4317282736301422,1.5626320838928225,0.0144772827625274,0.0011683038901537,0.0009362802375108
n4amxgv0,pos_no_efference,10,0,320061440,1565.25830078125,409.87890625,10.551974296569824,0.4284889996051788,1.5522737503051758,0.0140366535633802,0.000934773881454,0.0007956565823405
n4amxgv0,pos_no_efference,10,0,330055680,1560.1142578125,407.3046875,10.978957176208496,0.4227459132671356,1.5505526065826416,0.0139481145888566,0.0010568547295406,0.0008990468340925
n4amxgv0,pos_no_efference,10,0,340049920,1556.90966796875,405.3818359375,10.960379600524902,0.4157169163227081,1.5445048809051514,0.014240295626223,0.0011317585594952,0.0009982616174966
n4amxgv0,pos_no_efference,10,0,350044160,1554.552978515625,402.716796875,11.072385787963867,0.4179825782775879,1.5405243635177612,0.0136538073420524,0.0011768189724534,0.0009773930069059
n4amxgv0,pos_no_efference,10,0,360038400,1556.0205078125,405.8515625,11.194395065307615,0.4174121022224426,1.5477533340454102,0.0138281499966979,0.0010870073456317,0.0009052805253304
n4amxgv0,pos_no_efference,10,0,370032640,1548.1324462890625,401.7802734375,11.065014839172363,0.4181476533412933,1.5411510467529297,0.0140536520630121,0.0012502789031714,0.0011145288590341
n4amxgv0,pos_no_efference,10,0,380026880,1574.189208984375,408.462890625,10.981873512268066,0.4150886535644531,1.5316047668457031,0.0138342315331101,0.0010417997837066,0.0008699717000126
n4amxgv0,pos_no_efference,10,0,390021120,1562.1748046875,407.203125,10.948673248291016,0.4188035726547241,1.5402345657348633,0.0139783658087253,0.001051084138453,0.0008841309463605
n4amxgv0,pos_no_efference,10,0,400015360,1574.93505859375,410.2451171875,10.82496738433838,0.4201546311378479,1.5444896221160889,0.0137452334165573,0.0009752626647241,0.0007406033109873
n4amxgv0,pos_no_efference,10,0,410009600,1592.9814453125,410.5283203125,11.385284423828123,0.4125638902187347,1.5291141271591189,0.0133212553337216,0.0010325107723474,0.0008511226042173
n4amxgv0,pos_no_efference,10,0,420003840,1575.0791015625,405.5576171875,11.237049102783203,0.4192269742488861,1.5267972946166992,0.0134505229070782,0.0011544919107109,0.0009595412411727
n4amxgv0,pos_no_efference,10,0,430080000,1593.123779296875,410.9267578125,11.156875610351562,0.4123715460300445,1.5269763469696045,0.0131638636812567,0.0010112837189808,0.0008533236104995
n4amxgv0,pos_no_efference,10,0,440074240,1588.6793212890625,410.470703125,11.232332229614258,0.415528804063797,1.5278339385986328,0.013646749779582,0.0010532750748097,0.0008744621882215
n4amxgv0,pos_no_efference,10,0,450068480,1581.955078125,407.68359375,11.387941360473633,0.4148950576782226,1.5285440683364868,0.0131219001486897,0.0011087999446317,0.0009531609248369
n4amxgv0,pos_no_efference,10,0,460062720,1608.2579345703125,412.1845703125,11.16533660888672,0.4141495525836944,1.5195316076278689,0.0130323376506567,0.0009661660878919,0.0007340926676988
n4amxgv0,pos_no_efference,10,0,470056960,1602.137451171875,411.658203125,11.518514633178713,0.4157509207725525,1.517022728919983,0.0131108202040195,0.00097621162422,0.0008299271576106
n4amxgv0,pos_no_efference,10,0,480051200,1602.649169921875,412.029296875,11.322257995605469,0.4124219715595245,1.5112041234970093,0.0130987558513879,0.0009227629634551,0.0007723208982497
n4amxgv0,pos_no_efference,10,0,490045440,1602.8177490234375,411.6494140625,11.144585609436035,0.413659006357193,1.512976884841919,0.0126793626695871,0.0009036266710609,0.0007755408296361
n4amxgv0,pos_no_efference,10,0,500039680,1612.663330078125,413.18359375,11.34184741973877,0.4107833802700043,1.5053094625473022,0.0128438901156187,0.0008448532316833,0.0006643338128924
n4amxgv0,pos_no_efference,10,0,510033920,1607.217041015625,411.1162109375,11.108484268188477,0.4140430688858032,1.5251911878585815,0.0126948943361639,0.0009720329544506,0.000889835471753
n4amxgv0,pos_no_efference,10,0,520028160,1629.6767578125,416.43359375,11.373754501342772,0.4142093956470489,1.502934455871582,0.0130696222186088,0.0008720677578821,0.0007728037890046
n4amxgv0,pos_no_efference,10,0,530022400,1615.1025390625,412.8759765625,11.13019847869873,0.4145525991916656,1.5239828824996948,0.0125797446817159,0.0009887302294373,0.0008929523173719
n4amxgv0,pos_no_efference,10,0,540016640,1621.544921875,414.943359375,11.187439918518066,0.4111735224723816,1.509186029434204,0.0133130364120006,0.000950718880631,0.0008329250849783
n4amxgv0,pos_no_efference,10,0,550010880,1660.24169921875,423.125,11.249465942382812,0.4097328782081604,1.504700779914856,0.0122153051197528,0.0006721580284647,0.0005325209349393
n4amxgv0,pos_no_efference,10,0,560005120,1628.8643798828125,416.05078125,11.353437423706056,0.4135354161262512,1.5033841133117676,0.0127884000539779,0.0008127427427098,0.0007156644714996
n4amxgv0,pos_no_efference,10,0,570081280,1655.152587890625,420.658203125,11.447669982910156,0.4101941883563995,1.5036309957504272,0.0124352443963289,0.0007248960318975,0.0006077889120206
n4amxgv0,pos_no_efference,10,0,580075520,1625.28076171875,414.6591796875,11.377201080322266,0.4095029830932617,1.503732204437256,0.01320297177881,0.0009344972204416,0.0007825320353731
n4amxgv0,pos_no_efference,10,0,590069760,1617.8714599609375,413.1640625,11.116561889648438,0.4162819683551788,1.5165715217590332,0.0130095891654491,0.000878978986293,0.0007162935798987
n4amxgv0,pos_no_efference,10,0,600064000,1650.093994140625,420.3681640625,11.29511833190918,0.4104126989841461,1.5013015270233154,0.0124690001830458,0.0007256178651005,0.0005895304493606
9hyirkcx,pos_nointent,10,10,0,500.8084106445313,226.6591796875,,0.8034298419952393,3.034140110015869,0.0522266775369644,0.01091143861413,0.0093694366514682
9hyirkcx,pos_nointent,10,10,10076160,619.4271850585938,235.9453125,,0.58603435754776,1.977893948554993,0.0431179255247116,0.0085595222190022,0.0075362124480307
9hyirkcx,pos_nointent,10,10,20070400,648.0346069335938,238.76171875,,0.5190713405609131,1.816642999649048,0.042428757995367,0.0083665512502193,0.0077182208187878
9hyirkcx,pos_nointent,10,10,30064640,703.6658935546875,235.7353515625,,0.4638409912586212,1.701187014579773,0.0359550639986991,0.0081721190363168,0.0074395118281245
9hyirkcx,pos_nointent,10,10,40058880,718.0322265625,234.6357421875,,0.4357585906982422,1.6388680934906006,0.0363750681281089,0.0080239828675985,0.0073893386870622
9hyirkcx,pos_nointent,10,10,50053120,705.5704345703125,231.4189453125,,0.4370395243167877,1.6296608448028564,0.0365960299968719,0.0080828331410884,0.0073124170303344
9hyirkcx,pos_nointent,10,10,60047360,715.3599853515625,238.685546875,,0.4258018434047699,1.6371285915374756,0.0372744277119636,0.0074119712226092,0.0066657550632953
9hyirkcx,pos_nointent,10,10,70041600,735.7847290039062,244.396484375,,0.4134823083877563,1.6274993419647217,0.0374781414866447,0.0071772597730159,0.0066193887032568
9hyirkcx,pos_nointent,10,10,80035840,747.9695434570312,244.1611328125,,0.4165565073490143,1.6261671781539917,0.0354750752449035,0.0070341099053621,0.0062866085208952
9hyirkcx,pos_nointent,10,10,90030080,764.0479736328125,249.291015625,,0.4224613606929779,1.6392332315444946,0.0364303290843963,0.0066521978005766,0.0060467738658189
9hyirkcx,pos_nointent,10,10,100024320,743.9034423828125,243.958984375,,0.4193494617938995,1.6541824340820312,0.0365106388926506,0.0068409270606935,0.0060748262330889
9hyirkcx,pos_nointent,10,10,110018560,739.3969116210938,247.447265625,,0.41652312874794,1.6403286457061768,0.0361859127879142,0.0065119853243231,0.0057055139914155
9hyirkcx,pos_nointent,10,10,120012800,778.4896240234375,255.869140625,,0.4043394327163696,1.6298489570617676,0.0360886417329311,0.0061928466893732,0.0054585156030952
9hyirkcx,pos_nointent,10,10,130007040,778.0745849609375,258.677734375,,0.4078435599803924,1.654195785522461,0.0370581857860088,0.0062284413725137,0.0055192639119923
9hyirkcx,pos_nointent,10,10,140001280,795.9387817382812,261.8466796875,,0.4032138586044311,1.6538522243499756,0.0365446917712688,0.0061151687987148,0.0055207987315952
9hyirkcx,pos_nointent,10,10,150077440,774.8377685546875,263.248046875,,0.4077873826026916,1.668223857879639,0.0372575670480728,0.0058464366011321,0.0051238890737295
9hyirkcx,pos_nointent,10,10,160071680,798.0355224609375,261.7080078125,,0.3987018167972564,1.6503061056137085,0.0366975851356983,0.0059793526306748,0.0053313681855797
9hyirkcx,pos_nointent,10,10,170065920,786.9812622070312,261.98046875,,0.4011459946632385,1.645067572593689,0.0374182537198066,0.0059293322265148,0.005254020448774
9hyirkcx,pos_nointent,10,10,180060160,771.7237548828125,257.341796875,,0.4084658026695251,1.6454461812973022,0.0360392667353153,0.0060457298532128,0.0053679896518588
9hyirkcx,pos_nointent,10,10,190054400,806.5882568359375,264.3603515625,,0.4116674959659576,1.64548921585083,0.0366192795336246,0.0060529015026986,0.0053314724937081
9hyirkcx,pos_nointent,10,10,200048640,783.5636596679688,255.9248046875,,0.4049637615680694,1.6354334354400637,0.036342903971672,0.0060291560366749,0.0053293192759156
9hyirkcx,pos_nointent,10,10,210042880,795.39794921875,255.9619140625,,0.4091160297393799,1.6212289333343506,0.0353634022176265,0.0061401347629725,0.0055303941480815
9hyirkcx,pos_nointent,10,10,220037120,785.522705078125,254.2626953125,,0.4024950265884399,1.629877686500549,0.0356653705239295,0.0060994899831712,0.0053931390866637
9hyirkcx,pos_nointent,10,10,230031360,797.8681640625,260.962890625,,0.3941354155540466,1.6288409233093262,0.0360612235963344,0.0058977883309125,0.0052835545502603
9hyirkcx,pos_nointent,10,10,240025600,795.5469970703125,258.84375,,0.3900443017482757,1.645676612854004,0.0352425128221511,0.0060071107000112,0.0051616467535495
9hyirkcx,pos_nointent,10,10,250019840,781.3052978515625,255.0185546875,,0.3942520022392273,1.6469323635101318,0.0363938845694065,0.0060650557279586,0.0053349416702985
9hyirkcx,pos_nointent,10,10,260014080,761.881103515625,256.98828125,,0.395382821559906,1.657418727874756,0.0359827056527137,0.0058557847514748,0.00524941412732
9hyirkcx,pos_nointent,10,10,270008320,814.2130126953125,269.6748046875,,0.3842568099498749,1.6570751667022705,0.0361157208681106,0.0052771959453821,0.0045753493905067
9hyirkcx,pos_nointent,10,10,280002560,809.2359619140625,261.0341796875,,0.3823867738246918,1.6175081729888916,0.0355017259716987,0.005587519146502,0.0049437712877988
9hyirkcx,pos_nointent,10,10,290078720,810.2208862304688,261.373046875,,0.3826033174991607,1.6365668773651123,0.0352354012429714,0.0054968148469924,0.0047817612066864
9hyirkcx,pos_nointent,10,10,300072960,811.0894775390625,263.8408203125,,0.3800317347049713,1.6242225170135498,0.0360836423933506,0.0055560991168022,0.004910915158689
9hyirkcx,pos_nointent,10,10,310067200,814.84375,262.544921875,,0.3762652575969696,1.6152145862579346,0.035611443221569,0.0055928491055965,0.0048837573267519
9hyirkcx,pos_nointent,10,10,320061440,838.8713989257812,271.9677734375,,0.3768152296543121,1.6237618923187256,0.0360086634755134,0.0054088267497718,0.0047091930173337
9hyirkcx,pos_nointent,10,10,330055680,817.315185546875,264.2626953125,,0.3792069852352142,1.6185438632965088,0.03596793115139,0.0054738828912377,0.0048078252002596
9hyirkcx,pos_nointent,10,10,340049920,809.6995849609375,262.646484375,,0.3745534420013428,1.605717658996582,0.0358200147747993,0.0054919812828302,0.004832848906517
9hyirkcx,pos_nointent,10,10,350044160,838.7738037109375,271.14453125,,0.3655719757080078,1.610015630722046,0.0357140339910984,0.0051308926194906,0.0044290106743574
9hyirkcx,pos_nointent,10,10,360038400,833.6302490234375,269.3388671875,,0.3672764897346496,1.6083004474639893,0.0355283431708812,0.0051133492961525,0.0044322614558041
9hyirkcx,pos_nointent,10,10,370032640,832.9781494140625,266.6435546875,,0.3620348870754242,1.6104838848114014,0.0350830480456352,0.0051461560651659,0.0043361498974263
9hyirkcx,pos_nointent,10,10,380026880,831.8819580078125,268.7724609375,,0.3682797253131866,1.631147384643555,0.0356877446174621,0.0051150894723832,0.0043644309043884
9hyirkcx,pos_nointent,10,10,390021120,832.2767944335938,269.06640625,,0.3700126409530639,1.6322228908538818,0.035937163978815,0.0052114105783402,0.0044145784340798
9hyirkcx,pos_nointent,10,10,400015360,834.9188232421875,273.3681640625,,0.3755808472633362,1.6535530090332031,0.0365436151623725,0.0050248182378709,0.0043114512227475
9hyirkcx,pos_nointent,10,10,410009600,835.97412109375,269.8603515625,,0.3733538687229156,1.611771583557129,0.0359290204942226,0.0051301131024956,0.0045012030750513
9hyirkcx,pos_nointent,10,10,420003840,833.6063232421875,270.94140625,,0.3730906844139099,1.626229763031006,0.035082422196865,0.0050969282165169,0.0042718038894236
9hyirkcx,pos_nointent,10,10,430080000,824.27001953125,263.8974609375,,0.3749141991138458,1.611030340194702,0.0351133272051811,0.0056086694821715,0.0049750418402254
9hyirkcx,pos_nointent,10,10,440074240,822.3077392578125,265.2705078125,,0.3791524469852447,1.6319453716278076,0.0350895673036575,0.0053741452284157,0.0046900352463126
9hyirkcx,pos_nointent,10,10,450068480,822.786376953125,261.5751953125,,0.3742154240608215,1.6100561618804932,0.0348593294620513,0.005507776979357,0.0048025725409388
9hyirkcx,pos_nointent,10,10,460062720,834.637939453125,267.7255859375,,0.3679443895816803,1.6166993379592896,0.0350058004260063,0.0052313948981463,0.0045156711712479
9hyirkcx,pos_nointent,10,10,470056960,835.3841552734375,266.4365234375,,0.3730400502681732,1.6113417148590088,0.0346685647964477,0.0054602022282779,0.0048073548823595
9hyirkcx,pos_nointent,10,10,480051200,825.8115234375,263.546875,,0.3773027062416076,1.616532325744629,0.0350234284996986,0.0053164521232247,0.0046862214803695
9hyirkcx,pos_nointent,10,10,490045440,841.24951171875,270.0771484375,,0.3753072917461395,1.625517725944519,0.0348491966724395,0.0051270620897412,0.0044660763815045
9hyirkcx,pos_nointent,10,10,500039680,828.1025390625,268.07421875,,0.371970921754837,1.6324269771575928,0.0352290160953998,0.005343509837985,0.0046182828955352
9hyirkcx,pos_nointent,10,10,510033920,835.152099609375,267.3623046875,,0.369567722082138,1.626874923706055,0.0345073863863945,0.0053193941712379,0.0046002729795873
9hyirkcx,pos_nointent,10,10,520028160,823.4593505859375,263.083984375,,0.3707361221313476,1.6268677711486816,0.0345341488718986,0.0054124207235872,0.0047066458500921
9hyirkcx,pos_nointent,10,10,530022400,823.7167358398438,266.91796875,,0.3784320056438446,1.6354148387908936,0.0349030494689941,0.0054034041240811,0.0047616041265428
9hyirkcx,pos_nointent,10,10,540016640,811.2548828125,262.568359375,,0.3839661777019501,1.6405922174453735,0.0354949682950973,0.005647241603583,0.0049826670438051
9hyirkcx,pos_nointent,10,10,550010880,826.6973266601562,265.666015625,,0.3761124908924103,1.6375415325164795,0.0346805155277252,0.0052260220982134,0.0045337951742112
9hyirkcx,pos_nointent,10,10,560005120,815.6497192382812,260.7333984375,,0.380816102027893,1.624413251876831,0.0349217057228088,0.0055904937908053,0.0049064988270401
9hyirkcx,pos_nointent,10,10,570081280,824.8409423828125,262.92578125,,0.3733466863632202,1.6243946552276611,0.0348033756017684,0.005499099381268,0.0048938184045255
9hyirkcx,pos_nointent,10,10,580075520,831.88232421875,265.6455078125,,0.3691984713077545,1.6220879554748535,0.0345268547534942,0.0052965343929827,0.0046606622636318
9hyirkcx,pos_nointent,10,10,590069760,814.8637084960938,263.705078125,,0.3698957562446594,1.6395756006240845,0.0354573428630828,0.0053918031044304,0.0046912226825952
9hyirkcx,pos_nointent,10,10,600064000,830.9650268554688,266.857421875,,0.3645358979701996,1.6388747692108154,0.0350237116217613,0.0053445710800588,0.0045935017988085
dkglvuw8,pos_noproprio,0,0,0,501.1038208007813,230.0703125,3.2150936126708984,0.8006342649459839,3.074989080429077,0.0539610758423805,0.0105322860181331,0.0091673210263252
dkglvuw8,pos_noproprio,0,0,10076160,686.31298828125,247.1845703125,10.941078186035156,0.6143825054168701,2.22979736328125,0.0333522781729698,0.007471565157175,0.0065188184380531
dkglvuw8,pos_noproprio,0,0,20070400,751.0084228515625,255.46875,13.648290634155272,0.5370813608169556,1.9737811088562007,0.0311486981809139,0.0063632177188992,0.0053370809182524
dkglvuw8,pos_noproprio,0,0,30064640,796.423583984375,264.0859375,14.153228759765623,0.5037602186203003,1.847886562347412,0.0293092615902423,0.006080150604248,0.0055236248299479
dkglvuw8,pos_noproprio,0,0,40058880,817.9034423828125,266.2998046875,15.185457229614258,0.4960525035858154,1.816349744796753,0.0280991550534963,0.0054865824058651,0.0047355541028082
dkglvuw8,pos_noproprio,0,0,50053120,859.991943359375,270.6171875,15.648685455322266,0.4911452829837799,1.76738178730011,0.0264155454933643,0.0052736103534698,0.0046386597678065
dkglvuw8,pos_noproprio,0,0,60047360,867.8883056640625,271.8154296875,15.98236846923828,0.4874385595321655,1.738194704055786,0.0262743178755044,0.0051643238402903,0.0043845525942742
dkglvuw8,pos_noproprio,0,0,70041600,890.832275390625,278.9541015625,16.16738510131836,0.4786554276943207,1.7547823190689087,0.0264307893812656,0.004699501208961,0.0041357912123203
dkglvuw8,pos_noproprio,0,0,80035840,894.9139404296875,277.095703125,16.016010284423828,0.4804760813713074,1.7385995388031006,0.0257863812148571,0.0048704855144023,0.0042556361295282
dkglvuw8,pos_noproprio,0,0,90030080,922.5416259765624,285.0458984375,16.259037017822266,0.4832177460193634,1.75345778465271,0.0258633848279714,0.0044741565361619,0.003739015199244
dkglvuw8,pos_noproprio,0,0,100024320,929.14453125,286.8916015625,16.559707641601562,0.4812148809432983,1.7550432682037354,0.0250983126461505,0.0044358484447002,0.0037460422609001
dkglvuw8,pos_noproprio,0,0,110018560,940.328857421875,288.4658203125,17.139556884765625,0.4841392934322357,1.7473554611206057,0.0248130187392234,0.0042025665752589,0.0034315404482185
dkglvuw8,pos_noproprio,0,0,120012800,947.665283203125,288.765625,17.147024154663086,0.4839493632316589,1.7507340908050537,0.0244753323495388,0.0043728682212531,0.0034839631989598
dkglvuw8,pos_noproprio,0,0,130007040,978.5753173828124,298.54296875,16.592430114746094,0.4793015420436859,1.7618889808654783,0.0247255004942417,0.0038733347319066,0.0030960207805037
dkglvuw8,pos_noproprio,0,0,140001280,986.9520263671876,297.95703125,16.65433120727539,0.475205510854721,1.7489399909973145,0.0238374099135398,0.0038846263196319,0.0032021794468164
dkglvuw8,pos_noproprio,0,0,150077440,982.6478881835938,298.38671875,16.872913360595703,0.4801570475101471,1.7502210140228271,0.0241883918642997,0.0039448016323149,0.0032783169299364
dkglvuw8,pos_noproprio,0,0,160071680,990.3138427734376,299.900390625,16.746891021728516,0.4836253225803375,1.7414662837982178,0.0247266888618469,0.0038587916642427,0.0034355013631284
dkglvuw8,pos_noproprio,0,0,170065920,1024.4993896484375,310.578125,16.842037200927734,0.4808120727539062,1.7554696798324585,0.024408109486103,0.0034687658771872,0.0029785342048853
dkglvuw8,pos_noproprio,0,0,180060160,1027.4599609375,307.740234375,17.06661033630371,0.4809408187866211,1.734872341156006,0.023775216192007,0.0037456445861607,0.0031876722350716
dkglvuw8,pos_noproprio,0,0,190054400,1033.4088134765625,309.130859375,17.0079345703125,0.4733696579933166,1.750269651412964,0.0230546835809946,0.0036542350426316,0.003210020950064
dkglvuw8,pos_noproprio,0,0,200048640,1041.855224609375,313.4921875,17.002666473388672,0.4774292409420013,1.744639277458191,0.0237553305923938,0.0035494694020599,0.0029170247726142
dkglvuw8,pos_noproprio,0,0,210042880,1076.98681640625,321.9140625,17.08925437927246,0.4710041880607605,1.741849422454834,0.0227342210710048,0.0033404934220016,0.0027453205548226
dkglvuw8,pos_noproprio,0,0,220037120,1122.7205810546875,330.3662109375,16.799068450927734,0.4726549386978149,1.7492167949676514,0.0220493655651807,0.0030174325220286,0.0025722926948219
dkglvuw8,pos_noproprio,0,0,230031360,1097.4302978515625,324.7705078125,17.15255355834961,0.4759844839572906,1.7365413904190063,0.0225761141628026,0.0031191278249025,0.0025670952163636
dkglvuw8,pos_noproprio,0,0,240025600,1119.243896484375,330.5625,17.19074821472168,0.4836610555648803,1.7585664987564087,0.0220107287168502,0.0029305927455425,0.0024345191195607
dkglvuw8,pos_noproprio,0,0,250019840,1120.56884765625,331.71484375,16.983346939086914,0.4842047393321991,1.7799153327941897,0.0225287787616252,0.0029551701154559,0.0023977358359843
dkglvuw8,pos_noproprio,0,0,260014080,1098.555908203125,325.2158203125,16.843841552734375,0.4829224050045013,1.761500597000122,0.0229086503386497,0.0031210589222609,0.0027257725596427
dkglvuw8,pos_noproprio,0,0,270008320,1130.88037109375,331.7099609375,16.934146881103516,0.4790432155132293,1.7570298910140991,0.0222666598856449,0.002867684001103,0.0024387701414525
dkglvuw8,pos_noproprio,0,0,280002560,1088.1097412109375,319.47265625,16.725296020507812,0.4781640172004699,1.7447223663330078,0.0223508775234222,0.0032196622341871,0.0027290470898151
dkglvuw8,pos_noproprio,0,0,290078720,1148.8419189453125,335.2900390625,16.801374435424805,0.4720114767551422,1.736548662185669,0.0216047670692205,0.0027961612213402,0.0023386050015687
dkglvuw8,pos_noproprio,0,0,300072960,1135.738037109375,333.990234375,16.998004913330078,0.4822156727313995,1.7440853118896484,0.0229277275502681,0.0030685358215123,0.0026325485669076
dkglvuw8,pos_noproprio,0,0,310067200,1143.080322265625,333.205078125,17.17673683166504,0.4793028235435486,1.7325921058654783,0.0221415236592292,0.0029751339461654,0.0024327295832335
dkglvuw8,pos_noproprio,0,0,320061440,1138.1663818359375,332.79296875,17.182415008544922,0.4759681224822998,1.733146071434021,0.0226056054234504,0.0028832117095589,0.0023329369723796
dkglvuw8,pos_noproprio,0,0,330055680,1179.119873046875,342.359375,16.885292053222656,0.4725980162620544,1.7308409214019775,0.0221214331686496,0.0026841757353395,0.0021851542405784
dkglvuw8,pos_noproprio,0,0,340049920,1198.27197265625,346.6123046875,17.459686279296875,0.4698744416236877,1.7255367040634155,0.0218335166573524,0.0026565729640424,0.0021012094803154
dkglvuw8,pos_noproprio,0,0,350044160,1207.547607421875,350.669921875,17.106304168701172,0.4775099456310272,1.7407017946243286,0.0221810974180698,0.0024957251735031,0.0021768896840512
dkglvuw8,pos_noproprio,0,0,360038400,1180.6561279296875,339.73828125,17.106399536132812,0.4735865890979767,1.7207157611846924,0.0218406207859516,0.0028795814141631,0.0024154903367161
dkglvuw8,pos_noproprio,0,0,370032640,1200.51708984375,344.36328125,16.887542724609375,0.4768491983413696,1.701385736465454,0.0210001040250062,0.0026259017176926,0.0021718584466725
dkglvuw8,pos_noproprio,0,0,380026880,1203.40087890625,345.5439453125,16.897289276123047,0.4780654907226562,1.7211930751800537,0.0209874659776687,0.002675947966054,0.0021761348471045
dkglvuw8,pos_noproprio,0,0,390021120,1176.4083251953125,339.103515625,16.981128692626953,0.4767896831035614,1.742501974105835,0.0213874466717243,0.0027068990748375,0.0023836374748498
dkglvuw8,pos_noproprio,0,0,400015360,1177.3697509765625,338.03125,17.204986572265625,0.4785943329334259,1.7251873016357422,0.0211496651172637,0.002855556551367,0.0023579923436045
dkglvuw8,pos_noproprio,0,0,410009600,1185.370849609375,341.583984375,17.087474822998047,0.4793316721916199,1.7454253435134888,0.0217816941440105,0.0026844241656363,0.0023680052254348
dkglvuw8,pos_noproprio,0,0,420003840,1179.3370361328125,339.41796875,17.12883758544922,0.4864468872547149,1.7520203590393066,0.0211254246532917,0.0027337935753166,0.0023197960108518
dkglvuw8,pos_noproprio,0,0,430080000,1208.1292724609375,350.091796875,16.688474655151367,0.4865901470184326,1.743133544921875,0.0214559957385063,0.0025192501489073,0.0020781834609806
dkglvuw8,pos_noproprio,0,0,440074240,1189.3984375,342.126953125,16.894908905029297,0.4918961226940155,1.7313778400421145,0.0214948095381259,0.0027809524908661,0.0023039989173412
dkglvuw8,pos_noproprio,0,0,450068480,1214.184326171875,353.125,16.900768280029297,0.4906566441059112,1.765108585357666,0.0212918017059564,0.0023768991231918,0.0019969795830547
dkglvuw8,pos_noproprio,0,0,460062720,1223.181640625,351.2890625,16.878393173217773,0.4835580587387085,1.7385785579681396,0.0215447731316089,0.0024462677538394,0.0021668807603418
dkglvuw8,pos_noproprio,0,0,470056960,1219.6859130859375,348.6875,16.81570816040039,0.4865564107894897,1.7395063638687134,0.02127156406641,0.0025248550809919,0.002226916141808
dkglvuw8,pos_noproprio,0,0,480051200,1199.177978515625,344.2021484375,16.71308135986328,0.4844447076320648,1.7351202964782717,0.0217352639883756,0.0026272437535226,0.0023096078075468
dkglvuw8,pos_noproprio,0,0,490045440,1238.96826171875,355.421875,16.85613250732422,0.4828726053237915,1.7289235591888428,0.0212916694581508,0.0022848860826343,0.0019541995134204
dkglvuw8,pos_noproprio,0,0,500039680,1207.676025390625,346.2724609375,16.47349739074707,0.4910700917243957,1.738795280456543,0.0215050410479307,0.0025598597712814,0.0022018053568899
dkglvuw8,pos_noproprio,0,0,510033920,1203.6104736328125,351.419921875,16.678882598876953,0.4962514638900757,1.785768747329712,0.0226597059518098,0.0024762696120887,0.0021454615052789
dkglvuw8,pos_noproprio,0,0,520028160,1168.160888671875,338.80859375,17.07132339477539,0.4983730316162109,1.7593207359313965,0.0227240417152643,0.0026515536010265,0.0021536056883633
dkglvuw8,pos_noproprio,0,0,530022400,1248.713623046875,356.01171875,17.294992446899414,0.4938202500343323,1.720401406288147,0.0211437083780765,0.0023215850815176,0.0018927826313301
dkglvuw8,pos_noproprio,0,0,540016640,1210.191650390625,347.6630859375,17.15585708618164,0.4956634044647217,1.71350359916687,0.0219601243734359,0.0025658525992184,0.0020798528566956
dkglvuw8,pos_noproprio,0,0,550010880,1195.219482421875,347.7490234375,17.176746368408203,0.5031180381774902,1.7498679161071775,0.022650733590126,0.0025572339072823,0.0022519989870488
dkglvuw8,pos_noproprio,0,0,560005120,1226.337158203125,353.326171875,16.975387573242188,0.4971845149993896,1.7291984558105469,0.0218230877071619,0.0024274666793644,0.0020513478666543
dkglvuw8,pos_noproprio,0,0,570081280,1188.8836669921875,342.419921875,16.787445068359375,0.4963612854480743,1.725360870361328,0.0222597755491733,0.0027627511881291,0.0023172046057879
dkglvuw8,pos_noproprio,0,0,580075520,1227.2340087890625,351.697265625,17.00149154663086,0.5004512667655945,1.7453031539916992,0.021511785686016,0.0025645033456385,0.0021910746581852
dkglvuw8,pos_noproprio,0,0,590069760,1241.4996337890625,352.4853515625,16.960573196411133,0.493797093629837,1.7122108936309814,0.0210952423512935,0.0024823304265737,0.0021519749425351
dkglvuw8,pos_noproprio,0,0,600064000,1241.200927734375,352.6484375,16.98096466064453,0.4834662973880768,1.7203940153121948,0.0213603712618351,0.0024365778081119,0.0019599890802055
wbyipflf,pos_noproprio,0,0,0,500.91351318359375,229.9638671875,3.2150917053222656,0.8006339073181152,3.0750322341918945,0.0539638847112655,0.0105296578258275,0.0091680623590946
wbyipflf,pos_noproprio,0,0,10076160,673.7081298828125,238.6513671875,10.863718032836914,0.6179956197738647,2.178964138031006,0.0323982760310173,0.008427713997662,0.0071430839598178
wbyipflf,pos_noproprio,0,0,20070400,738.2928466796875,251.7685546875,14.042303085327148,0.537794291973114,1.9527487754821775,0.030996099114418,0.0067376876249909,0.0057317800819873
wbyipflf,pos_noproprio,0,0,30064640,792.964599609375,260.9091796875,14.769747734069824,0.5072017312049866,1.857034683227539,0.0284703765064477,0.0060918773524463,0.0050626192241907
wbyipflf,pos_noproprio,0,0,40058880,818.6073608398438,266.8388671875,15.223198890686035,0.5026995539665222,1.8352806568145752,0.0277017634361982,0.0055075995624065,0.0047076540067791
wbyipflf,pos_noproprio,0,0,50053120,829.435302734375,267.4228515625,15.547683715820312,0.4986078441143036,1.823130965232849,0.0275163874030113,0.0053285043686628,0.0045273378491401
wbyipflf,pos_noproprio,0,0,60047360,855.6549072265625,274.123046875,16.092756271362305,0.4977179169654846,1.798030138015747,0.027173101902008,0.005041342228651,0.0042332215234637
wbyipflf,pos_noproprio,0,0,70041600,884.665771484375,281.01953125,16.04414176940918,0.4933503866195678,1.7803865671157837,0.0267381928861141,0.004710653796792,0.0039241528138518
wbyipflf,pos_noproprio,0,0,80035840,902.9849853515624,282.0478515625,16.30373764038086,0.4915851950645447,1.7884039878845217,0.0257708095014095,0.0045797270722687,0.0037563375663012
wbyipflf,pos_noproprio,0,0,90030080,913.0643310546876,283.9521484375,16.56879425048828,0.4850570261478424,1.7819255590438845,0.0255013201385736,0.0045978669077157,0.0038017118349671
wbyipflf,pos_noproprio,0,0,100024320,939.95703125,291.9619140625,16.861745834350586,0.4835612773895263,1.782592535018921,0.0257799550890922,0.0042461506091058,0.0035655198153108
wbyipflf,pos_noproprio,0,0,110018560,937.9719848632812,290.4375,16.691890716552734,0.486864686012268,1.7879457473754885,0.0246408078819513,0.0042601255699992,0.0034791859798133
wbyipflf,pos_noproprio,0,0,120012800,957.1445922851562,294.009765625,16.92687225341797,0.4808149933815002,1.7748249769210815,0.0246476791799068,0.004052803851664,0.0033812830224633
wbyipflf,pos_noproprio,0,0,130007040,977.570068359375,298.8583984375,16.654664993286133,0.4799595773220062,1.768183350563049,0.0241093933582305,0.0039447173476219,0.0033024423755705
wbyipflf,pos_noproprio,0,0,140001280,990.6273193359376,300.9677734375,16.63344955444336,0.4725399017333984,1.7608535289764404,0.0233949534595012,0.0038066443521529,0.0031567129772156
wbyipflf,pos_noproprio,0,0,150077440,985.4506225585938,302.0146484375,17.004512786865234,0.4754259884357452,1.771220088005066,0.0243312194943428,0.0038691647350788,0.0033102473244071
wbyipflf,pos_noproprio,0,0,160071680,983.9974975585938,300.41796875,16.938167572021484,0.483384221792221,1.760638952255249,0.0248479470610618,0.0039203986525535,0.0031789697241038
wbyipflf,pos_noproprio,0,0,170065920,997.7608032226562,304.0849609375,17.00613784790039,0.4812853038311004,1.737250804901123,0.0244510024785995,0.003779413877055,0.0030740664806216
wbyipflf,pos_noproprio,0,0,180060160,1043.010986328125,313.638671875,17.143184661865234,0.482332319021225,1.7282404899597168,0.0236554965376853,0.0034011485986411,0.0027547613717615
wbyipflf,pos_noproprio,0,0,190054400,1026.021728515625,310.0478515625,16.792776107788086,0.4844611287117004,1.7399170398712158,0.0241878237575292,0.0036148480139672,0.0030791752506047
wbyipflf,pos_noproprio,0,0,200048640,1042.5401611328125,313.84375,16.774600982666016,0.4891215860843658,1.7519029378890991,0.0235857181251049,0.0034207399003207,0.002762712072581
wbyipflf,pos_noproprio,0,0,210042880,1054.0556640625,315.7216796875,16.711097717285156,0.4889697134494781,1.7444179058074951,0.0231421831995248,0.0033467090688645,0.0027952301315963
wbyipflf,pos_noproprio,0,0,220037120,1048.6126708984375,311.9306640625,16.749542236328125,0.4887739419937134,1.738845944404602,0.0233094133436679,0.0034690962638705,0.0028962180949747
wbyipflf,pos_noproprio,0,0,230031360,1057.1630859375,315.8623046875,16.8541259765625,0.4884237051010132,1.7581279277801514,0.0233748778700828,0.003377104178071,0.0028076996095478
wbyipflf,pos_noproprio,0,0,240025600,1105.052001953125,327.54296875,16.94759178161621,0.4823616445064544,1.7487564086914062,0.0225805044174194,0.003159265499562,0.0026403691153973
wbyipflf,pos_noproprio,0,0,250019840,1113.487548828125,327.9580078125,16.960201263427734,0.4818924963474273,1.73036789894104,0.0220475532114505,0.0031118083279579,0.0025160599034279
wbyipflf,pos_noproprio,0,0,260014080,1121.2081298828125,329.873046875,16.93215560913086,0.4881356954574585,1.7391300201416016,0.0222781244665384,0.0029821367934346,0.0024090064689517
wbyipflf,pos_noproprio,0,0,270008320,1108.41064453125,326.3310546875,16.97136688232422,0.4855191707611084,1.737653136253357,0.0223563034087419,0.0031210265588015,0.0026100622490048
wbyipflf,pos_noproprio,0,0,280002560,1113.2755126953125,327.9970703125,17.01163101196289,0.488334059715271,1.727930784225464,0.0224803779274225,0.0031093270517885,0.002568666357547
wbyipflf,pos_noproprio,0,0,290078720,1135.026123046875,331.73046875,16.9505672454834,0.4842254221439361,1.7139805555343628,0.0218715295195579,0.0030362026300281,0.0024332436732947
wbyipflf,pos_noproprio,0,0,300072960,1126.178955078125,329.4404296875,16.927799224853516,0.4794134795665741,1.710555911064148,0.0224926639348268,0.003041389863938,0.002417423762381
wbyipflf,pos_noproprio,0,0,310067200,1117.962646484375,324.1171875,16.511680603027344,0.4832337200641632,1.7105913162231443,0.0224340371787548,0.003230046480894,0.0025945357047021
wbyipflf,pos_noproprio,0,0,320061440,1153.136474609375,334.9453125,17.18297576904297,0.484188437461853,1.7175049781799316,0.0221005752682685,0.0028292872011661,0.0023510064929723
wbyipflf,pos_noproprio,0,0,330055680,1162.66748046875,339.673828125,16.863704681396484,0.4839376211166382,1.754434585571289,0.0218528639525175,0.0027887891046702,0.0022476934827864
wbyipflf,pos_noproprio,0,0,340049920,1164.1409912109375,338.46875,16.958391189575195,0.4864821135997772,1.749131679534912,0.022156398743391,0.0027811932377517,0.002395094372332
wbyipflf,pos_noproprio,0,0,350044160,1151.3291015625,336.8828125,17.08462905883789,0.4783399999141693,1.7589290142059326,0.0220012329518795,0.0029356223531067,0.0025889570824801
wbyipflf,pos_noproprio,0,0,360038400,1176.2294921875,340.259765625,17.078277587890625,0.4782370030879974,1.7313406467437744,0.0211572516709566,0.0027793985791504,0.0023890312295407
wbyipflf,pos_noproprio,0,0,370032640,1186.6795654296875,343.974609375,16.733230590820312,0.4820463955402374,1.7354443073272705,0.0209765844047069,0.002659922465682,0.0022926423698663
wbyipflf,pos_noproprio,0,0,380026880,1196.363037109375,343.1875,17.139970779418945,0.4751680195331573,1.7426358461380005,0.0207154471427202,0.0026352985296398,0.0022993376478552
wbyipflf,pos_noproprio,0,0,390021120,1225.1380615234375,350.5078125,17.30000877380371,0.4785148203372955,1.7113568782806396,0.0206091720610857,0.0023831271100789,0.0019600093364715
wbyipflf,pos_noproprio,0,0,400015360,1216.207275390625,349.6494140625,17.251405715942383,0.4830686151981354,1.7090946435928345,0.0209258273243904,0.0025404952466487,0.0020820922218263
wbyipflf,pos_noproprio,0,0,410009600,1235.9417724609375,354.3056640625,17.176822662353516,0.4812071919441223,1.7007100582122805,0.0214369818568229,0.0023509799502789,0.0019937921315431
wbyipflf,pos_noproprio,0,0,420003840,1206.2906494140625,342.7724609375,16.995838165283203,0.4825886189937591,1.713764190673828,0.0204680357128381,0.0026799386832863,0.0022722128778696
wbyipflf,pos_noproprio,0,0,430080000,1188.485107421875,342.923828125,17.120548248291016,0.4856166839599609,1.7212361097335815,0.0213137306272983,0.0026329637039452,0.002256488893181
wbyipflf,pos_noproprio,0,0,440074240,1242.9617919921875,353.138671875,16.953737258911133,0.4814075827598572,1.702700138092041,0.0202609132975339,0.0024970623198896,0.0021523342002183
wbyipflf,pos_noproprio,0,0,450068480,1186.687255859375,342.5361328125,16.849876403808594,0.4803725779056549,1.7322312593460083,0.0218591950833797,0.0027016848325729,0.0023448814172297
wbyipflf,pos_noproprio,0,0,460062720,1213.868408203125,347.0947265625,16.993785858154297,0.4764777719974518,1.706533908843994,0.0210855100303888,0.0026887035928666,0.002260246546939
wbyipflf,pos_noproprio,0,0,470056960,1229.51220703125,350.955078125,16.91205596923828,0.4802258610725403,1.7171804904937744,0.0207860916852951,0.0024232647847384,0.0021513530518859
wbyipflf,pos_noproprio,0,0,480051200,1216.8994140625,345.9072265625,16.97477149963379,0.4759547710418701,1.7065585851669312,0.0203995909541845,0.0025502103380858,0.0022614283952862
wbyipflf,pos_noproprio,0,0,490045440,1199.48046875,342.5849609375,16.689590454101562,0.4762572646141052,1.7085440158843994,0.0207476485520601,0.0026661441661417,0.0022042347118258
wbyipflf,pos_noproprio,0,0,500039680,1214.615478515625,345.6328125,17.01337432861328,0.4764076173305511,1.7188098430633545,0.0203901380300521,0.0025878632441163,0.0021334514021873
wbyipflf,pos_noproprio,0,0,510033920,1232.103271484375,350.10546875,17.122570037841797,0.4780941903591156,1.7373645305633545,0.0208632852882146,0.0025329946074634,0.0021514976397156
wbyipflf,pos_noproprio,0,0,520028160,1225.31005859375,349.740234375,16.89432144165039,0.4820265471935272,1.7497272491455078,0.02065010368824,0.0025829086080193,0.0022682247217744
wbyipflf,pos_noproprio,0,0,530022400,1241.3988037109375,353.576171875,16.777889251708984,0.4795274138450622,1.7237035036087036,0.0203841347247362,0.0024811693001538,0.0022250020410865
wbyipflf,pos_noproprio,0,0,540016640,1230.581787109375,348.908203125,17.003456115722656,0.4817833304405212,1.7375657558441162,0.0206539146602153,0.0024558911100029,0.0020116590894758
wbyipflf,pos_noproprio,0,0,550010880,1249.391357421875,355.765625,16.763601303100586,0.4849113821983337,1.7453964948654177,0.0207140147686004,0.0024198645260185,0.0020225315820425
wbyipflf,pos_noproprio,0,0,560005120,1236.9395751953125,353.4501953125,16.75106430053711,0.4864622354507446,1.7509137392044067,0.020780511200428,0.0023456215858459,0.0019353465177118
wbyipflf,pos_noproprio,0,0,570081280,1255.4384765625,355.951171875,16.69319725036621,0.486665815114975,1.7160649299621582,0.0201069712638854,0.0022713192738592,0.0018866101745516
wbyipflf,pos_noproprio,0,0,580075520,1258.85693359375,358.1669921875,16.66183853149414,0.4927642345428467,1.7303297519683838,0.0201276019215583,0.0022856178693473,0.0018244051607325
wbyipflf,pos_noproprio,0,0,590069760,1232.896484375,350.67578125,16.7541446685791,0.4889751374721527,1.727269172668457,0.0206468291580677,0.0024361645337194,0.0021172235719859
wbyipflf,pos_noproprio,0,0,600064000,1252.067138671875,356.693359375,16.933372497558594,0.4850768148899078,1.7232697010040283,0.0205560810863971,0.0023327735252678,0.0019872318953275
23267t68,pos_noproprio,5,0,0,501.0242919921875,230.0224609375,3.215094327926636,0.8006342649459839,3.0749874114990234,0.0539599955081939,0.010532509535551,0.0091671273112297
23267t68,pos_noproprio,5,0,10076160,678.655029296875,237.4208984375,11.00807285308838,0.6189514398574829,2.1152000427246094,0.0321250259876251,0.0081773661077022,0.0070251012220978
23267t68,pos_noproprio,5,0,20070400,749.02685546875,252.4599609375,13.355457305908203,0.5322814583778381,1.8942267894744875,0.0308880414813756,0.0066169924102723,0.0056653600186109
23267t68,pos_noproprio,5,0,30064640,786.27001953125,258.330078125,14.4773530960083,0.5046985745429993,1.8354185819625852,0.0290303938090801,0.0060352529399096,0.005186837632209
23267t68,pos_noproprio,5,0,40058880,814.2095336914062,262.6650390625,15.902511596679688,0.4943470358848572,1.7944624423980713,0.0277194883674383,0.0059030093252658,0.0051140924915671
23267t68,pos_noproprio,5,0,50053120,829.7195434570312,265.75390625,15.986983299255373,0.4947534501552582,1.8014758825302124,0.0269523076713085,0.0056272242218256,0.0047196364030241
23267t68,pos_noproprio,5,0,60047360,849.3936157226562,269.3896484375,15.909269332885742,0.4899394810199737,1.768085241317749,0.0271055456250906,0.0050956699997186,0.0042866636067628
23267t68,pos_noproprio,5,0,70041600,871.8243408203125,271.9287109375,16.203723907470703,0.4845189154148102,1.7571336030960083,0.0260581579059362,0.005311700515449,0.0044760890305042
23267t68,pos_noproprio,5,0,80035840,899.1846313476562,277.7578125,16.03123664855957,0.4882371723651886,1.7552385330200195,0.0250703990459442,0.0047933952882885,0.0038437582552433
23267t68,pos_noproprio,5,0,90030080,895.2280883789062,279.1123046875,16.599567413330078,0.4854568243026733,1.7676550149917605,0.0254944153130054,0.004659631755203,0.003880672622472
23267t68,pos_noproprio,5,0,100024320,941.666259765625,288.4736328125,16.609371185302734,0.4808835983276367,1.762092113494873,0.0243808478116989,0.0043389215134084,0.0035797331947833
23267t68,pos_noproprio,5,0,110018560,928.167724609375,284.3935546875,16.60485076904297,0.4817083179950714,1.7653594017028809,0.0243997760117054,0.0043885298073291,0.0035054094623774
23267t68,pos_noproprio,5,0,120012800,947.4611206054688,289.9609375,16.263395309448242,0.4843911528587341,1.7775843143463137,0.0244642850011587,0.0041353506967425,0.0034154001623392
23267t68,pos_noproprio,5,0,130007040,969.2093505859376,294.1337890625,16.35079574584961,0.4775599539279938,1.7643895149230957,0.0239139795303344,0.0039684493094682,0.0031717498786747
23267t68,pos_noproprio,5,0,140001280,984.81396484375,298.7890625,16.801374435424805,0.4843694865703583,1.7791610956192017,0.0241317208856344,0.0039294110611081,0.0033055576495826
23267t68,pos_noproprio,5,0,150077440,976.0870361328124,297.93359375,16.897571563720703,0.4834422171115875,1.7608343362808228,0.0246619544923305,0.0039624948985874,0.003382361261174
23267t68,pos_noproprio,5,0,160071680,993.1678466796876,301.0146484375,17.017536163330078,0.4799771606922149,1.7547829151153564,0.0240812934935092,0.0039413184858858,0.0033819985110312
23267t68,pos_noproprio,5,0,170065920,981.6546630859376,298.89453125,16.652484893798828,0.4824945628643036,1.7486958503723145,0.0242657866328954,0.0040747513994574,0.003483367851004
23267t68,pos_noproprio,5,0,180060160,1021.264892578125,307.3564453125,16.839284896850586,0.479662150144577,1.7481021881103516,0.0233076773583889,0.0036675059236586,0.003080328926444
23267t68,pos_noproprio,5,0,190054400,1039.3759765625,313.021484375,16.545120239257812,0.4837377369403839,1.7448786497116089,0.0236690640449523,0.003438520245254,0.0029102987609803
23267t68,pos_noproprio,5,0,200048640,1041.18310546875,312.03515625,16.626752853393555,0.4819368720054626,1.7464890480041504,0.0238411426544189,0.0034862612374126,0.0030422392301261
23267t68,pos_noproprio,5,0,210042880,1036.36083984375,307.7001953125,16.696727752685547,0.4799931645393371,1.7472575902938845,0.0232667848467826,0.0036198233719915,0.0029893503524363
23267t68,pos_noproprio,5,0,220037120,1051.687255859375,313.9013671875,16.62419891357422,0.4818215668201446,1.7497889995574951,0.0231890119612216,0.0034359185956418,0.0027573783881962
23267t68,pos_noproprio,5,0,230031360,1074.5067138671875,320.2216796875,16.833114624023438,0.4804309010505676,1.7300925254821775,0.0232503730803728,0.003199859522283,0.0026058570947498
23267t68,pos_noproprio,5,0,240025600,1066.82763671875,315.2822265625,16.536685943603516,0.4756113290786743,1.7196178436279297,0.0227238908410072,0.0034454278647899,0.0027374965138733
23267t68,pos_noproprio,5,0,250019840,1114.1468505859375,327.4541015625,16.369314193725586,0.477925956249237,1.7343533039093018,0.0219262056052684,0.0031434884294867,0.0025756626855582
23267t68,pos_noproprio,5,0,260014080,1111.8577880859375,325.9736328125,16.751306533813477,0.471920371055603,1.729681372642517,0.0217234175652265,0.003216040553525,0.0024985861964523
23267t68,pos_noproprio,5,0,270008320,1156.140380859375,336.6513671875,16.606277465820312,0.4701733291149139,1.730832815170288,0.0214535780251026,0.0030399737879633,0.0025659827515482
23267t68,pos_noproprio,5,0,280002560,1131.885986328125,330.2958984375,17.029266357421875,0.4709737598896026,1.6956145763397217,0.0220008473843336,0.0030425256118178,0.0025075522717088
23267t68,pos_noproprio,5,0,290078720,1134.9638671875,331.4052734375,16.706438064575195,0.4749404489994049,1.7149906158447266,0.0215317253023386,0.0030409377068281,0.0025505982339382
23267t68,pos_noproprio,5,0,300072960,1130.1224365234375,329.7919921875,16.94373893737793,0.47555872797966,1.7105131149291992,0.022081796079874,0.0029854711610823,0.0025688046589493
23267t68,pos_noproprio,5,0,310067200,1154.283447265625,335.3291015625,16.898181915283203,0.476554274559021,1.7159082889556885,0.021009037271142,0.0028434400446712,0.0022097686305642
23267t68,pos_noproprio,5,0,320061440,1139.636474609375,331.4580078125,16.83974266052246,0.4714013040065765,1.7210750579833984,0.0209245514124631,0.0029488038271665,0.0024463904555886
23267t68,pos_noproprio,5,0,330055680,1155.381103515625,333.126953125,16.90701675415039,0.4716153442859649,1.7134218215942385,0.0207939520478248,0.0028052101843059,0.0022796795237809
23267t68,pos_noproprio,5,0,340049920,1184.65966796875,341.7138671875,16.89337921142578,0.4764411747455597,1.7152043581008911,0.0210332758724689,0.002733530011028,0.0022423893678933
23267t68,pos_noproprio,5,0,350044160,1170.66455078125,338.47265625,16.678253173828125,0.4824819564819336,1.7124556303024292,0.0211410522460937,0.0028255493380129,0.002297147642821
23267t68,pos_noproprio,5,0,360038400,1161.925048828125,333.6259765625,16.896039962768555,0.479970633983612,1.6980143785476685,0.0213448461145162,0.0029055243358016,0.0023882519453763
23267t68,pos_noproprio,5,0,370032640,1223.9053955078125,352.375,16.756845474243164,0.4772994518280029,1.7119934558868408,0.020935446023941,0.0025021019391715,0.0019696978852152
23267t68,pos_noproprio,5,0,380026880,1221.474609375,349.158203125,16.758283615112305,0.471122145652771,1.7098890542984009,0.0206868238747119,0.0025810492224991,0.0021191390696913
23267t68,pos_noproprio,5,0,390021120,1216.9066162109375,346.8701171875,16.871841430664062,0.4708468317985534,1.6847416162490845,0.0207097306847572,0.0025243593845516,0.0022142070811241
23267t68,pos_noproprio,5,0,400015360,1198.0880126953125,342.7197265625,17.113414764404297,0.4717573821544647,1.696495771408081,0.0205758661031723,0.002629937371239,0.0021056775003671
23267t68,pos_noproprio,5,0,410009600,1185.1439208984375,335.8671875,16.921894073486328,0.4717830419540405,1.6892597675323486,0.0202400721609592,0.0028503758367151,0.0023967311717569
23267t68,pos_noproprio,5,0,420003840,1206.472900390625,342.5185546875,16.69689178466797,0.4775243103504181,1.6830670833587646,0.0204806644469499,0.0027834717184305,0.0022924677468836
23267t68,pos_noproprio,5,0,430080000,1196.622314453125,342.619140625,16.911968231201172,0.4811878204345703,1.698519945144653,0.0206848494708538,0.0027267597615718,0.0020840719807893
23267t68,pos_noproprio,5,0,440074240,1199.0330810546875,340.146484375,16.769195556640625,0.4798753559589386,1.691753625869751,0.020520307123661,0.0027563646435737,0.0021007342729717
23267t68,pos_noproprio,5,0,450068480,1200.72705078125,342.865234375,16.90048599243164,0.4769299328327179,1.6985483169555664,0.0208751652389764,0.00271015195176,0.00220946688205
23267t68,pos_noproprio,5,0,460062720,1196.190185546875,342.76171875,16.941097259521484,0.4842473566532135,1.708446025848389,0.021212987601757,0.0026876660995185,0.0022174646146595
23267t68,pos_noproprio,5,0,470056960,1188.0833740234375,343.1865234375,16.84313201904297,0.4787484109401703,1.7294329404830933,0.0210290718823671,0.0025322698056697,0.0020804910454899
23267t68,pos_noproprio,5,0,480051200,1216.7613525390625,345.837890625,16.81226348876953,0.4775073528289795,1.7233750820159912,0.0205399487167596,0.0026757537852972,0.0020800828933715
23267t68,pos_noproprio,5,0,490045440,1218.4287109375,345.359375,16.83344078063965,0.4798861145973205,1.7071542739868164,0.020320001989603,0.0026757651939988,0.0022708978503942
23267t68,pos_noproprio,5,0,500039680,1218.0985107421875,344.6787109375,16.775554656982422,0.4867907166481018,1.6918084621429443,0.0205476991832256,0.0026789417024701,0.0021362220868468
23267t68,pos_noproprio,5,0,510033920,1253.798828125,355.8076171875,16.908531188964844,0.4861875474452972,1.7226721048355105,0.0204882454127073,0.0023932065814733,0.0019828397780656
23267t68,pos_noproprio,5,0,520028160,1245.966064453125,354.3583984375,16.995010375976562,0.4836105108261108,1.704533576965332,0.0202467106282711,0.0024336110800504,0.0020163930021226
23267t68,pos_noproprio,5,0,530022400,1196.6302490234375,341.3359375,16.746557235717773,0.4889535903930664,1.7215707302093506,0.0210579838603734,0.0026843610685318,0.0022696419619023
23267t68,pos_noproprio,5,0,540016640,1213.224853515625,347.0478515625,16.30826759338379,0.4878514111042022,1.7248350381851196,0.0212599299848079,0.0025508571416139,0.0021456379909068
23267t68,pos_noproprio,5,0,550010880,1215.18408203125,342.71875,16.787437438964844,0.4790427088737488,1.6939542293548584,0.0203229822218418,0.0026842425577342,0.0021155995782464
23267t68,pos_noproprio,5,0,560005120,1250.75341796875,353.119140625,16.739564895629883,0.4826549291610718,1.6926910877227783,0.020219711586833,0.002504103584215,0.0020555278751999
23267t68,pos_noproprio,5,0,570081280,1222.286865234375,349.9052734375,16.82080841064453,0.4820365905761719,1.7165441513061523,0.0208907648921012,0.0026328242383897,0.0021592362318187
23267t68,pos_noproprio,5,0,580075520,1229.0538330078125,349.267578125,16.71949005126953,0.4831834733486175,1.719210147857666,0.0204946286976337,0.0025739730335772,0.0021540708839893
23267t68,pos_noproprio,5,0,590069760,1229.892822265625,349.419921875,16.87535858154297,0.4803874492645263,1.708776593208313,0.0207775309681892,0.0025643156841397,0.0020944327116012
23267t68,pos_noproprio,5,0,600064000,1248.9365234375,355.7353515625,16.88165283203125,0.4853706359863281,1.7254053354263306,0.0208467990159988,0.0024758561048656,0.0020939568057656
mbjli503,pos_noproprio,5,5,0,507.01904296875,230.4052734375,3.214319944381714,0.8015666007995605,3.0494697093963623,0.0527876913547515,0.0102819064632058,0.0088691916316747
mbjli503,pos_noproprio,5,5,10076160,713.6512451171875,240.857421875,11.03994369506836,0.6437470316886902,2.0913562774658203,0.030234009027481,0.0073437253013253,0.0062057496979832
mbjli503,pos_noproprio,5,5,20070400,778.8634033203125,249.64453125,13.42332649230957,0.5612820386886597,1.8372949361801147,0.0274145044386386,0.0063425293192267,0.0049705882556736
mbjli503,pos_noproprio,5,5,30064640,1002.7852783203124,301.259765625,13.635639190673828,0.5264036059379578,1.7052090167999268,0.0237927343696355,0.0046877982094883,0.0037877506110817
mbjli503,pos_noproprio,5,5,40058880,1167.5731201171875,335.4599609375,14.267403602600098,0.5048508048057556,1.6338602304458618,0.0200942587107419,0.0034806979820132,0.0028483532369136
mbjli503,pos_noproprio,5,5,50053120,1191.662841796875,336.2353515625,14.758367538452148,0.4896551370620727,1.6057753562927246,0.0190408118069171,0.0035102383699268,0.0026792204007506
mbjli503,pos_noproprio,5,5,60047360,1256.3857421875,346.9130859375,14.99434757232666,0.4810204207897186,1.572808861732483,0.0175609998404979,0.00283067766577,0.0021285742986947
mbjli503,pos_noproprio,5,5,70041600,1328.6590576171875,358.021484375,15.579529762268066,0.4812757074832916,1.575087547302246,0.0158233996480703,0.0026322556659579,0.0021360656246542
mbjli503,pos_noproprio,5,5,80035840,1399.52587890625,371.087890625,16.356441497802734,0.4603771567344665,1.5597734451293943,0.014713505282998,0.0021727716084569,0.0017689077649265
mbjli503,pos_noproprio,5,5,90030080,1401.919677734375,369.3271484375,16.854686737060547,0.4551773071289062,1.5457123517990112,0.0144355641677975,0.0022113109007477,0.0016278715338557
mbjli503,pos_noproprio,5,5,100024320,1423.1453857421875,373.3505859375,17.077999114990234,0.4520595967769623,1.542905569076538,0.0143447779119014,0.0020887427963316,0.0016764943720772
mbjli503,pos_noproprio,5,5,110018560,1464.7108154296875,379.37890625,16.949542999267578,0.4505477845668793,1.5175509452819824,0.0141191752627491,0.0018810454057529,0.0014143553562462
mbjli503,pos_noproprio,5,5,120012800,1479.5325927734375,381.5712890625,16.996856689453125,0.435691773891449,1.5020225048065186,0.0134622016921639,0.0017664018087089,0.0012572049163281
mbjli503,pos_noproprio,5,5,130007040,1550.814208984375,395.4111328125,17.620243072509766,0.4306627511978149,1.4794853925704956,0.0124609917402267,0.0014188345521688,0.0010441171471029
mbjli503,pos_noproprio,5,5,140001280,1560.794677734375,398.9482421875,17.399738311767578,0.4249284267425537,1.4860754013061523,0.0128450812771916,0.00132680113893,0.0010037805186584
mbjli503,pos_noproprio,5,5,150077440,1619.188232421875,410.5537109375,17.55081558227539,0.416204035282135,1.4594874382019043,0.0120424181222915,0.0010193397756665,0.000814284896478
mbjli503,pos_noproprio,5,5,160071680,1626.554931640625,411.9541015625,17.791723251342773,0.4211638569831848,1.4799264669418335,0.0118493027985095,0.0009943706681951,0.0006980236503295
mbjli503,pos_noproprio,5,5,170065920,1628.974609375,410.7119140625,18.62565040588379,0.4129216969013214,1.4601311683654783,0.0119302934035658,0.0009910289663821,0.0007347160717472
mbjli503,pos_noproprio,5,5,180060160,1627.7568359375,410.8017578125,18.966602325439453,0.4094425141811371,1.4551973342895508,0.0119775217026472,0.0009919512085616,0.000697704788763
mbjli503,pos_noproprio,5,5,190054400,1664.8958740234375,416.9482421875,19.126264572143555,0.4042699635028839,1.4368211030960083,0.0110668521374464,0.0008410849841311,0.0005886261351406
mbjli503,pos_noproprio,5,5,200048640,1671.539306640625,417.1806640625,18.86859893798828,0.4018328487873077,1.436566710472107,0.0107516534626483,0.000831778277643,0.0005918231327086
mbjli503,pos_noproprio,5,5,210042880,1649.920166015625,412.005859375,19.20631217956543,0.3985032439231872,1.4230350255966189,0.0112921297550201,0.0009849085472524,0.0006446757470257
mbjli503,pos_noproprio,5,5,220037120,1638.177001953125,408.837890625,19.58601951599121,0.4046663045883178,1.415834903717041,0.0113532543182373,0.0010732589289546,0.0006155868759378
mbjli503,pos_noproprio,5,5,230031360,1672.91943359375,414.96484375,19.671253204345703,0.4001828134059906,1.4147568941116333,0.0108386259526014,0.0008571826620027,0.0005055705551058
mbjli503,pos_noproprio,5,5,240025600,1677.47265625,417.234375,19.84885597229004,0.3917289078235626,1.4214608669281006,0.0105387289077043,0.0008455080678686,0.000611336028669
mbjli503,pos_noproprio,5,5,250019840,1706.6251220703125,422.6767578125,20.13780212402344,0.3892422616481781,1.4125123023986816,0.0103919953107833,0.0007055385503917,0.0005157220875844
mbjli503,pos_noproprio,5,5,260014080,1707.3961181640625,422.693359375,19.97101783752441,0.3880045413970947,1.3975553512573242,0.0104571646079421,0.0006891288794577,0.000407199433539
mbjli503,pos_noproprio,5,5,270008320,1689.80859375,418.37890625,20.197492599487305,0.3896310925483703,1.3926470279693604,0.010528502985835,0.0007360525196418,0.0005265125655569
mbjli503,pos_noproprio,5,5,280002560,1667.7803955078125,413.869140625,20.12666702270508,0.3899939358234405,1.3966071605682373,0.0114201195538043,0.0008723754435777,0.0006473725079558
mbjli503,pos_noproprio,5,5,290078720,1709.4945068359375,421.8359375,20.18466567993164,0.3882313668727875,1.402662754058838,0.0101733189076185,0.0006745581049472,0.0004175110952928
mbjli503,pos_noproprio,5,5,300072960,1683.06982421875,416.671875,20.578697204589844,0.3831977844238281,1.394016981124878,0.010568082332611,0.0009137591114267,0.0005978522240184
mbjli503,pos_noproprio,5,5,310067200,1683.7100830078125,415.3740234375,20.52095413208008,0.3807359039783478,1.3943088054656982,0.0100655807182192,0.0009035870898514,0.0004940767539665
mbjli503,pos_noproprio,5,5,320061440,1714.7291259765625,420.7197265625,20.608604431152344,0.3786811828613281,1.393258810043335,0.0093805845826864,0.0007148722652345,0.0003656246117316
mbjli503,pos_noproprio,5,5,330055680,1698.57080078125,418.54296875,20.584152221679688,0.3819611668586731,1.3906984329223633,0.0103565491735935,0.0008055813959799,0.0004904253291897
mbjli503,pos_noproprio,5,5,340049920,1693.209228515625,417.1943359375,20.789554595947266,0.3803589642047882,1.381974697113037,0.0104662142693996,0.0008697544690221,0.0005399751244112
mbjli503,pos_noproprio,5,5,350044160,1734.2890625,425.7998046875,21.31854248046875,0.3761817216873169,1.381715178489685,0.0100174089893698,0.000565719383303,0.0003286102146375
mbjli503,pos_noproprio,5,5,360038400,1739.956298828125,426.546875,21.45560073852539,0.3727362751960754,1.3733437061309814,0.0098167806863784,0.0005976352840662,0.0003780449624173
mbjli503,pos_noproprio,5,5,370032640,1717.2098388671875,422.234375,21.018199920654297,0.3784175813198089,1.378467321395874,0.0099081937223672,0.000751563347876,0.0005100091802887
mbjli503,pos_noproprio,5,5,380026880,1708.674560546875,419.1337890625,21.29985809326172,0.3745864033699035,1.375558376312256,0.0097434408962726,0.000775460503064,0.0004731946683023
mbjli503,pos_noproprio,5,5,390021120,1735.3209228515625,424.9755859375,21.27530670166016,0.3725673854351043,1.3746237754821775,0.0098354266956448,0.0007050781277939,0.0004276804684195
mbjli503,pos_noproprio,5,5,400015360,1721.7491455078125,422.7509765625,21.28470802307129,0.3737502992153168,1.37908136844635,0.0100335646420717,0.0006829082267358,0.0004046186222694
mbjli503,pos_noproprio,5,5,410009600,1722.92626953125,422.080078125,21.342025756835938,0.3678482472896576,1.381414771080017,0.0098837157711386,0.0006955628050491,0.0003609166597016
mbjli503,pos_noproprio,5,5,420003840,1705.9691162109375,418.1513671875,21.435073852539062,0.3648624718189239,1.3714687824249268,0.0105293542146682,0.0007868009270168,0.0004125466221012
mbjli503,pos_noproprio,5,5,430080000,1729.194091796875,421.1201171875,21.72000503540039,0.3633091747760772,1.3619413375854492,0.0097458884119987,0.0007010659319348,0.000389865366742
mbjli503,pos_noproprio,5,5,440074240,1749.56787109375,426.69140625,21.525489807128903,0.3633840382099151,1.363783597946167,0.0097163161262869,0.0005532953655347,0.0003538350574672
mbjli503,pos_noproprio,5,5,450068480,1734.5003662109375,423.5205078125,21.42209815979004,0.3588642477989197,1.361186146736145,0.0099569642916321,0.0006304696435108,0.0003541483893059
mbjli503,pos_noproprio,5,5,460062720,1727.2431640625,421.7724609375,21.70547866821289,0.3625842928886413,1.3618152141571045,0.0099407471716403,0.0007231128402054,0.0003913943073712
mbjli503,pos_noproprio,5,5,470056960,1716.4866943359375,419.3603515625,21.666736602783203,0.3621492385864258,1.3735662698745728,0.010119673795998,0.0008699563331902,0.0005617615533992
mbjli503,pos_noproprio,5,5,480051200,1702.38671875,418.3271484375,22.007856369018555,0.3645183444023132,1.3694301843643188,0.0103752324357628,0.0008207877399399,0.0005035586073063
mbjli503,pos_noproprio,5,5,490045440,1746.539306640625,424.8505859375,21.68026733398437,0.3688579201698303,1.359511375427246,0.0097320638597011,0.0006343842251226,0.0004010723205283
mbjli503,pos_noproprio,5,5,500039680,1759.115478515625,426.7587890625,21.879262924194336,0.362654834985733,1.358090877532959,0.009446132928133,0.0006482739117927,0.0004273173981346
mbjli503,pos_noproprio,5,5,510033920,1737.5537109375,423.373046875,21.899600982666016,0.3590101897716522,1.3689255714416504,0.0094000827521085,0.0005969560006633,0.0003346969606354
mbjli503,pos_noproprio,5,5,520028160,1756.345947265625,425.92578125,21.99979782104492,0.3564315140247345,1.3553073406219482,0.0093773379921913,0.0005834575276821,0.0003600733471103
mbjli503,pos_noproprio,5,5,530022400,1752.581298828125,425.2021484375,22.45221328735352,0.3557251691818237,1.3570557832717896,0.0096011999994516,0.0006809621118009,0.000498623936437
mbjli503,pos_noproprio,5,5,540016640,1764.280517578125,427.5732421875,22.410057067871094,0.3534007370471954,1.3576719760894775,0.0090001113712787,0.0005583898164331,0.0003251744201406
mbjli503,pos_noproprio,5,5,550010880,1744.718017578125,423.3056640625,22.481969833374023,0.3495859503746032,1.3509867191314695,0.0097499378025531,0.000684555619955,0.000494050560519
mbjli503,pos_noproprio,5,5,560005120,1745.24755859375,424.8837890625,22.477745056152344,0.3532108962535858,1.3723876476287842,0.0094239031895995,0.0006517767324112,0.0004291880468372
mbjli503,pos_noproprio,5,5,570081280,1710.64404296875,417.6328125,22.340091705322266,0.3596846461296081,1.3643863201141355,0.0101744718849658,0.0008093628566712,0.0006409162888303
mbjli503,pos_noproprio,5,5,580075520,1735.7083740234375,421.7392578125,21.96322631835937,0.3634757101535797,1.3562029600143433,0.0095810014754533,0.0007483041845262,0.0005224443157203
mbjli503,pos_noproprio,5,5,590069760,1744.0325927734375,423.3427734375,22.05289077758789,0.3587624728679657,1.361093044281006,0.0095115713775157,0.0007365882629528,0.0005355789326131
mbjli503,pos_noproprio,5,5,600064000,1761.76904296875,427.77734375,22.34815216064453,0.3590094149112701,1.352764368057251,0.0096829924732446,0.0005362085648812,0.0003605203819461
3gw1ndwj,pos_noproprio,10,10,0,506.9659729003906,230.2626953125,3.214331150054932,0.8016818165779114,3.0473499298095703,0.0526903755962848,0.0102867446839809,0.0088419076055288
3gw1ndwj,pos_noproprio,10,10,10076160,675.9202270507812,226.2744140625,9.622326850891112,0.64693284034729,2.1807308197021484,0.0295399241149425,0.0077407071366906,0.0059843007475137
3gw1ndwj,pos_noproprio,10,10,20070400,788.0677490234375,257.0830078125,11.225242614746094,0.5648662447929382,1.9264874458312988,0.0283499509096145,0.0060542738065123,0.0049095065332949
3gw1ndwj,pos_noproprio,10,10,30064640,979.7649536132812,296.2841796875,11.69269561767578,0.5267781019210815,1.780388593673706,0.0231644865125417,0.0044781947508454,0.0036157993599772
3gw1ndwj,pos_noproprio,10,10,40058880,1184.0916748046875,338.9521484375,12.294882774353027,0.5014215707778931,1.6723029613494873,0.0193987786769866,0.0030953725799918,0.002408514264971
3gw1ndwj,pos_noproprio,10,10,50053120,1264.370361328125,348.74609375,12.568693161010742,0.4935362040996551,1.6073660850524902,0.0170654691755771,0.0027853704523295,0.0020379712805151
3gw1ndwj,pos_noproprio,10,10,60047360,1362.9356689453125,367.1787109375,13.480583190917969,0.478211909532547,1.5800981521606443,0.015504665672779,0.0022258136887103,0.0016647524898871
3gw1ndwj,pos_noproprio,10,10,70041600,1408.931884765625,374.294921875,14.218153953552246,0.4681391417980194,1.5582269430160522,0.0142143182456493,0.001996309030801,0.0014865002594888
3gw1ndwj,pos_noproprio,10,10,80035840,1419.662353515625,373.4765625,14.24797821044922,0.4647053182125091,1.556870460510254,0.0141376424580812,0.0021574452985078,0.0016367568168789
3gw1ndwj,pos_noproprio,10,10,90030080,1494.846923828125,388.6806640625,14.562787055969238,0.4505942463874817,1.527085542678833,0.0128838866949081,0.0015909208450466,0.0011638652067631
3gw1ndwj,pos_noproprio,10,10,100024320,1499.138916015625,388.2734375,14.99843406677246,0.4507732391357422,1.5218687057495115,0.0124998372048139,0.0016376005951315,0.0011553149670362
3gw1ndwj,pos_noproprio,10,10,110018560,1515.1868896484375,392.8232421875,15.168145179748535,0.4440310597419739,1.5242319107055664,0.0127317877486348,0.0015533100813627,0.0011087001767009
3gw1ndwj,pos_noproprio,10,10,120012800,1552.505859375,397.9404296875,15.07777214050293,0.4381613433361053,1.5013068914413452,0.0122291399165987,0.0013649417087435,0.0009627328254282
3gw1ndwj,pos_noproprio,10,10,130007040,1585.18408203125,403.27734375,15.83892059326172,0.4292634129524231,1.4797742366790771,0.0118684703484177,0.001204686705023,0.0008595651015639
3gw1ndwj,pos_noproprio,10,10,140001280,1565.067626953125,398.685546875,15.84873867034912,0.4332855641841888,1.4841798543930054,0.0117824859917163,0.0012775266077369,0.0008372748852707
3gw1ndwj,pos_noproprio,10,10,150077440,1597.8853759765625,404.150390625,16.052997589111328,0.4273221790790558,1.471545934677124,0.011293870396912,0.0011843043612316,0.0008178288117051
3gw1ndwj,pos_noproprio,10,10,160071680,1618.115234375,406.84375,16.762792587280273,0.4244961440563202,1.463752031326294,0.0116834193468093,0.0010728791821748,0.0006942045874893
3gw1ndwj,pos_noproprio,10,10,170065920,1647.98046875,412.3623046875,16.7547607421875,0.4138686954975128,1.452648639678955,0.0110956085845828,0.0009987337980419,0.0007309103384613
3gw1ndwj,pos_noproprio,10,10,180060160,1653.4779052734375,413.3427734375,16.8454647064209,0.4056352376937866,1.4423153400421145,0.0113578587770462,0.0010208874009549,0.0007659484399482
3gw1ndwj,pos_noproprio,10,10,190054400,1689.35791015625,419.9853515625,17.115890502929688,0.4043918550014496,1.4267091751098633,0.0108537841588258,0.0008213928667828,0.0006443712627515
3gw1ndwj,pos_noproprio,10,10,200048640,1698.5135498046875,421.4443359375,17.41132354736328,0.3985973596572876,1.4279900789260864,0.0108590964227914,0.000742663280107,0.0004926129477098
3gw1ndwj,pos_noproprio,10,10,210042880,1699.619873046875,421.9267578125,17.7960262298584,0.391327440738678,1.4271657466888428,0.0106492321938276,0.000693276990205,0.000462538213469
3gw1ndwj,pos_noproprio,10,10,220037120,1668.4581298828125,415.052734375,17.71999740600586,0.3854567408561706,1.4311180114746094,0.0105166183784604,0.0008518781978636,0.0005201146705076
3gw1ndwj,pos_noproprio,10,10,230031360,1700.312744140625,419.4091796875,18.109975814819336,0.3838643133640289,1.415128231048584,0.0101081803441047,0.0007955157198011,0.0005746442475356
3gw1ndwj,pos_noproprio,10,10,240025600,1691.17333984375,419.2177734375,18.115833282470703,0.3796877562999725,1.4129574298858645,0.0105883171781897,0.0007679210975766,0.0005463058478198
3gw1ndwj,pos_noproprio,10,10,250019840,1691.49365234375,419.24609375,18.058818817138672,0.3804719448089599,1.4117578268051147,0.0106503404676914,0.000799998641014,0.0005387310520745
3gw1ndwj,pos_noproprio,10,10,260014080,1694.052001953125,418.4072265625,18.52785873413086,0.3790557384490967,1.418759822845459,0.0102544911205768,0.0008300446206703,0.0005510200862772
3gw1ndwj,pos_noproprio,10,10,270008320,1688.77587890625,417.34375,18.40195846557617,0.3773869276046753,1.4189684391021729,0.010561591014266,0.0007984488038346,0.0005252324044704
3gw1ndwj,pos_noproprio,10,10,280002560,1713.1334228515625,420.3837890625,18.81229782104492,0.3701058030128479,1.390521764755249,0.010220656171441,0.0007725587347522,0.0005316716851666
3gw1ndwj,pos_noproprio,10,10,290078720,1714.38134765625,422.3212890625,19.165508270263672,0.3717020750045776,1.409955978393555,0.0101265618577599,0.0007288305787369,0.0005279377219267
3gw1ndwj,pos_noproprio,10,10,300072960,1726.79541015625,424.3125,18.70341110229492,0.3684427440166473,1.397435188293457,0.010003549978137,0.0006909267394803,0.0004954241449013
3gw1ndwj,pos_noproprio,10,10,310067200,1712.610107421875,419.5751953125,19.01841354370117,0.367367148399353,1.3899328708648682,0.0100362552329897,0.0007897759787738,0.0005542546277865
3gw1ndwj,pos_noproprio,10,10,320061440,1716.0733642578125,421.0126953125,19.20887565612793,0.3655007183551788,1.3817877769470217,0.0105881411582231,0.0007537546334788,0.0004896082682535
3gw1ndwj,pos_noproprio,10,10,330055680,1735.6075439453125,424.265625,19.074199676513672,0.3637586534023285,1.3809140920639038,0.0101785734295845,0.0007119353394955,0.0005180108128115
3gw1ndwj,pos_noproprio,10,10,340049920,1714.071533203125,420.8291015625,19.368757247924805,0.364574134349823,1.3818044662475586,0.0105811040848493,0.0008051197510212,0.0004890171112492
3gw1ndwj,pos_noproprio,10,10,350044160,1708.070556640625,419.1171875,19.30314064025879,0.3643099367618561,1.3933864831924438,0.0102668702602386,0.0007627215236425,0.0005958992987871
3gw1ndwj,pos_noproprio,10,10,360038400,1716.786376953125,417.9365234375,19.438289642333984,0.3613970577716827,1.3650004863739014,0.0098715061321854,0.0008968439069576,0.0005514969234354
3gw1ndwj,pos_noproprio,10,10,370032640,1736.137939453125,422.1943359375,19.594955444335938,0.3598280251026153,1.364875316619873,0.0098991282284259,0.0007609032327309,0.0005217199795879
3gw1ndwj,pos_noproprio,10,10,380026880,1722.4893798828125,421.904296875,19.52967643737793,0.3592690825462341,1.3780001401901243,0.010122874751687,0.0007461698260158,0.0006234395550563
3gw1ndwj,pos_noproprio,10,10,390021120,1740.4832763671875,424.3447265625,19.75910377502441,0.3621133267879486,1.363718032836914,0.0100936396047472,0.000692302826792,0.0004429572436492
3gw1ndwj,pos_noproprio,10,10,400015360,1733.023193359375,421.65234375,19.99601173400879,0.3547386527061462,1.3714425563812256,0.0097400229424238,0.0007505230023525,0.0005002108518965
3gw1ndwj,pos_noproprio,10,10,410009600,1704.987060546875,416.6181640625,19.66950035095215,0.3577319681644439,1.362015724182129,0.0103685036301612,0.0009419595007784,0.0006759762763977
3gw1ndwj,pos_noproprio,10,10,420003840,1726.303466796875,421.3271484375,19.6943302154541,0.3596386313438415,1.376544713973999,0.0099022407084703,0.0007797551224939,0.0006161101628094
3gw1ndwj,pos_noproprio,10,10,430080000,1709.06298828125,417.3935546875,19.887863159179688,0.3619638681411743,1.3730318546295166,0.0097365295514464,0.0008888841839507,0.0005129110068082
3gw1ndwj,pos_noproprio,10,10,440074240,1726.582275390625,419.419921875,19.877168655395508,0.3625814020633697,1.362336277961731,0.0100782103836536,0.0008625069167464,0.0006226524710655
3gw1ndwj,pos_noproprio,10,10,450068480,1672.8707275390625,408.3408203125,20.096343994140625,0.3569556176662445,1.3738467693328855,0.0105598485097289,0.0011350584682077,0.0007287645130418
3gw1ndwj,pos_noproprio,10,10,460062720,1716.309814453125,416.236328125,20.138134002685547,0.3525699377059936,1.361956238746643,0.0103161856532096,0.0009849095949903,0.0006711418973281
3gw1ndwj,pos_noproprio,10,10,470056960,1718.613525390625,418.9072265625,20.42078399658203,0.3542141914367676,1.370838642120361,0.0104052238166332,0.0008417042554356,0.0006024263566359
3gw1ndwj,pos_noproprio,10,10,480051200,1686.52001953125,410.666015625,20.524755477905277,0.3523801565170288,1.370158553123474,0.0102131199091672,0.0010814114939421,0.0007189706666395
3gw1ndwj,pos_noproprio,10,10,490045440,1691.3486328125,411.384765625,20.61928939819336,0.3502165675163269,1.3695889711380005,0.0102446265518665,0.0011447862489148,0.0008355369209311
3gw1ndwj,pos_noproprio,10,10,500039680,1715.67138671875,415.5205078125,20.47958374023437,0.3513377606868744,1.362008571624756,0.0097371879965066,0.0009340195101685,0.0005889182211831
3gw1ndwj,pos_noproprio,10,10,510033920,1732.1107177734375,420.8212890625,20.696727752685547,0.3477489948272705,1.363688588142395,0.0096686771139502,0.000720739190001,0.0004576385545078
3gw1ndwj,pos_noproprio,10,10,520028160,1707.100341796875,415.8154296875,20.30379867553711,0.3477659821510315,1.3627887964248655,0.0101004606112837,0.000903905602172,0.00054535001982
3gw1ndwj,pos_noproprio,10,10,530022400,1722.1182861328125,418.5888671875,20.48763656616211,0.3476791679859161,1.3592031002044678,0.0105132702738046,0.0009460765868425,0.0006100300233811
3gw1ndwj,pos_noproprio,10,10,540016640,1701.917236328125,412.5576171875,20.8516845703125,0.3489018380641937,1.375860571861267,0.0102059971541166,0.0010825067292898,0.0007894272566772
3gw1ndwj,pos_noproprio,10,10,550010880,1706.875,413.5537109375,20.89100456237793,0.3494020700454712,1.364201307296753,0.0096642980352044,0.0010613230988383,0.0007807729998603
3gw1ndwj,pos_noproprio,10,10,560005120,1705.390869140625,414.5859375,20.8714599609375,0.3462235331535339,1.369193434715271,0.0099750589579343,0.0009668149868957,0.0005566165782511
3gw1ndwj,pos_noproprio,10,10,570081280,1697.5224609375,413.9765625,20.50473022460937,0.3492926657199859,1.361329197883606,0.0103277396410703,0.0009412700892426,0.0005379639333114
3gw1ndwj,pos_noproprio,10,10,580075520,1736.722412109375,420.5126953125,20.612571716308597,0.3450457453727722,1.360141038894653,0.0096684182062745,0.0008001456153579,0.000611366238445
3gw1ndwj,pos_noproprio,10,10,590069760,1723.5166015625,417.7041015625,20.64251518249512,0.346965342760086,1.3563015460968018,0.009813766926527,0.0008596115512773,0.0005766222020611
3gw1ndwj,pos_noproprio,10,10,600064000,1687.173583984375,412.5107421875,20.511547088623047,0.3522789180278778,1.3785643577575684,0.0103051196783781,0.0009504101471975,0.0005978675326332
zjuovm3u,prev_pos_efference,0,0,0,318.867431640625,171.353515625,,,,,,
zjuovm3u,prev_pos_efference,0,0,10076160,874.1177978515625,273.416015625,,,,,,
zjuovm3u,prev_pos_efference,0,0,20070400,1247.3963623046875,342.2861328125,,,,,,
zjuovm3u,prev_pos_efference,0,0,30064640,1411.435302734375,362.9462890625,,,,,,
zjuovm3u,prev_pos_efference,0,0,40058880,1528.17431640625,381.7666015625,,,,,,
zjuovm3u,prev_pos_efference,0,0,50053120,1648.607177734375,407.68359375,,,,,,
zjuovm3u,prev_pos_efference,0,0,60047360,1682.24560546875,411.4248046875,,,,,,
zjuovm3u,prev_pos_efference,0,0,70041600,1732.7174072265625,418.2412109375,,,,,,
zjuovm3u,prev_pos_efference,0,0,80035840,1739.6490478515625,417.6748046875,,,,,,
zjuovm3u,prev_pos_efference,0,0,90030080,1782.5595703125,426.017578125,,,,,,
zjuovm3u,prev_pos_efference,0,0,100024320,1789.2353515625,425.765625,,,,,,
zjuovm3u,prev_pos_efference,0,0,110018560,1823.6065673828125,432.310546875,,,,,,
zjuovm3u,prev_pos_efference,0,0,120012800,1818.177734375,430.271484375,,,,,,
zjuovm3u,prev_pos_efference,0,0,130007040,1834.0814208984373,433.17578125,,,,,,
zjuovm3u,prev_pos_efference,0,0,140001280,1860.23779296875,437.08984375,,,,,,
zjuovm3u,prev_pos_efference,0,0,150077440,1847.2509765625,433.2197265625,,,,,,
zjuovm3u,prev_pos_efference,0,0,160071680,1859.803466796875,435.560546875,,,,,,
zjuovm3u,prev_pos_efference,0,0,170065920,1875.50146484375,438.1484375,,,,,,
zjuovm3u,prev_pos_efference,0,0,180060160,1860.189697265625,434.439453125,,,,,,
zjuovm3u,prev_pos_efference,0,0,190054400,1875.1104736328125,436.419921875,,,,,,
zjuovm3u,prev_pos_efference,0,0,200048640,1895.520263671875,440.205078125,,,,,,
zjuovm3u,prev_pos_efference,0,0,210042880,1889.453369140625,438.173828125,,,,,,
zjuovm3u,prev_pos_efference,0,0,220037120,1888.378662109375,437.2333984375,,,,,,
zjuovm3u,prev_pos_efference,0,0,230031360,1903.160400390625,440.11328125,,,,,,
zjuovm3u,prev_pos_efference,0,0,240025600,1902.300048828125,439.51171875,,,,,,
zjuovm3u,prev_pos_efference,0,0,250019840,1905.29541015625,439.9521484375,,,,,,
zjuovm3u,prev_pos_efference,0,0,260014080,1907.076171875,440.0126953125,,,,,,
zjuovm3u,prev_pos_efference,0,0,270008320,1901.1884765625,438.185546875,,,,,,
zjuovm3u,prev_pos_efference,0,0,280002560,1902.1761474609373,438.0712890625,,,,,,
zjuovm3u,prev_pos_efference,0,0,290078720,1914.135986328125,440.8193359375,,,,,,
zjuovm3u,prev_pos_efference,0,0,300072960,1923.160888671875,442.0166015625,,,,,,
zjuovm3u,prev_pos_efference,0,0,310067200,1914.780029296875,440.314453125,,,,,,
zjuovm3u,prev_pos_efference,0,0,320061440,1928.305419921875,442.8076171875,,,,,,
zjuovm3u,prev_pos_efference,0,0,330055680,1927.0230712890625,442.2705078125,,,,,,
zjuovm3u,prev_pos_efference,0,0,340049920,1938.3504638671875,444.220703125,,,,,,
zjuovm3u,prev_pos_efference,0,0,350044160,1929.6107177734373,442.419921875,,,,,,
zjuovm3u,prev_pos_efference,0,0,360038400,1929.17822265625,441.5185546875,,,,,,
zjuovm3u,prev_pos_efference,0,0,370032640,1931.5045166015625,442.294921875,,,,,,
zjuovm3u,prev_pos_efference,0,0,380026880,1934.48291015625,443.4296875,,,,,,
zjuovm3u,prev_pos_efference,0,0,390021120,1942.90673828125,444.5283203125,,,,,,
zjuovm3u,prev_pos_efference,0,0,400015360,1938.928466796875,443.669921875,,,,,,
zjuovm3u,prev_pos_efference,0,0,410009600,1934.783935546875,442.4365234375,,,,,,
zjuovm3u,prev_pos_efference,0,0,420003840,1940.12109375,443.2509765625,,,,,,
zjuovm3u,prev_pos_efference,0,0,430080000,1940.603271484375,443.25,,,,,,
zjuovm3u,prev_pos_efference,0,0,440074240,1950.68017578125,445.2939453125,,,,,,
zjuovm3u,prev_pos_efference,0,0,450068480,1952.875244140625,445.4716796875,,,,,,
zjuovm3u,prev_pos_efference,0,0,460062720,1947.950439453125,444.2705078125,,,,,,
zjuovm3u,prev_pos_efference,0,0,470056960,1950.3017578125,444.576171875,,,,,,
zjuovm3u,prev_pos_efference,0,0,480051200,1948.37890625,443.9814453125,,,,,,
zjuovm3u,prev_pos_efference,0,0,490045440,1957.072265625,445.69921875,,,,,,
zjuovm3u,prev_pos_efference,0,0,500039680,1953.0008544921875,445.078125,,,,,,
zjuovm3u,prev_pos_efference,0,0,510033920,1954.53076171875,445.2236328125,,,,,,
zjuovm3u,prev_pos_efference,0,0,520028160,1948.08447265625,443.958984375,,,,,,
zjuovm3u,prev_pos_efference,0,0,530022400,1951.39453125,444.0009765625,,,,,,
zjuovm3u,prev_pos_efference,0,0,540016640,1956.48388671875,445.205078125,,,,,,
zjuovm3u,prev_pos_efference,0,0,550010880,1954.47021484375,444.1611328125,,,,,,
zjuovm3u,prev_pos_efference,0,0,560005120,1949.55078125,443.25,,,,,,
zjuovm3u,prev_pos_efference,0,0,570081280,1953.445556640625,443.9755859375,,,,,,
zjuovm3u,prev_pos_efference,0,0,580075520,1959.5018310546875,445.2939453125,,,,,,
zjuovm3u,prev_pos_efference,0,0,590069760,1959.818359375,445.3408203125,,,,,,
zjuovm3u,prev_pos_efference,0,0,600064000,1958.0142822265625,444.796875,,,,,,
trd8wxes,prev_pos_efference,2,2,0,340.2123107910156,182.4453125,,,,,,
trd8wxes,prev_pos_efference,2,2,10076160,774.4615478515625,248.4755859375,,,,,,
trd8wxes,prev_pos_efference,2,2,20070400,1014.2247314453124,290.7666015625,,,,,,
trd8wxes,prev_pos_efference,2,2,30064640,1331.317138671875,352.6533203125,,,,,,
trd8wxes,prev_pos_efference,2,2,40058880,1479.9652099609375,382.2998046875,,,,,,
trd8wxes,prev_pos_efference,2,2,50053120,1566.726318359375,396.9267578125,,,,,,
trd8wxes,prev_pos_efference,2,2,60047360,1641.5830078125,410.943359375,,,,,,
trd8wxes,prev_pos_efference,2,2,70041600,1676.00634765625,415.5322265625,,,,,,
trd8wxes,prev_pos_efference,2,2,80035840,1682.056640625,412.3349609375,,,,,,
trd8wxes,prev_pos_efference,2,2,90030080,1739.858154296875,422.798828125,,,,,,
trd8wxes,prev_pos_efference,2,2,100024320,1756.3671875,424.4130859375,,,,,,
trd8wxes,prev_pos_efference,2,2,110018560,1762.795166015625,423.5595703125,,,,,,
trd8wxes,prev_pos_efference,2,2,120012800,1775.67626953125,425.2783203125,,,,,,
trd8wxes,prev_pos_efference,2,2,130007040,1771.8780517578125,422.9560546875,,,,,,
trd8wxes,prev_pos_efference,2,2,140001280,1792.3486328125,427.724609375,,,,,,
trd8wxes,prev_pos_efference,2,2,150077440,1800.5316162109375,427.80078125,,,,,,
trd8wxes,prev_pos_efference,2,2,160071680,1806.5,428.8203125,,,,,,
trd8wxes,prev_pos_efference,2,2,170065920,1821.6558837890625,430.7529296875,,,,,,
trd8wxes,prev_pos_efference,2,2,180060160,1829.2052001953125,432.2783203125,,,,,,
trd8wxes,prev_pos_efference,2,2,190054400,1839.1181640625,433.4541015625,,,,,,
trd8wxes,prev_pos_efference,2,2,200048640,1836.573486328125,432.1767578125,,,,,,
trd8wxes,prev_pos_efference,2,2,210042880,1823.088134765625,428.17578125,,,,,,
trd8wxes,prev_pos_efference,2,2,220037120,1845.774658203125,433.666015625,,,,,,
trd8wxes,prev_pos_efference,2,2,230031360,1830.12353515625,429.986328125,,,,,,
trd8wxes,prev_pos_efference,2,2,240025600,1861.1864013671875,436.09765625,,,,,,
trd8wxes,prev_pos_efference,2,2,250019840,1865.487548828125,435.5771484375,,,,,,
trd8wxes,prev_pos_efference,2,2,260014080,1865.43798828125,435.794921875,,,,,,
trd8wxes,prev_pos_efference,2,2,270008320,1873.48828125,436.666015625,,,,,,
trd8wxes,prev_pos_efference,2,2,280002560,1875.296630859375,436.4736328125,,,,,,
trd8wxes,prev_pos_efference,2,2,290078720,1855.288330078125,432.0,,,,,,
trd8wxes,prev_pos_efference,2,2,300072960,1872.55322265625,435.767578125,,,,,,
trd8wxes,prev_pos_efference,2,2,310067200,1880.79150390625,437.5537109375,,,,,,
trd8wxes,prev_pos_efference,2,2,320061440,1862.3818359375,433.123046875,,,,,,
trd8wxes,prev_pos_efference,2,2,330055680,1893.647705078125,439.5908203125,,,,,,
trd8wxes,prev_pos_efference,2,2,340049920,1887.743896484375,437.7041015625,,,,,,
trd8wxes,prev_pos_efference,2,2,350044160,1898.745849609375,439.84765625,,,,,,
trd8wxes,prev_pos_efference,2,2,360038400,1899.504638671875,440.0380859375,,,,,,
trd8wxes,prev_pos_efference,2,2,370032640,1904.21826171875,440.3017578125,,,,,,
trd8wxes,prev_pos_efference,2,2,380026880,1896.800537109375,439.611328125,,,,,,
trd8wxes,prev_pos_efference,2,2,390021120,1892.61669921875,438.076171875,,,,,,
trd8wxes,prev_pos_efference,2,2,400015360,1907.82080078125,441.107421875,,,,,,
trd8wxes,prev_pos_efference,2,2,410009600,1915.7991943359373,442.3115234375,,,,,,
trd8wxes,prev_pos_efference,2,2,420003840,1906.5736083984373,440.3828125,,,,,,
trd8wxes,prev_pos_efference,2,2,430080000,1911.185791015625,440.9697265625,,,,,,
trd8wxes,prev_pos_efference,2,2,440074240,1901.29638671875,439.4970703125,,,,,,
trd8wxes,prev_pos_efference,2,2,450068480,1911.693115234375,441.921875,,,,,,
trd8wxes,prev_pos_efference,2,2,460062720,1916.587158203125,441.6884765625,,,,,,
trd8wxes,prev_pos_efference,2,2,470056960,1914.30126953125,441.38671875,,,,,,
trd8wxes,prev_pos_efference,2,2,480051200,1919.3243408203125,441.92578125,,,,,,
trd8wxes,prev_pos_efference,2,2,490045440,1922.174072265625,442.662109375,,,,,,
trd8wxes,prev_pos_efference,2,2,500039680,1925.006591796875,442.76171875,,,,,,
trd8wxes,prev_pos_efference,2,2,510033920,1931.989013671875,444.173828125,,,,,,
trd8wxes,prev_pos_efference,2,2,520028160,1923.32177734375,442.533203125,,,,,,
trd8wxes,prev_pos_efference,2,2,530022400,1921.099853515625,441.48828125,,,,,,
trd8wxes,prev_pos_efference,2,2,540016640,1917.162109375,440.2646484375,,,,,,
trd8wxes,prev_pos_efference,2,2,550010880,1906.37890625,437.6875,,,,,,
trd8wxes,prev_pos_efference,2,2,560005120,1932.39208984375,442.6396484375,,,,,,
trd8wxes,prev_pos_efference,2,2,570081280,1929.558837890625,442.4306640625,,,,,,
trd8wxes,prev_pos_efference,2,2,580075520,1926.5166015625,441.89453125,,,,,,
trd8wxes,prev_pos_efference,2,2,590069760,1933.3258056640625,443.3740234375,,,,,,
trd8wxes,prev_pos_efference,2,2,600064000,1928.8905029296875,441.7138671875,,,,,,
vqs4c6f6,prev_pos_efference,3,3,0,341.74090576171875,183.837890625,,,,,,
vqs4c6f6,prev_pos_efference,3,3,10076160,756.224853515625,241.0634765625,,,,,,
vqs4c6f6,prev_pos_efference,3,3,20070400,956.2579956054688,284.947265625,,,,,,
vqs4c6f6,prev_pos_efference,3,3,30064640,1280.10546875,345.521484375,,,,,,
vqs4c6f6,prev_pos_efference,3,3,40058880,1431.41455078125,373.5087890625,,,,,,
vqs4c6f6,prev_pos_efference,3,3,50053120,1509.31591796875,387.203125,,,,,,
vqs4c6f6,prev_pos_efference,3,3,60047360,1589.422607421875,401.4150390625,,,,,,
vqs4c6f6,prev_pos_efference,3,3,70041600,1650.884521484375,411.6875,,,,,,
vqs4c6f6,prev_pos_efference,3,3,80035840,1645.628662109375,406.91015625,,,,,,
vqs4c6f6,prev_pos_efference,3,3,90030080,1679.1331787109375,412.009765625,,,,,,
vqs4c6f6,prev_pos_efference,3,3,100024320,1683.5205078125,409.759765625,,,,,,
vqs4c6f6,prev_pos_efference,3,3,110018560,1740.454833984375,422.38671875,,,,,,
vqs4c6f6,prev_pos_efference,3,3,120012800,1785.295166015625,430.3466796875,,,,,,
vqs4c6f6,prev_pos_efference,3,3,130007040,1762.14306640625,424.18359375,,,,,,
vqs4c6f6,prev_pos_efference,3,3,140001280,1775.497314453125,425.3505859375,,,,,,
vqs4c6f6,prev_pos_efference,3,3,150077440,1800.385009765625,430.3603515625,,,,,,
vqs4c6f6,prev_pos_efference,3,3,160071680,1785.728515625,424.849609375,,,,,,
vqs4c6f6,prev_pos_efference,3,3,170065920,1807.5269775390625,429.603515625,,,,,,
vqs4c6f6,prev_pos_efference,3,3,180060160,1795.075439453125,426.2578125,,,,,,
vqs4c6f6,prev_pos_efference,3,3,190054400,1828.912109375,433.1240234375,,,,,,
vqs4c6f6,prev_pos_efference,3,3,200048640,1828.589599609375,432.0068359375,,,,,,
vqs4c6f6,prev_pos_efference,3,3,210042880,1808.11865234375,427.2177734375,,,,,,
vqs4c6f6,prev_pos_efference,3,3,220037120,1828.98193359375,431.8798828125,,,,,,
vqs4c6f6,prev_pos_efference,3,3,230031360,1821.89501953125,428.546875,,,,,,
vqs4c6f6,prev_pos_efference,3,3,240025600,1824.751953125,429.3759765625,,,,,,
vqs4c6f6,prev_pos_efference,3,3,250019840,1836.29736328125,431.8994140625,,,,,,
vqs4c6f6,prev_pos_efference,3,3,260014080,1856.81005859375,435.9951171875,,,,,,
vqs4c6f6,prev_pos_efference,3,3,270008320,1864.12109375,437.3056640625,,,,,,
vqs4c6f6,prev_pos_efference,3,3,280002560,1856.579345703125,434.4580078125,,,,,,
vqs4c6f6,prev_pos_efference,3,3,290078720,1866.399169921875,435.82421875,,,,,,
vqs4c6f6,prev_pos_efference,3,3,300072960,1877.95849609375,438.35546875,,,,,,
vqs4c6f6,prev_pos_efference,3,3,310067200,1870.300048828125,436.505859375,,,,,,
vqs4c6f6,prev_pos_efference,3,3,320061440,1868.4014892578125,436.533203125,,,,,,
vqs4c6f6,prev_pos_efference,3,3,330055680,1865.91015625,435.9658203125,,,,,,
vqs4c6f6,prev_pos_efference,3,3,340049920,1873.4058837890625,436.2861328125,,,,,,
vqs4c6f6,prev_pos_efference,3,3,350044160,1884.4620361328125,437.822265625,,,,,,
vqs4c6f6,prev_pos_efference,3,3,360038400,1873.284912109375,435.9228515625,,,,,,
vqs4c6f6,prev_pos_efference,3,3,370032640,1890.5833740234373,438.73828125,,,,,,
vqs4c6f6,prev_pos_efference,3,3,380026880,1886.27783203125,438.123046875,,,,,,
vqs4c6f6,prev_pos_efference,3,3,390021120,1882.3543701171875,436.9384765625,,,,,,
vqs4c6f6,prev_pos_efference,3,3,400015360,1899.7890625,439.921875,,,,,,
vqs4c6f6,prev_pos_efference,3,3,410009600,1896.178466796875,439.5419921875,,,,,,
vqs4c6f6,prev_pos_efference,3,3,420003840,1900.147216796875,439.8837890625,,,,,,
vqs4c6f6,prev_pos_efference,3,3,430080000,1889.100830078125,437.7763671875,,,,,,
vqs4c6f6,prev_pos_efference,3,3,440074240,1898.083740234375,439.375,,,,,,
vqs4c6f6,prev_pos_efference,3,3,450068480,1907.146240234375,441.4111328125,,,,,,
vqs4c6f6,prev_pos_efference,3,3,460062720,1900.8760986328125,439.728515625,,,,,,
vqs4c6f6,prev_pos_efference,3,3,470056960,1908.21875,441.2041015625,,,,,,
vqs4c6f6,prev_pos_efference,3,3,480051200,1914.9068603515625,442.0947265625,,,,,,
vqs4c6f6,prev_pos_efference,3,3,490045440,1906.7667236328125,440.4306640625,,,,,,
vqs4c6f6,prev_pos_efference,3,3,500039680,1910.7484130859373,441.169921875,,,,,,
vqs4c6f6,prev_pos_efference,3,3,510033920,1917.875244140625,442.8330078125,,,,,,
vqs4c6f6,prev_pos_efference,3,3,520028160,1917.363037109375,441.9599609375,,,,,,
vqs4c6f6,prev_pos_efference,3,3,530022400,1917.6844482421875,441.6875,,,,,,
vqs4c6f6,prev_pos_efference,3,3,540016640,1923.72900390625,443.005859375,,,,,,
vqs4c6f6,prev_pos_efference,3,3,550010880,1916.440673828125,441.9609375,,,,,,
vqs4c6f6,prev_pos_efference,3,3,560005120,1922.2841796875,442.734375,,,,,,
vqs4c6f6,prev_pos_efference,3,3,570081280,1929.016845703125,444.142578125,,,,,,
vqs4c6f6,prev_pos_efference,3,3,580075520,1926.21484375,443.4580078125,,,,,,
vqs4c6f6,prev_pos_efference,3,3,590069760,1920.647705078125,442.0703125,,,,,,
vqs4c6f6,prev_pos_efference,3,3,600064000,1918.1328125,442.126953125,,,,,,
wl9tuybw,prev_pos_efference,4,4,0,350.7169189453125,188.4189453125,,,,,,
wl9tuybw,prev_pos_efference,4,4,10076160,782.9349365234375,252.6376953125,,,,,,
wl9tuybw,prev_pos_efference,4,4,20070400,925.306884765625,271.55859375,,,,,,
wl9tuybw,prev_pos_efference,4,4,30064640,1265.3038330078125,343.203125,,,,,,
wl9tuybw,prev_pos_efference,4,4,40058880,1364.9013671875,356.216796875,,,,,,
wl9tuybw,prev_pos_efference,4,4,50053120,1507.8992919921875,386.349609375,,,,,,
wl9tuybw,prev_pos_efference,4,4,60047360,1577.715576171875,395.7998046875,,,,,,
wl9tuybw,prev_pos_efference,4,4,70041600,1631.4503173828125,407.1826171875,,,,,,
wl9tuybw,prev_pos_efference,4,4,80035840,1652.1510009765625,410.0263671875,,,,,,
wl9tuybw,prev_pos_efference,4,4,90030080,1677.760986328125,413.958984375,,,,,,
wl9tuybw,prev_pos_efference,4,4,100024320,1694.9892578125,413.3251953125,,,,,,
wl9tuybw,prev_pos_efference,4,4,110018560,1721.108642578125,418.5380859375,,,,,,
wl9tuybw,prev_pos_efference,4,4,120012800,1715.759765625,415.81640625,,,,,,
wl9tuybw,prev_pos_efference,4,4,130007040,1755.1749267578125,423.4072265625,,,,,,
wl9tuybw,prev_pos_efference,4,4,140001280,1771.3673095703125,425.2099609375,,,,,,
wl9tuybw,prev_pos_efference,4,4,150077440,1776.5654296875,425.8330078125,,,,,,
wl9tuybw,prev_pos_efference,4,4,160071680,1789.2041015625,427.060546875,,,,,,
wl9tuybw,prev_pos_efference,4,4,170065920,1789.593994140625,425.677734375,,,,,,
wl9tuybw,prev_pos_efference,4,4,180060160,1789.627685546875,426.875,,,,,,
wl9tuybw,prev_pos_efference,4,4,190054400,1819.5615234375,431.1484375,,,,,,
wl9tuybw,prev_pos_efference,4,4,200048640,1817.287841796875,430.1279296875,,,,,,
wl9tuybw,prev_pos_efference,4,4,210042880,1818.8612060546875,430.0234375,,,,,,
wl9tuybw,prev_pos_efference,4,4,220037120,1819.98291015625,430.5439453125,,,,,,
wl9tuybw,prev_pos_efference,4,4,230031360,1827.44091796875,432.1513671875,,,,,,
wl9tuybw,prev_pos_efference,4,4,240025600,1841.46142578125,434.564453125,,,,,,
wl9tuybw,prev_pos_efference,4,4,250019840,1850.1912841796875,436.8642578125,,,,,,
wl9tuybw,prev_pos_efference,4,4,260014080,1837.963623046875,432.7421875,,,,,,
wl9tuybw,prev_pos_efference,4,4,270008320,1871.551513671875,440.2783203125,,,,,,
wl9tuybw,prev_pos_efference,4,4,280002560,1864.856201171875,437.994140625,,,,,,
wl9tuybw,prev_pos_efference,4,4,290078720,1878.869873046875,440.373046875,,,,,,
wl9tuybw,prev_pos_efference,4,4,300072960,1851.713134765625,434.3076171875,,,,,,
wl9tuybw,prev_pos_efference,4,4,310067200,1879.48974609375,440.1630859375,,,,,,
wl9tuybw,prev_pos_efference,4,4,320061440,1881.5599365234373,439.93359375,,,,,,
wl9tuybw,prev_pos_efference,4,4,330055680,1880.173095703125,439.4462890625,,,,,,
wl9tuybw,prev_pos_efference,4,4,340049920,1883.0054931640625,439.748046875,,,,,,
wl9tuybw,prev_pos_efference,4,4,350044160,1883.70703125,439.6865234375,,,,,,
wl9tuybw,prev_pos_efference,4,4,360038400,1892.4090576171875,441.41796875,,,,,,
wl9tuybw,prev_pos_efference,4,4,370032640,1896.22119140625,441.583984375,,,,,,
wl9tuybw,prev_pos_efference,4,4,380026880,1887.4190673828125,439.11328125,,,,,,
wl9tuybw,prev_pos_efference,4,4,390021120,1888.798095703125,439.228515625,,,,,,
wl9tuybw,prev_pos_efference,4,4,400015360,1886.131591796875,438.984375,,,,,,
wl9tuybw,prev_pos_efference,4,4,410009600,1889.545654296875,439.6884765625,,,,,,
wl9tuybw,prev_pos_efference,4,4,420003840,1900.174560546875,441.5791015625,,,,,,
wl9tuybw,prev_pos_efference,4,4,430080000,1894.4459228515625,440.2587890625,,,,,,
wl9tuybw,prev_pos_efference,4,4,440074240,1901.4508056640625,441.552734375,,,,,,
wl9tuybw,prev_pos_efference,4,4,450068480,1908.8507080078125,442.2802734375,,,,,,
wl9tuybw,prev_pos_efference,4,4,460062720,1906.233154296875,442.2861328125,,,,,,
wl9tuybw,prev_pos_efference,4,4,470056960,1898.3792724609373,440.73828125,,,,,,
wl9tuybw,prev_pos_efference,4,4,480051200,1894.6865234375,439.080078125,,,,,,
wl9tuybw,prev_pos_efference,4,4,490045440,1913.35498046875,442.4970703125,,,,,,
wl9tuybw,prev_pos_efference,4,4,500039680,1917.31787109375,443.521484375,,,,,,
wl9tuybw,prev_pos_efference,4,4,510033920,1921.490966796875,444.0908203125,,,,,,
wl9tuybw,prev_pos_efference,4,4,520028160,1913.39208984375,442.0771484375,,,,,,
wl9tuybw,prev_pos_efference,4,4,530022400,1918.801513671875,443.6953125,,,,,,
wl9tuybw,prev_pos_efference,4,4,540016640,1914.0859375,442.513671875,,,,,,
wl9tuybw,prev_pos_efference,4,4,550010880,1900.146484375,439.7265625,,,,,,
wl9tuybw,prev_pos_efference,4,4,560005120,1907.5372314453125,440.919921875,,,,,,
wl9tuybw,prev_pos_efference,4,4,570081280,1916.898681640625,442.8916015625,,,,,,
wl9tuybw,prev_pos_efference,4,4,580075520,1918.68310546875,442.865234375,,,,,,
wl9tuybw,prev_pos_efference,4,4,590069760,1918.18603515625,442.6181640625,,,,,,
wl9tuybw,prev_pos_efference,4,4,600064000,1920.2366943359373,443.4521484375,,,,,,
2ecbceb0,prev_pos_efference,5,5,0,351.4784545898437,189.3544921875,,,,,,
2ecbceb0,prev_pos_efference,5,5,10076160,764.0328369140625,249.0908203125,,,,,,
2ecbceb0,prev_pos_efference,5,5,20070400,907.0233154296876,264.2353515625,,,,,,
2ecbceb0,prev_pos_efference,5,5,30064640,1163.7288818359375,315.3740234375,,,,,,
2ecbceb0,prev_pos_efference,5,5,40058880,1379.765869140625,364.224609375,,,,,,
2ecbceb0,prev_pos_efference,5,5,50053120,1477.7811279296875,380.5927734375,,,,,,
2ecbceb0,prev_pos_efference,5,5,60047360,1521.989990234375,383.0751953125,,,,,,
2ecbceb0,prev_pos_efference,5,5,70041600,1550.5347900390625,387.9814453125,,,,,,
2ecbceb0,prev_pos_efference,5,5,80035840,1607.809814453125,399.046875,,,,,,
2ecbceb0,prev_pos_efference,5,5,90030080,1622.453125,400.916015625,,,,,,
2ecbceb0,prev_pos_efference,5,5,100024320,1640.7734375,402.9384765625,,,,,,
2ecbceb0,prev_pos_efference,5,5,110018560,1709.236572265625,415.587890625,,,,,,
2ecbceb0,prev_pos_efference,5,5,120012800,1695.15576171875,412.5537109375,,,,,,
2ecbceb0,prev_pos_efference,5,5,130007040,1746.2041015625,421.5771484375,,,,,,
2ecbceb0,prev_pos_efference,5,5,140001280,1747.35400390625,420.1943359375,,,,,,
2ecbceb0,prev_pos_efference,5,5,150077440,1755.67333984375,421.2998046875,,,,,,
2ecbceb0,prev_pos_efference,5,5,160071680,1767.31982421875,424.2802734375,,,,,,
2ecbceb0,prev_pos_efference,5,5,170065920,1785.9658203125,426.25390625,,,,,,
2ecbceb0,prev_pos_efference,5,5,180060160,1788.74951171875,426.900390625,,,,,,
2ecbceb0,prev_pos_efference,5,5,190054400,1787.6416015625,426.5244140625,,,,,,
2ecbceb0,prev_pos_efference,5,5,200048640,1807.989501953125,429.1162109375,,,,,,
2ecbceb0,prev_pos_efference,5,5,210042880,1796.86865234375,426.1474609375,,,,,,
2ecbceb0,prev_pos_efference,5,5,220037120,1829.0567626953125,433.4140625,,,,,,
2ecbceb0,prev_pos_efference,5,5,230031360,1829.423095703125,432.923828125,,,,,,
2ecbceb0,prev_pos_efference,5,5,240025600,1839.9306640625,434.875,,,,,,
2ecbceb0,prev_pos_efference,5,5,250019840,1837.9111328125,433.771484375,,,,,,
2ecbceb0,prev_pos_efference,5,5,260014080,1849.218017578125,436.337890625,,,,,,
2ecbceb0,prev_pos_efference,5,5,270008320,1857.985107421875,437.7216796875,,,,,,
2ecbceb0,prev_pos_efference,5,5,280002560,1847.94140625,435.7001953125,,,,,,
2ecbceb0,prev_pos_efference,5,5,290078720,1863.783935546875,438.0888671875,,,,,,
2ecbceb0,prev_pos_efference,5,5,300072960,1856.83056640625,436.8212890625,,,,,,
2ecbceb0,prev_pos_efference,5,5,310067200,1869.38427734375,439.7392578125,,,,,,
2ecbceb0,prev_pos_efference,5,5,320061440,1856.695556640625,435.9990234375,,,,,,
2ecbceb0,prev_pos_efference,5,5,330055680,1855.8388671875,435.1572265625,,,,,,
2ecbceb0,prev_pos_efference,5,5,340049920,1878.30224609375,439.984375,,,,,,
2ecbceb0,prev_pos_efference,5,5,350044160,1866.490234375,437.71875,,,,,,
2ecbceb0,prev_pos_efference,5,5,360038400,1863.46728515625,435.646484375,,,,,,
2ecbceb0,prev_pos_efference,5,5,370032640,1866.69677734375,436.3515625,,,,,,
2ecbceb0,prev_pos_efference,5,5,380026880,1867.399169921875,436.8515625,,,,,,
2ecbceb0,prev_pos_efference,5,5,390021120,1882.330322265625,439.0703125,,,,,,
2ecbceb0,prev_pos_efference,5,5,400015360,1880.2767333984373,438.9501953125,,,,,,
2ecbceb0,prev_pos_efference,5,5,410009600,1879.7034912109373,439.1337890625,,,,,,
2ecbceb0,prev_pos_efference,5,5,420003840,1893.828369140625,441.2314453125,,,,,,
2ecbceb0,prev_pos_efference,5,5,430080000,1890.7265625,439.8583984375,,,,,,
2ecbceb0,prev_pos_efference,5,5,440074240,1886.356201171875,439.5048828125,,,,,,
2ecbceb0,prev_pos_efference,5,5,450068480,1889.484619140625,440.2861328125,,,,,,
2ecbceb0,prev_pos_efference,5,5,460062720,1874.133056640625,436.9287109375,,,,,,
2ecbceb0,prev_pos_efference,5,5,470056960,1890.961181640625,440.572265625,,,,,,
2ecbceb0,prev_pos_efference,5,5,480051200,1891.787353515625,440.5146484375,,,,,,
2ecbceb0,prev_pos_efference,5,5,490045440,1894.4156494140625,440.7060546875,,,,,,
2ecbceb0,prev_pos_efference,5,5,500039680,1895.972900390625,441.857421875,,,,,,
2ecbceb0,prev_pos_efference,5,5,510033920,1892.1318359375,439.8017578125,,,,,,
2ecbceb0,prev_pos_efference,5,5,520028160,1892.3165283203125,439.4970703125,,,,,,
2ecbceb0,prev_pos_efference,5,5,530022400,1910.254150390625,442.8427734375,,,,,,
2ecbceb0,prev_pos_efference,5,5,540016640,1905.3572998046875,441.810546875,,,,,,
2ecbceb0,prev_pos_efference,5,5,550010880,1895.7769775390625,439.123046875,,,,,,
2ecbceb0,prev_pos_efference,5,5,560005120,1904.261962890625,440.61328125,,,,,,
2ecbceb0,prev_pos_efference,5,5,570081280,1913.6103515625,442.5302734375,,,,,,
2ecbceb0,prev_pos_efference,5,5,580075520,1907.8121337890625,441.599609375,,,,,,
2ecbceb0,prev_pos_efference,5,5,590069760,1911.960693359375,442.3837890625,,,,,,
2ecbceb0,prev_pos_efference,5,5,600064000,1912.617919921875,442.1259765625,,,,,,
95c5q3ct,prev_pos_efference,6,6,0,350.9229431152344,188.6484375,,,,,,
95c5q3ct,prev_pos_efference,6,6,10076160,769.632568359375,247.6640625,,,,,,
95c5q3ct,prev_pos_efference,6,6,20070400,905.9715576171876,270.5361328125,,,,,,
95c5q3ct,prev_pos_efference,6,6,30064640,1074.822998046875,296.4423828125,,,,,,
95c5q3ct,prev_pos_efference,6,6,40058880,1368.393310546875,361.5263671875,,,,,,
95c5q3ct,prev_pos_efference,6,6,50053120,1435.6220703125,370.1875,,,,,,
95c5q3ct,prev_pos_efference,6,6,60047360,1544.2322998046875,389.9716796875,,,,,,
95c5q3ct,prev_pos_efference,6,6,70041600,1529.5792236328125,382.919921875,,,,,,
95c5q3ct,prev_pos_efference,6,6,80035840,1617.7791748046875,402.515625,,,,,,
95c5q3ct,prev_pos_efference,6,6,90030080,1642.2977294921875,407.1943359375,,,,,,
95c5q3ct,prev_pos_efference,6,6,100024320,1678.02783203125,411.5322265625,,,,,,
95c5q3ct,prev_pos_efference,6,6,110018560,1690.378662109375,413.0283203125,,,,,,
95c5q3ct,prev_pos_efference,6,6,120012800,1719.26318359375,418.3876953125,,,,,,
95c5q3ct,prev_pos_efference,6,6,130007040,1723.7607421875,417.25,,,,,,
95c5q3ct,prev_pos_efference,6,6,140001280,1734.9404296875,420.099609375,,,,,,
95c5q3ct,prev_pos_efference,6,6,150077440,1755.2398681640625,422.837890625,,,,,,
95c5q3ct,prev_pos_efference,6,6,160071680,1773.285400390625,426.1630859375,,,,,,
95c5q3ct,prev_pos_efference,6,6,170065920,1775.376220703125,425.3017578125,,,,,,
95c5q3ct,prev_pos_efference,6,6,180060160,1766.8291015625,422.6865234375,,,,,,
95c5q3ct,prev_pos_efference,6,6,190054400,1774.830810546875,423.0634765625,,,,,,
95c5q3ct,prev_pos_efference,6,6,200048640,1781.0888671875,424.8564453125,,,,,,
95c5q3ct,prev_pos_efference,6,6,210042880,1794.033203125,426.9951171875,,,,,,
95c5q3ct,prev_pos_efference,6,6,220037120,1788.2861328125,425.1689453125,,,,,,
95c5q3ct,prev_pos_efference,6,6,230031360,1790.84912109375,425.1142578125,,,,,,
95c5q3ct,prev_pos_efference,6,6,240025600,1811.978515625,430.095703125,,,,,,
95c5q3ct,prev_pos_efference,6,6,250019840,1798.353515625,425.5498046875,,,,,,
95c5q3ct,prev_pos_efference,6,6,260014080,1823.88671875,431.7119140625,,,,,,
95c5q3ct,prev_pos_efference,6,6,270008320,1822.16357421875,431.6962890625,,,,,,
95c5q3ct,prev_pos_efference,6,6,280002560,1817.0738525390625,429.630859375,,,,,,
95c5q3ct,prev_pos_efference,6,6,290078720,1858.29296875,437.8623046875,,,,,,
95c5q3ct,prev_pos_efference,6,6,300072960,1842.612060546875,434.4951171875,,,,,,
95c5q3ct,prev_pos_efference,6,6,310067200,1831.56689453125,432.0908203125,,,,,,
95c5q3ct,prev_pos_efference,6,6,320061440,1830.203125,430.8115234375,,,,,,
95c5q3ct,prev_pos_efference,6,6,330055680,1840.9873046875,433.61328125,,,,,,
95c5q3ct,prev_pos_efference,6,6,340049920,1851.680908203125,435.2373046875,,,,,,
95c5q3ct,prev_pos_efference,6,6,350044160,1853.0262451171875,434.0888671875,,,,,,
95c5q3ct,prev_pos_efference,6,6,360038400,1850.842041015625,434.16796875,,,,,,
95c5q3ct,prev_pos_efference,6,6,370032640,1854.588134765625,434.88671875,,,,,,
95c5q3ct,prev_pos_efference,6,6,380026880,1858.207763671875,435.833984375,,,,,,
95c5q3ct,prev_pos_efference,6,6,390021120,1856.9296875,435.1064453125,,,,,,
95c5q3ct,prev_pos_efference,6,6,400015360,1858.13818359375,435.607421875,,,,,,
95c5q3ct,prev_pos_efference,6,6,410009600,1878.5009765625,439.1318359375,,,,,,
95c5q3ct,prev_pos_efference,6,6,420003840,1870.602783203125,437.318359375,,,,,,
95c5q3ct,prev_pos_efference,6,6,430080000,1865.427490234375,436.12890625,,,,,,
95c5q3ct,prev_pos_efference,6,6,440074240,1892.5777587890625,440.60546875,,,,,,
95c5q3ct,prev_pos_efference,6,6,450068480,1877.605712890625,438.0390625,,,,,,
95c5q3ct,prev_pos_efference,6,6,460062720,1882.883544921875,439.208984375,,,,,,
95c5q3ct,prev_pos_efference,6,6,470056960,1891.83203125,439.6796875,,,,,,
95c5q3ct,prev_pos_efference,6,6,480051200,1881.8837890625,437.7919921875,,,,,,
95c5q3ct,prev_pos_efference,6,6,490045440,1874.3671875,435.880859375,,,,,,
95c5q3ct,prev_pos_efference,6,6,500039680,1890.510986328125,439.1982421875,,,,,,
95c5q3ct,prev_pos_efference,6,6,510033920,1876.664794921875,436.216796875,,,,,,
95c5q3ct,prev_pos_efference,6,6,520028160,1886.824951171875,439.5029296875,,,,,,
95c5q3ct,prev_pos_efference,6,6,530022400,1899.4990234375,441.01953125,,,,,,
95c5q3ct,prev_pos_efference,6,6,540016640,1893.875732421875,439.8798828125,,,,,,
95c5q3ct,prev_pos_efference,6,6,550010880,1900.490234375,440.5419921875,,,,,,
95c5q3ct,prev_pos_efference,6,6,560005120,1899.0418701171875,440.328125,,,,,,
95c5q3ct,prev_pos_efference,6,6,570081280,1908.8798828125,442.12890625,,,,,,
95c5q3ct,prev_pos_efference,6,6,580075520,1904.499755859375,441.474609375,,,,,,
95c5q3ct,prev_pos_efference,6,6,590069760,1895.7763671875,439.2080078125,,,,,,
95c5q3ct,prev_pos_efference,6,6,600064000,1902.833251953125,440.501953125,,,,,,
5nkfsp9k,prev_pos_efference,7,7,0,350.3266296386719,188.1328125,,,,,,
5nkfsp9k,prev_pos_efference,7,7,10076160,757.02294921875,244.62890625,,,,,,
5nkfsp9k,prev_pos_efference,7,7,20070400,904.8602294921876,274.0673828125,,,,,,
5nkfsp9k,prev_pos_efference,7,7,30064640,1032.380859375,290.0556640625,,,,,,
5nkfsp9k,prev_pos_efference,7,7,40058880,1267.1517333984375,345.15234375,,,,,,
5nkfsp9k,prev_pos_efference,7,7,50053120,1355.94970703125,355.5595703125,,,,,,
5nkfsp9k,prev_pos_efference,7,7,60047360,1466.474609375,376.8896484375,,,,,,
5nkfsp9k,prev_pos_efference,7,7,70041600,1561.3050537109375,392.21875,,,,,,
5nkfsp9k,prev_pos_efference,7,7,80035840,1578.889892578125,393.4248046875,,,,,,
5nkfsp9k,prev_pos_efference,7,7,90030080,1624.902099609375,401.951171875,,,,,,
5nkfsp9k,prev_pos_efference,7,7,100024320,1635.2994384765625,402.75390625,,,,,,
5nkfsp9k,prev_pos_efference,7,7,110018560,1661.2657470703125,406.4462890625,,,,,,
5nkfsp9k,prev_pos_efference,7,7,120012800,1671.32763671875,407.98046875,,,,,,
5nkfsp9k,prev_pos_efference,7,7,130007040,1696.5130615234375,413.111328125,,,,,,
5nkfsp9k,prev_pos_efference,7,7,140001280,1711.4072265625,414.3671875,,,,,,
5nkfsp9k,prev_pos_efference,7,7,150077440,1712.681640625,413.7529296875,,,,,,
5nkfsp9k,prev_pos_efference,7,7,160071680,1723.442626953125,416.1572265625,,,,,,
5nkfsp9k,prev_pos_efference,7,7,170065920,1749.8321533203125,420.259765625,,,,,,
5nkfsp9k,prev_pos_efference,7,7,180060160,1768.80224609375,424.5888671875,,,,,,
5nkfsp9k,prev_pos_efference,7,7,190054400,1765.988037109375,422.6796875,,,,,,
5nkfsp9k,prev_pos_efference,7,7,200048640,1759.309814453125,420.6357421875,,,,,,
5nkfsp9k,prev_pos_efference,7,7,210042880,1785.5218505859375,425.97265625,,,,,,
5nkfsp9k,prev_pos_efference,7,7,220037120,1760.871337890625,420.126953125,,,,,,
5nkfsp9k,prev_pos_efference,7,7,230031360,1762.462646484375,419.3447265625,,,,,,
5nkfsp9k,prev_pos_efference,7,7,240025600,1793.4351806640625,425.46484375,,,,,,
5nkfsp9k,prev_pos_efference,7,7,250019840,1780.3062744140625,422.2744140625,,,,,,
5nkfsp9k,prev_pos_efference,7,7,260014080,1813.0670166015625,430.6337890625,,,,,,
5nkfsp9k,prev_pos_efference,7,7,270008320,1790.8050537109375,424.736328125,,,,,,
5nkfsp9k,prev_pos_efference,7,7,280002560,1817.187744140625,429.7099609375,,,,,,
5nkfsp9k,prev_pos_efference,7,7,290078720,1842.3570556640625,434.6083984375,,,,,,
5nkfsp9k,prev_pos_efference,7,7,300072960,1838.6859130859373,433.0419921875,,,,,,
5nkfsp9k,prev_pos_efference,7,7,310067200,1824.54248046875,431.2529296875,,,,,,
5nkfsp9k,prev_pos_efference,7,7,320061440,1852.5224609375,436.341796875,,,,,,
5nkfsp9k,prev_pos_efference,7,7,330055680,1844.9632568359373,434.2333984375,,,,,,
5nkfsp9k,prev_pos_efference,7,7,340049920,1826.33447265625,429.349609375,,,,,,
5nkfsp9k,prev_pos_efference,7,7,350044160,1846.771728515625,433.8681640625,,,,,,
5nkfsp9k,prev_pos_efference,7,7,360038400,1847.699462890625,434.33984375,,,,,,
5nkfsp9k,prev_pos_efference,7,7,370032640,1832.38037109375,430.6357421875,,,,,,
5nkfsp9k,prev_pos_efference,7,7,380026880,1865.5946044921875,436.92578125,,,,,,
5nkfsp9k,prev_pos_efference,7,7,390021120,1844.56787109375,433.251953125,,,,,,
5nkfsp9k,prev_pos_efference,7,7,400015360,1857.297119140625,435.6484375,,,,,,
5nkfsp9k,prev_pos_efference,7,7,410009600,1857.237548828125,435.1611328125,,,,,,
5nkfsp9k,prev_pos_efference,7,7,420003840,1848.783203125,433.66796875,,,,,,
5nkfsp9k,prev_pos_efference,7,7,430080000,1870.61572265625,437.955078125,,,,,,
5nkfsp9k,prev_pos_efference,7,7,440074240,1845.9261474609373,431.9287109375,,,,,,
5nkfsp9k,prev_pos_efference,7,7,450068480,1881.38916015625,439.5908203125,,,,,,
5nkfsp9k,prev_pos_efference,7,7,460062720,1864.5418701171875,435.779296875,,,,,,
5nkfsp9k,prev_pos_efference,7,7,470056960,1861.5350341796875,435.2900390625,,,,,,
5nkfsp9k,prev_pos_efference,7,7,480051200,1878.621337890625,438.0830078125,,,,,,
5nkfsp9k,prev_pos_efference,7,7,490045440,1885.3470458984373,438.779296875,,,,,,
5nkfsp9k,prev_pos_efference,7,7,500039680,1877.296875,437.0322265625,,,,,,
5nkfsp9k,prev_pos_efference,7,7,510033920,1870.56982421875,435.2978515625,,,,,,
5nkfsp9k,prev_pos_efference,7,7,520028160,1865.329833984375,434.9814453125,,,,,,
5nkfsp9k,prev_pos_efference,7,7,530022400,1879.033447265625,437.31640625,,,,,,
5nkfsp9k,prev_pos_efference,7,7,540016640,1887.7103271484373,439.3857421875,,,,,,
5nkfsp9k,prev_pos_efference,7,7,550010880,1889.4091796875,439.0166015625,,,,,,
5nkfsp9k,prev_pos_efference,7,7,560005120,1889.63525390625,438.3525390625,,,,,,
5nkfsp9k,prev_pos_efference,7,7,570081280,1884.67041015625,437.826171875,,,,,,
5nkfsp9k,prev_pos_efference,7,7,580075520,1884.0478515625,437.86328125,,,,,,
5nkfsp9k,prev_pos_efference,7,7,590069760,1882.462158203125,437.04296875,,,,,,
5nkfsp9k,prev_pos_efference,7,7,600064000,1867.554931640625,433.9150390625,,,,,,
ixcxllws,prev_pos_efference,8,8,0,353.0811462402344,189.849609375,,,,,,
ixcxllws,prev_pos_efference,8,8,10076160,783.2181396484375,253.0595703125,,,,,,
ixcxllws,prev_pos_efference,8,8,20070400,903.862060546875,274.201171875,,,,,,
ixcxllws,prev_pos_efference,8,8,30064640,1098.072265625,306.2607421875,,,,,,
ixcxllws,prev_pos_efference,8,8,40058880,1284.6484375,341.830078125,,,,,,
ixcxllws,prev_pos_efference,8,8,50053120,1423.0216064453125,369.515625,,,,,,
ixcxllws,prev_pos_efference,8,8,60047360,1501.948486328125,381.572265625,,,,,,
ixcxllws,prev_pos_efference,8,8,70041600,1535.427734375,384.8603515625,,,,,,
ixcxllws,prev_pos_efference,8,8,80035840,1573.67919921875,391.453125,,,,,,
ixcxllws,prev_pos_efference,8,8,90030080,1635.6002197265625,403.48046875,,,,,,
ixcxllws,prev_pos_efference,8,8,100024320,1660.4813232421875,408.921875,,,,,,
ixcxllws,prev_pos_efference,8,8,110018560,1663.4034423828125,407.6064453125,,,,,,
ixcxllws,prev_pos_efference,8,8,120012800,1678.253173828125,409.208984375,,,,,,
ixcxllws,prev_pos_efference,8,8,130007040,1703.4129638671875,412.375,,,,,,
ixcxllws,prev_pos_efference,8,8,140001280,1728.21337890625,418.7734375,,,,,,
ixcxllws,prev_pos_efference,8,8,150077440,1763.0338134765625,426.125,,,,,,
ixcxllws,prev_pos_efference,8,8,160071680,1765.427734375,424.9111328125,,,,,,
ixcxllws,prev_pos_efference,8,8,170065920,1774.9344482421875,427.0693359375,,,,,,
ixcxllws,prev_pos_efference,8,8,180060160,1766.583740234375,424.302734375,,,,,,
ixcxllws,prev_pos_efference,8,8,190054400,1789.23876953125,428.474609375,,,,,,
ixcxllws,prev_pos_efference,8,8,200048640,1767.892578125,423.1611328125,,,,,,
ixcxllws,prev_pos_efference,8,8,210042880,1794.6497802734375,428.28515625,,,,,,
ixcxllws,prev_pos_efference,8,8,220037120,1778.78955078125,423.576171875,,,,,,
ixcxllws,prev_pos_efference,8,8,230031360,1782.997314453125,424.525390625,,,,,,
ixcxllws,prev_pos_efference,8,8,240025600,1794.4700927734375,425.8466796875,,,,,,
ixcxllws,prev_pos_efference,8,8,250019840,1809.0205078125,428.7548828125,,,,,,
ixcxllws,prev_pos_efference,8,8,260014080,1797.5989990234375,426.5390625,,,,,,
ixcxllws,prev_pos_efference,8,8,270008320,1799.858642578125,426.5068359375,,,,,,
ixcxllws,prev_pos_efference,8,8,280002560,1804.917236328125,426.787109375,,,,,,
ixcxllws,prev_pos_efference,8,8,290078720,1809.6556396484373,426.6435546875,,,,,,
ixcxllws,prev_pos_efference,8,8,300072960,1810.364501953125,427.9755859375,,,,,,
ixcxllws,prev_pos_efference,8,8,310067200,1806.533203125,426.3642578125,,,,,,
ixcxllws,prev_pos_efference,8,8,320061440,1811.14501953125,427.9658203125,,,,,,
ixcxllws,prev_pos_efference,8,8,330055680,1833.376708984375,431.9658203125,,,,,,
ixcxllws,prev_pos_efference,8,8,340049920,1819.064453125,428.30859375,,,,,,
ixcxllws,prev_pos_efference,8,8,350044160,1824.94189453125,428.921875,,,,,,
ixcxllws,prev_pos_efference,8,8,360038400,1814.759765625,427.248046875,,,,,,
ixcxllws,prev_pos_efference,8,8,370032640,1823.3565673828125,428.9580078125,,,,,,
ixcxllws,prev_pos_efference,8,8,380026880,1817.509765625,427.2646484375,,,,,,
ixcxllws,prev_pos_efference,8,8,390021120,1827.3492431640625,429.626953125,,,,,,
ixcxllws,prev_pos_efference,8,8,400015360,1843.79638671875,433.0595703125,,,,,,
ixcxllws,prev_pos_efference,8,8,410009600,1845.354736328125,432.7568359375,,,,,,
ixcxllws,prev_pos_efference,8,8,420003840,1857.97900390625,435.6103515625,,,,,,
ixcxllws,prev_pos_efference,8,8,430080000,1854.4052734375,433.96875,,,,,,
ixcxllws,prev_pos_efference,8,8,440074240,1856.622802734375,434.4404296875,,,,,,
ixcxllws,prev_pos_efference,8,8,450068480,1858.241455078125,435.701171875,,,,,,
ixcxllws,prev_pos_efference,8,8,460062720,1854.56591796875,433.9345703125,,,,,,
ixcxllws,prev_pos_efference,8,8,470056960,1840.90625,431.275390625,,,,,,
ixcxllws,prev_pos_efference,8,8,480051200,1867.5975341796875,436.9013671875,,,,,,
ixcxllws,prev_pos_efference,8,8,490045440,1868.9349365234373,436.8212890625,,,,,,
ixcxllws,prev_pos_efference,8,8,500039680,1851.06005859375,432.744140625,,,,,,
ixcxllws,prev_pos_efference,8,8,510033920,1871.3402099609373,436.830078125,,,,,,
ixcxllws,prev_pos_efference,8,8,520028160,1862.2288818359373,434.298828125,,,,,,
ixcxllws,prev_pos_efference,8,8,530022400,1869.956298828125,435.53125,,,,,,
ixcxllws,prev_pos_efference,8,8,540016640,1867.9658203125,435.291015625,,,,,,
ixcxllws,prev_pos_efference,8,8,550010880,1857.696533203125,433.4033203125,,,,,,
ixcxllws,prev_pos_efference,8,8,560005120,1891.96728515625,440.609375,,,,,,
ixcxllws,prev_pos_efference,8,8,570081280,1873.349365234375,437.6201171875,,,,,,
ixcxllws,prev_pos_efference,8,8,580075520,1877.6182861328125,437.59375,,,,,,
ixcxllws,prev_pos_efference,8,8,590069760,1886.206787109375,438.83203125,,,,,,
ixcxllws,prev_pos_efference,8,8,600064000,1879.00927734375,437.404296875,,,,,,
lrolo3mu,prev_pos_efference,9,9,0,356.825927734375,191.5205078125,,,,,,
lrolo3mu,prev_pos_efference,9,9,10076160,755.5985717773438,245.22265625,,,,,,
lrolo3mu,prev_pos_efference,9,9,20070400,883.1182861328125,266.2509765625,,,,,,
lrolo3mu,prev_pos_efference,9,9,30064640,1029.0426025390625,290.5205078125,,,,,,
lrolo3mu,prev_pos_efference,9,9,40058880,1250.714111328125,336.6748046875,,,,,,
lrolo3mu,prev_pos_efference,9,9,50053120,1428.5128173828125,373.8408203125,,,,,,
lrolo3mu,prev_pos_efference,9,9,60047360,1474.573486328125,378.755859375,,,,,,
lrolo3mu,prev_pos_efference,9,9,70041600,1543.8272705078125,392.0,,,,,,
lrolo3mu,prev_pos_efference,9,9,80035840,1560.9974365234375,391.8125,,,,,,
lrolo3mu,prev_pos_efference,9,9,90030080,1585.43505859375,394.896484375,,,,,,
lrolo3mu,prev_pos_efference,9,9,100024320,1610.08935546875,398.5703125,,,,,,
lrolo3mu,prev_pos_efference,9,9,110018560,1661.3638916015625,408.634765625,,,,,,
lrolo3mu,prev_pos_efference,9,9,120012800,1670.169677734375,410.29296875,,,,,,
lrolo3mu,prev_pos_efference,9,9,130007040,1679.6591796875,410.9912109375,,,,,,
lrolo3mu,prev_pos_efference,9,9,140001280,1662.51416015625,404.56640625,,,,,,
lrolo3mu,prev_pos_efference,9,9,150077440,1700.6214599609375,412.7802734375,,,,,,
lrolo3mu,prev_pos_efference,9,9,160071680,1719.584228515625,416.0546875,,,,,,
lrolo3mu,prev_pos_efference,9,9,170065920,1727.695068359375,416.6669921875,,,,,,
lrolo3mu,prev_pos_efference,9,9,180060160,1758.610107421875,422.9296875,,,,,,
lrolo3mu,prev_pos_efference,9,9,190054400,1752.336181640625,422.0908203125,,,,,,
lrolo3mu,prev_pos_efference,9,9,200048640,1747.26953125,419.5947265625,,,,,,
lrolo3mu,prev_pos_efference,9,9,210042880,1733.6082763671875,415.3681640625,,,,,,
lrolo3mu,prev_pos_efference,9,9,220037120,1766.309814453125,421.9638671875,,,,,,
lrolo3mu,prev_pos_efference,9,9,230031360,1781.69482421875,424.80078125,,,,,,
lrolo3mu,prev_pos_efference,9,9,240025600,1782.5308837890625,425.025390625,,,,,,
lrolo3mu,prev_pos_efference,9,9,250019840,1784.375,424.5,,,,,,
lrolo3mu,prev_pos_efference,9,9,260014080,1774.57373046875,420.9638671875,,,,,,
lrolo3mu,prev_pos_efference,9,9,270008320,1809.387939453125,430.115234375,,,,,,
lrolo3mu,prev_pos_efference,9,9,280002560,1789.8817138671875,425.443359375,,,,,,
lrolo3mu,prev_pos_efference,9,9,290078720,1825.019287109375,431.6962890625,,,,,,
lrolo3mu,prev_pos_efference,9,9,300072960,1808.1337890625,427.94921875,,,,,,
lrolo3mu,prev_pos_efference,9,9,310067200,1802.35498046875,426.4375,,,,,,
lrolo3mu,prev_pos_efference,9,9,320061440,1803.5498046875,426.35546875,,,,,,
lrolo3mu,prev_pos_efference,9,9,330055680,1823.4708251953125,431.1767578125,,,,,,
lrolo3mu,prev_pos_efference,9,9,340049920,1805.463134765625,425.80078125,,,,,,
lrolo3mu,prev_pos_efference,9,9,350044160,1830.88916015625,431.4228515625,,,,,,
lrolo3mu,prev_pos_efference,9,9,360038400,1796.965087890625,423.8681640625,,,,,,
lrolo3mu,prev_pos_efference,9,9,370032640,1814.212158203125,426.9306640625,,,,,,
lrolo3mu,prev_pos_efference,9,9,380026880,1800.02490234375,424.1328125,,,,,,
lrolo3mu,prev_pos_efference,9,9,390021120,1805.9072265625,425.7822265625,,,,,,
lrolo3mu,prev_pos_efference,9,9,400015360,1813.282958984375,426.6474609375,,,,,,
lrolo3mu,prev_pos_efference,9,9,410009600,1790.0628662109375,421.9111328125,,,,,,
lrolo3mu,prev_pos_efference,9,9,420003840,1812.543701171875,426.798828125,,,,,,
lrolo3mu,prev_pos_efference,9,9,430080000,1841.18310546875,432.3193359375,,,,,,
lrolo3mu,prev_pos_efference,9,9,440074240,1843.031005859375,432.548828125,,,,,,
lrolo3mu,prev_pos_efference,9,9,450068480,1850.784912109375,433.9130859375,,,,,,
lrolo3mu,prev_pos_efference,9,9,460062720,1859.4024658203125,435.7314453125,,,,,,
lrolo3mu,prev_pos_efference,9,9,470056960,1832.165771484375,430.1513671875,,,,,,
lrolo3mu,prev_pos_efference,9,9,480051200,1844.0380859375,432.2236328125,,,,,,
lrolo3mu,prev_pos_efference,9,9,490045440,1845.0218505859373,431.7666015625,,,,,,
lrolo3mu,prev_pos_efference,9,9,500039680,1850.711669921875,433.232421875,,,,,,
lrolo3mu,prev_pos_efference,9,9,510033920,1823.41650390625,427.3095703125,,,,,,
lrolo3mu,prev_pos_efference,9,9,520028160,1855.952880859375,435.1044921875,,,,,,
lrolo3mu,prev_pos_efference,9,9,530022400,1858.9453125,435.2841796875,,,,,,
lrolo3mu,prev_pos_efference,9,9,540016640,1859.4501953125,435.1240234375,,,,,,
lrolo3mu,prev_pos_efference,9,9,550010880,1881.4736328125,439.3896484375,,,,,,
lrolo3mu,prev_pos_efference,9,9,560005120,1857.8798828125,433.7021484375,,,,,,
lrolo3mu,prev_pos_efference,9,9,570081280,1861.047607421875,434.443359375,,,,,,
lrolo3mu,prev_pos_efference,9,9,580075520,1864.4962158203125,435.2421875,,,,,,
lrolo3mu,prev_pos_efference,9,9,590069760,1860.049560546875,434.443359375,,,,,,
lrolo3mu,prev_pos_efference,9,9,600064000,1881.6932373046875,438.9921875,,,,,,
xzhowley,prev_pos_efference,10,10,0,359.29052734375,192.6201171875,,,,,,
xzhowley,prev_pos_efference,10,10,10076160,732.4613037109375,235.80859375,,,,,,
xzhowley,prev_pos_efference,10,10,20070400,901.0977783203124,275.6474609375,,,,,,
xzhowley,prev_pos_efference,10,10,30064640,1001.0164794921876,281.83984375,,,,,,
xzhowley,prev_pos_efference,10,10,40058880,1232.991455078125,336.32421875,,,,,,
xzhowley,prev_pos_efference,10,10,50053120,1373.588623046875,362.25,,,,,,
xzhowley,prev_pos_efference,10,10,60047360,1453.2293701171875,375.095703125,,,,,,
xzhowley,prev_pos_efference,10,10,70041600,1462.55517578125,371.2236328125,,,,,,
xzhowley,prev_pos_efference,10,10,80035840,1514.475830078125,381.4716796875,,,,,,
xzhowley,prev_pos_efference,10,10,90030080,1551.2919921875,386.578125,,,,,,
xzhowley,prev_pos_efference,10,10,100024320,1600.58203125,394.49609375,,,,,,
xzhowley,prev_pos_efference,10,10,110018560,1661.53857421875,408.0361328125,,,,,,
xzhowley,prev_pos_efference,10,10,120012800,1667.62451171875,408.2041015625,,,,,,
xzhowley,prev_pos_efference,10,10,130007040,1701.415283203125,415.009765625,,,,,,
xzhowley,prev_pos_efference,10,10,140001280,1714.9189453125,418.1943359375,,,,,,
xzhowley,prev_pos_efference,10,10,150077440,1706.80078125,414.138671875,,,,,,
xzhowley,prev_pos_efference,10,10,160071680,1712.404541015625,414.7275390625,,,,,,
xzhowley,prev_pos_efference,10,10,170065920,1706.7548828125,412.2626953125,,,,,,
xzhowley,prev_pos_efference,10,10,180060160,1731.994873046875,418.162109375,,,,,,
xzhowley,prev_pos_efference,10,10,190054400,1762.186279296875,423.494140625,,,,,,
xzhowley,prev_pos_efference,10,10,200048640,1759.330322265625,421.44921875,,,,,,
xzhowley,prev_pos_efference,10,10,210042880,1773.595947265625,424.21484375,,,,,,
xzhowley,prev_pos_efference,10,10,220037120,1782.625,427.1826171875,,,,,,
xzhowley,prev_pos_efference,10,10,230031360,1787.7275390625,426.4765625,,,,,,
xzhowley,prev_pos_efference,10,10,240025600,1783.5140380859375,425.4306640625,,,,,,
xzhowley,prev_pos_efference,10,10,250019840,1771.541015625,421.501953125,,,,,,
xzhowley,prev_pos_efference,10,10,260014080,1778.0943603515625,424.01953125,,,,,,
xzhowley,prev_pos_efference,10,10,270008320,1763.652099609375,419.318359375,,,,,,
xzhowley,prev_pos_efference,10,10,280002560,1750.675537109375,416.697265625,,,,,,
xzhowley,prev_pos_efference,10,10,290078720,1785.8431396484375,423.470703125,,,,,,
xzhowley,prev_pos_efference,10,10,300072960,1796.8388671875,425.17578125,,,,,,
xzhowley,prev_pos_efference,10,10,310067200,1801.7813720703125,426.60546875,,,,,,
xzhowley,prev_pos_efference,10,10,320061440,1805.6617431640625,427.31640625,,,,,,
xzhowley,prev_pos_efference,10,10,330055680,1816.607421875,429.951171875,,,,,,
xzhowley,prev_pos_efference,10,10,340049920,1807.2379150390625,426.9296875,,,,,,
xzhowley,prev_pos_efference,10,10,350044160,1827.0467529296875,431.224609375,,,,,,
xzhowley,prev_pos_efference,10,10,360038400,1807.08642578125,426.6025390625,,,,,,
xzhowley,prev_pos_efference,10,10,370032640,1841.387451171875,434.5556640625,,,,,,
xzhowley,prev_pos_efference,10,10,380026880,1818.8475341796875,428.8095703125,,,,,,
xzhowley,prev_pos_efference,10,10,390021120,1827.98291015625,430.2265625,,,,,,
xzhowley,prev_pos_efference,10,10,400015360,1826.346923828125,430.31640625,,,,,,
xzhowley,prev_pos_efference,10,10,410009600,1851.6405029296875,435.4150390625,,,,,,
xzhowley,prev_pos_efference,10,10,420003840,1839.1029052734373,432.4853515625,,,,,,
xzhowley,prev_pos_efference,10,10,430080000,1836.27783203125,430.580078125,,,,,,
xzhowley,prev_pos_efference,10,10,440074240,1838.238525390625,431.828125,,,,,,
xzhowley,prev_pos_efference,10,10,450068480,1845.4200439453125,433.2841796875,,,,,,
xzhowley,prev_pos_efference,10,10,460062720,1861.345458984375,437.08984375,,,,,,
xzhowley,prev_pos_efference,10,10,470056960,1850.34326171875,434.9951171875,,,,,,
xzhowley,prev_pos_efference,10,10,480051200,1872.763671875,438.630859375,,,,,,
xzhowley,prev_pos_efference,10,10,490045440,1830.596923828125,429.4736328125,,,,,,
xzhowley,prev_pos_efference,10,10,500039680,1844.76708984375,432.298828125,,,,,,
xzhowley,prev_pos_efference,10,10,510033920,1852.7576904296875,434.208984375,,,,,,
xzhowley,prev_pos_efference,10,10,520028160,1844.08740234375,432.2421875,,,,,,
xzhowley,prev_pos_efference,10,10,530022400,1831.725341796875,429.833984375,,,,,,
xzhowley,prev_pos_efference,10,10,540016640,1856.36474609375,434.7734375,,,,,,
xzhowley,prev_pos_efference,10,10,550010880,1862.650146484375,436.0927734375,,,,,,
xzhowley,prev_pos_efference,10,10,560005120,1877.6470947265625,438.44921875,,,,,,
xzhowley,prev_pos_efference,10,10,570081280,1874.7440185546875,438.9619140625,,,,,,
xzhowley,prev_pos_efference,10,10,580075520,1876.3243408203125,438.0693359375,,,,,,
xzhowley,prev_pos_efference,10,10,590069760,1864.0914306640625,435.2216796875,,,,,,
xzhowley,prev_pos_efference,10,10,600064000,1875.4892578125,437.4921875,,,,,,
nek7c77v,prev_pos_efference,12,12,0,360.9436645507813,193.4033203125,,,,,,
nek7c77v,prev_pos_efference,12,12,10076160,755.4509887695312,241.8427734375,,,,,,
nek7c77v,prev_pos_efference,12,12,20070400,903.3870849609376,273.67578125,,,,,,
nek7c77v,prev_pos_efference,12,12,30064640,1042.252685546875,294.158203125,,,,,,
nek7c77v,prev_pos_efference,12,12,40058880,1240.954833984375,331.3955078125,,,,,,
nek7c77v,prev_pos_efference,12,12,50053120,1386.300048828125,362.021484375,,,,,,
nek7c77v,prev_pos_efference,12,12,60047360,1474.0673828125,378.5302734375,,,,,,
nek7c77v,prev_pos_efference,12,12,70041600,1553.96826171875,393.3203125,,,,,,
nek7c77v,prev_pos_efference,12,12,80035840,1571.199951171875,394.2353515625,,,,,,
nek7c77v,prev_pos_efference,12,12,90030080,1587.235107421875,395.111328125,,,,,,
nek7c77v,prev_pos_efference,12,12,100024320,1584.902587890625,392.7197265625,,,,,,
nek7c77v,prev_pos_efference,12,12,110018560,1656.950439453125,406.6650390625,,,,,,
nek7c77v,prev_pos_efference,12,12,120012800,1648.9544677734375,404.9443359375,,,,,,
nek7c77v,prev_pos_efference,12,12,130007040,1663.6219482421875,407.7216796875,,,,,,
nek7c77v,prev_pos_efference,12,12,140001280,1706.9376220703125,416.0068359375,,,,,,
nek7c77v,prev_pos_efference,12,12,150077440,1709.57470703125,414.875,,,,,,
nek7c77v,prev_pos_efference,12,12,160071680,1701.52734375,413.0400390625,,,,,,
nek7c77v,prev_pos_efference,12,12,170065920,1725.084228515625,417.064453125,,,,,,
nek7c77v,prev_pos_efference,12,12,180060160,1716.39404296875,414.255859375,,,,,,
nek7c77v,prev_pos_efference,12,12,190054400,1716.98291015625,413.287109375,,,,,,
nek7c77v,prev_pos_efference,12,12,200048640,1718.2896728515625,413.25390625,,,,,,
nek7c77v,prev_pos_efference,12,12,210042880,1746.27099609375,418.900390625,,,,,,
nek7c77v,prev_pos_efference,12,12,220037120,1758.4677734375,421.53515625,,,,,,
nek7c77v,prev_pos_efference,12,12,230031360,1747.623291015625,418.57421875,,,,,,
nek7c77v,prev_pos_efference,12,12,240025600,1765.07421875,420.9541015625,,,,,,
nek7c77v,prev_pos_efference,12,12,250019840,1767.187255859375,421.970703125,,,,,,
nek7c77v,prev_pos_efference,12,12,260014080,1745.80615234375,416.5556640625,,,,,,
nek7c77v,prev_pos_efference,12,12,270008320,1756.149169921875,418.1201171875,,,,,,
nek7c77v,prev_pos_efference,12,12,280002560,1752.4990234375,417.2978515625,,,,,,
nek7c77v,prev_pos_efference,12,12,290078720,1776.3330078125,421.798828125,,,,,,
nek7c77v,prev_pos_efference,12,12,300072960,1796.69189453125,425.755859375,,,,,,
nek7c77v,prev_pos_efference,12,12,310067200,1770.656494140625,419.849609375,,,,,,
nek7c77v,prev_pos_efference,12,12,320061440,1750.396484375,414.7880859375,,,,,,
nek7c77v,prev_pos_efference,12,12,330055680,1750.70361328125,413.904296875,,,,,,
nek7c77v,prev_pos_efference,12,12,340049920,1768.8878173828125,418.8076171875,,,,,,
nek7c77v,prev_pos_efference,12,12,350044160,1797.268310546875,425.1806640625,,,,,,
nek7c77v,prev_pos_efference,12,12,360038400,1788.339599609375,423.041015625,,,,,,
nek7c77v,prev_pos_efference,12,12,370032640,1792.475341796875,423.0986328125,,,,,,
nek7c77v,prev_pos_efference,12,12,380026880,1759.80615234375,416.84765625,,,,,,
nek7c77v,prev_pos_efference,12,12,390021120,1772.8851318359375,418.62109375,,,,,,
nek7c77v,prev_pos_efference,12,12,400015360,1787.9119873046875,422.1220703125,,,,,,
nek7c77v,prev_pos_efference,12,12,410009600,1795.8077392578125,424.26953125,,,,,,
nek7c77v,prev_pos_efference,12,12,420003840,1804.8369140625,425.0361328125,,,,,,
nek7c77v,prev_pos_efference,12,12,430080000,1801.971435546875,424.8974609375,,,,,,
nek7c77v,prev_pos_efference,12,12,440074240,1827.197021484375,430.1142578125,,,,,,
nek7c77v,prev_pos_efference,12,12,450068480,1812.468505859375,426.6650390625,,,,,,
nek7c77v,prev_pos_efference,12,12,460062720,1813.719970703125,426.66015625,,,,,,
nek7c77v,prev_pos_efference,12,12,470056960,1829.2066650390625,429.51953125,,,,,,
nek7c77v,prev_pos_efference,12,12,480051200,1836.9549560546875,431.84765625,,,,,,
nek7c77v,prev_pos_efference,12,12,490045440,1817.80224609375,427.80859375,,,,,,
nek7c77v,prev_pos_efference,12,12,500039680,1821.68505859375,428.2685546875,,,,,,
nek7c77v,prev_pos_efference,12,12,510033920,1843.160400390625,431.8828125,,,,,,
nek7c77v,prev_pos_efference,12,12,520028160,1821.738037109375,427.5673828125,,,,,,
nek7c77v,prev_pos_efference,12,12,530022400,1830.43798828125,429.1494140625,,,,,,
nek7c77v,prev_pos_efference,12,12,540016640,1836.924072265625,430.5712890625,,,,,,
nek7c77v,prev_pos_efference,12,12,550010880,1854.998291015625,434.271484375,,,,,,
nek7c77v,prev_pos_efference,12,12,560005120,1858.646240234375,434.9541015625,,,,,,
nek7c77v,prev_pos_efference,12,12,570081280,1832.540283203125,428.9169921875,,,,,,
nek7c77v,prev_pos_efference,12,12,580075520,1836.243408203125,431.0029296875,,,,,,
nek7c77v,prev_pos_efference,12,12,590069760,1796.128662109375,421.3857421875,,,,,,
nek7c77v,prev_pos_efference,12,12,600064000,1845.1842041015625,432.2138671875,,,,,,
8di7zd23,prev_pos_efference,15,15,0,363.7111206054688,194.470703125,,,,,,
8di7zd23,prev_pos_efference,15,15,10076160,757.6591796875,243.2001953125,,,,,,
8di7zd23,prev_pos_efference,15,15,20070400,893.9376220703125,271.30078125,,,,,,
8di7zd23,prev_pos_efference,15,15,30064640,978.41845703125,277.2705078125,,,,,,
8di7zd23,prev_pos_efference,15,15,40058880,1168.50830078125,316.84375,,,,,,
8di7zd23,prev_pos_efference,15,15,50053120,1349.19970703125,352.4580078125,,,,,,
8di7zd23,prev_pos_efference,15,15,60047360,1447.953125,372.7177734375,,,,,,
8di7zd23,prev_pos_efference,15,15,70041600,1487.7572021484375,377.2255859375,,,,,,
8di7zd23,prev_pos_efference,15,15,80035840,1529.288330078125,385.41015625,,,,,,
8di7zd23,prev_pos_efference,15,15,90030080,1511.3509521484375,377.841796875,,,,,,
8di7zd23,prev_pos_efference,15,15,100024320,1586.742431640625,393.2314453125,,,,,,
8di7zd23,prev_pos_efference,15,15,110018560,1591.047607421875,394.1259765625,,,,,,
8di7zd23,prev_pos_efference,15,15,120012800,1608.916015625,396.5380859375,,,,,,
8di7zd23,prev_pos_efference,15,15,130007040,1645.49560546875,402.822265625,,,,,,
8di7zd23,prev_pos_efference,15,15,140001280,1639.108642578125,400.8857421875,,,,,,
8di7zd23,prev_pos_efference,15,15,150077440,1676.87646484375,408.814453125,,,,,,
8di7zd23,prev_pos_efference,15,15,160071680,1689.0496826171875,410.6572265625,,,,,,
8di7zd23,prev_pos_efference,15,15,170065920,1688.123779296875,409.6796875,,,,,,
8di7zd23,prev_pos_efference,15,15,180060160,1705.7841796875,413.015625,,,,,,
8di7zd23,prev_pos_efference,15,15,190054400,1689.69921875,408.4638671875,,,,,,
8di7zd23,prev_pos_efference,15,15,200048640,1716.50390625,413.802734375,,,,,,
8di7zd23,prev_pos_efference,15,15,210042880,1721.0465087890625,415.1875,,,,,,
8di7zd23,prev_pos_efference,15,15,220037120,1743.4503173828125,419.431640625,,,,,,
8di7zd23,prev_pos_efference,15,15,230031360,1763.49609375,422.94921875,,,,,,
8di7zd23,prev_pos_efference,15,15,240025600,1736.4588623046875,416.689453125,,,,,,
8di7zd23,prev_pos_efference,15,15,250019840,1743.8997802734375,418.1318359375,,,,,,
8di7zd23,prev_pos_efference,15,15,260014080,1735.3807373046875,415.7822265625,,,,,,
8di7zd23,prev_pos_efference,15,15,270008320,1742.144775390625,416.8056640625,,,,,,
8di7zd23,prev_pos_efference,15,15,280002560,1783.101318359375,424.951171875,,,,,,
8di7zd23,prev_pos_efference,15,15,290078720,1756.77880859375,418.107421875,,,,,,
8di7zd23,prev_pos_efference,15,15,300072960,1745.4688720703125,414.494140625,,,,,,
8di7zd23,prev_pos_efference,15,15,310067200,1759.187255859375,418.5283203125,,,,,,
8di7zd23,prev_pos_efference,15,15,320061440,1770.43115234375,420.8310546875,,,,,,
8di7zd23,prev_pos_efference,15,15,330055680,1773.1763916015625,421.328125,,,,,,
8di7zd23,prev_pos_efference,15,15,340049920,1760.2750244140625,417.177734375,,,,,,
8di7zd23,prev_pos_efference,15,15,350044160,1793.1865234375,424.951171875,,,,,,
8di7zd23,prev_pos_efference,15,15,360038400,1781.5731201171875,421.6728515625,,,,,,
8di7zd23,prev_pos_efference,15,15,370032640,1797.5941162109375,425.529296875,,,,,,
8di7zd23,prev_pos_efference,15,15,380026880,1793.0982666015625,423.9208984375,,,,,,
8di7zd23,prev_pos_efference,15,15,390021120,1772.504638671875,418.2568359375,,,,,,
8di7zd23,prev_pos_efference,15,15,400015360,1805.153564453125,426.7734375,,,,,,
8di7zd23,prev_pos_efference,15,15,410009600,1807.1627197265625,427.24609375,,,,,,
8di7zd23,prev_pos_efference,15,15,420003840,1803.4873046875,426.0810546875,,,,,,
8di7zd23,prev_pos_efference,15,15,430080000,1807.2021484375,426.09375,,,,,,
8di7zd23,prev_pos_efference,15,15,440074240,1797.862548828125,424.33984375,,,,,,
8di7zd23,prev_pos_efference,15,15,450068480,1802.463623046875,424.4033203125,,,,,,
8di7zd23,prev_pos_efference,15,15,460062720,1823.5628662109373,429.794921875,,,,,,
8di7zd23,prev_pos_efference,15,15,470056960,1829.47412109375,431.044921875,,,,,,
8di7zd23,prev_pos_efference,15,15,480051200,1814.382568359375,427.6845703125,,,,,,
8di7zd23,prev_pos_efference,15,15,490045440,1779.6495361328125,419.71875,,,,,,
8di7zd23,prev_pos_efference,15,15,500039680,1815.2127685546875,427.0693359375,,,,,,
8di7zd23,prev_pos_efference,15,15,510033920,1823.4686279296875,429.1279296875,,,,,,
8di7zd23,prev_pos_efference,15,15,520028160,1824.192626953125,428.4140625,,,,,,
8di7zd23,prev_pos_efference,15,15,530022400,1805.9810791015625,424.681640625,,,,,,
8di7zd23,prev_pos_efference,15,15,540016640,1829.927978515625,430.0849609375,,,,,,
8di7zd23,prev_pos_efference,15,15,550010880,1829.7166748046875,429.7490234375,,,,,,
8di7zd23,prev_pos_efference,15,15,560005120,1843.11083984375,432.1591796875,,,,,,
8di7zd23,prev_pos_efference,15,15,570081280,1849.685546875,433.7470703125,,,,,,
8di7zd23,prev_pos_efference,15,15,580075520,1843.606689453125,432.73828125,,,,,,
8di7zd23,prev_pos_efference,15,15,590069760,1825.5616455078125,428.6875,,,,,,
8di7zd23,prev_pos_efference,15,15,600064000,1838.1839599609373,430.701171875,,,,,,
8ykr1nha,prev_pos_efference,20,20,0,363.8602294921875,194.375,,,,,,
8ykr1nha,prev_pos_efference,20,20,10076160,752.785888671875,243.2470703125,,,,,,
8ykr1nha,prev_pos_efference,20,20,20070400,874.3455200195312,266.904296875,,,,,,
8ykr1nha,prev_pos_efference,20,20,30064640,939.4497680664062,271.740234375,,,,,,
8ykr1nha,prev_pos_efference,20,20,40058880,1165.086181640625,320.4169921875,,,,,,
8ykr1nha,prev_pos_efference,20,20,50053120,1312.128662109375,346.08984375,,,,,,
8ykr1nha,prev_pos_efference,20,20,60047360,1391.382568359375,357.078125,,,,,,
8ykr1nha,prev_pos_efference,20,20,70041600,1475.29052734375,374.0029296875,,,,,,
8ykr1nha,prev_pos_efference,20,20,80035840,1499.011474609375,376.7060546875,,,,,,
8ykr1nha,prev_pos_efference,20,20,90030080,1488.7784423828125,373.3232421875,,,,,,
8ykr1nha,prev_pos_efference,20,20,100024320,1568.775390625,390.3447265625,,,,,,
8ykr1nha,prev_pos_efference,20,20,110018560,1592.4661865234375,394.6435546875,,,,,,
8ykr1nha,prev_pos_efference,20,20,120012800,1607.99755859375,395.5791015625,,,,,,
8ykr1nha,prev_pos_efference,20,20,130007040,1667.34326171875,409.263671875,,,,,,
8ykr1nha,prev_pos_efference,20,20,140001280,1643.6102294921875,402.7392578125,,,,,,
8ykr1nha,prev_pos_efference,20,20,150077440,1661.79736328125,405.5830078125,,,,,,
8ykr1nha,prev_pos_efference,20,20,160071680,1653.2841796875,403.826171875,,,,,,
8ykr1nha,prev_pos_efference,20,20,170065920,1684.64453125,410.3671875,,,,,,
8ykr1nha,prev_pos_efference,20,20,180060160,1713.138671875,415.0859375,,,,,,
8ykr1nha,prev_pos_efference,20,20,190054400,1694.232421875,409.9677734375,,,,,,
8ykr1nha,prev_pos_efference,20,20,200048640,1706.9403076171875,412.71875,,,,,,
8ykr1nha,prev_pos_efference,20,20,210042880,1704.8682861328125,411.107421875,,,,,,
8ykr1nha,prev_pos_efference,20,20,220037120,1717.903076171875,413.3779296875,,,,,,
8ykr1nha,prev_pos_efference,20,20,230031360,1733.2764892578125,416.3037109375,,,,,,
8ykr1nha,prev_pos_efference,20,20,240025600,1740.226806640625,416.478515625,,,,,,
8ykr1nha,prev_pos_efference,20,20,250019840,1722.9072265625,412.9091796875,,,,,,
8ykr1nha,prev_pos_efference,20,20,260014080,1753.4476318359375,419.53515625,,,,,,
8ykr1nha,prev_pos_efference,20,20,270008320,1730.65478515625,414.1435546875,,,,,,
8ykr1nha,prev_pos_efference,20,20,280002560,1711.9622802734375,409.4091796875,,,,,,
8ykr1nha,prev_pos_efference,20,20,290078720,1764.71630859375,421.3447265625,,,,,,
8ykr1nha,prev_pos_efference,20,20,300072960,1752.3778076171875,417.79296875,,,,,,
8ykr1nha,prev_pos_efference,20,20,310067200,1750.953125,417.162109375,,,,,,
8ykr1nha,prev_pos_efference,20,20,320061440,1734.91162109375,412.8056640625,,,,,,
8ykr1nha,prev_pos_efference,20,20,330055680,1784.72802734375,424.5302734375,,,,,,
8ykr1nha,prev_pos_efference,20,20,340049920,1733.8458251953125,412.1083984375,,,,,,
8ykr1nha,prev_pos_efference,20,20,350044160,1780.495361328125,422.345703125,,,,,,
8ykr1nha,prev_pos_efference,20,20,360038400,1784.7767333984375,422.2177734375,,,,,,
8ykr1nha,prev_pos_efference,20,20,370032640,1806.223876953125,426.9619140625,,,,,,
8ykr1nha,prev_pos_efference,20,20,380026880,1804.82568359375,427.5400390625,,,,,,
8ykr1nha,prev_pos_efference,20,20,390021120,1769.53173828125,419.2666015625,,,,,,
8ykr1nha,prev_pos_efference,20,20,400015360,1765.73193359375,418.4267578125,,,,,,
8ykr1nha,prev_pos_efference,20,20,410009600,1804.139404296875,426.20703125,,,,,,
8ykr1nha,prev_pos_efference,20,20,420003840,1800.314697265625,426.54296875,,,,,,
8ykr1nha,prev_pos_efference,20,20,430080000,1800.99560546875,425.9189453125,,,,,,
8ykr1nha,prev_pos_efference,20,20,440074240,1782.325439453125,420.953125,,,,,,
8ykr1nha,prev_pos_efference,20,20,450068480,1819.324951171875,429.255859375,,,,,,
8ykr1nha,prev_pos_efference,20,20,460062720,1809.794921875,427.078125,,,,,,
8ykr1nha,prev_pos_efference,20,20,470056960,1792.274658203125,423.7314453125,,,,,,
8ykr1nha,prev_pos_efference,20,20,480051200,1778.382080078125,419.697265625,,,,,,
8ykr1nha,prev_pos_efference,20,20,490045440,1812.6787109375,427.53125,,,,,,
8ykr1nha,prev_pos_efference,20,20,500039680,1809.7548828125,426.615234375,,,,,,
8ykr1nha,prev_pos_efference,20,20,510033920,1825.20654296875,429.3291015625,,,,,,
8ykr1nha,prev_pos_efference,20,20,520028160,1812.127197265625,426.66796875,,,,,,
8ykr1nha,prev_pos_efference,20,20,530022400,1831.879638671875,430.6689453125,,,,,,
8ykr1nha,prev_pos_efference,20,20,540016640,1831.70947265625,430.4853515625,,,,,,
8ykr1nha,prev_pos_efference,20,20,550010880,1814.223388671875,426.548828125,,,,,,
8ykr1nha,prev_pos_efference,20,20,560005120,1804.5635986328125,424.986328125,,,,,,
8ykr1nha,prev_pos_efference,20,20,570081280,1805.65771484375,425.265625,,,,,,
8ykr1nha,prev_pos_efference,20,20,580075520,1846.577392578125,433.9365234375,,,,,,
8ykr1nha,prev_pos_efference,20,20,590069760,1793.65380859375,421.751953125,,,,,,
8ykr1nha,prev_pos_efference,20,20,600064000,1830.5322265625,430.0771484375,,,,,,
ec0i0481,prev_pos_efference,25,25,0,365.3459777832031,195.0458984375,,,,,,
ec0i0481,prev_pos_efference,25,25,10076160,771.157958984375,252.42578125,,,,,,
ec0i0481,prev_pos_efference,25,25,20070400,863.1865234375,265.5546875,,,,,,
ec0i0481,prev_pos_efference,25,25,30064640,951.3988037109376,270.533203125,,,,,,
ec0i0481,prev_pos_efference,25,25,40058880,1090.21240234375,299.78515625,,,,,,
ec0i0481,prev_pos_efference,25,25,50053120,1295.679443359375,347.6181640625,,,,,,
ec0i0481,prev_pos_efference,25,25,60047360,1345.7734375,353.0703125,,,,,,
ec0i0481,prev_pos_efference,25,25,70041600,1422.625732421875,366.4912109375,,,,,,
ec0i0481,prev_pos_efference,25,25,80035840,1482.9378662109375,375.1142578125,,,,,,
ec0i0481,prev_pos_efference,25,25,90030080,1542.67138671875,389.533203125,,,,,,
ec0i0481,prev_pos_efference,25,25,100024320,1547.24560546875,385.8173828125,,,,,,
ec0i0481,prev_pos_efference,25,25,110018560,1594.2413330078125,394.912109375,,,,,,
ec0i0481,prev_pos_efference,25,25,120012800,1608.0450439453125,397.74609375,,,,,,
ec0i0481,prev_pos_efference,25,25,130007040,1644.8612060546875,404.0947265625,,,,,,
ec0i0481,prev_pos_efference,25,25,140001280,1623.646728515625,399.3486328125,,,,,,
ec0i0481,prev_pos_efference,25,25,150077440,1647.843994140625,403.185546875,,,,,,
ec0i0481,prev_pos_efference,25,25,160071680,1646.240234375,401.94140625,,,,,,
ec0i0481,prev_pos_efference,25,25,170065920,1630.98291015625,398.2802734375,,,,,,
ec0i0481,prev_pos_efference,25,25,180060160,1659.9029541015625,404.255859375,,,,,,
ec0i0481,prev_pos_efference,25,25,190054400,1682.9111328125,408.8125,,,,,,
ec0i0481,prev_pos_efference,25,25,200048640,1679.33349609375,408.017578125,,,,,,
ec0i0481,prev_pos_efference,25,25,210042880,1683.506591796875,406.111328125,,,,,,
ec0i0481,prev_pos_efference,25,25,220037120,1667.134521484375,403.1416015625,,,,,,
ec0i0481,prev_pos_efference,25,25,230031360,1685.3287353515625,406.5673828125,,,,,,
ec0i0481,prev_pos_efference,25,25,240025600,1739.260498046875,418.8291015625,,,,,,
ec0i0481,prev_pos_efference,25,25,250019840,1706.68603515625,410.671875,,,,,,
ec0i0481,prev_pos_efference,25,25,260014080,1743.2822265625,417.962890625,,,,,,
ec0i0481,prev_pos_efference,25,25,270008320,1697.17138671875,406.890625,,,,,,
ec0i0481,prev_pos_efference,25,25,280002560,1735.7857666015625,414.458984375,,,,,,
ec0i0481,prev_pos_efference,25,25,290078720,1738.802978515625,415.6044921875,,,,,,
ec0i0481,prev_pos_efference,25,25,300072960,1727.501220703125,412.7626953125,,,,,,
ec0i0481,prev_pos_efference,25,25,310067200,1741.919189453125,415.23046875,,,,,,
ec0i0481,prev_pos_efference,25,25,320061440,1770.2230224609375,420.6748046875,,,,,,
ec0i0481,prev_pos_efference,25,25,330055680,1772.8077392578125,422.9521484375,,,,,,
ec0i0481,prev_pos_efference,25,25,340049920,1770.34912109375,420.888671875,,,,,,
ec0i0481,prev_pos_efference,25,25,350044160,1763.2548828125,419.927734375,,,,,,
ec0i0481,prev_pos_efference,25,25,360038400,1777.60693359375,422.0439453125,,,,,,
ec0i0481,prev_pos_efference,25,25,370032640,1751.352294921875,416.021484375,,,,,,
ec0i0481,prev_pos_efference,25,25,380026880,1782.8575439453125,423.6904296875,,,,,,
ec0i0481,prev_pos_efference,25,25,390021120,1768.792724609375,421.0888671875,,,,,,
ec0i0481,prev_pos_efference,25,25,400015360,1771.408203125,421.1064453125,,,,,,
ec0i0481,prev_pos_efference,25,25,410009600,1741.7171630859375,413.5703125,,,,,,
ec0i0481,prev_pos_efference,25,25,420003840,1773.284423828125,421.2998046875,,,,,,
ec0i0481,prev_pos_efference,25,25,430080000,1787.845458984375,423.9453125,,,,,,
ec0i0481,prev_pos_efference,25,25,440074240,1770.9107666015625,420.0302734375,,,,,,
ec0i0481,prev_pos_efference,25,25,450068480,1780.794189453125,421.873046875,,,,,,
ec0i0481,prev_pos_efference,25,25,460062720,1801.5914306640625,425.8447265625,,,,,,
ec0i0481,prev_pos_efference,25,25,470056960,1812.88134765625,429.6875,,,,,,
ec0i0481,prev_pos_efference,25,25,480051200,1815.5816650390625,429.4365234375,,,,,,
ec0i0481,prev_pos_efference,25,25,490045440,1811.17529296875,428.0615234375,,,,,,
ec0i0481,prev_pos_efference,25,25,500039680,1785.2618408203125,421.673828125,,,,,,
ec0i0481,prev_pos_efference,25,25,510033920,1779.34033203125,420.2685546875,,,,,,
ec0i0481,prev_pos_efference,25,25,520028160,1797.028076171875,424.9345703125,,,,,,
ec0i0481,prev_pos_efference,25,25,530022400,1807.913330078125,426.6396484375,,,,,,
ec0i0481,prev_pos_efference,25,25,540016640,1808.498291015625,426.341796875,,,,,,
ec0i0481,prev_pos_efference,25,25,550010880,1787.5731201171875,421.240234375,,,,,,
ec0i0481,prev_pos_efference,25,25,560005120,1821.449951171875,428.62109375,,,,,,
ec0i0481,prev_pos_efference,25,25,570081280,1797.3323974609375,423.109375,,,,,,
ec0i0481,prev_pos_efference,25,25,580075520,1814.9273681640625,426.826171875,,,,,,
ec0i0481,prev_pos_efference,25,25,590069760,1825.426513671875,429.2705078125,,,,,,
ec0i0481,prev_pos_efference,25,25,600064000,1821.9376220703125,428.001953125,,,,,,
nsnfdku1,prev_pos_efference,30,30,0,365.9096374511719,195.373046875,,,,,,
nsnfdku1,prev_pos_efference,30,30,10076160,743.6709594726562,243.2978515625,,,,,,
nsnfdku1,prev_pos_efference,30,30,20070400,893.4542236328125,274.4873046875,,,,,,
nsnfdku1,prev_pos_efference,30,30,30064640,953.931884765625,276.4931640625,,,,,,
nsnfdku1,prev_pos_efference,30,30,40058880,1168.6265869140625,320.794921875,,,,,,
nsnfdku1,prev_pos_efference,30,30,50053120,1347.72265625,359.8994140625,,,,,,
nsnfdku1,prev_pos_efference,30,30,60047360,1403.8310546875,365.849609375,,,,,,
nsnfdku1,prev_pos_efference,30,30,70041600,1452.244140625,375.4462890625,,,,,,
nsnfdku1,prev_pos_efference,30,30,80035840,1474.0565185546875,374.6318359375,,,,,,
nsnfdku1,prev_pos_efference,30,30,90030080,1475.8951416015625,372.1708984375,,,,,,
nsnfdku1,prev_pos_efference,30,30,100024320,1526.505859375,383.017578125,,,,,,
nsnfdku1,prev_pos_efference,30,30,110018560,1568.88232421875,389.6650390625,,,,,,
nsnfdku1,prev_pos_efference,30,30,120012800,1547.026123046875,383.091796875,,,,,,
nsnfdku1,prev_pos_efference,30,30,130007040,1569.8055419921875,388.8759765625,,,,,,
nsnfdku1,prev_pos_efference,30,30,140001280,1603.043212890625,395.9208984375,,,,,,
nsnfdku1,prev_pos_efference,30,30,150077440,1626.04150390625,398.86328125,,,,,,
nsnfdku1,prev_pos_efference,30,30,160071680,1654.9407958984375,404.3544921875,,,,,,
nsnfdku1,prev_pos_efference,30,30,170065920,1634.239501953125,400.3427734375,,,,,,
nsnfdku1,prev_pos_efference,30,30,180060160,1639.20361328125,400.4169921875,,,,,,
nsnfdku1,prev_pos_efference,30,30,190054400,1645.9691162109375,401.5166015625,,,,,,
nsnfdku1,prev_pos_efference,30,30,200048640,1694.9544677734375,411.9423828125,,,,,,
nsnfdku1,prev_pos_efference,30,30,210042880,1650.99560546875,400.2412109375,,,,,,
nsnfdku1,prev_pos_efference,30,30,220037120,1696.742919921875,410.1201171875,,,,,,
nsnfdku1,prev_pos_efference,30,30,230031360,1695.422119140625,410.03515625,,,,,,
nsnfdku1,prev_pos_efference,30,30,240025600,1704.62255859375,411.5419921875,,,,,,
nsnfdku1,prev_pos_efference,30,30,250019840,1716.0467529296875,413.9296875,,,,,,
nsnfdku1,prev_pos_efference,30,30,260014080,1726.3560791015625,415.5283203125,,,,,,
nsnfdku1,prev_pos_efference,30,30,270008320,1682.59716796875,404.736328125,,,,,,
nsnfdku1,prev_pos_efference,30,30,280002560,1709.0933837890625,410.5498046875,,,,,,
nsnfdku1,prev_pos_efference,30,30,290078720,1763.746337890625,422.283203125,,,,,,
nsnfdku1,prev_pos_efference,30,30,300072960,1748.4381103515625,418.27734375,,,,,,
nsnfdku1,prev_pos_efference,30,30,310067200,1745.3056640625,417.408203125,,,,,,
nsnfdku1,prev_pos_efference,30,30,320061440,1726.92529296875,413.0625,,,,,,
nsnfdku1,prev_pos_efference,30,30,330055680,1746.217041015625,417.0625,,,,,,
nsnfdku1,prev_pos_efference,30,30,340049920,1761.8922119140625,421.2509765625,,,,,,
nsnfdku1,prev_pos_efference,30,30,350044160,1782.529296875,425.1201171875,,,,,,
nsnfdku1,prev_pos_efference,30,30,360038400,1765.220458984375,420.25390625,,,,,,
nsnfdku1,prev_pos_efference,30,30,370032640,1756.3837890625,419.0751953125,,,,,,
nsnfdku1,prev_pos_efference,30,30,380026880,1761.453125,419.3583984375,,,,,,
nsnfdku1,prev_pos_efference,30,30,390021120,1749.3599853515625,415.888671875,,,,,,
nsnfdku1,prev_pos_efference,30,30,400015360,1766.162841796875,420.314453125,,,,,,
nsnfdku1,prev_pos_efference,30,30,410009600,1765.0771484375,419.498046875,,,,,,
nsnfdku1,prev_pos_efference,30,30,420003840,1765.974365234375,419.234375,,,,,,
nsnfdku1,prev_pos_efference,30,30,430080000,1771.8162841796875,420.341796875,,,,,,
nsnfdku1,prev_pos_efference,30,30,440074240,1735.43798828125,411.6845703125,,,,,,
nsnfdku1,prev_pos_efference,30,30,450068480,1756.4473876953125,416.548828125,,,,,,
nsnfdku1,prev_pos_efference,30,30,460062720,1785.333984375,423.193359375,,,,,,
nsnfdku1,prev_pos_efference,30,30,470056960,1776.13818359375,421.21875,,,,,,
nsnfdku1,prev_pos_efference,30,30,480051200,1768.646728515625,419.0458984375,,,,,,
nsnfdku1,prev_pos_efference,30,30,490045440,1792.2877197265625,423.763671875,,,,,,
nsnfdku1,prev_pos_efference,30,30,500039680,1774.388427734375,418.9970703125,,,,,,
nsnfdku1,prev_pos_efference,30,30,510033920,1789.822509765625,423.474609375,,,,,,
nsnfdku1,prev_pos_efference,30,30,520028160,1781.9263916015625,420.70703125,,,,,,
nsnfdku1,prev_pos_efference,30,30,530022400,1773.443603515625,419.791015625,,,,,,
nsnfdku1,prev_pos_efference,30,30,540016640,1771.2412109375,418.21875,,,,,,
nsnfdku1,prev_pos_efference,30,30,550010880,1797.416015625,424.59375,,,,,,
nsnfdku1,prev_pos_efference,30,30,560005120,1805.2093505859373,426.408203125,,,,,,
nsnfdku1,prev_pos_efference,30,30,570081280,1762.730224609375,416.5009765625,,,,,,
nsnfdku1,prev_pos_efference,30,30,580075520,1778.433837890625,421.2529296875,,,,,,
nsnfdku1,prev_pos_efference,30,30,590069760,1788.46630859375,422.44921875,,,,,,
nsnfdku1,prev_pos_efference,30,30,600064000,1777.7584228515625,419.703125,,,,,,
wx2sx7a9,prev_pos_efference,40,40,0,365.2139892578125,195.0537109375,,,,,,
wx2sx7a9,prev_pos_efference,40,40,10076160,726.486328125,236.8525390625,,,,,,
wx2sx7a9,prev_pos_efference,40,40,20070400,853.67333984375,259.04296875,,,,,,
wx2sx7a9,prev_pos_efference,40,40,30064640,914.8360595703124,269.279296875,,,,,,
wx2sx7a9,prev_pos_efference,40,40,40058880,1025.6064453125,289.9658203125,,,,,,
wx2sx7a9,prev_pos_efference,40,40,50053120,1227.7540283203125,329.560546875,,,,,,
wx2sx7a9,prev_pos_efference,40,40,60047360,1349.3533935546875,355.4140625,,,,,,
wx2sx7a9,prev_pos_efference,40,40,70041600,1417.434326171875,368.9970703125,,,,,,
wx2sx7a9,prev_pos_efference,40,40,80035840,1461.1240234375,374.27734375,,,,,,
wx2sx7a9,prev_pos_efference,40,40,90030080,1458.110107421875,371.9384765625,,,,,,
wx2sx7a9,prev_pos_efference,40,40,100024320,1509.0638427734375,380.966796875,,,,,,
wx2sx7a9,prev_pos_efference,40,40,110018560,1440.0977783203125,363.3349609375,,,,,,
wx2sx7a9,prev_pos_efference,40,40,120012800,1528.721435546875,382.294921875,,,,,,
wx2sx7a9,prev_pos_efference,40,40,130007040,1516.79150390625,379.171875,,,,,,
wx2sx7a9,prev_pos_efference,40,40,140001280,1555.910400390625,386.666015625,,,,,,
wx2sx7a9,prev_pos_efference,40,40,150077440,1592.97998046875,394.6884765625,,,,,,
wx2sx7a9,prev_pos_efference,40,40,160071680,1652.76806640625,407.884765625,,,,,,
wx2sx7a9,prev_pos_efference,40,40,170065920,1650.4814453125,406.48828125,,,,,,
wx2sx7a9,prev_pos_efference,40,40,180060160,1652.22412109375,405.0908203125,,,,,,
wx2sx7a9,prev_pos_efference,40,40,190054400,1685.017822265625,411.666015625,,,,,,
wx2sx7a9,prev_pos_efference,40,40,200048640,1660.090576171875,404.017578125,,,,,,
wx2sx7a9,prev_pos_efference,40,40,210042880,1684.94970703125,409.873046875,,,,,,
wx2sx7a9,prev_pos_efference,40,40,220037120,1642.833984375,398.568359375,,,,,,
wx2sx7a9,prev_pos_efference,40,40,230031360,1699.067626953125,412.083984375,,,,,,
wx2sx7a9,prev_pos_efference,40,40,240025600,1683.537841796875,407.4736328125,,,,,,
wx2sx7a9,prev_pos_efference,40,40,250019840,1670.41015625,403.798828125,,,,,,
wx2sx7a9,prev_pos_efference,40,40,260014080,1697.076171875,410.00390625,,,,,,
wx2sx7a9,prev_pos_efference,40,40,270008320,1722.9150390625,415.9248046875,,,,,,
wx2sx7a9,prev_pos_efference,40,40,280002560,1693.845947265625,409.1943359375,,,,,,
wx2sx7a9,prev_pos_efference,40,40,290078720,1724.792236328125,415.3623046875,,,,,,
wx2sx7a9,prev_pos_efference,40,40,300072960,1727.1876220703125,416.3779296875,,,,,,
wx2sx7a9,prev_pos_efference,40,40,310067200,1725.788818359375,414.025390625,,,,,,
wx2sx7a9,prev_pos_efference,40,40,320061440,1734.16015625,415.751953125,,,,,,
wx2sx7a9,prev_pos_efference,40,40,330055680,1732.56787109375,415.3125,,,,,,
wx2sx7a9,prev_pos_efference,40,40,340049920,1760.583740234375,422.0234375,,,,,,
wx2sx7a9,prev_pos_efference,40,40,350044160,1769.2021484375,422.9970703125,,,,,,
wx2sx7a9,prev_pos_efference,40,40,360038400,1735.0888671875,415.2412109375,,,,,,
wx2sx7a9,prev_pos_efference,40,40,370032640,1744.8916015625,417.1357421875,,,,,,
wx2sx7a9,prev_pos_efference,40,40,380026880,1709.94873046875,409.0810546875,,,,,,
wx2sx7a9,prev_pos_efference,40,40,390021120,1735.7340087890625,414.5322265625,,,,,,
wx2sx7a9,prev_pos_efference,40,40,400015360,1747.09033203125,417.0380859375,,,,,,
wx2sx7a9,prev_pos_efference,40,40,410009600,1747.287353515625,416.90625,,,,,,
wx2sx7a9,prev_pos_efference,40,40,420003840,1743.40771484375,415.9580078125,,,,,,
wx2sx7a9,prev_pos_efference,40,40,430080000,1774.917724609375,423.1904296875,,,,,,
wx2sx7a9,prev_pos_efference,40,40,440074240,1753.1856689453125,417.1787109375,,,,,,
wx2sx7a9,prev_pos_efference,40,40,450068480,1753.9403076171875,416.28515625,,,,,,
wx2sx7a9,prev_pos_efference,40,40,460062720,1727.6903076171875,411.001953125,,,,,,
wx2sx7a9,prev_pos_efference,40,40,470056960,1753.369140625,415.5888671875,,,,,,
wx2sx7a9,prev_pos_efference,40,40,480051200,1771.1190185546875,419.9482421875,,,,,,
wx2sx7a9,prev_pos_efference,40,40,490045440,1758.8297119140625,417.0419921875,,,,,,
wx2sx7a9,prev_pos_efference,40,40,500039680,1779.0291748046875,421.6455078125,,,,,,
wx2sx7a9,prev_pos_efference,40,40,510033920,1768.1617431640625,418.849609375,,,,,,
wx2sx7a9,prev_pos_efference,40,40,520028160,1738.27001953125,412.984375,,,,,,
wx2sx7a9,prev_pos_efference,40,40,530022400,1756.16943359375,416.7431640625,,,,,,
wx2sx7a9,prev_pos_efference,40,40,540016640,1780.63525390625,421.7587890625,,,,,,
wx2sx7a9,prev_pos_efference,40,40,550010880,1773.500244140625,419.892578125,,,,,,
wx2sx7a9,prev_pos_efference,40,40,560005120,1758.649169921875,416.060546875,,,,,,
wx2sx7a9,prev_pos_efference,40,40,570081280,1752.977783203125,414.7177734375,,,,,,
wx2sx7a9,prev_pos_efference,40,40,580075520,1761.5263671875,416.8310546875,,,,,,
wx2sx7a9,prev_pos_efference,40,40,590069760,1785.41357421875,422.80859375,,,,,,
wx2sx7a9,prev_pos_efference,40,40,600064000,1776.5562744140625,419.111328125,,,,,,
shi2kpky,prev_pos_efference,50,50,0,366.1966247558594,195.3095703125,,,,,,
shi2kpky,prev_pos_efference,50,50,10076160,682.6488647460938,221.2626953125,,,,,,
shi2kpky,prev_pos_efference,50,50,20070400,844.713623046875,259.5419921875,,,,,,
shi2kpky,prev_pos_efference,50,50,30064640,913.1436767578124,268.197265625,,,,,,
shi2kpky,prev_pos_efference,50,50,40058880,987.9960327148438,285.1474609375,,,,,,
shi2kpky,prev_pos_efference,50,50,50053120,1128.9898681640625,312.7607421875,,,,,,
shi2kpky,prev_pos_efference,50,50,60047360,1290.3197021484375,347.271484375,,,,,,
shi2kpky,prev_pos_efference,50,50,70041600,1372.140380859375,362.572265625,,,,,,
shi2kpky,prev_pos_efference,50,50,80035840,1446.6982421875,375.984375,,,,,,
shi2kpky,prev_pos_efference,50,50,90030080,1473.84814453125,378.7060546875,,,,,,
shi2kpky,prev_pos_efference,50,50,100024320,1471.363037109375,374.47265625,,,,,,
shi2kpky,prev_pos_efference,50,50,110018560,1522.892578125,383.0849609375,,,,,,
shi2kpky,prev_pos_efference,50,50,120012800,1503.748291015625,376.7333984375,,,,,,
shi2kpky,prev_pos_efference,50,50,130007040,1520.5606689453125,382.2333984375,,,,,,
shi2kpky,prev_pos_efference,50,50,140001280,1529.5107421875,380.859375,,,,,,
shi2kpky,prev_pos_efference,50,50,150077440,1580.3359375,391.830078125,,,,,,
shi2kpky,prev_pos_efference,50,50,160071680,1569.094970703125,389.5908203125,,,,,,
shi2kpky,prev_pos_efference,50,50,170065920,1579.2921142578125,390.693359375,,,,,,
shi2kpky,prev_pos_efference,50,50,180060160,1623.15869140625,398.26953125,,,,,,
shi2kpky,prev_pos_efference,50,50,190054400,1625.991943359375,398.560546875,,,,,,
shi2kpky,prev_pos_efference,50,50,200048640,1635.3662109375,400.2607421875,,,,,,
shi2kpky,prev_pos_efference,50,50,210042880,1634.0775146484375,400.455078125,,,,,,
shi2kpky,prev_pos_efference,50,50,220037120,1636.0726318359375,398.0810546875,,,,,,
shi2kpky,prev_pos_efference,50,50,230031360,1658.4366455078125,404.509765625,,,,,,
shi2kpky,prev_pos_efference,50,50,240025600,1671.8460693359375,406.638671875,,,,,,
shi2kpky,prev_pos_efference,50,50,250019840,1672.9072265625,405.4482421875,,,,,,
shi2kpky,prev_pos_efference,50,50,260014080,1688.9747314453125,409.77734375,,,,,,
shi2kpky,prev_pos_efference,50,50,270008320,1664.63623046875,402.6796875,,,,,,
shi2kpky,prev_pos_efference,50,50,280002560,1707.270751953125,412.2802734375,,,,,,
shi2kpky,prev_pos_efference,50,50,290078720,1717.11279296875,413.859375,,,,,,
shi2kpky,prev_pos_efference,50,50,300072960,1753.8828125,422.3134765625,,,,,,
shi2kpky,prev_pos_efference,50,50,310067200,1757.1307373046875,421.8994140625,,,,,,
shi2kpky,prev_pos_efference,50,50,320061440,1719.4158935546875,412.7060546875,,,,,,
shi2kpky,prev_pos_efference,50,50,330055680,1738.703125,417.6005859375,,,,,,
shi2kpky,prev_pos_efference,50,50,340049920,1742.3460693359375,417.3154296875,,,,,,
shi2kpky,prev_pos_efference,50,50,350044160,1706.784912109375,409.666015625,,,,,,
shi2kpky,prev_pos_efference,50,50,360038400,1728.55517578125,414.6787109375,,,,,,
shi2kpky,prev_pos_efference,50,50,370032640,1762.6053466796875,421.224609375,,,,,,
shi2kpky,prev_pos_efference,50,50,380026880,1742.4599609375,416.6904296875,,,,,,
shi2kpky,prev_pos_efference,50,50,390021120,1750.5191650390625,417.736328125,,,,,,
shi2kpky,prev_pos_efference,50,50,400015360,1778.762451171875,424.1904296875,,,,,,
shi2kpky,prev_pos_efference,50,50,410009600,1736.49560546875,414.748046875,,,,,,
shi2kpky,prev_pos_efference,50,50,420003840,1746.064697265625,415.8232421875,,,,,,
shi2kpky,prev_pos_efference,50,50,430080000,1768.5028076171875,420.580078125,,,,,,
shi2kpky,prev_pos_efference,50,50,440074240,1742.6099853515625,415.7353515625,,,,,,
shi2kpky,prev_pos_efference,50,50,450068480,1753.13818359375,417.953125,,,,,,
shi2kpky,prev_pos_efference,50,50,460062720,1724.784912109375,412.4423828125,,,,,,
shi2kpky,prev_pos_efference,50,50,470056960,1772.0751953125,422.0654296875,,,,,,
shi2kpky,prev_pos_efference,50,50,480051200,1759.9835205078125,418.677734375,,,,,,
shi2kpky,prev_pos_efference,50,50,490045440,1758.7279052734375,417.701171875,,,,,,
shi2kpky,prev_pos_efference,50,50,500039680,1782.23388671875,424.66015625,,,,,,
shi2kpky,prev_pos_efference,50,50,510033920,1769.621337890625,420.8525390625,,,,,,
shi2kpky,prev_pos_efference,50,50,520028160,1800.874755859375,428.548828125,,,,,,
shi2kpky,prev_pos_efference,50,50,530022400,1783.43115234375,423.384765625,,,,,,
shi2kpky,prev_pos_efference,50,50,540016640,1761.25244140625,419.65625,,,,,,
shi2kpky,prev_pos_efference,50,50,550010880,1776.557373046875,422.263671875,,,,,,
shi2kpky,prev_pos_efference,50,50,560005120,1780.420654296875,422.63671875,,,,,,
shi2kpky,prev_pos_efference,50,50,570081280,1788.9000244140625,424.744140625,,,,,,
shi2kpky,prev_pos_efference,50,50,580075520,1803.4462890625,427.5732421875,,,,,,
shi2kpky,prev_pos_efference,50,50,590069760,1818.6846923828125,430.359375,,,,,,
shi2kpky,prev_pos_efference,50,50,600064000,1805.9808349609373,427.9853515625,,,,,,
vafxejxs,prev_pos_efference,60,60,0,364.9908752441406,194.6484375,,,,,,
vafxejxs,prev_pos_efference,60,60,10076160,670.636962890625,218.78125,,,,,,
vafxejxs,prev_pos_efference,60,60,20070400,837.0526123046875,253.5625,,,,,,
vafxejxs,prev_pos_efference,60,60,30064640,911.9976196289062,269.671875,,,,,,
vafxejxs,prev_pos_efference,60,60,40058880,949.2899169921876,267.8125,,,,,,
vafxejxs,prev_pos_efference,60,60,50053120,1032.937255859375,287.400390625,,,,,,
vafxejxs,prev_pos_efference,60,60,60047360,1098.982666015625,299.908203125,,,,,,
vafxejxs,prev_pos_efference,60,60,70041600,1299.364501953125,345.052734375,,,,,,
vafxejxs,prev_pos_efference,60,60,80035840,1378.783935546875,362.3994140625,,,,,,
vafxejxs,prev_pos_efference,60,60,90030080,1420.076416015625,368.6875,,,,,,
vafxejxs,prev_pos_efference,60,60,100024320,1431.9326171875,369.279296875,,,,,,
vafxejxs,prev_pos_efference,60,60,110018560,1400.9246826171875,362.0009765625,,,,,,
vafxejxs,prev_pos_efference,60,60,120012800,1426.0758056640625,365.494140625,,,,,,
vafxejxs,prev_pos_efference,60,60,130007040,1456.788818359375,368.0517578125,,,,,,
vafxejxs,prev_pos_efference,60,60,140001280,1476.370361328125,371.8115234375,,,,,,
vafxejxs,prev_pos_efference,60,60,150077440,1507.3006591796875,377.7744140625,,,,,,
vafxejxs,prev_pos_efference,60,60,160071680,1481.3253173828125,371.818359375,,,,,,
vafxejxs,prev_pos_efference,60,60,170065920,1571.1302490234375,390.6171875,,,,,,
vafxejxs,prev_pos_efference,60,60,180060160,1590.61474609375,396.2294921875,,,,,,
vafxejxs,prev_pos_efference,60,60,190054400,1640.841064453125,406.60546875,,,,,,
vafxejxs,prev_pos_efference,60,60,200048640,1587.90478515625,392.7607421875,,,,,,
vafxejxs,prev_pos_efference,60,60,210042880,1635.005126953125,403.22265625,,,,,,
vafxejxs,prev_pos_efference,60,60,220037120,1630.396240234375,402.302734375,,,,,,
vafxejxs,prev_pos_efference,60,60,230031360,1667.4107666015625,408.62890625,,,,,,
vafxejxs,prev_pos_efference,60,60,240025600,1666.390380859375,407.06640625,,,,,,
vafxejxs,prev_pos_efference,60,60,250019840,1689.422607421875,411.9482421875,,,,,,
vafxejxs,prev_pos_efference,60,60,260014080,1681.79150390625,407.890625,,,,,,
vafxejxs,prev_pos_efference,60,60,270008320,1688.336181640625,409.3740234375,,,,,,
vafxejxs,prev_pos_efference,60,60,280002560,1621.11572265625,395.619140625,,,,,,
vafxejxs,prev_pos_efference,60,60,290078720,1659.1890869140625,404.3740234375,,,,,,
vafxejxs,prev_pos_efference,60,60,300072960,1709.9981689453125,414.39453125,,,,,,
vafxejxs,prev_pos_efference,60,60,310067200,1703.1783447265625,411.814453125,,,,,,
vafxejxs,prev_pos_efference,60,60,320061440,1726.600341796875,417.5859375,,,,,,
vafxejxs,prev_pos_efference,60,60,330055680,1709.346435546875,413.5009765625,,,,,,
vafxejxs,prev_pos_efference,60,60,340049920,1715.498291015625,413.509765625,,,,,,
vafxejxs,prev_pos_efference,60,60,350044160,1747.0509033203125,420.2236328125,,,,,,
vafxejxs,prev_pos_efference,60,60,360038400,1717.44970703125,413.33203125,,,,,,
vafxejxs,prev_pos_efference,60,60,370032640,1731.541748046875,415.5068359375,,,,,,
vafxejxs,prev_pos_efference,60,60,380026880,1712.8814697265625,411.134765625,,,,,,
vafxejxs,prev_pos_efference,60,60,390021120,1717.489013671875,412.525390625,,,,,,
vafxejxs,prev_pos_efference,60,60,400015360,1712.27392578125,410.1171875,,,,,,
vafxejxs,prev_pos_efference,60,60,410009600,1731.904296875,414.7890625,,,,,,
vafxejxs,prev_pos_efference,60,60,420003840,1739.4669189453125,416.626953125,,,,,,
vafxejxs,prev_pos_efference,60,60,430080000,1733.49072265625,415.158203125,,,,,,
vafxejxs,prev_pos_efference,60,60,440074240,1755.846923828125,419.9677734375,,,,,,
vafxejxs,prev_pos_efference,60,60,450068480,1723.6995849609375,413.193359375,,,,,,
vafxejxs,prev_pos_efference,60,60,460062720,1746.9661865234375,418.287109375,,,,,,
vafxejxs,prev_pos_efference,60,60,470056960,1729.2611083984375,412.787109375,,,,,,
vafxejxs,prev_pos_efference,60,60,480051200,1745.8984375,417.0185546875,,,,,,
vafxejxs,prev_pos_efference,60,60,490045440,1724.76171875,411.56640625,,,,,,
vafxejxs,prev_pos_efference,60,60,500039680,1744.7677001953125,416.3720703125,,,,,,
vafxejxs,prev_pos_efference,60,60,510033920,1780.618896484375,423.73828125,,,,,,
vafxejxs,prev_pos_efference,60,60,520028160,1712.3441162109375,408.552734375,,,,,,
vafxejxs,prev_pos_efference,60,60,530022400,1760.8740234375,419.5,,,,,,
vafxejxs,prev_pos_efference,60,60,540016640,1791.970947265625,426.580078125,,,,,,
vafxejxs,prev_pos_efference,60,60,550010880,1772.25830078125,423.4541015625,,,,,,
vafxejxs,prev_pos_efference,60,60,560005120,1753.4747314453125,417.7958984375,,,,,,
vafxejxs,prev_pos_efference,60,60,570081280,1773.7427978515625,422.84765625,,,,,,
vafxejxs,prev_pos_efference,60,60,580075520,1726.624755859375,411.9736328125,,,,,,
vafxejxs,prev_pos_efference,60,60,590069760,1780.6900634765625,423.4326171875,,,,,,
vafxejxs,prev_pos_efference,60,60,600064000,1772.958251953125,421.11328125,,,,,,
p57vkvkk,prev_pos_efference,70,70,0,364.55950927734375,194.6669921875,,,,,,
p57vkvkk,prev_pos_efference,70,70,10076160,697.506591796875,227.341796875,,,,,,
p57vkvkk,prev_pos_efference,70,70,20070400,832.12548828125,254.6640625,,,,,,
p57vkvkk,prev_pos_efference,70,70,30064640,886.3447875976562,261.951171875,,,,,,
p57vkvkk,prev_pos_efference,70,70,40058880,914.4616088867188,262.2392578125,,,,,,
p57vkvkk,prev_pos_efference,70,70,50053120,1021.6930541992188,288.0322265625,,,,,,
p57vkvkk,prev_pos_efference,70,70,60047360,1076.21337890625,294.6396484375,,,,,,
p57vkvkk,prev_pos_efference,70,70,70041600,1262.414306640625,339.6201171875,,,,,,
p57vkvkk,prev_pos_efference,70,70,80035840,1268.525146484375,341.845703125,,,,,,
p57vkvkk,prev_pos_efference,70,70,90030080,1246.4163818359375,328.2666015625,,,,,,
p57vkvkk,prev_pos_efference,70,70,100024320,1367.09716796875,354.6943359375,,,,,,
p57vkvkk,prev_pos_efference,70,70,110018560,1375.438720703125,354.2958984375,,,,,,
p57vkvkk,prev_pos_efference,70,70,120012800,1450.788818359375,369.6337890625,,,,,,
p57vkvkk,prev_pos_efference,70,70,130007040,1493.6983642578125,379.095703125,,,,,,
p57vkvkk,prev_pos_efference,70,70,140001280,1500.223876953125,379.0546875,,,,,,
p57vkvkk,prev_pos_efference,70,70,150077440,1510.10205078125,380.0400390625,,,,,,
p57vkvkk,prev_pos_efference,70,70,160071680,1531.92724609375,384.0927734375,,,,,,
p57vkvkk,prev_pos_efference,70,70,170065920,1583.3697509765625,397.4375,,,,,,
p57vkvkk,prev_pos_efference,70,70,180060160,1560.92236328125,390.1611328125,,,,,,
p57vkvkk,prev_pos_efference,70,70,190054400,1589.5670166015625,394.7802734375,,,,,,
p57vkvkk,prev_pos_efference,70,70,200048640,1577.314697265625,390.3525390625,,,,,,
p57vkvkk,prev_pos_efference,70,70,210042880,1619.190185546875,400.021484375,,,,,,
p57vkvkk,prev_pos_efference,70,70,220037120,1645.851806640625,406.71484375,,,,,,
p57vkvkk,prev_pos_efference,70,70,230031360,1624.514892578125,400.8916015625,,,,,,
p57vkvkk,prev_pos_efference,70,70,240025600,1660.154541015625,407.7802734375,,,,,,
p57vkvkk,prev_pos_efference,70,70,250019840,1664.9310302734375,408.5625,,,,,,
p57vkvkk,prev_pos_efference,70,70,260014080,1644.420166015625,403.890625,,,,,,
p57vkvkk,prev_pos_efference,70,70,270008320,1681.349853515625,411.806640625,,,,,,
p57vkvkk,prev_pos_efference,70,70,280002560,1665.90478515625,406.6357421875,,,,,,
p57vkvkk,prev_pos_efference,70,70,290078720,1685.758056640625,411.4990234375,,,,,,
p57vkvkk,prev_pos_efference,70,70,300072960,1700.325439453125,412.9326171875,,,,,,
p57vkvkk,prev_pos_efference,70,70,310067200,1705.614013671875,413.404296875,,,,,,
p57vkvkk,prev_pos_efference,70,70,320061440,1702.2232666015625,412.39453125,,,,,,
p57vkvkk,prev_pos_efference,70,70,330055680,1727.944091796875,417.23046875,,,,,,
p57vkvkk,prev_pos_efference,70,70,340049920,1697.66064453125,410.041015625,,,,,,
p57vkvkk,prev_pos_efference,70,70,350044160,1717.0013427734375,414.099609375,,,,,,
p57vkvkk,prev_pos_efference,70,70,360038400,1705.2164306640625,412.1669921875,,,,,,
p57vkvkk,prev_pos_efference,70,70,370032640,1732.651611328125,418.1689453125,,,,,,
p57vkvkk,prev_pos_efference,70,70,380026880,1748.5948486328125,419.998046875,,,,,,
p57vkvkk,prev_pos_efference,70,70,390021120,1737.696533203125,417.935546875,,,,,,
p57vkvkk,prev_pos_efference,70,70,400015360,1704.584716796875,409.3740234375,,,,,,
p57vkvkk,prev_pos_efference,70,70,410009600,1732.052001953125,415.357421875,,,,,,
p57vkvkk,prev_pos_efference,70,70,420003840,1702.5086669921875,408.0556640625,,,,,,
p57vkvkk,prev_pos_efference,70,70,430080000,1732.7825927734375,415.3125,,,,,,
p57vkvkk,prev_pos_efference,70,70,440074240,1732.105712890625,413.7783203125,,,,,,
p57vkvkk,prev_pos_efference,70,70,450068480,1710.506591796875,408.900390625,,,,,,
p57vkvkk,prev_pos_efference,70,70,460062720,1748.629638671875,417.677734375,,,,,,
p57vkvkk,prev_pos_efference,70,70,470056960,1749.44091796875,418.146484375,,,,,,
p57vkvkk,prev_pos_efference,70,70,480051200,1740.53125,415.724609375,,,,,,
p57vkvkk,prev_pos_efference,70,70,490045440,1729.595947265625,412.5078125,,,,,,
p57vkvkk,prev_pos_efference,70,70,500039680,1756.6558837890625,418.2236328125,,,,,,
p57vkvkk,prev_pos_efference,70,70,510033920,1770.6923828125,421.4775390625,,,,,,
p57vkvkk,prev_pos_efference,70,70,520028160,1750.624755859375,417.74609375,,,,,,
p57vkvkk,prev_pos_efference,70,70,530022400,1746.547119140625,417.142578125,,,,,,
p57vkvkk,prev_pos_efference,70,70,540016640,1759.4827880859375,419.837890625,,,,,,
p57vkvkk,prev_pos_efference,70,70,550010880,1759.8968505859375,419.345703125,,,,,,
p57vkvkk,prev_pos_efference,70,70,560005120,1778.264892578125,424.0068359375,,,,,,
p57vkvkk,prev_pos_efference,70,70,570081280,1785.43212890625,425.1552734375,,,,,,
p57vkvkk,prev_pos_efference,70,70,580075520,1782.190673828125,424.009765625,,,,,,
p57vkvkk,prev_pos_efference,70,70,590069760,1786.6826171875,423.6796875,,,,,,
p57vkvkk,prev_pos_efference,70,70,600064000,1799.6058349609375,427.390625,,,,,,
vhb10bbx,prev_pos_efference,80,80,0,364.5513305664063,195.0126953125,,,,,,
vhb10bbx,prev_pos_efference,80,80,10076160,514.138427734375,173.6455078125,,,,,,
vhb10bbx,prev_pos_efference,80,80,20070400,806.43408203125,251.4072265625,,,,,,
vhb10bbx,prev_pos_efference,80,80,30064640,887.873046875,266.6806640625,,,,,,
vhb10bbx,prev_pos_efference,80,80,40058880,914.981689453125,265.7958984375,,,,,,
vhb10bbx,prev_pos_efference,80,80,50053120,962.3108520507812,275.1416015625,,,,,,
vhb10bbx,prev_pos_efference,80,80,60047360,1010.1031494140624,285.3115234375,,,,,,
vhb10bbx,prev_pos_efference,80,80,70041600,1113.39599609375,304.166015625,,,,,,
vhb10bbx,prev_pos_efference,80,80,80035840,1177.278564453125,319.287109375,,,,,,
vhb10bbx,prev_pos_efference,80,80,90030080,1217.911376953125,324.1044921875,,,,,,
vhb10bbx,prev_pos_efference,80,80,100024320,1339.0478515625,351.369140625,,,,,,
vhb10bbx,prev_pos_efference,80,80,110018560,1418.43212890625,368.5380859375,,,,,,
vhb10bbx,prev_pos_efference,80,80,120012800,1423.5103759765625,369.6005859375,,,,,,
vhb10bbx,prev_pos_efference,80,80,130007040,1451.36474609375,372.630859375,,,,,,
vhb10bbx,prev_pos_efference,80,80,140001280,1472.789306640625,375.685546875,,,,,,
vhb10bbx,prev_pos_efference,80,80,150077440,1482.9129638671875,376.6083984375,,,,,,
vhb10bbx,prev_pos_efference,80,80,160071680,1544.52978515625,389.4716796875,,,,,,
vhb10bbx,prev_pos_efference,80,80,170065920,1535.257568359375,387.9765625,,,,,,
vhb10bbx,prev_pos_efference,80,80,180060160,1522.786865234375,382.31640625,,,,,,
vhb10bbx,prev_pos_efference,80,80,190054400,1589.43017578125,396.8798828125,,,,,,
vhb10bbx,prev_pos_efference,80,80,200048640,1583.224365234375,395.3427734375,,,,,,
vhb10bbx,prev_pos_efference,80,80,210042880,1566.56982421875,392.6982421875,,,,,,
vhb10bbx,prev_pos_efference,80,80,220037120,1608.6412353515625,398.4951171875,,,,,,
vhb10bbx,prev_pos_efference,80,80,230031360,1639.883544921875,406.2109375,,,,,,
vhb10bbx,prev_pos_efference,80,80,240025600,1636.543212890625,402.77734375,,,,,,
vhb10bbx,prev_pos_efference,80,80,250019840,1646.119140625,405.1123046875,,,,,,
vhb10bbx,prev_pos_efference,80,80,260014080,1593.4234619140625,394.1357421875,,,,,,
vhb10bbx,prev_pos_efference,80,80,270008320,1683.932373046875,412.150390625,,,,,,
vhb10bbx,prev_pos_efference,80,80,280002560,1627.209716796875,398.3779296875,,,,,,
vhb10bbx,prev_pos_efference,80,80,290078720,1661.810546875,405.9765625,,,,,,
vhb10bbx,prev_pos_efference,80,80,300072960,1671.55419921875,406.853515625,,,,,,
vhb10bbx,prev_pos_efference,80,80,310067200,1706.4307861328125,415.615234375,,,,,,
vhb10bbx,prev_pos_efference,80,80,320061440,1699.036376953125,411.3125,,,,,,
vhb10bbx,prev_pos_efference,80,80,330055680,1714.02587890625,416.6005859375,,,,,,
vhb10bbx,prev_pos_efference,80,80,340049920,1699.5328369140625,411.587890625,,,,,,
vhb10bbx,prev_pos_efference,80,80,350044160,1720.744384765625,414.7724609375,,,,,,
vhb10bbx,prev_pos_efference,80,80,360038400,1715.651123046875,413.6416015625,,,,,,
vhb10bbx,prev_pos_efference,80,80,370032640,1734.833251953125,417.9130859375,,,,,,
vhb10bbx,prev_pos_efference,80,80,380026880,1745.33837890625,420.478515625,,,,,,
vhb10bbx,prev_pos_efference,80,80,390021120,1718.559814453125,413.6826171875,,,,,,
vhb10bbx,prev_pos_efference,80,80,400015360,1728.7724609375,415.6630859375,,,,,,
vhb10bbx,prev_pos_efference,80,80,410009600,1731.3050537109375,415.9228515625,,,,,,
vhb10bbx,prev_pos_efference,80,80,420003840,1764.2725830078125,423.431640625,,,,,,
vhb10bbx,prev_pos_efference,80,80,430080000,1719.0821533203125,413.2080078125,,,,,,
vhb10bbx,prev_pos_efference,80,80,440074240,1718.15234375,413.025390625,,,,,,
vhb10bbx,prev_pos_efference,80,80,450068480,1707.4271240234375,410.5029296875,,,,,,
vhb10bbx,prev_pos_efference,80,80,460062720,1727.456787109375,414.439453125,,,,,,
vhb10bbx,prev_pos_efference,80,80,470056960,1714.6304931640625,411.26953125,,,,,,
vhb10bbx,prev_pos_efference,80,80,480051200,1743.3345947265625,417.3974609375,,,,,,
vhb10bbx,prev_pos_efference,80,80,490045440,1725.370849609375,412.423828125,,,,,,
vhb10bbx,prev_pos_efference,80,80,500039680,1731.909912109375,413.8984375,,,,,,
vhb10bbx,prev_pos_efference,80,80,510033920,1731.6644287109375,413.54296875,,,,,,
vhb10bbx,prev_pos_efference,80,80,520028160,1773.0623779296875,423.7607421875,,,,,,
vhb10bbx,prev_pos_efference,80,80,530022400,1740.091796875,415.40625,,,,,,
vhb10bbx,prev_pos_efference,80,80,540016640,1782.3543701171875,424.1884765625,,,,,,
vhb10bbx,prev_pos_efference,80,80,550010880,1766.641357421875,421.326171875,,,,,,
vhb10bbx,prev_pos_efference,80,80,560005120,1780.2603759765625,423.0927734375,,,,,,
vhb10bbx,prev_pos_efference,80,80,570081280,1759.931884765625,418.068359375,,,,,,
vhb10bbx,prev_pos_efference,80,80,580075520,1767.19580078125,420.173828125,,,,,,
vhb10bbx,prev_pos_efference,80,80,590069760,1776.63232421875,422.5126953125,,,,,,
vhb10bbx,prev_pos_efference,80,80,600064000,1788.1083984375,426.427734375,,,,,,
uo9l3o1s,prev_pos_efference,90,90,0,363.4363403320313,194.6767578125,,,,,,
uo9l3o1s,prev_pos_efference,90,90,10076160,676.6380615234375,224.1025390625,,,,,,
uo9l3o1s,prev_pos_efference,90,90,20070400,784.324462890625,244.2646484375,,,,,,
uo9l3o1s,prev_pos_efference,90,90,30064640,849.7105712890625,252.7529296875,,,,,,
uo9l3o1s,prev_pos_efference,90,90,40058880,932.171630859375,273.3388671875,,,,,,
uo9l3o1s,prev_pos_efference,90,90,50053120,952.4993896484376,273.076171875,,,,,,
uo9l3o1s,prev_pos_efference,90,90,60047360,1029.4388427734375,288.3212890625,,,,,,
uo9l3o1s,prev_pos_efference,90,90,70041600,1001.7328491210938,276.6796875,,,,,,
uo9l3o1s,prev_pos_efference,90,90,80035840,1077.144775390625,294.01171875,,,,,,
uo9l3o1s,prev_pos_efference,90,90,90030080,1216.292724609375,329.1220703125,,,,,,
uo9l3o1s,prev_pos_efference,90,90,100024320,1241.02880859375,329.0791015625,,,,,,
uo9l3o1s,prev_pos_efference,90,90,110018560,1366.06591796875,363.6796875,,,,,,
uo9l3o1s,prev_pos_efference,90,90,120012800,1410.8323974609375,366.04296875,,,,,,
uo9l3o1s,prev_pos_efference,90,90,130007040,1412.14599609375,363.0595703125,,,,,,
uo9l3o1s,prev_pos_efference,90,90,140001280,1456.7392578125,373.1708984375,,,,,,
uo9l3o1s,prev_pos_efference,90,90,150077440,1491.1478271484375,380.5107421875,,,,,,
uo9l3o1s,prev_pos_efference,90,90,160071680,1447.08544921875,367.03515625,,,,,,
uo9l3o1s,prev_pos_efference,90,90,170065920,1480.91748046875,373.0078125,,,,,,
uo9l3o1s,prev_pos_efference,90,90,180060160,1531.94775390625,385.462890625,,,,,,
uo9l3o1s,prev_pos_efference,90,90,190054400,1516.5338134765625,380.0986328125,,,,,,
uo9l3o1s,prev_pos_efference,90,90,200048640,1566.12744140625,390.2265625,,,,,,
uo9l3o1s,prev_pos_efference,90,90,210042880,1578.6524658203125,393.451171875,,,,,,
uo9l3o1s,prev_pos_efference,90,90,220037120,1582.420166015625,392.7265625,,,,,,
uo9l3o1s,prev_pos_efference,90,90,230031360,1583.0518798828125,391.5703125,,,,,,
uo9l3o1s,prev_pos_efference,90,90,240025600,1640.2371826171875,406.205078125,,,,,,
uo9l3o1s,prev_pos_efference,90,90,250019840,1596.425048828125,395.2197265625,,,,,,
uo9l3o1s,prev_pos_efference,90,90,260014080,1598.92041015625,393.984375,,,,,,
uo9l3o1s,prev_pos_efference,90,90,270008320,1632.9833984375,402.9296875,,,,,,
uo9l3o1s,prev_pos_efference,90,90,280002560,1673.3985595703125,409.8232421875,,,,,,
uo9l3o1s,prev_pos_efference,90,90,290078720,1695.7919921875,411.2685546875,,,,,,
uo9l3o1s,prev_pos_efference,90,90,300072960,1714.99560546875,416.7470703125,,,,,,
uo9l3o1s,prev_pos_efference,90,90,310067200,1696.51025390625,413.337890625,,,,,,
uo9l3o1s,prev_pos_efference,90,90,320061440,1684.677490234375,410.16796875,,,,,,
uo9l3o1s,prev_pos_efference,90,90,330055680,1687.5272216796875,409.4765625,,,,,,
uo9l3o1s,prev_pos_efference,90,90,340049920,1650.749755859375,401.1005859375,,,,,,
uo9l3o1s,prev_pos_efference,90,90,350044160,1714.338623046875,415.6015625,,,,,,
uo9l3o1s,prev_pos_efference,90,90,360038400,1710.124755859375,414.06640625,,,,,,
uo9l3o1s,prev_pos_efference,90,90,370032640,1701.681640625,411.96875,,,,,,
uo9l3o1s,prev_pos_efference,90,90,380026880,1694.1878662109375,410.0556640625,,,,,,
uo9l3o1s,prev_pos_efference,90,90,390021120,1675.120361328125,404.431640625,,,,,,
uo9l3o1s,prev_pos_efference,90,90,400015360,1697.138916015625,409.7138671875,,,,,,
uo9l3o1s,prev_pos_efference,90,90,410009600,1714.9710693359375,412.5546875,,,,,,
uo9l3o1s,prev_pos_efference,90,90,420003840,1729.9554443359375,416.3466796875,,,,,,
uo9l3o1s,prev_pos_efference,90,90,430080000,1736.8756103515625,417.0283203125,,,,,,
uo9l3o1s,prev_pos_efference,90,90,440074240,1722.262451171875,414.0908203125,,,,,,
uo9l3o1s,prev_pos_efference,90,90,450068480,1696.401123046875,409.2958984375,,,,,,
uo9l3o1s,prev_pos_efference,90,90,460062720,1702.953369140625,409.1181640625,,,,,,
uo9l3o1s,prev_pos_efference,90,90,470056960,1677.453369140625,404.78515625,,,,,,
uo9l3o1s,prev_pos_efference,90,90,480051200,1712.568359375,411.5615234375,,,,,,
uo9l3o1s,prev_pos_efference,90,90,490045440,1688.9625244140625,406.5556640625,,,,,,
uo9l3o1s,prev_pos_efference,90,90,500039680,1715.4271240234375,410.935546875,,,,,,
uo9l3o1s,prev_pos_efference,90,90,510033920,1747.4329833984375,418.5595703125,,,,,,
uo9l3o1s,prev_pos_efference,90,90,520028160,1733.1044921875,415.291015625,,,,,,
uo9l3o1s,prev_pos_efference,90,90,530022400,1734.5517578125,415.0810546875,,,,,,
uo9l3o1s,prev_pos_efference,90,90,540016640,1770.110595703125,422.2578125,,,,,,
uo9l3o1s,prev_pos_efference,90,90,550010880,1744.01513671875,416.095703125,,,,,,
uo9l3o1s,prev_pos_efference,90,90,560005120,1758.69189453125,419.76953125,,,,,,
uo9l3o1s,prev_pos_efference,90,90,570081280,1753.120361328125,417.3583984375,,,,,,
uo9l3o1s,prev_pos_efference,90,90,580075520,1767.938232421875,421.22265625,,,,,,
uo9l3o1s,prev_pos_efference,90,90,590069760,1794.555908203125,426.4716796875,,,,,,
uo9l3o1s,prev_pos_efference,90,90,600064000,1721.676513671875,410.43359375,,,,,,
9lycwxlg,prev_pos_efference,100,100,0,363.390869140625,195.009765625,,,,,,
9lycwxlg,prev_pos_efference,100,100,10076160,568.1549682617188,191.490234375,,,,,,
9lycwxlg,prev_pos_efference,100,100,20070400,738.4044189453125,229.1201171875,,,,,,
9lycwxlg,prev_pos_efference,100,100,30064640,861.9102783203125,260.1904296875,,,,,,
9lycwxlg,prev_pos_efference,100,100,40058880,915.7125854492188,271.7255859375,,,,,,
9lycwxlg,prev_pos_efference,100,100,50053120,975.4932250976562,280.609375,,,,,,
9lycwxlg,prev_pos_efference,100,100,60047360,1007.2610473632812,281.6513671875,,,,,,
9lycwxlg,prev_pos_efference,100,100,70041600,1097.5604248046875,305.876953125,,,,,,
9lycwxlg,prev_pos_efference,100,100,80035840,1111.40087890625,303.400390625,,,,,,
9lycwxlg,prev_pos_efference,100,100,90030080,1139.782958984375,309.470703125,,,,,,
9lycwxlg,prev_pos_efference,100,100,100024320,1314.8511962890625,351.1123046875,,,,,,
9lycwxlg,prev_pos_efference,100,100,110018560,1359.133056640625,356.7939453125,,,,,,
9lycwxlg,prev_pos_efference,100,100,120012800,1294.8392333984375,339.5849609375,,,,,,
9lycwxlg,prev_pos_efference,100,100,130007040,1421.96875,369.66015625,,,,,,
9lycwxlg,prev_pos_efference,100,100,140001280,1470.3685302734375,377.296875,,,,,,
9lycwxlg,prev_pos_efference,100,100,150077440,1482.04052734375,380.1484375,,,,,,
9lycwxlg,prev_pos_efference,100,100,160071680,1467.58349609375,376.3623046875,,,,,,
9lycwxlg,prev_pos_efference,100,100,170065920,1498.41943359375,381.4521484375,,,,,,
9lycwxlg,prev_pos_efference,100,100,180060160,1531.28564453125,389.50390625,,,,,,
9lycwxlg,prev_pos_efference,100,100,190054400,1528.6802978515625,386.072265625,,,,,,
9lycwxlg,prev_pos_efference,100,100,200048640,1536.654296875,387.5166015625,,,,,,
9lycwxlg,prev_pos_efference,100,100,210042880,1572.53076171875,394.333984375,,,,,,
9lycwxlg,prev_pos_efference,100,100,220037120,1581.158203125,394.1826171875,,,,,,
9lycwxlg,prev_pos_efference,100,100,230031360,1577.245849609375,392.765625,,,,,,
9lycwxlg,prev_pos_efference,100,100,240025600,1617.217041015625,401.7861328125,,,,,,
9lycwxlg,prev_pos_efference,100,100,250019840,1572.6953125,388.8115234375,,,,,,
9lycwxlg,prev_pos_efference,100,100,260014080,1617.211181640625,398.8974609375,,,,,,
9lycwxlg,prev_pos_efference,100,100,270008320,1629.790283203125,402.603515625,,,,,,
9lycwxlg,prev_pos_efference,100,100,280002560,1647.5634765625,405.7236328125,,,,,,
9lycwxlg,prev_pos_efference,100,100,290078720,1623.2967529296875,399.712890625,,,,,,
9lycwxlg,prev_pos_efference,100,100,300072960,1679.6702880859375,412.4951171875,,,,,,
9lycwxlg,prev_pos_efference,100,100,310067200,1640.51611328125,403.193359375,,,,,,
9lycwxlg,prev_pos_efference,100,100,320061440,1670.891845703125,408.875,,,,,,
9lycwxlg,prev_pos_efference,100,100,330055680,1691.7784423828125,412.53515625,,,,,,
9lycwxlg,prev_pos_efference,100,100,340049920,1679.8768310546875,409.3623046875,,,,,,
9lycwxlg,prev_pos_efference,100,100,350044160,1689.880615234375,411.892578125,,,,,,
9lycwxlg,prev_pos_efference,100,100,360038400,1707.854736328125,414.6796875,,,,,,
9lycwxlg,prev_pos_efference,100,100,370032640,1702.0670166015625,411.9150390625,,,,,,
9lycwxlg,prev_pos_efference,100,100,380026880,1737.1195068359375,422.1220703125,,,,,,
9lycwxlg,prev_pos_efference,100,100,390021120,1697.494873046875,410.98828125,,,,,,
9lycwxlg,prev_pos_efference,100,100,400015360,1678.669921875,406.623046875,,,,,,
9lycwxlg,prev_pos_efference,100,100,410009600,1688.0068359375,410.25390625,,,,,,
9lycwxlg,prev_pos_efference,100,100,420003840,1708.506591796875,413.8603515625,,,,,,
9lycwxlg,prev_pos_efference,100,100,430080000,1690.34375,409.82421875,,,,,,
9lycwxlg,prev_pos_efference,100,100,440074240,1682.2393798828125,407.552734375,,,,,,
9lycwxlg,prev_pos_efference,100,100,450068480,1711.800537109375,412.7685546875,,,,,,
9lycwxlg,prev_pos_efference,100,100,460062720,1724.1064453125,416.6435546875,,,,,,
9lycwxlg,prev_pos_efference,100,100,470056960,1695.8458251953125,409.8583984375,,,,,,
9lycwxlg,prev_pos_efference,100,100,480051200,1707.400634765625,410.90625,,,,,,
9lycwxlg,prev_pos_efference,100,100,490045440,1745.0718994140625,419.9541015625,,,,,,
9lycwxlg,prev_pos_efference,100,100,500039680,1743.58984375,420.2041015625,,,,,,
9lycwxlg,prev_pos_efference,100,100,510033920,1759.0068359375,422.8955078125,,,,,,
9lycwxlg,prev_pos_efference,100,100,520028160,1749.3494873046875,421.1376953125,,,,,,
9lycwxlg,prev_pos_efference,100,100,530022400,1722.369873046875,413.8232421875,,,,,,
9lycwxlg,prev_pos_efference,100,100,540016640,1737.953369140625,417.4140625,,,,,,
9lycwxlg,prev_pos_efference,100,100,550010880,1760.88623046875,422.10546875,,,,,,
9lycwxlg,prev_pos_efference,100,100,560005120,1747.7017822265625,419.669921875,,,,,,
9lycwxlg,prev_pos_efference,100,100,570081280,1733.234619140625,415.48046875,,,,,,
9lycwxlg,prev_pos_efference,100,100,580075520,1733.30517578125,415.357421875,,,,,,
9lycwxlg,prev_pos_efference,100,100,590069760,1732.099609375,416.8623046875,,,,,,
9lycwxlg,prev_pos_efference,100,100,600064000,1737.036865234375,416.423828125,,,,,,
734woltb,prev_torque_efference,0,0,0,180.96987915039065,100.6796875,,,,,,
734woltb,prev_torque_efference,0,0,10076160,636.1832885742188,217.3984375,,,,,,
734woltb,prev_torque_efference,0,0,20070400,827.0108642578125,253.2001953125,,,,,,
734woltb,prev_torque_efference,0,0,30064640,960.1842041015624,277.0,,,,,,
734woltb,prev_torque_efference,0,0,40058880,1090.8118896484375,298.177734375,,,,,,
734woltb,prev_torque_efference,0,0,50053120,1275.7855224609375,333.857421875,,,,,,
734woltb,prev_torque_efference,0,0,60047360,1442.3607177734375,367.109375,,,,,,
734woltb,prev_torque_efference,0,0,70041600,1620.13916015625,401.849609375,,,,,,
734woltb,prev_torque_efference,0,0,80035840,1668.87939453125,406.8994140625,,,,,,
734woltb,prev_torque_efference,0,0,90030080,1773.399658203125,425.90234375,,,,,,
734woltb,prev_torque_efference,0,0,100024320,1801.57666015625,428.7412109375,,,,,,
734woltb,prev_torque_efference,0,0,110018560,1824.6181640625,432.607421875,,,,,,
734woltb,prev_torque_efference,0,0,120012800,1859.985595703125,436.7431640625,,,,,,
734woltb,prev_torque_efference,0,0,130007040,1869.14306640625,437.2578125,,,,,,
734woltb,prev_torque_efference,0,0,140001280,1905.2744140625,442.5830078125,,,,,,
734woltb,prev_torque_efference,0,0,150077440,1906.75244140625,441.5859375,,,,,,
734woltb,prev_torque_efference,0,0,160071680,1906.0380859375,439.9169921875,,,,,,
734woltb,prev_torque_efference,0,0,170065920,1919.851318359375,442.2939453125,,,,,,
734woltb,prev_torque_efference,0,0,180060160,1916.27783203125,440.095703125,,,,,,
734woltb,prev_torque_efference,0,0,190054400,1927.478759765625,442.2607421875,,,,,,
734woltb,prev_torque_efference,0,0,200048640,1928.03076171875,441.2373046875,,,,,,
734woltb,prev_torque_efference,0,0,210042880,1927.517333984375,441.0341796875,,,,,,
734woltb,prev_torque_efference,0,0,220037120,1929.853515625,440.5703125,,,,,,
734woltb,prev_torque_efference,0,0,230031360,1938.4932861328125,442.01953125,,,,,,
734woltb,prev_torque_efference,0,0,240025600,1942.6796875,442.3916015625,,,,,,
734woltb,prev_torque_efference,0,0,250019840,1954.294189453125,444.6181640625,,,,,,
734woltb,prev_torque_efference,0,0,260014080,1943.88720703125,441.0166015625,,,,,,
734woltb,prev_torque_efference,0,0,270008320,1953.80078125,442.3984375,,,,,,
734woltb,prev_torque_efference,0,0,280002560,1950.624267578125,441.521484375,,,,,,
734woltb,prev_torque_efference,0,0,290078720,1948.8685302734373,441.0361328125,,,,,,
734woltb,prev_torque_efference,0,0,300072960,1948.213134765625,440.3681640625,,,,,,
734woltb,prev_torque_efference,0,0,310067200,1958.887451171875,442.0537109375,,,,,,
734woltb,prev_torque_efference,0,0,320061440,1953.469482421875,441.4697265625,,,,,,
734woltb,prev_torque_efference,0,0,330055680,1966.192626953125,443.1552734375,,,,,,
734woltb,prev_torque_efference,0,0,340049920,1968.52490234375,443.419921875,,,,,,
734woltb,prev_torque_efference,0,0,350044160,1974.707275390625,444.3056640625,,,,,,
734woltb,prev_torque_efference,0,0,360038400,1965.8328857421875,442.4765625,,,,,,
734woltb,prev_torque_efference,0,0,370032640,1960.447265625,440.53515625,,,,,,
734woltb,prev_torque_efference,0,0,380026880,1983.6844482421875,445.81640625,,,,,,
734woltb,prev_torque_efference,0,0,390021120,1978.18505859375,444.4892578125,,,,,,
734woltb,prev_torque_efference,0,0,400015360,1975.31689453125,443.634765625,,,,,,
734woltb,prev_torque_efference,0,0,410009600,1975.896728515625,443.646484375,,,,,,
734woltb,prev_torque_efference,0,0,420003840,1960.6026611328125,440.12890625,,,,,,
734woltb,prev_torque_efference,0,0,430080000,1974.038818359375,442.5712890625,,,,,,
734woltb,prev_torque_efference,0,0,440074240,1983.0364990234373,444.0234375,,,,,,
734woltb,prev_torque_efference,0,0,450068480,1979.0897216796875,443.5751953125,,,,,,
734woltb,prev_torque_efference,0,0,460062720,1984.7252197265625,444.44140625,,,,,,
734woltb,prev_torque_efference,0,0,470056960,1977.2255859375,442.974609375,,,,,,
734woltb,prev_torque_efference,0,0,480051200,1975.044677734375,441.888671875,,,,,,
734woltb,prev_torque_efference,0,0,490045440,1975.3287353515625,441.947265625,,,,,,
734woltb,prev_torque_efference,0,0,500039680,1995.5911865234373,446.2763671875,,,,,,
734woltb,prev_torque_efference,0,0,510033920,1983.6236572265625,443.3173828125,,,,,,
734woltb,prev_torque_efference,0,0,520028160,1990.576904296875,444.0791015625,,,,,,
734woltb,prev_torque_efference,0,0,530022400,1994.059326171875,444.8486328125,,,,,,
734woltb,prev_torque_efference,0,0,540016640,1995.532470703125,445.041015625,,,,,,
734woltb,prev_torque_efference,0,0,550010880,1992.7564697265625,443.890625,,,,,,
734woltb,prev_torque_efference,0,0,560005120,1991.783447265625,444.462890625,,,,,,
734woltb,prev_torque_efference,0,0,570081280,1996.899169921875,445.25,,,,,,
734woltb,prev_torque_efference,0,0,580075520,1994.400634765625,444.3583984375,,,,,,
734woltb,prev_torque_efference,0,0,590069760,2002.254150390625,445.6298828125,,,,,,
734woltb,prev_torque_efference,0,0,600064000,2004.005615234375,446.1865234375,,,,,,
ukzi7fjb,prev_torque_efference,0,0,0,180.92271423339844,100.505859375,,,,,,
ukzi7fjb,prev_torque_efference,0,0,10076160,651.9537963867188,222.2314453125,,,,,,
ukzi7fjb,prev_torque_efference,0,0,20070400,832.1431884765625,256.28125,,,,,,
ukzi7fjb,prev_torque_efference,0,0,30064640,972.4032592773438,278.0908203125,,,,,,
ukzi7fjb,prev_torque_efference,0,0,40058880,1086.167236328125,297.4169921875,,,,,,
ukzi7fjb,prev_torque_efference,0,0,50053120,1272.487548828125,334.744140625,,,,,,
ukzi7fjb,prev_torque_efference,0,0,60047360,1467.743896484375,373.9501953125,,,,,,
ukzi7fjb,prev_torque_efference,0,0,70041600,1588.8497314453125,394.0751953125,,,,,,
ukzi7fjb,prev_torque_efference,0,0,80035840,1703.877685546875,415.98046875,,,,,,
ukzi7fjb,prev_torque_efference,0,0,90030080,1751.852294921875,422.22265625,,,,,,
ukzi7fjb,prev_torque_efference,0,0,100024320,1774.850830078125,423.9892578125,,,,,,
ukzi7fjb,prev_torque_efference,0,0,110018560,1807.8505859375,427.955078125,,,,,,
ukzi7fjb,prev_torque_efference,0,0,120012800,1852.591064453125,436.2548828125,,,,,,
ukzi7fjb,prev_torque_efference,0,0,130007040,1848.28125,432.861328125,,,,,,
ukzi7fjb,prev_torque_efference,0,0,140001280,1864.343994140625,434.71484375,,,,,,
ukzi7fjb,prev_torque_efference,0,0,150077440,1881.803955078125,437.3916015625,,,,,,
ukzi7fjb,prev_torque_efference,0,0,160071680,1885.656982421875,436.2705078125,,,,,,
ukzi7fjb,prev_torque_efference,0,0,170065920,1901.6932373046875,439.75,,,,,,
ukzi7fjb,prev_torque_efference,0,0,180060160,1905.01806640625,438.30859375,,,,,,
ukzi7fjb,prev_torque_efference,0,0,190054400,1915.70166015625,439.671875,,,,,,
ukzi7fjb,prev_torque_efference,0,0,200048640,1927.225341796875,441.1572265625,,,,,,
ukzi7fjb,prev_torque_efference,0,0,210042880,1930.463623046875,441.2685546875,,,,,,
ukzi7fjb,prev_torque_efference,0,0,220037120,1930.2852783203125,440.49609375,,,,,,
ukzi7fjb,prev_torque_efference,0,0,230031360,1947.7100830078125,443.6474609375,,,,,,
ukzi7fjb,prev_torque_efference,0,0,240025600,1943.408203125,442.7822265625,,,,,,
ukzi7fjb,prev_torque_efference,0,0,250019840,1926.41943359375,437.9091796875,,,,,,
ukzi7fjb,prev_torque_efference,0,0,260014080,1936.6829833984373,440.0947265625,,,,,,
ukzi7fjb,prev_torque_efference,0,0,270008320,1950.55517578125,442.7900390625,,,,,,
ukzi7fjb,prev_torque_efference,0,0,280002560,1951.779052734375,442.0576171875,,,,,,
ukzi7fjb,prev_torque_efference,0,0,290078720,1952.685546875,441.5732421875,,,,,,
ukzi7fjb,prev_torque_efference,0,0,300072960,1955.29443359375,442.361328125,,,,,,
ukzi7fjb,prev_torque_efference,0,0,310067200,1959.630126953125,442.55078125,,,,,,
ukzi7fjb,prev_torque_efference,0,0,320061440,1963.582275390625,443.2861328125,,,,,,
ukzi7fjb,prev_torque_efference,0,0,330055680,1966.557861328125,443.076171875,,,,,,
ukzi7fjb,prev_torque_efference,0,0,340049920,1972.02978515625,443.9912109375,,,,,,
ukzi7fjb,prev_torque_efference,0,0,350044160,1963.0419921875,442.2392578125,,,,,,
ukzi7fjb,prev_torque_efference,0,0,360038400,1969.6461181640625,443.1650390625,,,,,,
ukzi7fjb,prev_torque_efference,0,0,370032640,1975.5361328125,443.7138671875,,,,,,
ukzi7fjb,prev_torque_efference,0,0,380026880,1972.19921875,443.7529296875,,,,,,
ukzi7fjb,prev_torque_efference,0,0,390021120,1982.759521484375,445.3505859375,,,,,,
ukzi7fjb,prev_torque_efference,0,0,400015360,1973.11767578125,442.88671875,,,,,,
ukzi7fjb,prev_torque_efference,0,0,410009600,1972.039794921875,443.3134765625,,,,,,
ukzi7fjb,prev_torque_efference,0,0,420003840,1982.998779296875,445.1064453125,,,,,,
ukzi7fjb,prev_torque_efference,0,0,430080000,1988.4405517578125,445.9521484375,,,,,,
ukzi7fjb,prev_torque_efference,0,0,440074240,1985.6175537109373,444.3857421875,,,,,,
ukzi7fjb,prev_torque_efference,0,0,450068480,1989.0311279296875,445.0283203125,,,,,,
ukzi7fjb,prev_torque_efference,0,0,460062720,1983.987548828125,444.2109375,,,,,,
ukzi7fjb,prev_torque_efference,0,0,470056960,1987.696533203125,445.1103515625,,,,,,
ukzi7fjb,prev_torque_efference,0,0,480051200,1987.366455078125,444.470703125,,,,,,
ukzi7fjb,prev_torque_efference,0,0,490045440,1988.688232421875,444.6865234375,,,,,,
ukzi7fjb,prev_torque_efference,0,0,500039680,1996.6119384765625,445.8486328125,,,,,,
ukzi7fjb,prev_torque_efference,0,0,510033920,1997.0888671875,445.8212890625,,,,,,
ukzi7fjb,prev_torque_efference,0,0,520028160,1994.6455078125,445.33203125,,,,,,
ukzi7fjb,prev_torque_efference,0,0,530022400,1989.6201171875,443.9990234375,,,,,,
ukzi7fjb,prev_torque_efference,0,0,540016640,1989.130859375,444.234375,,,,,,
ukzi7fjb,prev_torque_efference,0,0,550010880,1989.465087890625,443.4248046875,,,,,,
ukzi7fjb,prev_torque_efference,0,0,560005120,2000.00830078125,445.740234375,,,,,,
ukzi7fjb,prev_torque_efference,0,0,570081280,1997.090087890625,445.1708984375,,,,,,
ukzi7fjb,prev_torque_efference,0,0,580075520,1998.50390625,445.5712890625,,,,,,
ukzi7fjb,prev_torque_efference,0,0,590069760,2001.78515625,446.162109375,,,,,,
ukzi7fjb,prev_torque_efference,0,0,600064000,2006.21875,446.3984375,,,,,,
68b8d25g,prev_torque_efference,1,1,0,185.3022918701172,100.939453125,,,,,,
68b8d25g,prev_torque_efference,1,1,10076160,632.2417602539062,226.22265625,,,,,,
68b8d25g,prev_torque_efference,1,1,20070400,745.2061157226562,239.62890625,,,,,,
68b8d25g,prev_torque_efference,1,1,30064640,787.948486328125,239.8310546875,,,,,,
68b8d25g,prev_torque_efference,1,1,40058880,899.105224609375,264.923828125,,,,,,
68b8d25g,prev_torque_efference,1,1,50053120,928.658935546875,265.5537109375,,,,,,
68b8d25g,prev_torque_efference,1,1,60047360,1003.1473388671876,278.03515625,,,,,,
68b8d25g,prev_torque_efference,1,1,70041600,1166.5308837890625,312.3662109375,,,,,,
68b8d25g,prev_torque_efference,1,1,80035840,1362.059326171875,354.78125,,,,,,
68b8d25g,prev_torque_efference,1,1,90030080,1460.4864501953125,370.25390625,,,,,,
68b8d25g,prev_torque_efference,1,1,100024320,1638.958251953125,405.552734375,,,,,,
68b8d25g,prev_torque_efference,1,1,110018560,1679.1932373046875,408.98828125,,,,,,
68b8d25g,prev_torque_efference,1,1,120012800,1689.252197265625,408.69921875,,,,,,
68b8d25g,prev_torque_efference,1,1,130007040,1779.14501953125,426.2568359375,,,,,,
68b8d25g,prev_torque_efference,1,1,140001280,1811.8037109375,430.89453125,,,,,,
68b8d25g,prev_torque_efference,1,1,150077440,1816.669189453125,429.0185546875,,,,,,
68b8d25g,prev_torque_efference,1,1,160071680,1851.39794921875,435.9990234375,,,,,,
68b8d25g,prev_torque_efference,1,1,170065920,1870.8935546875,438.7666015625,,,,,,
68b8d25g,prev_torque_efference,1,1,180060160,1870.8780517578125,436.6083984375,,,,,,
68b8d25g,prev_torque_efference,1,1,190054400,1889.3858642578125,438.748046875,,,,,,
68b8d25g,prev_torque_efference,1,1,200048640,1886.9459228515625,438.06640625,,,,,,
68b8d25g,prev_torque_efference,1,1,210042880,1901.3251953125,439.7421875,,,,,,
68b8d25g,prev_torque_efference,1,1,220037120,1897.7952880859373,438.4765625,,,,,,
68b8d25g,prev_torque_efference,1,1,230031360,1916.5,441.6279296875,,,,,,
68b8d25g,prev_torque_efference,1,1,240025600,1907.49462890625,439.6875,,,,,,
68b8d25g,prev_torque_efference,1,1,250019840,1904.6600341796875,437.8291015625,,,,,,
68b8d25g,prev_torque_efference,1,1,260014080,1919.51953125,439.703125,,,,,,
68b8d25g,prev_torque_efference,1,1,270008320,1937.652099609375,443.2587890625,,,,,,
68b8d25g,prev_torque_efference,1,1,280002560,1920.387451171875,438.6318359375,,,,,,
68b8d25g,prev_torque_efference,1,1,290078720,1933.82421875,441.4052734375,,,,,,
68b8d25g,prev_torque_efference,1,1,300072960,1926.04736328125,439.3408203125,,,,,,
68b8d25g,prev_torque_efference,1,1,310067200,1937.5491943359373,441.48046875,,,,,,
68b8d25g,prev_torque_efference,1,1,320061440,1932.92724609375,439.7724609375,,,,,,
68b8d25g,prev_torque_efference,1,1,330055680,1949.04736328125,442.541015625,,,,,,
68b8d25g,prev_torque_efference,1,1,340049920,1936.1611328125,440.5498046875,,,,,,
68b8d25g,prev_torque_efference,1,1,350044160,1950.2711181640625,442.8876953125,,,,,,
68b8d25g,prev_torque_efference,1,1,360038400,1926.8858642578125,438.494140625,,,,,,
68b8d25g,prev_torque_efference,1,1,370032640,1944.7314453125,440.8583984375,,,,,,
68b8d25g,prev_torque_efference,1,1,380026880,1934.611572265625,438.36328125,,,,,,
68b8d25g,prev_torque_efference,1,1,390021120,1958.002685546875,443.283203125,,,,,,
68b8d25g,prev_torque_efference,1,1,400015360,1952.124755859375,441.6416015625,,,,,,
68b8d25g,prev_torque_efference,1,1,410009600,1962.68115234375,443.26953125,,,,,,
68b8d25g,prev_torque_efference,1,1,420003840,1966.233154296875,444.0029296875,,,,,,
68b8d25g,prev_torque_efference,1,1,430080000,1965.080322265625,443.208984375,,,,,,
68b8d25g,prev_torque_efference,1,1,440074240,1963.65283203125,444.0078125,,,,,,
68b8d25g,prev_torque_efference,1,1,450068480,1977.978271484375,445.8115234375,,,,,,
68b8d25g,prev_torque_efference,1,1,460062720,1956.152099609375,441.3583984375,,,,,,
68b8d25g,prev_torque_efference,1,1,470056960,1962.09765625,442.55859375,,,,,,
68b8d25g,prev_torque_efference,1,1,480051200,1959.549072265625,442.12890625,,,,,,
68b8d25g,prev_torque_efference,1,1,490045440,1957.53466796875,441.685546875,,,,,,
68b8d25g,prev_torque_efference,1,1,500039680,1965.32421875,443.5869140625,,,,,,
68b8d25g,prev_torque_efference,1,1,510033920,1974.9814453125,444.19140625,,,,,,
68b8d25g,prev_torque_efference,1,1,520028160,1969.1358642578125,443.4306640625,,,,,,
68b8d25g,prev_torque_efference,1,1,530022400,1980.078369140625,445.4375,,,,,,
68b8d25g,prev_torque_efference,1,1,540016640,1986.4267578125,445.8583984375,,,,,,
68b8d25g,prev_torque_efference,1,1,550010880,1982.458984375,445.1640625,,,,,,
68b8d25g,prev_torque_efference,1,1,560005120,1976.3094482421875,443.1591796875,,,,,,
68b8d25g,prev_torque_efference,1,1,570081280,1987.831298828125,445.6298828125,,,,,,
68b8d25g,prev_torque_efference,1,1,580075520,1983.458251953125,445.037109375,,,,,,
68b8d25g,prev_torque_efference,1,1,590069760,1980.472900390625,444.5791015625,,,,,,
68b8d25g,prev_torque_efference,1,1,600064000,1984.201904296875,445.052734375,,,,,,
n9982rin,prev_torque_efference,2,2,0,188.92605590820312,102.208984375,,,,,,
n9982rin,prev_torque_efference,2,2,10076160,628.205078125,227.0048828125,,,,,,
n9982rin,prev_torque_efference,2,2,20070400,710.6456298828125,231.783203125,,,,,,
n9982rin,prev_torque_efference,2,2,30064640,761.6011962890625,237.658203125,,,,,,
n9982rin,prev_torque_efference,2,2,40058880,811.5877685546875,244.126953125,,,,,,
n9982rin,prev_torque_efference,2,2,50053120,893.6211547851562,264.8818359375,,,,,,
n9982rin,prev_torque_efference,2,2,60047360,949.3525390625,278.478515625,,,,,,
n9982rin,prev_torque_efference,2,2,70041600,987.6668701171876,282.529296875,,,,,,
n9982rin,prev_torque_efference,2,2,80035840,1067.364501953125,293.234375,,,,,,
n9982rin,prev_torque_efference,2,2,90030080,1160.216552734375,310.708984375,,,,,,
n9982rin,prev_torque_efference,2,2,100024320,1378.312255859375,357.5087890625,,,,,,
n9982rin,prev_torque_efference,2,2,110018560,1520.435302734375,383.2099609375,,,,,,
n9982rin,prev_torque_efference,2,2,120012800,1630.94873046875,402.4873046875,,,,,,
n9982rin,prev_torque_efference,2,2,130007040,1649.3958740234375,402.57421875,,,,,,
n9982rin,prev_torque_efference,2,2,140001280,1717.056640625,416.63671875,,,,,,
n9982rin,prev_torque_efference,2,2,150077440,1750.53076171875,420.0234375,,,,,,
n9982rin,prev_torque_efference,2,2,160071680,1787.2978515625,426.3974609375,,,,,,
n9982rin,prev_torque_efference,2,2,170065920,1801.7113037109373,429.5478515625,,,,,,
n9982rin,prev_torque_efference,2,2,180060160,1832.851806640625,431.857421875,,,,,,
n9982rin,prev_torque_efference,2,2,190054400,1830.35693359375,429.8330078125,,,,,,
n9982rin,prev_torque_efference,2,2,200048640,1855.244140625,433.958984375,,,,,,
n9982rin,prev_torque_efference,2,2,210042880,1859.4097900390625,434.228515625,,,,,,
n9982rin,prev_torque_efference,2,2,220037120,1858.8267822265625,433.9873046875,,,,,,
n9982rin,prev_torque_efference,2,2,230031360,1878.870361328125,436.498046875,,,,,,
n9982rin,prev_torque_efference,2,2,240025600,1869.744140625,433.8720703125,,,,,,
n9982rin,prev_torque_efference,2,2,250019840,1862.4346923828125,432.7294921875,,,,,,
n9982rin,prev_torque_efference,2,2,260014080,1878.0062255859373,435.09765625,,,,,,
n9982rin,prev_torque_efference,2,2,270008320,1898.6578369140625,439.0078125,,,,,,
n9982rin,prev_torque_efference,2,2,280002560,1907.59716796875,439.9892578125,,,,,,
n9982rin,prev_torque_efference,2,2,290078720,1899.6060791015625,437.388671875,,,,,,
n9982rin,prev_torque_efference,2,2,300072960,1903.504150390625,438.0595703125,,,,,,
n9982rin,prev_torque_efference,2,2,310067200,1918.93701171875,441.705078125,,,,,,
n9982rin,prev_torque_efference,2,2,320061440,1906.1326904296875,438.2099609375,,,,,,
n9982rin,prev_torque_efference,2,2,330055680,1924.256591796875,440.921875,,,,,,
n9982rin,prev_torque_efference,2,2,340049920,1924.119873046875,440.19140625,,,,,,
n9982rin,prev_torque_efference,2,2,350044160,1930.879638671875,441.1767578125,,,,,,
n9982rin,prev_torque_efference,2,2,360038400,1911.958984375,436.8544921875,,,,,,
n9982rin,prev_torque_efference,2,2,370032640,1922.122314453125,438.7734375,,,,,,
n9982rin,prev_torque_efference,2,2,380026880,1926.05615234375,439.517578125,,,,,,
n9982rin,prev_torque_efference,2,2,390021120,1930.445556640625,439.7158203125,,,,,,
n9982rin,prev_torque_efference,2,2,400015360,1938.13427734375,441.3115234375,,,,,,
n9982rin,prev_torque_efference,2,2,410009600,1928.79931640625,439.4658203125,,,,,,
n9982rin,prev_torque_efference,2,2,420003840,1930.6951904296875,438.4140625,,,,,,
n9982rin,prev_torque_efference,2,2,430080000,1931.65185546875,438.982421875,,,,,,
n9982rin,prev_torque_efference,2,2,440074240,1943.109130859375,441.6015625,,,,,,
n9982rin,prev_torque_efference,2,2,450068480,1946.4462890625,441.4912109375,,,,,,
n9982rin,prev_torque_efference,2,2,460062720,1954.6370849609373,442.8095703125,,,,,,
n9982rin,prev_torque_efference,2,2,470056960,1950.05322265625,442.8349609375,,,,,,
n9982rin,prev_torque_efference,2,2,480051200,1946.219970703125,440.603515625,,,,,,
n9982rin,prev_torque_efference,2,2,490045440,1943.1806640625,440.4599609375,,,,,,
n9982rin,prev_torque_efference,2,2,500039680,1955.948486328125,442.8876953125,,,,,,
n9982rin,prev_torque_efference,2,2,510033920,1947.18359375,440.8662109375,,,,,,
n9982rin,prev_torque_efference,2,2,520028160,1935.173828125,437.8515625,,,,,,
n9982rin,prev_torque_efference,2,2,530022400,1957.53125,442.048828125,,,,,,
n9982rin,prev_torque_efference,2,2,540016640,1953.711181640625,440.958984375,,,,,,
n9982rin,prev_torque_efference,2,2,550010880,1951.969482421875,441.189453125,,,,,,
n9982rin,prev_torque_efference,2,2,560005120,1948.7294921875,439.8212890625,,,,,,
n9982rin,prev_torque_efference,2,2,570081280,1961.17919921875,442.416015625,,,,,,
n9982rin,prev_torque_efference,2,2,580075520,1963.21630859375,442.650390625,,,,,,
n9982rin,prev_torque_efference,2,2,590069760,1973.8197021484373,445.185546875,,,,,,
n9982rin,prev_torque_efference,2,2,600064000,1968.72412109375,443.71875,,,,,,
jir5btpe,prev_torque_efference,3,3,0,192.81509399414065,103.265625,,,,,,
jir5btpe,prev_torque_efference,3,3,10076160,630.6054077148438,229.134765625,,,,,,
jir5btpe,prev_torque_efference,3,3,20070400,712.2157592773438,236.830078125,,,,,,
jir5btpe,prev_torque_efference,3,3,30064640,770.3556518554688,245.9912109375,,,,,,
jir5btpe,prev_torque_efference,3,3,40058880,818.9719848632812,251.5322265625,,,,,,
jir5btpe,prev_torque_efference,3,3,50053120,869.4373779296875,260.6796875,,,,,,
jir5btpe,prev_torque_efference,3,3,60047360,911.6898193359376,266.8798828125,,,,,,
jir5btpe,prev_torque_efference,3,3,70041600,951.1331787109376,276.1865234375,,,,,,
jir5btpe,prev_torque_efference,3,3,80035840,1015.4935302734376,290.955078125,,,,,,
jir5btpe,prev_torque_efference,3,3,90030080,1041.8758544921875,288.3583984375,,,,,,
jir5btpe,prev_torque_efference,3,3,100024320,1163.596923828125,311.337890625,,,,,,
jir5btpe,prev_torque_efference,3,3,110018560,1306.90478515625,342.544921875,,,,,,
jir5btpe,prev_torque_efference,3,3,120012800,1425.5439453125,363.513671875,,,,,,
jir5btpe,prev_torque_efference,3,3,130007040,1506.69873046875,378.3447265625,,,,,,
jir5btpe,prev_torque_efference,3,3,140001280,1582.151123046875,391.3720703125,,,,,,
jir5btpe,prev_torque_efference,3,3,150077440,1606.791748046875,394.0537109375,,,,,,
jir5btpe,prev_torque_efference,3,3,160071680,1681.22998046875,407.2421875,,,,,,
jir5btpe,prev_torque_efference,3,3,170065920,1737.767822265625,418.861328125,,,,,,
jir5btpe,prev_torque_efference,3,3,180060160,1773.182861328125,424.9267578125,,,,,,
jir5btpe,prev_torque_efference,3,3,190054400,1794.044189453125,428.4755859375,,,,,,
jir5btpe,prev_torque_efference,3,3,200048640,1771.421875,420.5517578125,,,,,,
jir5btpe,prev_torque_efference,3,3,210042880,1788.498046875,422.4482421875,,,,,,
jir5btpe,prev_torque_efference,3,3,220037120,1819.65869140625,428.7958984375,,,,,,
jir5btpe,prev_torque_efference,3,3,230031360,1826.5982666015625,429.0048828125,,,,,,
jir5btpe,prev_torque_efference,3,3,240025600,1850.399169921875,433.1904296875,,,,,,
jir5btpe,prev_torque_efference,3,3,250019840,1858.581787109375,434.078125,,,,,,
jir5btpe,prev_torque_efference,3,3,260014080,1853.191650390625,433.2919921875,,,,,,
jir5btpe,prev_torque_efference,3,3,270008320,1873.628662109375,436.0595703125,,,,,,
jir5btpe,prev_torque_efference,3,3,280002560,1879.208740234375,435.697265625,,,,,,
jir5btpe,prev_torque_efference,3,3,290078720,1874.435791015625,434.6962890625,,,,,,
jir5btpe,prev_torque_efference,3,3,300072960,1881.32568359375,436.0986328125,,,,,,
jir5btpe,prev_torque_efference,3,3,310067200,1876.722412109375,434.6162109375,,,,,,
jir5btpe,prev_torque_efference,3,3,320061440,1891.8704833984373,437.5283203125,,,,,,
jir5btpe,prev_torque_efference,3,3,330055680,1897.1385498046875,436.90234375,,,,,,
jir5btpe,prev_torque_efference,3,3,340049920,1896.3641357421875,437.203125,,,,,,
jir5btpe,prev_torque_efference,3,3,350044160,1910.2215576171875,439.8544921875,,,,,,
jir5btpe,prev_torque_efference,3,3,360038400,1892.487060546875,435.2412109375,,,,,,
jir5btpe,prev_torque_efference,3,3,370032640,1905.079345703125,437.7607421875,,,,,,
jir5btpe,prev_torque_efference,3,3,380026880,1911.58447265625,438.0458984375,,,,,,
jir5btpe,prev_torque_efference,3,3,390021120,1909.706787109375,438.4658203125,,,,,,
jir5btpe,prev_torque_efference,3,3,400015360,1915.8919677734373,438.9765625,,,,,,
jir5btpe,prev_torque_efference,3,3,410009600,1924.8671875,440.3212890625,,,,,,
jir5btpe,prev_torque_efference,3,3,420003840,1925.98876953125,441.1240234375,,,,,,
jir5btpe,prev_torque_efference,3,3,430080000,1934.1136474609373,441.7041015625,,,,,,
jir5btpe,prev_torque_efference,3,3,440074240,1933.8489990234373,441.615234375,,,,,,
jir5btpe,prev_torque_efference,3,3,450068480,1938.317626953125,442.4443359375,,,,,,
jir5btpe,prev_torque_efference,3,3,460062720,1930.19580078125,440.4833984375,,,,,,
jir5btpe,prev_torque_efference,3,3,470056960,1932.142333984375,441.4921875,,,,,,
jir5btpe,prev_torque_efference,3,3,480051200,1937.538818359375,442.1494140625,,,,,,
jir5btpe,prev_torque_efference,3,3,490045440,1927.949951171875,439.3291015625,,,,,,
jir5btpe,prev_torque_efference,3,3,500039680,1935.643798828125,440.2919921875,,,,,,
jir5btpe,prev_torque_efference,3,3,510033920,1933.636474609375,439.5283203125,,,,,,
jir5btpe,prev_torque_efference,3,3,520028160,1928.2811279296875,438.7724609375,,,,,,
jir5btpe,prev_torque_efference,3,3,530022400,1938.4456787109373,441.0380859375,,,,,,
jir5btpe,prev_torque_efference,3,3,540016640,1941.21533203125,440.6357421875,,,,,,
jir5btpe,prev_torque_efference,3,3,550010880,1938.9869384765625,439.8134765625,,,,,,
jir5btpe,prev_torque_efference,3,3,560005120,1921.452880859375,436.5615234375,,,,,,
jir5btpe,prev_torque_efference,3,3,570081280,1950.714111328125,442.1513671875,,,,,,
jir5btpe,prev_torque_efference,3,3,580075520,1950.779541015625,442.5234375,,,,,,
jir5btpe,prev_torque_efference,3,3,590069760,1955.7177734375,442.8544921875,,,,,,
jir5btpe,prev_torque_efference,3,3,600064000,1961.134765625,443.0625,,,,,,
nvyg0bhj,prev_torque_efference,4,4,0,196.13821411132807,104.541015625,,,,,,
nvyg0bhj,prev_torque_efference,4,4,10076160,607.4932861328125,222.966796875,,,,,,
nvyg0bhj,prev_torque_efference,4,4,20070400,667.8446655273438,223.765625,,,,,,
nvyg0bhj,prev_torque_efference,4,4,30064640,756.3717041015625,240.27734375,,,,,,
nvyg0bhj,prev_torque_efference,4,4,40058880,793.2794799804688,244.8095703125,,,,,,
nvyg0bhj,prev_torque_efference,4,4,50053120,857.5850830078125,255.8857421875,,,,,,
nvyg0bhj,prev_torque_efference,4,4,60047360,898.1471557617188,262.5380859375,,,,,,
nvyg0bhj,prev_torque_efference,4,4,70041600,932.7332763671876,266.9462890625,,,,,,
nvyg0bhj,prev_torque_efference,4,4,80035840,1008.5269775390624,284.1669921875,,,,,,
nvyg0bhj,prev_torque_efference,4,4,90030080,1091.34130859375,298.5283203125,,,,,,
nvyg0bhj,prev_torque_efference,4,4,100024320,1177.463134765625,318.2568359375,,,,,,
nvyg0bhj,prev_torque_efference,4,4,110018560,1322.935546875,348.1455078125,,,,,,
nvyg0bhj,prev_torque_efference,4,4,120012800,1410.8106689453125,363.25390625,,,,,,
nvyg0bhj,prev_torque_efference,4,4,130007040,1504.1436767578125,376.9599609375,,,,,,
nvyg0bhj,prev_torque_efference,4,4,140001280,1565.5068359375,391.16796875,,,,,,
nvyg0bhj,prev_torque_efference,4,4,150077440,1599.584716796875,396.2744140625,,,,,,
nvyg0bhj,prev_torque_efference,4,4,160071680,1653.7841796875,403.3671875,,,,,,
nvyg0bhj,prev_torque_efference,4,4,170065920,1625.978271484375,395.6181640625,,,,,,
nvyg0bhj,prev_torque_efference,4,4,180060160,1730.04052734375,416.65625,,,,,,
nvyg0bhj,prev_torque_efference,4,4,190054400,1754.30908203125,421.8330078125,,,,,,
nvyg0bhj,prev_torque_efference,4,4,200048640,1804.51416015625,430.7919921875,,,,,,
nvyg0bhj,prev_torque_efference,4,4,210042880,1785.2705078125,425.92578125,,,,,,
nvyg0bhj,prev_torque_efference,4,4,220037120,1805.4398193359373,428.68359375,,,,,,
nvyg0bhj,prev_torque_efference,4,4,230031360,1847.8406982421875,435.9873046875,,,,,,
nvyg0bhj,prev_torque_efference,4,4,240025600,1849.2880859375,436.44921875,,,,,,
nvyg0bhj,prev_torque_efference,4,4,250019840,1824.7930908203125,430.537109375,,,,,,
nvyg0bhj,prev_torque_efference,4,4,260014080,1843.9912109375,433.5166015625,,,,,,
nvyg0bhj,prev_torque_efference,4,4,270008320,1822.7462158203125,429.0869140625,,,,,,
nvyg0bhj,prev_torque_efference,4,4,280002560,1848.0855712890625,432.6982421875,,,,,,
nvyg0bhj,prev_torque_efference,4,4,290078720,1878.8795166015625,438.7998046875,,,,,,
nvyg0bhj,prev_torque_efference,4,4,300072960,1865.64453125,434.7314453125,,,,,,
nvyg0bhj,prev_torque_efference,4,4,310067200,1869.063232421875,435.015625,,,,,,
nvyg0bhj,prev_torque_efference,4,4,320061440,1869.8575439453125,435.2744140625,,,,,,
nvyg0bhj,prev_torque_efference,4,4,330055680,1879.733154296875,437.48046875,,,,,,
nvyg0bhj,prev_torque_efference,4,4,340049920,1877.7197265625,436.2421875,,,,,,
nvyg0bhj,prev_torque_efference,4,4,350044160,1873.4881591796875,434.8857421875,,,,,,
nvyg0bhj,prev_torque_efference,4,4,360038400,1895.48779296875,438.96484375,,,,,,
nvyg0bhj,prev_torque_efference,4,4,370032640,1904.287841796875,440.064453125,,,,,,
nvyg0bhj,prev_torque_efference,4,4,380026880,1891.884765625,437.3154296875,,,,,,
nvyg0bhj,prev_torque_efference,4,4,390021120,1891.72314453125,437.845703125,,,,,,
nvyg0bhj,prev_torque_efference,4,4,400015360,1906.2579345703125,439.3046875,,,,,,
nvyg0bhj,prev_torque_efference,4,4,410009600,1892.15966796875,436.9970703125,,,,,,
nvyg0bhj,prev_torque_efference,4,4,420003840,1903.829345703125,438.3798828125,,,,,,
nvyg0bhj,prev_torque_efference,4,4,430080000,1871.441162109375,432.1689453125,,,,,,
nvyg0bhj,prev_torque_efference,4,4,440074240,1895.6190185546875,436.3056640625,,,,,,
nvyg0bhj,prev_torque_efference,4,4,450068480,1883.2845458984373,434.5341796875,,,,,,
nvyg0bhj,prev_torque_efference,4,4,460062720,1899.174072265625,437.337890625,,,,,,
nvyg0bhj,prev_torque_efference,4,4,470056960,1911.682373046875,439.4033203125,,,,,,
nvyg0bhj,prev_torque_efference,4,4,480051200,1913.4415283203125,439.927734375,,,,,,
nvyg0bhj,prev_torque_efference,4,4,490045440,1926.453369140625,442.2431640625,,,,,,
nvyg0bhj,prev_torque_efference,4,4,500039680,1917.00927734375,439.5009765625,,,,,,
nvyg0bhj,prev_torque_efference,4,4,510033920,1917.885009765625,439.818359375,,,,,,
nvyg0bhj,prev_torque_efference,4,4,520028160,1916.289306640625,439.388671875,,,,,,
nvyg0bhj,prev_torque_efference,4,4,530022400,1929.7249755859373,441.7001953125,,,,,,
nvyg0bhj,prev_torque_efference,4,4,540016640,1932.0465087890625,441.74609375,,,,,,
nvyg0bhj,prev_torque_efference,4,4,550010880,1913.9713134765625,438.3330078125,,,,,,
nvyg0bhj,prev_torque_efference,4,4,560005120,1925.621826171875,439.9462890625,,,,,,
nvyg0bhj,prev_torque_efference,4,4,570081280,1930.15869140625,440.845703125,,,,,,
nvyg0bhj,prev_torque_efference,4,4,580075520,1939.721923828125,442.6083984375,,,,,,
nvyg0bhj,prev_torque_efference,4,4,590069760,1938.23681640625,442.66015625,,,,,,
nvyg0bhj,prev_torque_efference,4,4,600064000,1941.1436767578125,443.1787109375,,,,,,
8ygr9sf4,prev_torque_efference,5,5,0,199.2271881103516,105.8740234375,,,,,,
8ygr9sf4,prev_torque_efference,5,5,10076160,616.69384765625,224.68359375,,,,,,
8ygr9sf4,prev_torque_efference,5,5,20070400,669.487060546875,223.4091796875,,,,,,
8ygr9sf4,prev_torque_efference,5,5,30064640,706.438720703125,224.6357421875,,,,,,
8ygr9sf4,prev_torque_efference,5,5,40058880,777.2067260742188,237.8818359375,,,,,,
8ygr9sf4,prev_torque_efference,5,5,50053120,832.6832885742188,252.453125,,,,,,
8ygr9sf4,prev_torque_efference,5,5,60047360,889.7982177734375,261.2109375,,,,,,
8ygr9sf4,prev_torque_efference,5,5,70041600,922.893310546875,268.4833984375,,,,,,
8ygr9sf4,prev_torque_efference,5,5,80035840,992.430419921875,281.6669921875,,,,,,
8ygr9sf4,prev_torque_efference,5,5,90030080,1033.3525390625,287.1806640625,,,,,,
8ygr9sf4,prev_torque_efference,5,5,100024320,1058.866455078125,291.6591796875,,,,,,
8ygr9sf4,prev_torque_efference,5,5,110018560,1150.7984619140625,311.115234375,,,,,,
8ygr9sf4,prev_torque_efference,5,5,120012800,1235.9649658203125,324.4931640625,,,,,,
8ygr9sf4,prev_torque_efference,5,5,130007040,1349.756103515625,351.529296875,,,,,,
8ygr9sf4,prev_torque_efference,5,5,140001280,1421.26416015625,362.525390625,,,,,,
8ygr9sf4,prev_torque_efference,5,5,150077440,1468.3616943359375,370.52734375,,,,,,
8ygr9sf4,prev_torque_efference,5,5,160071680,1548.3643798828125,386.2666015625,,,,,,
8ygr9sf4,prev_torque_efference,5,5,170065920,1593.67138671875,392.9345703125,,,,,,
8ygr9sf4,prev_torque_efference,5,5,180060160,1613.322265625,395.7880859375,,,,,,
8ygr9sf4,prev_torque_efference,5,5,190054400,1656.3515625,403.11328125,,,,,,
8ygr9sf4,prev_torque_efference,5,5,200048640,1669.5960693359375,402.7529296875,,,,,,
8ygr9sf4,prev_torque_efference,5,5,210042880,1699.32421875,410.2451171875,,,,,,
8ygr9sf4,prev_torque_efference,5,5,220037120,1764.712890625,422.162109375,,,,,,
8ygr9sf4,prev_torque_efference,5,5,230031360,1765.94091796875,421.95703125,,,,,,
8ygr9sf4,prev_torque_efference,5,5,240025600,1776.119873046875,425.1005859375,,,,,,
8ygr9sf4,prev_torque_efference,5,5,250019840,1797.894775390625,428.052734375,,,,,,
8ygr9sf4,prev_torque_efference,5,5,260014080,1784.742919921875,423.5625,,,,,,
8ygr9sf4,prev_torque_efference,5,5,270008320,1807.0113525390625,428.4736328125,,,,,,
8ygr9sf4,prev_torque_efference,5,5,280002560,1835.7978515625,433.8896484375,,,,,,
8ygr9sf4,prev_torque_efference,5,5,290078720,1814.9000244140625,428.25390625,,,,,,
8ygr9sf4,prev_torque_efference,5,5,300072960,1784.104248046875,420.8125,,,,,,
8ygr9sf4,prev_torque_efference,5,5,310067200,1819.34619140625,428.228515625,,,,,,
8ygr9sf4,prev_torque_efference,5,5,320061440,1842.7967529296875,432.755859375,,,,,,
8ygr9sf4,prev_torque_efference,5,5,330055680,1857.83203125,435.826171875,,,,,,
8ygr9sf4,prev_torque_efference,5,5,340049920,1853.945068359375,434.6259765625,,,,,,
8ygr9sf4,prev_torque_efference,5,5,350044160,1866.59326171875,436.2919921875,,,,,,
8ygr9sf4,prev_torque_efference,5,5,360038400,1858.508544921875,435.041015625,,,,,,
8ygr9sf4,prev_torque_efference,5,5,370032640,1860.509033203125,434.13671875,,,,,,
8ygr9sf4,prev_torque_efference,5,5,380026880,1870.7802734375,435.8095703125,,,,,,
8ygr9sf4,prev_torque_efference,5,5,390021120,1868.0272216796875,434.2783203125,,,,,,
8ygr9sf4,prev_torque_efference,5,5,400015360,1891.0369873046875,439.626953125,,,,,,
8ygr9sf4,prev_torque_efference,5,5,410009600,1895.0147705078125,439.2890625,,,,,,
8ygr9sf4,prev_torque_efference,5,5,420003840,1892.6796875,438.244140625,,,,,,
8ygr9sf4,prev_torque_efference,5,5,430080000,1907.8623046875,440.8203125,,,,,,
8ygr9sf4,prev_torque_efference,5,5,440074240,1901.495849609375,440.6748046875,,,,,,
8ygr9sf4,prev_torque_efference,5,5,450068480,1891.830078125,437.619140625,,,,,,
8ygr9sf4,prev_torque_efference,5,5,460062720,1889.82861328125,436.3642578125,,,,,,
8ygr9sf4,prev_torque_efference,5,5,470056960,1894.3231201171875,438.1650390625,,,,,,
8ygr9sf4,prev_torque_efference,5,5,480051200,1890.730224609375,435.7021484375,,,,,,
8ygr9sf4,prev_torque_efference,5,5,490045440,1885.55029296875,434.806640625,,,,,,
8ygr9sf4,prev_torque_efference,5,5,500039680,1905.7384033203125,439.49609375,,,,,,
8ygr9sf4,prev_torque_efference,5,5,510033920,1900.93017578125,436.919921875,,,,,,
8ygr9sf4,prev_torque_efference,5,5,520028160,1920.2657470703125,442.01953125,,,,,,
8ygr9sf4,prev_torque_efference,5,5,530022400,1900.580322265625,437.548828125,,,,,,
8ygr9sf4,prev_torque_efference,5,5,540016640,1898.1358642578125,436.03125,,,,,,
8ygr9sf4,prev_torque_efference,5,5,550010880,1901.8916015625,435.7158203125,,,,,,
8ygr9sf4,prev_torque_efference,5,5,560005120,1899.991455078125,436.7783203125,,,,,,
8ygr9sf4,prev_torque_efference,5,5,570081280,1903.60107421875,437.11328125,,,,,,
8ygr9sf4,prev_torque_efference,5,5,580075520,1906.402099609375,437.8310546875,,,,,,
8ygr9sf4,prev_torque_efference,5,5,590069760,1918.5648193359373,439.2041015625,,,,,,
8ygr9sf4,prev_torque_efference,5,5,600064000,1905.016357421875,436.7861328125,,,,,,
mgk9ejcb,prev_torque_efference,6,6,0,201.2993927001953,105.9677734375,,,,,,
mgk9ejcb,prev_torque_efference,6,6,10076160,616.6917724609375,223.212890625,,,,,,
mgk9ejcb,prev_torque_efference,6,6,20070400,662.433837890625,228.3798828125,,,,,,
mgk9ejcb,prev_torque_efference,6,6,30064640,715.9688110351562,231.2275390625,,,,,,
mgk9ejcb,prev_torque_efference,6,6,40058880,762.07373046875,237.8916015625,,,,,,
mgk9ejcb,prev_torque_efference,6,6,50053120,783.751708984375,240.2275390625,,,,,,
mgk9ejcb,prev_torque_efference,6,6,60047360,843.7553100585938,251.0859375,,,,,,
mgk9ejcb,prev_torque_efference,6,6,70041600,901.3521728515624,262.595703125,,,,,,
mgk9ejcb,prev_torque_efference,6,6,80035840,919.779052734375,261.1787109375,,,,,,
mgk9ejcb,prev_torque_efference,6,6,90030080,995.0430297851562,281.1103515625,,,,,,
mgk9ejcb,prev_torque_efference,6,6,100024320,1052.538818359375,291.595703125,,,,,,
mgk9ejcb,prev_torque_efference,6,6,110018560,1067.41064453125,291.607421875,,,,,,
mgk9ejcb,prev_torque_efference,6,6,120012800,1127.823974609375,301.96875,,,,,,
mgk9ejcb,prev_torque_efference,6,6,130007040,1190.18212890625,312.9443359375,,,,,,
mgk9ejcb,prev_torque_efference,6,6,140001280,1310.289794921875,338.875,,,,,,
mgk9ejcb,prev_torque_efference,6,6,150077440,1395.8812255859375,356.16796875,,,,,,
mgk9ejcb,prev_torque_efference,6,6,160071680,1429.0521240234375,363.421875,,,,,,
mgk9ejcb,prev_torque_efference,6,6,170065920,1470.4461669921875,370.23046875,,,,,,
mgk9ejcb,prev_torque_efference,6,6,180060160,1546.23681640625,384.923828125,,,,,,
mgk9ejcb,prev_torque_efference,6,6,190054400,1563.593017578125,384.58984375,,,,,,
mgk9ejcb,prev_torque_efference,6,6,200048640,1601.4053955078125,390.8671875,,,,,,
mgk9ejcb,prev_torque_efference,6,6,210042880,1603.659912109375,392.341796875,,,,,,
mgk9ejcb,prev_torque_efference,6,6,220037120,1638.67578125,397.94140625,,,,,,
mgk9ejcb,prev_torque_efference,6,6,230031360,1688.287353515625,407.8115234375,,,,,,
mgk9ejcb,prev_torque_efference,6,6,240025600,1668.2222900390625,402.328125,,,,,,
mgk9ejcb,prev_torque_efference,6,6,250019840,1708.5751953125,409.8408203125,,,,,,
mgk9ejcb,prev_torque_efference,6,6,260014080,1753.9599609375,420.2841796875,,,,,,
mgk9ejcb,prev_torque_efference,6,6,270008320,1756.2413330078125,420.7705078125,,,,,,
mgk9ejcb,prev_torque_efference,6,6,280002560,1805.2481689453125,429.0771484375,,,,,,
mgk9ejcb,prev_torque_efference,6,6,290078720,1774.6099853515625,421.681640625,,,,,,
mgk9ejcb,prev_torque_efference,6,6,300072960,1792.4541015625,425.4072265625,,,,,,
mgk9ejcb,prev_torque_efference,6,6,310067200,1814.446533203125,429.1142578125,,,,,,
mgk9ejcb,prev_torque_efference,6,6,320061440,1821.228271484375,429.5126953125,,,,,,
mgk9ejcb,prev_torque_efference,6,6,330055680,1841.4632568359373,434.1640625,,,,,,
mgk9ejcb,prev_torque_efference,6,6,340049920,1837.42919921875,432.984375,,,,,,
mgk9ejcb,prev_torque_efference,6,6,350044160,1848.15625,434.93359375,,,,,,
mgk9ejcb,prev_torque_efference,6,6,360038400,1847.21484375,433.70703125,,,,,,
mgk9ejcb,prev_torque_efference,6,6,370032640,1868.8143310546875,437.5341796875,,,,,,
mgk9ejcb,prev_torque_efference,6,6,380026880,1861.7918701171875,435.6435546875,,,,,,
mgk9ejcb,prev_torque_efference,6,6,390021120,1838.00390625,430.0234375,,,,,,
mgk9ejcb,prev_torque_efference,6,6,400015360,1852.141845703125,431.8818359375,,,,,,
mgk9ejcb,prev_torque_efference,6,6,410009600,1864.860107421875,434.697265625,,,,,,
mgk9ejcb,prev_torque_efference,6,6,420003840,1862.929931640625,434.48828125,,,,,,
mgk9ejcb,prev_torque_efference,6,6,430080000,1873.8721923828125,436.125,,,,,,
mgk9ejcb,prev_torque_efference,6,6,440074240,1880.435546875,437.8720703125,,,,,,
mgk9ejcb,prev_torque_efference,6,6,450068480,1876.0401611328125,436.419921875,,,,,,
mgk9ejcb,prev_torque_efference,6,6,460062720,1878.43310546875,436.2451171875,,,,,,
mgk9ejcb,prev_torque_efference,6,6,470056960,1882.0150146484373,436.5703125,,,,,,
mgk9ejcb,prev_torque_efference,6,6,480051200,1875.474609375,435.283203125,,,,,,
mgk9ejcb,prev_torque_efference,6,6,490045440,1878.384521484375,435.318359375,,,,,,
mgk9ejcb,prev_torque_efference,6,6,500039680,1865.9671630859373,432.5869140625,,,,,,
mgk9ejcb,prev_torque_efference,6,6,510033920,1875.71826171875,435.1611328125,,,,,,
mgk9ejcb,prev_torque_efference,6,6,520028160,1861.06982421875,431.5751953125,,,,,,
mgk9ejcb,prev_torque_efference,6,6,530022400,1865.3636474609373,432.7275390625,,,,,,
mgk9ejcb,prev_torque_efference,6,6,540016640,1882.100341796875,434.9482421875,,,,,,
mgk9ejcb,prev_torque_efference,6,6,550010880,1890.6849365234373,436.8896484375,,,,,,
mgk9ejcb,prev_torque_efference,6,6,560005120,1875.1759033203125,432.970703125,,,,,,
mgk9ejcb,prev_torque_efference,6,6,570081280,1882.13427734375,434.5439453125,,,,,,
mgk9ejcb,prev_torque_efference,6,6,580075520,1901.00732421875,438.4873046875,,,,,,
mgk9ejcb,prev_torque_efference,6,6,590069760,1905.660400390625,438.595703125,,,,,,
mgk9ejcb,prev_torque_efference,6,6,600064000,1896.0284423828125,437.6357421875,,,,,,
a6929dxz,prev_torque_efference,7,7,0,204.5479431152344,107.94140625,,,,,,
a6929dxz,prev_torque_efference,7,7,10076160,598.2451171875,220.2216796875,,,,,,
a6929dxz,prev_torque_efference,7,7,20070400,663.4140625,227.0615234375,,,,,,
a6929dxz,prev_torque_efference,7,7,30064640,712.6295166015625,230.56640625,,,,,,
a6929dxz,prev_torque_efference,7,7,40058880,758.1998901367188,239.8828125,,,,,,
a6929dxz,prev_torque_efference,7,7,50053120,794.3179931640625,243.478515625,,,,,,
a6929dxz,prev_torque_efference,7,7,60047360,806.66259765625,240.341796875,,,,,,
a6929dxz,prev_torque_efference,7,7,70041600,893.00830078125,264.662109375,,,,,,
a6929dxz,prev_torque_efference,7,7,80035840,913.46923828125,265.4423828125,,,,,,
a6929dxz,prev_torque_efference,7,7,90030080,961.8839721679688,274.28125,,,,,,
a6929dxz,prev_torque_efference,7,7,100024320,993.208984375,277.685546875,,,,,,
a6929dxz,prev_torque_efference,7,7,110018560,1042.43212890625,290.8154296875,,,,,,
a6929dxz,prev_torque_efference,7,7,120012800,1105.12890625,301.3212890625,,,,,,
a6929dxz,prev_torque_efference,7,7,130007040,1119.786376953125,301.32421875,,,,,,
a6929dxz,prev_torque_efference,7,7,140001280,1222.9814453125,322.1611328125,,,,,,
a6929dxz,prev_torque_efference,7,7,150077440,1288.57763671875,336.3349609375,,,,,,
a6929dxz,prev_torque_efference,7,7,160071680,1356.3526611328125,350.1826171875,,,,,,
a6929dxz,prev_torque_efference,7,7,170065920,1430.88720703125,361.6044921875,,,,,,
a6929dxz,prev_torque_efference,7,7,180060160,1532.748046875,385.2802734375,,,,,,
a6929dxz,prev_torque_efference,7,7,190054400,1572.20361328125,392.0625,,,,,,
a6929dxz,prev_torque_efference,7,7,200048640,1552.587158203125,384.095703125,,,,,,
a6929dxz,prev_torque_efference,7,7,210042880,1578.925048828125,390.3505859375,,,,,,
a6929dxz,prev_torque_efference,7,7,220037120,1608.892822265625,393.9794921875,,,,,,
a6929dxz,prev_torque_efference,7,7,230031360,1636.68310546875,398.48046875,,,,,,
a6929dxz,prev_torque_efference,7,7,240025600,1676.7613525390625,406.1240234375,,,,,,
a6929dxz,prev_torque_efference,7,7,250019840,1660.912353515625,401.7509765625,,,,,,
a6929dxz,prev_torque_efference,7,7,260014080,1696.620361328125,409.2666015625,,,,,,
a6929dxz,prev_torque_efference,7,7,270008320,1712.131103515625,411.802734375,,,,,,
a6929dxz,prev_torque_efference,7,7,280002560,1727.909912109375,412.734375,,,,,,
a6929dxz,prev_torque_efference,7,7,290078720,1754.1429443359375,419.833984375,,,,,,
a6929dxz,prev_torque_efference,7,7,300072960,1754.27197265625,419.8642578125,,,,,,
a6929dxz,prev_torque_efference,7,7,310067200,1775.7943115234375,424.0009765625,,,,,,
a6929dxz,prev_torque_efference,7,7,320061440,1783.1844482421875,424.19140625,,,,,,
a6929dxz,prev_torque_efference,7,7,330055680,1808.001953125,429.3134765625,,,,,,
a6929dxz,prev_torque_efference,7,7,340049920,1801.2994384765625,427.822265625,,,,,,
a6929dxz,prev_torque_efference,7,7,350044160,1795.187255859375,426.158203125,,,,,,
a6929dxz,prev_torque_efference,7,7,360038400,1825.0869140625,431.8837890625,,,,,,
a6929dxz,prev_torque_efference,7,7,370032640,1807.265625,426.5263671875,,,,,,
a6929dxz,prev_torque_efference,7,7,380026880,1828.7371826171875,431.7080078125,,,,,,
a6929dxz,prev_torque_efference,7,7,390021120,1826.462890625,430.3818359375,,,,,,
a6929dxz,prev_torque_efference,7,7,400015360,1835.9091796875,431.912109375,,,,,,
a6929dxz,prev_torque_efference,7,7,410009600,1844.40673828125,433.4990234375,,,,,,
a6929dxz,prev_torque_efference,7,7,420003840,1856.274169921875,436.234375,,,,,,
a6929dxz,prev_torque_efference,7,7,430080000,1848.89501953125,433.7158203125,,,,,,
a6929dxz,prev_torque_efference,7,7,440074240,1855.44287109375,434.8251953125,,,,,,
a6929dxz,prev_torque_efference,7,7,450068480,1861.4124755859373,436.1337890625,,,,,,
a6929dxz,prev_torque_efference,7,7,460062720,1865.576416015625,436.765625,,,,,,
a6929dxz,prev_torque_efference,7,7,470056960,1849.122314453125,432.9736328125,,,,,,
a6929dxz,prev_torque_efference,7,7,480051200,1834.695068359375,429.2763671875,,,,,,
a6929dxz,prev_torque_efference,7,7,490045440,1851.5631103515625,432.1416015625,,,,,,
a6929dxz,prev_torque_efference,7,7,500039680,1868.1630859375,435.216796875,,,,,,
a6929dxz,prev_torque_efference,7,7,510033920,1863.772705078125,433.6650390625,,,,,,
a6929dxz,prev_torque_efference,7,7,520028160,1868.468994140625,435.1474609375,,,,,,
a6929dxz,prev_torque_efference,7,7,530022400,1887.21044921875,439.3486328125,,,,,,
a6929dxz,prev_torque_efference,7,7,540016640,1889.27001953125,438.869140625,,,,,,
a6929dxz,prev_torque_efference,7,7,550010880,1859.759033203125,432.212890625,,,,,,
a6929dxz,prev_torque_efference,7,7,560005120,1887.0245361328125,439.3486328125,,,,,,
a6929dxz,prev_torque_efference,7,7,570081280,1884.5626220703125,438.2392578125,,,,,,
a6929dxz,prev_torque_efference,7,7,580075520,1890.9871826171875,438.42578125,,,,,,
a6929dxz,prev_torque_efference,7,7,590069760,1899.99755859375,441.1123046875,,,,,,
a6929dxz,prev_torque_efference,7,7,600064000,1897.8070068359373,439.384765625,,,,,,
5d5tvuuv,prev_torque_efference,8,8,0,205.816650390625,107.765625,,,,,,
5d5tvuuv,prev_torque_efference,8,8,10076160,600.70361328125,220.0625,,,,,,
5d5tvuuv,prev_torque_efference,8,8,20070400,646.160888671875,221.3818359375,,,,,,
5d5tvuuv,prev_torque_efference,8,8,30064640,693.0663452148438,227.3564453125,,,,,,
5d5tvuuv,prev_torque_efference,8,8,40058880,730.1435546875,232.0478515625,,,,,,
5d5tvuuv,prev_torque_efference,8,8,50053120,775.3238525390625,239.845703125,,,,,,
5d5tvuuv,prev_torque_efference,8,8,60047360,804.8485107421875,242.044921875,,,,,,
5d5tvuuv,prev_torque_efference,8,8,70041600,872.17138671875,259.2998046875,,,,,,
5d5tvuuv,prev_torque_efference,8,8,80035840,925.3875122070312,272.1640625,,,,,,
5d5tvuuv,prev_torque_efference,8,8,90030080,942.7759399414062,268.046875,,,,,,
5d5tvuuv,prev_torque_efference,8,8,100024320,994.017578125,280.138671875,,,,,,
5d5tvuuv,prev_torque_efference,8,8,110018560,1035.5814208984375,290.470703125,,,,,,
5d5tvuuv,prev_torque_efference,8,8,120012800,1050.4410400390625,290.3017578125,,,,,,
5d5tvuuv,prev_torque_efference,8,8,130007040,1114.123291015625,299.6943359375,,,,,,
5d5tvuuv,prev_torque_efference,8,8,140001280,1203.8052978515625,318.6396484375,,,,,,
5d5tvuuv,prev_torque_efference,8,8,150077440,1294.128662109375,338.537109375,,,,,,
5d5tvuuv,prev_torque_efference,8,8,160071680,1348.4052734375,347.716796875,,,,,,
5d5tvuuv,prev_torque_efference,8,8,170065920,1409.38427734375,359.6572265625,,,,,,
5d5tvuuv,prev_torque_efference,8,8,180060160,1433.8565673828125,364.736328125,,,,,,
5d5tvuuv,prev_torque_efference,8,8,190054400,1518.753662109375,381.314453125,,,,,,
5d5tvuuv,prev_torque_efference,8,8,200048640,1511.144775390625,375.955078125,,,,,,
5d5tvuuv,prev_torque_efference,8,8,210042880,1501.66552734375,371.24609375,,,,,,
5d5tvuuv,prev_torque_efference,8,8,220037120,1581.3751220703125,390.57421875,,,,,,
5d5tvuuv,prev_torque_efference,8,8,230031360,1572.1798095703125,386.2802734375,,,,,,
5d5tvuuv,prev_torque_efference,8,8,240025600,1659.57275390625,404.396484375,,,,,,
5d5tvuuv,prev_torque_efference,8,8,250019840,1629.97119140625,397.982421875,,,,,,
5d5tvuuv,prev_torque_efference,8,8,260014080,1636.392822265625,397.0810546875,,,,,,
5d5tvuuv,prev_torque_efference,8,8,270008320,1657.368408203125,401.82421875,,,,,,
5d5tvuuv,prev_torque_efference,8,8,280002560,1660.02783203125,401.212890625,,,,,,
5d5tvuuv,prev_torque_efference,8,8,290078720,1693.8238525390625,408.12109375,,,,,,
5d5tvuuv,prev_torque_efference,8,8,300072960,1686.087158203125,405.865234375,,,,,,
5d5tvuuv,prev_torque_efference,8,8,310067200,1701.9210205078125,409.7431640625,,,,,,
5d5tvuuv,prev_torque_efference,8,8,320061440,1730.65869140625,414.7822265625,,,,,,
5d5tvuuv,prev_torque_efference,8,8,330055680,1743.0802001953125,417.26953125,,,,,,
5d5tvuuv,prev_torque_efference,8,8,340049920,1744.0970458984375,416.57421875,,,,,,
5d5tvuuv,prev_torque_efference,8,8,350044160,1753.83935546875,419.1875,,,,,,
5d5tvuuv,prev_torque_efference,8,8,360038400,1757.916015625,420.5498046875,,,,,,
5d5tvuuv,prev_torque_efference,8,8,370032640,1786.8016357421875,424.1220703125,,,,,,
5d5tvuuv,prev_torque_efference,8,8,380026880,1765.90771484375,419.888671875,,,,,,
5d5tvuuv,prev_torque_efference,8,8,390021120,1787.0546875,424.876953125,,,,,,
5d5tvuuv,prev_torque_efference,8,8,400015360,1809.138671875,428.8427734375,,,,,,
5d5tvuuv,prev_torque_efference,8,8,410009600,1795.193603515625,425.2529296875,,,,,,
5d5tvuuv,prev_torque_efference,8,8,420003840,1807.29736328125,428.279296875,,,,,,
5d5tvuuv,prev_torque_efference,8,8,430080000,1830.565673828125,432.025390625,,,,,,
5d5tvuuv,prev_torque_efference,8,8,440074240,1796.895263671875,424.5595703125,,,,,,
5d5tvuuv,prev_torque_efference,8,8,450068480,1812.1163330078125,427.26953125,,,,,,
5d5tvuuv,prev_torque_efference,8,8,460062720,1817.3865966796875,429.224609375,,,,,,
5d5tvuuv,prev_torque_efference,8,8,470056960,1802.287109375,423.8212890625,,,,,,
5d5tvuuv,prev_torque_efference,8,8,480051200,1842.57080078125,432.7763671875,,,,,,
5d5tvuuv,prev_torque_efference,8,8,490045440,1821.95947265625,427.525390625,,,,,,
5d5tvuuv,prev_torque_efference,8,8,500039680,1830.77880859375,429.029296875,,,,,,
5d5tvuuv,prev_torque_efference,8,8,510033920,1834.969970703125,430.6181640625,,,,,,
5d5tvuuv,prev_torque_efference,8,8,520028160,1807.798828125,423.6708984375,,,,,,
5d5tvuuv,prev_torque_efference,8,8,530022400,1850.3720703125,432.53515625,,,,,,
5d5tvuuv,prev_torque_efference,8,8,540016640,1825.09716796875,427.4951171875,,,,,,
5d5tvuuv,prev_torque_efference,8,8,550010880,1839.91650390625,430.8857421875,,,,,,
5d5tvuuv,prev_torque_efference,8,8,560005120,1831.3626708984373,428.564453125,,,,,,
5d5tvuuv,prev_torque_efference,8,8,570081280,1836.0225830078125,429.8037109375,,,,,,
5d5tvuuv,prev_torque_efference,8,8,580075520,1850.3623046875,432.751953125,,,,,,
5d5tvuuv,prev_torque_efference,8,8,590069760,1846.02001953125,431.2490234375,,,,,,
5d5tvuuv,prev_torque_efference,8,8,600064000,1865.0511474609373,435.0087890625,,,,,,
u9j3se06,prev_torque_efference,9,9,0,206.66067504882807,108.04296875,,,,,,
u9j3se06,prev_torque_efference,9,9,10076160,590.566162109375,216.7314453125,,,,,,
u9j3se06,prev_torque_efference,9,9,20070400,630.2510986328125,217.1044921875,,,,,,
u9j3se06,prev_torque_efference,9,9,30064640,696.4351806640625,228.7548828125,,,,,,
u9j3se06,prev_torque_efference,9,9,40058880,702.5376586914062,221.7666015625,,,,,,
u9j3se06,prev_torque_efference,9,9,50053120,786.2542724609375,242.0087890625,,,,,,
u9j3se06,prev_torque_efference,9,9,60047360,759.732666015625,223.80078125,,,,,,
u9j3se06,prev_torque_efference,9,9,70041600,871.089599609375,255.24609375,,,,,,
u9j3se06,prev_torque_efference,9,9,80035840,895.415283203125,258.431640625,,,,,,
u9j3se06,prev_torque_efference,9,9,90030080,964.4840698242188,274.9609375,,,,,,
u9j3se06,prev_torque_efference,9,9,100024320,986.9242553710938,276.9951171875,,,,,,
u9j3se06,prev_torque_efference,9,9,110018560,1022.97314453125,284.40625,,,,,,
u9j3se06,prev_torque_efference,9,9,120012800,1050.655517578125,291.0859375,,,,,,
u9j3se06,prev_torque_efference,9,9,130007040,1123.10498046875,302.857421875,,,,,,
u9j3se06,prev_torque_efference,9,9,140001280,1173.19677734375,314.033203125,,,,,,
u9j3se06,prev_torque_efference,9,9,150077440,1271.7286376953125,333.7373046875,,,,,,
u9j3se06,prev_torque_efference,9,9,160071680,1316.387451171875,343.3408203125,,,,,,
u9j3se06,prev_torque_efference,9,9,170065920,1386.498046875,357.8212890625,,,,,,
u9j3se06,prev_torque_efference,9,9,180060160,1456.378173828125,371.1845703125,,,,,,
u9j3se06,prev_torque_efference,9,9,190054400,1492.548583984375,379.212890625,,,,,,
u9j3se06,prev_torque_efference,9,9,200048640,1502.026611328125,376.607421875,,,,,,
u9j3se06,prev_torque_efference,9,9,210042880,1539.1441650390625,382.765625,,,,,,
u9j3se06,prev_torque_efference,9,9,220037120,1512.884521484375,374.3984375,,,,,,
u9j3se06,prev_torque_efference,9,9,230031360,1561.156494140625,386.3359375,,,,,,
u9j3se06,prev_torque_efference,9,9,240025600,1583.846923828125,390.6767578125,,,,,,
u9j3se06,prev_torque_efference,9,9,250019840,1604.173583984375,394.0166015625,,,,,,
u9j3se06,prev_torque_efference,9,9,260014080,1602.120361328125,391.689453125,,,,,,
u9j3se06,prev_torque_efference,9,9,270008320,1600.45654296875,390.052734375,,,,,,
u9j3se06,prev_torque_efference,9,9,280002560,1587.763671875,387.2548828125,,,,,,
u9j3se06,prev_torque_efference,9,9,290078720,1631.867431640625,396.31640625,,,,,,
u9j3se06,prev_torque_efference,9,9,300072960,1667.6607666015625,403.6767578125,,,,,,
u9j3se06,prev_torque_efference,9,9,310067200,1636.8212890625,395.9375,,,,,,
u9j3se06,prev_torque_efference,9,9,320061440,1671.60498046875,402.52734375,,,,,,
u9j3se06,prev_torque_efference,9,9,330055680,1672.66552734375,404.07421875,,,,,,
u9j3se06,prev_torque_efference,9,9,340049920,1664.1048583984375,402.8408203125,,,,,,
u9j3se06,prev_torque_efference,9,9,350044160,1705.4404296875,411.0751953125,,,,,,
u9j3se06,prev_torque_efference,9,9,360038400,1737.576171875,416.5654296875,,,,,,
u9j3se06,prev_torque_efference,9,9,370032640,1712.595703125,409.9873046875,,,,,,
u9j3se06,prev_torque_efference,9,9,380026880,1732.00390625,415.2001953125,,,,,,
u9j3se06,prev_torque_efference,9,9,390021120,1725.46240234375,414.0966796875,,,,,,
u9j3se06,prev_torque_efference,9,9,400015360,1751.816650390625,418.5107421875,,,,,,
u9j3se06,prev_torque_efference,9,9,410009600,1757.0528564453125,419.255859375,,,,,,
u9j3se06,prev_torque_efference,9,9,420003840,1772.5711669921875,422.2919921875,,,,,,
u9j3se06,prev_torque_efference,9,9,430080000,1770.09619140625,421.31640625,,,,,,
u9j3se06,prev_torque_efference,9,9,440074240,1776.895751953125,421.9814453125,,,,,,
u9j3se06,prev_torque_efference,9,9,450068480,1757.521240234375,417.419921875,,,,,,
u9j3se06,prev_torque_efference,9,9,460062720,1762.639404296875,418.7333984375,,,,,,
u9j3se06,prev_torque_efference,9,9,470056960,1764.84619140625,418.7421875,,,,,,
u9j3se06,prev_torque_efference,9,9,480051200,1769.407470703125,420.3994140625,,,,,,
u9j3se06,prev_torque_efference,9,9,490045440,1816.0625,429.0,,,,,,
u9j3se06,prev_torque_efference,9,9,500039680,1801.567626953125,425.2763671875,,,,,,
u9j3se06,prev_torque_efference,9,9,510033920,1775.660400390625,420.5048828125,,,,,,
u9j3se06,prev_torque_efference,9,9,520028160,1785.26904296875,420.849609375,,,,,,
u9j3se06,prev_torque_efference,9,9,530022400,1829.468505859375,431.4326171875,,,,,,
u9j3se06,prev_torque_efference,9,9,540016640,1823.422119140625,429.4658203125,,,,,,
u9j3se06,prev_torque_efference,9,9,550010880,1820.7894287109373,428.41796875,,,,,,
u9j3se06,prev_torque_efference,9,9,560005120,1826.571044921875,429.857421875,,,,,,
u9j3se06,prev_torque_efference,9,9,570081280,1816.9100341796875,427.6015625,,,,,,
u9j3se06,prev_torque_efference,9,9,580075520,1813.4385986328125,426.4453125,,,,,,
u9j3se06,prev_torque_efference,9,9,590069760,1798.938232421875,423.51953125,,,,,,
u9j3se06,prev_torque_efference,9,9,600064000,1833.096435546875,430.830078125,,,,,,
k0i287kl,prev_torque_efference,10,10,0,208.0838928222656,108.74609375,,,,,,
k0i287kl,prev_torque_efference,10,10,10076160,591.2156982421875,218.92578125,,,,,,
k0i287kl,prev_torque_efference,10,10,20070400,636.715576171875,215.8359375,,,,,,
k0i287kl,prev_torque_efference,10,10,30064640,660.343017578125,218.5791015625,,,,,,
k0i287kl,prev_torque_efference,10,10,40058880,711.7354736328125,226.8974609375,,,,,,
k0i287kl,prev_torque_efference,10,10,50053120,725.28125,223.3642578125,,,,,,
k0i287kl,prev_torque_efference,10,10,60047360,754.8745727539062,227.794921875,,,,,,
k0i287kl,prev_torque_efference,10,10,70041600,803.3247680664062,237.3291015625,,,,,,
k0i287kl,prev_torque_efference,10,10,80035840,891.953125,261.8193359375,,,,,,
k0i287kl,prev_torque_efference,10,10,90030080,929.329345703125,269.9169921875,,,,,,
k0i287kl,prev_torque_efference,10,10,100024320,973.923828125,279.1865234375,,,,,,
k0i287kl,prev_torque_efference,10,10,110018560,987.6356201171876,277.294921875,,,,,,
k0i287kl,prev_torque_efference,10,10,120012800,1036.7069091796875,288.498046875,,,,,,
k0i287kl,prev_torque_efference,10,10,130007040,1056.7374267578125,291.5732421875,,,,,,
k0i287kl,prev_torque_efference,10,10,140001280,1101.25048828125,301.6357421875,,,,,,
k0i287kl,prev_torque_efference,10,10,150077440,1193.7822265625,321.478515625,,,,,,
k0i287kl,prev_torque_efference,10,10,160071680,1237.522216796875,329.7392578125,,,,,,
k0i287kl,prev_torque_efference,10,10,170065920,1355.5899658203125,355.43359375,,,,,,
k0i287kl,prev_torque_efference,10,10,180060160,1345.60791015625,350.6640625,,,,,,
k0i287kl,prev_torque_efference,10,10,190054400,1425.043212890625,369.1650390625,,,,,,
k0i287kl,prev_torque_efference,10,10,200048640,1426.29052734375,366.09375,,,,,,
k0i287kl,prev_torque_efference,10,10,210042880,1441.12109375,365.1015625,,,,,,
k0i287kl,prev_torque_efference,10,10,220037120,1513.280517578125,381.0927734375,,,,,,
k0i287kl,prev_torque_efference,10,10,230031360,1510.0438232421875,377.076171875,,,,,,
k0i287kl,prev_torque_efference,10,10,240025600,1544.280029296875,384.4482421875,,,,,,
k0i287kl,prev_torque_efference,10,10,250019840,1560.528564453125,385.72265625,,,,,,
k0i287kl,prev_torque_efference,10,10,260014080,1554.578369140625,383.5654296875,,,,,,
k0i287kl,prev_torque_efference,10,10,270008320,1591.6201171875,391.8330078125,,,,,,
k0i287kl,prev_torque_efference,10,10,280002560,1611.954345703125,393.796875,,,,,,
k0i287kl,prev_torque_efference,10,10,290078720,1601.80126953125,391.4853515625,,,,,,
k0i287kl,prev_torque_efference,10,10,300072960,1635.8721923828125,399.1982421875,,,,,,
k0i287kl,prev_torque_efference,10,10,310067200,1614.83740234375,391.8486328125,,,,,,
k0i287kl,prev_torque_efference,10,10,320061440,1622.0986328125,394.31640625,,,,,,
k0i287kl,prev_torque_efference,10,10,330055680,1623.19677734375,396.16015625,,,,,,
k0i287kl,prev_torque_efference,10,10,340049920,1658.274658203125,401.140625,,,,,,
k0i287kl,prev_torque_efference,10,10,350044160,1671.019287109375,403.2099609375,,,,,,
k0i287kl,prev_torque_efference,10,10,360038400,1658.60302734375,401.12109375,,,,,,
k0i287kl,prev_torque_efference,10,10,370032640,1649.181396484375,398.0048828125,,,,,,
k0i287kl,prev_torque_efference,10,10,380026880,1678.754638671875,404.216796875,,,,,,
k0i287kl,prev_torque_efference,10,10,390021120,1681.7138671875,405.01953125,,,,,,
k0i287kl,prev_torque_efference,10,10,400015360,1675.593017578125,402.7431640625,,,,,,
k0i287kl,prev_torque_efference,10,10,410009600,1703.099609375,409.091796875,,,,,,
k0i287kl,prev_torque_efference,10,10,420003840,1727.212646484375,413.1806640625,,,,,,
k0i287kl,prev_torque_efference,10,10,430080000,1680.976318359375,402.2353515625,,,,,,
k0i287kl,prev_torque_efference,10,10,440074240,1689.8118896484375,404.3779296875,,,,,,
k0i287kl,prev_torque_efference,10,10,450068480,1710.1820068359375,409.0673828125,,,,,,
k0i287kl,prev_torque_efference,10,10,460062720,1750.3975830078125,417.6982421875,,,,,,
k0i287kl,prev_torque_efference,10,10,470056960,1768.5582275390625,420.7705078125,,,,,,
k0i287kl,prev_torque_efference,10,10,480051200,1771.789794921875,420.3984375,,,,,,
k0i287kl,prev_torque_efference,10,10,490045440,1735.432373046875,412.8125,,,,,,
k0i287kl,prev_torque_efference,10,10,500039680,1754.0123291015625,417.732421875,,,,,,
k0i287kl,prev_torque_efference,10,10,510033920,1786.0809326171875,424.1943359375,,,,,,
k0i287kl,prev_torque_efference,10,10,520028160,1766.256591796875,418.986328125,,,,,,
k0i287kl,prev_torque_efference,10,10,530022400,1793.0423583984375,424.3046875,,,,,,
k0i287kl,prev_torque_efference,10,10,540016640,1788.420654296875,424.1533203125,,,,,,
k0i287kl,prev_torque_efference,10,10,550010880,1785.42578125,422.4609375,,,,,,
k0i287kl,prev_torque_efference,10,10,560005120,1823.158935546875,431.1328125,,,,,,
k0i287kl,prev_torque_efference,10,10,570081280,1815.135986328125,429.0673828125,,,,,,
k0i287kl,prev_torque_efference,10,10,580075520,1819.146240234375,429.994140625,,,,,,
k0i287kl,prev_torque_efference,10,10,590069760,1779.439697265625,420.73046875,,,,,,
k0i287kl,prev_torque_efference,10,10,600064000,1789.60986328125,423.0419921875,,,,,,
xj1agjno,prev_torque_efference,15,15,0,213.155029296875,110.0439453125,,,,,,
xj1agjno,prev_torque_efference,15,15,10076160,578.322509765625,213.2451171875,,,,,,
xj1agjno,prev_torque_efference,15,15,20070400,612.3067016601562,209.2353515625,,,,,,
xj1agjno,prev_torque_efference,15,15,30064640,648.7489624023438,212.263671875,,,,,,
xj1agjno,prev_torque_efference,15,15,40058880,648.5635986328125,211.380859375,,,,,,
xj1agjno,prev_torque_efference,15,15,50053120,689.6700439453125,216.3271484375,,,,,,
xj1agjno,prev_torque_efference,15,15,60047360,746.7544555664062,230.2255859375,,,,,,
xj1agjno,prev_torque_efference,15,15,70041600,728.9302978515625,219.6044921875,,,,,,
xj1agjno,prev_torque_efference,15,15,80035840,800.4462280273438,239.0361328125,,,,,,
xj1agjno,prev_torque_efference,15,15,90030080,831.05322265625,242.75390625,,,,,,
xj1agjno,prev_torque_efference,15,15,100024320,866.5924072265625,251.5283203125,,,,,,
xj1agjno,prev_torque_efference,15,15,110018560,921.1500244140624,264.69140625,,,,,,
xj1agjno,prev_torque_efference,15,15,120012800,957.831787109375,271.810546875,,,,,,
xj1agjno,prev_torque_efference,15,15,130007040,982.7607421875,278.716796875,,,,,,
xj1agjno,prev_torque_efference,15,15,140001280,1014.3675537109376,284.74609375,,,,,,
xj1agjno,prev_torque_efference,15,15,150077440,1046.3248291015625,291.1826171875,,,,,,
xj1agjno,prev_torque_efference,15,15,160071680,1067.572265625,291.912109375,,,,,,
xj1agjno,prev_torque_efference,15,15,170065920,1103.5355224609375,299.4052734375,,,,,,
xj1agjno,prev_torque_efference,15,15,180060160,1145.63671875,309.4052734375,,,,,,
xj1agjno,prev_torque_efference,15,15,190054400,1218.4459228515625,328.779296875,,,,,,
xj1agjno,prev_torque_efference,15,15,200048640,1191.3543701171875,320.947265625,,,,,,
xj1agjno,prev_torque_efference,15,15,210042880,1333.065185546875,354.8134765625,,,,,,
xj1agjno,prev_torque_efference,15,15,220037120,1321.643798828125,346.94921875,,,,,,
xj1agjno,prev_torque_efference,15,15,230031360,1355.936279296875,353.1240234375,,,,,,
xj1agjno,prev_torque_efference,15,15,240025600,1377.97119140625,356.5380859375,,,,,,
xj1agjno,prev_torque_efference,15,15,250019840,1411.9814453125,364.486328125,,,,,,
xj1agjno,prev_torque_efference,15,15,260014080,1417.9130859375,365.43359375,,,,,,
xj1agjno,prev_torque_efference,15,15,270008320,1452.976318359375,372.068359375,,,,,,
xj1agjno,prev_torque_efference,15,15,280002560,1494.2537841796875,380.2275390625,,,,,,
xj1agjno,prev_torque_efference,15,15,290078720,1478.9384765625,374.84765625,,,,,,
xj1agjno,prev_torque_efference,15,15,300072960,1512.46240234375,382.4013671875,,,,,,
xj1agjno,prev_torque_efference,15,15,310067200,1491.734619140625,378.27734375,,,,,,
xj1agjno,prev_torque_efference,15,15,320061440,1502.3349609375,379.396484375,,,,,,
xj1agjno,prev_torque_efference,15,15,330055680,1481.1099853515625,370.9580078125,,,,,,
xj1agjno,prev_torque_efference,15,15,340049920,1540.760986328125,386.4462890625,,,,,,
xj1agjno,prev_torque_efference,15,15,350044160,1524.470947265625,380.1083984375,,,,,,
xj1agjno,prev_torque_efference,15,15,360038400,1551.391357421875,386.716796875,,,,,,
xj1agjno,prev_torque_efference,15,15,370032640,1523.73486328125,379.4169921875,,,,,,
xj1agjno,prev_torque_efference,15,15,380026880,1542.259765625,384.1259765625,,,,,,
xj1agjno,prev_torque_efference,15,15,390021120,1552.962890625,386.6884765625,,,,,,
xj1agjno,prev_torque_efference,15,15,400015360,1521.599365234375,377.7626953125,,,,,,
xj1agjno,prev_torque_efference,15,15,410009600,1523.647216796875,378.9951171875,,,,,,
xj1agjno,prev_torque_efference,15,15,420003840,1545.038818359375,382.005859375,,,,,,
xj1agjno,prev_torque_efference,15,15,430080000,1571.30029296875,388.4384765625,,,,,,
xj1agjno,prev_torque_efference,15,15,440074240,1541.63232421875,381.115234375,,,,,,
xj1agjno,prev_torque_efference,15,15,450068480,1578.549072265625,389.654296875,,,,,,
xj1agjno,prev_torque_efference,15,15,460062720,1551.73583984375,383.7705078125,,,,,,
xj1agjno,prev_torque_efference,15,15,470056960,1532.57470703125,379.833984375,,,,,,
xj1agjno,prev_torque_efference,15,15,480051200,1562.5634765625,387.7763671875,,,,,,
xj1agjno,prev_torque_efference,15,15,490045440,1559.7127685546875,383.7802734375,,,,,,
xj1agjno,prev_torque_efference,15,15,500039680,1566.486328125,387.3232421875,,,,,,
xj1agjno,prev_torque_efference,15,15,510033920,1562.9814453125,384.2119140625,,,,,,
xj1agjno,prev_torque_efference,15,15,520028160,1594.72802734375,392.4365234375,,,,,,
xj1agjno,prev_torque_efference,15,15,530022400,1571.003173828125,388.294921875,,,,,,
xj1agjno,prev_torque_efference,15,15,540016640,1583.125244140625,388.87109375,,,,,,
xj1agjno,prev_torque_efference,15,15,550010880,1584.81982421875,388.408203125,,,,,,
xj1agjno,prev_torque_efference,15,15,560005120,1605.897216796875,391.9423828125,,,,,,
xj1agjno,prev_torque_efference,15,15,570081280,1576.5758056640625,386.029296875,,,,,,
xj1agjno,prev_torque_efference,15,15,580075520,1569.8201904296875,385.3525390625,,,,,,
xj1agjno,prev_torque_efference,15,15,590069760,1612.8804931640625,393.08984375,,,,,,
xj1agjno,prev_torque_efference,15,15,600064000,1592.833984375,389.765625,,,,,,
gunf0ivv,prev_torque_efference,20,20,0,217.432373046875,112.494140625,,,,,,
gunf0ivv,prev_torque_efference,20,20,10076160,564.60107421875,210.0849609375,,,,,,
gunf0ivv,prev_torque_efference,20,20,20070400,610.0272216796875,211.0712890625,,,,,,
gunf0ivv,prev_torque_efference,20,20,30064640,629.6187744140625,209.90625,,,,,,
gunf0ivv,prev_torque_efference,20,20,40058880,675.2130737304688,221.4384765625,,,,,,
gunf0ivv,prev_torque_efference,20,20,50053120,691.0098266601562,221.1083984375,,,,,,
gunf0ivv,prev_torque_efference,20,20,60047360,701.3388061523438,217.2880859375,,,,,,
gunf0ivv,prev_torque_efference,20,20,70041600,723.654052734375,221.521484375,,,,,,
gunf0ivv,prev_torque_efference,20,20,80035840,794.798583984375,241.4013671875,,,,,,
gunf0ivv,prev_torque_efference,20,20,90030080,772.5469360351562,231.2431640625,,,,,,
gunf0ivv,prev_torque_efference,20,20,100024320,828.4329833984375,244.6884765625,,,,,,
gunf0ivv,prev_torque_efference,20,20,110018560,879.704833984375,259.1337890625,,,,,,
gunf0ivv,prev_torque_efference,20,20,120012800,896.641357421875,260.3984375,,,,,,
gunf0ivv,prev_torque_efference,20,20,130007040,941.9548950195312,272.8447265625,,,,,,
gunf0ivv,prev_torque_efference,20,20,140001280,958.3450927734376,275.25,,,,,,
gunf0ivv,prev_torque_efference,20,20,150077440,987.55810546875,281.0263671875,,,,,,
gunf0ivv,prev_torque_efference,20,20,160071680,1001.68603515625,284.7587890625,,,,,,
gunf0ivv,prev_torque_efference,20,20,170065920,1024.6285400390625,288.4931640625,,,,,,
gunf0ivv,prev_torque_efference,20,20,180060160,1036.481201171875,291.67578125,,,,,,
gunf0ivv,prev_torque_efference,20,20,190054400,1069.7298583984375,298.08203125,,,,,,
gunf0ivv,prev_torque_efference,20,20,200048640,1062.871826171875,292.3076171875,,,,,,
gunf0ivv,prev_torque_efference,20,20,210042880,1077.027099609375,296.52734375,,,,,,
gunf0ivv,prev_torque_efference,20,20,220037120,1096.2022705078125,297.2890625,,,,,,
gunf0ivv,prev_torque_efference,20,20,230031360,1147.20947265625,311.853515625,,,,,,
gunf0ivv,prev_torque_efference,20,20,240025600,1203.49169921875,325.484375,,,,,,
gunf0ivv,prev_torque_efference,20,20,250019840,1238.32666015625,334.0849609375,,,,,,
gunf0ivv,prev_torque_efference,20,20,260014080,1269.918701171875,339.9501953125,,,,,,
gunf0ivv,prev_torque_efference,20,20,270008320,1231.1630859375,328.3330078125,,,,,,
gunf0ivv,prev_torque_efference,20,20,280002560,1255.130859375,331.6376953125,,,,,,
gunf0ivv,prev_torque_efference,20,20,290078720,1261.76806640625,335.81640625,,,,,,
gunf0ivv,prev_torque_efference,20,20,300072960,1347.694091796875,358.1240234375,,,,,,
gunf0ivv,prev_torque_efference,20,20,310067200,1325.4443359375,347.5634765625,,,,,,
gunf0ivv,prev_torque_efference,20,20,320061440,1346.3160400390625,353.3125,,,,,,
gunf0ivv,prev_torque_efference,20,20,330055680,1328.995849609375,347.94921875,,,,,,
gunf0ivv,prev_torque_efference,20,20,340049920,1351.554931640625,352.2998046875,,,,,,
gunf0ivv,prev_torque_efference,20,20,350044160,1398.4130859375,362.21484375,,,,,,
gunf0ivv,prev_torque_efference,20,20,360038400,1377.3466796875,356.73046875,,,,,,
gunf0ivv,prev_torque_efference,20,20,370032640,1370.82666015625,354.78125,,,,,,
gunf0ivv,prev_torque_efference,20,20,380026880,1402.559814453125,361.322265625,,,,,,
gunf0ivv,prev_torque_efference,20,20,390021120,1417.27294921875,364.451171875,,,,,,
gunf0ivv,prev_torque_efference,20,20,400015360,1417.8804931640625,364.4951171875,,,,,,
gunf0ivv,prev_torque_efference,20,20,410009600,1378.037353515625,356.044921875,,,,,,
gunf0ivv,prev_torque_efference,20,20,420003840,1385.678466796875,357.9931640625,,,,,,
gunf0ivv,prev_torque_efference,20,20,430080000,1448.6064453125,371.2470703125,,,,,,
gunf0ivv,prev_torque_efference,20,20,440074240,1441.4486083984375,367.685546875,,,,,,
gunf0ivv,prev_torque_efference,20,20,450068480,1445.8597412109375,368.4599609375,,,,,,
gunf0ivv,prev_torque_efference,20,20,460062720,1440.088134765625,366.423828125,,,,,,
gunf0ivv,prev_torque_efference,20,20,470056960,1435.749755859375,365.0126953125,,,,,,
gunf0ivv,prev_torque_efference,20,20,480051200,1413.994140625,357.8798828125,,,,,,
gunf0ivv,prev_torque_efference,20,20,490045440,1436.394287109375,362.9833984375,,,,,,
gunf0ivv,prev_torque_efference,20,20,500039680,1420.4066162109375,360.6044921875,,,,,,
gunf0ivv,prev_torque_efference,20,20,510033920,1404.1553955078125,357.3701171875,,,,,,
gunf0ivv,prev_torque_efference,20,20,520028160,1424.531494140625,362.9326171875,,,,,,
gunf0ivv,prev_torque_efference,20,20,530022400,1437.0513916015625,364.0361328125,,,,,,
gunf0ivv,prev_torque_efference,20,20,540016640,1424.0068359375,363.3173828125,,,,,,
gunf0ivv,prev_torque_efference,20,20,550010880,1429.60107421875,364.2021484375,,,,,,
gunf0ivv,prev_torque_efference,20,20,560005120,1442.3990478515625,367.400390625,,,,,,
gunf0ivv,prev_torque_efference,20,20,570081280,1484.6036376953125,374.7666015625,,,,,,
gunf0ivv,prev_torque_efference,20,20,580075520,1485.3682861328125,373.73828125,,,,,,
gunf0ivv,prev_torque_efference,20,20,590069760,1434.27685546875,362.77734375,,,,,,
gunf0ivv,prev_torque_efference,20,20,600064000,1435.531005859375,363.3037109375,,,,,,
w2498exh,prev_torque_efference,30,30,0,223.14089965820312,115.7509765625,,,,,,
w2498exh,prev_torque_efference,30,30,10076160,533.5262451171875,202.9365234375,,,,,,
w2498exh,prev_torque_efference,30,30,20070400,597.2439575195312,208.57421875,,,,,,
w2498exh,prev_torque_efference,30,30,30064640,602.1387939453125,202.3583984375,,,,,,
w2498exh,prev_torque_efference,30,30,40058880,649.5418701171875,213.5517578125,,,,,,
w2498exh,prev_torque_efference,30,30,50053120,615.7894897460938,197.51171875,,,,,,
w2498exh,prev_torque_efference,30,30,60047360,606.8892822265625,191.8212890625,,,,,,
w2498exh,prev_torque_efference,30,30,70041600,684.2372436523438,211.9462890625,,,,,,
w2498exh,prev_torque_efference,30,30,80035840,668.3182373046875,204.9990234375,,,,,,
w2498exh,prev_torque_efference,30,30,90030080,743.965576171875,224.0546875,,,,,,
w2498exh,prev_torque_efference,30,30,100024320,732.0797119140625,217.9912109375,,,,,,
w2498exh,prev_torque_efference,30,30,110018560,817.7093505859375,243.7060546875,,,,,,
w2498exh,prev_torque_efference,30,30,120012800,854.0390625,255.4462890625,,,,,,
w2498exh,prev_torque_efference,30,30,130007040,860.3223266601562,256.08984375,,,,,,
w2498exh,prev_torque_efference,30,30,140001280,897.5679931640625,263.6533203125,,,,,,
w2498exh,prev_torque_efference,30,30,150077440,901.3716430664062,261.76953125,,,,,,
w2498exh,prev_torque_efference,30,30,160071680,916.1044921875,268.4775390625,,,,,,
w2498exh,prev_torque_efference,30,30,170065920,940.7237548828124,273.9833984375,,,,,,
w2498exh,prev_torque_efference,30,30,180060160,951.4752197265624,276.5263671875,,,,,,
w2498exh,prev_torque_efference,30,30,190054400,956.0393676757812,276.3076171875,,,,,,
w2498exh,prev_torque_efference,30,30,200048640,963.5782470703124,277.140625,,,,,,
w2498exh,prev_torque_efference,30,30,210042880,970.8070068359376,277.7490234375,,,,,,
w2498exh,prev_torque_efference,30,30,220037120,981.0880126953124,281.509765625,,,,,,
w2498exh,prev_torque_efference,30,30,230031360,983.5693969726562,279.2802734375,,,,,,
w2498exh,prev_torque_efference,30,30,240025600,988.2694091796876,280.0087890625,,,,,,
w2498exh,prev_torque_efference,30,30,250019840,996.2872924804688,282.6025390625,,,,,,
w2498exh,prev_torque_efference,30,30,260014080,1008.7857666015624,282.177734375,,,,,,
w2498exh,prev_torque_efference,30,30,270008320,1020.2484130859376,285.416015625,,,,,,
w2498exh,prev_torque_efference,30,30,280002560,1042.101318359375,289.8828125,,,,,,
w2498exh,prev_torque_efference,30,30,290078720,1038.02978515625,289.783203125,,,,,,
w2498exh,prev_torque_efference,30,30,300072960,1059.32568359375,292.251953125,,,,,,
w2498exh,prev_torque_efference,30,30,310067200,1072.5908203125,295.099609375,,,,,,
w2498exh,prev_torque_efference,30,30,320061440,1077.714111328125,297.26171875,,,,,,
w2498exh,prev_torque_efference,30,30,330055680,1078.868408203125,295.7880859375,,,,,,
w2498exh,prev_torque_efference,30,30,340049920,1106.875,305.8798828125,,,,,,
w2498exh,prev_torque_efference,30,30,350044160,1108.1270751953125,303.212890625,,,,,,
w2498exh,prev_torque_efference,30,30,360038400,1138.2305908203125,313.9326171875,,,,,,
w2498exh,prev_torque_efference,30,30,370032640,1180.76806640625,320.8037109375,,,,,,
w2498exh,prev_torque_efference,30,30,380026880,1154.96142578125,315.01171875,,,,,,
w2498exh,prev_torque_efference,30,30,390021120,1179.776611328125,320.8701171875,,,,,,
w2498exh,prev_torque_efference,30,30,400015360,1207.847412109375,332.87109375,,,,,,
w2498exh,prev_torque_efference,30,30,410009600,1172.474853515625,320.1669921875,,,,,,
w2498exh,prev_torque_efference,30,30,420003840,1191.406494140625,323.1064453125,,,,,,
w2498exh,prev_torque_efference,30,30,430080000,1224.7298583984375,332.1728515625,,,,,,
w2498exh,prev_torque_efference,30,30,440074240,1211.1678466796875,324.998046875,,,,,,
w2498exh,prev_torque_efference,30,30,450068480,1266.853759765625,339.150390625,,,,,,
w2498exh,prev_torque_efference,30,30,460062720,1272.5892333984375,340.076171875,,,,,,
w2498exh,prev_torque_efference,30,30,470056960,1272.7193603515625,341.2802734375,,,,,,
w2498exh,prev_torque_efference,30,30,480051200,1306.7652587890625,349.0849609375,,,,,,
w2498exh,prev_torque_efference,30,30,490045440,1287.9498291015625,344.537109375,,,,,,
w2498exh,prev_torque_efference,30,30,500039680,1289.555908203125,347.3212890625,,,,,,
w2498exh,prev_torque_efference,30,30,510033920,1285.91748046875,344.384765625,,,,,,
w2498exh,prev_torque_efference,30,30,520028160,1260.39990234375,337.8466796875,,,,,,
w2498exh,prev_torque_efference,30,30,530022400,1319.982421875,352.912109375,,,,,,
w2498exh,prev_torque_efference,30,30,540016640,1310.4356689453125,348.4130859375,,,,,,
w2498exh,prev_torque_efference,30,30,550010880,1243.8271484375,330.9404296875,,,,,,
w2498exh,prev_torque_efference,30,30,560005120,1330.1561279296875,353.720703125,,,,,,
w2498exh,prev_torque_efference,30,30,570081280,1339.95849609375,355.3916015625,,,,,,
w2498exh,prev_torque_efference,30,30,580075520,1321.2208251953125,348.6728515625,,,,,,
w2498exh,prev_torque_efference,30,30,590069760,1386.90234375,365.21875,,,,,,
w2498exh,prev_torque_efference,30,30,600064000,1327.683349609375,351.955078125,,,,,,
rv3u3x7n,prev_torque_efference,40,40,0,226.78561401367188,117.845703125,,,,,,
rv3u3x7n,prev_torque_efference,40,40,10076160,516.1373901367188,196.32421875,,,,,,
rv3u3x7n,prev_torque_efference,40,40,20070400,571.3880615234375,197.6591796875,,,,,,
rv3u3x7n,prev_torque_efference,40,40,30064640,569.8302001953125,192.4326171875,,,,,,
rv3u3x7n,prev_torque_efference,40,40,40058880,594.148193359375,194.0654296875,,,,,,
rv3u3x7n,prev_torque_efference,40,40,50053120,640.2553100585938,207.99609375,,,,,,
rv3u3x7n,prev_torque_efference,40,40,60047360,679.7811279296875,215.62109375,,,,,,
rv3u3x7n,prev_torque_efference,40,40,70041600,694.5401000976562,219.3310546875,,,,,,
rv3u3x7n,prev_torque_efference,40,40,80035840,686.6533203125,211.1533203125,,,,,,
rv3u3x7n,prev_torque_efference,40,40,90030080,701.38720703125,214.8681640625,,,,,,
rv3u3x7n,prev_torque_efference,40,40,100024320,721.3485107421875,218.841796875,,,,,,
rv3u3x7n,prev_torque_efference,40,40,110018560,716.2645263671875,213.0654296875,,,,,,
rv3u3x7n,prev_torque_efference,40,40,120012800,773.7074584960938,233.0185546875,,,,,,
rv3u3x7n,prev_torque_efference,40,40,130007040,823.0364990234375,246.1435546875,,,,,,
rv3u3x7n,prev_torque_efference,40,40,140001280,827.9892578125,245.7216796875,,,,,,
rv3u3x7n,prev_torque_efference,40,40,150077440,871.9151611328125,256.2431640625,,,,,,
rv3u3x7n,prev_torque_efference,40,40,160071680,897.1612548828125,266.7099609375,,,,,,
rv3u3x7n,prev_torque_efference,40,40,170065920,867.7996826171875,255.9052734375,,,,,,
rv3u3x7n,prev_torque_efference,40,40,180060160,868.3872680664062,254.5517578125,,,,,,
rv3u3x7n,prev_torque_efference,40,40,190054400,882.7545776367188,258.3994140625,,,,,,
rv3u3x7n,prev_torque_efference,40,40,200048640,894.889892578125,260.5625,,,,,,
rv3u3x7n,prev_torque_efference,40,40,210042880,910.533935546875,266.3994140625,,,,,,
rv3u3x7n,prev_torque_efference,40,40,220037120,914.9888916015624,267.494140625,,,,,,
rv3u3x7n,prev_torque_efference,40,40,230031360,934.2078857421876,271.1640625,,,,,,
rv3u3x7n,prev_torque_efference,40,40,240025600,945.81396484375,273.4482421875,,,,,,
rv3u3x7n,prev_torque_efference,40,40,250019840,951.7158813476562,275.5146484375,,,,,,
rv3u3x7n,prev_torque_efference,40,40,260014080,960.8557739257812,276.6220703125,,,,,,
rv3u3x7n,prev_torque_efference,40,40,270008320,969.6198120117188,278.48828125,,,,,,
rv3u3x7n,prev_torque_efference,40,40,280002560,967.7088012695312,277.859375,,,,,,
rv3u3x7n,prev_torque_efference,40,40,290078720,964.7946166992188,276.8671875,,,,,,
rv3u3x7n,prev_torque_efference,40,40,300072960,994.7799072265624,284.720703125,,,,,,
rv3u3x7n,prev_torque_efference,40,40,310067200,999.6702880859376,286.1591796875,,,,,,
rv3u3x7n,prev_torque_efference,40,40,320061440,1006.5509033203124,286.7109375,,,,,,
rv3u3x7n,prev_torque_efference,40,40,330055680,1014.035400390625,286.4052734375,,,,,,
rv3u3x7n,prev_torque_efference,40,40,340049920,1018.064208984375,289.1201171875,,,,,,
rv3u3x7n,prev_torque_efference,40,40,350044160,1021.5777587890624,289.015625,,,,,,
rv3u3x7n,prev_torque_efference,40,40,360038400,1035.728271484375,291.7998046875,,,,,,
rv3u3x7n,prev_torque_efference,40,40,370032640,1027.971923828125,285.7158203125,,,,,,
rv3u3x7n,prev_torque_efference,40,40,380026880,1045.55419921875,289.166015625,,,,,,
rv3u3x7n,prev_torque_efference,40,40,390021120,1049.214111328125,290.8779296875,,,,,,
rv3u3x7n,prev_torque_efference,40,40,400015360,1058.029296875,294.5087890625,,,,,,
rv3u3x7n,prev_torque_efference,40,40,410009600,1058.0919189453125,292.5048828125,,,,,,
rv3u3x7n,prev_torque_efference,40,40,420003840,1081.054931640625,298.2626953125,,,,,,
rv3u3x7n,prev_torque_efference,40,40,430080000,1090.671630859375,301.68359375,,,,,,
rv3u3x7n,prev_torque_efference,40,40,440074240,1076.40673828125,298.0146484375,,,,,,
rv3u3x7n,prev_torque_efference,40,40,450068480,1095.4296875,304.123046875,,,,,,
rv3u3x7n,prev_torque_efference,40,40,460062720,1084.26318359375,299.76171875,,,,,,
rv3u3x7n,prev_torque_efference,40,40,470056960,1120.7265625,309.2001953125,,,,,,
rv3u3x7n,prev_torque_efference,40,40,480051200,1140.774169921875,314.53515625,,,,,,
rv3u3x7n,prev_torque_efference,40,40,490045440,1109.537841796875,304.412109375,,,,,,
rv3u3x7n,prev_torque_efference,40,40,500039680,1094.0838623046875,300.0146484375,,,,,,
rv3u3x7n,prev_torque_efference,40,40,510033920,1128.765625,312.056640625,,,,,,
rv3u3x7n,prev_torque_efference,40,40,520028160,1111.478759765625,304.3251953125,,,,,,
rv3u3x7n,prev_torque_efference,40,40,530022400,1139.2275390625,313.3876953125,,,,,,
rv3u3x7n,prev_torque_efference,40,40,540016640,1153.750732421875,319.4296875,,,,,,
rv3u3x7n,prev_torque_efference,40,40,550010880,1157.383544921875,317.98046875,,,,,,
rv3u3x7n,prev_torque_efference,40,40,560005120,1167.887451171875,320.89453125,,,,,,
rv3u3x7n,prev_torque_efference,40,40,570081280,1182.4287109375,323.0966796875,,,,,,
rv3u3x7n,prev_torque_efference,40,40,580075520,1213.026611328125,334.0205078125,,,,,,
rv3u3x7n,prev_torque_efference,40,40,590069760,1220.708984375,333.5439453125,,,,,,
rv3u3x7n,prev_torque_efference,40,40,600064000,1232.233642578125,337.2822265625,,,,,,
1w7nuehe,prev_torque_efference,50,50,0,229.4130706787109,119.28515625,,,,,,
1w7nuehe,prev_torque_efference,50,50,10076160,487.09869384765625,181.5126953125,,,,,,
1w7nuehe,prev_torque_efference,50,50,20070400,554.5250244140625,194.2412109375,,,,,,
1w7nuehe,prev_torque_efference,50,50,30064640,597.9610595703125,201.736328125,,,,,,
1w7nuehe,prev_torque_efference,50,50,40058880,597.9473876953125,197.05078125,,,,,,
1w7nuehe,prev_torque_efference,50,50,50053120,585.2594604492188,190.2666015625,,,,,,
1w7nuehe,prev_torque_efference,50,50,60047360,600.885498046875,190.673828125,,,,,,
1w7nuehe,prev_torque_efference,50,50,70041600,631.711181640625,198.4775390625,,,,,,
1w7nuehe,prev_torque_efference,50,50,80035840,662.5748901367188,206.33984375,,,,,,
1w7nuehe,prev_torque_efference,50,50,90030080,685.0794677734375,212.6396484375,,,,,,
1w7nuehe,prev_torque_efference,50,50,100024320,699.1948852539062,217.189453125,,,,,,
1w7nuehe,prev_torque_efference,50,50,110018560,700.0032958984375,214.966796875,,,,,,
1w7nuehe,prev_torque_efference,50,50,120012800,728.8114624023438,222.2509765625,,,,,,
1w7nuehe,prev_torque_efference,50,50,130007040,758.4644775390625,229.4560546875,,,,,,
1w7nuehe,prev_torque_efference,50,50,140001280,766.0758056640625,232.9453125,,,,,,
1w7nuehe,prev_torque_efference,50,50,150077440,799.0316772460938,246.6787109375,,,,,,
1w7nuehe,prev_torque_efference,50,50,160071680,823.674072265625,251.94921875,,,,,,
1w7nuehe,prev_torque_efference,50,50,170065920,814.3343505859375,245.5087890625,,,,,,
1w7nuehe,prev_torque_efference,50,50,180060160,804.615966796875,244.4248046875,,,,,,
1w7nuehe,prev_torque_efference,50,50,190054400,816.795654296875,248.181640625,,,,,,
1w7nuehe,prev_torque_efference,50,50,200048640,840.1695556640625,253.546875,,,,,,
1w7nuehe,prev_torque_efference,50,50,210042880,899.9212646484375,269.8359375,,,,,,
1w7nuehe,prev_torque_efference,50,50,220037120,893.54296875,269.7763671875,,,,,,
1w7nuehe,prev_torque_efference,50,50,230031360,876.749755859375,263.0654296875,,,,,,
1w7nuehe,prev_torque_efference,50,50,240025600,869.6429443359375,259.6240234375,,,,,,
1w7nuehe,prev_torque_efference,50,50,250019840,884.5106201171875,262.7001953125,,,,,,
1w7nuehe,prev_torque_efference,50,50,260014080,912.5509033203124,269.1669921875,,,,,,
1w7nuehe,prev_torque_efference,50,50,270008320,869.0928344726562,255.234375,,,,,,
1w7nuehe,prev_torque_efference,50,50,280002560,918.6063232421876,269.859375,,,,,,
1w7nuehe,prev_torque_efference,50,50,290078720,918.705322265625,269.2578125,,,,,,
1w7nuehe,prev_torque_efference,50,50,300072960,936.9235229492188,275.0283203125,,,,,,
1w7nuehe,prev_torque_efference,50,50,310067200,942.65087890625,275.4541015625,,,,,,
1w7nuehe,prev_torque_efference,50,50,320061440,946.2899169921876,274.6083984375,,,,,,
1w7nuehe,prev_torque_efference,50,50,330055680,951.7215576171876,276.51171875,,,,,,
1w7nuehe,prev_torque_efference,50,50,340049920,954.8323364257812,276.77734375,,,,,,
1w7nuehe,prev_torque_efference,50,50,350044160,976.541259765625,281.6328125,,,,,,
1w7nuehe,prev_torque_efference,50,50,360038400,960.8472900390624,276.54296875,,,,,,
1w7nuehe,prev_torque_efference,50,50,370032640,964.9850463867188,279.29296875,,,,,,
1w7nuehe,prev_torque_efference,50,50,380026880,960.3286743164062,276.47265625,,,,,,
1w7nuehe,prev_torque_efference,50,50,390021120,983.1571044921876,281.9814453125,,,,,,
1w7nuehe,prev_torque_efference,50,50,400015360,961.7890625,276.4423828125,,,,,,
1w7nuehe,prev_torque_efference,50,50,410009600,981.843994140625,283.3984375,,,,,,
1w7nuehe,prev_torque_efference,50,50,420003840,970.7002563476562,276.8349609375,,,,,,
1w7nuehe,prev_torque_efference,50,50,430080000,995.0846557617188,284.171875,,,,,,
1w7nuehe,prev_torque_efference,50,50,440074240,1001.3436279296876,287.2841796875,,,,,,
1w7nuehe,prev_torque_efference,50,50,450068480,991.9608154296876,284.3740234375,,,,,,
1w7nuehe,prev_torque_efference,50,50,460062720,1020.9219970703124,289.7763671875,,,,,,
1w7nuehe,prev_torque_efference,50,50,470056960,990.8368530273438,282.255859375,,,,,,
1w7nuehe,prev_torque_efference,50,50,480051200,996.4490356445312,282.9794921875,,,,,,
1w7nuehe,prev_torque_efference,50,50,490045440,1017.9739990234376,285.27734375,,,,,,
1w7nuehe,prev_torque_efference,50,50,500039680,1030.360107421875,293.6474609375,,,,,,
1w7nuehe,prev_torque_efference,50,50,510033920,1012.8582153320312,286.3408203125,,,,,,
1w7nuehe,prev_torque_efference,50,50,520028160,1013.8386840820312,284.8466796875,,,,,,
1w7nuehe,prev_torque_efference,50,50,530022400,1015.7435302734376,283.9765625,,,,,,
1w7nuehe,prev_torque_efference,50,50,540016640,1019.4693603515624,285.0654296875,,,,,,
1w7nuehe,prev_torque_efference,50,50,550010880,1026.1456298828125,289.08984375,,,,,,
1w7nuehe,prev_torque_efference,50,50,560005120,1053.179931640625,296.693359375,,,,,,
1w7nuehe,prev_torque_efference,50,50,570081280,1050.26708984375,293.7412109375,,,,,,
1w7nuehe,prev_torque_efference,50,50,580075520,1069.102783203125,299.9248046875,,,,,,
1w7nuehe,prev_torque_efference,50,50,590069760,1065.3751220703125,300.0966796875,,,,,,
1w7nuehe,prev_torque_efference,50,50,600064000,1045.143310546875,296.958984375,,,,,,
y7dh46ee,prev_torque_efference,60,60,0,231.0585479736328,120.3955078125,,,,,,
y7dh46ee,prev_torque_efference,60,60,10076160,442.9205322265625,169.9287109375,,,,,,
y7dh46ee,prev_torque_efference,60,60,20070400,538.435791015625,191.67578125,,,,,,
y7dh46ee,prev_torque_efference,60,60,30064640,577.1682739257812,196.5576171875,,,,,,
y7dh46ee,prev_torque_efference,60,60,40058880,591.905029296875,195.7236328125,,,,,,
y7dh46ee,prev_torque_efference,60,60,50053120,607.2706298828125,198.7822265625,,,,,,
y7dh46ee,prev_torque_efference,60,60,60047360,564.870361328125,181.857421875,,,,,,
y7dh46ee,prev_torque_efference,60,60,70041600,578.6305541992188,181.5859375,,,,,,
y7dh46ee,prev_torque_efference,60,60,80035840,641.1587524414062,201.9013671875,,,,,,
y7dh46ee,prev_torque_efference,60,60,90030080,639.345947265625,197.39453125,,,,,,
y7dh46ee,prev_torque_efference,60,60,100024320,671.9884643554688,204.09375,,,,,,
y7dh46ee,prev_torque_efference,60,60,110018560,725.0718994140625,226.29296875,,,,,,
y7dh46ee,prev_torque_efference,60,60,120012800,685.7979736328125,208.369140625,,,,,,
y7dh46ee,prev_torque_efference,60,60,130007040,762.8832397460938,234.26171875,,,,,,
y7dh46ee,prev_torque_efference,60,60,140001280,767.997314453125,237.7109375,,,,,,
y7dh46ee,prev_torque_efference,60,60,150077440,782.0928344726562,241.73046875,,,,,,
y7dh46ee,prev_torque_efference,60,60,160071680,783.3037109375,239.2802734375,,,,,,
y7dh46ee,prev_torque_efference,60,60,170065920,799.7872924804688,242.9638671875,,,,,,
y7dh46ee,prev_torque_efference,60,60,180060160,767.0890502929688,230.7314453125,,,,,,
y7dh46ee,prev_torque_efference,60,60,190054400,797.6066284179688,241.6240234375,,,,,,
y7dh46ee,prev_torque_efference,60,60,200048640,810.228515625,247.0419921875,,,,,,
y7dh46ee,prev_torque_efference,60,60,210042880,813.0087890625,245.6689453125,,,,,,
y7dh46ee,prev_torque_efference,60,60,220037120,813.7924194335938,244.5810546875,,,,,,
y7dh46ee,prev_torque_efference,60,60,230031360,830.87109375,250.0283203125,,,,,,
y7dh46ee,prev_torque_efference,60,60,240025600,859.0410766601562,257.0107421875,,,,,,
y7dh46ee,prev_torque_efference,60,60,250019840,851.4427490234375,252.791015625,,,,,,
y7dh46ee,prev_torque_efference,60,60,260014080,869.1107177734375,259.9736328125,,,,,,
y7dh46ee,prev_torque_efference,60,60,270008320,883.0040283203125,261.0634765625,,,,,,
y7dh46ee,prev_torque_efference,60,60,280002560,872.0687255859375,258.298828125,,,,,,
y7dh46ee,prev_torque_efference,60,60,290078720,911.6985473632812,270.1787109375,,,,,,
y7dh46ee,prev_torque_efference,60,60,300072960,905.6011352539062,267.4287109375,,,,,,
y7dh46ee,prev_torque_efference,60,60,310067200,889.1817016601562,261.642578125,,,,,,
y7dh46ee,prev_torque_efference,60,60,320061440,914.8325805664062,270.6630859375,,,,,,
y7dh46ee,prev_torque_efference,60,60,330055680,910.5703125,269.7548828125,,,,,,
y7dh46ee,prev_torque_efference,60,60,340049920,923.4664916992188,271.8310546875,,,,,,
y7dh46ee,prev_torque_efference,60,60,350044160,899.071044921875,262.1923828125,,,,,,
y7dh46ee,prev_torque_efference,60,60,360038400,911.635986328125,267.6640625,,,,,,
y7dh46ee,prev_torque_efference,60,60,370032640,886.781005859375,259.978515625,,,,,,
y7dh46ee,prev_torque_efference,60,60,380026880,899.6995849609375,263.2861328125,,,,,,
y7dh46ee,prev_torque_efference,60,60,390021120,939.572021484375,271.7470703125,,,,,,
y7dh46ee,prev_torque_efference,60,60,400015360,936.1005859375,273.73046875,,,,,,
y7dh46ee,prev_torque_efference,60,60,410009600,894.618408203125,259.1474609375,,,,,,
y7dh46ee,prev_torque_efference,60,60,420003840,931.8796997070312,269.4365234375,,,,,,
y7dh46ee,prev_torque_efference,60,60,430080000,913.0765380859376,265.7412109375,,,,,,
y7dh46ee,prev_torque_efference,60,60,440074240,906.5619506835938,262.2734375,,,,,,
y7dh46ee,prev_torque_efference,60,60,450068480,920.24609375,268.140625,,,,,,
y7dh46ee,prev_torque_efference,60,60,460062720,949.6441650390624,275.6298828125,,,,,,
y7dh46ee,prev_torque_efference,60,60,470056960,954.97021484375,275.4970703125,,,,,,
y7dh46ee,prev_torque_efference,60,60,480051200,940.432373046875,269.7216796875,,,,,,
y7dh46ee,prev_torque_efference,60,60,490045440,964.2467041015624,277.8232421875,,,,,,
y7dh46ee,prev_torque_efference,60,60,500039680,941.0125732421876,273.072265625,,,,,,
y7dh46ee,prev_torque_efference,60,60,510033920,963.318115234375,278.0849609375,,,,,,
y7dh46ee,prev_torque_efference,60,60,520028160,967.4490966796876,279.947265625,,,,,,
y7dh46ee,prev_torque_efference,60,60,530022400,984.573974609375,286.076171875,,,,,,
y7dh46ee,prev_torque_efference,60,60,540016640,979.6904907226562,285.4736328125,,,,,,
y7dh46ee,prev_torque_efference,60,60,550010880,988.3899536132812,285.4150390625,,,,,,
y7dh46ee,prev_torque_efference,60,60,560005120,964.7535400390624,275.58203125,,,,,,
y7dh46ee,prev_torque_efference,60,60,570081280,953.8812255859376,273.9765625,,,,,,
y7dh46ee,prev_torque_efference,60,60,580075520,966.1356201171876,274.9638671875,,,,,,
y7dh46ee,prev_torque_efference,60,60,590069760,997.411865234375,286.607421875,,,,,,
y7dh46ee,prev_torque_efference,60,60,600064000,992.5313110351562,284.494140625,,,,,,
oe9lq9ej,prev_torque_efference,70,70,0,232.2012939453125,121.1796875,,,,,,
oe9lq9ej,prev_torque_efference,70,70,10076160,434.7399291992188,166.4228515625,,,,,,
oe9lq9ej,prev_torque_efference,70,70,20070400,541.4820556640625,194.3203125,,,,,,
oe9lq9ej,prev_torque_efference,70,70,30064640,564.552734375,193.138671875,,,,,,
oe9lq9ej,prev_torque_efference,70,70,40058880,566.1658935546875,187.4296875,,,,,,
oe9lq9ej,prev_torque_efference,70,70,50053120,545.8597412109375,176.24609375,,,,,,
oe9lq9ej,prev_torque_efference,70,70,60047360,526.4461669921875,167.521484375,,,,,,
oe9lq9ej,prev_torque_efference,70,70,70041600,569.1314697265625,179.072265625,,,,,,
oe9lq9ej,prev_torque_efference,70,70,80035840,572.13427734375,176.111328125,,,,,,
oe9lq9ej,prev_torque_efference,70,70,90030080,540.8388671875,166.1611328125,,,,,,
oe9lq9ej,prev_torque_efference,70,70,100024320,615.3577880859375,187.322265625,,,,,,
oe9lq9ej,prev_torque_efference,70,70,110018560,624.9937744140625,190.8212890625,,,,,,
oe9lq9ej,prev_torque_efference,70,70,120012800,638.8689575195312,190.3837890625,,,,,,
oe9lq9ej,prev_torque_efference,70,70,130007040,701.4983520507812,216.0478515625,,,,,,
oe9lq9ej,prev_torque_efference,70,70,140001280,691.4373168945312,210.734375,,,,,,
oe9lq9ej,prev_torque_efference,70,70,150077440,708.0484008789062,219.2919921875,,,,,,
oe9lq9ej,prev_torque_efference,70,70,160071680,700.1192626953125,212.056640625,,,,,,
oe9lq9ej,prev_torque_efference,70,70,170065920,716.532958984375,217.2744140625,,,,,,
oe9lq9ej,prev_torque_efference,70,70,180060160,741.3873291015625,227.8583984375,,,,,,
oe9lq9ej,prev_torque_efference,70,70,190054400,736.6201782226562,226.2626953125,,,,,,
oe9lq9ej,prev_torque_efference,70,70,200048640,742.771484375,224.9130859375,,,,,,
oe9lq9ej,prev_torque_efference,70,70,210042880,768.546630859375,234.0341796875,,,,,,
oe9lq9ej,prev_torque_efference,70,70,220037120,786.6602783203125,239.5048828125,,,,,,
oe9lq9ej,prev_torque_efference,70,70,230031360,765.7685546875,232.6962890625,,,,,,
oe9lq9ej,prev_torque_efference,70,70,240025600,808.7313842773438,245.4658203125,,,,,,
oe9lq9ej,prev_torque_efference,70,70,250019840,824.6090087890625,248.2314453125,,,,,,
oe9lq9ej,prev_torque_efference,70,70,260014080,818.9306640625,247.50390625,,,,,,
oe9lq9ej,prev_torque_efference,70,70,270008320,835.9371948242188,251.125,,,,,,
oe9lq9ej,prev_torque_efference,70,70,280002560,837.599853515625,250.5263671875,,,,,,
oe9lq9ej,prev_torque_efference,70,70,290078720,857.5291137695312,259.9150390625,,,,,,
oe9lq9ej,prev_torque_efference,70,70,300072960,837.438720703125,251.080078125,,,,,,
oe9lq9ej,prev_torque_efference,70,70,310067200,852.0550537109375,257.537109375,,,,,,
oe9lq9ej,prev_torque_efference,70,70,320061440,891.9782104492188,270.68359375,,,,,,
oe9lq9ej,prev_torque_efference,70,70,330055680,884.655517578125,267.3095703125,,,,,,
oe9lq9ej,prev_torque_efference,70,70,340049920,847.7591552734375,254.9267578125,,,,,,
oe9lq9ej,prev_torque_efference,70,70,350044160,849.8756103515625,252.546875,,,,,,
oe9lq9ej,prev_torque_efference,70,70,360038400,854.9261474609375,253.3330078125,,,,,,
oe9lq9ej,prev_torque_efference,70,70,370032640,883.7083129882812,265.1318359375,,,,,,
oe9lq9ej,prev_torque_efference,70,70,380026880,888.50341796875,265.2158203125,,,,,,
oe9lq9ej,prev_torque_efference,70,70,390021120,869.8890380859375,261.0595703125,,,,,,
oe9lq9ej,prev_torque_efference,70,70,400015360,894.772705078125,267.294921875,,,,,,
oe9lq9ej,prev_torque_efference,70,70,410009600,885.026123046875,260.8427734375,,,,,,
oe9lq9ej,prev_torque_efference,70,70,420003840,890.5694580078125,264.1259765625,,,,,,
oe9lq9ej,prev_torque_efference,70,70,430080000,923.82421875,271.681640625,,,,,,
oe9lq9ej,prev_torque_efference,70,70,440074240,898.8855590820312,266.5361328125,,,,,,
oe9lq9ej,prev_torque_efference,70,70,450068480,874.32470703125,255.3916015625,,,,,,
oe9lq9ej,prev_torque_efference,70,70,460062720,899.5985717773438,263.529296875,,,,,,
oe9lq9ej,prev_torque_efference,70,70,470056960,873.3836669921875,256.2041015625,,,,,,
oe9lq9ej,prev_torque_efference,70,70,480051200,903.00390625,263.673828125,,,,,,
oe9lq9ej,prev_torque_efference,70,70,490045440,893.8387451171875,261.7548828125,,,,,,
oe9lq9ej,prev_torque_efference,70,70,500039680,884.237060546875,254.26171875,,,,,,
oe9lq9ej,prev_torque_efference,70,70,510033920,880.3727416992188,254.2998046875,,,,,,
oe9lq9ej,prev_torque_efference,70,70,520028160,912.4189453125,265.3115234375,,,,,,
oe9lq9ej,prev_torque_efference,70,70,530022400,907.324951171875,263.5615234375,,,,,,
oe9lq9ej,prev_torque_efference,70,70,540016640,903.7164916992188,264.755859375,,,,,,
oe9lq9ej,prev_torque_efference,70,70,550010880,875.669189453125,254.626953125,,,,,,
oe9lq9ej,prev_torque_efference,70,70,560005120,869.1988525390625,253.9755859375,,,,,,
oe9lq9ej,prev_torque_efference,70,70,570081280,843.3378295898438,248.4521484375,,,,,,
oe9lq9ej,prev_torque_efference,70,70,580075520,886.4255981445312,258.748046875,,,,,,
oe9lq9ej,prev_torque_efference,70,70,590069760,862.0531005859375,250.4912109375,,,,,,
oe9lq9ej,prev_torque_efference,70,70,600064000,878.22802734375,256.2177734375,,,,,,
fgt63dqc,prev_torque_efference,80,80,0,233.402587890625,122.123046875,,,,,,
fgt63dqc,prev_torque_efference,80,80,10076160,400.0141296386719,154.3671875,,,,,,
fgt63dqc,prev_torque_efference,80,80,20070400,467.302734375,167.9794921875,,,,,,
fgt63dqc,prev_torque_efference,80,80,30064640,499.48382568359375,169.951171875,,,,,,
fgt63dqc,prev_torque_efference,80,80,40058880,540.93798828125,176.7490234375,,,,,,
fgt63dqc,prev_torque_efference,80,80,50053120,508.0366821289063,162.376953125,,,,,,
fgt63dqc,prev_torque_efference,80,80,60047360,524.2958374023438,168.6953125,,,,,,
fgt63dqc,prev_torque_efference,80,80,70041600,522.0298461914062,164.404296875,,,,,,
fgt63dqc,prev_torque_efference,80,80,80035840,572.28955078125,182.078125,,,,,,
fgt63dqc,prev_torque_efference,80,80,90030080,578.0992431640625,184.0400390625,,,,,,
fgt63dqc,prev_torque_efference,80,80,100024320,629.298828125,200.6591796875,,,,,,
fgt63dqc,prev_torque_efference,80,80,110018560,666.1085205078125,213.9423828125,,,,,,
fgt63dqc,prev_torque_efference,80,80,120012800,643.9725341796875,201.837890625,,,,,,
fgt63dqc,prev_torque_efference,80,80,130007040,696.1656494140625,220.94921875,,,,,,
fgt63dqc,prev_torque_efference,80,80,140001280,678.1904296875,210.5107421875,,,,,,
fgt63dqc,prev_torque_efference,80,80,150077440,729.0181884765625,231.330078125,,,,,,
fgt63dqc,prev_torque_efference,80,80,160071680,735.041748046875,229.6279296875,,,,,,
fgt63dqc,prev_torque_efference,80,80,170065920,726.79150390625,227.728515625,,,,,,
fgt63dqc,prev_torque_efference,80,80,180060160,695.7474975585938,216.353515625,,,,,,
fgt63dqc,prev_torque_efference,80,80,190054400,707.1986083984375,220.2919921875,,,,,,
fgt63dqc,prev_torque_efference,80,80,200048640,747.807861328125,231.46484375,,,,,,
fgt63dqc,prev_torque_efference,80,80,210042880,747.4227294921875,232.294921875,,,,,,
fgt63dqc,prev_torque_efference,80,80,220037120,770.1115112304688,242.46484375,,,,,,
fgt63dqc,prev_torque_efference,80,80,230031360,765.18505859375,238.5791015625,,,,,,
fgt63dqc,prev_torque_efference,80,80,240025600,774.49853515625,243.162109375,,,,,,
fgt63dqc,prev_torque_efference,80,80,250019840,771.228759765625,239.6142578125,,,,,,
fgt63dqc,prev_torque_efference,80,80,260014080,772.12451171875,235.3583984375,,,,,,
fgt63dqc,prev_torque_efference,80,80,270008320,773.3165283203125,234.0390625,,,,,,
fgt63dqc,prev_torque_efference,80,80,280002560,792.7881469726562,242.9189453125,,,,,,
fgt63dqc,prev_torque_efference,80,80,290078720,798.2724609375,242.298828125,,,,,,
fgt63dqc,prev_torque_efference,80,80,300072960,772.269775390625,231.9326171875,,,,,,
fgt63dqc,prev_torque_efference,80,80,310067200,763.0579833984375,228.751953125,,,,,,
fgt63dqc,prev_torque_efference,80,80,320061440,813.9559936523438,247.623046875,,,,,,
fgt63dqc,prev_torque_efference,80,80,330055680,815.6112060546875,248.14453125,,,,,,
fgt63dqc,prev_torque_efference,80,80,340049920,802.8375244140625,242.9677734375,,,,,,
fgt63dqc,prev_torque_efference,80,80,350044160,811.652587890625,242.0029296875,,,,,,
fgt63dqc,prev_torque_efference,80,80,360038400,816.9339599609375,244.2529296875,,,,,,
fgt63dqc,prev_torque_efference,80,80,370032640,839.5348510742188,252.974609375,,,,,,
fgt63dqc,prev_torque_efference,80,80,380026880,836.1787109375,251.48046875,,,,,,
fgt63dqc,prev_torque_efference,80,80,390021120,846.2984008789062,253.8642578125,,,,,,
fgt63dqc,prev_torque_efference,80,80,400015360,821.1384887695312,246.255859375,,,,,,
fgt63dqc,prev_torque_efference,80,80,410009600,858.022216796875,257.798828125,,,,,,
fgt63dqc,prev_torque_efference,80,80,420003840,873.02197265625,263.0400390625,,,,,,
fgt63dqc,prev_torque_efference,80,80,430080000,842.2276611328125,252.359375,,,,,,
fgt63dqc,prev_torque_efference,80,80,440074240,845.14013671875,252.6572265625,,,,,,
fgt63dqc,prev_torque_efference,80,80,450068480,856.6658935546875,255.576171875,,,,,,
fgt63dqc,prev_torque_efference,80,80,460062720,840.6461181640625,250.857421875,,,,,,
fgt63dqc,prev_torque_efference,80,80,470056960,854.8984375,257.8349609375,,,,,,
fgt63dqc,prev_torque_efference,80,80,480051200,893.298583984375,267.1103515625,,,,,,
fgt63dqc,prev_torque_efference,80,80,490045440,874.9259033203125,260.6650390625,,,,,,
fgt63dqc,prev_torque_efference,80,80,500039680,869.2755737304688,257.8515625,,,,,,
fgt63dqc,prev_torque_efference,80,80,510033920,860.59912109375,257.6572265625,,,,,,
fgt63dqc,prev_torque_efference,80,80,520028160,860.16259765625,255.6767578125,,,,,,
fgt63dqc,prev_torque_efference,80,80,530022400,834.6619873046875,246.2978515625,,,,,,
fgt63dqc,prev_torque_efference,80,80,540016640,861.01513671875,256.6787109375,,,,,,
fgt63dqc,prev_torque_efference,80,80,550010880,849.0201416015625,251.6865234375,,,,,,
fgt63dqc,prev_torque_efference,80,80,560005120,875.0321044921875,261.9296875,,,,,,
fgt63dqc,prev_torque_efference,80,80,570081280,878.77001953125,263.0986328125,,,,,,
fgt63dqc,prev_torque_efference,80,80,580075520,855.4188232421875,253.6435546875,,,,,,
fgt63dqc,prev_torque_efference,80,80,590069760,837.7440185546875,250.5263671875,,,,,,
fgt63dqc,prev_torque_efference,80,80,600064000,871.5228881835938,261.283203125,,,,,,
2l2lwxl0,prev_torque_efference,90,90,0,234.14031982421875,122.751953125,,,,,,
2l2lwxl0,prev_torque_efference,90,90,10076160,389.7854614257813,151.5234375,,,,,,
2l2lwxl0,prev_torque_efference,90,90,20070400,536.375,192.8447265625,,,,,,
2l2lwxl0,prev_torque_efference,90,90,30064640,528.3314208984375,181.2646484375,,,,,,
2l2lwxl0,prev_torque_efference,90,90,40058880,555.193603515625,187.08984375,,,,,,
2l2lwxl0,prev_torque_efference,90,90,50053120,532.78564453125,174.1337890625,,,,,,
2l2lwxl0,prev_torque_efference,90,90,60047360,555.63818359375,180.12890625,,,,,,
2l2lwxl0,prev_torque_efference,90,90,70041600,505.08209228515625,159.970703125,,,,,,
2l2lwxl0,prev_torque_efference,90,90,80035840,511.5630798339844,158.3466796875,,,,,,
2l2lwxl0,prev_torque_efference,90,90,90030080,528.1194458007812,163.40625,,,,,,
2l2lwxl0,prev_torque_efference,90,90,100024320,568.9715576171875,179.712890625,,,,,,
2l2lwxl0,prev_torque_efference,90,90,110018560,597.4413452148438,187.740234375,,,,,,
2l2lwxl0,prev_torque_efference,90,90,120012800,581.0399169921875,182.9990234375,,,,,,
2l2lwxl0,prev_torque_efference,90,90,130007040,683.8416748046875,215.7646484375,,,,,,
2l2lwxl0,prev_torque_efference,90,90,140001280,675.8427124023438,210.373046875,,,,,,
2l2lwxl0,prev_torque_efference,90,90,150077440,693.0,218.34375,,,,,,
2l2lwxl0,prev_torque_efference,90,90,160071680,669.505615234375,209.90625,,,,,,
2l2lwxl0,prev_torque_efference,90,90,170065920,690.2822265625,214.974609375,,,,,,
2l2lwxl0,prev_torque_efference,90,90,180060160,717.3510131835938,225.619140625,,,,,,
2l2lwxl0,prev_torque_efference,90,90,190054400,701.5816040039062,219.291015625,,,,,,
2l2lwxl0,prev_torque_efference,90,90,200048640,742.5462036132812,233.3525390625,,,,,,
2l2lwxl0,prev_torque_efference,90,90,210042880,752.7196655273438,234.2509765625,,,,,,
2l2lwxl0,prev_torque_efference,90,90,220037120,793.6198120117188,250.373046875,,,,,,
2l2lwxl0,prev_torque_efference,90,90,230031360,767.1510009765625,238.2392578125,,,,,,
2l2lwxl0,prev_torque_efference,90,90,240025600,783.8901977539062,244.2080078125,,,,,,
2l2lwxl0,prev_torque_efference,90,90,250019840,768.93115234375,234.84375,,,,,,
2l2lwxl0,prev_torque_efference,90,90,260014080,781.23583984375,237.7880859375,,,,,,
2l2lwxl0,prev_torque_efference,90,90,270008320,805.3782958984375,250.1142578125,,,,,,
2l2lwxl0,prev_torque_efference,90,90,280002560,797.1314086914062,244.224609375,,,,,,
2l2lwxl0,prev_torque_efference,90,90,290078720,823.18896484375,252.216796875,,,,,,
2l2lwxl0,prev_torque_efference,90,90,300072960,825.66796875,253.72265625,,,,,,
2l2lwxl0,prev_torque_efference,90,90,310067200,808.4619140625,249.4873046875,,,,,,
2l2lwxl0,prev_torque_efference,90,90,320061440,839.9158935546875,257.3017578125,,,,,,
2l2lwxl0,prev_torque_efference,90,90,330055680,813.3408203125,246.9697265625,,,,,,
2l2lwxl0,prev_torque_efference,90,90,340049920,805.8365478515625,244.3671875,,,,,,
2l2lwxl0,prev_torque_efference,90,90,350044160,804.3292236328125,244.357421875,,,,,,
2l2lwxl0,prev_torque_efference,90,90,360038400,808.1785278320312,243.267578125,,,,,,
2l2lwxl0,prev_torque_efference,90,90,370032640,822.181640625,246.5263671875,,,,,,
2l2lwxl0,prev_torque_efference,90,90,380026880,828.3409423828125,250.7734375,,,,,,
2l2lwxl0,prev_torque_efference,90,90,390021120,832.4459838867188,252.4853515625,,,,,,
2l2lwxl0,prev_torque_efference,90,90,400015360,847.567626953125,259.376953125,,,,,,
2l2lwxl0,prev_torque_efference,90,90,410009600,842.3528442382812,257.361328125,,,,,,
2l2lwxl0,prev_torque_efference,90,90,420003840,812.8952026367188,250.5986328125,,,,,,
2l2lwxl0,prev_torque_efference,90,90,430080000,818.354736328125,249.619140625,,,,,,
2l2lwxl0,prev_torque_efference,90,90,440074240,772.4911499023438,232.5029296875,,,,,,
2l2lwxl0,prev_torque_efference,90,90,450068480,813.6520385742188,246.060546875,,,,,,
2l2lwxl0,prev_torque_efference,90,90,460062720,842.0775146484375,253.146484375,,,,,,
2l2lwxl0,prev_torque_efference,90,90,470056960,773.013427734375,230.5595703125,,,,,,
2l2lwxl0,prev_torque_efference,90,90,480051200,810.7222290039062,245.0048828125,,,,,,
2l2lwxl0,prev_torque_efference,90,90,490045440,802.8220825195312,241.68359375,,,,,,
2l2lwxl0,prev_torque_efference,90,90,500039680,788.440185546875,234.0107421875,,,,,,
2l2lwxl0,prev_torque_efference,90,90,510033920,815.5809326171875,244.3486328125,,,,,,
2l2lwxl0,prev_torque_efference,90,90,520028160,800.3778686523438,240.94921875,,,,,,
2l2lwxl0,prev_torque_efference,90,90,530022400,828.4188842773438,248.423828125,,,,,,
2l2lwxl0,prev_torque_efference,90,90,540016640,815.98095703125,243.3212890625,,,,,,
2l2lwxl0,prev_torque_efference,90,90,550010880,853.0899047851562,256.5078125,,,,,,
2l2lwxl0,prev_torque_efference,90,90,560005120,817.6237182617188,243.8173828125,,,,,,
2l2lwxl0,prev_torque_efference,90,90,570081280,788.259033203125,233.3671875,,,,,,
2l2lwxl0,prev_torque_efference,90,90,580075520,814.215576171875,245.0087890625,,,,,,
2l2lwxl0,prev_torque_efference,90,90,590069760,788.100830078125,235.8154296875,,,,,,
2l2lwxl0,prev_torque_efference,90,90,600064000,789.737548828125,235.224609375,,,,,,
fmypxy1t,prev_torque_efference,100,100,0,234.6480712890625,123.046875,,,,,,
fmypxy1t,prev_torque_efference,100,100,10076160,398.1356201171875,153.2353515625,,,,,,
fmypxy1t,prev_torque_efference,100,100,20070400,491.6860961914063,174.8115234375,,,,,,
fmypxy1t,prev_torque_efference,100,100,30064640,507.4928894042969,171.6962890625,,,,,,
fmypxy1t,prev_torque_efference,100,100,40058880,513.0626220703125,166.98046875,,,,,,
fmypxy1t,prev_torque_efference,100,100,50053120,530.3475341796875,173.466796875,,,,,,
fmypxy1t,prev_torque_efference,100,100,60047360,509.8223876953125,162.4208984375,,,,,,
fmypxy1t,prev_torque_efference,100,100,70041600,469.1929321289063,142.640625,,,,,,
fmypxy1t,prev_torque_efference,100,100,80035840,452.6026916503906,136.29296875,,,,,,
fmypxy1t,prev_torque_efference,100,100,90030080,507.380126953125,151.802734375,,,,,,
fmypxy1t,prev_torque_efference,100,100,100024320,525.5703735351562,157.8134765625,,,,,,
fmypxy1t,prev_torque_efference,100,100,110018560,571.187255859375,175.9365234375,,,,,,
fmypxy1t,prev_torque_efference,100,100,120012800,614.9535522460938,190.6708984375,,,,,,
fmypxy1t,prev_torque_efference,100,100,130007040,590.4874267578125,181.552734375,,,,,,
fmypxy1t,prev_torque_efference,100,100,140001280,605.11083984375,184.04296875,,,,,,
fmypxy1t,prev_torque_efference,100,100,150077440,639.1695556640625,195.107421875,,,,,,
fmypxy1t,prev_torque_efference,100,100,160071680,619.900146484375,190.3623046875,,,,,,
fmypxy1t,prev_torque_efference,100,100,170065920,652.9203491210938,199.2890625,,,,,,
fmypxy1t,prev_torque_efference,100,100,180060160,666.5852661132812,205.9443359375,,,,,,
fmypxy1t,prev_torque_efference,100,100,190054400,627.5991821289062,189.4033203125,,,,,,
fmypxy1t,prev_torque_efference,100,100,200048640,652.9389038085938,198.49609375,,,,,,
fmypxy1t,prev_torque_efference,100,100,210042880,674.8619384765625,207.630859375,,,,,,
fmypxy1t,prev_torque_efference,100,100,220037120,681.492919921875,204.212890625,,,,,,
fmypxy1t,prev_torque_efference,100,100,230031360,638.578369140625,189.6728515625,,,,,,
fmypxy1t,prev_torque_efference,100,100,240025600,693.8416137695312,209.4267578125,,,,,,
fmypxy1t,prev_torque_efference,100,100,250019840,713.98486328125,214.716796875,,,,,,
fmypxy1t,prev_torque_efference,100,100,260014080,716.995849609375,215.630859375,,,,,,
fmypxy1t,prev_torque_efference,100,100,270008320,733.8050537109375,219.0966796875,,,,,,
fmypxy1t,prev_torque_efference,100,100,280002560,754.7384643554688,228.4423828125,,,,,,
fmypxy1t,prev_torque_efference,100,100,290078720,727.9373779296875,218.072265625,,,,,,
fmypxy1t,prev_torque_efference,100,100,300072960,721.072021484375,218.486328125,,,,,,
fmypxy1t,prev_torque_efference,100,100,310067200,726.4693603515625,217.4072265625,,,,,,
fmypxy1t,prev_torque_efference,100,100,320061440,714.0438232421875,212.1015625,,,,,,
fmypxy1t,prev_torque_efference,100,100,330055680,754.5982666015625,226.9951171875,,,,,,
fmypxy1t,prev_torque_efference,100,100,340049920,745.39501953125,222.30859375,,,,,,
fmypxy1t,prev_torque_efference,100,100,350044160,733.0991821289062,219.0537109375,,,,,,
fmypxy1t,prev_torque_efference,100,100,360038400,757.6856689453125,227.2646484375,,,,,,
fmypxy1t,prev_torque_efference,100,100,370032640,720.8657836914062,214.0380859375,,,,,,
fmypxy1t,prev_torque_efference,100,100,380026880,752.1636962890625,225.74609375,,,,,,
fmypxy1t,prev_torque_efference,100,100,390021120,768.7982788085938,230.7373046875,,,,,,
fmypxy1t,prev_torque_efference,100,100,400015360,803.1998291015625,241.958984375,,,,,,
fmypxy1t,prev_torque_efference,100,100,410009600,781.016357421875,234.8330078125,,,,,,
fmypxy1t,prev_torque_efference,100,100,420003840,806.7100830078125,244.328125,,,,,,
fmypxy1t,prev_torque_efference,100,100,430080000,779.2191162109375,235.0947265625,,,,,,
fmypxy1t,prev_torque_efference,100,100,440074240,789.4183349609375,238.4931640625,,,,,,
fmypxy1t,prev_torque_efference,100,100,450068480,759.5250854492188,226.7734375,,,,,,
fmypxy1t,prev_torque_efference,100,100,460062720,740.003173828125,218.7939453125,,,,,,
fmypxy1t,prev_torque_efference,100,100,470056960,782.0721435546875,238.033203125,,,,,,
fmypxy1t,prev_torque_efference,100,100,480051200,801.2867431640625,240.1357421875,,,,,,
fmypxy1t,prev_torque_efference,100,100,490045440,796.5884399414062,237.52734375,,,,,,
fmypxy1t,prev_torque_efference,100,100,500039680,811.6454467773438,241.599609375,,,,,,
fmypxy1t,prev_torque_efference,100,100,510033920,784.6724853515625,232.857421875,,,,,,
fmypxy1t,prev_torque_efference,100,100,520028160,768.899169921875,229.919921875,,,,,,
fmypxy1t,prev_torque_efference,100,100,530022400,774.1737060546875,232.056640625,,,,,,
fmypxy1t,prev_torque_efference,100,100,540016640,776.6124877929688,230.5634765625,,,,,,
fmypxy1t,prev_torque_efference,100,100,550010880,802.885009765625,239.9658203125,,,,,,
fmypxy1t,prev_torque_efference,100,100,560005120,787.286376953125,233.0693359375,,,,,,
fmypxy1t,prev_torque_efference,100,100,570081280,795.3548583984375,238.0478515625,,,,,,
fmypxy1t,prev_torque_efference,100,100,580075520,779.3441772460938,232.4658203125,,,,,,
fmypxy1t,prev_torque_efference,100,100,590069760,761.6353149414062,227.6513671875,,,,,,
fmypxy1t,prev_torque_efference,100,100,600064000,772.2216796875,229.779296875,,,,,,
594219y6,torque_efference,0,0,0,275.29302978515625,160.4375,3.225369930267334,0.8044144511222839,1.896111011505127,0.0512359403073787,0.014143107458949,0.0088358065113425
594219y6,torque_efference,0,0,10076160,597.592041015625,223.9833984375,4.236374855041504,0.6221347451210022,2.387000322341919,0.0348670519888401,0.0090997405350208,0.0074439020827412
594219y6,torque_efference,0,0,20070400,771.2086181640625,258.6826171875,5.602414608001709,0.5401753187179565,2.2371256351470947,0.0300767086446285,0.0069860098883509,0.0065388735383749
594219y6,torque_efference,0,0,30064640,884.4644775390625,268.818359375,6.417778015136719,0.4943162500858307,1.91959285736084,0.0266901981085538,0.0058668404817581,0.0056073470041155
594219y6,torque_efference,0,0,40058880,963.78955078125,276.326171875,7.086733341217041,0.4577368795871734,1.7525222301483154,0.0240357611328363,0.0056014396250247,0.0052693467587232
594219y6,torque_efference,0,0,50053120,1050.0738525390625,291.2919921875,7.571650981903076,0.4434644877910614,1.6937921047210691,0.0217335857450962,0.0048948200419545,0.004615718498826
594219y6,torque_efference,0,0,60047360,1135.372314453125,313.2333984375,7.841643333435059,0.4267216324806213,1.6630797386169434,0.0212738439440727,0.0041002631187438,0.0037714303471148
594219y6,torque_efference,0,0,70041600,1277.8363037109375,342.818359375,8.919182777404785,0.4151225686073303,1.6306387186050415,0.0185285359621047,0.0030049502383917,0.0026603557635098
594219y6,torque_efference,0,0,80035840,1500.61865234375,388.6328125,9.820501327514648,0.4087941944599151,1.5760133266448977,0.0143736209720373,0.0016460183542221,0.0013267770409584
594219y6,torque_efference,0,0,90030080,1599.426025390625,405.5458984375,10.267314910888672,0.4036763906478882,1.5038220882415771,0.0123521964997053,0.0011140204733237,0.0008496022201143
594219y6,torque_efference,0,0,100024320,1672.061767578125,415.5322265625,10.94965934753418,0.3960402309894562,1.4655956029891968,0.0114398058503866,0.0009871193906292,0.0008557043620385
594219y6,torque_efference,0,0,110018560,1754.302490234375,430.0380859375,11.792969703674316,0.3898451328277588,1.4024205207824707,0.0108799934387207,0.0005423153052106,0.0004716837429441
594219y6,torque_efference,0,0,120012800,1810.3416748046875,437.9521484375,12.485408782958984,0.3760496079921722,1.381972074508667,0.0092155011370778,0.0002785343676805,0.0002406785933999
594219y6,torque_efference,0,0,130007040,1821.531494140625,437.25,12.961285591125488,0.3764228820800781,1.364569067955017,0.0091635566204786,0.0002828685683198,0.0002466540900059
594219y6,torque_efference,0,0,140001280,1854.712890625,440.0576171875,13.53700065612793,0.3629201054573059,1.318927526473999,0.0083290599286556,0.0002143410238204,0.0001825411454774
594219y6,torque_efference,0,0,150077440,1839.744384765625,434.330078125,13.961525917053224,0.3538785874843597,1.3211097717285156,0.008779278025031,0.0004489940183702,0.000401592842536
594219y6,torque_efference,0,0,160071680,1876.547607421875,439.888671875,14.949085235595703,0.3516048491001129,1.3144426345825195,0.0079610683023929,0.0002046364970738,0.0001859698677435
594219y6,torque_efference,0,0,170065920,1887.710693359375,441.037109375,14.58232879638672,0.3467457592487335,1.2948362827301023,0.0080344406887888,0.0001718531711958,0.00015319744125
594219y6,torque_efference,0,0,180060160,1897.18115234375,442.51953125,15.082858085632324,0.3452383577823639,1.294577956199646,0.0076348287984728,0.0001551186869619,0.0001431448035873
594219y6,torque_efference,0,0,190054400,1896.951904296875,441.00390625,15.479220390319824,0.3421700894832611,1.2857861518859863,0.0075996480882167,0.0001726842019706,0.0001239661360159
594219y6,torque_efference,0,0,200048640,1914.1658935546875,443.314453125,15.57219696044922,0.3387261927127838,1.2691912651062012,0.0075145922601222,0.0001061165821738,4.012655699625611e-05
594219y6,torque_efference,0,0,210042880,1924.31396484375,444.150390625,15.569067001342772,0.3353841304779053,1.2503728866577148,0.0075372448191046,8.409355359617621e-05,8.113427611533552e-05
594219y6,torque_efference,0,0,220037120,1924.24609375,443.724609375,16.181678771972656,0.33453169465065,1.253904938697815,0.0075151757337152,0.0001002830686047,6.685491825919598e-05
594219y6,torque_efference,0,0,230031360,1929.5347900390625,443.88671875,16.201839447021484,0.3275718688964844,1.2479918003082275,0.0075422553345561,9.02910833247006e-05,8.292738493764773e-05
594219y6,torque_efference,0,0,240025600,1917.169189453125,440.794921875,16.238636016845703,0.3288620412349701,1.2511725425720217,0.0075796688906848,0.0001852201676229,0.0001264755264855
594219y6,torque_efference,0,0,250019840,1928.566650390625,443.806640625,16.559770584106445,0.324932187795639,1.25869619846344,0.0071983989328145,9.739216329762712e-05,7.743156311335042e-05
594219y6,torque_efference,0,0,260014080,1923.36572265625,441.181640625,16.692176818847656,0.3226214349269867,1.2415651082992554,0.0072773685678839,0.0001846956292865,0.0001697230327408
594219y6,torque_efference,0,0,270008320,1943.0726318359373,444.744140625,17.22649574279785,0.3152607977390289,1.2355732917785645,0.0069250492379069,7.336623093578964e-05,6.298454536590725e-05
594219y6,torque_efference,0,0,280002560,1935.879150390625,443.0029296875,17.52776527404785,0.3173809945583343,1.241186499595642,0.0069428845308721,0.000108944310341,8.09910343377851e-05
594219y6,torque_efference,0,0,290078720,1946.381103515625,444.3056640625,18.28204727172852,0.3078294694423675,1.2326991558074951,0.0066873617470264,7.010924309724942e-05,5.570871144300327e-05
594219y6,torque_efference,0,0,300072960,1951.8990478515625,444.5615234375,17.74314308166504,0.3063063025474548,1.2276272773742676,0.0068759978748857,7.206845475593582e-05,3.0141922252369117e-05
594219y6,torque_efference,0,0,310067200,1951.43896484375,444.3388671875,17.91156578063965,0.3058007955551147,1.211244821548462,0.0067706708796322,9.45050996961072e-05,5.943435098743066e-05
594219y6,torque_efference,0,0,320061440,1953.00390625,444.109375,18.178295135498047,0.3061699867248535,1.2130193710327148,0.0068041738122701,8.4745253843721e-05,7.518088386859745e-05
594219y6,torque_efference,0,0,330055680,1947.887939453125,442.943359375,18.058168411254883,0.302359938621521,1.2176387310028076,0.00698624830693,0.0001176709265564,0.0001074357860488
594219y6,torque_efference,0,0,340049920,1962.73876953125,445.9287109375,17.824384689331055,0.3009925782680511,1.221591234207153,0.0068643484264612,2.678462078620214e-05,2.678462078620214e-05
594219y6,torque_efference,0,0,350044160,1964.234375,445.6494140625,18.091270446777344,0.296757310628891,1.2089805603027344,0.0070162033662199,5.061895717517473e-05,3.6965502658858895e-05
594219y6,torque_efference,0,0,360038400,1964.634765625,445.611328125,18.90899658203125,0.2954645454883575,1.2014769315719604,0.0067298687063157,3.892946551786736e-05,3.529911919031292e-05
594219y6,torque_efference,0,0,370032640,1964.157958984375,445.3056640625,19.06314849853516,0.2925478219985962,1.2013375759124756,0.0068600513041019,4.3416563130449504e-05,2.985319406434428e-05
594219y6,torque_efference,0,0,380026880,1957.079833984375,443.490234375,18.8714542388916,0.2882927060127258,1.197849988937378,0.0072301868349313,9.86135346465744e-05,7.752643432468176e-05
594219y6,torque_efference,0,0,390021120,1970.65185546875,445.78515625,19.07662010192871,0.2903213202953338,1.1941624879837036,0.006722449325025,5.412261816672981e-05,5.10992031195201e-05
594219y6,torque_efference,0,0,400015360,1959.4215087890625,443.748046875,18.75362205505371,0.2912370562553406,1.190290451049805,0.0070572039112448,9.189893171424046e-05,8.575701940571889e-05
594219y6,torque_efference,0,0,410009600,1966.7470703125,444.677734375,19.107925415039062,0.2904584407806396,1.2006417512893677,0.0065659508109092,6.123093771748245e-05,6.123093771748245e-05
594219y6,torque_efference,0,0,420003840,1967.081298828125,444.6376953125,19.31703186035156,0.2880209982395172,1.1956040859222412,0.0068575264886021,7.160422683227807e-05,6.780437252018601e-05
594219y6,torque_efference,0,0,430080000,1969.206298828125,445.365234375,18.79038619995117,0.2900822460651397,1.1923582553863523,0.0067702773958444,4.580234963214025e-05,3.4499014873290434e-05
594219y6,torque_efference,0,0,440074240,1963.6697998046875,444.1591796875,19.32584953308105,0.2848052680492401,1.2021125555038452,0.0069703101180493,8.431189053226262e-05,8.052676275838166e-05
594219y6,torque_efference,0,0,450068480,1966.8525390625,444.734375,19.65663146972656,0.2858728766441345,1.1958364248275757,0.0069973017089068,6.424167077057064e-05,6.19546408415772e-05
594219y6,torque_efference,0,0,460062720,1973.45263671875,445.5771484375,19.633838653564453,0.280745655298233,1.1846098899841309,0.0067386236041784,4.585411807056517e-05,2.897730155382305e-05
594219y6,torque_efference,0,0,470056960,1961.284423828125,443.115234375,20.22041320800781,0.2815226912498474,1.192509412765503,0.0067992350086569,0.0001132057223003,6.373570795403793e-05
594219y6,torque_efference,0,0,480051200,1964.14453125,442.5498046875,19.699499130249023,0.2791280448436737,1.1775870323181152,0.0068772742524743,0.0001210895279655,9.331511682830752e-05
594219y6,torque_efference,0,0,490045440,1976.081787109375,445.3759765625,19.88618850708008,0.2755955457687378,1.181931972503662,0.0066342637874186,5.11896978423465e-05,3.800289778155275e-05
594219y6,torque_efference,0,0,500039680,1978.9808349609373,445.6787109375,19.401405334472656,0.2812387645244598,1.1856025457382202,0.0062188734300434,2.5160024961223822e-05,2.068038156721741e-05
594219y6,torque_efference,0,0,510033920,1975.9835205078125,445.3759765625,19.679201126098636,0.2800188064575195,1.1848423480987549,0.0066302679479122,5.61716515221633e-05,4.9264359404332936e-05
594219y6,torque_efference,0,0,520028160,1981.8380126953125,446.291015625,19.938724517822266,0.2765529155731201,1.1728711128234863,0.0067465011961758,2.316328027518466e-05,2.316328027518466e-05
594219y6,torque_efference,0,0,530022400,1980.2606201171875,445.8037109375,20.10526657104492,0.277284175157547,1.1753344535827637,0.0066756131127476,3.249638029956259e-05,1.4688680494145956e-05
594219y6,torque_efference,0,0,540016640,1982.3154296875,445.8623046875,20.23656845092773,0.277197003364563,1.1682510375976562,0.0066507100127637,3.410253702895716e-05,1.89577567653032e-05
594219y6,torque_efference,0,0,550010880,1983.0478515625,445.927734375,20.568321228027344,0.2709245979785919,1.1716458797454834,0.006583971902728,2.6549954782240093e-05,2.6549954782240093e-05
594219y6,torque_efference,0,0,560005120,1986.5926513671875,446.0478515625,20.46526336669922,0.2699206471443176,1.1614656448364258,0.0065799141302704,2.563317320891656e-05,2.317949838470668e-05
594219y6,torque_efference,0,0,570081280,1986.14404296875,446.28125,20.42534446716309,0.2719165384769439,1.1668789386749268,0.0065878434106707,1.2914811122755054e-05,1.2914811122755054e-05
594219y6,torque_efference,0,0,580075520,1969.5972900390625,443.134765625,20.57565689086914,0.2658924460411072,1.1668645143508911,0.006831457838416,9.476390550844373e-05,8.547787729185075e-05
594219y6,torque_efference,0,0,590069760,1974.2161865234373,443.7275390625,20.49511337280273,0.2690431773662567,1.176079511642456,0.0064805708825588,8.135994721669704e-05,8.135994721669704e-05
594219y6,torque_efference,0,0,600064000,1976.091064453125,444.216796875,20.380090713500977,0.2698284387588501,1.170496702194214,0.006481232587248,7.16174763510935e-05,6.081191168050282e-05
86cpjh43,torque_efference,0,0,0,275.2635498046875,160.09375,3.225407600402832,0.8044244050979614,1.8947224617004397,0.0511981919407844,0.0141515349969267,0.0088279824703931
86cpjh43,torque_efference,0,0,10076160,607.4967651367188,228.4599609375,4.752758979797363,0.6212112903594971,2.427454233169556,0.0349885448813438,0.0088386982679367,0.0076013319194316
86cpjh43,torque_efference,0,0,20070400,803.6776123046875,259.310546875,5.941800594329834,0.5397444367408752,2.143017292022705,0.0292208977043628,0.007086758967489,0.0069191996008157
86cpjh43,torque_efference,0,0,30064640,916.5855712890624,273.5419921875,7.029452323913574,0.491161435842514,1.831497430801392,0.0251734144985675,0.0058920085430145,0.0056500830687582
86cpjh43,torque_efference,0,0,40058880,970.6356201171876,277.4501953125,7.25571870803833,0.4644646346569061,1.7240207195281982,0.0234673619270324,0.0056349523365497,0.0053859152831137
86cpjh43,torque_efference,0,0,50053120,1009.6380615234376,282.03125,7.97775411605835,0.4447347819805145,1.6641393899917605,0.0222821179777383,0.0051395678892731,0.0047136293724179
86cpjh43,torque_efference,0,0,60047360,1116.492919921875,307.056640625,8.462089538574219,0.4242989420890808,1.6433697938919067,0.0212468840181827,0.004009626340121,0.0035047996789216
86cpjh43,torque_efference,0,0,70041600,1280.199462890625,341.994140625,9.232532501220703,0.4228048920631408,1.589435338973999,0.0183285642415285,0.0031164332758635,0.0027930680662393
86cpjh43,torque_efference,0,0,80035840,1482.9447021484375,384.716796875,9.77538776397705,0.4131821691989898,1.550590991973877,0.0146894957870244,0.0017357476754114,0.0013832683907821
86cpjh43,torque_efference,0,0,90030080,1648.0521240234375,414.74609375,10.299835205078123,0.4034918248653412,1.4560885429382324,0.012535011395812,0.0010462489444762,0.0008795859175734
86cpjh43,torque_efference,0,0,100024320,1686.0030517578125,421.3916015625,11.051595687866213,0.399864137172699,1.430362343788147,0.0121306786313653,0.0008414500625804,0.000671440269798
86cpjh43,torque_efference,0,0,110018560,1763.46044921875,432.326171875,11.799760818481444,0.3959844410419464,1.374114751815796,0.0111282169818878,0.0004313208046369,0.0003486096975393
86cpjh43,torque_efference,0,0,120012800,1789.666259765625,433.7998046875,12.591711044311523,0.3789680004119873,1.3678147792816162,0.0098588438704609,0.0004191157058812,0.0003827455511782
86cpjh43,torque_efference,0,0,130007040,1843.39501953125,441.9716796875,13.042766571044922,0.366970956325531,1.3210091590881348,0.0094438204541802,0.0001402380876243,9.93942958302796e-05
86cpjh43,torque_efference,0,0,140001280,1856.6314697265625,441.779296875,13.831376075744627,0.3560943603515625,1.3094065189361572,0.0090257907286286,0.0001667270407779,0.0001132165343733
86cpjh43,torque_efference,0,0,150077440,1859.9710693359373,438.5244140625,14.29647159576416,0.3529869318008423,1.2853189706802368,0.0089561529457569,0.0002885175053961,0.0002836670028045
86cpjh43,torque_efference,0,0,160071680,1847.974853515625,435.2802734375,14.59016227722168,0.3512921631336212,1.2858916521072388,0.0091672856360673,0.0003712281759362,0.0002940082922577
86cpjh43,torque_efference,0,0,170065920,1892.037353515625,442.5341796875,14.879354476928713,0.3454302251338959,1.2698018550872805,0.0082112709060311,0.0001538978540338,0.0001387046359013
86cpjh43,torque_efference,0,0,180060160,1882.748291015625,439.0107421875,14.958063125610352,0.3448620140552521,1.2729429006576538,0.0082348398864269,0.0002270637633046,0.0001497732300776
86cpjh43,torque_efference,0,0,190054400,1903.735595703125,443.0224609375,15.750421524047852,0.3406376838684082,1.2672717571258545,0.0081061664968729,0.0001185408182209,0.0001067750054062
86cpjh43,torque_efference,0,0,200048640,1911.7523193359373,443.3818359375,16.015663146972656,0.3362963497638702,1.2569867372512815,0.0079169142991304,0.0001276208640774,0.0001164134955615
86cpjh43,torque_efference,0,0,210042880,1909.2457275390625,442.0458984375,16.06070327758789,0.3331752717494964,1.261204957962036,0.0078158052638173,0.0001731443335302,0.0001444534573238
86cpjh43,torque_efference,0,0,220037120,1917.224853515625,442.5595703125,16.350093841552734,0.3312997817993164,1.24812912940979,0.0077850818634033,0.000181502677151,0.0001652999490033
86cpjh43,torque_efference,0,0,230031360,1912.921142578125,441.17578125,16.519268035888672,0.3320153057575226,1.253279209136963,0.0074919462203979,0.0001990989840123,0.0001565854763612
86cpjh43,torque_efference,0,0,240025600,1915.0653076171875,441.1484375,16.95568084716797,0.3237636387348175,1.249886393547058,0.0077606784179806,0.0001849160616984,0.0001450021809432
86cpjh43,torque_efference,0,0,250019840,1931.9737548828125,443.544921875,16.948434829711914,0.3254677653312683,1.2277264595031738,0.0078453850001096,0.0001081980153685,8.158761920640245e-05
86cpjh43,torque_efference,0,0,260014080,1941.0592041015625,445.6884765625,17.23563003540039,0.315825879573822,1.2296242713928225,0.0072802463546395,3.888566425302997e-05,2.9677070415345952e-05
86cpjh43,torque_efference,0,0,270008320,1922.438232421875,440.4560546875,17.089862823486328,0.3133557736873626,1.2302937507629397,0.0073426095768809,0.0002007776929531,0.0001467132387915
86cpjh43,torque_efference,0,0,280002560,1927.8919677734373,440.9208984375,17.404056549072266,0.3128379583358764,1.2259111404418943,0.007379884365946,0.0001821093319449,0.000158684910275
86cpjh43,torque_efference,0,0,290078720,1934.9720458984373,442.3662109375,17.747913360595703,0.3105117380619049,1.2228546142578125,0.0072583286091685,0.0001367851218674,0.0001180471153929
86cpjh43,torque_efference,0,0,300072960,1937.7705078125,442.0,17.75687026977539,0.3043365180492401,1.2206816673278809,0.0071959993802011,0.000146647755173,0.000146647755173
86cpjh43,torque_efference,0,0,310067200,1951.339111328125,444.369140625,18.25069046020508,0.2994318902492523,1.20366108417511,0.0072592291980981,6.737426883773878e-05,6.169761763885617e-05
86cpjh43,torque_efference,0,0,320061440,1951.0633544921875,444.0,18.38480758666992,0.3000762462615967,1.2126985788345337,0.0068806917406618,6.69136643409729e-05,6.073820259189233e-05
86cpjh43,torque_efference,0,0,330055680,1945.966796875,442.9365234375,18.340717315673828,0.3050693273544311,1.2159655094146729,0.006950007751584,0.0001028452752507,9.940667951013892e-05
86cpjh43,torque_efference,0,0,340049920,1950.022216796875,443.5,18.382055282592773,0.2986131608486175,1.2280274629592896,0.006725157611072,0.0001099375949706,9.907280036713928e-05
86cpjh43,torque_efference,0,0,350044160,1957.613037109375,444.8564453125,18.276811599731445,0.2929818332195282,1.206942796707153,0.0067857932299375,4.471588181331754e-05,2.3137534299166876e-05
86cpjh43,torque_efference,0,0,360038400,1958.91943359375,444.5986328125,18.83074188232422,0.29069784283638,1.2018873691558838,0.0069608129560947,7.594210183015093e-05,4.543458999251016e-05
86cpjh43,torque_efference,0,0,370032640,1963.38720703125,445.40234375,18.76186752319336,0.2921923696994781,1.2021936178207395,0.0071443933993577,4.319868457969278e-05,3.492356336209923e-05
86cpjh43,torque_efference,0,0,380026880,1950.665283203125,442.75,19.013973236083984,0.2881262004375458,1.2148315906524658,0.0067552654072642,0.0001301126321777,0.0001178372112917
86cpjh43,torque_efference,0,0,390021120,1962.78857421875,444.59765625,19.59381866455078,0.2819448411464691,1.1935985088348389,0.0068477736786007,6.849381315987557e-05,6.386556196957827e-05
86cpjh43,torque_efference,0,0,400015360,1953.7333984375,442.8583984375,19.72266387939453,0.281839519739151,1.199068903923035,0.0069446852430701,0.0001001811033347,7.494972669519484e-05
86cpjh43,torque_efference,0,0,410009600,1963.600341796875,444.4931640625,18.986751556396484,0.2827865779399872,1.1964397430419922,0.0069761099293828,6.030080112395808e-05,5.690995749318972e-05
86cpjh43,torque_efference,0,0,420003840,1968.6063232421875,445.31640625,19.55562210083008,0.2844256162643432,1.1909551620483398,0.0068567646667361,5.544987652683631e-05,3.552003181539476e-05
86cpjh43,torque_efference,0,0,430080000,1963.723388671875,443.8193359375,19.203819274902344,0.2854304909706116,1.1869975328445437,0.0068981628865003,7.112354796845466e-05,7.112354796845466e-05
86cpjh43,torque_efference,0,0,440074240,1972.36865234375,445.849609375,19.363887786865234,0.2851905226707458,1.189936280250549,0.0067082429304718,3.257802745793015e-05,2.4547463908675127e-05
86cpjh43,torque_efference,0,0,450068480,1971.07470703125,445.9521484375,19.271141052246094,0.2864458560943603,1.183283805847168,0.0070141600444912,2.780398426693864e-05,2.397432763245888e-05
86cpjh43,torque_efference,0,0,460062720,1970.49658203125,444.7197265625,19.4758243560791,0.2835318148136139,1.1883221864700315,0.0068590734153985,4.566580537357368e-05,3.8888527342351153e-05
86cpjh43,torque_efference,0,0,470056960,1966.4549560546875,444.3984375,18.617202758789062,0.2866646647453308,1.1865715980529783,0.0067329322919249,5.4719512263545766e-05,4.008936230093241e-05
86cpjh43,torque_efference,0,0,480051200,1969.856201171875,445.0341796875,19.22286033630371,0.2836014032363891,1.178491711616516,0.0070368871092796,4.667730536311865e-05,3.410951467230916e-05
86cpjh43,torque_efference,0,0,490045440,1977.551513671875,446.7568359375,19.705814361572266,0.2797372341156006,1.1804664134979248,0.0066237864084541,2.977324584207963e-06,2.977324584207963e-06
86cpjh43,torque_efference,0,0,500039680,1980.2666015625,446.412109375,19.95703125,0.2752158641815185,1.1776901483535769,0.0065311463549733,8.798034286883194e-06,0.0
86cpjh43,torque_efference,0,0,510033920,1975.880859375,445.48828125,20.12966728210449,0.2760963141918182,1.1793142557144165,0.006654486991465,3.6508448829408735e-05,3.2168172765523195e-05
86cpjh43,torque_efference,0,0,520028160,1981.411865234375,446.837890625,19.772293090820312,0.274241179227829,1.175513505935669,0.0068606315180659,0.0,0.0
86cpjh43,torque_efference,0,0,530022400,1976.7779541015625,445.7138671875,20.07662582397461,0.2738729119300842,1.184053659439087,0.0066090147010982,2.522130489523988e-05,2.0900231902487576e-05
86cpjh43,torque_efference,0,0,540016640,1981.467041015625,446.2685546875,20.25335121154785,0.271244466304779,1.1754794120788574,0.006552874110639,1.2149687790952156e-05,1.2149687790952156e-05
86cpjh43,torque_efference,0,0,550010880,1973.5794677734373,444.6298828125,19.91550064086914,0.2737592458724975,1.1714906692504885,0.0068803112953901,6.647878763033077e-05,6.410272180801257e-05
86cpjh43,torque_efference,0,0,560005120,1978.0096435546875,445.71484375,20.298627853393555,0.2705667316913605,1.174608588218689,0.0067518074065446,2.181403033318929e-05,2.181403033318929e-05
86cpjh43,torque_efference,0,0,570081280,1984.5987548828125,446.478515625,20.15386390686035,0.2723071277141571,1.173445463180542,0.006638198159635,1.713267556624487e-05,1.713267556624487e-05
86cpjh43,torque_efference,0,0,580075520,1979.81787109375,445.4501953125,20.1530876159668,0.2709503173828125,1.171115756034851,0.0066754231229424,3.594892041292041e-05,3.2263778848573565e-05
86cpjh43,torque_efference,0,0,590069760,1982.7342529296875,446.0869140625,20.085187911987305,0.2713268995285034,1.1773648262023926,0.0061815888620913,2.1428164473036304e-05,1.1445508789620362e-05
86cpjh43,torque_efference,0,0,600064000,1978.1591796875,445.3154296875,20.170669555664062,0.2701181471347809,1.182078838348389,0.0064419396221637,3.6093213566346094e-05,3.024553370778449e-05
ame77mw2,torque_efference,0,0,0,275.6708374023437,160.9541015625,3.22536563873291,0.8044131398200989,1.896714448928833,0.0512420274317264,0.0141398701816797,0.008829734288156
ame77mw2,torque_efference,0,0,10076160,584.4559326171875,219.4091796875,4.00299882888794,0.6217882037162781,2.3517086505889893,0.0356888175010681,0.0092287007719278,0.0075874542817473
ame77mw2,torque_efference,0,0,20070400,791.4863891601562,258.5009765625,5.467913627624512,0.5484544634819031,2.1573286056518555,0.0298131555318832,0.0069735059514641,0.0065652239136397
ame77mw2,torque_efference,0,0,30064640,902.3612060546876,269.1357421875,6.316188335418701,0.4881580770015716,1.866779088973999,0.0249591208994388,0.0061633000150322,0.0059339236468076
ame77mw2,torque_efference,0,0,40058880,973.4905395507812,278.7880859375,7.029483795166016,0.4629451334476471,1.7520084381103516,0.022623062133789,0.0056737661361694,0.0053069135174155
ame77mw2,torque_efference,0,0,50053120,1027.7982177734375,285.7724609375,7.847447395324707,0.4498280584812164,1.6677721738815308,0.0217632949352264,0.0053315833210945,0.0049705328419804
ame77mw2,torque_efference,0,0,60047360,1129.435302734375,306.3837890625,8.05362319946289,0.4319262206554413,1.6511945724487305,0.0202152952551841,0.0044041275978088,0.003980147652328
ame77mw2,torque_efference,0,0,70041600,1309.261962890625,349.5380859375,8.474761009216309,0.4259653687477112,1.6302478313446045,0.0180776827037334,0.0031403698958456,0.003015358466655
ame77mw2,torque_efference,0,0,80035840,1493.589111328125,385.8583984375,9.827879905700684,0.4146164953708648,1.5770041942596436,0.0137981744483113,0.0019399467855691,0.0016152951866388
ame77mw2,torque_efference,0,0,90030080,1589.7293701171875,401.9296875,10.355642318725586,0.4076091051101684,1.5180448293685913,0.0126570798456668,0.0013565344270318,0.0010540169896557
ame77mw2,torque_efference,0,0,100024320,1739.255126953125,428.02734375,10.99094581604004,0.3939805924892425,1.439143419265747,0.0102782594040036,0.0007183128618635,0.0006431036163121
ame77mw2,torque_efference,0,0,110018560,1774.68701171875,431.6826171875,11.76007080078125,0.3887563943862915,1.430883765220642,0.0092763528227806,0.000524362840224,0.0004722689627669
ame77mw2,torque_efference,0,0,120012800,1789.48974609375,432.6103515625,12.397720336914062,0.3848540186882019,1.3963724374771118,0.0093431985005736,0.0004439596668817,0.0003298279480077
ame77mw2,torque_efference,0,0,130007040,1825.96337890625,436.7822265625,13.285877227783203,0.3755428493022918,1.3592958450317385,0.0085641890764236,0.0003480889718048,0.0002765266690403
ame77mw2,torque_efference,0,0,140001280,1851.5399169921875,441.1337890625,13.7167329788208,0.3662824034690857,1.340968370437622,0.0087996628135442,0.0001509942667325,0.0001043813754222
ame77mw2,torque_efference,0,0,150077440,1877.8189697265625,442.9638671875,14.452726364135742,0.3555953800678253,1.311701774597168,0.0081869233399629,9.864762250799686e-05,5.519720070878975e-05
ame77mw2,torque_efference,0,0,160071680,1875.979248046875,441.0283203125,14.56492042541504,0.3530860245227813,1.2922751903533936,0.0082985237240791,0.000149099578266,9.429184137843548e-05
ame77mw2,torque_efference,0,0,170065920,1896.871337890625,442.880859375,15.268077850341797,0.3514475524425506,1.294067621231079,0.0075992485508322,0.0001337839494226,0.0001200794795295
ame77mw2,torque_efference,0,0,180060160,1906.4727783203125,444.0283203125,15.65410327911377,0.3428875803947449,1.276221513748169,0.0077814473770558,7.171994366217405e-05,5.006131686968729e-05
ame77mw2,torque_efference,0,0,190054400,1916.731689453125,445.421875,15.477215766906738,0.3405452668666839,1.2860476970672607,0.0070930318906903,4.2457857489353046e-05,2.195375964220148e-05
ame77mw2,torque_efference,0,0,200048640,1910.037353515625,443.197265625,16.390396118164062,0.3393341302871704,1.2749745845794678,0.0077733634971082,0.0001114511978812,8.039079693844542e-05
ame77mw2,torque_efference,0,0,210042880,1919.7027587890625,442.9912109375,16.308597564697266,0.3327817320823669,1.262657642364502,0.0074615888297557,0.0001223907747771,0.0001074124884326
ame77mw2,torque_efference,0,0,220037120,1929.693115234375,444.740234375,16.47624969482422,0.3290172517299652,1.256778120994568,0.0074333776719868,6.079934973968193e-05,4.895908205071464e-05
ame77mw2,torque_efference,0,0,230031360,1931.877197265625,444.4140625,16.61522674560547,0.326541543006897,1.2577242851257324,0.0071778208948671,5.9628211602102965e-05,3.68590590369422e-05
ame77mw2,torque_efference,0,0,240025600,1933.390380859375,444.8232421875,17.251392364501953,0.3214300870895386,1.2579516172409058,0.0071915849111974,7.167116564232856e-05,4.90074344270397e-05
ame77mw2,torque_efference,0,0,250019840,1921.7093505859373,441.6923828125,16.832660675048828,0.3212715983390808,1.2605080604553225,0.0067683206871151,0.0001449360861442,0.0001228842593263
ame77mw2,torque_efference,0,0,260014080,1943.1927490234373,445.1357421875,17.324466705322266,0.3170051574707031,1.244340181350708,0.0067695975303649,4.65883786091581e-05,2.4640499759698287e-05
ame77mw2,torque_efference,0,0,270008320,1928.6741943359373,441.6240234375,17.775104522705078,0.3118220865726471,1.2305446863174438,0.0073202149942517,0.0001570511813042,0.0001316298294113
ame77mw2,torque_efference,0,0,280002560,1947.654052734375,444.6494140625,17.834381103515625,0.3107733130455017,1.2197550535202026,0.0070565585047006,5.878687079530209e-05,3.025740807061084e-05
ame77mw2,torque_efference,0,0,290078720,1945.628662109375,444.7685546875,18.46424865722656,0.3086715042591095,1.219676852226257,0.0071691507473587,9.10192175069824e-05,7.151080353651196e-05
ame77mw2,torque_efference,0,0,300072960,1950.5418701171875,445.58203125,18.102169036865234,0.3079164028167724,1.203697919845581,0.0074649909511208,3.336633380968124e-05,2.608480463095475e-05
ame77mw2,torque_efference,0,0,310067200,1952.876708984375,445.537109375,18.888999938964844,0.305484265089035,1.216097354888916,0.0071879629977047,3.4865704947151244e-05,2.738594776019454e-05
ame77mw2,torque_efference,0,0,320061440,1955.739501953125,445.33984375,18.968341827392575,0.3007799386978149,1.2150853872299194,0.0067899641580879,4.53588436357677e-05,3.592523353290744e-05
ame77mw2,torque_efference,0,0,330055680,1954.6356201171875,444.640625,18.9012451171875,0.3005717396736145,1.2046496868133545,0.0072626303881406,5.6394957937300205e-05,3.528123488649726e-05
ame77mw2,torque_efference,0,0,340049920,1967.7086181640625,446.48828125,19.502891540527344,0.2965507209300995,1.1979703903198242,0.0067791007459163,9.22494291444309e-06,2.497602281437139e-06
ame77mw2,torque_efference,0,0,350044160,1968.654296875,446.2919921875,19.41398048400879,0.2944744527339935,1.1979448795318604,0.0068012415431439,1.592760054336395e-05,7.086400728439912e-06
ame77mw2,torque_efference,0,0,360038400,1962.8671875,445.2060546875,19.46763038635254,0.2910498976707458,1.194779872894287,0.0068430979736149,5.342462827684358e-05,4.622679261956364e-05
ame77mw2,torque_efference,0,0,370032640,1968.494384765625,445.908203125,19.336397171020508,0.2909680008888244,1.1975857019424438,0.0066537661477923,3.4744378353934735e-05,3.162437133141793e-05
ame77mw2,torque_efference,0,0,380026880,1963.36328125,444.63671875,19.511625289916992,0.28824183344841,1.1941773891448977,0.0067827845923602,5.477718514157459e-05,4.051029827678576e-05
ame77mw2,torque_efference,0,0,390021120,1969.248046875,445.7724609375,19.77734375,0.2878016829490661,1.200409173965454,0.0066963504068553,3.169901901856065e-05,2.218977715529036e-05
ame77mw2,torque_efference,0,0,400015360,1977.0635986328125,446.595703125,20.20016860961914,0.2849372029304504,1.188446044921875,0.0061660069040954,6.280574780248571e-06,2.4053263132373104e-06
ame77mw2,torque_efference,0,0,410009600,1975.095458984375,446.064453125,20.37450408935547,0.2786315381526947,1.187614917755127,0.0062740570865571,2.642981235112529e-05,1.5887044355622493e-05
ame77mw2,torque_efference,0,0,420003840,1971.3541259765625,445.5556640625,20.65966033935547,0.2777846753597259,1.187664031982422,0.0067754369229078,4.796950815944001e-05,1.783644074748736e-05
ame77mw2,torque_efference,0,0,430080000,1967.039794921875,445.4150390625,20.42586898803711,0.2844999432563782,1.1866850852966309,0.0068272985517978,4.550741141429171e-05,3.989944525528699e-05
ame77mw2,torque_efference,0,0,440074240,1972.39990234375,445.2666015625,19.898731231689453,0.2843048572540283,1.184255838394165,0.006859534420073,5.878981028217822e-05,5.878981028217822e-05
ame77mw2,torque_efference,0,0,450068480,1972.35791015625,445.84375,20.27260971069336,0.2821139693260193,1.1789705753326416,0.0067375786602497,2.4887749532354064e-05,2.242789378215093e-05
ame77mw2,torque_efference,0,0,460062720,1981.386474609375,446.6181640625,20.13565444946289,0.2792927622795105,1.1772791147232056,0.0064131575636565,4.359654212748865e-06,0.0
ame77mw2,torque_efference,0,0,470056960,1978.321533203125,445.755859375,20.607006072998047,0.2806270122528076,1.1706838607788086,0.0067498767748475,3.623111479100771e-05,3.387795004528016e-05
ame77mw2,torque_efference,0,0,480051200,1973.5390625,444.4638671875,20.53700256347656,0.2768618464469909,1.1705987453460691,0.0066460692323744,6.242901872610673e-05,3.489619120955467e-05
ame77mw2,torque_efference,0,0,490045440,1972.839599609375,444.787109375,20.383506774902344,0.2746179401874542,1.1724202632904053,0.0066707609221339,5.959353075013496e-05,5.1455273933243006e-05
ame77mw2,torque_efference,0,0,500039680,1974.294677734375,444.6875,20.22051048278809,0.2783501148223877,1.1687560081481934,0.0067617930471897,6.183596997288987e-05,5.14433195348829e-05
ame77mw2,torque_efference,0,0,510033920,1975.62353515625,445.8720703125,20.322513580322266,0.2779541611671448,1.174052119255066,0.0065718917176127,2.9144932341296222e-05,1.0828014637809248e-05
ame77mw2,torque_efference,0,0,520028160,1974.622802734375,444.619140625,20.20109748840332,0.2764574885368347,1.1635892391204834,0.0067907879129052,5.232313560554758e-05,4.3363848817534745e-05
ame77mw2,torque_efference,0,0,530022400,1975.71044921875,444.9951171875,19.891254425048828,0.2796722054481506,1.16981041431427,0.0064703370444476,3.798477700911462e-05,3.798477700911462e-05
ame77mw2,torque_efference,0,0,540016640,1981.9989013671875,445.802734375,20.46086883544922,0.2754518687725067,1.1638152599334717,0.0069681871682405,2.9833796361344863e-05,1.9436789443716407e-05
ame77mw2,torque_efference,0,0,550010880,1985.04638671875,446.1796875,20.83539581298828,0.2694028615951538,1.1673628091812134,0.0064229709096252,1.5754083506180905e-05,6.148768079583533e-06
ame77mw2,torque_efference,0,0,560005120,1983.0233154296875,445.3974609375,20.69327735900879,0.2693085074424743,1.1611428260803225,0.0064739566296339,6.425553146982566e-05,6.425553146982566e-05
ame77mw2,torque_efference,0,0,570081280,1972.2501220703125,444.0634765625,20.66126251220703,0.2713251113891601,1.1558609008789062,0.0067504299804568,6.877210398670286e-05,6.877210398670286e-05
ame77mw2,torque_efference,0,0,580075520,1972.994140625,444.2548828125,20.957767486572266,0.2704983949661255,1.1644530296325684,0.0067678322084248,6.131295958766714e-05,5.8251633163308725e-05
ame77mw2,torque_efference,0,0,590069760,1966.9072265625,443.240234375,20.670467376708984,0.2727245688438415,1.1712610721588137,0.0066148294135928,8.132601215038449e-05,6.423804734367877e-05
ame77mw2,torque_efference,0,0,600064000,1985.433837890625,445.736328125,21.13863754272461,0.2709574699401855,1.1550357341766355,0.006494466215372,2.9712175091844983e-05,2.9712175091844983e-05
8eca2g70,torque_efference,5,5,0,307.6080627441406,181.9140625,3.2198734283447266,0.8031023144721985,1.947135090827942,0.0497628301382064,0.0123140690848231,0.0081574935466051
8eca2g70,torque_efference,5,5,10076160,601.316162109375,223.671875,5.444390296936035,0.618645191192627,2.56968355178833,0.0353843867778778,0.0119500886648893,0.0088811134919524
8eca2g70,torque_efference,5,5,20070400,669.323974609375,233.994140625,6.244447708129883,0.5438991189002991,2.4852941036224365,0.0330678597092628,0.0104334270581603,0.008660364896059
8eca2g70,torque_efference,5,5,30064640,672.2183227539062,231.8203125,6.418497562408447,0.5011063814163208,2.3468217849731445,0.032745324075222,0.0093083940446376,0.0072535127401351
8eca2g70,torque_efference,5,5,40058880,693.4227905273438,230.060546875,6.712400436401367,0.4810299277305603,2.256160259246826,0.0297640785574913,0.00877539627254,0.0070830448530614
8eca2g70,torque_efference,5,5,50053120,641.781494140625,219.3115234375,7.012650012969971,0.4623427093029022,2.186349630355835,0.0284819416701793,0.008559288457036,0.0065227611921727
8eca2g70,torque_efference,5,5,60047360,738.3111572265625,239.263671875,7.54402494430542,0.4431459605693817,2.0471012592315674,0.0277081970125436,0.0079465759918093,0.0068094031885266
8eca2g70,torque_efference,5,5,70041600,797.1385498046875,250.2099609375,7.713592529296875,0.4320992827415466,1.9357376098632808,0.0272677466273307,0.0071750641800463,0.0063033439218997
8eca2g70,torque_efference,5,5,80035840,865.1142578125,260.724609375,8.142167091369629,0.4250112473964691,1.848407506942749,0.0254871193319559,0.0064892559312283,0.0056022782810032
8eca2g70,torque_efference,5,5,90030080,880.7175903320312,264.1533203125,8.484122276306152,0.4316332042217254,1.8380882740020752,0.026001900434494,0.0061600427143275,0.0052922274917364
8eca2g70,torque_efference,5,5,100024320,919.9135131835938,272.01171875,8.661287307739258,0.4313584268093109,1.7636817693710327,0.0246328450739383,0.0056939534842967,0.0049851378425955
8eca2g70,torque_efference,5,5,110018560,915.0234375,263.7880859375,8.999160766601562,0.4297731220722198,1.695772409439087,0.0239917896687984,0.006303827278316,0.0057403752580285
8eca2g70,torque_efference,5,5,120012800,962.2078247070312,275.2099609375,9.516979217529297,0.4164740145206451,1.6654341220855713,0.0232343729585409,0.0056471256539225,0.005041173659265
8eca2g70,torque_efference,5,5,130007040,984.4361572265624,279.2353515625,9.227313995361328,0.4195146560668945,1.6251537799835205,0.0231750644743442,0.0052952151745557,0.0044116172939538
8eca2g70,torque_efference,5,5,140001280,1001.50146484375,283.318359375,9.32240104675293,0.4199416637420654,1.6496378183364868,0.0225514099001884,0.0051138075068593,0.0043992577120661
8eca2g70,torque_efference,5,5,150077440,1021.0482788085938,284.720703125,9.625882148742676,0.417106956243515,1.62830913066864,0.0224254690110683,0.0051300339400768,0.0045542367734014
8eca2g70,torque_efference,5,5,160071680,1054.6484375,293.0673828125,9.522600173950195,0.4174398183822632,1.6296391487121582,0.0218130964785814,0.0047570625320076,0.0043378132395446
8eca2g70,torque_efference,5,5,170065920,1076.706298828125,298.35546875,9.80162239074707,0.4153735935688019,1.6324975490570068,0.0213158912956714,0.0044285878539085,0.0038381230551749
8eca2g70,torque_efference,5,5,180060160,1113.2271728515625,306.216796875,9.810858726501465,0.4152295887470245,1.6331243515014648,0.0207341685891151,0.0043639652431011,0.0040336102247238
8eca2g70,torque_efference,5,5,190054400,1159.881591796875,313.7685546875,10.256464004516602,0.419885516166687,1.619987726211548,0.0188741907477378,0.0038351051043719,0.0031945002265274
8eca2g70,torque_efference,5,5,200048640,1174.7171630859375,320.6123046875,10.434340476989746,0.4197587072849273,1.6085593700408936,0.02033974789083,0.0036760820075869,0.0030784599948674
8eca2g70,torque_efference,5,5,210042880,1310.0072021484375,344.837890625,10.751127243041992,0.4157190918922424,1.5704559087753296,0.0162142477929592,0.0029713045805692,0.0022944153752177
8eca2g70,torque_efference,5,5,220037120,1398.301025390625,363.08203125,10.731595039367676,0.4075931310653686,1.5202791690826416,0.0157388765364885,0.0026096836663782,0.0022003559861332
8eca2g70,torque_efference,5,5,230031360,1450.649658203125,375.6162109375,11.18764591217041,0.4050979614257812,1.5318689346313477,0.0150747504085302,0.0022411500103771,0.001864404650405
8eca2g70,torque_efference,5,5,240025600,1541.8203125,392.314453125,11.298497200012209,0.4066501557826996,1.4990357160568235,0.0139707941561937,0.0017642523162066,0.001396985258907
8eca2g70,torque_efference,5,5,250019840,1571.29736328125,397.75390625,11.075569152832031,0.4009229838848114,1.464796543121338,0.013551827520132,0.001519872341305,0.0012927721254527
8eca2g70,torque_efference,5,5,260014080,1615.862060546875,405.1796875,11.460144996643066,0.4060442745685577,1.458099365234375,0.0133410934358835,0.0012682189699262,0.0010720104910433
8eca2g70,torque_efference,5,5,270008320,1633.60009765625,406.1953125,11.610527992248535,0.3947844803333282,1.4399402141571045,0.0122258532792329,0.0012840767158195,0.0011066789738833
8eca2g70,torque_efference,5,5,280002560,1641.84423828125,402.9658203125,12.048141479492188,0.3980830013751983,1.4005557298660278,0.0120829744264483,0.0014315719017758,0.0011993998195976
8eca2g70,torque_efference,5,5,290078720,1693.6597900390625,413.6904296875,12.092952728271484,0.3936389088630676,1.391024827957153,0.0117565039545297,0.0009761301334947,0.0008073392673395
8eca2g70,torque_efference,5,5,300072960,1726.713134765625,419.0654296875,12.258392333984377,0.3934250473976135,1.3708683252334597,0.0113596124574542,0.0007890936685726,0.0006756279035471
8eca2g70,torque_efference,5,5,310067200,1730.1759033203125,420.0244140625,12.094026565551758,0.3922473788261413,1.3845336437225342,0.0107540087774395,0.0008338058250956,0.0006817335961386
8eca2g70,torque_efference,5,5,320061440,1749.1884765625,422.919921875,12.632078170776367,0.3849574625492096,1.3673204183578491,0.0109973279759287,0.0006788563914597,0.0005750176496803
8eca2g70,torque_efference,5,5,330055680,1778.3677978515625,427.1318359375,12.49320125579834,0.3858450949192047,1.359382152557373,0.010234348475933,0.0006248608115129,0.0005159867578186
8eca2g70,torque_efference,5,5,340049920,1779.1507568359375,427.3232421875,12.763669967651367,0.3827013373374939,1.366093993186951,0.0103232488036155,0.0005912828492,0.000486350239953
8eca2g70,torque_efference,5,5,350044160,1789.73193359375,429.5078125,12.804567337036133,0.3770026564598083,1.3465862274169922,0.0098333368077874,0.0004672609502449,0.000385920429835
8eca2g70,torque_efference,5,5,360038400,1792.583251953125,428.7978515625,12.921077728271484,0.3739099502563476,1.3278093338012695,0.0101600661873817,0.0005270461551845,0.0004195304936729
8eca2g70,torque_efference,5,5,370032640,1810.1011962890625,431.857421875,13.23579216003418,0.3717103898525238,1.3221139907836914,0.0098374430090188,0.0004192458291072,0.0003090649261139
8eca2g70,torque_efference,5,5,380026880,1823.5902099609373,434.11328125,13.21184539794922,0.3785118758678436,1.322065830230713,0.0097841490060091,0.0003651854931376,0.0002386292326264
8eca2g70,torque_efference,5,5,390021120,1834.446533203125,434.7568359375,12.953457832336426,0.3803983628749847,1.3327231407165527,0.0094392821192741,0.0003978559980168,0.0003267171850893
8eca2g70,torque_efference,5,5,400015360,1847.54541015625,437.44140625,13.379790306091309,0.3753044307231903,1.3177586793899536,0.0090666506439447,0.0002822981332428,0.0002395189512753
8eca2g70,torque_efference,5,5,410009600,1806.07568359375,428.5927734375,13.729323387145996,0.3760924935340881,1.33635675907135,0.0097042387351393,0.0005732004647143,0.0004521155497059
8eca2g70,torque_efference,5,5,420003840,1849.6083984375,437.0029296875,14.050893783569336,0.3689732551574707,1.3122637271881104,0.0092224292457103,0.000291574455332,0.0001822259218897
8eca2g70,torque_efference,5,5,430080000,1856.735107421875,437.052734375,13.91960906982422,0.3663921952247619,1.3149561882019043,0.0088060060515999,0.000323281623423,0.0002364904794376
8eca2g70,torque_efference,5,5,440074240,1860.5244140625,437.123046875,13.833914756774902,0.3698528409004211,1.3093559741973877,0.0085746441036462,0.000298986735288,0.0002219633315689
8eca2g70,torque_efference,5,5,450068480,1875.382568359375,440.5439453125,13.654250144958496,0.3647020161151886,1.2993521690368652,0.0085320305079221,0.000208840239793,0.0001806374057196
8eca2g70,torque_efference,5,5,460062720,1854.471923828125,434.9951171875,14.178750991821287,0.3690870106220245,1.2973979711532593,0.0087283244356513,0.000422175246058,0.0003632353036664
8eca2g70,torque_efference,5,5,470056960,1872.191650390625,439.3095703125,14.438055038452148,0.3612053394317627,1.3027890920639038,0.0082928258925676,0.0002368248970014,0.0001456285244785
8eca2g70,torque_efference,5,5,480051200,1871.92138671875,438.4033203125,14.246458053588867,0.3580186665058136,1.3002150058746338,0.0084588024765253,0.0002350133436266,0.0001533712202217
8eca2g70,torque_efference,5,5,490045440,1881.1954345703125,440.5185546875,14.347126960754396,0.3556230962276459,1.297745943069458,0.0083510633558034,0.0001895848836284,0.0001481409271946
8eca2g70,torque_efference,5,5,500039680,1872.69287109375,438.771484375,14.357355117797852,0.3587760031223297,1.290595293045044,0.0085463700816035,0.0002538499829825,0.0001645885058678
8eca2g70,torque_efference,5,5,510033920,1873.18017578125,437.6259765625,14.380353927612305,0.3580158650875091,1.2962305545806885,0.0084831919521093,0.0003267732390668,0.0002844966948032
8eca2g70,torque_efference,5,5,520028160,1888.234619140625,440.0869140625,14.815591812133787,0.3551064431667328,1.2875244617462158,0.008241694420576,0.0002789685968309,0.0002677915326785
8eca2g70,torque_efference,5,5,530022400,1888.875244140625,440.3671875,14.61903190612793,0.3577534556388855,1.2907633781433103,0.0083748558536171,0.0002361650840612,0.000189659796888
8eca2g70,torque_efference,5,5,540016640,1892.12841796875,440.169921875,15.018444061279297,0.3493945002555847,1.2915520668029783,0.0082977320998907,0.0002324628439964,0.0001814117422327
8eca2g70,torque_efference,5,5,550010880,1899.7843017578125,441.0810546875,14.686503410339355,0.349785715341568,1.272059679031372,0.0082153659313917,0.0002697975724004,0.0002258187450934
8eca2g70,torque_efference,5,5,560005120,1900.272705078125,441.8125,14.511635780334473,0.3501775562763214,1.297358155250549,0.0077952342107892,0.0001797819859348,0.0001435095618944
8eca2g70,torque_efference,5,5,570081280,1877.2066650390625,436.7275390625,14.3677339553833,0.3499167263507843,1.288909912109375,0.008420324884355,0.0003206071560271,0.0002608625218272
8eca2g70,torque_efference,5,5,580075520,1895.3095703125,440.1103515625,15.07821273803711,0.3488135635852813,1.2719899415969849,0.0081994663923978,0.0002472405903972,0.0001809154637157
8eca2g70,torque_efference,5,5,590069760,1877.04248046875,436.751953125,14.76835823059082,0.346521645784378,1.2755179405212402,0.0080438200384378,0.0003439707215875,0.0001728389470372
8eca2g70,torque_efference,5,5,600064000,1882.5146484375,438.2265625,14.898041725158691,0.3483997285366058,1.2754251956939695,0.0083491653203964,0.0003056431014556,0.0001777595171006
bzm76mrs,torque_efference,5,5,0,308.1619873046875,182.12109375,3.219867467880249,0.8031004667282104,1.9479107856750488,0.0497463271021842,0.0123137012124061,0.0081627974286675
bzm76mrs,torque_efference,5,5,10076160,606.6231079101562,223.2021484375,5.674892425537109,0.6210146546363831,2.6651806831359863,0.0358486026525497,0.011902174912393,0.0094584412872791
bzm76mrs,torque_efference,5,5,20070400,663.0419921875,230.6904296875,5.554898262023926,0.5483129620552063,2.628406047821045,0.0325364731252193,0.0100511675700545,0.0082461461424827
bzm76mrs,torque_efference,5,5,30064640,697.4002685546875,233.2822265625,6.240758419036865,0.5062940120697021,2.4807724952697754,0.0310797430574893,0.0095361806452274,0.0081878835335373
bzm76mrs,torque_efference,5,5,40058880,668.321044921875,221.09765625,6.698988914489746,0.4914349615573883,2.3757925033569336,0.0304297637194395,0.0093950554728508,0.0072694094851613
bzm76mrs,torque_efference,5,5,50053120,717.312255859375,238.8818359375,6.918432235717773,0.4635960459709167,2.381068706512451,0.0298667028546333,0.0083493832498788,0.0065418975427746
bzm76mrs,torque_efference,5,5,60047360,693.2796630859375,236.935546875,7.091190338134766,0.4543840587139129,2.224325180053711,0.0298453532159328,0.0078162001445889,0.0063060279935598
bzm76mrs,torque_efference,5,5,70041600,791.6943969726562,255.505859375,7.420788764953613,0.4382811188697815,2.1431262493133545,0.028870690613985,0.0069518825039267,0.0060766162350773
bzm76mrs,torque_efference,5,5,80035840,812.8245849609375,254.0751953125,7.567917823791504,0.4368566870689392,1.9949148893356323,0.0262693390250206,0.0067833680659532,0.0058483183383941
bzm76mrs,torque_efference,5,5,90030080,870.368896484375,262.8203125,8.297401428222656,0.4324168264865875,1.8279614448547363,0.0253861229866743,0.0062423339113593,0.0055330977775156
bzm76mrs,torque_efference,5,5,100024320,887.1240234375,266.267578125,8.60483455657959,0.4216465353965759,1.781336545944214,0.0248416159301996,0.0061568766832351,0.0055656181648373
bzm76mrs,torque_efference,5,5,110018560,911.0067749023438,270.7490234375,8.527132034301758,0.4179392755031585,1.7310729026794434,0.024749256670475,0.0059622135013341,0.0054819835349917
bzm76mrs,torque_efference,5,5,120012800,943.9219970703124,274.47265625,8.915837287902832,0.4222605526447296,1.681591510772705,0.0245161969214677,0.005663716699928,0.0052483645267784
bzm76mrs,torque_efference,5,5,130007040,957.4098510742188,275.9775390625,9.10260009765625,0.4252552390098572,1.663520336151123,0.0242987405508756,0.0055747264996171,0.0050002923235297
bzm76mrs,torque_efference,5,5,140001280,1005.3884887695312,285.42578125,9.515924453735352,0.4156967997550964,1.6529096364974976,0.0237370692193508,0.0049984026700258,0.0045026019215583
bzm76mrs,torque_efference,5,5,150077440,1007.085693359375,283.3291015625,9.726222038269045,0.4119526445865631,1.651778221130371,0.0229810141026973,0.0051286988891661,0.0046491306275129
bzm76mrs,torque_efference,5,5,160071680,1066.9619140625,300.923828125,9.61656379699707,0.4140197038650512,1.6669270992279053,0.022860188037157,0.0043414840474724,0.0039750034920871
bzm76mrs,torque_efference,5,5,170065920,1072.5703125,300.765625,9.844072341918944,0.4206960797309875,1.6656200885772705,0.0221339836716651,0.0041999071836471,0.0037231231108307
bzm76mrs,torque_efference,5,5,180060160,1124.7900390625,310.607421875,10.042400360107422,0.4121409058570862,1.6098387241363523,0.0212889909744262,0.0039749685674905,0.0034152450971305
bzm76mrs,torque_efference,5,5,190054400,1141.8695068359375,313.1455078125,10.208884239196776,0.4122451245784759,1.6175411939620972,0.0209107398986816,0.0037842779420316,0.003279959782958
bzm76mrs,torque_efference,5,5,200048640,1249.44091796875,338.015625,9.8866605758667,0.404274433851242,1.5703299045562744,0.0191832948476076,0.0033131944946944,0.0026682196184992
bzm76mrs,torque_efference,5,5,210042880,1299.675048828125,347.091796875,10.059083938598633,0.4101261496543884,1.552073955535889,0.0184066090732812,0.0029298923909664,0.0025682270061224
bzm76mrs,torque_efference,5,5,220037120,1455.1297607421875,380.9140625,10.322911262512209,0.3999707698822021,1.513264536857605,0.0160730294883251,0.0020386637188494,0.0016610983293503
bzm76mrs,torque_efference,5,5,230031360,1473.8525390625,382.736328125,10.490690231323242,0.4003171324729919,1.5249269008636477,0.0153388883918523,0.0019306597532704,0.0015140203759074
bzm76mrs,torque_efference,5,5,240025600,1533.12890625,392.658203125,10.826223373413086,0.3998534083366394,1.4835104942321775,0.0149763729423284,0.0016167727299034,0.0013568272115662
bzm76mrs,torque_efference,5,5,250019840,1593.1546630859375,401.1767578125,10.98929214477539,0.3940064013004303,1.4445699453353882,0.0136893084272742,0.0014627993805333,0.0012724427506327
bzm76mrs,torque_efference,5,5,260014080,1619.923095703125,406.33984375,11.252946853637695,0.3976331055164337,1.4575368165969849,0.0132519146427512,0.0013400173047557,0.0011766501702368
bzm76mrs,torque_efference,5,5,270008320,1637.8756103515625,408.2587890625,11.400419235229492,0.3916630744934082,1.456281661987305,0.0127144940197467,0.0011287138331681,0.0009861805010586
bzm76mrs,torque_efference,5,5,280002560,1635.7020263671875,403.1669921875,11.546775817871094,0.3901368975639343,1.4041389226913452,0.0123897772282361,0.001269617350772,0.0010867327218875
bzm76mrs,torque_efference,5,5,290078720,1652.731689453125,406.3681640625,12.043378829956056,0.3933617174625397,1.4185993671417236,0.0119451042264699,0.0012293324107304,0.0009791593765839
bzm76mrs,torque_efference,5,5,300072960,1662.658203125,406.3212890625,12.07526969909668,0.3908184468746185,1.375581979751587,0.0117409322410821,0.0012922520982101,0.001000779448077
bzm76mrs,torque_efference,5,5,310067200,1692.3380126953125,412.0703125,11.888458251953123,0.3933959901332855,1.3810425996780396,0.0109085496515035,0.0011566588655114,0.0009047999046742
bzm76mrs,torque_efference,5,5,320061440,1750.924560546875,423.19921875,12.198715209960938,0.3880204558372497,1.363254427909851,0.010625772178173,0.000790691236034,0.0006676486809737
bzm76mrs,torque_efference,5,5,330055680,1742.788818359375,421.5029296875,12.397209167480469,0.3808268010616302,1.35968017578125,0.0107190534472465,0.0008413763716816,0.0006335121579468
bzm76mrs,torque_efference,5,5,340049920,1769.5179443359375,425.8095703125,12.400550842285156,0.3855275511741638,1.350182056427002,0.0106327272951602,0.0007868146058171,0.0006631684955209
bzm76mrs,torque_efference,5,5,350044160,1782.2374267578125,426.9189453125,12.491717338562012,0.3790025115013122,1.3469703197479248,0.0098371393978595,0.0006379662081599,0.0004355764249339
bzm76mrs,torque_efference,5,5,360038400,1777.9287109375,426.0908203125,12.519201278686523,0.3825590908527374,1.3210915327072144,0.0105573069304227,0.0007039282354526,0.0005155074177309
bzm76mrs,torque_efference,5,5,370032640,1804.424072265625,428.9951171875,12.875810623168944,0.374395877122879,1.3229838609695437,0.0098908431828022,0.0005850794259458,0.0004482420044951
bzm76mrs,torque_efference,5,5,380026880,1808.84033203125,430.265625,12.998201370239258,0.3770195543766022,1.3192411661148071,0.0101871564984321,0.0005881839897483,0.0004392714472487
bzm76mrs,torque_efference,5,5,390021120,1802.611083984375,427.6005859375,13.047523498535156,0.3720197975635528,1.301310658454895,0.0101500088348984,0.0005874820053577,0.0004495348548516
bzm76mrs,torque_efference,5,5,400015360,1834.3385009765625,434.8916015625,13.195138931274414,0.3699951171875,1.3212716579437256,0.0090124364942312,0.0003681253001559,0.0002432403853163
bzm76mrs,torque_efference,5,5,410009600,1834.121826171875,434.9482421875,13.203716278076172,0.3689839243888855,1.3314778804779053,0.0094058606773614,0.000366061925888,0.0002706427476368
bzm76mrs,torque_efference,5,5,420003840,1841.8486328125,436.365234375,13.46944808959961,0.3705167770385742,1.3256182670593262,0.0089817941188812,0.0002997293777298,0.0001881180214695
bzm76mrs,torque_efference,5,5,430080000,1849.9708251953125,436.80078125,13.874761581420898,0.3688705861568451,1.3000767230987549,0.0092141702771186,0.000350309186615,0.0002034431381616
bzm76mrs,torque_efference,5,5,440074240,1858.203857421875,437.5654296875,13.937711715698242,0.3621904253959656,1.306039333343506,0.0090047949925065,0.0002608749200589,0.0001332572428509
bzm76mrs,torque_efference,5,5,450068480,1857.4754638671875,436.490234375,13.990848541259766,0.3577010929584503,1.3136498928070068,0.0087086483836174,0.0003570072294678,0.0002594867837615
bzm76mrs,torque_efference,5,5,460062720,1847.59423828125,433.849609375,13.782499313354492,0.3609405159950256,1.3067418336868286,0.0087841488420963,0.0003886917838826,0.000275683007203
bzm76mrs,torque_efference,5,5,470056960,1861.15380859375,436.7958984375,13.744942665100098,0.3611834049224853,1.289102554321289,0.0090849269181489,0.0003176415339112,0.0001733295212034
bzm76mrs,torque_efference,5,5,480051200,1893.0220947265625,443.0537109375,13.635616302490234,0.3546186685562134,1.2902286052703855,0.0084877908229827,0.0001340052695013,7.183803245425224e-05
bzm76mrs,torque_efference,5,5,490045440,1858.2633056640625,436.6298828125,13.963520050048828,0.3562244176864624,1.3044204711914062,0.0087538110092282,0.000322273292113,0.0002138722338713
bzm76mrs,torque_efference,5,5,500039680,1864.511962890625,436.8369140625,14.100675582885742,0.3503567576408386,1.2858507633209229,0.0087188109755516,0.000262892950559,0.0001189266622532
bzm76mrs,torque_efference,5,5,510033920,1868.9368896484373,436.908203125,14.433826446533203,0.3493622839450836,1.2852377891540527,0.008942799642682,0.0003449394134804,0.0002819952205754
bzm76mrs,torque_efference,5,5,520028160,1880.5987548828125,439.583984375,14.464658737182615,0.3503068685531616,1.281883716583252,0.0085529824718832,0.0002370472939219,0.0001664738083491
bzm76mrs,torque_efference,5,5,530022400,1856.37451171875,434.2880859375,14.446873664855955,0.355726808309555,1.2772085666656494,0.0090981051325798,0.000371127971448,0.0001839338365243
bzm76mrs,torque_efference,5,5,540016640,1883.36083984375,439.509765625,14.061986923217772,0.3446690142154693,1.2893922328948977,0.0084014758467674,0.0002159172436222,0.0001271250803256
bzm76mrs,torque_efference,5,5,550010880,1867.07177734375,434.775390625,14.374740600585938,0.3459518253803253,1.285444974899292,0.0088236909359693,0.000384583545383,0.000301870459225
bzm76mrs,torque_efference,5,5,560005120,1822.4075927734373,427.078125,14.174545288085938,0.3504349589347839,1.3016743659973145,0.0091968839988112,0.0006075058481656,0.0004047135298606
bzm76mrs,torque_efference,5,5,570081280,1877.23095703125,438.1123046875,14.67355251312256,0.3464999496936798,1.280262470245361,0.0085241273045539,0.0002566995099186,0.0001227071770699
bzm76mrs,torque_efference,5,5,580075520,1872.446533203125,436.9208984375,14.48763656616211,0.3440574407577514,1.2715412378311155,0.0088574569672346,0.000294110213872,0.0002203534677391
bzm76mrs,torque_efference,5,5,590069760,1864.5814208984373,434.5673828125,14.626178741455078,0.3403094112873077,1.272336721420288,0.0088159646838903,0.0004009521799162,0.0002712074201554
bzm76mrs,torque_efference,5,5,600064000,1891.880615234375,439.142578125,14.383872985839844,0.3419167995452881,1.2726489305496216,0.0083486475050449,0.0002566390612628,0.0001831746194511
nzqv02je,torque_efference,5,5,0,308.0634155273437,182.068359375,3.2198758125305176,0.8031028509140015,1.9479924440383911,0.0497337579727172,0.01231225207448,0.0081603601574897
nzqv02je,torque_efference,5,5,10076160,589.6270751953125,218.8701171875,5.3487043380737305,0.6247634887695312,2.635127544403076,0.0352505221962928,0.0128102302551269,0.0103076286613941
nzqv02je,torque_efference,5,5,20070400,668.6845703125,230.19921875,6.290440082550049,0.5306847095489502,2.6063003540039062,0.0320433229207992,0.0101201385259628,0.0085710622370243
nzqv02je,torque_efference,5,5,30064640,666.2648315429688,222.28515625,6.408041477203369,0.4983524084091186,2.4501261711120605,0.0310169700533151,0.0098357181996107,0.0085094794631004
nzqv02je,torque_efference,5,5,40058880,639.1552124023438,217.484375,6.801216125488281,0.4814826548099518,2.323258399963379,0.0301815085113048,0.0089886859059333,0.0070244492962956
nzqv02je,torque_efference,5,5,50053120,738.66552734375,247.76171875,7.235997676849365,0.4554962515830993,2.321974754333496,0.0300073400139808,0.0076187863014638,0.0067221270874142
nzqv02je,torque_efference,5,5,60047360,754.7548828125,249.080078125,7.606278419494629,0.4473837912082672,2.23374080657959,0.0285522788763046,0.0072580864652991,0.0063939839601516
nzqv02je,torque_efference,5,5,70041600,780.2567749023438,254.109375,7.789621353149414,0.432237833738327,2.136425018310547,0.02754757553339,0.0066963573917746,0.0056418688036501
nzqv02je,torque_efference,5,5,80035840,859.0339965820312,264.037109375,9.035557746887209,0.4239556193351745,1.9559872150421145,0.025849562138319,0.0063500450924038,0.0056107239797711
nzqv02je,torque_efference,5,5,90030080,894.5009765625,269.583984375,8.323614120483398,0.4227495193481445,1.8730344772338867,0.0257658474147319,0.0060616754926741,0.00546221062541
nzqv02je,torque_efference,5,5,100024320,904.40625,267.9443359375,8.734663009643555,0.4181725978851318,1.795600652694702,0.0242480915039777,0.0061782407574355,0.0055589443072676
nzqv02je,torque_efference,5,5,110018560,924.9304809570312,270.1630859375,9.137537002563477,0.4145587384700775,1.7510558366775513,0.0243720971047878,0.0059534301981329,0.0054047452285885
nzqv02je,torque_efference,5,5,120012800,950.770751953125,274.2822265625,9.08660888671875,0.4119076728820801,1.7185099124908447,0.0243770703673362,0.00578149035573,0.005141525529325
nzqv02je,torque_efference,5,5,130007040,964.0992431640624,276.654296875,9.23052215576172,0.4167259633541107,1.757331609725952,0.023231778293848,0.0057788924314081,0.0051463888958096
nzqv02je,torque_efference,5,5,140001280,989.3235473632812,281.107421875,9.430964469909668,0.4189505279064178,1.6753857135772705,0.0232587978243827,0.0053455508314073,0.0047128377482295
nzqv02je,torque_efference,5,5,150077440,1012.07275390625,289.5830078125,9.359216690063477,0.4202921986579895,1.666337251663208,0.0234676748514175,0.0049420059658586,0.0043437210842967
nzqv02je,torque_efference,5,5,160071680,1069.615478515625,300.53515625,10.03371238708496,0.4213883280754089,1.6514601707458496,0.0219955518841743,0.0043879975564777,0.0035949514713138
nzqv02je,torque_efference,5,5,170065920,1102.88916015625,309.814453125,9.644502639770508,0.4147363901138305,1.6785268783569336,0.0219253543764352,0.0040758005343377,0.0035143666900694
nzqv02je,torque_efference,5,5,180060160,1149.779541015625,320.52734375,9.648981094360352,0.4038825333118438,1.6472629308700562,0.0214130226522684,0.0037535189185291,0.0033424873836338
nzqv02je,torque_efference,5,5,190054400,1206.89453125,331.8173828125,9.895069122314451,0.4063964188098907,1.611366629600525,0.0191193036735057,0.0032215411774814,0.0024745897389948
nzqv02je,torque_efference,5,5,200048640,1265.618896484375,342.4189453125,9.767518997192385,0.4044739603996277,1.6047413349151611,0.0185223706066608,0.0030250228010118,0.0024805068969726
nzqv02je,torque_efference,5,5,210042880,1400.5205078125,370.2333984375,9.781417846679688,0.4060527384281158,1.5928316116333008,0.0166233964264392,0.0021892162039875,0.001832339214161
nzqv02je,torque_efference,5,5,220037120,1417.91357421875,370.958984375,10.412786483764648,0.4041652381420135,1.5592899322509766,0.016073940321803,0.0020998562686145,0.0017638942226767
nzqv02je,torque_efference,5,5,230031360,1490.314697265625,381.146484375,10.421661376953123,0.4048987925052643,1.510063886642456,0.0143130701035261,0.0020734628196805,0.0018195612356066
nzqv02je,torque_efference,5,5,240025600,1550.180419921875,394.462890625,10.606788635253906,0.3959341645240783,1.4956833124160769,0.0139821572229266,0.0016833982663229,0.001479382510297
nzqv02je,torque_efference,5,5,250019840,1568.719482421875,395.62890625,11.037080764770508,0.3945629000663757,1.4803869724273682,0.013368122279644,0.0015464045573025,0.0012422434519976
nzqv02je,torque_efference,5,5,260014080,1570.271484375,394.6171875,11.343064308166504,0.3955312371253967,1.472468018531799,0.0130324847996234,0.0015795852523297,0.001341491471976
nzqv02je,torque_efference,5,5,270008320,1641.7100830078125,409.4033203125,11.417777061462402,0.3948961198329925,1.45965838432312,0.0119958138093352,0.0010790748056024,0.0008030846947804
nzqv02je,torque_efference,5,5,280002560,1646.685791015625,406.5908203125,11.46577262878418,0.3882518410682678,1.429874300956726,0.0122056361287832,0.0012232559965923,0.0010174661874771
nzqv02je,torque_efference,5,5,290078720,1678.53515625,413.3447265625,11.686309814453123,0.3900336623191833,1.4347556829452517,0.0116283483803272,0.0009608910186216,0.000739847542718
nzqv02je,torque_efference,5,5,300072960,1717.001708984375,419.076171875,11.992369651794434,0.3827640414237976,1.3992788791656494,0.0110397469252347,0.0008173657697625,0.0006349653704091
nzqv02je,torque_efference,5,5,310067200,1710.2701416015625,415.8330078125,12.212885856628418,0.3836474120616913,1.407359957695007,0.0106087140738964,0.0009106420329771,0.000768628087826
nzqv02je,torque_efference,5,5,320061440,1740.861083984375,421.2978515625,12.187906265258787,0.3851293325424194,1.3971593379974363,0.0110251605510711,0.0008189659565687,0.0006609853589907
nzqv02je,torque_efference,5,5,330055680,1726.802978515625,416.3916015625,12.581663131713867,0.3790695369243622,1.3667478561401367,0.0112996231764554,0.0009927407372742,0.0008382162777706
nzqv02je,torque_efference,5,5,340049920,1770.1290283203125,425.5751953125,12.564029693603516,0.3789977431297302,1.3691082000732422,0.0103303594514727,0.0007168344454839,0.0006144993240013
nzqv02je,torque_efference,5,5,350044160,1807.318603515625,432.23828125,12.759565353393556,0.3747235834598541,1.3627219200134275,0.0099930241703987,0.0005498095415532,0.0004914625897072
nzqv02je,torque_efference,5,5,360038400,1816.5391845703125,433.3984375,12.98284912109375,0.3734813630580902,1.351980209350586,0.0093925753608345,0.0004141882527619,0.0002966547617688
nzqv02je,torque_efference,5,5,370032640,1798.545654296875,428.3408203125,13.202096939086914,0.374773234128952,1.3537957668304443,0.009324437007308,0.0005610178341157,0.0003932658000849
nzqv02je,torque_efference,5,5,380026880,1774.9725341796875,424.212890625,13.093528747558594,0.3722705841064453,1.3400859832763672,0.0101472958922386,0.0006448511849157,0.0004815837310161
nzqv02je,torque_efference,5,5,390021120,1826.0501708984373,434.271484375,13.421623229980469,0.3698059320449829,1.3391988277435305,0.0098264478147029,0.0003622019430622,0.0002968269982375
nzqv02je,torque_efference,5,5,400015360,1819.894775390625,431.63671875,13.481884956359863,0.3674805760383606,1.3314127922058103,0.0095197092741727,0.0004608908493537,0.0002758608607109
nzqv02je,torque_efference,5,5,410009600,1839.777587890625,435.255859375,13.9772310256958,0.3664767146110534,1.31756854057312,0.0094349905848503,0.000353145005647,0.0002563838206697
nzqv02je,torque_efference,5,5,420003840,1824.087158203125,431.0830078125,13.452985763549805,0.369801789522171,1.325160264968872,0.0095252292230725,0.0005160516011528,0.0003918696893379
nzqv02je,torque_efference,5,5,430080000,1859.8021240234373,438.783203125,13.60785961151123,0.3671789765357971,1.321688890457153,0.0089776813983917,0.0002396192867308,0.0001080638467101
nzqv02je,torque_efference,5,5,440074240,1849.4822998046875,436.591796875,13.35043716430664,0.3668491542339325,1.3116886615753174,0.0093034533783793,0.0003474327095318,0.0002303646033396
nzqv02je,torque_efference,5,5,450068480,1867.03369140625,438.4970703125,14.131640434265137,0.3599307537078857,1.2919846773147583,0.0090181585401296,0.000257923733443,0.0001789497036952
nzqv02je,torque_efference,5,5,460062720,1855.096435546875,436.0595703125,13.904553413391112,0.3584408164024353,1.3072315454483032,0.0091839833185076,0.0003556065785232,0.0002413587935734
nzqv02je,torque_efference,5,5,470056960,1844.71533203125,432.4267578125,14.145909309387209,0.3571420311927795,1.3064929246902466,0.0085080880671739,0.0004269058408681,0.0002371500304434
nzqv02je,torque_efference,5,5,480051200,1863.12255859375,435.8173828125,14.396488189697266,0.3578743636608124,1.284312725067139,0.0087543502449989,0.0003706503484863,0.0002216802095063
nzqv02je,torque_efference,5,5,490045440,1866.795654296875,436.7138671875,14.45329761505127,0.360564649105072,1.285107135772705,0.0087961312383413,0.0003673420869745,0.0002327545953448
nzqv02je,torque_efference,5,5,500039680,1845.010986328125,432.521484375,14.363059997558594,0.3608795404434204,1.2935543060302734,0.0089723709970712,0.000445866578957,0.0003299690142739
nzqv02je,torque_efference,5,5,510033920,1884.30859375,439.5126953125,14.483261108398438,0.3518461585044861,1.267337679862976,0.0087521616369485,0.0002318556653335,0.0001457583275623
nzqv02je,torque_efference,5,5,520028160,1845.97314453125,431.3408203125,14.482025146484377,0.353728711605072,1.299577713012695,0.0084907412528991,0.0005023743142373,0.0004225355805829
nzqv02je,torque_efference,5,5,530022400,1860.02490234375,434.4296875,14.425987243652344,0.3515039384365082,1.2999343872070312,0.008566009812057,0.0004023799265269,0.0002853977493941
nzqv02je,torque_efference,5,5,540016640,1874.989501953125,437.9931640625,14.884647369384766,0.3421628773212433,1.2841098308563232,0.0083144307136535,0.0002512400096748,0.0001584200217621
nzqv02je,torque_efference,5,5,550010880,1868.847412109375,435.6298828125,14.694506645202637,0.3452709019184112,1.294522047042847,0.0083546992391347,0.0003644787939265,0.000254844140727
nzqv02je,torque_efference,5,5,560005120,1895.658447265625,439.787109375,14.892236709594728,0.3431450128555298,1.2744210958480835,0.008259386755526,0.0002208083751611,0.0001534440234536
nzqv02je,torque_efference,5,5,570081280,1879.354248046875,437.9365234375,15.028221130371094,0.3502389788627624,1.293421745300293,0.0082710562273859,0.000262397021288,0.0001945033145602
nzqv02je,torque_efference,5,5,580075520,1881.8983154296875,437.7421875,14.944562911987305,0.3431407511234283,1.2855042219161987,0.0089735435321927,0.0002897659433074,0.0002436785580357
nzqv02je,torque_efference,5,5,590069760,1880.263427734375,436.4306640625,15.077018737792969,0.3394382297992706,1.2631521224975586,0.0084336753934621,0.0003476976999081,0.000260427390458
nzqv02je,torque_efference,5,5,600064000,1873.6519775390625,436.103515625,14.842296600341797,0.338091641664505,1.283198356628418,0.0081926994025707,0.0003057189169339,0.0001725063484627
sgad6k6w,torque_efference,5,5,0,308.0151062011719,182.376953125,3.219879627227783,0.8031026124954224,1.9480130672454836,0.0497351884841918,0.012314785271883,0.0081473151221871
sgad6k6w,torque_efference,5,5,10076160,508.4227600097656,207.0166015625,5.633718490600586,0.7158748507499695,2.6581592559814453,0.0382542125880718,0.0135211590677499,0.0113253332674503
sgad6k6w,torque_efference,5,5,20152320,610.888427734375,227.3896484375,5.1954851150512695,0.6545759439468384,2.5436787605285645,0.0365204811096191,0.0119847236201167,0.0102560333907604
sgad6k6w,torque_efference,5,5,30228480,648.3201293945312,228.701171875,5.210945129394531,0.5980618596076965,2.498488426208496,0.0335804969072341,0.0110133998095989,0.0093836095184087
sgad6k6w,torque_efference,5,5,40058880,699.32373046875,241.185546875,5.795705318450928,0.5596879720687866,2.530264616012573,0.0323353856801986,0.0090808644890785,0.0076583856716752
sgad6k6w,torque_efference,5,5,50135040,730.1660766601562,247.9111328125,5.738454818725586,0.5295232534408569,2.5025784969329834,0.0314048156142234,0.0084526017308235,0.007313884794712
sgad6k6w,torque_efference,5,5,60211200,720.05908203125,239.484375,6.463762283325195,0.508978009223938,2.4251813888549805,0.0308643747121095,0.0089538693428039,0.007769382558763
sgad6k6w,torque_efference,5,5,70041600,727.69287109375,239.73046875,6.780394554138184,0.4917033016681671,2.3701283931732178,0.0305499527603387,0.0082492381334304,0.0071795494295656
sgad6k6w,torque_efference,5,5,80117760,742.2366333007812,245.5966796875,7.475420951843262,0.4792129099369049,2.336989402770996,0.0303670018911361,0.007762954570353,0.006382524035871
sgad6k6w,torque_efference,5,5,90193920,749.387451171875,246.3623046875,7.355202674865723,0.4673011302947998,2.2859673500061035,0.0296365655958652,0.0074898432940244,0.0062946369871497
sgad6k6w,torque_efference,5,5,100024320,774.635498046875,249.8447265625,7.50529146194458,0.4560069441795349,2.258358955383301,0.0282374694943428,0.0071215741336345,0.0063548916950821
sgad6k6w,torque_efference,5,5,110100480,792.8590698242188,255.7470703125,7.794483184814453,0.4484810531139374,2.172637939453125,0.0276355929672718,0.0067839636467397,0.0057437987998127
sgad6k6w,torque_efference,5,5,120176640,800.3328247070312,254.8984375,7.947201728820801,0.4421648681163788,2.117363214492798,0.0277270637452602,0.0067827012389898,0.0056410217657685
sgad6k6w,torque_efference,5,5,130007040,847.597412109375,266.03515625,7.957721710205078,0.4330397248268127,2.0571393966674805,0.0280633717775344,0.006083252839744,0.0054338457994163
sgad6k6w,torque_efference,5,5,140083200,848.8045043945312,266.2294921875,8.302268028259277,0.430503249168396,2.004763126373291,0.0268661119043827,0.0061094667762517,0.0051919445395469
sgad6k6w,torque_efference,5,5,150159360,870.57958984375,266.3310546875,8.80054759979248,0.4259825348854065,1.84765100479126,0.02653494104743,0.0060766641981899,0.0054348381236195
sgad6k6w,torque_efference,5,5,160235520,874.2451171875,265.650390625,9.386367797851562,0.4183427989482879,1.8170020580291748,0.0263352561742067,0.0059255920350551,0.0052784867584705
sgad6k6w,torque_efference,5,5,170065920,889.4190063476562,266.18359375,9.722053527832031,0.4137250483036041,1.7485709190368652,0.0253027826547622,0.0058670109137892,0.0052661010995507
sgad6k6w,torque_efference,5,5,180142080,923.5032958984376,269.9609375,10.03133487701416,0.4103901386260986,1.7030693292617798,0.0239883456379175,0.0058170077390968,0.0053371787071228
sgad6k6w,torque_efference,5,5,190218240,963.6259765625,279.4169921875,10.506555557250977,0.4101509749889374,1.7150721549987793,0.0237122662365436,0.005458828061819,0.0050969030708074
sgad6k6w,torque_efference,5,5,200048640,963.0560302734376,278.841796875,10.489424705505373,0.4072698950767517,1.6834847927093506,0.0240028370171785,0.0052638137713074,0.0047209369949996
sgad6k6w,torque_efference,5,5,210124800,964.68310546875,277.1474609375,10.458440780639648,0.4083973169326782,1.6457068920135498,0.0249391607940197,0.0055803577415645,0.0051641194149851
sgad6k6w,torque_efference,5,5,220200960,997.5830078125,284.7666015625,10.359955787658691,0.4073967635631561,1.6515244245529177,0.0237281192094087,0.0049154702574014,0.0044252332299947
sgad6k6w,torque_efference,5,5,230031360,1003.5595703125,285.99609375,10.791461944580078,0.4050851762294769,1.610146403312683,0.0240715444087982,0.0051073813810944,0.0046308343298733
sgad6k6w,torque_efference,5,5,240107520,1046.198486328125,294.3583984375,11.00758171081543,0.4007643163204193,1.614316463470459,0.0234922915697097,0.0047532096505165,0.0043297596275806
sgad6k6w,torque_efference,5,5,250183680,1063.471435546875,296.6318359375,10.613560676574709,0.4036952257156372,1.6193602085113523,0.0221707038581371,0.0043743271380662,0.0039481669664382
sgad6k6w,torque_efference,5,5,260014080,1071.8531494140625,297.20703125,10.985145568847656,0.4041593074798584,1.6101874113082886,0.0214972030371427,0.0042976005934178,0.0038505841512233
sgad6k6w,torque_efference,5,5,270090240,1079.148681640625,299.9248046875,10.909378051757812,0.4031720757484436,1.6118805408477783,0.0214020777493715,0.0042118281126022,0.003881954587996
sgad6k6w,torque_efference,5,5,280166400,1125.2744140625,310.59765625,10.833732604980469,0.3977669775485992,1.6164720058441162,0.0209643468260765,0.0039630592800676,0.0036503716837614
sgad6k6w,torque_efference,5,5,290242560,1138.490966796875,311.8154296875,11.152612686157228,0.399192214012146,1.5852206945419312,0.0204379856586456,0.0038090576417744,0.0035465490072965
sgad6k6w,torque_efference,5,5,300072960,1172.9925537109375,320.9248046875,10.817950248718262,0.4030628204345703,1.5946602821350098,0.0200742185115814,0.0035939402878284,0.0033378191292285
sgad6k6w,torque_efference,5,5,310149120,1205.197265625,331.9501953125,10.97121810913086,0.4005317091941833,1.5904202461242676,0.0204706266522407,0.0033736051991581,0.0030752101447433
sgad6k6w,torque_efference,5,5,320225280,1232.3941650390625,335.6806640625,11.108312606811523,0.3974519371986389,1.5671813488006592,0.0194152928888797,0.0031979714985936,0.0027749084401875
sgad6k6w,torque_efference,5,5,330055680,1273.24462890625,344.66796875,11.043216705322266,0.4001661539077759,1.56570565700531,0.018730454146862,0.0029721385799348,0.0027319944929331
sgad6k6w,torque_efference,5,5,340131840,1309.802734375,351.6640625,11.372939109802246,0.4034183621406555,1.5714025497436523,0.0184315629303455,0.0026521531399339,0.002361649647355
sgad6k6w,torque_efference,5,5,350208000,1325.064697265625,352.587890625,11.46376609802246,0.4093733727931976,1.5649404525756836,0.0179668068885803,0.0027134988922625,0.0025317836552858
sgad6k6w,torque_efference,5,5,360038400,1359.760498046875,359.181640625,11.63856601715088,0.4101100564002991,1.5583064556121826,0.016475386917591,0.0025065797381103,0.0022086594253778
sgad6k6w,torque_efference,5,5,370114560,1385.72265625,361.822265625,11.850008010864258,0.4138606190681457,1.5466537475585938,0.0159238763153553,0.0024226950481534,0.0020251844543963
sgad6k6w,torque_efference,5,5,380190720,1405.519775390625,365.9443359375,11.946887016296388,0.413249522447586,1.5347630977630615,0.0156691186130046,0.0024040006101131,0.0020284336060285
sgad6k6w,torque_efference,5,5,390021120,1469.646240234375,377.4150390625,11.818133354187012,0.4110485911369324,1.504270076751709,0.0146793909370899,0.0020505923312157,0.0018156435107812
sgad6k6w,torque_efference,5,5,400097280,1472.327880859375,379.6533203125,11.929731369018556,0.4121898412704468,1.499279260635376,0.0150573104619979,0.0019421915058046,0.0017546182498335
sgad6k6w,torque_efference,5,5,410173440,1525.807861328125,389.1044921875,12.25783348083496,0.4087722599506378,1.4955439567565918,0.0143076200038194,0.0017136165406554,0.0015442749718204
sgad6k6w,torque_efference,5,5,420003840,1555.50830078125,394.962890625,12.109466552734377,0.4108034670352936,1.4702608585357666,0.0138669107109308,0.0014932083431631,0.0013415351277217
sgad6k6w,torque_efference,5,5,430080000,1580.0113525390625,396.00390625,12.21171760559082,0.4082593321800232,1.4482791423797607,0.0128822941333055,0.0014921515248715,0.001317897811532
sgad6k6w,torque_efference,5,5,440156160,1614.072509765625,405.142578125,12.280755996704102,0.4068672657012939,1.464694857597351,0.0125471949577331,0.0011972151696681,0.0010626965668052
sgad6k6w,torque_efference,5,5,450232320,1629.2010498046875,405.1943359375,12.57789421081543,0.4070019423961639,1.4524292945861816,0.0119199585169553,0.0012418346013873,0.0009500678861513
sgad6k6w,torque_efference,5,5,460062720,1667.235595703125,412.244140625,12.668866157531738,0.405723363161087,1.41801118850708,0.0116087207570672,0.0010423671919852,0.000876575068105
sgad6k6w,torque_efference,5,5,470138880,1686.646484375,414.908203125,12.961963653564451,0.4011678099632263,1.396361231803894,0.0112897492945194,0.0009762261761352,0.0008442661492154
sgad6k6w,torque_efference,5,5,480215040,1720.660400390625,421.142578125,13.196596145629885,0.3979497849941253,1.3920998573303225,0.0112651484087109,0.000798053573817,0.0007211093325167
sgad6k6w,torque_efference,5,5,490045440,1713.0391845703125,420.220703125,13.074384689331056,0.3975890874862671,1.402516484260559,0.0109341470524668,0.0007769032963551,0.0006619616760872
sgad6k6w,torque_efference,5,5,500121600,1729.9814453125,421.5068359375,13.244634628295898,0.3952575623989105,1.3907040357589722,0.0106952544301748,0.0007860376499593,0.0006240776274353
sgad6k6w,torque_efference,5,5,510197760,1738.130126953125,421.623046875,13.43934154510498,0.3899120986461639,1.3770310878753662,0.0106557682156562,0.0007466649403795,0.0006015199469402
sgad6k6w,torque_efference,5,5,520028160,1767.33154296875,428.0537109375,13.525897979736328,0.3894304633140564,1.3628439903259275,0.0105424802750349,0.0005915835499763,0.0005421160021796
sgad6k6w,torque_efference,5,5,530104320,1780.2120361328125,428.8642578125,13.439279556274414,0.3871680796146393,1.362036943435669,0.0100366054102778,0.0005541042191907,0.0005225463537499
sgad6k6w,torque_efference,5,5,540180480,1762.5816650390625,424.376953125,13.77235507965088,0.3830101788043976,1.3581414222717283,0.0104144159704446,0.0006774052162654,0.0005740399938076
sgad6k6w,torque_efference,5,5,550010880,1812.3427734375,434.291015625,13.9878568649292,0.3775167465209961,1.3302042484283447,0.009929277934134,0.0003531179972924,0.0002928070025518
sgad6k6w,torque_efference,5,5,560087040,1808.7041015625,431.484375,14.121761322021484,0.3738709986209869,1.3232576847076416,0.0097889024764299,0.0005082622519694,0.0004423864884302
sgad6k6w,torque_efference,5,5,570163200,1811.411865234375,431.806640625,14.510347366333008,0.3737652599811554,1.3244398832321167,0.0096850246191024,0.000439123425167,0.0003556513402145
sgad6k6w,torque_efference,5,5,580239360,1810.5228271484373,430.8037109375,14.255853652954102,0.3717055320739746,1.3145239353179932,0.0095765711739659,0.000521158799529,0.0004267017648089
sgad6k6w,torque_efference,5,5,590069760,1820.65673828125,432.6162109375,14.580740928649902,0.3674403131008148,1.3194133043289185,0.0095259742811322,0.000440445204731,0.0003630743012763
sgad6k6w,torque_efference,5,5,600145920,1785.3370361328125,424.0302734375,14.566834449768066,0.3689137101173401,1.3054091930389404,0.0101126246154308,0.0007101048249751,0.0005696050357073
h2l057w2,torque_efference,10,10,0,331.9674377441406,196.8857421875,3.217097043991089,0.8024303317070007,1.9847280979156492,0.048679418861866,0.0113503765314817,0.0078880907967686
h2l057w2,torque_efference,10,10,10076160,588.9993896484375,219.212890625,7.220775127410889,0.6242027878761292,2.5963568687438965,0.0346916019916534,0.011509034782648,0.0095929447561502
h2l057w2,torque_efference,10,10,20070400,633.5547485351562,220.7890625,6.21893835067749,0.5401692390441895,2.551531791687012,0.0314480736851692,0.010431439615786,0.0082378890365362
h2l057w2,torque_efference,10,10,30064640,622.817138671875,214.8232421875,6.677281379699707,0.5150414705276489,2.4511020183563232,0.0305107589811086,0.0102423336356878,0.0083711314946413
h2l057w2,torque_efference,10,10,40058880,671.7679443359375,227.666015625,6.528852939605713,0.483671098947525,2.3858208656311035,0.029358085244894,0.0089790765196084,0.0071932841092348
h2l057w2,torque_efference,10,10,50053120,654.9688720703125,227.7412109375,7.560530662536621,0.4687393605709076,2.343047380447388,0.0312853679060936,0.0090181455016136,0.0077121597714722
h2l057w2,torque_efference,10,10,60047360,663.7076416015625,235.8935546875,7.025458812713623,0.4649003744125366,2.2868871688842773,0.0297384597361087,0.0078696962445974,0.0064549795351922
h2l057w2,torque_efference,10,10,70041600,740.1192626953125,245.4814453125,7.292374610900879,0.4579459726810455,2.250863075256348,0.0276567116379737,0.0076750279404222,0.0066392803564667
h2l057w2,torque_efference,10,10,80035840,741.5153198242188,249.3662109375,7.602739334106445,0.4591684341430664,2.2811379432678223,0.0277577191591262,0.0071018170565366,0.0061601214110851
h2l057w2,torque_efference,10,10,90030080,763.6780395507812,249.7880859375,7.839907646179199,0.4476228952407837,2.061424016952514,0.0277998335659503,0.0072166905738413,0.0063317911699414
h2l057w2,torque_efference,10,10,100024320,800.7715454101562,256.8662109375,8.257303237915039,0.4479422271251678,2.041280031204224,0.0259756445884704,0.0068651908077299,0.0060769855044782
h2l057w2,torque_efference,10,10,110018560,795.9264526367188,251.060546875,8.401037216186523,0.4523956477642059,1.9346710443496704,0.0258074812591075,0.0066772401332855,0.0055635133758187
h2l057w2,torque_efference,10,10,120012800,834.210205078125,260.5673828125,8.918529510498047,0.4593983590602875,1.8951454162597656,0.0256157200783491,0.0065467618405818,0.0059057255275547
h2l057w2,torque_efference,10,10,130007040,860.4730224609375,261.6357421875,8.956768035888672,0.4439697265625,1.8682931661605835,0.0245487987995147,0.0063297832384705,0.0055031636729836
h2l057w2,torque_efference,10,10,140001280,894.04248046875,269.11328125,9.517873764038086,0.4470366537570953,1.795482158660889,0.0247215069830417,0.0058094831183552,0.0051095280796289
h2l057w2,torque_efference,10,10,150077440,907.5091552734376,268.1650390625,9.492345809936523,0.4538345336914062,1.737285614013672,0.0242964029312133,0.0058270115405321,0.0052177985198795
h2l057w2,torque_efference,10,10,160071680,939.7193603515624,274.9619140625,9.93412971496582,0.4336861073970794,1.761988878250122,0.0241679269820451,0.0054247910156846,0.0047781863249838
h2l057w2,torque_efference,10,10,170065920,958.4224853515624,282.5322265625,9.635690689086914,0.4290937185287475,1.7176655530929563,0.0251968726515769,0.0052372310310602,0.0047567952424287
h2l057w2,torque_efference,10,10,180060160,926.875244140625,272.6044921875,9.857673645019531,0.4345300197601318,1.7280020713806152,0.0247768331319093,0.0056901192292571,0.0048291338607668
h2l057w2,torque_efference,10,10,190054400,967.5330810546876,281.8095703125,9.87614917755127,0.4365212321281433,1.6937562227249146,0.0239192843437194,0.0050652800127863,0.0043782731518149
h2l057w2,torque_efference,10,10,200048640,969.394287109375,279.40625,9.911473274230955,0.4432021677494049,1.665269374847412,0.0239197164773941,0.0051470156759023,0.0043668965809047
h2l057w2,torque_efference,10,10,210042880,1015.430908203125,294.8330078125,10.272971153259276,0.4355698227882385,1.700115442276001,0.0231160074472427,0.0045475768856704,0.003995843231678
h2l057w2,torque_efference,10,10,220037120,1028.3536376953125,292.82421875,9.950725555419922,0.4238194525241852,1.638342022895813,0.0234554670751094,0.0045883171260356,0.0042242631316185
h2l057w2,torque_efference,10,10,230031360,1041.7901611328125,296.529296875,10.51210594177246,0.4308806359767914,1.6732232570648191,0.0234802290797233,0.0046713096089661,0.0041159177199006
h2l057w2,torque_efference,10,10,240025600,1063.812744140625,303.2353515625,10.052078247070312,0.4316263794898987,1.6557600498199463,0.0235015265643596,0.0043105101212859,0.0038888489361852
h2l057w2,torque_efference,10,10,250019840,1093.0736083984375,308.9912109375,10.288427352905272,0.4273840188980102,1.6438312530517578,0.0232106503099203,0.0040316171944141,0.0035585947334766
h2l057w2,torque_efference,10,10,260014080,1141.56689453125,315.2666015625,10.73708152770996,0.4233975708484649,1.623801827430725,0.0215340238064527,0.0037594018504023,0.0032463506795465
h2l057w2,torque_efference,10,10,270008320,1143.669677734375,315.83203125,10.433919906616213,0.4287198781967163,1.596064209938049,0.0211306735873222,0.0038644126616418,0.0033505833707749
h2l057w2,torque_efference,10,10,280002560,1182.168212890625,324.974609375,10.405073165893556,0.4321942031383514,1.6017727851867676,0.0214069746434688,0.003506314009428,0.0029328749515116
h2l057w2,torque_efference,10,10,290078720,1261.959228515625,345.8359375,10.739239692687988,0.419456273317337,1.590924620628357,0.0192773826420307,0.0029569584876298,0.002385257743299
h2l057w2,torque_efference,10,10,300072960,1284.0653076171875,346.5029296875,10.59711456298828,0.4331973195075989,1.5719743967056274,0.0195549838244915,0.0031730947084724,0.002686012070626
h2l057w2,torque_efference,10,10,310067200,1343.576904296875,357.509765625,10.704710006713867,0.4302633106708526,1.5492215156555176,0.0179104842245578,0.0027001844719052,0.0021731904707849
h2l057w2,torque_efference,10,10,320061440,1357.2841796875,362.4921875,11.220258712768556,0.4241701066493988,1.5619359016418457,0.0175381898880004,0.0026014600880444,0.0021730344742536
h2l057w2,torque_efference,10,10,330055680,1389.99462890625,369.71875,10.828707695007324,0.4211956858634949,1.5440139770507812,0.0179992821067571,0.0023457843344658,0.0018996868748217
h2l057w2,torque_efference,10,10,340049920,1409.81787109375,369.3974609375,11.15096664428711,0.4166411161422729,1.5171313285827637,0.0167055875062942,0.002363447099924,0.0019105453975498
h2l057w2,torque_efference,10,10,350044160,1403.787841796875,368.0615234375,11.000846862792969,0.4120798707008362,1.5054553747177124,0.0173860508948564,0.0023963735438883,0.0019133639289066
h2l057w2,torque_efference,10,10,360038400,1444.606689453125,376.8349609375,11.22100067138672,0.4112642705440521,1.4963843822479248,0.0165952146053314,0.0021222818177193,0.0016440073959529
h2l057w2,torque_efference,10,10,370032640,1444.010009765625,372.8623046875,11.463007926940918,0.4109080135822296,1.4967559576034546,0.0161037668585777,0.0022337776608765,0.0018250758294016
h2l057w2,torque_efference,10,10,380026880,1454.1591796875,373.4208984375,11.665634155273438,0.4138403832912445,1.4707214832305908,0.0159785933792591,0.0022824080660939,0.0018774443306028
h2l057w2,torque_efference,10,10,390021120,1472.977294921875,376.3212890625,11.688316345214844,0.4111409485340118,1.4516271352767944,0.015878964215517,0.0021784508135169,0.0017454341286793
h2l057w2,torque_efference,10,10,400015360,1486.93896484375,380.5869140625,11.424084663391112,0.4154609739780426,1.4423645734786987,0.015804499387741,0.0020360320340842,0.0015887967310845
h2l057w2,torque_efference,10,10,410009600,1503.788330078125,383.3564453125,11.741011619567873,0.4113758504390716,1.44800066947937,0.0156774073839187,0.0021581386681646,0.0018030363135039
h2l057w2,torque_efference,10,10,420003840,1474.9404296875,378.3486328125,11.825922966003418,0.4180770516395569,1.4586806297302246,0.0162864401936531,0.0021537854336202,0.0017673260299488
h2l057w2,torque_efference,10,10,430080000,1493.7333984375,379.15625,12.165731430053713,0.4131950139999389,1.4726083278656006,0.0150681491941213,0.0020106546580791,0.0015970210079103
h2l057w2,torque_efference,10,10,440074240,1518.682373046875,382.4052734375,12.092405319213867,0.4082489013671875,1.4377737045288086,0.0148788969963788,0.0019538758788257,0.0015515454579144
h2l057w2,torque_efference,10,10,450068480,1582.367431640625,394.5419921875,11.966426849365234,0.4075643718242645,1.4133508205413818,0.0141823254525661,0.0015566578367725,0.0011730884434655
h2l057w2,torque_efference,10,10,460062720,1522.3603515625,382.3720703125,12.455307006835938,0.4065418541431427,1.445315957069397,0.0149521399289369,0.001989894779399,0.0015646903775632
h2l057w2,torque_efference,10,10,470056960,1573.9742431640625,392.0751953125,12.002750396728516,0.4057567715644836,1.4162490367889404,0.0145841725170612,0.001752158626914,0.0014129085466265
h2l057w2,torque_efference,10,10,480051200,1579.3433837890625,393.40234375,12.20931339263916,0.4090551733970642,1.428013563156128,0.0138917090371251,0.001692061079666,0.0012966080103069
h2l057w2,torque_efference,10,10,490045440,1587.69287109375,394.466796875,12.363094329833984,0.4074987769126892,1.4144680500030518,0.0136439399793744,0.0016303295269608,0.0012242661323398
h2l057w2,torque_efference,10,10,500039680,1602.908203125,397.3251953125,12.348526000976562,0.4060858190059662,1.4094877243041992,0.0135630425065755,0.0015789489261806,0.0011250306852161
h2l057w2,torque_efference,10,10,510033920,1573.3001708984375,391.6005859375,12.184181213378906,0.4048083126544952,1.4056259393692017,0.013948674313724,0.0017595164244994,0.0013790200464427
h2l057w2,torque_efference,10,10,520028160,1603.86181640625,396.1630859375,12.564116477966309,0.3972308039665222,1.410362958908081,0.0131263844668865,0.001616149675101,0.0011640025768429
h2l057w2,torque_efference,10,10,530022400,1648.3642578125,405.1298828125,12.26967430114746,0.4000133275985718,1.4042506217956543,0.0128125334158539,0.0014288371894508,0.0012142102932557
h2l057w2,torque_efference,10,10,540016640,1654.5157470703125,406.1376953125,12.338207244873049,0.400014191865921,1.3924665451049805,0.0126632489264011,0.001256329123862,0.0008786271791905
h2l057w2,torque_efference,10,10,550010880,1629.147216796875,399.0400390625,12.384798049926758,0.3986526131629944,1.3874026536941528,0.013085464015603,0.0015621539205312,0.0012562628835439
h2l057w2,torque_efference,10,10,560005120,1652.0166015625,402.73828125,12.652278900146484,0.3954734206199646,1.380393624305725,0.0125387422740459,0.001358013600111,0.0009146030643023
h2l057w2,torque_efference,10,10,570081280,1633.1116943359375,400.6728515625,12.492753982543944,0.3985114991664886,1.3917102813720703,0.0127866771072149,0.0013369389344006,0.0009466555784456
h2l057w2,torque_efference,10,10,580075520,1687.12109375,411.1708984375,12.502944946289062,0.394138753414154,1.3679726123809814,0.0126499198377132,0.0012166204396635,0.0010010446421802
h2l057w2,torque_efference,10,10,590069760,1671.72119140625,406.4794921875,12.803495407104492,0.3953376710414886,1.3723630905151367,0.0124668274074792,0.0013375502312555,0.0011070678010582
h2l057w2,torque_efference,10,10,600064000,1654.9696044921875,403.2265625,12.526811599731444,0.3939771056175232,1.4000309705734253,0.0126773742958903,0.0013501290231943,0.0010967559646815
ph7zg573,torque_efference,10,10,0,332.025146484375,196.8408203125,3.217092990875244,0.8024292588233948,1.984766125679016,0.0486784316599369,0.011349244043231,0.0078807491809129
ph7zg573,torque_efference,10,10,10076160,498.9302062988281,203.3232421875,6.855823516845703,0.7149354815483093,2.6288809776306152,0.0368684977293014,0.0130939800292253,0.0100858341902494
ph7zg573,torque_efference,10,10,20152320,589.822998046875,224.2255859375,6.421513557434082,0.6602495312690735,2.546407699584961,0.03593360632658,0.0113130547106266,0.0091149089857935
ph7zg573,torque_efference,10,10,30228480,638.6856689453125,228.9873046875,6.147400379180908,0.6174986958503723,2.5226306915283203,0.0333806499838829,0.0103714782744646,0.008538513444364
ph7zg573,torque_efference,10,10,40058880,663.9371337890625,231.60546875,6.292143821716309,0.5860732197761536,2.483831882476806,0.0319725573062896,0.0100576411932706,0.008063530549407
ph7zg573,torque_efference,10,10,50135040,688.2445068359375,237.701171875,6.875783920288086,0.5504768490791321,2.4892327785491943,0.0313213393092155,0.0091951452195644,0.0079383207485079
ph7zg573,torque_efference,10,10,60211200,697.162353515625,236.41015625,7.0112810134887695,0.524765133857727,2.464241504669189,0.0304885860532522,0.0089261997491121,0.0077880145981907
ph7zg573,torque_efference,10,10,70041600,712.4581298828125,241.111328125,6.957483291625977,0.5128039121627808,2.4143829345703125,0.0313711166381835,0.0085232397541403,0.0072122015990316
ph7zg573,torque_efference,10,10,80117760,703.7649536132812,236.3916015625,7.017015933990479,0.4983595907688141,2.3829903602600098,0.0305774044245481,0.0088293757289648,0.0075625372119247
ph7zg573,torque_efference,10,10,90193920,735.9586181640625,241.8583984375,7.261821269989014,0.485586017370224,2.364755630493164,0.0296788178384304,0.0081866141408681,0.0071730548515915
ph7zg573,torque_efference,10,10,100024320,719.3175048828125,239.7080078125,7.446941375732422,0.4712632894515991,2.3057563304901123,0.0295315571129322,0.0080915838479995,0.0069552510976791
ph7zg573,torque_efference,10,10,110100480,758.8905029296875,247.4130859375,7.804395198822021,0.460187017917633,2.271965265274048,0.029009636491537,0.0074392119422554,0.0066343769431114
ph7zg573,torque_efference,10,10,120176640,758.0826416015625,249.98046875,7.813257694244385,0.4544751644134521,2.2800405025482178,0.0281326919794082,0.0073172803968191,0.0064319889061152
ph7zg573,torque_efference,10,10,130007040,750.4119873046875,248.212890625,7.997261047363281,0.4482734203338623,2.227837562561035,0.0285388901829719,0.0073413541540503,0.0065208114683628
ph7zg573,torque_efference,10,10,140083200,788.350341796875,255.365234375,8.489726066589355,0.4420678913593292,2.1395044326782227,0.0276329461485147,0.0068623358383774,0.0059898765757679
ph7zg573,torque_efference,10,10,150159360,770.5460205078125,252.5146484375,8.722721099853516,0.4375577270984649,2.084954261779785,0.028015287593007,0.0068391254171729,0.005894630216062
ph7zg573,torque_efference,10,10,160235520,789.9232177734375,255.240234375,8.896788597106934,0.4306550323963165,2.025054931640625,0.0266174431890249,0.0067771789617836,0.0061479085125029
ph7zg573,torque_efference,10,10,170065920,806.8832397460938,258.296875,8.87254810333252,0.4284436106681824,1.935130834579468,0.0269484631717205,0.0064892023801803,0.0057066567242145
ph7zg573,torque_efference,10,10,180142080,832.9918212890625,259.9609375,9.459628105163574,0.4258215129375458,1.866392016410828,0.025809071958065,0.0063791507855057,0.0056974152103066
ph7zg573,torque_efference,10,10,190218240,845.2702026367188,263.9033203125,10.000731468200684,0.4193217158317566,1.869755268096924,0.0255946405231952,0.0059292092919349,0.005041052121669
ph7zg573,torque_efference,10,10,200048640,842.5110473632812,261.3681640625,10.14475154876709,0.4164251387119293,1.8596497774124143,0.0251381359994411,0.0059633129276335,0.0051876069046556
ph7zg573,torque_efference,10,10,210124800,856.2359619140625,260.453125,10.141153335571287,0.4120773375034332,1.8420937061309812,0.0249145328998565,0.0060173133388161,0.0051000956445932
ph7zg573,torque_efference,10,10,220200960,888.6910400390625,269.7080078125,10.488502502441406,0.4130140841007232,1.8545289039611816,0.02485316619277,0.0055418438278138,0.0047354949638247
ph7zg573,torque_efference,10,10,230031360,897.7235107421875,269.8232421875,10.497758865356444,0.4082193374633789,1.7999000549316406,0.0247049126774072,0.0056252535432577,0.0049032680690288
ph7zg573,torque_efference,10,10,240107520,909.5179443359376,273.3427734375,10.553943634033203,0.4105461537837982,1.8369114398956297,0.0248629823327064,0.0053652711212635,0.0046586310490965
ph7zg573,torque_efference,10,10,250183680,924.2496337890624,274.197265625,11.103353500366213,0.4117916524410248,1.8059906959533687,0.0245397146791219,0.0053958669304847,0.0047302553430199
ph7zg573,torque_efference,10,10,260014080,942.7713012695312,279.6376953125,10.986095428466797,0.4084018468856811,1.808072686195373,0.0241032373160123,0.005072315223515,0.0042522326111793
ph7zg573,torque_efference,10,10,270090240,949.444091796875,277.9609375,11.007735252380373,0.41134113073349,1.791075587272644,0.0239044725894927,0.0051506934687495,0.0043180435895919
ph7zg573,torque_efference,10,10,280166400,967.9719848632812,284.4697265625,10.97783660888672,0.4145537316799164,1.755255103111267,0.0248439908027648,0.0050221993587911,0.0045130662620067
ph7zg573,torque_efference,10,10,290242560,989.2232055664062,289.3310546875,11.114925384521484,0.4168818295001983,1.7621662616729736,0.0238378010690212,0.0047687920741736,0.0041466751135885
ph7zg573,torque_efference,10,10,300072960,987.6785888671876,284.9853515625,11.126197814941406,0.4162005484104156,1.7136595249176023,0.0237119570374488,0.0050662914291024,0.004373631440103
ph7zg573,torque_efference,10,10,310149120,1008.16943359375,289.291015625,11.058194160461426,0.4130325317382812,1.7119274139404297,0.023026954382658,0.0047563896514475,0.0041098976507782
ph7zg573,torque_efference,10,10,320225280,1051.358642578125,297.8525390625,10.941801071166992,0.4137207269668579,1.6933000087738037,0.0219429321587085,0.0043361904099583,0.0037372442893683
ph7zg573,torque_efference,10,10,330055680,1040.7684326171875,296.3125,11.460369110107422,0.4138261675834656,1.6674339771270752,0.0226447843015193,0.0045157112181186,0.0040626153349876
ph7zg573,torque_efference,10,10,340131840,1065.1746826171875,299.5546875,11.357263565063477,0.4099259972572326,1.6704661846160889,0.0215736795216798,0.0042571970261633,0.0037481854669749
ph7zg573,torque_efference,10,10,350208000,1072.53125,302.7568359375,11.413359642028809,0.4095681011676788,1.6583497524261477,0.0223162062466144,0.0041416906751692,0.0036532725207507
ph7zg573,torque_efference,10,10,360038400,1092.0267333984375,306.2001953125,11.427200317382812,0.4142785966396332,1.663702130317688,0.0219931751489639,0.0042237401939928,0.0037779442500323
ph7zg573,torque_efference,10,10,370114560,1135.09423828125,317.19921875,11.32667636871338,0.4151330590248108,1.6414070129394531,0.0214424710720777,0.0037982373032718,0.0033731132280081
ph7zg573,torque_efference,10,10,380190720,1130.8994140625,314.3291015625,11.491880416870115,0.4180589616298675,1.6197779178619385,0.0208955705165863,0.0038817254826426,0.0033179437741637
ph7zg573,torque_efference,10,10,390021120,1157.8896484375,320.4677734375,11.660650253295898,0.4159123003482818,1.6194756031036377,0.0206046029925346,0.0036833868362009,0.0031376713886857
ph7zg573,torque_efference,10,10,400097280,1162.3076171875,322.1142578125,11.55966567993164,0.4154717624187469,1.6242725849151611,0.0206418558955192,0.0035279453732073,0.0031143897213041
ph7zg573,torque_efference,10,10,410173440,1184.87841796875,325.8505859375,12.17544937133789,0.4163962304592132,1.6084834337234497,0.0206265375018119,0.0035843993537127,0.0028432833496481
ph7zg573,torque_efference,10,10,420003840,1221.47314453125,334.8779296875,12.068769454956056,0.4187867045402527,1.5939552783966064,0.0198455639183521,0.0031864074990153,0.0024877216201275
ph7zg573,torque_efference,10,10,430080000,1216.63037109375,330.4072265625,12.07191276550293,0.4235838949680328,1.573422074317932,0.019153269007802,0.0033928609918802,0.002735752146691
ph7zg573,torque_efference,10,10,440156160,1252.8167724609375,339.53515625,12.409870147705078,0.4242123961448669,1.572112798690796,0.0191768389195203,0.003105045761913,0.0023254253901541
ph7zg573,torque_efference,10,10,450232320,1291.4302978515625,348.123046875,12.177967071533203,0.4226840138435364,1.5580607652664185,0.0179224982857704,0.0030282908119261,0.0024686355609446
ph7zg573,torque_efference,10,10,460062720,1318.3526611328125,352.5576171875,12.382037162780762,0.4224973022937774,1.5571157932281494,0.0174486171454191,0.0028727068565785,0.0022637373767793
ph7zg573,torque_efference,10,10,470138880,1353.770751953125,361.87109375,12.147055625915527,0.4230213761329651,1.566603183746338,0.017093313857913,0.0025607352145016,0.0019790423102676
ph7zg573,torque_efference,10,10,480215040,1397.6563720703125,367.552734375,12.39125919342041,0.4199923872947693,1.525639295578003,0.0161398332566022,0.0024969656951725,0.0020671598613262
ph7zg573,torque_efference,10,10,490045440,1417.067626953125,373.443359375,12.565420150756836,0.4217182099819183,1.530406475067139,0.0161154121160507,0.0022974638268351,0.0017804247327148
ph7zg573,torque_efference,10,10,500121600,1472.5291748046875,382.42578125,12.651826858520508,0.4197354018688202,1.482542634010315,0.0159038715064525,0.0021368796005845,0.0018158132443204
ph7zg573,torque_efference,10,10,510197760,1443.7191162109375,375.1767578125,12.72335433959961,0.4164798259735107,1.4987835884094238,0.015449752099812,0.0022577997297048,0.0018855275120586
ph7zg573,torque_efference,10,10,520028160,1473.9400634765625,382.1982421875,12.744747161865234,0.4186044633388519,1.5004554986953735,0.0152425654232501,0.0021590907126665,0.0017770063132047
ph7zg573,torque_efference,10,10,530104320,1482.981201171875,385.13671875,12.815985679626465,0.4180493652820587,1.4879345893859863,0.0154550941661,0.0020491310860961,0.0018128062365576
ph7zg573,torque_efference,10,10,540180480,1459.2802734375,377.775390625,13.000041961669922,0.417732298374176,1.4852298498153689,0.0154215618968009,0.0022457456216216,0.0019734532106667
ph7zg573,torque_efference,10,10,550010880,1499.76806640625,384.62890625,12.789411544799805,0.4183918237686157,1.4682737588882446,0.0152784241363406,0.002098811790347,0.0017503061098977
ph7zg573,torque_efference,10,10,560087040,1506.5166015625,386.560546875,12.826677322387695,0.4158349335193634,1.4666117429733276,0.0149942152202129,0.0019043439533561,0.0016820019809529
ph7zg573,torque_efference,10,10,570163200,1521.6243896484375,386.701171875,12.844256401062012,0.4122137427330017,1.4583864212036133,0.0140090361237525,0.0019217529334127,0.0015456462278962
ph7zg573,torque_efference,10,10,580239360,1546.800048828125,390.8916015625,13.06192684173584,0.4137706458568573,1.446929097175598,0.0137085290625691,0.0017687398940324,0.0015224183443933
ph7zg573,torque_efference,10,10,590069760,1562.76806640625,393.7998046875,13.552589416503906,0.4136901199817657,1.436726689338684,0.0135201262310147,0.0018067890778183,0.0015194137813523
ph7zg573,torque_efference,10,10,600145920,1592.52099609375,400.1220703125,13.52901840209961,0.4089328348636627,1.424466609954834,0.0134689547121524,0.0015429346822202,0.0013442456256598
yki9qy8j,torque_efference,10,10,0,331.889404296875,196.787109375,3.217100143432617,0.8024307489395142,1.984541893005371,0.0486739724874496,0.0113512584939599,0.0078896442428231
yki9qy8j,torque_efference,10,10,10076160,588.9664306640625,220.69140625,6.6670427322387695,0.6350755095481873,2.589927673339844,0.034603051841259,0.0118680605664849,0.0098748225718736
yki9qy8j,torque_efference,10,10,20070400,643.0387573242188,223.2734375,6.313834190368652,0.5552419424057007,2.561821222305298,0.0313664823770523,0.0104738846421241,0.0086962766945362
yki9qy8j,torque_efference,10,10,30064640,654.7067260742188,228.3134765625,6.275542259216309,0.5143728852272034,2.540812492370605,0.0306711755692958,0.0096049178391695,0.0080411555245518
yki9qy8j,torque_efference,10,10,40058880,656.8521728515625,223.3623046875,6.633019924163818,0.4929673075675964,2.4452638626098637,0.0292493738234043,0.0091734575107693,0.0074838232249021
yki9qy8j,torque_efference,10,10,50053120,650.619140625,226.810546875,7.689398288726807,0.4734730124473572,2.408165454864502,0.0298614241182804,0.0087753012776374,0.00698854168877
yki9qy8j,torque_efference,10,10,60047360,675.6365966796875,235.2734375,6.922305107116699,0.4663180708885193,2.286923885345459,0.0302577763795852,0.0082933995872735,0.0068946685642004
yki9qy8j,torque_efference,10,10,70041600,717.2435302734375,245.1484375,7.147963523864746,0.4576714336872101,2.229316473007202,0.0286188647150993,0.0075137494131922,0.0065752193331718
yki9qy8j,torque_efference,10,10,80035840,713.8428955078125,243.3779296875,7.90377140045166,0.4527134299278259,2.1351284980773926,0.0286473371088504,0.0075275455601513,0.006188619416207
yki9qy8j,torque_efference,10,10,90030080,761.1221923828125,253.7626953125,8.106701850891113,0.4476373493671417,2.069953441619873,0.0279909931123256,0.0070470003411173,0.0062071550637483
yki9qy8j,torque_efference,10,10,100024320,747.9764404296875,247.7177734375,8.144551277160645,0.4534519612789154,1.9846863746643064,0.0279300268739461,0.0070323403924703,0.0057993857190012
yki9qy8j,torque_efference,10,10,110018560,791.59814453125,254.3759765625,8.523164749145508,0.4557347595691681,1.9809980392456052,0.0268902089446783,0.0071714888326823,0.0062099690549075
yki9qy8j,torque_efference,10,10,120012800,812.677978515625,261.5732421875,8.777620315551758,0.4473592936992645,1.9037270545959477,0.0270031131803989,0.0066831414587795,0.0059552229940891
yki9qy8j,torque_efference,10,10,130007040,806.6629638671875,254.2099609375,9.390901565551758,0.4475306570529938,1.8668962717056277,0.0262592937797307,0.0066021727398037,0.0055973408743739
yki9qy8j,torque_efference,10,10,140001280,866.0482177734375,261.423828125,9.403645515441896,0.4403743743896484,1.8111391067504885,0.0254765097051858,0.0064398464746773,0.0056711775250732
yki9qy8j,torque_efference,10,10,150077440,881.353271484375,262.8681640625,9.423524856567385,0.4292623698711395,1.8226399421691892,0.0237708035856485,0.006103316321969,0.0052103204652667
yki9qy8j,torque_efference,10,10,160071680,917.5423583984376,272.6328125,9.464537620544434,0.4287327229976654,1.7569987773895264,0.0257331766188144,0.0059389779344201,0.0053457911126315
yki9qy8j,torque_efference,10,10,170065920,922.4218139648438,275.765625,9.967445373535156,0.4290988445281982,1.811798334121704,0.0244575999677181,0.0057096388190984,0.0049688825383782
yki9qy8j,torque_efference,10,10,180060160,923.57177734375,272.296875,10.108953475952148,0.4265224635601043,1.7578749656677246,0.024513978511095,0.005826256237924,0.0049307066947221
yki9qy8j,torque_efference,10,10,190054400,968.4981079101562,283.67578125,9.999591827392578,0.4196249842643738,1.7420873641967771,0.0241727028042078,0.0052492856048047,0.0045584649778902
yki9qy8j,torque_efference,10,10,200048640,994.98828125,288.27734375,10.220293045043944,0.4189056158065796,1.7288028001785278,0.024015761911869,0.005048896651715,0.0044082952663302
yki9qy8j,torque_efference,10,10,210042880,1014.4451293945312,289.4619140625,10.25872039794922,0.424435555934906,1.6794406175613403,0.0236016176640987,0.0048756711184978,0.0042536268010735
yki9qy8j,torque_efference,10,10,220037120,1025.8743896484375,290.3310546875,10.145353317260742,0.4234054088592529,1.6653963327407837,0.0226360615342855,0.0047982446849346,0.0038807848468422
yki9qy8j,torque_efference,10,10,230031360,1032.03369140625,295.40234375,10.650667190551758,0.4227197170257568,1.7092676162719729,0.0227197911590337,0.0046335291117429,0.0040169274434447
yki9qy8j,torque_efference,10,10,240025600,1082.6190185546875,303.0615234375,10.426626205444336,0.4236331880092621,1.6970744132995603,0.0221224520355463,0.0044238180853426,0.0038977097719907
yki9qy8j,torque_efference,10,10,250019840,1097.744384765625,307.072265625,10.530993461608888,0.419887900352478,1.6701833009719849,0.0219185054302215,0.0042056269012391,0.0035971039906144
yki9qy8j,torque_efference,10,10,260014080,1119.93896484375,313.611328125,10.36565399169922,0.424475222826004,1.669661045074463,0.021626753732562,0.0040518352761864,0.0035824982915073
yki9qy8j,torque_efference,10,10,270008320,1173.6790771484375,324.1728515625,10.433433532714844,0.416110098361969,1.648850440979004,0.0202421229332685,0.0037377025000751,0.0031783692538738
yki9qy8j,torque_efference,10,10,280002560,1146.9674072265625,315.1884765625,10.704385757446287,0.4157196283340454,1.6117924451828003,0.0203328244388103,0.0039456328377127,0.0031875856220722
yki9qy8j,torque_efference,10,10,290078720,1175.966552734375,321.7685546875,11.037363052368164,0.420097291469574,1.6150245666503906,0.0198598429560661,0.0038375917356461,0.00315303937532
yki9qy8j,torque_efference,10,10,300072960,1224.284912109375,333.0966796875,10.741129875183104,0.421315848827362,1.5764317512512207,0.0190754607319831,0.003474332857877,0.0025830292142927
yki9qy8j,torque_efference,10,10,310067200,1229.8385009765625,335.771484375,10.82334804534912,0.4194721281528473,1.5888075828552246,0.0192161258310079,0.0034193638712167,0.0027517355047166
yki9qy8j,torque_efference,10,10,320061440,1304.1292724609375,347.92578125,10.803899765014648,0.420714795589447,1.535078525543213,0.017940292134881,0.0031042525079101,0.0025059515610337
yki9qy8j,torque_efference,10,10,330055680,1347.97314453125,354.2919921875,11.256362915039062,0.4122372567653656,1.5186806917190552,0.0176847726106643,0.0030386955477297,0.002338386606425
yki9qy8j,torque_efference,10,10,340049920,1345.701904296875,355.0009765625,10.87562656402588,0.4175525307655334,1.5283386707305908,0.0173892155289649,0.0029553645290434,0.0024191811680793
yki9qy8j,torque_efference,10,10,350044160,1362.73388671875,356.51171875,11.122807502746582,0.4122624099254608,1.4821219444274902,0.0175943803042173,0.0028098861221224,0.0023437300696969
yki9qy8j,torque_efference,10,10,360038400,1384.7574462890625,365.3359375,11.103382110595703,0.409919798374176,1.5194849967956543,0.0168721675872802,0.0025196315255016,0.0020029311999678
yki9qy8j,torque_efference,10,10,370032640,1429.1337890625,366.55859375,11.297192573547363,0.4100443720817566,1.4689981937408447,0.015761062502861,0.0025558932684361,0.0020997580140829
yki9qy8j,torque_efference,10,10,380026880,1380.01806640625,358.2333984375,11.66391944885254,0.4104490876197815,1.485511302947998,0.0171658471226692,0.0028507213573902,0.0022930058185011
yki9qy8j,torque_efference,10,10,390021120,1467.017333984375,376.46875,11.272518157958984,0.4099828004837036,1.4641926288604736,0.0156053267419338,0.0023110730107873,0.0019749652128666
yki9qy8j,torque_efference,10,10,400015360,1443.5751953125,372.4501953125,11.214179039001465,0.4136636257171631,1.4791203737258911,0.0164223760366439,0.0023477445356547,0.0018530056113377
yki9qy8j,torque_efference,10,10,410009600,1420.76953125,366.7802734375,11.720935821533203,0.4128992855548858,1.4695675373077393,0.0171652194112539,0.0025920844636857,0.0019123080419376
yki9qy8j,torque_efference,10,10,420003840,1488.63818359375,376.830078125,11.613733291625977,0.4125237762928009,1.4347081184387207,0.0160970445722341,0.0022014172282069,0.0016946853138506
yki9qy8j,torque_efference,10,10,430080000,1453.07763671875,372.4375,11.859634399414062,0.4084883034229278,1.4680119752883911,0.0163000412285327,0.0022993772290647,0.0017424863763153
yki9qy8j,torque_efference,10,10,440074240,1544.1046142578125,388.7275390625,11.771209716796877,0.4082823693752289,1.4189010858535769,0.0149558139964938,0.0018057444831356,0.0014964893925935
yki9qy8j,torque_efference,10,10,450068480,1476.7958984375,373.796875,11.916556358337402,0.4078021943569183,1.4537885189056396,0.0156359560787677,0.0021940404549241,0.0016204860294237
yki9qy8j,torque_efference,10,10,460062720,1540.234375,387.130859375,11.865877151489258,0.4035984575748443,1.423630952835083,0.0148143172264099,0.0018000841373577,0.0013683970319107
yki9qy8j,torque_efference,10,10,470056960,1556.65966796875,389.552734375,11.834368705749512,0.4040663838386535,1.4342870712280271,0.0141066163778305,0.001840621465817,0.001466654590331
yki9qy8j,torque_efference,10,10,480051200,1561.0869140625,389.74609375,11.810482025146484,0.4035754203796386,1.423720121383667,0.0144668146967887,0.0018338519148528,0.0015291322488337
yki9qy8j,torque_efference,10,10,490045440,1538.0223388671875,383.7314453125,11.83359718322754,0.4001415371894836,1.4254348278045654,0.0144647657871246,0.0018630977720022,0.0013553274329751
yki9qy8j,torque_efference,10,10,500039680,1553.604736328125,389.16015625,12.001422882080078,0.4040900766849518,1.4321016073226929,0.0143458088859915,0.0016106057446449,0.0012035948457196
yki9qy8j,torque_efference,10,10,510033920,1564.345703125,390.9462890625,12.220325469970703,0.4100528061389923,1.4535729885101318,0.0139361284673213,0.0017256222199648,0.0013744910247623
yki9qy8j,torque_efference,10,10,520028160,1573.55615234375,391.0673828125,12.26907730102539,0.4006159603595733,1.4056434631347656,0.0139060961082577,0.0016817636787891,0.001203017309308
yki9qy8j,torque_efference,10,10,530022400,1576.67724609375,392.87109375,12.224802017211914,0.4024207592010498,1.436312913894653,0.0137740448117256,0.0017142927972599,0.0012361218687146
yki9qy8j,torque_efference,10,10,540016640,1576.776611328125,392.2314453125,12.227577209472656,0.4011182188987732,1.439339280128479,0.013894809409976,0.0017648712964728,0.0013846610672771
yki9qy8j,torque_efference,10,10,550010880,1604.1959228515625,396.0283203125,12.392242431640623,0.3970601856708526,1.4223051071166992,0.0135823935270309,0.0016941020730882,0.0013628674205392
yki9qy8j,torque_efference,10,10,560005120,1579.194580078125,389.302734375,12.686999320983888,0.3963972628116607,1.4038140773773191,0.0131136421114206,0.0017950386973097,0.0013926743995398
yki9qy8j,torque_efference,10,10,570081280,1619.1859130859375,399.1708984375,12.600467681884766,0.3970304727554321,1.4199223518371582,0.0123688569292426,0.0015305571723729,0.00105093838647
yki9qy8j,torque_efference,10,10,580075520,1611.712646484375,395.673828125,12.540735244750977,0.4003470838069916,1.3980517387390137,0.0131269935518503,0.0017005802365019,0.0013073268346488
yki9qy8j,torque_efference,10,10,590069760,1619.49169921875,399.70703125,12.47500705718994,0.3963357508182525,1.399511218070984,0.0132510773837566,0.0015843929722905,0.0011677492875605
yki9qy8j,torque_efference,10,10,600064000,1634.72314453125,400.0068359375,12.51247215270996,0.3963499963283539,1.3971478939056396,0.0133667634800076,0.001595770008862,0.0012606664095073
hziohlkp,torque_efference,20,20,0,358.2269897460937,208.63671875,3.215092182159424,0.8019670248031616,2.001903533935547,0.0474503450095653,0.0106303058564662,0.0077330409549176
hziohlkp,torque_efference,20,20,10076160,509.1401977539063,206.16796875,6.278092384338379,0.7137668132781982,2.6195719242095947,0.0366685278713703,0.0123818460851907,0.0099219549447298
hziohlkp,torque_efference,20,20,20152320,572.4600830078125,219.9365234375,6.470454692840576,0.662236213684082,2.571485996246338,0.033507015556097,0.0102445520460605,0.0076939878053963
hziohlkp,torque_efference,20,20,30228480,637.9179077148438,233.5322265625,6.594491004943848,0.6198793053627014,2.526196002960205,0.0339658334851264,0.0098027773201465,0.0083260657265782
hziohlkp,torque_efference,20,20,40058880,644.5548706054688,227.556640625,6.424876689910889,0.5852615237236023,2.4691333770751958,0.0320403762161731,0.009932367131114,0.0082559511065483
hziohlkp,torque_efference,20,20,50135040,653.2442626953125,227.3330078125,6.939066886901856,0.5545620322227478,2.467270851135254,0.0319870114326477,0.0094252796843647,0.0079627614468336
hziohlkp,torque_efference,20,20,60211200,645.5267333984375,221.080078125,6.962424755096436,0.5313823223114014,2.437436103820801,0.0317906513810157,0.0091341016814112,0.007613155990839
hziohlkp,torque_efference,20,20,70041600,696.0673217773438,236.7109375,6.789848327636719,0.5173994302749634,2.419394016265869,0.0318408422172069,0.0083348229527473,0.0071697980165481
hziohlkp,torque_efference,20,20,80117760,704.3707275390625,237.3583984375,7.056678295135498,0.5072849988937378,2.3906843662261963,0.0314667448401451,0.0082615241408348,0.0071279448457062
hziohlkp,torque_efference,20,20,90193920,705.738037109375,238.2001953125,6.987167835235596,0.5012507438659668,2.3716115951538086,0.0314963646233081,0.0080281347036361,0.0069790845736861
hziohlkp,torque_efference,20,20,100024320,738.3137817382812,247.8447265625,7.034206390380859,0.4912133514881134,2.3783416748046875,0.0309070087969303,0.007511893287301,0.0066506545990705
hziohlkp,torque_efference,20,20,110100480,727.9090576171875,245.4541015625,7.347959995269775,0.4852410852909088,2.355099678039551,0.0308189801871776,0.0077331764623522,0.006908387877047
hziohlkp,torque_efference,20,20,120176640,741.67431640625,246.423828125,7.505919933319092,0.4848527312278747,2.2535834312438965,0.0310497470200061,0.0074557145126163,0.0065292352810502
hziohlkp,torque_efference,20,20,130007040,741.27197265625,249.6376953125,7.535938262939453,0.4758934378623962,2.2188496589660645,0.030652055516839,0.007287458050996,0.0065846685320138
hziohlkp,torque_efference,20,20,140083200,742.8848266601562,251.83984375,7.932444095611572,0.4617505371570587,2.1769514083862305,0.0307254865765571,0.0069225030019879,0.005976527929306
hziohlkp,torque_efference,20,20,150159360,718.2777099609375,248.4423828125,8.484375953674316,0.4594995677471161,2.125905990600586,0.0310306660830974,0.0070526814088225,0.0060013821348547
hziohlkp,torque_efference,20,20,160235520,724.1069946289062,250.150390625,8.879875183105469,0.4511392414569855,2.085546970367432,0.0317428112030029,0.0071110678836703,0.0061950925737619
hziohlkp,torque_efference,20,20,170065920,751.6090087890625,248.896484375,9.208239555358888,0.4444460570812225,2.0873422622680664,0.0296480786055326,0.0070185847580432,0.0060567958280444
hziohlkp,torque_efference,20,20,180142080,760.40478515625,250.9912109375,9.343146324157717,0.4422633945941925,2.0145671367645264,0.0292657688260078,0.0070131290704011,0.0061395913362503
hziohlkp,torque_efference,20,20,190218240,763.930419921875,254.3251953125,9.580716133117676,0.4395626485347748,2.0010342597961426,0.0293331667780876,0.0065966192632913,0.005770674906671
hziohlkp,torque_efference,20,20,200048640,759.530029296875,249.837890625,9.825433731079102,0.4402553141117096,1.9132003784179688,0.0296091679483652,0.0069439159706234,0.0062513248994946
hziohlkp,torque_efference,20,20,210124800,775.6571655273438,254.4638671875,10.1297025680542,0.4406049251556396,1.8998597860336304,0.0297150984406471,0.0065191285684704,0.0057457466609776
hziohlkp,torque_efference,20,20,220200960,802.3604125976562,256.9931640625,10.28354835510254,0.4380267262458801,1.852582693099976,0.0287516005337238,0.0065539320930838,0.0058256178162992
hziohlkp,torque_efference,20,20,230031360,788.3991088867188,256.3671875,9.876875877380373,0.4339478313922882,1.8837682008743288,0.0284669045358896,0.0064017819240689,0.0055417101830244
hziohlkp,torque_efference,20,20,240107520,836.102294921875,263.5556640625,9.993712425231934,0.4333474934101105,1.8988884687423704,0.0271766651421785,0.0060481862165033,0.0052145970985293
hziohlkp,torque_efference,20,20,250183680,813.0578002929688,257.5654296875,10.458791732788086,0.4268966615200043,1.839204788208008,0.0278682708740234,0.0063374149613082,0.0053610149770975
hziohlkp,torque_efference,20,20,260014080,830.6600341796875,259.669921875,10.523269653320312,0.4248660206794739,1.8117499351501465,0.0272322930395603,0.0063232826068997,0.0052968999370932
hziohlkp,torque_efference,20,20,270090240,855.7722778320312,264.3681640625,10.604313850402832,0.4248111248016357,1.8003780841827393,0.0271926186978817,0.0061042280867695,0.0052446722984313
hziohlkp,torque_efference,20,20,280166400,880.24755859375,272.2841796875,10.75482177734375,0.4257495701313019,1.8336102962493896,0.0267886128276586,0.0056594396010041,0.0049554491415619
hziohlkp,torque_efference,20,20,290242560,859.3663330078125,266.9560546875,11.040274620056152,0.4270879924297333,1.8228726387023928,0.026912897825241,0.0056916428729891,0.0047534964978694
hziohlkp,torque_efference,20,20,300072960,864.6390380859375,268.787109375,11.216144561767578,0.4291598796844482,1.821401596069336,0.0268361903727054,0.0058820946142077,0.0051696617156267
hziohlkp,torque_efference,20,20,310149120,883.6748657226562,272.1474609375,10.893264770507812,0.4302100241184234,1.8435418605804443,0.0259875655174255,0.0055392612703144,0.0047574313357472
hziohlkp,torque_efference,20,20,320225280,898.4803466796875,273.513671875,10.999488830566406,0.4336716532707214,1.786334991455078,0.0260864235460758,0.0055434312671422,0.0048558069393038
hziohlkp,torque_efference,20,20,330055680,883.6006469726562,270.3525390625,11.256712913513184,0.4320771694183349,1.794192671775818,0.0261076614260673,0.0057182549498975,0.0048783775418996
hziohlkp,torque_efference,20,20,340131840,907.67333984375,273.9169921875,11.08271026611328,0.4304665625095367,1.7917509078979492,0.0252305846661329,0.0054560946300625,0.0045785196125507
hziohlkp,torque_efference,20,20,350208000,908.0054931640624,276.2666015625,11.27752685546875,0.4286980926990509,1.7970465421676636,0.0254774373024702,0.0052965763024985,0.0044178646057844
hziohlkp,torque_efference,20,20,360038400,924.6983642578124,280.2958984375,11.173810005187988,0.4283567368984222,1.774895429611206,0.025820517912507,0.0052577755413949,0.0044007049873471
hziohlkp,torque_efference,20,20,370114560,924.7033081054688,279.412109375,11.251707077026367,0.4334341287612915,1.77936053276062,0.0249262116849422,0.0053312825039029,0.0045354166068136
hziohlkp,torque_efference,20,20,380190720,946.848876953125,282.8310546875,11.291196823120115,0.4343117177486419,1.7750000953674316,0.0249864719808101,0.0050854282453656,0.0042537180706858
hziohlkp,torque_efference,20,20,390021120,942.441650390625,283.041015625,11.372146606445312,0.4347239136695862,1.809399366378784,0.0254374407231807,0.0049093281850218,0.0040944158099591
hziohlkp,torque_efference,20,20,400097280,962.3076782226562,285.1201171875,11.200979232788086,0.4338926970958709,1.779926300048828,0.0250355079770088,0.004801491741091,0.0041856486350297
hziohlkp,torque_efference,20,20,410173440,964.557861328125,284.5107421875,11.719220161437988,0.4368101954460144,1.7960519790649414,0.0240801628679037,0.004784972872585,0.0040929736569523
hziohlkp,torque_efference,20,20,420003840,982.8658447265624,288.83984375,11.453777313232422,0.4354691803455353,1.753604769706726,0.024218700826168,0.0046618161723017,0.0039647012017667
hziohlkp,torque_efference,20,20,430080000,993.164794921875,292.76171875,11.453655242919922,0.4309830069541931,1.7729967832565308,0.0242244750261306,0.0044571193866431,0.0037317131645977
hziohlkp,torque_efference,20,20,440156160,998.11669921875,292.6845703125,11.598596572875977,0.4277957677841186,1.7385826110839844,0.0247345212846994,0.0044062142260372,0.0037354677915573
hziohlkp,torque_efference,20,20,450232320,1009.8181762695312,297.158203125,11.518091201782228,0.4267735779285431,1.7635910511016846,0.0247044432908296,0.0042677009478211,0.003685531206429
hziohlkp,torque_efference,20,20,460062720,1025.151611328125,299.279296875,11.395220756530762,0.4326896667480469,1.7240091562271118,0.0240483805537223,0.0043743913993239,0.0037793575320392
hziohlkp,torque_efference,20,20,470138880,1020.220458984375,297.2744140625,11.423253059387209,0.4327708780765533,1.707915425300598,0.0244042482227087,0.0044825649820268,0.0037251617759466
hziohlkp,torque_efference,20,20,480215040,1030.940185546875,298.736328125,11.55229663848877,0.4311921000480652,1.7140717506408691,0.0236803647130727,0.0044642519205808,0.0035246866755187
hziohlkp,torque_efference,20,20,490045440,1054.131591796875,305.9833984375,11.771140098571776,0.4297464787960052,1.735385179519653,0.0241054855287075,0.0042394297197461,0.0035103955306112
hziohlkp,torque_efference,20,20,500121600,1040.94775390625,301.9892578125,11.64676570892334,0.4314859211444855,1.7507431507110596,0.0239313729107379,0.0044859941117465,0.0039914418011903
hziohlkp,torque_efference,20,20,510197760,1064.91357421875,309.689453125,11.700567245483398,0.4294039011001587,1.7492674589157104,0.0239827819168567,0.0040387050248682,0.0034082341007888
hziohlkp,torque_efference,20,20,520028160,1059.0374755859375,304.60546875,11.914924621582031,0.4307571351528168,1.7521796226501465,0.02332822419703,0.004255037754774,0.0035090616438537
hziohlkp,torque_efference,20,20,530104320,1106.6641845703125,316.158203125,11.855106353759766,0.4342282116413116,1.706153154373169,0.0225752331316471,0.0038939728401601,0.0032089280430227
hziohlkp,torque_efference,20,20,540180480,1092.4140625,312.109375,11.843143463134766,0.4328864216804504,1.6934449672698977,0.0230474192649126,0.0041033932939171,0.0034990485291928
hziohlkp,torque_efference,20,20,550010880,1118.4180908203125,319.3642578125,12.039129257202148,0.4354814291000366,1.720337986946106,0.0222864933311939,0.003766075707972,0.0032198838889598
hziohlkp,torque_efference,20,20,560087040,1100.51416015625,315.3310546875,12.19435977935791,0.4367294311523437,1.685282826423645,0.0229377970099449,0.0039631985127925,0.003396101295948
hziohlkp,torque_efference,20,20,570163200,1133.9249267578125,322.0673828125,12.141282081604004,0.4346871078014374,1.670487403869629,0.0222950391471385,0.0037139544729143,0.0030548821669071
hziohlkp,torque_efference,20,20,580239360,1131.22119140625,318.6923828125,12.22011661529541,0.4320609867572784,1.650076150894165,0.0218934118747711,0.0037914654240012,0.0029495172202587
hziohlkp,torque_efference,20,20,590069760,1140.99658203125,321.9072265625,12.201074600219728,0.4343297779560089,1.6271014213562012,0.0224457196891307,0.003770618699491,0.0030494728125631
hziohlkp,torque_efference,20,20,600145920,1136.58056640625,321.064453125,12.18708038330078,0.4335567057132721,1.612273931503296,0.022455733269453,0.0038831813726574,0.0031766865868121
9htwlukh,torque_efference_aug11,0,0,0,285.3868103027344,168.9794921875,,,,,,
9htwlukh,torque_efference_aug11,0,0,10076160,593.065673828125,224.322265625,,,,,,
9htwlukh,torque_efference_aug11,0,0,20070400,832.9866943359375,268.73828125,,,,,,
9htwlukh,torque_efference_aug11,0,0,30064640,938.794189453125,279.1513671875,,,,,,
9htwlukh,torque_efference_aug11,0,0,40058880,997.9011840820312,285.6064453125,,,,,,
9htwlukh,torque_efference_aug11,0,0,50053120,1061.641357421875,296.06640625,,,,,,
9htwlukh,torque_efference_aug11,0,0,60047360,1171.09033203125,317.18359375,,,,,,
9htwlukh,torque_efference_aug11,0,0,70041600,1281.7353515625,341.5087890625,,,,,,
9htwlukh,torque_efference_aug11,0,0,80035840,1496.191650390625,387.7685546875,,,,,,
9htwlukh,torque_efference_aug11,0,0,90030080,1651.1304931640625,415.4658203125,,,,,,
9htwlukh,torque_efference_aug11,0,0,100024320,1719.493896484375,425.9296875,,,,,,
9htwlukh,torque_efference_aug11,0,0,110018560,1752.956787109375,426.130859375,,,,,,
9htwlukh,torque_efference_aug11,0,0,120012800,1809.9871826171875,434.447265625,,,,,,
9htwlukh,torque_efference_aug11,0,0,130007040,1818.5355224609373,433.478515625,,,,,,
9htwlukh,torque_efference_aug11,0,0,140001280,1852.03955078125,437.6845703125,,,,,,
9htwlukh,torque_efference_aug11,0,0,150077440,1866.60693359375,438.576171875,,,,,,
9htwlukh,torque_efference_aug11,0,0,160071680,1886.630615234375,440.7861328125,,,,,,
9htwlukh,torque_efference_aug11,0,0,170065920,1887.648681640625,440.326171875,,,,,,
9htwlukh,torque_efference_aug11,0,0,180060160,1909.142333984375,443.52734375,,,,,,
9htwlukh,torque_efference_aug11,0,0,190054400,1901.68017578125,440.3046875,,,,,,
9htwlukh,torque_efference_aug11,0,0,200048640,1917.120361328125,442.669921875,,,,,,
9htwlukh,torque_efference_aug11,0,0,210042880,1922.01708984375,442.203125,,,,,,
9htwlukh,torque_efference_aug11,0,0,220037120,1929.383544921875,443.0205078125,,,,,,
9htwlukh,torque_efference_aug11,0,0,230031360,1931.359375,443.2265625,,,,,,
9htwlukh,torque_efference_aug11,0,0,240025600,1933.1060791015625,442.470703125,,,,,,
9htwlukh,torque_efference_aug11,0,0,250019840,1941.371337890625,443.2392578125,,,,,,
9htwlukh,torque_efference_aug11,0,0,260014080,1942.4014892578125,442.9697265625,,,,,,
9htwlukh,torque_efference_aug11,0,0,270008320,1946.66259765625,443.9482421875,,,,,,
9htwlukh,torque_efference_aug11,0,0,280002560,1950.94775390625,444.388671875,,,,,,
9htwlukh,torque_efference_aug11,0,0,290078720,1960.580322265625,444.3544921875,,,,,,
9htwlukh,torque_efference_aug11,0,0,300072960,1959.9716796875,444.158203125,,,,,,
9htwlukh,torque_efference_aug11,0,0,310067200,1962.03271484375,444.1171875,,,,,,
9htwlukh,torque_efference_aug11,0,0,320061440,1968.827880859375,445.22265625,,,,,,
9htwlukh,torque_efference_aug11,0,0,330055680,1976.11865234375,445.9130859375,,,,,,
9htwlukh,torque_efference_aug11,0,0,340049920,1970.756591796875,444.7431640625,,,,,,
9htwlukh,torque_efference_aug11,0,0,350044160,1964.96044921875,443.443359375,,,,,,
9htwlukh,torque_efference_aug11,0,0,360038400,1981.9957275390625,446.5,,,,,,
9htwlukh,torque_efference_aug11,0,0,370032640,1969.6593017578125,443.697265625,,,,,,
9htwlukh,torque_efference_aug11,0,0,380026880,1968.247314453125,443.1572265625,,,,,,
9htwlukh,torque_efference_aug11,0,0,390021120,1973.1876220703125,443.1943359375,,,,,,
9htwlukh,torque_efference_aug11,0,0,400015360,1979.270751953125,444.099609375,,,,,,
9htwlukh,torque_efference_aug11,0,0,410009600,1988.775146484375,445.9931640625,,,,,,
9htwlukh,torque_efference_aug11,0,0,420003840,1989.159423828125,446.2880859375,,,,,,
9htwlukh,torque_efference_aug11,0,0,430080000,1982.58642578125,444.330078125,,,,,,
9htwlukh,torque_efference_aug11,0,0,440074240,1989.219970703125,445.8046875,,,,,,
9htwlukh,torque_efference_aug11,0,0,450068480,1983.23828125,444.7548828125,,,,,,
9htwlukh,torque_efference_aug11,0,0,460062720,1990.047607421875,445.3720703125,,,,,,
9htwlukh,torque_efference_aug11,0,0,470056960,1985.34228515625,444.369140625,,,,,,
9htwlukh,torque_efference_aug11,0,0,480051200,1984.2740478515625,444.4404296875,,,,,,
9htwlukh,torque_efference_aug11,0,0,490045440,1988.77392578125,445.5322265625,,,,,,
9htwlukh,torque_efference_aug11,0,0,500039680,1992.05712890625,446.1171875,,,,,,
9htwlukh,torque_efference_aug11,0,0,510033920,1993.334716796875,445.208984375,,,,,,
9htwlukh,torque_efference_aug11,0,0,520028160,1997.239990234375,446.01171875,,,,,,
9htwlukh,torque_efference_aug11,0,0,530022400,2000.107177734375,446.314453125,,,,,,
9htwlukh,torque_efference_aug11,0,0,540016640,1992.748291015625,444.6962890625,,,,,,
9htwlukh,torque_efference_aug11,0,0,550010880,2002.1756591796875,446.4248046875,,,,,,
9htwlukh,torque_efference_aug11,0,0,560005120,2002.87744140625,446.205078125,,,,,,
9htwlukh,torque_efference_aug11,0,0,570081280,2005.8131103515625,446.791015625,,,,,,
9htwlukh,torque_efference_aug11,0,0,580075520,2004.595947265625,446.2529296875,,,,,,
9htwlukh,torque_efference_aug11,0,0,590069760,2004.1407470703125,445.9794921875,,,,,,
9htwlukh,torque_efference_aug11,0,0,600064000,2006.4873046875,446.3994140625,,,,,,
17p127fn,torque_efference_aug11,1,1,0,289.7128601074219,170.8642578125,,,,,,
17p127fn,torque_efference_aug11,1,1,10076160,648.7720947265625,237.650390625,,,,,,
17p127fn,torque_efference_aug11,1,1,20070400,733.4456176757812,244.51171875,,,,,,
17p127fn,torque_efference_aug11,1,1,30064640,789.2857666015625,261.84765625,,,,,,
17p127fn,torque_efference_aug11,1,1,40058880,894.3910522460938,278.466796875,,,,,,
17p127fn,torque_efference_aug11,1,1,50053120,935.8629150390624,278.3623046875,,,,,,
17p127fn,torque_efference_aug11,1,1,60047360,994.9967041015624,286.751953125,,,,,,
17p127fn,torque_efference_aug11,1,1,70041600,1058.357421875,297.39453125,,,,,,
17p127fn,torque_efference_aug11,1,1,80035840,1106.7135009765625,304.4169921875,,,,,,
17p127fn,torque_efference_aug11,1,1,90030080,1192.0185546875,328.384765625,,,,,,
17p127fn,torque_efference_aug11,1,1,100024320,1354.5126953125,368.3583984375,,,,,,
17p127fn,torque_efference_aug11,1,1,110018560,1476.76318359375,388.119140625,,,,,,
17p127fn,torque_efference_aug11,1,1,120012800,1507.98388671875,389.166015625,,,,,,
17p127fn,torque_efference_aug11,1,1,130007040,1610.189208984375,406.638671875,,,,,,
17p127fn,torque_efference_aug11,1,1,140001280,1702.8385009765625,419.1328125,,,,,,
17p127fn,torque_efference_aug11,1,1,150077440,1744.89794921875,425.755859375,,,,,,
17p127fn,torque_efference_aug11,1,1,160071680,1797.97705078125,432.427734375,,,,,,
17p127fn,torque_efference_aug11,1,1,170065920,1825.822265625,437.0751953125,,,,,,
17p127fn,torque_efference_aug11,1,1,180060160,1829.734375,433.4716796875,,,,,,
17p127fn,torque_efference_aug11,1,1,190054400,1827.642333984375,433.7138671875,,,,,,
17p127fn,torque_efference_aug11,1,1,200048640,1844.114990234375,434.9697265625,,,,,,
17p127fn,torque_efference_aug11,1,1,210042880,1880.7509765625,440.9833984375,,,,,,
17p127fn,torque_efference_aug11,1,1,220037120,1879.08203125,438.453125,,,,,,
17p127fn,torque_efference_aug11,1,1,230031360,1883.6744384765625,439.51171875,,,,,,
17p127fn,torque_efference_aug11,1,1,240025600,1894.803466796875,440.9638671875,,,,,,
17p127fn,torque_efference_aug11,1,1,250019840,1904.5615234375,441.568359375,,,,,,
17p127fn,torque_efference_aug11,1,1,260014080,1915.404296875,442.2822265625,,,,,,
17p127fn,torque_efference_aug11,1,1,270008320,1915.017822265625,441.5810546875,,,,,,
17p127fn,torque_efference_aug11,1,1,280002560,1911.69775390625,440.732421875,,,,,,
17p127fn,torque_efference_aug11,1,1,290078720,1923.0435791015625,442.244140625,,,,,,
17p127fn,torque_efference_aug11,1,1,300072960,1917.888916015625,440.7001953125,,,,,,
17p127fn,torque_efference_aug11,1,1,310067200,1923.3795166015625,440.861328125,,,,,,
17p127fn,torque_efference_aug11,1,1,320061440,1930.07958984375,441.6025390625,,,,,,
17p127fn,torque_efference_aug11,1,1,330055680,1936.1131591796875,441.8125,,,,,,
17p127fn,torque_efference_aug11,1,1,340049920,1922.992431640625,439.23046875,,,,,,
17p127fn,torque_efference_aug11,1,1,350044160,1940.931396484375,443.255859375,,,,,,
17p127fn,torque_efference_aug11,1,1,360038400,1932.8818359375,440.873046875,,,,,,
17p127fn,torque_efference_aug11,1,1,370032640,1939.0419921875,441.2236328125,,,,,,
17p127fn,torque_efference_aug11,1,1,380026880,1952.16943359375,443.1669921875,,,,,,
17p127fn,torque_efference_aug11,1,1,390021120,1950.689208984375,442.908203125,,,,,,
17p127fn,torque_efference_aug11,1,1,400015360,1944.2822265625,440.7099609375,,,,,,
17p127fn,torque_efference_aug11,1,1,410009600,1948.843017578125,441.404296875,,,,,,
17p127fn,torque_efference_aug11,1,1,420003840,1953.0504150390625,443.5185546875,,,,,,
17p127fn,torque_efference_aug11,1,1,430080000,1960.9398193359373,443.6572265625,,,,,,
17p127fn,torque_efference_aug11,1,1,440074240,1962.21435546875,444.0107421875,,,,,,
17p127fn,torque_efference_aug11,1,1,450068480,1967.4490966796875,444.4873046875,,,,,,
17p127fn,torque_efference_aug11,1,1,460062720,1960.1400146484373,442.7548828125,,,,,,
17p127fn,torque_efference_aug11,1,1,470056960,1963.53955078125,443.1484375,,,,,,
17p127fn,torque_efference_aug11,1,1,480051200,1968.19140625,444.3154296875,,,,,,
17p127fn,torque_efference_aug11,1,1,490045440,1976.103271484375,445.4052734375,,,,,,
17p127fn,torque_efference_aug11,1,1,500039680,1978.22802734375,445.4375,,,,,,
17p127fn,torque_efference_aug11,1,1,510033920,1974.861083984375,444.1806640625,,,,,,
17p127fn,torque_efference_aug11,1,1,520028160,1974.029541015625,444.0078125,,,,,,
17p127fn,torque_efference_aug11,1,1,530022400,1973.26171875,444.1044921875,,,,,,
17p127fn,torque_efference_aug11,1,1,540016640,1980.983642578125,446.1162109375,,,,,,
17p127fn,torque_efference_aug11,1,1,550010880,1975.27734375,444.025390625,,,,,,
17p127fn,torque_efference_aug11,1,1,560005120,1972.381103515625,443.634765625,,,,,,
17p127fn,torque_efference_aug11,1,1,570081280,1985.16748046875,445.599609375,,,,,,
17p127fn,torque_efference_aug11,1,1,580075520,1990.03125,446.521484375,,,,,,
17p127fn,torque_efference_aug11,1,1,590069760,1981.3056640625,444.71484375,,,,,,
17p127fn,torque_efference_aug11,1,1,600064000,1990.358154296875,446.1826171875,,,,,,
zq5dvwvf,torque_efference_aug11,2,2,0,295.61346435546875,174.3232421875,,,,,,
zq5dvwvf,torque_efference_aug11,2,2,10076160,636.4866943359375,236.6982421875,,,,,,
zq5dvwvf,torque_efference_aug11,2,2,20070400,726.2432250976562,248.78125,,,,,,
zq5dvwvf,torque_efference_aug11,2,2,30064640,736.3897094726562,243.2265625,,,,,,
zq5dvwvf,torque_efference_aug11,2,2,40058880,791.885986328125,260.0830078125,,,,,,
zq5dvwvf,torque_efference_aug11,2,2,50053120,859.7371826171875,273.0283203125,,,,,,
zq5dvwvf,torque_efference_aug11,2,2,60047360,900.4158935546875,274.2900390625,,,,,,
zq5dvwvf,torque_efference_aug11,2,2,70041600,919.8056640625,274.9208984375,,,,,,
zq5dvwvf,torque_efference_aug11,2,2,80035840,985.4971923828124,285.7412109375,,,,,,
zq5dvwvf,torque_efference_aug11,2,2,90030080,1039.7052001953125,297.6806640625,,,,,,
zq5dvwvf,torque_efference_aug11,2,2,100024320,1038.779541015625,292.4697265625,,,,,,
zq5dvwvf,torque_efference_aug11,2,2,110018560,1123.703369140625,310.2568359375,,,,,,
zq5dvwvf,torque_efference_aug11,2,2,120012800,1193.673583984375,326.921875,,,,,,
zq5dvwvf,torque_efference_aug11,2,2,130007040,1284.912109375,348.873046875,,,,,,
zq5dvwvf,torque_efference_aug11,2,2,140001280,1435.882568359375,382.20703125,,,,,,
zq5dvwvf,torque_efference_aug11,2,2,150077440,1503.7464599609375,389.3408203125,,,,,,
zq5dvwvf,torque_efference_aug11,2,2,160071680,1587.1317138671875,398.044921875,,,,,,
zq5dvwvf,torque_efference_aug11,2,2,170065920,1652.0972900390625,410.2509765625,,,,,,
zq5dvwvf,torque_efference_aug11,2,2,180060160,1699.64599609375,419.515625,,,,,,
zq5dvwvf,torque_efference_aug11,2,2,190054400,1766.44189453125,430.12109375,,,,,,
zq5dvwvf,torque_efference_aug11,2,2,200048640,1794.27685546875,432.0849609375,,,,,,
zq5dvwvf,torque_efference_aug11,2,2,210042880,1824.7744140625,436.857421875,,,,,,
zq5dvwvf,torque_efference_aug11,2,2,220037120,1835.24462890625,437.56640625,,,,,,
zq5dvwvf,torque_efference_aug11,2,2,230031360,1848.9666748046875,438.595703125,,,,,,
zq5dvwvf,torque_efference_aug11,2,2,240025600,1855.7847900390625,437.4833984375,,,,,,
zq5dvwvf,torque_efference_aug11,2,2,250019840,1867.9388427734373,438.916015625,,,,,,
zq5dvwvf,torque_efference_aug11,2,2,260014080,1880.384033203125,440.677734375,,,,,,
zq5dvwvf,torque_efference_aug11,2,2,270008320,1891.70263671875,441.384765625,,,,,,
zq5dvwvf,torque_efference_aug11,2,2,280002560,1888.341064453125,439.943359375,,,,,,
zq5dvwvf,torque_efference_aug11,2,2,290078720,1898.33154296875,441.1298828125,,,,,,
zq5dvwvf,torque_efference_aug11,2,2,300072960,1905.967529296875,441.4306640625,,,,,,
zq5dvwvf,torque_efference_aug11,2,2,310067200,1910.20263671875,442.279296875,,,,,,
zq5dvwvf,torque_efference_aug11,2,2,320061440,1910.1964111328125,441.654296875,,,,,,
zq5dvwvf,torque_efference_aug11,2,2,330055680,1923.901611328125,443.0380859375,,,,,,
zq5dvwvf,torque_efference_aug11,2,2,340049920,1924.281005859375,442.8310546875,,,,,,
zq5dvwvf,torque_efference_aug11,2,2,350044160,1928.29931640625,443.734375,,,,,,
zq5dvwvf,torque_efference_aug11,2,2,360038400,1922.4837646484373,441.39453125,,,,,,
zq5dvwvf,torque_efference_aug11,2,2,370032640,1918.627197265625,440.6416015625,,,,,,
zq5dvwvf,torque_efference_aug11,2,2,380026880,1934.8818359375,442.7373046875,,,,,,
zq5dvwvf,torque_efference_aug11,2,2,390021120,1935.13037109375,442.4990234375,,,,,,
zq5dvwvf,torque_efference_aug11,2,2,400015360,1933.3072509765625,442.2255859375,,,,,,
zq5dvwvf,torque_efference_aug11,2,2,410009600,1936.57568359375,442.2431640625,,,,,,
zq5dvwvf,torque_efference_aug11,2,2,420003840,1930.268310546875,441.1181640625,,,,,,
zq5dvwvf,torque_efference_aug11,2,2,430080000,1925.76708984375,439.646484375,,,,,,
zq5dvwvf,torque_efference_aug11,2,2,440074240,1944.879150390625,442.97265625,,,,,,
zq5dvwvf,torque_efference_aug11,2,2,450068480,1943.042724609375,442.2314453125,,,,,,
zq5dvwvf,torque_efference_aug11,2,2,460062720,1938.7421875,440.6328125,,,,,,
zq5dvwvf,torque_efference_aug11,2,2,470056960,1944.069580078125,442.9951171875,,,,,,
zq5dvwvf,torque_efference_aug11,2,2,480051200,1949.399658203125,443.0693359375,,,,,,
zq5dvwvf,torque_efference_aug11,2,2,490045440,1947.6630859375,443.2939453125,,,,,,
zq5dvwvf,torque_efference_aug11,2,2,500039680,1956.9468994140625,443.9462890625,,,,,,
zq5dvwvf,torque_efference_aug11,2,2,510033920,1958.543212890625,444.193359375,,,,,,
zq5dvwvf,torque_efference_aug11,2,2,520028160,1953.3883056640625,442.564453125,,,,,,
zq5dvwvf,torque_efference_aug11,2,2,530022400,1958.9329833984373,443.845703125,,,,,,
zq5dvwvf,torque_efference_aug11,2,2,540016640,1956.1348876953125,442.55078125,,,,,,
zq5dvwvf,torque_efference_aug11,2,2,550010880,1956.9244384765625,443.1552734375,,,,,,
zq5dvwvf,torque_efference_aug11,2,2,560005120,1963.431640625,443.3408203125,,,,,,
zq5dvwvf,torque_efference_aug11,2,2,570081280,1972.5789794921875,445.171875,,,,,,
zq5dvwvf,torque_efference_aug11,2,2,580075520,1963.294921875,443.984375,,,,,,
zq5dvwvf,torque_efference_aug11,2,2,590069760,1967.389404296875,444.4033203125,,,,,,
zq5dvwvf,torque_efference_aug11,2,2,600064000,1973.271728515625,445.103515625,,,,,,
qpsikl6i,torque_efference_aug11,3,3,0,302.5968933105469,177.6923828125,,,,,,
qpsikl6i,torque_efference_aug11,3,3,10076160,638.6647338867188,237.0380859375,,,,,,
qpsikl6i,torque_efference_aug11,3,3,20070400,711.6712646484375,242.6572265625,,,,,,
qpsikl6i,torque_efference_aug11,3,3,30064640,719.2686767578125,241.2490234375,,,,,,
qpsikl6i,torque_efference_aug11,3,3,40058880,725.3861694335938,239.4384765625,,,,,,
qpsikl6i,torque_efference_aug11,3,3,50053120,796.2740478515625,256.630859375,,,,,,
qpsikl6i,torque_efference_aug11,3,3,60047360,844.6021728515625,263.5771484375,,,,,,
qpsikl6i,torque_efference_aug11,3,3,70041600,874.9718017578125,265.9794921875,,,,,,
qpsikl6i,torque_efference_aug11,3,3,80035840,939.3760986328124,277.28125,,,,,,
qpsikl6i,torque_efference_aug11,3,3,90030080,969.1817626953124,279.3544921875,,,,,,
qpsikl6i,torque_efference_aug11,3,3,100024320,987.4534912109376,278.62890625,,,,,,
qpsikl6i,torque_efference_aug11,3,3,110018560,992.3866577148438,276.8173828125,,,,,,
qpsikl6i,torque_efference_aug11,3,3,120012800,1069.835205078125,295.15234375,,,,,,
qpsikl6i,torque_efference_aug11,3,3,130007040,1075.3980712890625,294.9775390625,,,,,,
qpsikl6i,torque_efference_aug11,3,3,140001280,1168.86865234375,316.5146484375,,,,,,
qpsikl6i,torque_efference_aug11,3,3,150077440,1317.85107421875,354.7587890625,,,,,,
qpsikl6i,torque_efference_aug11,3,3,160071680,1354.8057861328125,356.6513671875,,,,,,
qpsikl6i,torque_efference_aug11,3,3,170065920,1470.721923828125,376.1826171875,,,,,,
qpsikl6i,torque_efference_aug11,3,3,180060160,1527.7890625,386.3076171875,,,,,,
qpsikl6i,torque_efference_aug11,3,3,190054400,1590.6624755859375,399.62890625,,,,,,
qpsikl6i,torque_efference_aug11,3,3,200048640,1669.708740234375,411.9765625,,,,,,
qpsikl6i,torque_efference_aug11,3,3,210042880,1718.444580078125,420.2470703125,,,,,,
qpsikl6i,torque_efference_aug11,3,3,220037120,1749.3466796875,424.859375,,,,,,
qpsikl6i,torque_efference_aug11,3,3,230031360,1788.6279296875,432.7060546875,,,,,,
qpsikl6i,torque_efference_aug11,3,3,240025600,1812.031982421875,433.7001953125,,,,,,
qpsikl6i,torque_efference_aug11,3,3,250019840,1806.187255859375,431.365234375,,,,,,
qpsikl6i,torque_efference_aug11,3,3,260014080,1832.770751953125,434.609375,,,,,,
qpsikl6i,torque_efference_aug11,3,3,270008320,1833.21923828125,432.5556640625,,,,,,
qpsikl6i,torque_efference_aug11,3,3,280002560,1853.968505859375,436.1298828125,,,,,,
qpsikl6i,torque_efference_aug11,3,3,290078720,1845.010986328125,434.7431640625,,,,,,
qpsikl6i,torque_efference_aug11,3,3,300072960,1864.0865478515625,435.6728515625,,,,,,
qpsikl6i,torque_efference_aug11,3,3,310067200,1876.658447265625,438.556640625,,,,,,
qpsikl6i,torque_efference_aug11,3,3,320061440,1880.93408203125,438.85546875,,,,,,
qpsikl6i,torque_efference_aug11,3,3,330055680,1889.07275390625,440.3154296875,,,,,,
qpsikl6i,torque_efference_aug11,3,3,340049920,1874.8265380859373,437.517578125,,,,,,
qpsikl6i,torque_efference_aug11,3,3,350044160,1894.996826171875,440.0390625,,,,,,
qpsikl6i,torque_efference_aug11,3,3,360038400,1900.5592041015625,440.771484375,,,,,,
qpsikl6i,torque_efference_aug11,3,3,370032640,1886.597900390625,437.6484375,,,,,,
qpsikl6i,torque_efference_aug11,3,3,380026880,1914.4853515625,441.7919921875,,,,,,
qpsikl6i,torque_efference_aug11,3,3,390021120,1920.2998046875,442.626953125,,,,,,
qpsikl6i,torque_efference_aug11,3,3,400015360,1914.746337890625,442.267578125,,,,,,
qpsikl6i,torque_efference_aug11,3,3,410009600,1908.5966796875,439.859375,,,,,,
qpsikl6i,torque_efference_aug11,3,3,420003840,1920.8138427734373,442.267578125,,,,,,
qpsikl6i,torque_efference_aug11,3,3,430080000,1924.0145263671875,442.1416015625,,,,,,
qpsikl6i,torque_efference_aug11,3,3,440074240,1912.325927734375,439.173828125,,,,,,
qpsikl6i,torque_efference_aug11,3,3,450068480,1910.523193359375,439.0126953125,,,,,,
qpsikl6i,torque_efference_aug11,3,3,460062720,1915.4981689453125,439.1201171875,,,,,,
qpsikl6i,torque_efference_aug11,3,3,470056960,1924.322021484375,440.6728515625,,,,,,
qpsikl6i,torque_efference_aug11,3,3,480051200,1920.21142578125,439.58984375,,,,,,
qpsikl6i,torque_efference_aug11,3,3,490045440,1935.4532470703125,442.35546875,,,,,,
qpsikl6i,torque_efference_aug11,3,3,500039680,1929.089599609375,440.21875,,,,,,
qpsikl6i,torque_efference_aug11,3,3,510033920,1925.4144287109373,440.4423828125,,,,,,
qpsikl6i,torque_efference_aug11,3,3,520028160,1934.997314453125,441.4228515625,,,,,,
qpsikl6i,torque_efference_aug11,3,3,530022400,1926.9720458984373,439.826171875,,,,,,
qpsikl6i,torque_efference_aug11,3,3,540016640,1931.781494140625,441.0048828125,,,,,,
qpsikl6i,torque_efference_aug11,3,3,550010880,1951.0927734375,443.9521484375,,,,,,
qpsikl6i,torque_efference_aug11,3,3,560005120,1934.689697265625,441.130859375,,,,,,
qpsikl6i,torque_efference_aug11,3,3,570081280,1943.0755615234373,441.4140625,,,,,,
qpsikl6i,torque_efference_aug11,3,3,580075520,1945.815673828125,442.80078125,,,,,,
qpsikl6i,torque_efference_aug11,3,3,590069760,1940.184814453125,441.5498046875,,,,,,
qpsikl6i,torque_efference_aug11,3,3,600064000,1943.15185546875,441.71484375,,,,,,
ax6foqgd,torque_efference_aug11,4,4,0,308.5770874023437,181.4609375,,,,,,
ax6foqgd,torque_efference_aug11,4,4,10076160,636.9569702148438,238.7216796875,,,,,,
ax6foqgd,torque_efference_aug11,4,4,20070400,704.0028686523438,242.978515625,,,,,,
ax6foqgd,torque_efference_aug11,4,4,30064640,721.7804565429688,240.4599609375,,,,,,
ax6foqgd,torque_efference_aug11,4,4,40058880,754.0693359375,246.0693359375,,,,,,
ax6foqgd,torque_efference_aug11,4,4,50053120,764.6181640625,248.365234375,,,,,,
ax6foqgd,torque_efference_aug11,4,4,60047360,810.7169799804688,258.23828125,,,,,,
ax6foqgd,torque_efference_aug11,4,4,70041600,859.8832397460938,266.6201171875,,,,,,
ax6foqgd,torque_efference_aug11,4,4,80035840,908.5260009765624,274.7294921875,,,,,,
ax6foqgd,torque_efference_aug11,4,4,90030080,952.0960693359376,280.7861328125,,,,,,
ax6foqgd,torque_efference_aug11,4,4,100024320,971.597900390625,281.53125,,,,,,
ax6foqgd,torque_efference_aug11,4,4,110018560,1011.8814697265624,287.8447265625,,,,,,
ax6foqgd,torque_efference_aug11,4,4,120012800,1059.1358642578125,299.2705078125,,,,,,
ax6foqgd,torque_efference_aug11,4,4,130007040,1056.3599853515625,296.8837890625,,,,,,
ax6foqgd,torque_efference_aug11,4,4,140001280,1087.70068359375,301.1171875,,,,,,
ax6foqgd,torque_efference_aug11,4,4,150077440,1159.4359130859375,318.7958984375,,,,,,
ax6foqgd,torque_efference_aug11,4,4,160071680,1230.2227783203125,334.12890625,,,,,,
ax6foqgd,torque_efference_aug11,4,4,170065920,1256.13623046875,336.0771484375,,,,,,
ax6foqgd,torque_efference_aug11,4,4,180060160,1372.3447265625,363.3505859375,,,,,,
ax6foqgd,torque_efference_aug11,4,4,190054400,1485.1722412109375,383.4345703125,,,,,,
ax6foqgd,torque_efference_aug11,4,4,200048640,1548.982666015625,395.1318359375,,,,,,
ax6foqgd,torque_efference_aug11,4,4,210042880,1590.83203125,399.9072265625,,,,,,
ax6foqgd,torque_efference_aug11,4,4,220037120,1617.15625,403.7421875,,,,,,
ax6foqgd,torque_efference_aug11,4,4,230031360,1640.02490234375,406.1337890625,,,,,,
ax6foqgd,torque_efference_aug11,4,4,240025600,1714.281005859375,422.236328125,,,,,,
ax6foqgd,torque_efference_aug11,4,4,250019840,1748.364990234375,424.9130859375,,,,,,
ax6foqgd,torque_efference_aug11,4,4,260014080,1779.2373046875,429.1787109375,,,,,,
ax6foqgd,torque_efference_aug11,4,4,270008320,1778.774169921875,427.6318359375,,,,,,
ax6foqgd,torque_efference_aug11,4,4,280002560,1792.3675537109375,429.38671875,,,,,,
ax6foqgd,torque_efference_aug11,4,4,290078720,1833.8699951171875,437.1025390625,,,,,,
ax6foqgd,torque_efference_aug11,4,4,300072960,1839.714111328125,435.9404296875,,,,,,
ax6foqgd,torque_efference_aug11,4,4,310067200,1859.673828125,440.8544921875,,,,,,
ax6foqgd,torque_efference_aug11,4,4,320061440,1836.84912109375,434.1025390625,,,,,,
ax6foqgd,torque_efference_aug11,4,4,330055680,1874.6978759765625,441.212890625,,,,,,
ax6foqgd,torque_efference_aug11,4,4,340049920,1870.828125,439.3818359375,,,,,,
ax6foqgd,torque_efference_aug11,4,4,350044160,1871.950439453125,440.2060546875,,,,,,
ax6foqgd,torque_efference_aug11,4,4,360038400,1889.15234375,442.189453125,,,,,,
ax6foqgd,torque_efference_aug11,4,4,370032640,1904.60400390625,444.1953125,,,,,,
ax6foqgd,torque_efference_aug11,4,4,380026880,1892.200927734375,441.3447265625,,,,,,
ax6foqgd,torque_efference_aug11,4,4,390021120,1878.246826171875,438.244140625,,,,,,
ax6foqgd,torque_efference_aug11,4,4,400015360,1897.171875,440.6376953125,,,,,,
ax6foqgd,torque_efference_aug11,4,4,410009600,1892.7872314453125,439.9423828125,,,,,,
ax6foqgd,torque_efference_aug11,4,4,420003840,1890.4068603515625,439.0322265625,,,,,,
ax6foqgd,torque_efference_aug11,4,4,430080000,1895.8760986328125,440.15234375,,,,,,
ax6foqgd,torque_efference_aug11,4,4,440074240,1907.1533203125,440.466796875,,,,,,
ax6foqgd,torque_efference_aug11,4,4,450068480,1912.003662109375,441.1650390625,,,,,,
ax6foqgd,torque_efference_aug11,4,4,460062720,1909.667236328125,441.1533203125,,,,,,
ax6foqgd,torque_efference_aug11,4,4,470056960,1924.3341064453125,443.6083984375,,,,,,
ax6foqgd,torque_efference_aug11,4,4,480051200,1915.69384765625,441.28515625,,,,,,
ax6foqgd,torque_efference_aug11,4,4,490045440,1904.010498046875,439.548828125,,,,,,
ax6foqgd,torque_efference_aug11,4,4,500039680,1911.016845703125,439.5927734375,,,,,,
ax6foqgd,torque_efference_aug11,4,4,510033920,1927.2816162109373,442.7041015625,,,,,,
ax6foqgd,torque_efference_aug11,4,4,520028160,1911.1949462890625,438.474609375,,,,,,
ax6foqgd,torque_efference_aug11,4,4,530022400,1916.312255859375,440.2490234375,,,,,,
ax6foqgd,torque_efference_aug11,4,4,540016640,1929.63232421875,442.4091796875,,,,,,
ax6foqgd,torque_efference_aug11,4,4,550010880,1934.16162109375,442.26171875,,,,,,
ax6foqgd,torque_efference_aug11,4,4,560005120,1934.54736328125,442.685546875,,,,,,
ax6foqgd,torque_efference_aug11,4,4,570081280,1939.8426513671875,443.5087890625,,,,,,
ax6foqgd,torque_efference_aug11,4,4,580075520,1925.543701171875,440.330078125,,,,,,
ax6foqgd,torque_efference_aug11,4,4,590069760,1931.1080322265625,441.0693359375,,,,,,
ax6foqgd,torque_efference_aug11,4,4,600064000,1937.206298828125,442.7900390625,,,,,,
7ur99xil,torque_efference_aug11,5,5,0,314.59747314453125,184.33203125,,,,,,
7ur99xil,torque_efference_aug11,5,5,10076160,621.5469970703125,234.056640625,,,,,,
7ur99xil,torque_efference_aug11,5,5,20070400,660.4302978515625,226.62890625,,,,,,
7ur99xil,torque_efference_aug11,5,5,30064640,657.7806396484375,222.8037109375,,,,,,
7ur99xil,torque_efference_aug11,5,5,40058880,665.419189453125,227.41796875,,,,,,
7ur99xil,torque_efference_aug11,5,5,50053120,672.7920532226562,229.615234375,,,,,,
7ur99xil,torque_efference_aug11,5,5,60047360,807.00634765625,259.5283203125,,,,,,
7ur99xil,torque_efference_aug11,5,5,70041600,819.530029296875,267.013671875,,,,,,
7ur99xil,torque_efference_aug11,5,5,80035840,885.4801025390625,274.78125,,,,,,
7ur99xil,torque_efference_aug11,5,5,90030080,917.1904296875,278.8466796875,,,,,,
7ur99xil,torque_efference_aug11,5,5,100024320,941.2977905273438,280.033203125,,,,,,
7ur99xil,torque_efference_aug11,5,5,110018560,988.0643310546876,289.23828125,,,,,,
7ur99xil,torque_efference_aug11,5,5,120012800,996.7425537109376,288.607421875,,,,,,
7ur99xil,torque_efference_aug11,5,5,130007040,1016.6790161132812,286.9853515625,,,,,,
7ur99xil,torque_efference_aug11,5,5,140001280,1040.884765625,297.435546875,,,,,,
7ur99xil,torque_efference_aug11,5,5,150077440,1088.921875,305.7939453125,,,,,,
7ur99xil,torque_efference_aug11,5,5,160071680,1113.6611328125,311.171875,,,,,,
7ur99xil,torque_efference_aug11,5,5,170065920,1119.760009765625,311.732421875,,,,,,
7ur99xil,torque_efference_aug11,5,5,180060160,1186.6690673828125,327.404296875,,,,,,
7ur99xil,torque_efference_aug11,5,5,190054400,1221.224365234375,330.99609375,,,,,,
7ur99xil,torque_efference_aug11,5,5,200048640,1280.8636474609375,345.689453125,,,,,,
7ur99xil,torque_efference_aug11,5,5,210042880,1340.9228515625,354.7578125,,,,,,
7ur99xil,torque_efference_aug11,5,5,220037120,1455.25341796875,377.9296875,,,,,,
7ur99xil,torque_efference_aug11,5,5,230031360,1525.206298828125,393.8388671875,,,,,,
7ur99xil,torque_efference_aug11,5,5,240025600,1560.536865234375,398.041015625,,,,,,
7ur99xil,torque_efference_aug11,5,5,250019840,1595.4476318359375,400.5595703125,,,,,,
7ur99xil,torque_efference_aug11,5,5,260014080,1645.59326171875,410.345703125,,,,,,
7ur99xil,torque_efference_aug11,5,5,270008320,1668.5404052734375,411.232421875,,,,,,
7ur99xil,torque_efference_aug11,5,5,280002560,1688.251708984375,414.6533203125,,,,,,
7ur99xil,torque_efference_aug11,5,5,290078720,1710.080322265625,417.765625,,,,,,
7ur99xil,torque_efference_aug11,5,5,300072960,1775.4765625,429.7265625,,,,,,
7ur99xil,torque_efference_aug11,5,5,310067200,1753.357666015625,423.7802734375,,,,,,
7ur99xil,torque_efference_aug11,5,5,320061440,1754.539306640625,423.0537109375,,,,,,
7ur99xil,torque_efference_aug11,5,5,330055680,1769.610595703125,426.20703125,,,,,,
7ur99xil,torque_efference_aug11,5,5,340049920,1780.1533203125,426.1142578125,,,,,,
7ur99xil,torque_efference_aug11,5,5,350044160,1797.24072265625,430.1162109375,,,,,,
7ur99xil,torque_efference_aug11,5,5,360038400,1786.01220703125,427.5078125,,,,,,
7ur99xil,torque_efference_aug11,5,5,370032640,1833.2069091796875,434.892578125,,,,,,
7ur99xil,torque_efference_aug11,5,5,380026880,1827.098876953125,432.94921875,,,,,,
7ur99xil,torque_efference_aug11,5,5,390021120,1856.60546875,438.033203125,,,,,,
7ur99xil,torque_efference_aug11,5,5,400015360,1853.85302734375,436.748046875,,,,,,
7ur99xil,torque_efference_aug11,5,5,410009600,1846.52587890625,434.517578125,,,,,,
7ur99xil,torque_efference_aug11,5,5,420003840,1841.27587890625,433.666015625,,,,,,
7ur99xil,torque_efference_aug11,5,5,430080000,1872.23583984375,438.359375,,,,,,
7ur99xil,torque_efference_aug11,5,5,440074240,1868.342041015625,436.38671875,,,,,,
7ur99xil,torque_efference_aug11,5,5,450068480,1866.0791015625,436.5849609375,,,,,,
7ur99xil,torque_efference_aug11,5,5,460062720,1885.91015625,439.83203125,,,,,,
7ur99xil,torque_efference_aug11,5,5,470056960,1875.464111328125,436.806640625,,,,,,
7ur99xil,torque_efference_aug11,5,5,480051200,1880.464111328125,437.9873046875,,,,,,
7ur99xil,torque_efference_aug11,5,5,490045440,1883.012939453125,438.69140625,,,,,,
7ur99xil,torque_efference_aug11,5,5,500039680,1888.7294921875,439.5859375,,,,,,
7ur99xil,torque_efference_aug11,5,5,510033920,1899.5343017578125,440.009765625,,,,,,
7ur99xil,torque_efference_aug11,5,5,520028160,1893.999755859375,438.154296875,,,,,,
7ur99xil,torque_efference_aug11,5,5,530022400,1904.060302734375,441.810546875,,,,,,
7ur99xil,torque_efference_aug11,5,5,540016640,1900.240478515625,439.09765625,,,,,,
7ur99xil,torque_efference_aug11,5,5,550010880,1902.578125,439.576171875,,,,,,
7ur99xil,torque_efference_aug11,5,5,560005120,1903.364013671875,439.0771484375,,,,,,
7ur99xil,torque_efference_aug11,5,5,570081280,1921.51025390625,442.212890625,,,,,,
7ur99xil,torque_efference_aug11,5,5,580075520,1914.29541015625,440.84375,,,,,,
7ur99xil,torque_efference_aug11,5,5,590069760,1921.6993408203125,442.3056640625,,,,,,
7ur99xil,torque_efference_aug11,5,5,600064000,1906.53173828125,439.30859375,,,,,,
c1v5gmie,torque_efference_aug11,6,6,0,318.92791748046875,186.83984375,,,,,,
c1v5gmie,torque_efference_aug11,6,6,10076160,598.98583984375,224.23046875,,,,,,
c1v5gmie,torque_efference_aug11,6,6,20070400,663.4505615234375,226.6845703125,,,,,,
c1v5gmie,torque_efference_aug11,6,6,30064640,688.4166259765625,233.9970703125,,,,,,
c1v5gmie,torque_efference_aug11,6,6,40058880,711.1468505859375,236.4248046875,,,,,,
c1v5gmie,torque_efference_aug11,6,6,50053120,695.0091552734375,234.35546875,,,,,,
c1v5gmie,torque_efference_aug11,6,6,60047360,755.7699584960938,250.328125,,,,,,
c1v5gmie,torque_efference_aug11,6,6,70041600,781.3206787109375,255.607421875,,,,,,
c1v5gmie,torque_efference_aug11,6,6,80035840,816.3970947265625,257.88671875,,,,,,
c1v5gmie,torque_efference_aug11,6,6,90030080,908.7080078125,276.05859375,,,,,,
c1v5gmie,torque_efference_aug11,6,6,100024320,958.3837280273438,284.8642578125,,,,,,
c1v5gmie,torque_efference_aug11,6,6,110018560,966.4444580078124,284.48046875,,,,,,
c1v5gmie,torque_efference_aug11,6,6,120012800,995.1541748046876,289.26171875,,,,,,
c1v5gmie,torque_efference_aug11,6,6,130007040,1037.17041015625,301.1015625,,,,,,
c1v5gmie,torque_efference_aug11,6,6,140001280,1044.983154296875,296.66015625,,,,,,
c1v5gmie,torque_efference_aug11,6,6,150077440,1056.191650390625,299.388671875,,,,,,
c1v5gmie,torque_efference_aug11,6,6,160071680,1097.3983154296875,305.2119140625,,,,,,
c1v5gmie,torque_efference_aug11,6,6,170065920,1145.8897705078125,316.62890625,,,,,,
c1v5gmie,torque_efference_aug11,6,6,180060160,1197.6396484375,328.041015625,,,,,,
c1v5gmie,torque_efference_aug11,6,6,190054400,1246.080810546875,337.609375,,,,,,
c1v5gmie,torque_efference_aug11,6,6,200048640,1332.973388671875,354.2626953125,,,,,,
c1v5gmie,torque_efference_aug11,6,6,210042880,1375.2200927734375,362.357421875,,,,,,
c1v5gmie,torque_efference_aug11,6,6,220037120,1478.018798828125,381.5087890625,,,,,,
c1v5gmie,torque_efference_aug11,6,6,230031360,1495.271484375,382.298828125,,,,,,
c1v5gmie,torque_efference_aug11,6,6,240025600,1543.281005859375,391.9921875,,,,,,
c1v5gmie,torque_efference_aug11,6,6,250019840,1577.158935546875,398.0244140625,,,,,,
c1v5gmie,torque_efference_aug11,6,6,260014080,1636.2799072265625,409.1005859375,,,,,,
c1v5gmie,torque_efference_aug11,6,6,270008320,1653.5693359375,412.515625,,,,,,
c1v5gmie,torque_efference_aug11,6,6,280002560,1654.0244140625,408.2021484375,,,,,,
c1v5gmie,torque_efference_aug11,6,6,290078720,1709.314208984375,419.0380859375,,,,,,
c1v5gmie,torque_efference_aug11,6,6,300072960,1717.214111328125,420.09765625,,,,,,
c1v5gmie,torque_efference_aug11,6,6,310067200,1737.702880859375,422.509765625,,,,,,
c1v5gmie,torque_efference_aug11,6,6,320061440,1746.0831298828125,422.4111328125,,,,,,
c1v5gmie,torque_efference_aug11,6,6,330055680,1746.489013671875,421.29296875,,,,,,
c1v5gmie,torque_efference_aug11,6,6,340049920,1751.860595703125,423.39453125,,,,,,
c1v5gmie,torque_efference_aug11,6,6,350044160,1785.503662109375,428.0546875,,,,,,
c1v5gmie,torque_efference_aug11,6,6,360038400,1800.8560791015625,431.3740234375,,,,,,
c1v5gmie,torque_efference_aug11,6,6,370032640,1803.480224609375,431.1669921875,,,,,,
c1v5gmie,torque_efference_aug11,6,6,380026880,1832.061279296875,436.1220703125,,,,,,
c1v5gmie,torque_efference_aug11,6,6,390021120,1840.9530029296875,436.31640625,,,,,,
c1v5gmie,torque_efference_aug11,6,6,400015360,1840.5264892578125,436.109375,,,,,,
c1v5gmie,torque_efference_aug11,6,6,410009600,1827.604736328125,433.0947265625,,,,,,
c1v5gmie,torque_efference_aug11,6,6,420003840,1839.9405517578125,435.779296875,,,,,,
c1v5gmie,torque_efference_aug11,6,6,430080000,1852.0859375,436.6533203125,,,,,,
c1v5gmie,torque_efference_aug11,6,6,440074240,1867.1448974609373,439.40625,,,,,,
c1v5gmie,torque_efference_aug11,6,6,450068480,1857.9617919921875,437.046875,,,,,,
c1v5gmie,torque_efference_aug11,6,6,460062720,1883.4293212890625,441.41015625,,,,,,
c1v5gmie,torque_efference_aug11,6,6,470056960,1861.695556640625,437.591796875,,,,,,
c1v5gmie,torque_efference_aug11,6,6,480051200,1879.3292236328125,439.900390625,,,,,,
c1v5gmie,torque_efference_aug11,6,6,490045440,1871.534423828125,437.7431640625,,,,,,
c1v5gmie,torque_efference_aug11,6,6,500039680,1882.351806640625,438.7939453125,,,,,,
c1v5gmie,torque_efference_aug11,6,6,510033920,1865.93359375,436.16015625,,,,,,
c1v5gmie,torque_efference_aug11,6,6,520028160,1887.405517578125,438.9990234375,,,,,,
c1v5gmie,torque_efference_aug11,6,6,530022400,1902.0023193359373,440.951171875,,,,,,
c1v5gmie,torque_efference_aug11,6,6,540016640,1893.185302734375,439.9052734375,,,,,,
c1v5gmie,torque_efference_aug11,6,6,550010880,1901.468017578125,440.5283203125,,,,,,
c1v5gmie,torque_efference_aug11,6,6,560005120,1896.5882568359373,439.9638671875,,,,,,
c1v5gmie,torque_efference_aug11,6,6,570081280,1889.0953369140625,438.3505859375,,,,,,
c1v5gmie,torque_efference_aug11,6,6,580075520,1896.9227294921875,439.7802734375,,,,,,
c1v5gmie,torque_efference_aug11,6,6,590069760,1886.1058349609373,436.3583984375,,,,,,
c1v5gmie,torque_efference_aug11,6,6,600064000,1878.6558837890625,435.291015625,,,,,,
904oncgf,torque_efference_aug11,7,7,0,325.3730163574219,190.4228515625,,,,,,
904oncgf,torque_efference_aug11,7,7,10076160,605.5968017578125,227.8486328125,,,,,,
904oncgf,torque_efference_aug11,7,7,20070400,685.8277587890625,239.3837890625,,,,,,
904oncgf,torque_efference_aug11,7,7,30064640,668.7796630859375,224.7783203125,,,,,,
904oncgf,torque_efference_aug11,7,7,40058880,630.0479736328125,213.322265625,,,,,,
904oncgf,torque_efference_aug11,7,7,50053120,705.0337524414062,241.2900390625,,,,,,
904oncgf,torque_efference_aug11,7,7,60047360,791.118896484375,261.6337890625,,,,,,
904oncgf,torque_efference_aug11,7,7,70041600,820.353271484375,263.013671875,,,,,,
904oncgf,torque_efference_aug11,7,7,80035840,848.5394897460938,269.130859375,,,,,,
904oncgf,torque_efference_aug11,7,7,90030080,896.6234130859375,275.576171875,,,,,,
904oncgf,torque_efference_aug11,7,7,100024320,931.0507202148438,277.466796875,,,,,,
904oncgf,torque_efference_aug11,7,7,110018560,968.7144775390624,286.61328125,,,,,,
904oncgf,torque_efference_aug11,7,7,120012800,977.90380859375,284.541015625,,,,,,
904oncgf,torque_efference_aug11,7,7,130007040,991.6547241210938,287.27734375,,,,,,
904oncgf,torque_efference_aug11,7,7,140001280,1001.3746948242188,286.9345703125,,,,,,
904oncgf,torque_efference_aug11,7,7,150077440,1047.4111328125,296.900390625,,,,,,
904oncgf,torque_efference_aug11,7,7,160071680,1070.582763671875,305.28515625,,,,,,
904oncgf,torque_efference_aug11,7,7,170065920,1063.28125,298.4462890625,,,,,,
904oncgf,torque_efference_aug11,7,7,180060160,1108.62841796875,309.0859375,,,,,,
904oncgf,torque_efference_aug11,7,7,190054400,1114.0628662109375,312.009765625,,,,,,
904oncgf,torque_efference_aug11,7,7,200048640,1136.531005859375,316.015625,,,,,,
904oncgf,torque_efference_aug11,7,7,210042880,1187.07568359375,325.0263671875,,,,,,
904oncgf,torque_efference_aug11,7,7,220037120,1237.462890625,335.974609375,,,,,,
904oncgf,torque_efference_aug11,7,7,230031360,1289.45068359375,344.5625,,,,,,
904oncgf,torque_efference_aug11,7,7,240025600,1412.175048828125,373.607421875,,,,,,
904oncgf,torque_efference_aug11,7,7,250019840,1469.306396484375,383.6962890625,,,,,,
904oncgf,torque_efference_aug11,7,7,260014080,1494.3013916015625,385.443359375,,,,,,
904oncgf,torque_efference_aug11,7,7,270008320,1540.6912841796875,395.4892578125,,,,,,
904oncgf,torque_efference_aug11,7,7,280002560,1544.523681640625,393.357421875,,,,,,
904oncgf,torque_efference_aug11,7,7,290078720,1600.940673828125,402.576171875,,,,,,
904oncgf,torque_efference_aug11,7,7,300072960,1614.142333984375,405.7119140625,,,,,,
904oncgf,torque_efference_aug11,7,7,310067200,1641.646240234375,409.380859375,,,,,,
904oncgf,torque_efference_aug11,7,7,320061440,1634.543701171875,407.740234375,,,,,,
904oncgf,torque_efference_aug11,7,7,330055680,1643.5880126953125,405.052734375,,,,,,
904oncgf,torque_efference_aug11,7,7,340049920,1687.4984130859375,412.8017578125,,,,,,
904oncgf,torque_efference_aug11,7,7,350044160,1678.9921875,410.443359375,,,,,,
904oncgf,torque_efference_aug11,7,7,360038400,1698.76708984375,414.943359375,,,,,,
904oncgf,torque_efference_aug11,7,7,370032640,1715.2979736328125,418.9638671875,,,,,,
904oncgf,torque_efference_aug11,7,7,380026880,1755.9287109375,424.6806640625,,,,,,
904oncgf,torque_efference_aug11,7,7,390021120,1764.3226318359375,426.560546875,,,,,,
904oncgf,torque_efference_aug11,7,7,400015360,1754.31640625,423.5244140625,,,,,,
904oncgf,torque_efference_aug11,7,7,410009600,1782.947509765625,428.44140625,,,,,,
904oncgf,torque_efference_aug11,7,7,420003840,1754.9940185546875,423.3291015625,,,,,,
904oncgf,torque_efference_aug11,7,7,430080000,1801.10107421875,431.4013671875,,,,,,
904oncgf,torque_efference_aug11,7,7,440074240,1776.681396484375,423.9833984375,,,,,,
904oncgf,torque_efference_aug11,7,7,450068480,1811.3887939453125,432.68359375,,,,,,
904oncgf,torque_efference_aug11,7,7,460062720,1816.6629638671875,431.763671875,,,,,,
904oncgf,torque_efference_aug11,7,7,470056960,1831.53759765625,434.6005859375,,,,,,
904oncgf,torque_efference_aug11,7,7,480051200,1835.086669921875,434.95703125,,,,,,
904oncgf,torque_efference_aug11,7,7,490045440,1827.8245849609373,431.435546875,,,,,,
904oncgf,torque_efference_aug11,7,7,500039680,1870.695068359375,440.0400390625,,,,,,
904oncgf,torque_efference_aug11,7,7,510033920,1868.51416015625,439.744140625,,,,,,
904oncgf,torque_efference_aug11,7,7,520028160,1864.265625,438.9482421875,,,,,,
904oncgf,torque_efference_aug11,7,7,530022400,1874.5357666015625,440.0341796875,,,,,,
904oncgf,torque_efference_aug11,7,7,540016640,1831.3404541015625,433.189453125,,,,,,
904oncgf,torque_efference_aug11,7,7,550010880,1856.516357421875,436.23828125,,,,,,
904oncgf,torque_efference_aug11,7,7,560005120,1853.242919921875,435.3505859375,,,,,,
904oncgf,torque_efference_aug11,7,7,570081280,1877.194091796875,440.1904296875,,,,,,
904oncgf,torque_efference_aug11,7,7,580075520,1869.335205078125,437.51171875,,,,,,
904oncgf,torque_efference_aug11,7,7,590069760,1882.0975341796875,439.96484375,,,,,,
904oncgf,torque_efference_aug11,7,7,600064000,1862.65283203125,435.1181640625,,,,,,
dqjh25pb,torque_efference_aug11,8,8,0,328.5779724121094,191.8056640625,,,,,,
dqjh25pb,torque_efference_aug11,8,8,10076160,606.7791748046875,228.5654296875,,,,,,
dqjh25pb,torque_efference_aug11,8,8,20070400,670.9412841796875,233.013671875,,,,,,
dqjh25pb,torque_efference_aug11,8,8,30064640,688.8876953125,238.658203125,,,,,,
dqjh25pb,torque_efference_aug11,8,8,40058880,670.5654296875,228.009765625,,,,,,
dqjh25pb,torque_efference_aug11,8,8,50053120,648.8821411132812,227.28125,,,,,,
dqjh25pb,torque_efference_aug11,8,8,60047360,748.2974243164062,248.1328125,,,,,,
dqjh25pb,torque_efference_aug11,8,8,70041600,774.8782958984375,251.7626953125,,,,,,
dqjh25pb,torque_efference_aug11,8,8,80035840,810.4029541015625,260.7392578125,,,,,,
dqjh25pb,torque_efference_aug11,8,8,90030080,822.9256591796875,267.4052734375,,,,,,
dqjh25pb,torque_efference_aug11,8,8,100024320,852.7506103515625,265.1796875,,,,,,
dqjh25pb,torque_efference_aug11,8,8,110018560,889.6437377929688,267.3056640625,,,,,,
dqjh25pb,torque_efference_aug11,8,8,120012800,885.2725830078125,271.017578125,,,,,,
dqjh25pb,torque_efference_aug11,8,8,130007040,944.90869140625,283.38671875,,,,,,
dqjh25pb,torque_efference_aug11,8,8,140001280,954.942138671875,280.3134765625,,,,,,
dqjh25pb,torque_efference_aug11,8,8,150077440,960.496337890625,277.3828125,,,,,,
dqjh25pb,torque_efference_aug11,8,8,160071680,1006.380126953125,290.8115234375,,,,,,
dqjh25pb,torque_efference_aug11,8,8,170065920,1030.6656494140625,293.826171875,,,,,,
dqjh25pb,torque_efference_aug11,8,8,180060160,1061.963134765625,299.205078125,,,,,,
dqjh25pb,torque_efference_aug11,8,8,190054400,1069.73779296875,300.962890625,,,,,,
dqjh25pb,torque_efference_aug11,8,8,200048640,1089.4307861328125,302.3115234375,,,,,,
dqjh25pb,torque_efference_aug11,8,8,210042880,1128.6781005859375,312.1494140625,,,,,,
dqjh25pb,torque_efference_aug11,8,8,220037120,1142.0418701171875,309.9482421875,,,,,,
dqjh25pb,torque_efference_aug11,8,8,230031360,1188.9676513671875,318.4775390625,,,,,,
dqjh25pb,torque_efference_aug11,8,8,240025600,1269.4486083984375,338.6494140625,,,,,,
dqjh25pb,torque_efference_aug11,8,8,250019840,1346.128173828125,355.8125,,,,,,
dqjh25pb,torque_efference_aug11,8,8,260014080,1398.193115234375,363.6845703125,,,,,,
dqjh25pb,torque_efference_aug11,8,8,270008320,1456.87255859375,376.1689453125,,,,,,
dqjh25pb,torque_efference_aug11,8,8,280002560,1446.431640625,370.30078125,,,,,,
dqjh25pb,torque_efference_aug11,8,8,290078720,1498.7139892578125,381.2802734375,,,,,,
dqjh25pb,torque_efference_aug11,8,8,300072960,1519.85107421875,387.1962890625,,,,,,
dqjh25pb,torque_efference_aug11,8,8,310067200,1548.312255859375,388.59765625,,,,,,
dqjh25pb,torque_efference_aug11,8,8,320061440,1604.9384765625,401.48828125,,,,,,
dqjh25pb,torque_efference_aug11,8,8,330055680,1602.831298828125,399.1181640625,,,,,,
dqjh25pb,torque_efference_aug11,8,8,340049920,1613.943359375,401.2294921875,,,,,,
dqjh25pb,torque_efference_aug11,8,8,350044160,1634.529052734375,403.041015625,,,,,,
dqjh25pb,torque_efference_aug11,8,8,360038400,1640.60009765625,405.1650390625,,,,,,
dqjh25pb,torque_efference_aug11,8,8,370032640,1641.890869140625,404.021484375,,,,,,
dqjh25pb,torque_efference_aug11,8,8,380026880,1675.4591064453125,409.4443359375,,,,,,
dqjh25pb,torque_efference_aug11,8,8,390021120,1666.249267578125,405.748046875,,,,,,
dqjh25pb,torque_efference_aug11,8,8,400015360,1710.394775390625,416.615234375,,,,,,
dqjh25pb,torque_efference_aug11,8,8,410009600,1726.74169921875,418.669921875,,,,,,
dqjh25pb,torque_efference_aug11,8,8,420003840,1735.6512451171875,419.802734375,,,,,,
dqjh25pb,torque_efference_aug11,8,8,430080000,1717.03564453125,416.865234375,,,,,,
dqjh25pb,torque_efference_aug11,8,8,440074240,1726.6409912109375,417.0322265625,,,,,,
dqjh25pb,torque_efference_aug11,8,8,450068480,1738.2633056640625,418.74609375,,,,,,
dqjh25pb,torque_efference_aug11,8,8,460062720,1766.27685546875,423.9365234375,,,,,,
dqjh25pb,torque_efference_aug11,8,8,470056960,1767.638916015625,423.0791015625,,,,,,
dqjh25pb,torque_efference_aug11,8,8,480051200,1799.343017578125,429.228515625,,,,,,
dqjh25pb,torque_efference_aug11,8,8,490045440,1775.08984375,424.0107421875,,,,,,
dqjh25pb,torque_efference_aug11,8,8,500039680,1791.800048828125,428.572265625,,,,,,
dqjh25pb,torque_efference_aug11,8,8,510033920,1801.0274658203125,428.3662109375,,,,,,
dqjh25pb,torque_efference_aug11,8,8,520028160,1811.78857421875,431.1494140625,,,,,,
dqjh25pb,torque_efference_aug11,8,8,530022400,1787.8651123046875,426.0234375,,,,,,
dqjh25pb,torque_efference_aug11,8,8,540016640,1804.862548828125,428.9970703125,,,,,,
dqjh25pb,torque_efference_aug11,8,8,550010880,1825.74609375,433.1865234375,,,,,,
dqjh25pb,torque_efference_aug11,8,8,560005120,1843.68603515625,435.0556640625,,,,,,
dqjh25pb,torque_efference_aug11,8,8,570081280,1854.2047119140625,436.826171875,,,,,,
dqjh25pb,torque_efference_aug11,8,8,580075520,1843.4283447265625,435.232421875,,,,,,
dqjh25pb,torque_efference_aug11,8,8,590069760,1829.4921875,431.5341796875,,,,,,
dqjh25pb,torque_efference_aug11,8,8,600064000,1849.788818359375,434.9716796875,,,,,,
xgrebrix,torque_efference_aug11,9,9,0,332.748291015625,194.6201171875,,,,,,
xgrebrix,torque_efference_aug11,9,9,10076160,611.9586791992188,230.2177734375,,,,,,
xgrebrix,torque_efference_aug11,9,9,20070400,656.3788452148438,229.5029296875,,,,,,
xgrebrix,torque_efference_aug11,9,9,30064640,630.347412109375,214.3291015625,,,,,,
xgrebrix,torque_efference_aug11,9,9,40058880,636.0447387695312,218.28515625,,,,,,
xgrebrix,torque_efference_aug11,9,9,50053120,659.3175048828125,225.572265625,,,,,,
xgrebrix,torque_efference_aug11,9,9,60047360,698.0684204101562,239.0517578125,,,,,,
xgrebrix,torque_efference_aug11,9,9,70041600,791.7044677734375,259.5107421875,,,,,,
xgrebrix,torque_efference_aug11,9,9,80035840,863.559814453125,277.734375,,,,,,
xgrebrix,torque_efference_aug11,9,9,90030080,861.1671142578125,272.2802734375,,,,,,
xgrebrix,torque_efference_aug11,9,9,100024320,891.7239990234375,274.4599609375,,,,,,
xgrebrix,torque_efference_aug11,9,9,110018560,854.2982177734375,263.8115234375,,,,,,
xgrebrix,torque_efference_aug11,9,9,120012800,939.43408203125,279.7919921875,,,,,,
xgrebrix,torque_efference_aug11,9,9,130007040,946.3046875,277.267578125,,,,,,
xgrebrix,torque_efference_aug11,9,9,140001280,1003.40625,289.986328125,,,,,,
xgrebrix,torque_efference_aug11,9,9,150077440,996.9044189453124,287.32421875,,,,,,
xgrebrix,torque_efference_aug11,9,9,160071680,1037.38720703125,295.8955078125,,,,,,
xgrebrix,torque_efference_aug11,9,9,170065920,1036.65869140625,297.283203125,,,,,,
xgrebrix,torque_efference_aug11,9,9,180060160,1053.678466796875,297.6552734375,,,,,,
xgrebrix,torque_efference_aug11,9,9,190054400,1074.552490234375,302.859375,,,,,,
xgrebrix,torque_efference_aug11,9,9,200048640,1107.44677734375,310.8603515625,,,,,,
xgrebrix,torque_efference_aug11,9,9,210042880,1126.99365234375,315.6689453125,,,,,,
xgrebrix,torque_efference_aug11,9,9,220037120,1136.959716796875,319.7529296875,,,,,,
xgrebrix,torque_efference_aug11,9,9,230031360,1166.518310546875,321.859375,,,,,,
xgrebrix,torque_efference_aug11,9,9,240025600,1202.0535888671875,327.8564453125,,,,,,
xgrebrix,torque_efference_aug11,9,9,250019840,1203.4228515625,325.1142578125,,,,,,
xgrebrix,torque_efference_aug11,9,9,260014080,1276.4266357421875,345.1884765625,,,,,,
xgrebrix,torque_efference_aug11,9,9,270008320,1332.8636474609375,354.4677734375,,,,,,
xgrebrix,torque_efference_aug11,9,9,280002560,1395.4505615234375,369.283203125,,,,,,
xgrebrix,torque_efference_aug11,9,9,290078720,1417.100341796875,368.9482421875,,,,,,
xgrebrix,torque_efference_aug11,9,9,300072960,1483.070556640625,384.5859375,,,,,,
xgrebrix,torque_efference_aug11,9,9,310067200,1526.6915283203125,392.1025390625,,,,,,
xgrebrix,torque_efference_aug11,9,9,320061440,1547.587646484375,394.9501953125,,,,,,
xgrebrix,torque_efference_aug11,9,9,330055680,1556.397705078125,393.541015625,,,,,,
xgrebrix,torque_efference_aug11,9,9,340049920,1550.560302734375,390.4794921875,,,,,,
xgrebrix,torque_efference_aug11,9,9,350044160,1583.10205078125,400.9384765625,,,,,,
xgrebrix,torque_efference_aug11,9,9,360038400,1619.8795166015625,405.779296875,,,,,,
xgrebrix,torque_efference_aug11,9,9,370032640,1619.625,404.244140625,,,,,,
xgrebrix,torque_efference_aug11,9,9,380026880,1632.8980712890625,405.076171875,,,,,,
xgrebrix,torque_efference_aug11,9,9,390021120,1661.98681640625,411.822265625,,,,,,
xgrebrix,torque_efference_aug11,9,9,400015360,1637.46142578125,404.46484375,,,,,,
xgrebrix,torque_efference_aug11,9,9,410009600,1685.47216796875,414.703125,,,,,,
xgrebrix,torque_efference_aug11,9,9,420003840,1684.052490234375,411.65625,,,,,,
xgrebrix,torque_efference_aug11,9,9,430080000,1696.2216796875,415.6298828125,,,,,,
xgrebrix,torque_efference_aug11,9,9,440074240,1704.426513671875,416.876953125,,,,,,
xgrebrix,torque_efference_aug11,9,9,450068480,1722.36083984375,418.25,,,,,,
xgrebrix,torque_efference_aug11,9,9,460062720,1704.980224609375,415.08984375,,,,,,
xgrebrix,torque_efference_aug11,9,9,470056960,1720.51708984375,418.1962890625,,,,,,
xgrebrix,torque_efference_aug11,9,9,480051200,1745.912109375,420.6376953125,,,,,,
xgrebrix,torque_efference_aug11,9,9,490045440,1739.99658203125,419.23828125,,,,,,
xgrebrix,torque_efference_aug11,9,9,500039680,1750.4881591796875,422.11328125,,,,,,
xgrebrix,torque_efference_aug11,9,9,510033920,1757.40234375,421.306640625,,,,,,
xgrebrix,torque_efference_aug11,9,9,520028160,1760.7808837890625,424.54296875,,,,,,
xgrebrix,torque_efference_aug11,9,9,530022400,1753.0133056640625,420.958984375,,,,,,
xgrebrix,torque_efference_aug11,9,9,540016640,1759.30615234375,422.125,,,,,,
xgrebrix,torque_efference_aug11,9,9,550010880,1793.3741455078125,428.0498046875,,,,,,
xgrebrix,torque_efference_aug11,9,9,560005120,1791.0372314453125,428.45703125,,,,,,
xgrebrix,torque_efference_aug11,9,9,570081280,1786.3284912109375,428.447265625,,,,,,
xgrebrix,torque_efference_aug11,9,9,580075520,1827.771240234375,435.8359375,,,,,,
xgrebrix,torque_efference_aug11,9,9,590069760,1823.2098388671875,433.1181640625,,,,,,
xgrebrix,torque_efference_aug11,9,9,600064000,1809.122314453125,430.4814453125,,,,,,
vo7jiiwr,torque_efference_aug11,10,10,0,336.7684936523437,196.7021484375,,,,,,
vo7jiiwr,torque_efference_aug11,10,10,10076160,600.9557495117188,228.0224609375,,,,,,
vo7jiiwr,torque_efference_aug11,10,10,20070400,671.8544921875,232.73046875,,,,,,
vo7jiiwr,torque_efference_aug11,10,10,30064640,694.6015625,236.0380859375,,,,,,
vo7jiiwr,torque_efference_aug11,10,10,40058880,654.0918579101562,220.65234375,,,,,,
vo7jiiwr,torque_efference_aug11,10,10,50053120,674.1588134765625,233.9677734375,,,,,,
vo7jiiwr,torque_efference_aug11,10,10,60047360,675.5634155273438,235.3486328125,,,,,,
vo7jiiwr,torque_efference_aug11,10,10,70041600,759.9869384765625,256.1064453125,,,,,,
vo7jiiwr,torque_efference_aug11,10,10,80035840,781.2012939453125,263.8740234375,,,,,,
vo7jiiwr,torque_efference_aug11,10,10,90030080,847.971923828125,266.705078125,,,,,,
vo7jiiwr,torque_efference_aug11,10,10,100024320,825.0587768554688,262.4482421875,,,,,,
vo7jiiwr,torque_efference_aug11,10,10,110018560,873.3673095703125,272.65625,,,,,,
vo7jiiwr,torque_efference_aug11,10,10,120012800,897.9083251953125,276.572265625,,,,,,
vo7jiiwr,torque_efference_aug11,10,10,130007040,891.4895629882812,273.6640625,,,,,,
vo7jiiwr,torque_efference_aug11,10,10,140001280,955.16162109375,287.24609375,,,,,,
vo7jiiwr,torque_efference_aug11,10,10,150077440,998.0006103515624,293.970703125,,,,,,
vo7jiiwr,torque_efference_aug11,10,10,160071680,996.5357666015624,288.6015625,,,,,,
vo7jiiwr,torque_efference_aug11,10,10,170065920,1010.0576171875,291.70703125,,,,,,
vo7jiiwr,torque_efference_aug11,10,10,180060160,1031.019287109375,295.7265625,,,,,,
vo7jiiwr,torque_efference_aug11,10,10,190054400,1039.82861328125,295.998046875,,,,,,
vo7jiiwr,torque_efference_aug11,10,10,200048640,1049.2197265625,295.60546875,,,,,,
vo7jiiwr,torque_efference_aug11,10,10,210042880,1076.5579833984375,306.3095703125,,,,,,
vo7jiiwr,torque_efference_aug11,10,10,220037120,1095.5814208984375,305.478515625,,,,,,
vo7jiiwr,torque_efference_aug11,10,10,230031360,1124.2181396484375,311.2822265625,,,,,,
vo7jiiwr,torque_efference_aug11,10,10,240025600,1150.7164306640625,314.109375,,,,,,
vo7jiiwr,torque_efference_aug11,10,10,250019840,1188.139892578125,322.1513671875,,,,,,
vo7jiiwr,torque_efference_aug11,10,10,260014080,1251.93603515625,338.7724609375,,,,,,
vo7jiiwr,torque_efference_aug11,10,10,270008320,1267.326416015625,341.9248046875,,,,,,
vo7jiiwr,torque_efference_aug11,10,10,280002560,1336.655517578125,354.44140625,,,,,,
vo7jiiwr,torque_efference_aug11,10,10,290078720,1372.7989501953125,365.404296875,,,,,,
vo7jiiwr,torque_efference_aug11,10,10,300072960,1390.8995361328125,366.173828125,,,,,,
vo7jiiwr,torque_efference_aug11,10,10,310067200,1474.18505859375,383.73046875,,,,,,
vo7jiiwr,torque_efference_aug11,10,10,320061440,1504.161865234375,387.931640625,,,,,,
vo7jiiwr,torque_efference_aug11,10,10,330055680,1513.0986328125,389.927734375,,,,,,
vo7jiiwr,torque_efference_aug11,10,10,340049920,1530.625244140625,392.857421875,,,,,,
vo7jiiwr,torque_efference_aug11,10,10,350044160,1556.944091796875,395.740234375,,,,,,
vo7jiiwr,torque_efference_aug11,10,10,360038400,1596.16015625,403.8330078125,,,,,,
vo7jiiwr,torque_efference_aug11,10,10,370032640,1607.601318359375,405.0087890625,,,,,,
vo7jiiwr,torque_efference_aug11,10,10,380026880,1587.8173828125,398.6826171875,,,,,,
vo7jiiwr,torque_efference_aug11,10,10,390021120,1588.052490234375,400.8056640625,,,,,,
vo7jiiwr,torque_efference_aug11,10,10,400015360,1634.096435546875,411.3310546875,,,,,,
vo7jiiwr,torque_efference_aug11,10,10,410009600,1635.994384765625,408.583984375,,,,,,
vo7jiiwr,torque_efference_aug11,10,10,420003840,1628.001220703125,402.1748046875,,,,,,
vo7jiiwr,torque_efference_aug11,10,10,430080000,1604.60595703125,399.6982421875,,,,,,
vo7jiiwr,torque_efference_aug11,10,10,440074240,1605.7568359375,398.5771484375,,,,,,
vo7jiiwr,torque_efference_aug11,10,10,450068480,1649.05615234375,407.6650390625,,,,,,
vo7jiiwr,torque_efference_aug11,10,10,460062720,1681.3182373046875,415.033203125,,,,,,
vo7jiiwr,torque_efference_aug11,10,10,470056960,1677.284912109375,411.9296875,,,,,,
vo7jiiwr,torque_efference_aug11,10,10,480051200,1696.5419921875,415.9794921875,,,,,,
vo7jiiwr,torque_efference_aug11,10,10,490045440,1700.10888671875,416.099609375,,,,,,
vo7jiiwr,torque_efference_aug11,10,10,500039680,1692.5439453125,413.4873046875,,,,,,
vo7jiiwr,torque_efference_aug11,10,10,510033920,1720.07861328125,419.201171875,,,,,,
vo7jiiwr,torque_efference_aug11,10,10,520028160,1705.212158203125,415.623046875,,,,,,
vo7jiiwr,torque_efference_aug11,10,10,530022400,1734.7236328125,421.2509765625,,,,,,
vo7jiiwr,torque_efference_aug11,10,10,540016640,1721.43603515625,415.9580078125,,,,,,
vo7jiiwr,torque_efference_aug11,10,10,550010880,1733.301513671875,420.0390625,,,,,,
vo7jiiwr,torque_efference_aug11,10,10,560005120,1737.72607421875,419.05859375,,,,,,
vo7jiiwr,torque_efference_aug11,10,10,570081280,1754.9508056640625,423.4599609375,,,,,,
vo7jiiwr,torque_efference_aug11,10,10,580075520,1759.1539306640625,424.703125,,,,,,
vo7jiiwr,torque_efference_aug11,10,10,590069760,1752.536376953125,421.9912109375,,,,,,
vo7jiiwr,torque_efference_aug11,10,10,600064000,1768.671142578125,426.2353515625,,,,,,
op8eyyba,torque_efference_aug11,12,12,0,342.5337219238281,199.943359375,,,,,,
op8eyyba,torque_efference_aug11,12,12,10076160,580.9424438476562,221.0556640625,,,,,,
op8eyyba,torque_efference_aug11,12,12,20070400,651.687255859375,225.2802734375,,,,,,
op8eyyba,torque_efference_aug11,12,12,30064640,649.3173828125,224.28125,,,,,,
op8eyyba,torque_efference_aug11,12,12,40058880,680.6160278320312,234.982421875,,,,,,
op8eyyba,torque_efference_aug11,12,12,50053120,680.9967651367188,236.8583984375,,,,,,
op8eyyba,torque_efference_aug11,12,12,60047360,720.3085327148438,245.990234375,,,,,,
op8eyyba,torque_efference_aug11,12,12,70041600,779.0372314453125,257.716796875,,,,,,
op8eyyba,torque_efference_aug11,12,12,80035840,770.6246337890625,258.6982421875,,,,,,
op8eyyba,torque_efference_aug11,12,12,90030080,814.3936767578125,264.8876953125,,,,,,
op8eyyba,torque_efference_aug11,12,12,100024320,846.4051513671875,277.2236328125,,,,,,
op8eyyba,torque_efference_aug11,12,12,110018560,876.271240234375,273.916015625,,,,,,
op8eyyba,torque_efference_aug11,12,12,120012800,896.0471801757812,278.5146484375,,,,,,
op8eyyba,torque_efference_aug11,12,12,130007040,880.9872436523438,273.349609375,,,,,,
op8eyyba,torque_efference_aug11,12,12,140001280,903.827392578125,276.251953125,,,,,,
op8eyyba,torque_efference_aug11,12,12,150077440,926.774658203125,281.7236328125,,,,,,
op8eyyba,torque_efference_aug11,12,12,160071680,972.437744140625,290.0546875,,,,,,
op8eyyba,torque_efference_aug11,12,12,170065920,986.728515625,289.654296875,,,,,,
op8eyyba,torque_efference_aug11,12,12,180060160,1005.6590576171876,293.5087890625,,,,,,
op8eyyba,torque_efference_aug11,12,12,190054400,1030.528076171875,295.6328125,,,,,,
op8eyyba,torque_efference_aug11,12,12,200048640,1051.4949951171875,300.857421875,,,,,,
op8eyyba,torque_efference_aug11,12,12,210042880,1055.6656494140625,301.49609375,,,,,,
op8eyyba,torque_efference_aug11,12,12,220037120,1065.2470703125,304.9072265625,,,,,,
op8eyyba,torque_efference_aug11,12,12,230031360,1086.3271484375,309.291015625,,,,,,
op8eyyba,torque_efference_aug11,12,12,240025600,1100.109375,309.1337890625,,,,,,
op8eyyba,torque_efference_aug11,12,12,250019840,1156.2314453125,324.6787109375,,,,,,
op8eyyba,torque_efference_aug11,12,12,260014080,1160.2969970703125,322.017578125,,,,,,
op8eyyba,torque_efference_aug11,12,12,270008320,1164.498779296875,322.978515625,,,,,,
op8eyyba,torque_efference_aug11,12,12,280002560,1224.4962158203125,334.2744140625,,,,,,
op8eyyba,torque_efference_aug11,12,12,290078720,1296.097900390625,351.25,,,,,,
op8eyyba,torque_efference_aug11,12,12,300072960,1354.728759765625,368.2421875,,,,,,
op8eyyba,torque_efference_aug11,12,12,310067200,1382.8779296875,370.3251953125,,,,,,
op8eyyba,torque_efference_aug11,12,12,320061440,1390.2728271484375,368.0927734375,,,,,,
op8eyyba,torque_efference_aug11,12,12,330055680,1465.35986328125,387.365234375,,,,,,
op8eyyba,torque_efference_aug11,12,12,340049920,1486.7255859375,388.83984375,,,,,,
op8eyyba,torque_efference_aug11,12,12,350044160,1504.25390625,390.10546875,,,,,,
op8eyyba,torque_efference_aug11,12,12,360038400,1502.2415771484375,389.1015625,,,,,,
op8eyyba,torque_efference_aug11,12,12,370032640,1509.7974853515625,387.498046875,,,,,,
op8eyyba,torque_efference_aug11,12,12,380026880,1544.4093017578125,396.900390625,,,,,,
op8eyyba,torque_efference_aug11,12,12,390021120,1547.821533203125,395.2119140625,,,,,,
op8eyyba,torque_efference_aug11,12,12,400015360,1564.086669921875,397.2724609375,,,,,,
op8eyyba,torque_efference_aug11,12,12,410009600,1566.539306640625,398.390625,,,,,,
op8eyyba,torque_efference_aug11,12,12,420003840,1600.42578125,403.8779296875,,,,,,
op8eyyba,torque_efference_aug11,12,12,430080000,1594.2890625,402.845703125,,,,,,
op8eyyba,torque_efference_aug11,12,12,440074240,1603.28125,402.9833984375,,,,,,
op8eyyba,torque_efference_aug11,12,12,450068480,1611.1800537109375,405.44921875,,,,,,
op8eyyba,torque_efference_aug11,12,12,460062720,1583.7919921875,396.8447265625,,,,,,
op8eyyba,torque_efference_aug11,12,12,470056960,1631.515625,406.447265625,,,,,,
op8eyyba,torque_efference_aug11,12,12,480051200,1611.475341796875,402.91796875,,,,,,
op8eyyba,torque_efference_aug11,12,12,490045440,1637.3221435546875,409.3369140625,,,,,,
op8eyyba,torque_efference_aug11,12,12,500039680,1643.598388671875,408.576171875,,,,,,
op8eyyba,torque_efference_aug11,12,12,510033920,1646.796875,408.513671875,,,,,,
op8eyyba,torque_efference_aug11,12,12,520028160,1671.7838134765625,413.0595703125,,,,,,
op8eyyba,torque_efference_aug11,12,12,530022400,1653.893798828125,410.1640625,,,,,,
op8eyyba,torque_efference_aug11,12,12,540016640,1659.234130859375,410.705078125,,,,,,
op8eyyba,torque_efference_aug11,12,12,550010880,1648.896484375,407.7412109375,,,,,,
op8eyyba,torque_efference_aug11,12,12,560005120,1652.166259765625,408.978515625,,,,,,
op8eyyba,torque_efference_aug11,12,12,570081280,1684.7265625,413.1376953125,,,,,,
op8eyyba,torque_efference_aug11,12,12,580075520,1668.7808837890625,409.259765625,,,,,,
op8eyyba,torque_efference_aug11,12,12,590069760,1671.796875,408.3603515625,,,,,,
op8eyyba,torque_efference_aug11,12,12,600064000,1702.493896484375,418.4931640625,,,,,,
mpmlfb9i,torque_efference_aug11,15,15,0,351.49005126953125,204.7744140625,,,,,,
mpmlfb9i,torque_efference_aug11,15,15,10076160,580.9286499023438,218.2705078125,,,,,,
mpmlfb9i,torque_efference_aug11,15,15,20070400,625.551513671875,220.29296875,,,,,,
mpmlfb9i,torque_efference_aug11,15,15,30064640,670.3013305664062,231.873046875,,,,,,
mpmlfb9i,torque_efference_aug11,15,15,40058880,663.5436401367188,231.4130859375,,,,,,
mpmlfb9i,torque_efference_aug11,15,15,50053120,660.203369140625,232.4775390625,,,,,,
mpmlfb9i,torque_efference_aug11,15,15,60047360,659.4510498046875,235.658203125,,,,,,
mpmlfb9i,torque_efference_aug11,15,15,70041600,737.619140625,250.8330078125,,,,,,
mpmlfb9i,torque_efference_aug11,15,15,80035840,785.7235107421875,263.2734375,,,,,,
mpmlfb9i,torque_efference_aug11,15,15,90030080,789.303466796875,262.4501953125,,,,,,
mpmlfb9i,torque_efference_aug11,15,15,100024320,774.1458740234375,258.876953125,,,,,,
mpmlfb9i,torque_efference_aug11,15,15,110018560,829.701171875,267.74609375,,,,,,
mpmlfb9i,torque_efference_aug11,15,15,120012800,832.1708984375,271.2939453125,,,,,,
mpmlfb9i,torque_efference_aug11,15,15,130007040,811.514892578125,264.796875,,,,,,
mpmlfb9i,torque_efference_aug11,15,15,140001280,865.0333251953125,274.3955078125,,,,,,
mpmlfb9i,torque_efference_aug11,15,15,150077440,910.141845703125,282.6455078125,,,,,,
mpmlfb9i,torque_efference_aug11,15,15,160071680,918.986572265625,281.4931640625,,,,,,
mpmlfb9i,torque_efference_aug11,15,15,170065920,931.2120361328124,282.7998046875,,,,,,
mpmlfb9i,torque_efference_aug11,15,15,180060160,976.9739990234376,293.2158203125,,,,,,
mpmlfb9i,torque_efference_aug11,15,15,190054400,964.6270751953124,289.5712890625,,,,,,
mpmlfb9i,torque_efference_aug11,15,15,200048640,984.9940185546876,291.1298828125,,,,,,
mpmlfb9i,torque_efference_aug11,15,15,210042880,1000.8875732421876,293.4404296875,,,,,,
mpmlfb9i,torque_efference_aug11,15,15,220037120,993.2138061523438,290.1875,,,,,,
mpmlfb9i,torque_efference_aug11,15,15,230031360,1018.54248046875,295.2314453125,,,,,,
mpmlfb9i,torque_efference_aug11,15,15,240025600,1036.043701171875,297.146484375,,,,,,
mpmlfb9i,torque_efference_aug11,15,15,250019840,1054.916259765625,301.5029296875,,,,,,
mpmlfb9i,torque_efference_aug11,15,15,260014080,1069.4686279296875,308.5888671875,,,,,,
mpmlfb9i,torque_efference_aug11,15,15,270008320,1067.71435546875,303.9599609375,,,,,,
mpmlfb9i,torque_efference_aug11,15,15,280002560,1070.47412109375,304.8134765625,,,,,,
mpmlfb9i,torque_efference_aug11,15,15,290078720,1113.11279296875,313.216796875,,,,,,
mpmlfb9i,torque_efference_aug11,15,15,300072960,1131.43505859375,317.19140625,,,,,,
mpmlfb9i,torque_efference_aug11,15,15,310067200,1150.48095703125,321.6875,,,,,,
mpmlfb9i,torque_efference_aug11,15,15,320061440,1186.3135986328125,326.7138671875,,,,,,
mpmlfb9i,torque_efference_aug11,15,15,330055680,1202.185302734375,332.68359375,,,,,,
mpmlfb9i,torque_efference_aug11,15,15,340049920,1266.266845703125,343.865234375,,,,,,
mpmlfb9i,torque_efference_aug11,15,15,350044160,1286.8333740234375,352.791015625,,,,,,
mpmlfb9i,torque_efference_aug11,15,15,360038400,1298.042724609375,353.4423828125,,,,,,
mpmlfb9i,torque_efference_aug11,15,15,370032640,1306.7763671875,351.130859375,,,,,,
mpmlfb9i,torque_efference_aug11,15,15,380026880,1335.315185546875,358.4931640625,,,,,,
mpmlfb9i,torque_efference_aug11,15,15,390021120,1363.4835205078125,363.7275390625,,,,,,
mpmlfb9i,torque_efference_aug11,15,15,400015360,1428.1868896484375,379.74609375,,,,,,
mpmlfb9i,torque_efference_aug11,15,15,410009600,1466.994384765625,384.17578125,,,,,,
mpmlfb9i,torque_efference_aug11,15,15,420003840,1458.8896484375,380.5283203125,,,,,,
mpmlfb9i,torque_efference_aug11,15,15,430080000,1493.732421875,387.1328125,,,,,,
mpmlfb9i,torque_efference_aug11,15,15,440074240,1474.8189697265625,386.083984375,,,,,,
mpmlfb9i,torque_efference_aug11,15,15,450068480,1496.067138671875,389.541015625,,,,,,
mpmlfb9i,torque_efference_aug11,15,15,460062720,1527.767578125,393.6083984375,,,,,,
mpmlfb9i,torque_efference_aug11,15,15,470056960,1545.6436767578125,393.673828125,,,,,,
mpmlfb9i,torque_efference_aug11,15,15,480051200,1553.568603515625,398.3662109375,,,,,,
mpmlfb9i,torque_efference_aug11,15,15,490045440,1524.9400634765625,393.0703125,,,,,,
mpmlfb9i,torque_efference_aug11,15,15,500039680,1545.565673828125,393.3544921875,,,,,,
mpmlfb9i,torque_efference_aug11,15,15,510033920,1564.38623046875,395.849609375,,,,,,
mpmlfb9i,torque_efference_aug11,15,15,520028160,1573.2939453125,400.83984375,,,,,,
mpmlfb9i,torque_efference_aug11,15,15,530022400,1561.4493408203125,395.3857421875,,,,,,
mpmlfb9i,torque_efference_aug11,15,15,540016640,1589.552978515625,402.0224609375,,,,,,
mpmlfb9i,torque_efference_aug11,15,15,550010880,1592.2633056640625,399.77734375,,,,,,
mpmlfb9i,torque_efference_aug11,15,15,560005120,1585.219970703125,399.115234375,,,,,,
mpmlfb9i,torque_efference_aug11,15,15,570081280,1592.735107421875,401.96484375,,,,,,
mpmlfb9i,torque_efference_aug11,15,15,580075520,1610.55224609375,404.8544921875,,,,,,
mpmlfb9i,torque_efference_aug11,15,15,590069760,1619.9222412109375,406.5068359375,,,,,,
mpmlfb9i,torque_efference_aug11,15,15,600064000,1609.5628662109375,404.4423828125,,,,,,
7qbsx2pa,torque_efference_aug11,20,20,0,364.4948120117188,210.041015625,,,,,,
7qbsx2pa,torque_efference_aug11,20,20,10076160,561.11474609375,213.2783203125,,,,,,
7qbsx2pa,torque_efference_aug11,20,20,20070400,622.4747314453125,222.3310546875,,,,,,
7qbsx2pa,torque_efference_aug11,20,20,30064640,593.1494140625,209.3154296875,,,,,,
7qbsx2pa,torque_efference_aug11,20,20,40058880,668.5405883789062,232.8212890625,,,,,,
7qbsx2pa,torque_efference_aug11,20,20,50053120,654.9866943359375,234.4130859375,,,,,,
7qbsx2pa,torque_efference_aug11,20,20,60047360,675.428955078125,240.0029296875,,,,,,
7qbsx2pa,torque_efference_aug11,20,20,70041600,721.005126953125,248.525390625,,,,,,
7qbsx2pa,torque_efference_aug11,20,20,80035840,751.4273681640625,258.4013671875,,,,,,
7qbsx2pa,torque_efference_aug11,20,20,90030080,764.8800048828125,256.9169921875,,,,,,
7qbsx2pa,torque_efference_aug11,20,20,100024320,786.13427734375,263.2763671875,,,,,,
7qbsx2pa,torque_efference_aug11,20,20,110018560,818.9319458007812,267.72265625,,,,,,
7qbsx2pa,torque_efference_aug11,20,20,120012800,842.0769653320312,274.974609375,,,,,,
7qbsx2pa,torque_efference_aug11,20,20,130007040,839.1453857421875,276.408203125,,,,,,
7qbsx2pa,torque_efference_aug11,20,20,140001280,867.7818603515625,277.576171875,,,,,,
7qbsx2pa,torque_efference_aug11,20,20,150077440,876.835205078125,274.8642578125,,,,,,
7qbsx2pa,torque_efference_aug11,20,20,160071680,868.28466796875,273.38671875,,,,,,
7qbsx2pa,torque_efference_aug11,20,20,170065920,861.9535522460938,274.8974609375,,,,,,
7qbsx2pa,torque_efference_aug11,20,20,180060160,901.6975708007812,281.4228515625,,,,,,
7qbsx2pa,torque_efference_aug11,20,20,190054400,917.661865234375,284.552734375,,,,,,
7qbsx2pa,torque_efference_aug11,20,20,200048640,914.7899780273438,282.6611328125,,,,,,
7qbsx2pa,torque_efference_aug11,20,20,210042880,925.53564453125,285.076171875,,,,,,
7qbsx2pa,torque_efference_aug11,20,20,220037120,931.4287109375,287.720703125,,,,,,
7qbsx2pa,torque_efference_aug11,20,20,230031360,957.970703125,291.251953125,,,,,,
7qbsx2pa,torque_efference_aug11,20,20,240025600,973.7984619140624,292.1962890625,,,,,,
7qbsx2pa,torque_efference_aug11,20,20,250019840,997.60107421875,300.2578125,,,,,,
7qbsx2pa,torque_efference_aug11,20,20,260014080,992.610107421875,301.7841796875,,,,,,
7qbsx2pa,torque_efference_aug11,20,20,270008320,1022.9419555664062,305.150390625,,,,,,
7qbsx2pa,torque_efference_aug11,20,20,280002560,1012.7171630859376,302.724609375,,,,,,
7qbsx2pa,torque_efference_aug11,20,20,290078720,1026.5789794921875,303.9248046875,,,,,,
7qbsx2pa,torque_efference_aug11,20,20,300072960,1042.823974609375,306.3525390625,,,,,,
7qbsx2pa,torque_efference_aug11,20,20,310067200,1060.063720703125,314.6025390625,,,,,,
7qbsx2pa,torque_efference_aug11,20,20,320061440,1081.590087890625,318.9169921875,,,,,,
7qbsx2pa,torque_efference_aug11,20,20,330055680,1081.113525390625,317.0205078125,,,,,,
7qbsx2pa,torque_efference_aug11,20,20,340049920,1094.161376953125,320.822265625,,,,,,
7qbsx2pa,torque_efference_aug11,20,20,350044160,1118.7200927734375,327.5419921875,,,,,,
7qbsx2pa,torque_efference_aug11,20,20,360038400,1158.049560546875,336.8994140625,,,,,,
7qbsx2pa,torque_efference_aug11,20,20,370032640,1142.789794921875,330.828125,,,,,,
7qbsx2pa,torque_efference_aug11,20,20,380026880,1164.6982421875,338.751953125,,,,,,
7qbsx2pa,torque_efference_aug11,20,20,390021120,1184.3094482421875,340.6953125,,,,,,
7qbsx2pa,torque_efference_aug11,20,20,400015360,1205.27294921875,345.490234375,,,,,,
7qbsx2pa,torque_efference_aug11,20,20,410009600,1223.30322265625,347.2431640625,,,,,,
7qbsx2pa,torque_efference_aug11,20,20,420003840,1232.24609375,350.4765625,,,,,,
7qbsx2pa,torque_efference_aug11,20,20,430080000,1205.32568359375,341.4287109375,,,,,,
7qbsx2pa,torque_efference_aug11,20,20,440074240,1230.682373046875,345.1455078125,,,,,,
7qbsx2pa,torque_efference_aug11,20,20,450068480,1280.3369140625,355.1103515625,,,,,,
7qbsx2pa,torque_efference_aug11,20,20,460062720,1290.9144287109375,354.7880859375,,,,,,
7qbsx2pa,torque_efference_aug11,20,20,470056960,1296.380859375,357.1083984375,,,,,,
7qbsx2pa,torque_efference_aug11,20,20,480051200,1333.0689697265625,362.0830078125,,,,,,
7qbsx2pa,torque_efference_aug11,20,20,490045440,1405.9970703125,378.77734375,,,,,,
7qbsx2pa,torque_efference_aug11,20,20,500039680,1388.742919921875,372.76953125,,,,,,
7qbsx2pa,torque_efference_aug11,20,20,510033920,1402.624755859375,376.8662109375,,,,,,
7qbsx2pa,torque_efference_aug11,20,20,520028160,1413.547119140625,381.2177734375,,,,,,
7qbsx2pa,torque_efference_aug11,20,20,530022400,1422.1812744140625,378.255859375,,,,,,
7qbsx2pa,torque_efference_aug11,20,20,540016640,1398.79248046875,372.6591796875,,,,,,
7qbsx2pa,torque_efference_aug11,20,20,550010880,1412.485107421875,374.15234375,,,,,,
7qbsx2pa,torque_efference_aug11,20,20,560005120,1401.538330078125,371.69140625,,,,,,
7qbsx2pa,torque_efference_aug11,20,20,570081280,1422.47900390625,378.2392578125,,,,,,
7qbsx2pa,torque_efference_aug11,20,20,580075520,1440.1646728515625,378.96875,,,,,,
7qbsx2pa,torque_efference_aug11,20,20,590069760,1449.130859375,380.43359375,,,,,,
7qbsx2pa,torque_efference_aug11,20,20,600064000,1453.219482421875,380.8720703125,,,,,,
8j703ofi,torque_efference_aug11,25,25,0,375.5317993164063,215.611328125,,,,,,
8j703ofi,torque_efference_aug11,25,25,10076160,575.93017578125,221.521484375,,,,,,
8j703ofi,torque_efference_aug11,25,25,20070400,604.0596923828125,223.4599609375,,,,,,
8j703ofi,torque_efference_aug11,25,25,30064640,649.6868896484375,229.625,,,,,,
8j703ofi,torque_efference_aug11,25,25,40058880,680.625732421875,236.6015625,,,,,,
8j703ofi,torque_efference_aug11,25,25,50053120,691.7709350585938,241.779296875,,,,,,
8j703ofi,torque_efference_aug11,25,25,60047360,696.3894653320312,245.2099609375,,,,,,
8j703ofi,torque_efference_aug11,25,25,70041600,706.873291015625,247.162109375,,,,,,
8j703ofi,torque_efference_aug11,25,25,80035840,731.55224609375,252.9228515625,,,,,,
8j703ofi,torque_efference_aug11,25,25,90030080,730.4517822265625,251.1845703125,,,,,,
8j703ofi,torque_efference_aug11,25,25,100024320,744.7227172851562,255.71875,,,,,,
8j703ofi,torque_efference_aug11,25,25,110018560,752.060302734375,255.09765625,,,,,,
8j703ofi,torque_efference_aug11,25,25,120012800,823.3441772460938,271.17578125,,,,,,
8j703ofi,torque_efference_aug11,25,25,130007040,797.3289794921875,262.5673828125,,,,,,
8j703ofi,torque_efference_aug11,25,25,140001280,829.464599609375,269.3076171875,,,,,,
8j703ofi,torque_efference_aug11,25,25,150077440,830.8510131835938,272.7099609375,,,,,,
8j703ofi,torque_efference_aug11,25,25,160071680,831.688232421875,270.666015625,,,,,,
8j703ofi,torque_efference_aug11,25,25,170065920,846.72998046875,273.5693359375,,,,,,
8j703ofi,torque_efference_aug11,25,25,180060160,869.0411376953125,277.8095703125,,,,,,
8j703ofi,torque_efference_aug11,25,25,190054400,874.7666015625,275.828125,,,,,,
8j703ofi,torque_efference_aug11,25,25,200048640,873.9478759765625,278.25,,,,,,
8j703ofi,torque_efference_aug11,25,25,210042880,902.3125,283.66796875,,,,,,
8j703ofi,torque_efference_aug11,25,25,220037120,890.6582641601562,281.8564453125,,,,,,
8j703ofi,torque_efference_aug11,25,25,230031360,893.5269775390625,279.8681640625,,,,,,
8j703ofi,torque_efference_aug11,25,25,240025600,906.2327880859376,282.5146484375,,,,,,
8j703ofi,torque_efference_aug11,25,25,250019840,926.007080078125,287.7021484375,,,,,,
8j703ofi,torque_efference_aug11,25,25,260014080,935.4652709960938,289.0048828125,,,,,,
8j703ofi,torque_efference_aug11,25,25,270008320,901.868408203125,283.5546875,,,,,,
8j703ofi,torque_efference_aug11,25,25,280002560,940.6783447265624,288.517578125,,,,,,
8j703ofi,torque_efference_aug11,25,25,290078720,972.5305786132812,296.1650390625,,,,,,
8j703ofi,torque_efference_aug11,25,25,300072960,971.40087890625,295.94921875,,,,,,
8j703ofi,torque_efference_aug11,25,25,310067200,970.464111328125,291.36328125,,,,,,
8j703ofi,torque_efference_aug11,25,25,320061440,982.216064453125,299.5654296875,,,,,,
8j703ofi,torque_efference_aug11,25,25,330055680,994.6107177734376,300.6474609375,,,,,,
8j703ofi,torque_efference_aug11,25,25,340049920,968.4903564453124,292.310546875,,,,,,
8j703ofi,torque_efference_aug11,25,25,350044160,966.2874145507812,293.091796875,,,,,,
8j703ofi,torque_efference_aug11,25,25,360038400,997.7470703125,298.66015625,,,,,,
8j703ofi,torque_efference_aug11,25,25,370032640,1029.803955078125,306.3642578125,,,,,,
8j703ofi,torque_efference_aug11,25,25,380026880,1021.1856689453124,303.0595703125,,,,,,
8j703ofi,torque_efference_aug11,25,25,390021120,1029.0577392578125,305.3798828125,,,,,,
8j703ofi,torque_efference_aug11,25,25,400015360,1014.94384765625,303.3935546875,,,,,,
8j703ofi,torque_efference_aug11,25,25,410009600,1028.921630859375,303.669921875,,,,,,
8j703ofi,torque_efference_aug11,25,25,420003840,1032.955810546875,305.33984375,,,,,,
8j703ofi,torque_efference_aug11,25,25,430080000,1044.5189208984375,304.97265625,,,,,,
8j703ofi,torque_efference_aug11,25,25,440074240,1060.115234375,307.3310546875,,,,,,
8j703ofi,torque_efference_aug11,25,25,450068480,1067.3143310546875,310.16015625,,,,,,
8j703ofi,torque_efference_aug11,25,25,460062720,1075.47509765625,309.1201171875,,,,,,
8j703ofi,torque_efference_aug11,25,25,470056960,1116.4912109375,317.8232421875,,,,,,
8j703ofi,torque_efference_aug11,25,25,480051200,1121.219970703125,322.171875,,,,,,
8j703ofi,torque_efference_aug11,25,25,490045440,1133.1253662109375,326.2373046875,,,,,,
8j703ofi,torque_efference_aug11,25,25,500039680,1136.2030029296875,323.6298828125,,,,,,
8j703ofi,torque_efference_aug11,25,25,510033920,1135.9844970703125,323.4052734375,,,,,,
8j703ofi,torque_efference_aug11,25,25,520028160,1148.26611328125,327.291015625,,,,,,
8j703ofi,torque_efference_aug11,25,25,530022400,1168.6466064453125,330.6494140625,,,,,,
8j703ofi,torque_efference_aug11,25,25,540016640,1179.70068359375,335.5654296875,,,,,,
8j703ofi,torque_efference_aug11,25,25,550010880,1173.673095703125,332.8369140625,,,,,,
8j703ofi,torque_efference_aug11,25,25,560005120,1180.646728515625,334.4921875,,,,,,
8j703ofi,torque_efference_aug11,25,25,570081280,1192.504638671875,331.6962890625,,,,,,
8j703ofi,torque_efference_aug11,25,25,580075520,1182.7547607421875,329.212890625,,,,,,
8j703ofi,torque_efference_aug11,25,25,590069760,1163.6318359375,323.9052734375,,,,,,
8j703ofi,torque_efference_aug11,25,25,600064000,1196.625732421875,336.140625,,,,,,
2fiwhyiz,torque_efference_aug11,30,30,0,381.544189453125,217.0595703125,,,,,,
2fiwhyiz,torque_efference_aug11,30,30,10076160,580.962158203125,225.6005859375,,,,,,
2fiwhyiz,torque_efference_aug11,30,30,20070400,600.9835205078125,218.5390625,,,,,,
2fiwhyiz,torque_efference_aug11,30,30,30064640,632.5335693359375,227.708984375,,,,,,
2fiwhyiz,torque_efference_aug11,30,30,40058880,649.636474609375,228.357421875,,,,,,
2fiwhyiz,torque_efference_aug11,30,30,50053120,633.5093383789062,219.4990234375,,,,,,
2fiwhyiz,torque_efference_aug11,30,30,60047360,682.64599609375,235.6953125,,,,,,
2fiwhyiz,torque_efference_aug11,30,30,70041600,670.5721435546875,238.5361328125,,,,,,
2fiwhyiz,torque_efference_aug11,30,30,80035840,692.8414916992188,241.30078125,,,,,,
2fiwhyiz,torque_efference_aug11,30,30,90030080,715.4962158203125,248.478515625,,,,,,
2fiwhyiz,torque_efference_aug11,30,30,100024320,743.7600708007812,253.056640625,,,,,,
2fiwhyiz,torque_efference_aug11,30,30,110018560,766.2127685546875,259.44140625,,,,,,
2fiwhyiz,torque_efference_aug11,30,30,120012800,762.338134765625,257.8671875,,,,,,
2fiwhyiz,torque_efference_aug11,30,30,130007040,789.69873046875,265.8603515625,,,,,,
2fiwhyiz,torque_efference_aug11,30,30,140001280,819.9049072265625,271.7919921875,,,,,,
2fiwhyiz,torque_efference_aug11,30,30,150077440,826.4818115234375,272.779296875,,,,,,
2fiwhyiz,torque_efference_aug11,30,30,160071680,818.0608520507812,270.482421875,,,,,,
2fiwhyiz,torque_efference_aug11,30,30,170065920,858.430908203125,273.7158203125,,,,,,
2fiwhyiz,torque_efference_aug11,30,30,180060160,850.4920043945312,274.853515625,,,,,,
2fiwhyiz,torque_efference_aug11,30,30,190054400,864.1904296875,275.2705078125,,,,,,
2fiwhyiz,torque_efference_aug11,30,30,200048640,888.7029418945312,280.505859375,,,,,,
2fiwhyiz,torque_efference_aug11,30,30,210042880,869.5587158203125,275.525390625,,,,,,
2fiwhyiz,torque_efference_aug11,30,30,220037120,897.8460083007812,283.578125,,,,,,
2fiwhyiz,torque_efference_aug11,30,30,230031360,899.4119873046875,283.380859375,,,,,,
2fiwhyiz,torque_efference_aug11,30,30,240025600,890.283447265625,278.9345703125,,,,,,
2fiwhyiz,torque_efference_aug11,30,30,250019840,885.15673828125,283.640625,,,,,,
2fiwhyiz,torque_efference_aug11,30,30,260014080,896.067138671875,279.212890625,,,,,,
2fiwhyiz,torque_efference_aug11,30,30,270008320,902.4276123046876,282.1591796875,,,,,,
2fiwhyiz,torque_efference_aug11,30,30,280002560,929.74072265625,286.279296875,,,,,,
2fiwhyiz,torque_efference_aug11,30,30,290078720,897.21044921875,279.55078125,,,,,,
2fiwhyiz,torque_efference_aug11,30,30,300072960,912.7998657226562,280.8134765625,,,,,,
2fiwhyiz,torque_efference_aug11,30,30,310067200,935.7561645507812,283.3203125,,,,,,
2fiwhyiz,torque_efference_aug11,30,30,320061440,936.191162109375,286.9013671875,,,,,,
2fiwhyiz,torque_efference_aug11,30,30,330055680,908.5689086914062,280.15625,,,,,,
2fiwhyiz,torque_efference_aug11,30,30,340049920,970.465576171875,293.734375,,,,,,
2fiwhyiz,torque_efference_aug11,30,30,350044160,977.2457275390624,291.5107421875,,,,,,
2fiwhyiz,torque_efference_aug11,30,30,360038400,977.2572021484376,291.484375,,,,,,
2fiwhyiz,torque_efference_aug11,30,30,370032640,971.42041015625,291.3369140625,,,,,,
2fiwhyiz,torque_efference_aug11,30,30,380026880,971.3782958984376,291.01953125,,,,,,
2fiwhyiz,torque_efference_aug11,30,30,390021120,984.6746826171876,297.22265625,,,,,,
2fiwhyiz,torque_efference_aug11,30,30,400015360,1004.1846313476562,300.626953125,,,,,,
2fiwhyiz,torque_efference_aug11,30,30,410009600,1020.9933471679688,304.8115234375,,,,,,
2fiwhyiz,torque_efference_aug11,30,30,420003840,1004.764404296875,301.6796875,,,,,,
2fiwhyiz,torque_efference_aug11,30,30,430080000,1024.388427734375,305.1083984375,,,,,,
2fiwhyiz,torque_efference_aug11,30,30,440074240,1015.9658813476562,299.4990234375,,,,,,
2fiwhyiz,torque_efference_aug11,30,30,450068480,1040.549072265625,307.1416015625,,,,,,
2fiwhyiz,torque_efference_aug11,30,30,460062720,1014.7381591796876,300.44140625,,,,,,
2fiwhyiz,torque_efference_aug11,30,30,470056960,1053.04296875,308.1611328125,,,,,,
2fiwhyiz,torque_efference_aug11,30,30,480051200,1018.8876953125,298.98828125,,,,,,
2fiwhyiz,torque_efference_aug11,30,30,490045440,1046.083984375,306.662109375,,,,,,
2fiwhyiz,torque_efference_aug11,30,30,500039680,1057.48095703125,308.9541015625,,,,,,
2fiwhyiz,torque_efference_aug11,30,30,510033920,1048.3404541015625,306.0986328125,,,,,,
2fiwhyiz,torque_efference_aug11,30,30,520028160,1016.4590454101562,298.9912109375,,,,,,
2fiwhyiz,torque_efference_aug11,30,30,530022400,1034.778076171875,305.1279296875,,,,,,
2fiwhyiz,torque_efference_aug11,30,30,540016640,1058.88818359375,310.205078125,,,,,,
2fiwhyiz,torque_efference_aug11,30,30,550010880,1059.892333984375,311.05859375,,,,,,
2fiwhyiz,torque_efference_aug11,30,30,560005120,1077.6158447265625,313.349609375,,,,,,
2fiwhyiz,torque_efference_aug11,30,30,570081280,1086.3182373046875,318.43359375,,,,,,
2fiwhyiz,torque_efference_aug11,30,30,580075520,1124.9638671875,328.033203125,,,,,,
2fiwhyiz,torque_efference_aug11,30,30,590069760,1131.2119140625,329.248046875,,,,,,
2fiwhyiz,torque_efference_aug11,30,30,600064000,1149.9036865234375,332.8291015625,,,,,,
g1eehkgv,torque_efference_aug11,40,40,0,391.76861572265625,219.634765625,,,,,,
g1eehkgv,torque_efference_aug11,40,40,10076160,562.160400390625,218.2451171875,,,,,,
g1eehkgv,torque_efference_aug11,40,40,20070400,595.3077392578125,221.6484375,,,,,,
g1eehkgv,torque_efference_aug11,40,40,30064640,636.1603393554688,226.19140625,,,,,,
g1eehkgv,torque_efference_aug11,40,40,40058880,619.322509765625,219.30859375,,,,,,
g1eehkgv,torque_efference_aug11,40,40,50053120,647.5478515625,223.33203125,,,,,,
g1eehkgv,torque_efference_aug11,40,40,60047360,648.2732543945312,229.0830078125,,,,,,
g1eehkgv,torque_efference_aug11,40,40,70041600,671.7908325195312,232.8916015625,,,,,,
g1eehkgv,torque_efference_aug11,40,40,80035840,722.3238525390625,250.5322265625,,,,,,
g1eehkgv,torque_efference_aug11,40,40,90030080,704.5863037109375,245.1123046875,,,,,,
g1eehkgv,torque_efference_aug11,40,40,100024320,770.63671875,263.052734375,,,,,,
g1eehkgv,torque_efference_aug11,40,40,110018560,770.7055053710938,261.7138671875,,,,,,
g1eehkgv,torque_efference_aug11,40,40,120012800,803.918701171875,270.947265625,,,,,,
g1eehkgv,torque_efference_aug11,40,40,130007040,796.7889404296875,267.5869140625,,,,,,
g1eehkgv,torque_efference_aug11,40,40,140001280,804.386962890625,267.1181640625,,,,,,
g1eehkgv,torque_efference_aug11,40,40,150077440,823.9317626953125,274.001953125,,,,,,
g1eehkgv,torque_efference_aug11,40,40,160071680,836.99462890625,276.708984375,,,,,,
g1eehkgv,torque_efference_aug11,40,40,170065920,831.685791015625,277.2080078125,,,,,,
g1eehkgv,torque_efference_aug11,40,40,180060160,820.7893676757812,272.0078125,,,,,,
g1eehkgv,torque_efference_aug11,40,40,190054400,828.5574951171875,275.5859375,,,,,,
g1eehkgv,torque_efference_aug11,40,40,200048640,855.0371704101562,281.3828125,,,,,,
g1eehkgv,torque_efference_aug11,40,40,210042880,859.1921997070312,279.3115234375,,,,,,
g1eehkgv,torque_efference_aug11,40,40,220037120,882.9558715820312,287.8642578125,,,,,,
g1eehkgv,torque_efference_aug11,40,40,230031360,860.9911499023438,281.2060546875,,,,,,
g1eehkgv,torque_efference_aug11,40,40,240025600,865.4953002929688,281.9853515625,,,,,,
g1eehkgv,torque_efference_aug11,40,40,250019840,858.1278686523438,282.072265625,,,,,,
g1eehkgv,torque_efference_aug11,40,40,260014080,883.5267944335938,285.7841796875,,,,,,
g1eehkgv,torque_efference_aug11,40,40,270008320,885.5167236328125,286.185546875,,,,,,
g1eehkgv,torque_efference_aug11,40,40,280002560,884.4972534179688,285.365234375,,,,,,
g1eehkgv,torque_efference_aug11,40,40,290078720,870.7914428710938,279.6708984375,,,,,,
g1eehkgv,torque_efference_aug11,40,40,300072960,896.5662841796875,286.349609375,,,,,,
g1eehkgv,torque_efference_aug11,40,40,310067200,834.8619384765625,273.0654296875,,,,,,
g1eehkgv,torque_efference_aug11,40,40,320061440,871.6156005859375,282.296875,,,,,,
g1eehkgv,torque_efference_aug11,40,40,330055680,898.23193359375,288.8125,,,,,,
g1eehkgv,torque_efference_aug11,40,40,340049920,902.4612426757812,288.310546875,,,,,,
g1eehkgv,torque_efference_aug11,40,40,350044160,914.885986328125,288.732421875,,,,,,
g1eehkgv,torque_efference_aug11,40,40,360038400,904.7708740234376,289.7646484375,,,,,,
g1eehkgv,torque_efference_aug11,40,40,370032640,903.753173828125,289.732421875,,,,,,
g1eehkgv,torque_efference_aug11,40,40,380026880,898.421630859375,283.6572265625,,,,,,
g1eehkgv,torque_efference_aug11,40,40,390021120,928.4857177734376,295.8935546875,,,,,,
g1eehkgv,torque_efference_aug11,40,40,400015360,925.8158569335938,291.302734375,,,,,,
g1eehkgv,torque_efference_aug11,40,40,410009600,890.705810546875,283.294921875,,,,,,
g1eehkgv,torque_efference_aug11,40,40,420003840,896.3216552734375,282.572265625,,,,,,
g1eehkgv,torque_efference_aug11,40,40,430080000,927.498046875,290.134765625,,,,,,
g1eehkgv,torque_efference_aug11,40,40,440074240,940.7978515625,295.6201171875,,,,,,
g1eehkgv,torque_efference_aug11,40,40,450068480,944.083251953125,296.0234375,,,,,,
g1eehkgv,torque_efference_aug11,40,40,460062720,914.351318359375,282.611328125,,,,,,
g1eehkgv,torque_efference_aug11,40,40,470056960,947.4500732421876,290.5849609375,,,,,,
g1eehkgv,torque_efference_aug11,40,40,480051200,904.6248779296876,278.67578125,,,,,,
g1eehkgv,torque_efference_aug11,40,40,490045440,946.960693359375,289.1630859375,,,,,,
g1eehkgv,torque_efference_aug11,40,40,500039680,921.1824951171876,286.9248046875,,,,,,
g1eehkgv,torque_efference_aug11,40,40,510033920,918.5736694335938,286.1806640625,,,,,,
g1eehkgv,torque_efference_aug11,40,40,520028160,958.2606201171876,296.5458984375,,,,,,
g1eehkgv,torque_efference_aug11,40,40,530022400,979.7841796875,299.890625,,,,,,
g1eehkgv,torque_efference_aug11,40,40,540016640,977.090087890625,295.8671875,,,,,,
g1eehkgv,torque_efference_aug11,40,40,550010880,981.277587890625,295.572265625,,,,,,
g1eehkgv,torque_efference_aug11,40,40,560005120,987.9138793945312,299.60546875,,,,,,
g1eehkgv,torque_efference_aug11,40,40,570081280,993.45703125,300.1396484375,,,,,,
g1eehkgv,torque_efference_aug11,40,40,580075520,992.1019897460938,298.4501953125,,,,,,
g1eehkgv,torque_efference_aug11,40,40,590069760,979.3702392578124,297.431640625,,,,,,
g1eehkgv,torque_efference_aug11,40,40,600064000,988.9984130859376,298.7333984375,,,,,,
d4dtnb5x,torque_efference_aug11,50,50,0,399.4388427734375,222.9013671875,,,,,,
d4dtnb5x,torque_efference_aug11,50,50,10076160,518.982666015625,206.7568359375,,,,,,
d4dtnb5x,torque_efference_aug11,50,50,20070400,598.317626953125,222.900390625,,,,,,
d4dtnb5x,torque_efference_aug11,50,50,30064640,601.8143920898438,218.20703125,,,,,,
d4dtnb5x,torque_efference_aug11,50,50,40058880,617.9431762695312,217.177734375,,,,,,
d4dtnb5x,torque_efference_aug11,50,50,50053120,658.019287109375,232.34375,,,,,,
d4dtnb5x,torque_efference_aug11,50,50,60047360,662.4159545898438,228.79296875,,,,,,
d4dtnb5x,torque_efference_aug11,50,50,70041600,656.4564208984375,232.41796875,,,,,,
d4dtnb5x,torque_efference_aug11,50,50,80035840,727.9730224609375,252.0830078125,,,,,,
d4dtnb5x,torque_efference_aug11,50,50,90030080,730.2288818359375,252.771484375,,,,,,
d4dtnb5x,torque_efference_aug11,50,50,100024320,745.4564819335938,255.6953125,,,,,,
d4dtnb5x,torque_efference_aug11,50,50,110018560,748.0557861328125,251.8896484375,,,,,,
d4dtnb5x,torque_efference_aug11,50,50,120012800,755.93798828125,257.751953125,,,,,,
d4dtnb5x,torque_efference_aug11,50,50,130007040,786.2191162109375,266.0,,,,,,
d4dtnb5x,torque_efference_aug11,50,50,140001280,799.155029296875,269.2490234375,,,,,,
d4dtnb5x,torque_efference_aug11,50,50,150077440,791.9567260742188,267.7236328125,,,,,,
d4dtnb5x,torque_efference_aug11,50,50,160071680,782.141357421875,266.0498046875,,,,,,
d4dtnb5x,torque_efference_aug11,50,50,170065920,778.579833984375,261.8798828125,,,,,,
d4dtnb5x,torque_efference_aug11,50,50,180060160,792.035400390625,267.35546875,,,,,,
d4dtnb5x,torque_efference_aug11,50,50,190054400,793.6444091796875,268.0634765625,,,,,,
d4dtnb5x,torque_efference_aug11,50,50,200048640,792.605712890625,269.4697265625,,,,,,
d4dtnb5x,torque_efference_aug11,50,50,210042880,834.2567749023438,278.482421875,,,,,,
d4dtnb5x,torque_efference_aug11,50,50,220037120,831.928955078125,277.0048828125,,,,,,
d4dtnb5x,torque_efference_aug11,50,50,230031360,822.3907470703125,275.03125,,,,,,
d4dtnb5x,torque_efference_aug11,50,50,240025600,813.93408203125,270.9287109375,,,,,,
d4dtnb5x,torque_efference_aug11,50,50,250019840,811.39306640625,272.06640625,,,,,,
d4dtnb5x,torque_efference_aug11,50,50,260014080,806.730224609375,268.404296875,,,,,,
d4dtnb5x,torque_efference_aug11,50,50,270008320,822.0153198242188,272.5546875,,,,,,
d4dtnb5x,torque_efference_aug11,50,50,280002560,834.34521484375,275.23046875,,,,,,
d4dtnb5x,torque_efference_aug11,50,50,290078720,825.163818359375,274.9072265625,,,,,,
d4dtnb5x,torque_efference_aug11,50,50,300072960,847.6038818359375,277.59375,,,,,,
d4dtnb5x,torque_efference_aug11,50,50,310067200,841.9581298828125,271.1201171875,,,,,,
d4dtnb5x,torque_efference_aug11,50,50,320061440,848.979736328125,278.1123046875,,,,,,
d4dtnb5x,torque_efference_aug11,50,50,330055680,845.617919921875,275.068359375,,,,,,
d4dtnb5x,torque_efference_aug11,50,50,340049920,855.970458984375,279.3212890625,,,,,,
d4dtnb5x,torque_efference_aug11,50,50,350044160,857.8211059570312,279.6572265625,,,,,,
d4dtnb5x,torque_efference_aug11,50,50,360038400,844.5343017578125,276.400390625,,,,,,
d4dtnb5x,torque_efference_aug11,50,50,370032640,836.1455078125,278.064453125,,,,,,
d4dtnb5x,torque_efference_aug11,50,50,380026880,851.5806884765625,275.5390625,,,,,,
d4dtnb5x,torque_efference_aug11,50,50,390021120,856.413330078125,276.8125,,,,,,
d4dtnb5x,torque_efference_aug11,50,50,400015360,847.961669921875,275.6552734375,,,,,,
d4dtnb5x,torque_efference_aug11,50,50,410009600,860.9051513671875,278.8076171875,,,,,,
d4dtnb5x,torque_efference_aug11,50,50,420003840,867.7872314453125,283.416015625,,,,,,
d4dtnb5x,torque_efference_aug11,50,50,430080000,889.9880981445312,285.75390625,,,,,,
d4dtnb5x,torque_efference_aug11,50,50,440074240,880.5388793945312,282.119140625,,,,,,
d4dtnb5x,torque_efference_aug11,50,50,450068480,868.6900024414062,281.7265625,,,,,,
d4dtnb5x,torque_efference_aug11,50,50,460062720,881.8965454101562,282.1015625,,,,,,
d4dtnb5x,torque_efference_aug11,50,50,470056960,869.61474609375,280.4130859375,,,,,,
d4dtnb5x,torque_efference_aug11,50,50,480051200,880.1854248046875,281.4970703125,,,,,,
d4dtnb5x,torque_efference_aug11,50,50,490045440,886.0844116210938,279.9619140625,,,,,,
d4dtnb5x,torque_efference_aug11,50,50,500039680,884.8372802734375,282.1767578125,,,,,,
d4dtnb5x,torque_efference_aug11,50,50,510033920,895.5448608398438,286.119140625,,,,,,
d4dtnb5x,torque_efference_aug11,50,50,520028160,889.99853515625,284.51171875,,,,,,
d4dtnb5x,torque_efference_aug11,50,50,530022400,873.9420166015625,280.6767578125,,,,,,
d4dtnb5x,torque_efference_aug11,50,50,540016640,859.406005859375,279.958984375,,,,,,
d4dtnb5x,torque_efference_aug11,50,50,550010880,880.5587158203125,280.9599609375,,,,,,
d4dtnb5x,torque_efference_aug11,50,50,560005120,886.4193115234375,285.82421875,,,,,,
d4dtnb5x,torque_efference_aug11,50,50,570081280,898.8590087890625,283.7900390625,,,,,,
d4dtnb5x,torque_efference_aug11,50,50,580075520,891.923583984375,283.7646484375,,,,,,
d4dtnb5x,torque_efference_aug11,50,50,590069760,872.9454345703125,278.669921875,,,,,,
d4dtnb5x,torque_efference_aug11,50,50,600064000,892.2049560546875,281.0390625,,,,,,
n1igz0o8,torque_efference_aug11,60,60,0,404.27490234375,223.861328125,,,,,,
n1igz0o8,torque_efference_aug11,60,60,10076160,533.5205078125,213.33984375,,,,,,
n1igz0o8,torque_efference_aug11,60,60,20070400,597.2657470703125,224.8125,,,,,,
n1igz0o8,torque_efference_aug11,60,60,30064640,608.7942504882812,224.9443359375,,,,,,
n1igz0o8,torque_efference_aug11,60,60,40058880,635.4683837890625,231.265625,,,,,,
n1igz0o8,torque_efference_aug11,60,60,50053120,647.112548828125,231.8154296875,,,,,,
n1igz0o8,torque_efference_aug11,60,60,60047360,643.2582397460938,232.970703125,,,,,,
n1igz0o8,torque_efference_aug11,60,60,70041600,644.4031982421875,231.4208984375,,,,,,
n1igz0o8,torque_efference_aug11,60,60,80035840,641.6547241210938,234.0986328125,,,,,,
n1igz0o8,torque_efference_aug11,60,60,90030080,647.4139404296875,228.8662109375,,,,,,
n1igz0o8,torque_efference_aug11,60,60,100024320,701.7744750976562,245.142578125,,,,,,
n1igz0o8,torque_efference_aug11,60,60,110018560,692.9591064453125,244.6474609375,,,,,,
n1igz0o8,torque_efference_aug11,60,60,120012800,716.063232421875,252.984375,,,,,,
n1igz0o8,torque_efference_aug11,60,60,130007040,755.3817138671875,261.6376953125,,,,,,
n1igz0o8,torque_efference_aug11,60,60,140001280,774.6439819335938,266.9140625,,,,,,
n1igz0o8,torque_efference_aug11,60,60,150077440,779.3866577148438,268.138671875,,,,,,
n1igz0o8,torque_efference_aug11,60,60,160071680,777.160400390625,268.4033203125,,,,,,
n1igz0o8,torque_efference_aug11,60,60,170065920,781.82373046875,269.6044921875,,,,,,
n1igz0o8,torque_efference_aug11,60,60,180060160,786.4443969726562,266.908203125,,,,,,
n1igz0o8,torque_efference_aug11,60,60,190054400,804.1129150390625,275.2607421875,,,,,,
n1igz0o8,torque_efference_aug11,60,60,200048640,787.2306518554688,269.662109375,,,,,,
n1igz0o8,torque_efference_aug11,60,60,210042880,812.4598388671875,274.169921875,,,,,,
n1igz0o8,torque_efference_aug11,60,60,220037120,807.8069458007812,273.208984375,,,,,,
n1igz0o8,torque_efference_aug11,60,60,230031360,810.5313720703125,271.61328125,,,,,,
n1igz0o8,torque_efference_aug11,60,60,240025600,817.5415649414062,274.771484375,,,,,,
n1igz0o8,torque_efference_aug11,60,60,250019840,815.157958984375,276.47265625,,,,,,
n1igz0o8,torque_efference_aug11,60,60,260014080,841.6806640625,284.0751953125,,,,,,
n1igz0o8,torque_efference_aug11,60,60,270008320,834.5865478515625,278.7197265625,,,,,,
n1igz0o8,torque_efference_aug11,60,60,280002560,823.1495971679688,277.251953125,,,,,,
n1igz0o8,torque_efference_aug11,60,60,290078720,823.7493286132812,278.9599609375,,,,,,
n1igz0o8,torque_efference_aug11,60,60,300072960,836.3477172851562,277.1572265625,,,,,,
n1igz0o8,torque_efference_aug11,60,60,310067200,830.7669677734375,277.576171875,,,,,,
n1igz0o8,torque_efference_aug11,60,60,320061440,832.593017578125,278.1630859375,,,,,,
n1igz0o8,torque_efference_aug11,60,60,330055680,837.1455078125,278.234375,,,,,,
n1igz0o8,torque_efference_aug11,60,60,340049920,839.3487548828125,279.341796875,,,,,,
n1igz0o8,torque_efference_aug11,60,60,350044160,865.42041015625,283.716796875,,,,,,
n1igz0o8,torque_efference_aug11,60,60,360038400,849.1680297851562,278.2578125,,,,,,
n1igz0o8,torque_efference_aug11,60,60,370032640,865.8626708984375,282.4658203125,,,,,,
n1igz0o8,torque_efference_aug11,60,60,380026880,857.6731567382812,277.8125,,,,,,
n1igz0o8,torque_efference_aug11,60,60,390021120,875.2593383789062,285.27734375,,,,,,
n1igz0o8,torque_efference_aug11,60,60,400015360,840.321044921875,276.990234375,,,,,,
n1igz0o8,torque_efference_aug11,60,60,410009600,834.5582275390625,279.2119140625,,,,,,
n1igz0o8,torque_efference_aug11,60,60,420003840,875.0623779296875,288.1865234375,,,,,,
n1igz0o8,torque_efference_aug11,60,60,430080000,883.1565551757812,284.4970703125,,,,,,
n1igz0o8,torque_efference_aug11,60,60,440074240,858.540771484375,283.4365234375,,,,,,
n1igz0o8,torque_efference_aug11,60,60,450068480,845.9224853515625,278.234375,,,,,,
n1igz0o8,torque_efference_aug11,60,60,460062720,858.8549194335938,283.4951171875,,,,,,
n1igz0o8,torque_efference_aug11,60,60,470056960,874.003662109375,279.232421875,,,,,,
n1igz0o8,torque_efference_aug11,60,60,480051200,870.5736083984375,282.7509765625,,,,,,
n1igz0o8,torque_efference_aug11,60,60,490045440,847.771484375,281.0517578125,,,,,,
n1igz0o8,torque_efference_aug11,60,60,500039680,870.41748046875,282.3251953125,,,,,,
n1igz0o8,torque_efference_aug11,60,60,510033920,881.066162109375,286.005859375,,,,,,
n1igz0o8,torque_efference_aug11,60,60,520028160,891.2415161132812,288.5439453125,,,,,,
n1igz0o8,torque_efference_aug11,60,60,530022400,867.7574462890625,281.3935546875,,,,,,
n1igz0o8,torque_efference_aug11,60,60,540016640,850.9219970703125,274.4482421875,,,,,,
n1igz0o8,torque_efference_aug11,60,60,550010880,877.3356323242188,285.3203125,,,,,,
n1igz0o8,torque_efference_aug11,60,60,560005120,868.1954345703125,279.5029296875,,,,,,
n1igz0o8,torque_efference_aug11,60,60,570081280,859.9283447265625,281.9814453125,,,,,,
n1igz0o8,torque_efference_aug11,60,60,580075520,875.088134765625,283.3623046875,,,,,,
n1igz0o8,torque_efference_aug11,60,60,590069760,833.5595092773438,274.9892578125,,,,,,
n1igz0o8,torque_efference_aug11,60,60,600064000,824.7849731445312,273.6796875,,,,,,
cfq1srhp,torque_efference_aug11,70,70,0,407.2478637695313,224.0634765625,,,,,,
cfq1srhp,torque_efference_aug11,70,70,10076160,486.937744140625,200.6640625,,,,,,
cfq1srhp,torque_efference_aug11,70,70,20070400,534.2470092773438,201.2021484375,,,,,,
cfq1srhp,torque_efference_aug11,70,70,30064640,594.4268188476562,220.3955078125,,,,,,
cfq1srhp,torque_efference_aug11,70,70,40058880,580.5700073242188,214.15234375,,,,,,
cfq1srhp,torque_efference_aug11,70,70,50053120,591.988037109375,209.458984375,,,,,,
cfq1srhp,torque_efference_aug11,70,70,60047360,656.482666015625,227.9306640625,,,,,,
cfq1srhp,torque_efference_aug11,70,70,70041600,577.6981201171875,201.7490234375,,,,,,
cfq1srhp,torque_efference_aug11,70,70,80035840,621.9927978515625,217.859375,,,,,,
cfq1srhp,torque_efference_aug11,70,70,90030080,680.21044921875,235.3388671875,,,,,,
cfq1srhp,torque_efference_aug11,70,70,100024320,707.518798828125,242.572265625,,,,,,
cfq1srhp,torque_efference_aug11,70,70,110018560,724.8153076171875,248.7197265625,,,,,,
cfq1srhp,torque_efference_aug11,70,70,120012800,742.7609252929688,253.7158203125,,,,,,
cfq1srhp,torque_efference_aug11,70,70,130007040,751.35302734375,257.533203125,,,,,,
cfq1srhp,torque_efference_aug11,70,70,140001280,745.273193359375,254.5283203125,,,,,,
cfq1srhp,torque_efference_aug11,70,70,150077440,756.4170532226562,256.7060546875,,,,,,
cfq1srhp,torque_efference_aug11,70,70,160071680,770.8058471679688,263.7275390625,,,,,,
cfq1srhp,torque_efference_aug11,70,70,170065920,778.3515625,264.8994140625,,,,,,
cfq1srhp,torque_efference_aug11,70,70,180060160,766.2244873046875,260.7890625,,,,,,
cfq1srhp,torque_efference_aug11,70,70,190054400,770.55078125,259.0771484375,,,,,,
cfq1srhp,torque_efference_aug11,70,70,200048640,780.594482421875,268.3876953125,,,,,,
cfq1srhp,torque_efference_aug11,70,70,210042880,778.781494140625,261.197265625,,,,,,
cfq1srhp,torque_efference_aug11,70,70,220037120,795.1448364257812,268.0751953125,,,,,,
cfq1srhp,torque_efference_aug11,70,70,230031360,803.43701171875,266.4052734375,,,,,,
cfq1srhp,torque_efference_aug11,70,70,240025600,819.4322509765625,273.5048828125,,,,,,
cfq1srhp,torque_efference_aug11,70,70,250019840,817.3505859375,269.134765625,,,,,,
cfq1srhp,torque_efference_aug11,70,70,260014080,823.7281494140625,274.201171875,,,,,,
cfq1srhp,torque_efference_aug11,70,70,270008320,832.6492919921875,274.0888671875,,,,,,
cfq1srhp,torque_efference_aug11,70,70,280002560,819.3627319335938,270.107421875,,,,,,
cfq1srhp,torque_efference_aug11,70,70,290078720,839.0811157226562,276.490234375,,,,,,
cfq1srhp,torque_efference_aug11,70,70,300072960,836.4952392578125,275.65234375,,,,,,
cfq1srhp,torque_efference_aug11,70,70,310067200,815.882080078125,271.552734375,,,,,,
cfq1srhp,torque_efference_aug11,70,70,320061440,847.866455078125,277.4365234375,,,,,,
cfq1srhp,torque_efference_aug11,70,70,330055680,835.4923095703125,276.5546875,,,,,,
cfq1srhp,torque_efference_aug11,70,70,340049920,849.4261474609375,278.2939453125,,,,,,
cfq1srhp,torque_efference_aug11,70,70,350044160,832.880859375,276.73828125,,,,,,
cfq1srhp,torque_efference_aug11,70,70,360038400,845.6732177734375,278.390625,,,,,,
cfq1srhp,torque_efference_aug11,70,70,370032640,827.30078125,275.2333984375,,,,,,
cfq1srhp,torque_efference_aug11,70,70,380026880,838.91162109375,278.537109375,,,,,,
cfq1srhp,torque_efference_aug11,70,70,390021120,828.21728515625,276.087890625,,,,,,
cfq1srhp,torque_efference_aug11,70,70,400015360,841.69140625,281.7890625,,,,,,
cfq1srhp,torque_efference_aug11,70,70,410009600,849.5786743164062,280.421875,,,,,,
cfq1srhp,torque_efference_aug11,70,70,420003840,846.36181640625,281.373046875,,,,,,
cfq1srhp,torque_efference_aug11,70,70,430080000,841.4456787109375,280.994140625,,,,,,
cfq1srhp,torque_efference_aug11,70,70,440074240,839.124267578125,278.8544921875,,,,,,
cfq1srhp,torque_efference_aug11,70,70,450068480,847.3761596679688,278.8017578125,,,,,,
cfq1srhp,torque_efference_aug11,70,70,460062720,850.7186279296875,280.736328125,,,,,,
cfq1srhp,torque_efference_aug11,70,70,470056960,841.572021484375,281.599609375,,,,,,
cfq1srhp,torque_efference_aug11,70,70,480051200,863.5908203125,282.5224609375,,,,,,
cfq1srhp,torque_efference_aug11,70,70,490045440,860.8809814453125,282.2373046875,,,,,,
cfq1srhp,torque_efference_aug11,70,70,500039680,849.3927001953125,276.474609375,,,,,,
cfq1srhp,torque_efference_aug11,70,70,510033920,849.5408325195312,279.8056640625,,,,,,
cfq1srhp,torque_efference_aug11,70,70,520028160,855.7989501953125,278.7822265625,,,,,,
cfq1srhp,torque_efference_aug11,70,70,530022400,832.327880859375,273.8671875,,,,,,
cfq1srhp,torque_efference_aug11,70,70,540016640,845.7264404296875,274.189453125,,,,,,
cfq1srhp,torque_efference_aug11,70,70,550010880,854.2090454101562,275.931640625,,,,,,
cfq1srhp,torque_efference_aug11,70,70,560005120,872.9146118164062,286.20703125,,,,,,
cfq1srhp,torque_efference_aug11,70,70,570081280,857.0660400390625,278.0234375,,,,,,
cfq1srhp,torque_efference_aug11,70,70,580075520,881.8370361328125,282.7021484375,,,,,,
cfq1srhp,torque_efference_aug11,70,70,590069760,880.1448364257812,285.671875,,,,,,
cfq1srhp,torque_efference_aug11,70,70,600064000,864.9951171875,279.234375,,,,,,
qynq5js2,torque_efference_aug11,80,80,0,410.6525268554688,224.826171875,,,,,,
qynq5js2,torque_efference_aug11,80,80,10076160,477.2764587402344,188.7421875,,,,,,
qynq5js2,torque_efference_aug11,80,80,20070400,531.81982421875,200.984375,,,,,,
qynq5js2,torque_efference_aug11,80,80,30064640,567.962158203125,210.8515625,,,,,,
qynq5js2,torque_efference_aug11,80,80,40058880,541.5247802734375,193.5859375,,,,,,
qynq5js2,torque_efference_aug11,80,80,50053120,610.0033569335938,218.9501953125,,,,,,
qynq5js2,torque_efference_aug11,80,80,60047360,600.6944580078125,218.0703125,,,,,,
qynq5js2,torque_efference_aug11,80,80,70041600,616.197998046875,213.625,,,,,,
qynq5js2,torque_efference_aug11,80,80,80035840,623.093505859375,219.7451171875,,,,,,
qynq5js2,torque_efference_aug11,80,80,90030080,642.689453125,222.828125,,,,,,
qynq5js2,torque_efference_aug11,80,80,100024320,673.8729248046875,236.9482421875,,,,,,
qynq5js2,torque_efference_aug11,80,80,110018560,704.7133178710938,246.4560546875,,,,,,
qynq5js2,torque_efference_aug11,80,80,120012800,723.4456176757812,250.5576171875,,,,,,
qynq5js2,torque_efference_aug11,80,80,130007040,744.0941162109375,258.0224609375,,,,,,
qynq5js2,torque_efference_aug11,80,80,140001280,753.7926025390625,258.0283203125,,,,,,
qynq5js2,torque_efference_aug11,80,80,150077440,762.129150390625,265.91796875,,,,,,
qynq5js2,torque_efference_aug11,80,80,160071680,741.2662963867188,257.3623046875,,,,,,
qynq5js2,torque_efference_aug11,80,80,170065920,761.9268798828125,259.154296875,,,,,,
qynq5js2,torque_efference_aug11,80,80,180060160,771.4476318359375,269.6533203125,,,,,,
qynq5js2,torque_efference_aug11,80,80,190054400,749.2908935546875,255.9775390625,,,,,,
qynq5js2,torque_efference_aug11,80,80,200048640,767.4927978515625,261.4296875,,,,,,
qynq5js2,torque_efference_aug11,80,80,210042880,757.795654296875,253.8837890625,,,,,,
qynq5js2,torque_efference_aug11,80,80,220037120,781.3676147460938,264.3818359375,,,,,,
qynq5js2,torque_efference_aug11,80,80,230031360,768.8201293945312,261.662109375,,,,,,
qynq5js2,torque_efference_aug11,80,80,240025600,789.89306640625,266.0439453125,,,,,,
qynq5js2,torque_efference_aug11,80,80,250019840,780.8973999023438,264.0546875,,,,,,
qynq5js2,torque_efference_aug11,80,80,260014080,762.16748046875,257.7138671875,,,,,,
qynq5js2,torque_efference_aug11,80,80,270008320,779.6436767578125,264.8896484375,,,,,,
qynq5js2,torque_efference_aug11,80,80,280002560,787.2510986328125,263.9013671875,,,,,,
qynq5js2,torque_efference_aug11,80,80,290078720,795.2005615234375,267.9453125,,,,,,
qynq5js2,torque_efference_aug11,80,80,300072960,828.994873046875,278.484375,,,,,,
qynq5js2,torque_efference_aug11,80,80,310067200,804.5997924804688,273.2568359375,,,,,,
qynq5js2,torque_efference_aug11,80,80,320061440,776.8931274414062,258.421875,,,,,,
qynq5js2,torque_efference_aug11,80,80,330055680,790.1414794921875,260.3935546875,,,,,,
qynq5js2,torque_efference_aug11,80,80,340049920,803.2241821289062,267.755859375,,,,,,
qynq5js2,torque_efference_aug11,80,80,350044160,747.3938598632812,250.91015625,,,,,,
qynq5js2,torque_efference_aug11,80,80,360038400,789.6298828125,260.37109375,,,,,,
qynq5js2,torque_efference_aug11,80,80,370032640,724.498779296875,234.1728515625,,,,,,
qynq5js2,torque_efference_aug11,80,80,380026880,804.197265625,270.650390625,,,,,,
qynq5js2,torque_efference_aug11,80,80,390021120,765.90478515625,256.4501953125,,,,,,
qynq5js2,torque_efference_aug11,80,80,400015360,755.4044189453125,243.6259765625,,,,,,
qynq5js2,torque_efference_aug11,80,80,410009600,789.7467041015625,255.29296875,,,,,,
qynq5js2,torque_efference_aug11,80,80,420003840,805.655517578125,263.0654296875,,,,,,
qynq5js2,torque_efference_aug11,80,80,430080000,819.92236328125,268.2587890625,,,,,,
qynq5js2,torque_efference_aug11,80,80,440074240,787.7507934570312,262.5478515625,,,,,,
qynq5js2,torque_efference_aug11,80,80,450068480,804.6229248046875,268.240234375,,,,,,
qynq5js2,torque_efference_aug11,80,80,460062720,827.7010498046875,275.126953125,,,,,,
qynq5js2,torque_efference_aug11,80,80,470056960,825.2257080078125,270.7607421875,,,,,,
qynq5js2,torque_efference_aug11,80,80,480051200,823.1500244140625,273.5244140625,,,,,,
qynq5js2,torque_efference_aug11,80,80,490045440,828.0360107421875,276.3203125,,,,,,
qynq5js2,torque_efference_aug11,80,80,500039680,838.3810424804688,272.142578125,,,,,,
qynq5js2,torque_efference_aug11,80,80,510033920,848.859375,282.1494140625,,,,,,
qynq5js2,torque_efference_aug11,80,80,520028160,845.2606201171875,277.4130859375,,,,,,
qynq5js2,torque_efference_aug11,80,80,530022400,846.9363403320312,278.2939453125,,,,,,
qynq5js2,torque_efference_aug11,80,80,540016640,867.225830078125,285.2158203125,,,,,,
qynq5js2,torque_efference_aug11,80,80,550010880,864.5897216796875,286.0419921875,,,,,,
qynq5js2,torque_efference_aug11,80,80,560005120,858.3138427734375,284.37109375,,,,,,
qynq5js2,torque_efference_aug11,80,80,570081280,842.2832641601562,276.1806640625,,,,,,
qynq5js2,torque_efference_aug11,80,80,580075520,835.2523193359375,276.6640625,,,,,,
qynq5js2,torque_efference_aug11,80,80,590069760,842.0650634765625,279.6328125,,,,,,
qynq5js2,torque_efference_aug11,80,80,600064000,841.814697265625,276.7119140625,,,,,,
ekl3fbju,torque_efference_aug11,90,90,0,412.6153564453125,225.0615234375,,,,,,
ekl3fbju,torque_efference_aug11,90,90,10076160,494.6629943847656,202.8720703125,,,,,,
ekl3fbju,torque_efference_aug11,90,90,20070400,554.277587890625,208.443359375,,,,,,
ekl3fbju,torque_efference_aug11,90,90,30064640,542.7442016601562,203.2470703125,,,,,,
ekl3fbju,torque_efference_aug11,90,90,40058880,586.01025390625,215.29296875,,,,,,
ekl3fbju,torque_efference_aug11,90,90,50053120,587.7449340820312,213.939453125,,,,,,
ekl3fbju,torque_efference_aug11,90,90,60047360,597.6801147460938,215.1162109375,,,,,,
ekl3fbju,torque_efference_aug11,90,90,70041600,626.0416259765625,219.138671875,,,,,,
ekl3fbju,torque_efference_aug11,90,90,80035840,670.9034423828125,235.1044921875,,,,,,
ekl3fbju,torque_efference_aug11,90,90,90030080,691.6708984375,245.8037109375,,,,,,
ekl3fbju,torque_efference_aug11,90,90,100024320,677.0564575195312,239.3134765625,,,,,,
ekl3fbju,torque_efference_aug11,90,90,110018560,676.3357543945312,242.5078125,,,,,,
ekl3fbju,torque_efference_aug11,90,90,120012800,687.4310302734375,241.0517578125,,,,,,
ekl3fbju,torque_efference_aug11,90,90,130007040,670.1719360351562,235.044921875,,,,,,
ekl3fbju,torque_efference_aug11,90,90,140001280,640.2107543945312,227.3251953125,,,,,,
ekl3fbju,torque_efference_aug11,90,90,150077440,674.6185302734375,234.33203125,,,,,,
ekl3fbju,torque_efference_aug11,90,90,160071680,681.5765380859375,242.6748046875,,,,,,
ekl3fbju,torque_efference_aug11,90,90,170065920,697.979736328125,242.3359375,,,,,,
ekl3fbju,torque_efference_aug11,90,90,180060160,718.800048828125,253.1982421875,,,,,,
ekl3fbju,torque_efference_aug11,90,90,190054400,721.3225708007812,246.88671875,,,,,,
ekl3fbju,torque_efference_aug11,90,90,200048640,722.5654296875,246.998046875,,,,,,
ekl3fbju,torque_efference_aug11,90,90,210042880,729.2194213867188,248.9873046875,,,,,,
ekl3fbju,torque_efference_aug11,90,90,220037120,726.7606201171875,246.49609375,,,,,,
ekl3fbju,torque_efference_aug11,90,90,230031360,748.6271362304688,252.306640625,,,,,,
ekl3fbju,torque_efference_aug11,90,90,240025600,754.97265625,253.330078125,,,,,,
ekl3fbju,torque_efference_aug11,90,90,250019840,732.4888916015625,245.0869140625,,,,,,
ekl3fbju,torque_efference_aug11,90,90,260014080,755.1864013671875,252.3798828125,,,,,,
ekl3fbju,torque_efference_aug11,90,90,270008320,774.0569458007812,261.6552734375,,,,,,
ekl3fbju,torque_efference_aug11,90,90,280002560,787.7174072265625,270.580078125,,,,,,
ekl3fbju,torque_efference_aug11,90,90,290078720,805.223876953125,272.4462890625,,,,,,
ekl3fbju,torque_efference_aug11,90,90,300072960,801.9957275390625,270.9765625,,,,,,
ekl3fbju,torque_efference_aug11,90,90,310067200,803.9293212890625,269.6923828125,,,,,,
ekl3fbju,torque_efference_aug11,90,90,320061440,833.279541015625,281.375,,,,,,
ekl3fbju,torque_efference_aug11,90,90,330055680,813.727783203125,276.3310546875,,,,,,
ekl3fbju,torque_efference_aug11,90,90,340049920,825.2745971679688,277.10546875,,,,,,
ekl3fbju,torque_efference_aug11,90,90,350044160,814.3538208007812,272.9716796875,,,,,,
ekl3fbju,torque_efference_aug11,90,90,360038400,829.6890258789062,280.7197265625,,,,,,
ekl3fbju,torque_efference_aug11,90,90,370032640,812.4155883789062,273.8955078125,,,,,,
ekl3fbju,torque_efference_aug11,90,90,380026880,840.1567993164062,280.83984375,,,,,,
ekl3fbju,torque_efference_aug11,90,90,390021120,840.6831665039062,281.9345703125,,,,,,
ekl3fbju,torque_efference_aug11,90,90,400015360,823.9464111328125,274.5234375,,,,,,
ekl3fbju,torque_efference_aug11,90,90,410009600,807.601806640625,268.0732421875,,,,,,
ekl3fbju,torque_efference_aug11,90,90,420003840,794.4434204101562,261.3251953125,,,,,,
ekl3fbju,torque_efference_aug11,90,90,430080000,770.9465942382812,251.349609375,,,,,,
ekl3fbju,torque_efference_aug11,90,90,440074240,802.633056640625,266.09765625,,,,,,
ekl3fbju,torque_efference_aug11,90,90,450068480,828.221435546875,272.4091796875,,,,,,
ekl3fbju,torque_efference_aug11,90,90,460062720,830.564453125,276.173828125,,,,,,
ekl3fbju,torque_efference_aug11,90,90,470056960,830.5961303710938,277.4619140625,,,,,,
ekl3fbju,torque_efference_aug11,90,90,480051200,826.1480712890625,276.689453125,,,,,,
ekl3fbju,torque_efference_aug11,90,90,490045440,836.0541381835938,280.517578125,,,,,,
ekl3fbju,torque_efference_aug11,90,90,500039680,851.3399047851562,281.4365234375,,,,,,
ekl3fbju,torque_efference_aug11,90,90,510033920,856.5347290039062,281.5263671875,,,,,,
ekl3fbju,torque_efference_aug11,90,90,520028160,857.147705078125,284.466796875,,,,,,
ekl3fbju,torque_efference_aug11,90,90,530022400,858.2777709960938,286.6298828125,,,,,,
ekl3fbju,torque_efference_aug11,90,90,540016640,861.1483154296875,286.103515625,,,,,,
ekl3fbju,torque_efference_aug11,90,90,550010880,864.8883056640625,286.2080078125,,,,,,
ekl3fbju,torque_efference_aug11,90,90,560005120,851.6668090820312,278.2666015625,,,,,,
ekl3fbju,torque_efference_aug11,90,90,570081280,851.526123046875,281.826171875,,,,,,
ekl3fbju,torque_efference_aug11,90,90,580075520,864.359619140625,283.2392578125,,,,,,
ekl3fbju,torque_efference_aug11,90,90,590069760,821.1554565429688,274.97265625,,,,,,
ekl3fbju,torque_efference_aug11,90,90,600064000,833.2142944335938,277.59375,,,,,,
48llced7,torque_efference_aug11,100,100,0,413.9081726074219,224.8935546875,,,,,,
48llced7,torque_efference_aug11,100,100,10076160,512.6275024414062,210.5009765625,,,,,,
48llced7,torque_efference_aug11,100,100,20070400,553.3240356445312,209.6943359375,,,,,,
48llced7,torque_efference_aug11,100,100,30064640,566.627685546875,209.140625,,,,,,
48llced7,torque_efference_aug11,100,100,40058880,582.652587890625,208.0615234375,,,,,,
48llced7,torque_efference_aug11,100,100,50053120,630.6920166015625,222.1953125,,,,,,
48llced7,torque_efference_aug11,100,100,60047360,582.6127319335938,199.7900390625,,,,,,
48llced7,torque_efference_aug11,100,100,70041600,605.8649291992188,210.23828125,,,,,,
48llced7,torque_efference_aug11,100,100,80035840,609.75732421875,204.6171875,,,,,,
48llced7,torque_efference_aug11,100,100,90030080,647.3211059570312,221.93359375,,,,,,
48llced7,torque_efference_aug11,100,100,100024320,644.1605224609375,222.255859375,,,,,,
48llced7,torque_efference_aug11,100,100,110018560,646.55322265625,220.576171875,,,,,,
48llced7,torque_efference_aug11,100,100,120012800,617.6864013671875,214.6376953125,,,,,,
48llced7,torque_efference_aug11,100,100,130007040,625.53271484375,215.0439453125,,,,,,
48llced7,torque_efference_aug11,100,100,140001280,641.2532958984375,222.2373046875,,,,,,
48llced7,torque_efference_aug11,100,100,150077440,666.4171142578125,232.4521484375,,,,,,
48llced7,torque_efference_aug11,100,100,160071680,665.610107421875,225.6240234375,,,,,,
48llced7,torque_efference_aug11,100,100,170065920,710.6443481445312,242.8583984375,,,,,,
48llced7,torque_efference_aug11,100,100,180060160,690.67041015625,244.283203125,,,,,,
48llced7,torque_efference_aug11,100,100,190054400,636.0234985351562,219.9482421875,,,,,,
48llced7,torque_efference_aug11,100,100,200048640,640.6744384765625,219.279296875,,,,,,
48llced7,torque_efference_aug11,100,100,210042880,711.54052734375,242.4560546875,,,,,,
48llced7,torque_efference_aug11,100,100,220037120,717.2501220703125,249.203125,,,,,,
48llced7,torque_efference_aug11,100,100,230031360,724.73876953125,247.4208984375,,,,,,
48llced7,torque_efference_aug11,100,100,240025600,697.8458862304688,239.302734375,,,,,,
48llced7,torque_efference_aug11,100,100,250019840,734.0972900390625,249.9501953125,,,,,,
48llced7,torque_efference_aug11,100,100,260014080,719.2774658203125,246.5263671875,,,,,,
48llced7,torque_efference_aug11,100,100,270008320,707.2870483398438,241.8525390625,,,,,,
48llced7,torque_efference_aug11,100,100,280002560,716.09033203125,243.0263671875,,,,,,
48llced7,torque_efference_aug11,100,100,290078720,735.70703125,249.1630859375,,,,,,
48llced7,torque_efference_aug11,100,100,300072960,732.6859130859375,247.40625,,,,,,
48llced7,torque_efference_aug11,100,100,310067200,780.8656005859375,262.4072265625,,,,,,
48llced7,torque_efference_aug11,100,100,320061440,762.4432373046875,256.775390625,,,,,,
48llced7,torque_efference_aug11,100,100,330055680,751.6572875976562,255.419921875,,,,,,
48llced7,torque_efference_aug11,100,100,340049920,760.044921875,254.0546875,,,,,,
48llced7,torque_efference_aug11,100,100,350044160,763.1893920898438,251.2353515625,,,,,,
48llced7,torque_efference_aug11,100,100,360038400,733.8561401367188,242.0126953125,,,,,,
48llced7,torque_efference_aug11,100,100,370032640,741.807861328125,245.5419921875,,,,,,
48llced7,torque_efference_aug11,100,100,380026880,710.7583618164062,232.3466796875,,,,,,
48llced7,torque_efference_aug11,100,100,390021120,716.0879516601562,233.90234375,,,,,,
48llced7,torque_efference_aug11,100,100,400015360,725.1610107421875,234.1650390625,,,,,,
48llced7,torque_efference_aug11,100,100,410009600,744.4799194335938,240.806640625,,,,,,
48llced7,torque_efference_aug11,100,100,420003840,755.9285888671875,247.7763671875,,,,,,
48llced7,torque_efference_aug11,100,100,430080000,782.7786865234375,256.234375,,,,,,
48llced7,torque_efference_aug11,100,100,440074240,737.2992553710938,241.9833984375,,,,,,
48llced7,torque_efference_aug11,100,100,450068480,743.90185546875,245.8193359375,,,,,,
48llced7,torque_efference_aug11,100,100,460062720,728.7172241210938,235.3994140625,,,,,,
48llced7,torque_efference_aug11,100,100,470056960,690.5650634765625,222.2041015625,,,,,,
48llced7,torque_efference_aug11,100,100,480051200,724.628662109375,232.9716796875,,,,,,
48llced7,torque_efference_aug11,100,100,490045440,722.5447387695312,234.099609375,,,,,,
48llced7,torque_efference_aug11,100,100,500039680,749.0234985351562,241.744140625,,,,,,
48llced7,torque_efference_aug11,100,100,510033920,717.4197387695312,231.7158203125,,,,,,
48llced7,torque_efference_aug11,100,100,520028160,759.158203125,250.484375,,,,,,
48llced7,torque_efference_aug11,100,100,530022400,773.3060302734375,253.6357421875,,,,,,
48llced7,torque_efference_aug11,100,100,540016640,745.5233154296875,242.169921875,,,,,,
48llced7,torque_efference_aug11,100,100,550010880,810.639404296875,268.212890625,,,,,,
48llced7,torque_efference_aug11,100,100,560005120,805.7464599609375,263.9501953125,,,,,,
48llced7,torque_efference_aug11,100,100,570081280,803.0589599609375,265.5712890625,,,,,,
48llced7,torque_efference_aug11,100,100,580075520,806.4360961914062,269.447265625,,,,,,
48llced7,torque_efference_aug11,100,100,590069760,808.20703125,271.38671875,,,,,,
48llced7,torque_efference_aug11,100,100,600064000,772.5211181640625,258.546875,,,,,,
usv6hlqd,torque_no_efference,10,0,0,284.5415954589844,162.705078125,3.2235219478607178,0.8039559125900269,1.894087553024292,0.0497999787330627,0.0135532338172197,0.0084309205412864
usv6hlqd,torque_no_efference,10,0,10076160,589.9422607421875,229.982421875,6.958062171936035,0.6114944815635681,2.7817282676696777,0.0358615964651107,0.0108503028750419,0.0081556532531976
usv6hlqd,torque_no_efference,10,0,20070400,669.3990478515625,240.7919921875,5.856883049011231,0.5283546447753906,2.721378803253174,0.0333983153104782,0.0104369707405567,0.0088576907292008
usv6hlqd,torque_no_efference,10,0,30064640,709.4353637695312,252.90234375,5.682775020599365,0.4895244836807251,2.767787456512451,0.0344039462506771,0.0088219828903675,0.0076666977256536
usv6hlqd,torque_no_efference,10,0,40058880,702.207275390625,247.8701171875,5.50712251663208,0.4583388268947601,2.6840925216674805,0.0347828827798366,0.0092720547690987,0.0079216239973902
usv6hlqd,torque_no_efference,10,0,50053120,704.8211669921875,244.3935546875,5.815629005432129,0.4487106502056122,2.668130159378052,0.0343774743378162,0.0095205809921026,0.0079254191368818
usv6hlqd,torque_no_efference,10,0,60047360,709.9638061523438,244.865234375,5.545600891113281,0.4294057190418243,2.654916763305664,0.0335131287574768,0.0092706251889467,0.0077245449647307
usv6hlqd,torque_no_efference,10,0,70041600,718.14453125,248.0859375,5.493859767913818,0.422388881444931,2.6648731231689453,0.0330214500427246,0.0090052559971809,0.0077177095226943
usv6hlqd,torque_no_efference,10,0,80035840,706.93359375,244.6083984375,5.720975875854492,0.4107657968997955,2.632962226867676,0.0331255123019218,0.0092531945556402,0.0076917149126529
usv6hlqd,torque_no_efference,10,0,90030080,725.876220703125,251.4072265625,5.9703216552734375,0.4194639027118683,2.6781134605407715,0.0321900844573974,0.0085066445171833,0.0072987824678421
usv6hlqd,torque_no_efference,10,0,100024320,734.2174072265625,253.0439453125,5.684800148010254,0.4204161465167999,2.676587581634521,0.0315791927278041,0.0082974806427955,0.0071123745292425
usv6hlqd,torque_no_efference,10,0,110018560,732.4317016601562,250.7685546875,5.622352600097656,0.4137353897094726,2.6792778968811035,0.0323627665638923,0.0082697384059429,0.0071707046590745
usv6hlqd,torque_no_efference,10,0,120012800,727.6107177734375,249.1845703125,6.147812843322754,0.4171670973300934,2.683191537857056,0.0307947471737861,0.0082439593970775,0.0067295846529304
usv6hlqd,torque_no_efference,10,0,130007040,740.1959838867188,252.576171875,5.823433876037598,0.4268745183944702,2.655847787857056,0.031270083039999,0.0083588846027851,0.0069554522633552
usv6hlqd,torque_no_efference,10,0,140001280,749.6473388671875,256.560546875,5.700092792510986,0.4190380275249481,2.6731550693511963,0.0309356525540351,0.0080885160714387,0.0071136020123958
usv6hlqd,torque_no_efference,10,0,150077440,734.181884765625,253.291015625,5.695996284484863,0.4307999014854431,2.646618604660034,0.0311690066009759,0.0079477783292531,0.006993344053626
usv6hlqd,torque_no_efference,10,0,160071680,759.0979614257812,260.1083984375,6.010717868804932,0.4316701292991638,2.676027774810791,0.0309109985828399,0.0077566667459905,0.0065760668367147
usv6hlqd,torque_no_efference,10,0,170065920,766.4849853515625,262.125,5.6361589431762695,0.4363314509391784,2.7141706943511963,0.0308246836066246,0.0073031480424106,0.0063935681246221
usv6hlqd,torque_no_efference,10,0,180060160,755.895263671875,257.15625,6.180643558502197,0.4423457682132721,2.666840076446533,0.0305766351521015,0.0081410314887762,0.0068144872784614
usv6hlqd,torque_no_efference,10,0,190054400,734.1493530273438,255.80078125,5.806856155395508,0.43563312292099,2.704531192779541,0.0307754091918468,0.0079248333349823,0.0069189006462693
usv6hlqd,torque_no_efference,10,0,200048640,748.4982299804688,256.6171875,6.126623153686523,0.4483307301998138,2.756174325942993,0.0306657198816537,0.0079457107931375,0.0070280656218528
usv6hlqd,torque_no_efference,10,0,210042880,740.83447265625,255.595703125,5.828831195831299,0.4381312429904938,2.737454414367676,0.0298920888453722,0.0080263465642929,0.006739486940205
usv6hlqd,torque_no_efference,10,0,220037120,765.5322265625,260.837890625,5.856924057006836,0.4365611374378204,2.706016063690185,0.0299965590238571,0.0075197075493633,0.006543381139636
usv6hlqd,torque_no_efference,10,0,230031360,756.143310546875,259.1806640625,6.242150783538818,0.4343030750751495,2.7149291038513184,0.0294763632118701,0.0077917124144732,0.0068278545513749
usv6hlqd,torque_no_efference,10,0,240025600,757.5341186523438,258.33203125,6.111192226409912,0.4331185221672058,2.69702410697937,0.0295645799487829,0.0077989678829908,0.0067990119569003
usv6hlqd,torque_no_efference,10,0,250019840,761.1657104492188,257.1376953125,6.380522727966309,0.4297708868980407,2.738140344619751,0.0291510000824928,0.0076357866637408,0.0065222876146435
usv6hlqd,torque_no_efference,10,0,260014080,773.841064453125,260.2177734375,6.450281143188477,0.4342938959598541,2.7296361923217773,0.0288791377097368,0.0078012254089117,0.0068687433376908
usv6hlqd,torque_no_efference,10,0,270008320,771.198974609375,261.234375,6.35683536529541,0.4342098832130432,2.7364418506622314,0.0290231313556432,0.0078818835318088,0.0067625693045556
usv6hlqd,torque_no_efference,10,0,280002560,766.5348510742188,259.310546875,6.097105026245117,0.4338232278823852,2.71304988861084,0.0296741425991058,0.0077121471986174,0.0064579285681247
usv6hlqd,torque_no_efference,10,0,290078720,764.9032592773438,256.48828125,6.2093658447265625,0.4351571798324585,2.72955060005188,0.0289426650851964,0.0077092107385396,0.0066404091194272
usv6hlqd,torque_no_efference,10,0,300072960,790.3685913085938,261.810546875,5.9134440422058105,0.4390296041965484,2.7540926933288574,0.028605043888092,0.0073805265128612,0.0062076393514871
usv6hlqd,torque_no_efference,10,0,310067200,785.6988525390625,260.697265625,6.332172870635986,0.434470534324646,2.760199069976806,0.0294305086135864,0.0073916590772569,0.0063332882709801
usv6hlqd,torque_no_efference,10,0,320061440,781.9820556640625,259.068359375,6.011214256286621,0.4378593862056732,2.6975460052490234,0.0286373868584632,0.0076993405818939,0.006728870794177
usv6hlqd,torque_no_efference,10,0,330055680,791.26318359375,263.9130859375,6.1705169677734375,0.4300859868526459,2.740020513534546,0.029119785875082,0.0075988573953509,0.0067485501058399
usv6hlqd,torque_no_efference,10,0,340049920,795.2133178710938,264.220703125,6.0417160987854,0.4291686415672302,2.708146810531616,0.0289441160857677,0.0072646243497729,0.0064037414267659
usv6hlqd,torque_no_efference,10,0,350044160,791.6383056640625,259.265625,6.338248252868652,0.4310143291950226,2.7093052864074707,0.0288527589291334,0.0077987378463149,0.0069011524319648
usv6hlqd,torque_no_efference,10,0,360038400,796.0899047851562,262.7578125,6.277145862579346,0.4278171956539154,2.74580717086792,0.0289974715560674,0.0075375232845544,0.0065819574519991
usv6hlqd,torque_no_efference,10,0,370032640,792.190185546875,260.640625,6.213355541229248,0.4426627457141876,2.7317261695861816,0.0289071798324584,0.0075164949521422,0.0067326053977012
usv6hlqd,torque_no_efference,10,0,380026880,790.8108520507812,262.3603515625,6.330183029174805,0.4428531229496002,2.7312910556793213,0.0283851455897092,0.0076111308299005,0.006610132753849
usv6hlqd,torque_no_efference,10,0,390021120,801.3306884765625,264.0283203125,6.033463001251221,0.4443823099136352,2.7253222465515137,0.0289791598916053,0.0074671413749456,0.0066403103992342
usv6hlqd,torque_no_efference,10,0,400015360,809.5001220703125,268.21484375,6.543907165527344,0.4471569061279297,2.7834863662719727,0.0289965234696865,0.0071721551939845,0.0064735440537333
usv6hlqd,torque_no_efference,10,0,410009600,787.117431640625,259.625,6.6053643226623535,0.4511289596557617,2.750474452972412,0.0293781124055385,0.0075559434480965,0.0066503970883786
usv6hlqd,torque_no_efference,10,0,420003840,816.8004760742188,268.27734375,6.444243431091309,0.4565702676773071,2.7155537605285645,0.0287363361567258,0.0073039168491959,0.0066258809529244
usv6hlqd,torque_no_efference,10,0,430080000,815.2695922851562,267.8125,6.34931755065918,0.4540448486804962,2.7623348236083984,0.0290211699903011,0.007109650876373,0.0064197201281785
usv6hlqd,torque_no_efference,10,0,440074240,808.05517578125,264.671875,6.21774959564209,0.4560531973838806,2.7205376625061035,0.0289317741990089,0.0075521259568631,0.006481148302555
usv6hlqd,torque_no_efference,10,0,450068480,804.259765625,266.71875,6.438743114471436,0.4578720033168793,2.7387044429779053,0.0282283127307891,0.0073492978699505,0.0064068064093589
usv6hlqd,torque_no_efference,10,0,460062720,808.2943115234375,267.8779296875,6.0126633644104,0.4488345682621002,2.716794013977051,0.0285090282559394,0.0072544179856777,0.0065239467658102
usv6hlqd,torque_no_efference,10,0,470056960,803.0781860351562,266.970703125,6.259667873382568,0.4543532431125641,2.7313756942749023,0.0284283906221389,0.0072719366289675,0.0062354039400815
usv6hlqd,torque_no_efference,10,0,480051200,799.66845703125,260.650390625,6.409431457519531,0.469890683889389,2.7506799697875977,0.0283068474382162,0.0076607475057244,0.0066755628213286
usv6hlqd,torque_no_efference,10,0,490045440,789.7093505859375,260.7900390625,6.398165225982666,0.4693962931632995,2.728023052215576,0.0282937213778495,0.0076820612885057,0.0066695436835289
usv6hlqd,torque_no_efference,10,0,500039680,782.2160034179688,259.2529296875,6.591176509857178,0.4700982868671417,2.728161334991455,0.0289863124489784,0.0076898373663425,0.0068868035450577
usv6hlqd,torque_no_efference,10,0,510033920,809.1614379882812,267.5498046875,6.327437400817871,0.4648705422878265,2.779102563858032,0.0294183753430843,0.0073412363417446,0.0067088324576616
usv6hlqd,torque_no_efference,10,0,520028160,811.7307739257812,266.7939453125,6.22725248336792,0.4658560454845428,2.7355504035949707,0.0292470566928386,0.0075879958458244,0.0066364919766783
usv6hlqd,torque_no_efference,10,0,530022400,811.67822265625,268.1533203125,6.174328804016113,0.4687266051769256,2.7886264324188232,0.0291611682623624,0.0072690648958086,0.006679328624159
usv6hlqd,torque_no_efference,10,0,540016640,801.7642822265625,264.580078125,6.454775810241699,0.4633232355117798,2.771200180053711,0.0290360040962696,0.0073748775757849,0.0064666429534554
usv6hlqd,torque_no_efference,10,0,550010880,805.1016845703125,263.5029296875,6.258152961730957,0.474218875169754,2.743889093399048,0.0288945399224758,0.0073920600116252,0.0063452152535319
usv6hlqd,torque_no_efference,10,0,560005120,802.3738403320312,263.166015625,6.36887788772583,0.4754467904567718,2.713474035263061,0.0290581621229648,0.0078225061297416,0.007124840747565
usv6hlqd,torque_no_efference,10,0,570081280,794.059814453125,259.4814453125,6.168137550354004,0.4846278727054596,2.723935127258301,0.0284496881067752,0.0078679155558347,0.0069498042576014
usv6hlqd,torque_no_efference,10,0,580075520,792.3428344726562,261.34765625,6.1903839111328125,0.4805545806884765,2.740278720855713,0.02891849540174,0.007673742249608,0.0067284954711794
usv6hlqd,torque_no_efference,10,0,590069760,788.2894287109375,260.681640625,6.204919815063477,0.4797219634056091,2.7520017623901367,0.0291221644729375,0.0076707154512405,0.0067112501710653
usv6hlqd,torque_no_efference,10,0,600064000,793.66064453125,262.072265625,6.455598831176758,0.4738605320453644,2.7702808380126958,0.0289998948574066,0.0074633602052927,0.0065719848498702
dv8hft01,torque_nointent,10,10,0,475.3836059570313,221.30078125,,0.8021345138549805,1.938962459564209,0.0410534590482711,0.0104818474501371,0.007779418490827
dv8hft01,torque_nointent,10,10,10076160,365.38128662109375,147.21875,,0.5569827556610107,2.213951826095581,0.0395791977643966,0.018450366333127,0.0107926093041896
dv8hft01,torque_nointent,10,10,20070400,489.46295166015625,186.2900390625,,0.4785301983356476,2.2809152603149414,0.0388981886208057,0.0132590299472212,0.0108168665319681
dv8hft01,torque_nointent,10,10,30064640,512.0632934570312,187.8671875,,0.4273229539394378,2.201960563659668,0.0410446673631668,0.0130486506968736,0.0116350799798965
dv8hft01,torque_nointent,10,10,40058880,540.0372314453125,196.244140625,,0.4077632129192352,2.14125657081604,0.0380113460123539,0.0117588937282562,0.0096441265195608
dv8hft01,torque_nointent,10,10,50053120,568.2293701171875,215.4599609375,,0.3971825540065765,2.1898372173309326,0.038527175784111,0.0105310538783669,0.0090663135051727
dv8hft01,torque_nointent,10,10,60047360,588.5613403320312,222.7001953125,,0.3739557862281799,2.2039623260498047,0.0379198491573333,0.0099766310304403,0.0088797872886061
dv8hft01,torque_nointent,10,10,70041600,496.22467041015625,178.576171875,,0.369061529636383,1.9197872877120967,0.0383526012301445,0.0114466678351163,0.0087024690583348
dv8hft01,torque_nointent,10,10,80035840,599.156005859375,215.623046875,,0.3645516037940979,2.000049591064453,0.0366079062223434,0.0101202353835105,0.0090410774573683
dv8hft01,torque_nointent,10,10,90030080,589.8953247070312,216.6884765625,,0.3746618926525116,1.9497789144515991,0.0354311503469944,0.0099318008869886,0.0087689170613884
dv8hft01,torque_nointent,10,10,100024320,622.81103515625,220.8505859375,,0.3777127265930176,1.9065980911254885,0.0360018387436866,0.0094700222834944,0.0084714004769921
dv8hft01,torque_nointent,10,10,110018560,592.9881591796875,215.26953125,,0.3813768327236175,1.9216899871826167,0.0365103185176849,0.0095455348491668,0.0082667348906397
dv8hft01,torque_nointent,10,10,120012800,635.3212280273438,223.1748046875,,0.3715727627277374,1.869741678237915,0.0348929166793823,0.0090768337249755,0.0081298490986227
dv8hft01,torque_nointent,10,10,130007040,584.751708984375,208.7734375,,0.3898346424102783,1.780565857887268,0.0357851758599281,0.0098275728523731,0.008706803433597
dv8hft01,torque_nointent,10,10,140001280,643.742431640625,228.541015625,,0.4012550115585327,1.7630622386932373,0.0363626480102539,0.0088906800374388,0.008126176893711
dv8hft01,torque_nointent,10,10,150077440,639.546875,219.775390625,,0.4123058319091797,1.7281217575073242,0.0344421230256557,0.0092096924781799,0.0082375742495059
dv8hft01,torque_nointent,10,10,160071680,675.2346801757812,225.8984375,,0.4055844247341156,1.7680281400680542,0.0337477698922157,0.0086383260786533,0.0077470331452786
dv8hft01,torque_nointent,10,10,170065920,669.4305419921875,223.80078125,,0.4076474606990814,1.6880474090576172,0.0343138463795185,0.0088762398809194,0.0078397467732429
dv8hft01,torque_nointent,10,10,180060160,674.75146484375,221.498046875,,0.4208480715751648,1.6167207956314087,0.0356431119143962,0.0087447948753833,0.0077012884430587
dv8hft01,torque_nointent,10,10,190054400,646.8026123046875,221.423828125,,0.4205909669399261,1.605606198310852,0.0366627871990203,0.0087806694209575,0.0079818982630968
dv8hft01,torque_nointent,10,10,200048640,684.4561157226562,219.021484375,,0.4240906536579132,1.5245764255523682,0.0352628380060195,0.0088498294353485,0.007841870188713
dv8hft01,torque_nointent,10,10,210042880,696.4210205078125,226.3193359375,,0.4257777035236358,1.5921603441238403,0.0349154993891716,0.0085190813988447,0.0075941053219139
dv8hft01,torque_nointent,10,10,220037120,666.8935546875,218.505859375,,0.4254974722862243,1.5523401498794556,0.0364105477929115,0.0089050382375717,0.0078831175342202
dv8hft01,torque_nointent,10,10,230031360,684.2664794921875,223.96875,,0.4254772961139679,1.5425779819488523,0.0362846180796623,0.0087218461558222,0.0080794682726264
dv8hft01,torque_nointent,10,10,240025600,680.7880859375,220.4423828125,,0.4181005656719208,1.539168357849121,0.0367094352841377,0.0085658878087997,0.007630992680788
dv8hft01,torque_nointent,10,10,250019840,693.1947021484375,224.423828125,,0.4307349324226379,1.5483522415161133,0.0355717949569225,0.0084810219705104,0.0075766998343169
dv8hft01,torque_nointent,10,10,260014080,707.8034057617188,227.2802734375,,0.4203439652919769,1.5526306629180908,0.0353214442729949,0.0082068908959627,0.0071757324039936
dv8hft01,torque_nointent,10,10,270008320,712.598388671875,225.9501953125,,0.4158718883991241,1.5249173641204834,0.0345201790332794,0.008362153545022,0.0076977466233074
dv8hft01,torque_nointent,10,10,280002560,700.3270263671875,224.7529296875,,0.4151610434055328,1.5683740377426147,0.03467757999897,0.0085434541106224,0.0074531096033751
dv8hft01,torque_nointent,10,10,290078720,718.8121948242188,224.9560546875,,0.4106113016605377,1.5332990884780884,0.033972643315792,0.0085497666150331,0.0078538702800869
dv8hft01,torque_nointent,10,10,300072960,734.947509765625,227.9697265625,,0.4093783497810364,1.5164687633514404,0.0341471694409847,0.0081726871430873,0.0074687828309834
dv8hft01,torque_nointent,10,10,310067200,716.61865234375,224.22265625,,0.4117302000522613,1.480543851852417,0.0348511487245559,0.0085781011730432,0.0077203763648867
dv8hft01,torque_nointent,10,10,320061440,719.837890625,224.8759765625,,0.4059438109397888,1.5126303434371948,0.0354215689003467,0.0079581812024116,0.0070330770686268
dv8hft01,torque_nointent,10,10,330055680,710.494873046875,222.2275390625,,0.4071134924888611,1.498370885848999,0.0346521809697151,0.0083793196827173,0.0076771662570536
dv8hft01,torque_nointent,10,10,340049920,713.811767578125,223.12109375,,0.4065108001232147,1.5078445672988892,0.0348790772259235,0.0083839604631066,0.0076614851132035
dv8hft01,torque_nointent,10,10,350044160,710.5419921875,223.0810546875,,0.403280109167099,1.5039441585540771,0.0356232449412345,0.008234279230237,0.0075635518878698
dv8hft01,torque_nointent,10,10,360038400,732.6859130859375,225.8408203125,,0.4057769775390625,1.484757423400879,0.0349981375038623,0.0079490952193737,0.0073352139443159
dv8hft01,torque_nointent,10,10,370032640,730.2216186523438,226.576171875,,0.4049052298069,1.5041999816894531,0.0350551605224609,0.0078942216932773,0.0072313612326979
dv8hft01,torque_nointent,10,10,380026880,746.3685913085938,228.1064453125,,0.405164510011673,1.490230917930603,0.0349590964615345,0.0078181605786085,0.0071159629151225
dv8hft01,torque_nointent,10,10,390021120,748.39794921875,228.9482421875,,0.4022606313228607,1.487804293632507,0.0347162634134292,0.0075730783864855,0.0067903473973274
dv8hft01,torque_nointent,10,10,400015360,713.4937744140625,228.2509765625,,0.3980371057987213,1.5286152362823486,0.0356581173837184,0.0076182121410965,0.0067262244410812
dv8hft01,torque_nointent,10,10,410009600,746.299560546875,229.0712890625,,0.3959614634513855,1.4973793029785156,0.0344456881284713,0.007698155939579,0.0069640353322029
dv8hft01,torque_nointent,10,10,420003840,743.6304931640625,233.50390625,,0.4003939926624298,1.5216968059539795,0.0356151759624481,0.0072731133550405,0.0065848184749484
dv8hft01,torque_nointent,10,10,430080000,734.5115966796875,231.017578125,,0.3993907868862152,1.532607913017273,0.0367175564169883,0.0072662648744881,0.0066040060482919
dv8hft01,torque_nointent,10,10,440074240,734.2510986328125,233.71484375,,0.400194764137268,1.5206140279769895,0.0369756631553173,0.0072032706812024,0.0064423629082739
dv8hft01,torque_nointent,10,10,450068480,711.4441528320312,229.232421875,,0.4000819325447082,1.5406278371810913,0.0379324704408645,0.0073415352962911,0.0066086589358747
dv8hft01,torque_nointent,10,10,460062720,754.631103515625,232.955078125,,0.3916836678981781,1.4815194606781006,0.0365420654416084,0.007258734665811,0.0066135353408753
dv8hft01,torque_nointent,10,10,470056960,768.2206420898438,235.400390625,,0.39075368642807,1.5160307884216309,0.0349892750382423,0.0068888519890606,0.0061505218036472
dv8hft01,torque_nointent,10,10,480051200,733.066650390625,229.7880859375,,0.3861260712146759,1.5093982219696045,0.0360239222645759,0.0072072567418217,0.0064304741099476
dv8hft01,torque_nointent,10,10,490045440,747.6018676757812,232.1298828125,,0.3874061107635498,1.473657727241516,0.0354110039770603,0.0070848581381142,0.0063978293910622
dv8hft01,torque_nointent,10,10,500039680,760.9205932617188,235.72265625,,0.3928119242191314,1.4940775632858276,0.0358799844980239,0.0068965782411396,0.0061395950615406
dv8hft01,torque_nointent,10,10,510033920,768.880615234375,234.0927734375,,0.3933639526367187,1.4660673141479492,0.0348188430070877,0.0070415372028946,0.0063021453097462
dv8hft01,torque_nointent,10,10,520028160,784.5810546875,237.5771484375,,0.3940151631832123,1.463460922241211,0.0348327457904815,0.0067865061573684,0.0060362163931131
dv8hft01,torque_nointent,10,10,530022400,766.2962646484375,232.94921875,,0.3885926902294159,1.4598655700683594,0.0356347076594829,0.0069098947569727,0.006183972582221
dv8hft01,torque_nointent,10,10,540016640,759.4844970703125,235.78515625,,0.3963159322738647,1.4773907661437988,0.0359501838684082,0.0068475636653602,0.006051025353372
dv8hft01,torque_nointent,10,10,550010880,756.6278076171875,234.185546875,,0.3981548547744751,1.4637136459350586,0.03631092607975,0.0070160306058824,0.0062840366736054
dv8hft01,torque_nointent,10,10,560005120,767.5098876953125,234.6748046875,,0.3974385559558868,1.4674675464630127,0.035882368683815,0.0068948585540056,0.0062417611479759
dv8hft01,torque_nointent,10,10,570081280,771.72119140625,235.0400390625,,0.393680989742279,1.4386837482452393,0.035396359860897,0.0069273225963115,0.0062315799295902
dv8hft01,torque_nointent,10,10,580075520,785.8436279296875,239.15625,,0.3922326862812042,1.4288936853408811,0.0350579321384429,0.0066375094465911,0.0059008104726672
dv8hft01,torque_nointent,10,10,590069760,788.8392944335938,241.71484375,,0.3860578835010528,1.4559942483901978,0.0356841385364532,0.0066068647429347,0.0058886650949716
dv8hft01,torque_nointent,10,10,600064000,776.8130493164062,238.5947265625,,0.3875238299369812,1.4495869874954224,0.0357787236571311,0.0068748299963772,0.0062517132610082
8kuci8sz,torque_noproprio,10,10,0,365.3261413574219,195.6142578125,3.218183994293213,0.8026674389839172,1.9285366535186768,0.0451263189315795,0.0116452015936374,0.0079386923462152
8kuci8sz,torque_noproprio,10,10,10076160,533.884521484375,209.4716796875,8.657012939453125,0.6773068904876709,2.616302967071533,0.0340200960636138,0.010830495506525,0.0082427095621824
8kuci8sz,torque_noproprio,10,10,20070400,594.2266845703125,221.5302734375,9.017952919006348,0.6037148237228394,2.665136814117432,0.0318593420088291,0.009932966902852,0.0074147279374301
8kuci8sz,torque_noproprio,10,10,30064640,541.3309936523438,202.5751953125,9.80241870880127,0.5648446679115295,2.557008743286133,0.0330216884613037,0.009926002472639,0.0075935604982078
8kuci8sz,torque_noproprio,10,10,40058880,539.5228271484375,204.6552734375,10.490018844604492,0.5368666648864746,2.58146333694458,0.0330401062965393,0.0093299094587564,0.0072647277265787
8kuci8sz,torque_noproprio,10,10,50053120,555.953857421875,210.2001953125,10.596200942993164,0.5191085934638977,2.6307811737060547,0.0317942053079605,0.0089509403333067,0.0068683777935802
8kuci8sz,torque_noproprio,10,10,60047360,511.1092224121094,193.775390625,10.855284690856934,0.505286455154419,2.609171152114868,0.0319205708801746,0.0091576185077428,0.0069166868925094
8kuci8sz,torque_noproprio,10,10,70041600,562.556884765625,211.3798828125,10.624391555786133,0.4818730652332306,2.560194969177246,0.0308898091316223,0.0084745083004236,0.0065590385347604
8kuci8sz,torque_noproprio,10,10,80035840,522.0787963867188,193.4658203125,11.046911239624023,0.465859055519104,2.545424699783325,0.029715783894062,0.0091627528890967,0.0067275483161211
8kuci8sz,torque_noproprio,10,10,90030080,484.14105224609375,179.7412109375,11.290452003479004,0.4636815190315246,2.6532015800476074,0.0295811183750629,0.0094248224049806,0.0057868426665663
8kuci8sz,torque_noproprio,10,10,100024320,512.1683349609375,187.302734375,11.585590362548828,0.4500521123409271,2.642909526824951,0.0296406783163547,0.0092267887666821,0.0064211692661046
8kuci8sz,torque_noproprio,10,10,110018560,483.14495849609375,176.5634765625,11.517618179321287,0.4438817501068115,2.5756945610046387,0.0290637332946062,0.0099827228114008,0.0066556870006024
8kuci8sz,torque_noproprio,10,10,120012800,532.3984375,194.349609375,11.376785278320312,0.4429365396499634,2.571383476257324,0.0287928432226181,0.0092127248644828,0.0059088882990181
8kuci8sz,torque_noproprio,10,10,130007040,573.476318359375,210.9306640625,10.973915100097656,0.4378999471664428,2.662543296813965,0.0281022228300571,0.0082280719652771,0.0058600176125764
8kuci8sz,torque_noproprio,10,10,140001280,532.802978515625,195.802734375,11.224830627441406,0.4300525188446045,2.5975992679595947,0.0295863039791584,0.0090609211474657,0.0061970558017492
8kuci8sz,torque_noproprio,10,10,150077440,535.8372802734375,197.0078125,11.308971405029297,0.4348464906215668,2.5765514373779297,0.0290467645972967,0.0086929583922028,0.0058396370150148
8kuci8sz,torque_noproprio,10,10,160071680,579.439697265625,212.3232421875,11.829228401184082,0.4308096170425415,2.5845842361450195,0.0290760472416877,0.00837935321033,0.0059658992104232
8kuci8sz,torque_noproprio,10,10,170065920,585.318359375,210.951171875,11.594257354736328,0.4309580624103546,2.610853433609009,0.0284421909600496,0.0081055350601673,0.005918254610151
8kuci8sz,torque_noproprio,10,10,180060160,598.7298583984375,221.0791015625,11.69114112854004,0.429912269115448,2.6123757362365723,0.0293073058128356,0.0080426037311553,0.0058647864498198
8kuci8sz,torque_noproprio,10,10,190054400,547.7027587890625,201.3427734375,11.851835250854492,0.4303122162818908,2.58538031578064,0.0288395136594772,0.0083413552492856,0.0056364443153142
8kuci8sz,torque_noproprio,10,10,200048640,599.8046875,217.5283203125,11.719017028808594,0.4356586039066314,2.692918300628662,0.0285324584692716,0.007925228215754,0.00558139430359
8kuci8sz,torque_noproprio,10,10,210042880,629.9896240234375,228.8310546875,11.517780303955078,0.4284432530403137,2.674830436706543,0.0286178365349769,0.0073480210267007,0.0051633268594741
8kuci8sz,torque_noproprio,10,10,220037120,572.3794555664062,213.6728515625,11.689363479614258,0.4354140758514404,2.6940956115722656,0.0285140965133905,0.0080192368477582,0.0056838700547814
8kuci8sz,torque_noproprio,10,10,230031360,596.4744262695312,220.55078125,11.535367965698242,0.4243558645248413,2.645320415496826,0.0285683460533618,0.0077919168397784,0.0056039248593151
8kuci8sz,torque_noproprio,10,10,240025600,624.546142578125,228.0078125,11.313779830932615,0.4257579743862152,2.5977935791015625,0.0279792286455631,0.0073451227508485,0.0052522048354148
8kuci8sz,torque_noproprio,10,10,250019840,641.8838500976562,235.548828125,11.40703010559082,0.4288099110126495,2.634892463684082,0.0282117761671543,0.0069903889670968,0.0052249869331717
8kuci8sz,torque_noproprio,10,10,260014080,646.6204223632812,232.28515625,11.447847366333008,0.4273476004600525,2.6337101459503174,0.0279891286045312,0.0069296332076191,0.0049273744225502
8kuci8sz,torque_noproprio,10,10,270008320,650.58056640625,236.794921875,11.536761283874512,0.4216229915618896,2.5834646224975586,0.0280767232179641,0.0068969363346695,0.0049330755136907
8kuci8sz,torque_noproprio,10,10,280002560,671.8731689453125,240.990234375,11.410175323486328,0.4183754622936249,2.6309986114501958,0.0285331364721059,0.0067559732124209,0.0051061292178928
8kuci8sz,torque_noproprio,10,10,290078720,640.8694458007812,229.005859375,11.742568969726562,0.4222716391086578,2.5795202255249023,0.0284404326230287,0.007529669906944,0.0054922029376029
8kuci8sz,torque_noproprio,10,10,300072960,651.788330078125,234.896484375,11.91332721710205,0.4172254204750061,2.5721113681793213,0.0281022526323795,0.0070149069651961,0.0051896343939006
8kuci8sz,torque_noproprio,10,10,310067200,660.1600341796875,239.2705078125,11.749059677124023,0.4152902066707611,2.615395784378052,0.0283211953938007,0.0068499636836349,0.0050637470558285
8kuci8sz,torque_noproprio,10,10,320061440,642.22998046875,232.48828125,11.371566772460938,0.4231234490871429,2.5867395401000977,0.0287228655070066,0.0073646293021738,0.0055823577567934
8kuci8sz,torque_noproprio,10,10,330055680,662.3212890625,236.2197265625,11.724130630493164,0.4174634516239166,2.614887237548828,0.0278190653771162,0.0070092203095555,0.0049756737425923
8kuci8sz,torque_noproprio,10,10,340049920,653.8820190429688,235.94140625,11.58986759185791,0.4245083630084991,2.607247829437256,0.028916472569108,0.007006918080151,0.005180268548429
8kuci8sz,torque_noproprio,10,10,350044160,672.63818359375,243.6416015625,11.426809310913086,0.424753189086914,2.607261657714844,0.0287476666271686,0.0068095973692834,0.0049769412726163
8kuci8sz,torque_noproprio,10,10,360038400,708.57373046875,254.0810546875,11.761638641357422,0.4192027151584625,2.5827555656433105,0.0287645868957042,0.0064638955518603,0.0049755466170609
8kuci8sz,torque_noproprio,10,10,370032640,673.1951904296875,246.8974609375,11.627135276794434,0.4219493865966797,2.6462085247039795,0.0294285397976636,0.0064045367762446,0.0049208691343665
8kuci8sz,torque_noproprio,10,10,380026880,720.7567138671875,257.205078125,11.737929344177246,0.4220157861709595,2.596308708190918,0.0290861465036869,0.006053380202502,0.004627838730812
8kuci8sz,torque_noproprio,10,10,390021120,708.3807373046875,253.6650390625,11.60962200164795,0.4145450890064239,2.6046762466430664,0.0289960950613021,0.0063026119023561,0.0047777164727449
8kuci8sz,torque_noproprio,10,10,400015360,713.5001831054688,253.384765625,11.367593765258787,0.4098618030548095,2.627741813659668,0.0288879182189703,0.0060823098756372,0.004481703042984
8kuci8sz,torque_noproprio,10,10,410009600,701.74072265625,251.02734375,12.054360389709473,0.4138723313808441,2.5978949069976807,0.0289530642330646,0.0061805075965821,0.0045476551167666
8kuci8sz,torque_noproprio,10,10,420003840,707.5780029296875,251.7685546875,11.867155075073242,0.4118616282939911,2.5837502479553223,0.0291995275765657,0.0062624048441648,0.0046485885977745
8kuci8sz,torque_noproprio,10,10,430080000,730.4169921875,259.181640625,11.551770210266112,0.4099610149860382,2.603269100189209,0.0286800749599933,0.0058458321727812,0.0042179934680461
8kuci8sz,torque_noproprio,10,10,440074240,716.6334228515625,258.7724609375,11.826577186584473,0.4144351482391357,2.6345813274383545,0.0297403819859027,0.005738697014749,0.0042283134534955
8kuci8sz,torque_noproprio,10,10,450068480,710.2180786132812,254.9169921875,11.692294120788574,0.4147881865501404,2.6186270713806152,0.0291772503405809,0.0060157403349876,0.004386150278151
8kuci8sz,torque_noproprio,10,10,460062720,708.8634643554688,250.58984375,11.567642211914062,0.4105967879295349,2.512358903884888,0.0282828956842422,0.0063106436282396,0.0047072172164916
8kuci8sz,torque_noproprio,10,10,470056960,715.11328125,252.2490234375,12.037155151367188,0.4139366745948791,2.5778050422668457,0.0285768508911132,0.005988935008645,0.0044757951982319
8kuci8sz,torque_noproprio,10,10,480051200,718.659912109375,253.927734375,11.682106018066406,0.412986546754837,2.5478386878967285,0.0286841057240962,0.0060631111264228,0.0044857803732156
8kuci8sz,torque_noproprio,10,10,490045440,715.2601928710938,257.291015625,11.72538948059082,0.4205927550792694,2.6259007453918457,0.0292772762477397,0.0059280963614583,0.0044262213632464
8kuci8sz,torque_noproprio,10,10,500039680,729.86669921875,258.77734375,12.088408470153809,0.4190992712974548,2.6341552734375,0.028884757310152,0.0059196669608354,0.0044703660532832
8kuci8sz,torque_noproprio,10,10,510033920,700.324951171875,251.669921875,11.967205047607422,0.41848224401474,2.5934300422668457,0.0288866646587848,0.006377407349646,0.0049302829429507
8kuci8sz,torque_noproprio,10,10,520028160,722.9600830078125,257.0263671875,11.74518585205078,0.4175463616847992,2.5802719593048096,0.0286012198776006,0.0059309187345206,0.004453276284039
8kuci8sz,torque_noproprio,10,10,530022400,735.4874267578125,258.146484375,12.164667129516602,0.4208176136016845,2.657341241836548,0.0289059691131114,0.0054794196039438,0.0040101865306496
8kuci8sz,torque_noproprio,10,10,540016640,714.45263671875,253.19140625,11.53366470336914,0.4120211005210876,2.5764474868774414,0.0288411416113376,0.0059775412082672,0.0044053569436073
8kuci8sz,torque_noproprio,10,10,550010880,728.984130859375,257.9794921875,11.846559524536133,0.4128192663192749,2.5885627269744877,0.0284680388867855,0.0058795576915144,0.0044211437925696
8kuci8sz,torque_noproprio,10,10,560005120,755.3399658203125,265.830078125,12.07883071899414,0.4122583270072937,2.558187246322632,0.0289879888296127,0.0054271221160888,0.0042339041829109
8kuci8sz,torque_noproprio,10,10,570081280,759.7147827148438,264.6298828125,11.852703094482422,0.4133630096912384,2.612290859222412,0.029073841869831,0.0057125324383378,0.0044050170108675
8kuci8sz,torque_noproprio,10,10,580075520,753.0474853515625,264.0947265625,11.984304428100586,0.4088375568389892,2.60936975479126,0.0295133329927921,0.0054116738028824,0.0041790707036852
8kuci8sz,torque_noproprio,10,10,590069760,772.5933837890625,270.041015625,11.693353652954102,0.4111265540122986,2.597131729125977,0.028285663574934,0.0052864314056932,0.0042036226950585
8kuci8sz,torque_noproprio,10,10,600064000,714.0225219726562,261.1767578125,11.592251777648926,0.4151493310928345,2.583503484725952,0.0294868238270282,0.0057907598093152,0.004567009396851
